[0/2] Re-checking globbed directories...
[1/44] Generate git revision file for nvbench_git_revision
[2/44] Building CXX object _deps/nvbench-build/nvbench/CMakeFiles/nvbench.dir/axis_base.cxx.o
[3/44] Building CXX object _deps/nvbench-build/nvbench/CMakeFiles/nvbench.dir/printer_base.cxx.o
[4/44] Building CXX object _deps/nvbench-build/nvbench/CMakeFiles/nvbench.dir/printer_multiplex.cxx.o
[5/44] Building CXX object _deps/fmt-build/CMakeFiles/fmt.dir/src/os.cc.o
[6/44] Building CXX object _deps/nvbench-build/nvbench/CMakeFiles/nvbench.dir/float64_axis.cxx.o
[7/44] Building CXX object _deps/nvbench-build/nvbench/CMakeFiles/nvbench.dir/string_axis.cxx.o
[8/44] Building CXX object _deps/nvbench-build/nvbench/CMakeFiles/nvbench.dir/type_strings.cxx.o
[9/44] Building CXX object _deps/nvbench-build/nvbench/CMakeFiles/nvbench.dir/int64_axis.cxx.o
[10/44] Building CXX object _deps/nvbench-build/nvbench/CMakeFiles/nvbench.dir/stopping_criterion.cxx.o
[11/44] Building CXX object _deps/nvbench-build/nvbench/CMakeFiles/nvbench.dir/detail/entropy_criterion.cxx.o
[12/44] Building CXX object _deps/nvbench-build/nvbench/CMakeFiles/nvbench.dir/detail/gpu_frequency.cxx.o
[13/44] Building CXX object _deps/nvbench-build/nvbench/CMakeFiles/nvbench.dir/runner.cxx.o
[14/44] Building CXX object _deps/nvbench-build/nvbench/CMakeFiles/nvbench.dir/internal/nvml.cxx.o
[15/44] Building CXX object _deps/nvbench-build/nvbench/CMakeFiles/nvbench.dir/benchmark_manager.cxx.o
[16/44] Building CXX object _deps/nvbench-build/nvbench/CMakeFiles/nvbench.dir/detail/stdrel_criterion.cxx.o
[17/44] Building CXX object _deps/nvbench-build/nvbench/CMakeFiles/nvbench.dir/named_values.cxx.o
[18/44] Building CXX object _deps/nvbench-build/nvbench/CMakeFiles/nvbench.dir/benchmark_base.cxx.o
[19/44] Building CXX object _deps/nvbench-build/nvbench/CMakeFiles/nvbench.dir/type_axis.cxx.o
[20/44] Building CXX object _deps/nvbench-build/nvbench/CMakeFiles/nvbench.dir/criterion_manager.cxx.o
[21/44] Building CXX object _deps/nvbench-build/nvbench/CMakeFiles/nvbench.dir/detail/measure_cpu_only.cxx.o
[22/44] Building CXX object _deps/nvbench-build/nvbench/CMakeFiles/nvbench.dir/axes_metadata.cxx.o
[23/44] Building CXX object _deps/nvbench-build/nvbench/CMakeFiles/nvbench.dir/state.cxx.o
[24/44] Building CUDA object _deps/nvbench-build/nvbench/CMakeFiles/nvbench.dir/device_manager.cu.o
ptxas info    : 0 bytes gmem
ptxas info    : Compiling entry function '_ZN7nvbench6detail11noop_kernelIvEEvv' for 'sm_100'
ptxas info    : Function properties for _ZN7nvbench6detail11noop_kernelIvEEvv
    0 bytes stack frame, 0 bytes spill stores, 0 bytes spill loads
ptxas info    : Used 4 registers, used 0 barriers
ptxas info    : Compile time = 1.098 ms
[25/44] Building CUDA object _deps/nvbench-build/nvbench/CMakeFiles/nvbench.dir/cuda_call.cu.o
ptxas info    : 0 bytes gmem
[26/44] Building CXX object _deps/nvbench-build/nvbench/CMakeFiles/nvbench.dir/detail/state_generator.cxx.o
[27/44] Building CUDA object _deps/nvbench-build/nvbench/CMakeFiles/nvbench.dir/device_info.cu.o
ptxas info    : 0 bytes gmem
ptxas info    : Compiling entry function '_ZN7nvbench6detail11noop_kernelIvEEvv' for 'sm_100'
ptxas info    : Function properties for _ZN7nvbench6detail11noop_kernelIvEEvv
    0 bytes stack frame, 0 bytes spill stores, 0 bytes spill loads
ptxas info    : Used 4 registers, used 0 barriers
ptxas info    : Compile time = 1.464 ms
[28/44] Building CUDA object _deps/nvbench-build/nvbench/CMakeFiles/nvbench.dir/detail/timestamps_kernel.cu.o
ptxas info    : 0 bytes gmem
ptxas info    : Compiling entry function '_ZN53_GLOBAL__N__9d9d614b_20_timestamps_kernel_cu_605b294321get_timestamps_kernelEPmS0_' for 'sm_100'
ptxas info    : Function properties for _ZN53_GLOBAL__N__9d9d614b_20_timestamps_kernel_cu_605b294321get_timestamps_kernelEPmS0_
    0 bytes stack frame, 0 bytes spill stores, 0 bytes spill loads
ptxas info    : Used 12 registers, used 0 barriers
ptxas info    : Compile time = 1.590 ms
ptxas info    : Compiling entry function '_ZN7nvbench6detail11noop_kernelIvEEvv' for 'sm_100'
ptxas info    : Function properties for _ZN7nvbench6detail11noop_kernelIvEEvv
    0 bytes stack frame, 0 bytes spill stores, 0 bytes spill loads
ptxas info    : Used 4 registers, used 0 barriers
ptxas info    : Compile time = 0.438 ms
[29/44] Building CXX object _deps/nvbench-build/nvbench/CMakeFiles/nvbench.dir/cupti_profiler_host.cxx.o
[30/44] Building CUDA object _deps/nvbench-build/nvbench/CMakeFiles/nvbench.main.dir/main.cu.o
ptxas info    : 0 bytes gmem
ptxas info    : Compiling entry function '_ZN7nvbench6detail11noop_kernelIvEEvv' for 'sm_100'
ptxas info    : Function properties for _ZN7nvbench6detail11noop_kernelIvEEvv
    0 bytes stack frame, 0 bytes spill stores, 0 bytes spill loads
ptxas info    : Used 4 registers, used 0 barriers
ptxas info    : Compile time = 1.182 ms
[31/44] Building CUDA object _deps/nvbench-build/nvbench/CMakeFiles/nvbench.dir/blocking_kernel.cu.o
ptxas info    : 1231 bytes gmem
ptxas info    : Compiling entry function '_ZN51_GLOBAL__N__83e97b54_18_blocking_kernel_cu_86d27a5812block_streamEPVKiPVid' for 'sm_100'
ptxas info    : Function properties for _ZN51_GLOBAL__N__83e97b54_18_blocking_kernel_cu_86d27a5812block_streamEPVKiPVid
    8 bytes stack frame, 0 bytes spill stores, 0 bytes spill loads
ptxas info    : Used 24 registers, used 0 barriers, 8 bytes cumulative stack size
ptxas info    : Compile time = 3.154 ms
ptxas info    : Compiling entry function '_ZN7nvbench6detail11noop_kernelIvEEvv' for 'sm_100'
ptxas info    : Function properties for _ZN7nvbench6detail11noop_kernelIvEEvv
    0 bytes stack frame, 0 bytes spill stores, 0 bytes spill loads
ptxas info    : Used 4 registers, used 0 barriers
ptxas info    : Compile time = 0.448 ms
[32/44] Building CUDA object _deps/nvbench-build/nvbench/CMakeFiles/nvbench.dir/detail/measure_hot.cu.o
ptxas info    : 0 bytes gmem
ptxas info    : Compiling entry function '_ZN7nvbench6detail11noop_kernelIvEEvv' for 'sm_100'
ptxas info    : Function properties for _ZN7nvbench6detail11noop_kernelIvEEvv
    0 bytes stack frame, 0 bytes spill stores, 0 bytes spill loads
ptxas info    : Used 4 registers, used 0 barriers
ptxas info    : Compile time = 0.929 ms
[33/44] Building CUDA object _deps/nvbench-build/nvbench/CMakeFiles/nvbench.dir/csv_printer.cu.o
ptxas info    : 0 bytes gmem
ptxas info    : Compiling entry function '_ZN7nvbench6detail11noop_kernelIvEEvv' for 'sm_100'
ptxas info    : Function properties for _ZN7nvbench6detail11noop_kernelIvEEvv
    0 bytes stack frame, 0 bytes spill stores, 0 bytes spill loads
ptxas info    : Used 4 registers, used 0 barriers
ptxas info    : Compile time = 1.030 ms
[34/44] Building CXX object _deps/fmt-build/CMakeFiles/fmt.dir/src/format.cc.o
[35/44] Linking CXX static library _deps/fmt-build/libfmt.a
[36/44] Building CUDA object _deps/nvbench-build/nvbench/CMakeFiles/nvbench.dir/detail/measure_cold.cu.o
ptxas info    : 0 bytes gmem
ptxas info    : Compiling entry function '_ZN7nvbench6detail11noop_kernelIvEEvv' for 'sm_100'
ptxas info    : Function properties for _ZN7nvbench6detail11noop_kernelIvEEvv
    0 bytes stack frame, 0 bytes spill stores, 0 bytes spill loads
ptxas info    : Used 4 registers, used 0 barriers
ptxas info    : Compile time = 0.836 ms
[37/44] Building CUDA object _deps/nvbench-build/nvbench/CMakeFiles/nvbench.dir/detail/measure_cupti.cu.o
ptxas info    : 0 bytes gmem
ptxas info    : Compiling entry function '_ZN7nvbench6detail11noop_kernelIvEEvv' for 'sm_100'
ptxas info    : Function properties for _ZN7nvbench6detail11noop_kernelIvEEvv
    0 bytes stack frame, 0 bytes spill stores, 0 bytes spill loads
ptxas info    : Used 4 registers, used 0 barriers
ptxas info    : Compile time = 1.183 ms
[38/44] Building CUDA object _deps/nvbench-build/nvbench/CMakeFiles/nvbench.dir/markdown_printer.cu.o
ptxas info    : 0 bytes gmem
ptxas info    : Compiling entry function '_ZN7nvbench6detail11noop_kernelIvEEvv' for 'sm_100'
ptxas info    : Function properties for _ZN7nvbench6detail11noop_kernelIvEEvv
    0 bytes stack frame, 0 bytes spill stores, 0 bytes spill loads
ptxas info    : Used 4 registers, used 0 barriers
ptxas info    : Compile time = 1.054 ms
[39/44] Building CUDA object _deps/nvbench-build/nvbench/CMakeFiles/nvbench.dir/option_parser.cu.o
ptxas info    : 0 bytes gmem
ptxas info    : Compiling entry function '_ZN7nvbench6detail11noop_kernelIvEEvv' for 'sm_100'
ptxas info    : Function properties for _ZN7nvbench6detail11noop_kernelIvEEvv
    0 bytes stack frame, 0 bytes spill stores, 0 bytes spill loads
ptxas info    : Used 4 registers, used 0 barriers
ptxas info    : Compile time = 1.238 ms
[40/44] Building CUDA object _deps/nvbench-build/nvbench/CMakeFiles/nvbench.dir/json_printer.cu.o
ptxas info    : 0 bytes gmem
ptxas info    : Compiling entry function '_ZN7nvbench6detail11noop_kernelIvEEvv' for 'sm_100'
ptxas info    : Function properties for _ZN7nvbench6detail11noop_kernelIvEEvv
    0 bytes stack frame, 0 bytes spill stores, 0 bytes spill loads
ptxas info    : Used 4 registers, used 0 barriers
ptxas info    : Compile time = 1.208 ms
[41/44] Linking CXX shared library lib/libnvbench.so
[42/44] Building CUDA object cub/benchmarks/CMakeFiles/cub.bench.topk.pairs.base.dir/bench/topk/pairs.cu.o
FAILED: cub/benchmarks/CMakeFiles/cub.bench.topk.pairs.base.dir/bench/topk/pairs.cu.o 
/usr/local/cuda/bin/nvcc -forward-unknown-to-host-compiler -DTUNE_BASE=1 -I/cccl_fork/cccl/nvbench_helper/nvbench_helper -I/cccl_fork/cccl/lib/cmake/libcudacxx/../../../libcudacxx/include -I/cccl_fork/cccl/lib/cmake/thrust/../../../thrust -I/cccl_fork/cccl/lib/cmake/cub/../../../cub -isystem /cccl_fork/topk_perf/build_async_keys_v2/_deps/nvbench-src -isystem /cccl_fork/topk_perf/build_async_keys_v2/_deps/nvbench-build -isystem /usr/local/cuda/targets/x86_64-linux/include -isystem /usr/local/cuda/targets/x86_64-linux/include/cccl -isystem /usr/local/cuda/include -Xptxas=-v -DTUNE_OffsetT=::cuda::std::int32_t -O3 -DNDEBUG -std=c++17 "--generate-code=arch=compute_100,code=[compute_100,sm_100]" --extended-lambda -MD -MT cub/benchmarks/CMakeFiles/cub.bench.topk.pairs.base.dir/bench/topk/pairs.cu.o -MF cub/benchmarks/CMakeFiles/cub.bench.topk.pairs.base.dir/bench/topk/pairs.cu.o.d -x cu -c /cccl_fork/cccl/cub/benchmarks/bench/topk/pairs.cu -o cub/benchmarks/CMakeFiles/cub.bench.topk.pairs.base.dir/bench/topk/pairs.cu.o
/cccl_fork/cccl/lib/cmake/cub/../../../cub/cub/detail/topk/tile_data_source.cuh(682): error: function "cub::_V_300500_SM_1000::detail::topk::multi_source_data_source<SourceA, SourceB, OffsetT>::full_load_handle::full_load_handle(const cub::_V_300500_SM_1000::detail::topk::multi_source_data_source<cub::_V_300500_SM_1000::detail::topk::async_to_shared_data_source<const int8_t *, 512, 16, 1UL, uint32_t>, cub::_V_300500_SM_1000::detail::topk::async_to_shared_data_source<signed char *, 512, 16, 1UL, uint32_t>, uint32_t>::full_load_handle &) [with SourceA=cub::_V_300500_SM_1000::detail::topk::async_to_shared_data_source<const int8_t *, 512, 16, 1UL, uint32_t>, SourceB=cub::_V_300500_SM_1000::detail::topk::async_to_shared_data_source<signed char *, 512, 16, 1UL, uint32_t>, OffsetT=uint32_t]" (declared implicitly) cannot be referenced -- it is a deleted function
      return out;
             ^
          detected during:
            instantiation of "cub::_V_300500_SM_1000::detail::topk::multi_source_data_source<SourceA, SourceB, OffsetT>::full_load_handle cub::_V_300500_SM_1000::detail::topk::multi_source_data_source<SourceA, SourceB, OffsetT>::submit_load(cub::_V_300500_SM_1000::detail::topk::multi_source_data_source<SourceA, SourceB, OffsetT>::ScratchStorage &) [with SourceA=cub::_V_300500_SM_1000::detail::topk::async_to_shared_data_source<const int8_t *, 512, 16, 1UL, uint32_t>, SourceB=cub::_V_300500_SM_1000::detail::topk::async_to_shared_data_source<signed char *, 512, 16, 1UL, uint32_t>, OffsetT=uint32_t]" at line 1582 of /cccl_fork/cccl/lib/cmake/cub/../../../cub/cub/agent/agent_batched_topk.cuh
            instantiation of "void cub::_V_300500_SM_1000::detail::batched_topk::agent_batched_topk_filter_partition<AgentTopKPolicyT, KeyInputItItT, KeyOutputItItT, ValueInputItItT, ValueOutputItItT, ExtractBinOpT, IdentifyCandidatesOpT, DecomposerT, SegmentSizeParameterT, KParameterT, NumSegmentsParameterT, SegmentIdProviderT, LargeSegmentTileOffsetT, OffsetT, OutOffsetT, BufferedPartStrat, EarlyStopFilterStrat, LazyValueLoad, InlinedClassify, FullTilesOnly>::process_tile_early_stop<IsFullTile>(const cub::_V_300500_SM_1000::detail::batched_topk::agent_batched_topk_filter_partition<AgentTopKPolicyT, KeyInputItItT, KeyOutputItItT, ValueInputItItT, ValueOutputItItT, ExtractBinOpT, IdentifyCandidatesOpT, DecomposerT, SegmentSizeParameterT, KParameterT, NumSegmentsParameterT, SegmentIdProviderT, LargeSegmentTileOffsetT, OffsetT, OutOffsetT, BufferedPartStrat, EarlyStopFilterStrat, LazyValueLoad, InlinedClassify, FullTilesOnly>::per_segment_state_t &, LargeSegmentTileOffsetT) [with AgentTopKPolicyT=cub::_V_300500_SM_1000::detail::topk::AgentTopKPolicy<512, 16, 8, cub::_V_300500_SM_1000::BLOCK_SCAN_WARP_SCANS, cub::_V_300500_SM_1000::detail::topk::tile_load_kind::block_load_to_shared_async, 256, 128>, KeyInputItItT=cuda::__4::constant_iterator<const int8_t *, ptrdiff_t>, KeyOutputItItT=cuda::__4::constant_iterator<int8_t *, ptrdiff_t>, ValueInputItItT=cuda::__4::constant_iterator<cuda::__4::counting_iterator<uint32_t, std::ptrdiff_t, 0, 0, 0>, long>, ValueOutputItItT=cuda::__4::transform_iterator<cub::_V_300500_SM_1000::detail::batched_topk::per_segment_indexed_out_op<cuda::__4::constant_iterator<const int8_t *, ptrdiff_t>, cuda::__4::constant_iterator<int8_t *, ptrdiff_t>>, cuda::__4::counting_iterator<int64_t, __int128_t, 0, 0, 0>>, ExtractBinOpT=cub::_V_300500_SM_1000::detail::topk::extract_bin_op_t<signed char, cub::_V_300500_SM_1000::detail::topk::select::min, 8, cub::_V_300500_SM_1000::detail::identity_decomposer_t, true>, IdentifyCandidatesOpT=cub::_V_300500_SM_1000::detail::topk::identify_candidates_op_t<signed char, cub::_V_300500_SM_1000::detail::topk::select::min, 8, cub::_V_300500_SM_1000::detail::identity_decomposer_t, true>, DecomposerT=cub::_V_300500_SM_1000::detail::identity_decomposer_t, SegmentSizeParameterT=cub::_V_300500_SM_1000::detail::params::uniform_param<int64_t, 0L, 268435456L>, KParameterT=cub::_V_300500_SM_1000::detail::params::uniform_param<int64_t, 1L, 8388608L>, NumSegmentsParameterT=cub::_V_300500_SM_1000::detail::params::uniform_param<int64_t, 1L, 1L>, SegmentIdProviderT=int64_t *, LargeSegmentTileOffsetT=uint32_t, OffsetT=uint32_t, OutOffsetT=uint32_t, BufferedPartStrat=cub::_V_300500_SM_1000::detail::topk::block_partition_strategy::atomics, EarlyStopFilterStrat=cub::_V_300500_SM_1000::detail::topk::block_filter_strategy::atomics, LazyValueLoad=true, InlinedClassify=true, FullTilesOnly=true, IsFullTile=true]" at line 1829 of /cccl_fork/cccl/lib/cmake/cub/../../../cub/cub/agent/agent_batched_topk.cuh
            instantiation of "void cub::_V_300500_SM_1000::detail::batched_topk::agent_batched_topk_filter_partition<AgentTopKPolicyT, KeyInputItItT, KeyOutputItItT, ValueInputItItT, ValueOutputItItT, ExtractBinOpT, IdentifyCandidatesOpT, DecomposerT, SegmentSizeParameterT, KParameterT, NumSegmentsParameterT, SegmentIdProviderT, LargeSegmentTileOffsetT, OffsetT, OutOffsetT, BufferedPartStrat, EarlyStopFilterStrat, LazyValueLoad, InlinedClassify, FullTilesOnly>::dispatch_tile<IsFullTile>(const cub::_V_300500_SM_1000::detail::batched_topk::agent_batched_topk_filter_partition<AgentTopKPolicyT, KeyInputItItT, KeyOutputItItT, ValueInputItItT, ValueOutputItItT, ExtractBinOpT, IdentifyCandidatesOpT, DecomposerT, SegmentSizeParameterT, KParameterT, NumSegmentsParameterT, SegmentIdProviderT, LargeSegmentTileOffsetT, OffsetT, OutOffsetT, BufferedPartStrat, EarlyStopFilterStrat, LazyValueLoad, InlinedClassify, FullTilesOnly>::per_segment_state_t &, LargeSegmentTileOffsetT) [with AgentTopKPolicyT=cub::_V_300500_SM_1000::detail::topk::AgentTopKPolicy<512, 16, 8, cub::_V_300500_SM_1000::BLOCK_SCAN_WARP_SCANS, cub::_V_300500_SM_1000::detail::topk::tile_load_kind::block_load_to_shared_async, 256, 128>, KeyInputItItT=cuda::__4::constant_iterator<const int8_t *, ptrdiff_t>, KeyOutputItItT=cuda::__4::constant_iterator<int8_t *, ptrdiff_t>, ValueInputItItT=cuda::__4::constant_iterator<cuda::__4::counting_iterator<uint32_t, std::ptrdiff_t, 0, 0, 0>, long>, ValueOutputItItT=cuda::__4::transform_iterator<cub::_V_300500_SM_1000::detail::batched_topk::per_segment_indexed_out_op<cuda::__4::constant_iterator<const int8_t *, ptrdiff_t>, cuda::__4::constant_iterator<int8_t *, ptrdiff_t>>, cuda::__4::counting_iterator<int64_t, __int128_t, 0, 0, 0>>, ExtractBinOpT=cub::_V_300500_SM_1000::detail::topk::extract_bin_op_t<signed char, cub::_V_300500_SM_1000::detail::topk::select::min, 8, cub::_V_300500_SM_1000::detail::identity_decomposer_t, true>, IdentifyCandidatesOpT=cub::_V_300500_SM_1000::detail::topk::identify_candidates_op_t<signed char, cub::_V_300500_SM_1000::detail::topk::select::min, 8, cub::_V_300500_SM_1000::detail::identity_decomposer_t, true>, DecomposerT=cub::_V_300500_SM_1000::detail::identity_decomposer_t, SegmentSizeParameterT=cub::_V_300500_SM_1000::detail::params::uniform_param<int64_t, 0L, 268435456L>, KParameterT=cub::_V_300500_SM_1000::detail::params::uniform_param<int64_t, 1L, 8388608L>, NumSegmentsParameterT=cub::_V_300500_SM_1000::detail::params::uniform_param<int64_t, 1L, 1L>, SegmentIdProviderT=int64_t *, LargeSegmentTileOffsetT=uint32_t, OffsetT=uint32_t, OutOffsetT=uint32_t, BufferedPartStrat=cub::_V_300500_SM_1000::detail::topk::block_partition_strategy::atomics, EarlyStopFilterStrat=cub::_V_300500_SM_1000::detail::topk::block_filter_strategy::atomics, LazyValueLoad=true, InlinedClassify=true, FullTilesOnly=true, IsFullTile=true]" at line 1991 of /cccl_fork/cccl/lib/cmake/cub/../../../cub/cub/agent/agent_batched_topk.cuh
            instantiation of "void cub::_V_300500_SM_1000::detail::batched_topk::agent_batched_topk_filter_partition<AgentTopKPolicyT, KeyInputItItT, KeyOutputItItT, ValueInputItItT, ValueOutputItItT, ExtractBinOpT, IdentifyCandidatesOpT, DecomposerT, SegmentSizeParameterT, KParameterT, NumSegmentsParameterT, SegmentIdProviderT, LargeSegmentTileOffsetT, OffsetT, OutOffsetT, BufferedPartStrat, EarlyStopFilterStrat, LazyValueLoad, InlinedClassify, FullTilesOnly>::run<TilesPerChunk>(int) [with AgentTopKPolicyT=cub::_V_300500_SM_1000::detail::topk::AgentTopKPolicy<512, 16, 8, cub::_V_300500_SM_1000::BLOCK_SCAN_WARP_SCANS, cub::_V_300500_SM_1000::detail::topk::tile_load_kind::block_load_to_shared_async, 256, 128>, KeyInputItItT=cuda::__4::constant_iterator<const int8_t *, ptrdiff_t>, KeyOutputItItT=cuda::__4::constant_iterator<int8_t *, ptrdiff_t>, ValueInputItItT=cuda::__4::constant_iterator<cuda::__4::counting_iterator<uint32_t, std::ptrdiff_t, 0, 0, 0>, long>, ValueOutputItItT=cuda::__4::transform_iterator<cub::_V_300500_SM_1000::detail::batched_topk::per_segment_indexed_out_op<cuda::__4::constant_iterator<const int8_t *, ptrdiff_t>, cuda::__4::constant_iterator<int8_t *, ptrdiff_t>>, cuda::__4::counting_iterator<int64_t, __int128_t, 0, 0, 0>>, ExtractBinOpT=cub::_V_300500_SM_1000::detail::topk::extract_bin_op_t<signed char, cub::_V_300500_SM_1000::detail::topk::select::min, 8, cub::_V_300500_SM_1000::detail::identity_decomposer_t, true>, IdentifyCandidatesOpT=cub::_V_300500_SM_1000::detail::topk::identify_candidates_op_t<signed char, cub::_V_300500_SM_1000::detail::topk::select::min, 8, cub::_V_300500_SM_1000::detail::identity_decomposer_t, true>, DecomposerT=cub::_V_300500_SM_1000::detail::identity_decomposer_t, SegmentSizeParameterT=cub::_V_300500_SM_1000::detail::params::uniform_param<int64_t, 0L, 268435456L>, KParameterT=cub::_V_300500_SM_1000::detail::params::uniform_param<int64_t, 1L, 8388608L>, NumSegmentsParameterT=cub::_V_300500_SM_1000::detail::params::uniform_param<int64_t, 1L, 1L>, SegmentIdProviderT=int64_t *, LargeSegmentTileOffsetT=uint32_t, OffsetT=uint32_t, OutOffsetT=uint32_t, BufferedPartStrat=cub::_V_300500_SM_1000::detail::topk::block_partition_strategy::atomics, EarlyStopFilterStrat=cub::_V_300500_SM_1000::detail::topk::block_filter_strategy::atomics, LazyValueLoad=true, InlinedClassify=true, FullTilesOnly=true, TilesPerChunk=8]" at line 752 of /cccl_fork/cccl/lib/cmake/cub/../../../cub/cub/device/dispatch/kernels/kernel_batched_topk.cuh
            instantiation of "void cub::_V_300500_SM_1000::detail::batched_topk::device_segmented_topk_filter_kernel<PolicySelector,SelectDirection,KeyInputItItT,KeyOutputItItT,ValueInputItItT,ValueOutputItItT,SegmentSizeParameterT,KParameterT,NumSegmentsParameterT,SegmentIdProviderT,LargeSegmentTileOffsetT,LargeSegmentsCountItT,DecomposerT,OffsetT,OutOffsetT>(KeyInputItItT, KeyOutputItItT, ValueInputItItT, ValueOutputItItT, SegmentSizeParameterT, KParameterT, NumSegmentsParameterT, SegmentIdProviderT, const LargeSegmentTileOffsetT *, cub::_V_300500_SM_1000::detail::topk::counter<cub::_V_300500_SM_1000::detail::it_value_t<cub::_V_300500_SM_1000::detail::it_value_t<KeyInputItItT>>, OffsetT, OutOffsetT> *, OffsetT *, cub::_V_300500_SM_1000::detail::it_value_t<cub::_V_300500_SM_1000::detail::it_value_t<KeyInputItItT>> *, cub::_V_300500_SM_1000::detail::it_value_t<cub::_V_300500_SM_1000::detail::it_value_t<ValueInputItItT>> *, cub::_V_300500_SM_1000::detail::it_value_t<cub::_V_300500_SM_1000::detail::it_value_t<KeyInputItItT>> *, cub::_V_300500_SM_1000::detail::it_value_t<cub::_V_300500_SM_1000::detail::it_value_t<ValueInputItItT>> *, OffsetT, OffsetT, LargeSegmentsCountItT, int, int, __nv_bool, DecomposerT) [with PolicySelector=cub::_V_300500_SM_1000::detail::batched_topk::policy_selector_from_types<signed char, signed char, signed long, 8388608L>, SelectDirection=cub::_V_300500_SM_1000::detail::topk::select::min, KeyInputItItT=cuda::__4::constant_iterator<const int8_t *, ptrdiff_t>, KeyOutputItItT=cuda::__4::constant_iterator<int8_t *, ptrdiff_t>, ValueInputItItT=cuda::__4::constant_iterator<cuda::__4::counting_iterator<uint32_t, std::ptrdiff_t, 0, 0, 0>, long>, ValueOutputItItT=cuda::__4::transform_iterator<cub::_V_300500_SM_1000::detail::batched_topk::per_segment_indexed_out_op<cuda::__4::constant_iterator<const int8_t *, ptrdiff_t>, cuda::__4::constant_iterator<int8_t *, ptrdiff_t>>, cuda::__4::counting_iterator<int64_t, __int128_t, 0, 0, 0>>, SegmentSizeParameterT=cub::_V_300500_SM_1000::detail::params::uniform_param<int64_t, 0L, 268435456L>, KParameterT=cub::_V_300500_SM_1000::detail::params::uniform_param<int64_t, 1L, 8388608L>, NumSegmentsParameterT=cub::_V_300500_SM_1000::detail::params::uniform_param<int64_t, 1L, 1L>, SegmentIdProviderT=int64_t *, LargeSegmentTileOffsetT=uint32_t, LargeSegmentsCountItT=unsigned long long *, DecomposerT=cub::_V_300500_SM_1000::detail::identity_decomposer_t, OffsetT=uint32_t, OutOffsetT=uint32_t]" at line 954 of /cccl_fork/cccl/lib/cmake/cub/../../../cub/cub/device/dispatch/dispatch_batched_topk.cuh
            [ 10 instantiation contexts not shown ]
            instantiation of "void nvbench::benchmark<KernelGenerator, TypeAxes>::do_run() [with KernelGenerator=topk_pairs_line_192, TypeAxes=nvbench::type_list<integral_types, integral_types, offset_types, offset_types>]" at line 74 of /cccl_fork/topk_perf/build_async_keys_v2/_deps/nvbench-src/nvbench/benchmark.cuh
            implicit generation of "nvbench::benchmark<KernelGenerator, TypeAxes>::~benchmark() noexcept [with KernelGenerator=topk_pairs_line_192, TypeAxes=nvbench::type_list<integral_types, integral_types, offset_types, offset_types>]" at line 74 of /cccl_fork/topk_perf/build_async_keys_v2/_deps/nvbench-src/nvbench/benchmark.cuh
            instantiation of class "nvbench::benchmark<KernelGenerator, TypeAxes> [with KernelGenerator=topk_pairs_line_192, TypeAxes=nvbench::type_list<integral_types, integral_types, offset_types, offset_types>]" at line 74 of /cccl_fork/topk_perf/build_async_keys_v2/_deps/nvbench-src/nvbench/benchmark.cuh
            instantiation of "nvbench::benchmark<KernelGenerator, TypeAxes>::benchmark(nvbench::benchmark<KernelGenerator, TypeAxes>::kernel_generator) [with KernelGenerator=topk_pairs_line_192, TypeAxes=nvbench::type_list<integral_types, integral_types, offset_types, offset_types>]" at line 1070 of /usr/include/c++/13/bits/unique_ptr.h
            instantiation of "std::__detail::__unique_ptr_t<_Tp> std::make_unique<_Tp,_Args...>(_Args &&...) [with _Tp=nvbench::benchmark<topk_pairs_line_192, nvbench::type_list<integral_types, integral_types, offset_types, offset_types>>, _Args=<>]" at line 192 of /cccl_fork/cccl/cub/benchmarks/bench/topk/pairs.cu

/cccl_fork/cccl/lib/cmake/cub/../../../cub/cub/detail/topk/tile_data_source.cuh(718): error: function "cub::_V_300500_SM_1000::detail::topk::multi_source_data_source<SourceA, SourceB, OffsetT>::partial_load_handle::partial_load_handle(const cub::_V_300500_SM_1000::detail::topk::multi_source_data_source<cub::_V_300500_SM_1000::detail::topk::async_to_shared_data_source<const int8_t *, 512, 16, 1UL, uint32_t>, cub::_V_300500_SM_1000::detail::topk::async_to_shared_data_source<signed char *, 512, 16, 1UL, uint32_t>, uint32_t>::partial_load_handle &) [with SourceA=cub::_V_300500_SM_1000::detail::topk::async_to_shared_data_source<const int8_t *, 512, 16, 1UL, uint32_t>, SourceB=cub::_V_300500_SM_1000::detail::topk::async_to_shared_data_source<signed char *, 512, 16, 1UL, uint32_t>, OffsetT=uint32_t]" (declared implicitly) cannot be referenced -- it is a deleted function
      return out;
             ^
          detected during:
            instantiation of "cub::_V_300500_SM_1000::detail::topk::multi_source_data_source<SourceA, SourceB, OffsetT>::partial_load_handle cub::_V_300500_SM_1000::detail::topk::multi_source_data_source<SourceA, SourceB, OffsetT>::submit_load(cub::_V_300500_SM_1000::detail::topk::multi_source_data_source<SourceA, SourceB, OffsetT>::ScratchStorage &, OffsetT) [with SourceA=cub::_V_300500_SM_1000::detail::topk::async_to_shared_data_source<const int8_t *, 512, 16, 1UL, uint32_t>, SourceB=cub::_V_300500_SM_1000::detail::topk::async_to_shared_data_source<signed char *, 512, 16, 1UL, uint32_t>, OffsetT=uint32_t]" at line 2510 of /cccl_fork/cccl/lib/cmake/cub/../../../cub/cub/agent/agent_batched_topk.cuh
            instantiation of "void cub::_V_300500_SM_1000::detail::batched_topk::agent_batched_topk_last_filter<AgentTopKPolicyT, KeyInputItItT, KeyOutputItItT, ValueInputItItT, ValueOutputItItT, IdentifyCandidatesOpT, DecomposerT, SegmentSizeParameterT, KParameterT, NumSegmentsParameterT, SegmentIdProviderT, LargeSegmentTileOffsetT, OffsetT, OutOffsetT, PartStrat, LazyValueLoad, InlinedClassify>::process_tile<IsFullTile>(const cub::_V_300500_SM_1000::detail::batched_topk::agent_batched_topk_last_filter<AgentTopKPolicyT, KeyInputItItT, KeyOutputItItT, ValueInputItItT, ValueOutputItItT, IdentifyCandidatesOpT, DecomposerT, SegmentSizeParameterT, KParameterT, NumSegmentsParameterT, SegmentIdProviderT, LargeSegmentTileOffsetT, OffsetT, OutOffsetT, PartStrat, LazyValueLoad, InlinedClassify>::per_segment_state_t &, cub::_V_300500_SM_1000::detail::batched_topk::agent_batched_topk_last_filter<AgentTopKPolicyT, KeyInputItItT, KeyOutputItItT, ValueInputItItT, ValueOutputItItT, IdentifyCandidatesOpT, DecomposerT, SegmentSizeParameterT, KParameterT, NumSegmentsParameterT, SegmentIdProviderT, LargeSegmentTileOffsetT, OffsetT, OutOffsetT, PartStrat, LazyValueLoad, InlinedClassify>::partition_t &, cub::_V_300500_SM_1000::detail::batched_topk::agent_batched_topk_last_filter<AgentTopKPolicyT, KeyInputItItT, KeyOutputItItT, ValueInputItItT, ValueOutputItItT, IdentifyCandidatesOpT, DecomposerT, SegmentSizeParameterT, KParameterT, NumSegmentsParameterT, SegmentIdProviderT, LargeSegmentTileOffsetT, OffsetT, OutOffsetT, PartStrat, LazyValueLoad, InlinedClassify>::keys_source_t &, LargeSegmentTileOffsetT) [with AgentTopKPolicyT=cub::_V_300500_SM_1000::detail::topk::AgentTopKPolicy<512, 16, 8, cub::_V_300500_SM_1000::BLOCK_SCAN_WARP_SCANS, cub::_V_300500_SM_1000::detail::topk::tile_load_kind::block_load_to_shared_async, 256, 128>, KeyInputItItT=cuda::__4::constant_iterator<const int8_t *, ptrdiff_t>, KeyOutputItItT=cuda::__4::constant_iterator<int8_t *, ptrdiff_t>, ValueInputItItT=cuda::__4::constant_iterator<cuda::__4::counting_iterator<uint32_t, std::ptrdiff_t, 0, 0, 0>, long>, ValueOutputItItT=cuda::__4::transform_iterator<cub::_V_300500_SM_1000::detail::batched_topk::per_segment_indexed_out_op<cuda::__4::constant_iterator<const int8_t *, ptrdiff_t>, cuda::__4::constant_iterator<int8_t *, ptrdiff_t>>, cuda::__4::counting_iterator<int64_t, __int128_t, 0, 0, 0>>, IdentifyCandidatesOpT=cub::_V_300500_SM_1000::detail::topk::identify_candidates_op_t<signed char, cub::_V_300500_SM_1000::detail::topk::select::min, 8, cub::_V_300500_SM_1000::detail::identity_decomposer_t, true>, DecomposerT=cub::_V_300500_SM_1000::detail::identity_decomposer_t, SegmentSizeParameterT=cub::_V_300500_SM_1000::detail::params::uniform_param<int64_t, 0L, 268435456L>, KParameterT=cub::_V_300500_SM_1000::detail::params::uniform_param<int64_t, 1L, 8388608L>, NumSegmentsParameterT=cub::_V_300500_SM_1000::detail::params::uniform_param<int64_t, 1L, 1L>, SegmentIdProviderT=int64_t *, LargeSegmentTileOffsetT=uint32_t, OffsetT=uint32_t, OutOffsetT=uint32_t, PartStrat=cub::_V_300500_SM_1000::detail::topk::block_partition_strategy::atomics, LazyValueLoad=true, InlinedClassify=true, IsFullTile=false]" at line 2635 of /cccl_fork/cccl/lib/cmake/cub/../../../cub/cub/agent/agent_batched_topk.cuh
            instantiation of "void cub::_V_300500_SM_1000::detail::batched_topk::agent_batched_topk_last_filter<AgentTopKPolicyT, KeyInputItItT, KeyOutputItItT, ValueInputItItT, ValueOutputItItT, IdentifyCandidatesOpT, DecomposerT, SegmentSizeParameterT, KParameterT, NumSegmentsParameterT, SegmentIdProviderT, LargeSegmentTileOffsetT, OffsetT, OutOffsetT, PartStrat, LazyValueLoad, InlinedClassify>::run<TilesPerChunk>() [with AgentTopKPolicyT=cub::_V_300500_SM_1000::detail::topk::AgentTopKPolicy<512, 16, 8, cub::_V_300500_SM_1000::BLOCK_SCAN_WARP_SCANS, cub::_V_300500_SM_1000::detail::topk::tile_load_kind::block_load_to_shared_async, 256, 128>, KeyInputItItT=cuda::__4::constant_iterator<const int8_t *, ptrdiff_t>, KeyOutputItItT=cuda::__4::constant_iterator<int8_t *, ptrdiff_t>, ValueInputItItT=cuda::__4::constant_iterator<cuda::__4::counting_iterator<uint32_t, std::ptrdiff_t, 0, 0, 0>, long>, ValueOutputItItT=cuda::__4::transform_iterator<cub::_V_300500_SM_1000::detail::batched_topk::per_segment_indexed_out_op<cuda::__4::constant_iterator<const int8_t *, ptrdiff_t>, cuda::__4::constant_iterator<int8_t *, ptrdiff_t>>, cuda::__4::counting_iterator<int64_t, __int128_t, 0, 0, 0>>, IdentifyCandidatesOpT=cub::_V_300500_SM_1000::detail::topk::identify_candidates_op_t<signed char, cub::_V_300500_SM_1000::detail::topk::select::min, 8, cub::_V_300500_SM_1000::detail::identity_decomposer_t, true>, DecomposerT=cub::_V_300500_SM_1000::detail::identity_decomposer_t, SegmentSizeParameterT=cub::_V_300500_SM_1000::detail::params::uniform_param<int64_t, 0L, 268435456L>, KParameterT=cub::_V_300500_SM_1000::detail::params::uniform_param<int64_t, 1L, 8388608L>, NumSegmentsParameterT=cub::_V_300500_SM_1000::detail::params::uniform_param<int64_t, 1L, 1L>, SegmentIdProviderT=int64_t *, LargeSegmentTileOffsetT=uint32_t, OffsetT=uint32_t, OutOffsetT=uint32_t, PartStrat=cub::_V_300500_SM_1000::detail::topk::block_partition_strategy::atomics, LazyValueLoad=true, InlinedClassify=true, TilesPerChunk=8]" at line 1108 of /cccl_fork/cccl/lib/cmake/cub/../../../cub/cub/device/dispatch/kernels/kernel_batched_topk.cuh
            instantiation of "void cub::_V_300500_SM_1000::detail::batched_topk::device_segmented_topk_last_filter_kernel<PolicySelector,SelectDirection,KeyInputItItT,KeyOutputItItT,ValueInputItItT,ValueOutputItItT,SegmentSizeParameterT,KParameterT,NumSegmentsParameterT,SegmentIdProviderT,LargeSegmentTileOffsetT,LargeSegmentsCountItT,DecomposerT,OffsetT,OutOffsetT>(KeyInputItItT, KeyOutputItItT, ValueInputItItT, ValueOutputItItT, SegmentSizeParameterT, KParameterT, NumSegmentsParameterT, SegmentIdProviderT, const LargeSegmentTileOffsetT *, cub::_V_300500_SM_1000::detail::topk::counter<cub::_V_300500_SM_1000::detail::it_value_t<cub::_V_300500_SM_1000::detail::it_value_t<KeyInputItItT>>, OffsetT, OutOffsetT> *, cub::_V_300500_SM_1000::detail::it_value_t<cub::_V_300500_SM_1000::detail::it_value_t<KeyInputItItT>> *, cub::_V_300500_SM_1000::detail::it_value_t<cub::_V_300500_SM_1000::detail::it_value_t<ValueInputItItT>> *, OffsetT, LargeSegmentsCountItT, int, int, DecomposerT) [with PolicySelector=cub::_V_300500_SM_1000::detail::batched_topk::policy_selector_from_types<signed char, signed char, signed long, 8388608L>, SelectDirection=cub::_V_300500_SM_1000::detail::topk::select::min, KeyInputItItT=cuda::__4::constant_iterator<const int8_t *, ptrdiff_t>, KeyOutputItItT=cuda::__4::constant_iterator<int8_t *, ptrdiff_t>, ValueInputItItT=cuda::__4::constant_iterator<cuda::__4::counting_iterator<uint32_t, std::ptrdiff_t, 0, 0, 0>, long>, ValueOutputItItT=cuda::__4::transform_iterator<cub::_V_300500_SM_1000::detail::batched_topk::per_segment_indexed_out_op<cuda::__4::constant_iterator<const int8_t *, ptrdiff_t>, cuda::__4::constant_iterator<int8_t *, ptrdiff_t>>, cuda::__4::counting_iterator<int64_t, __int128_t, 0, 0, 0>>, SegmentSizeParameterT=cub::_V_300500_SM_1000::detail::params::uniform_param<int64_t, 0L, 268435456L>, KParameterT=cub::_V_300500_SM_1000::detail::params::uniform_param<int64_t, 1L, 8388608L>, NumSegmentsParameterT=cub::_V_300500_SM_1000::detail::params::uniform_param<int64_t, 1L, 1L>, SegmentIdProviderT=int64_t *, LargeSegmentTileOffsetT=uint32_t, LargeSegmentsCountItT=unsigned long long *, DecomposerT=cub::_V_300500_SM_1000::detail::identity_decomposer_t, OffsetT=uint32_t, OutOffsetT=uint32_t]" at line 970 of /cccl_fork/cccl/lib/cmake/cub/../../../cub/cub/device/dispatch/dispatch_batched_topk.cuh
            instantiation of function "lambda [](auto)->cudaError_t [with <auto-1>=cuda::std::__4::integral_constant<cub::_V_300500_SM_1000::detail::topk::select, cub::_V_300500_SM_1000::detail::topk::select::min>]" at line 1224 of /cccl_fork/cccl/lib/cmake/cub/../../../cub/cub/device/dispatch/dispatch_batched_topk.cuh
            [ 9 instantiation contexts not shown ]
            instantiation of "void nvbench::benchmark<KernelGenerator, TypeAxes>::do_run() [with KernelGenerator=topk_pairs_line_192, TypeAxes=nvbench::type_list<integral_types, integral_types, offset_types, offset_types>]" at line 74 of /cccl_fork/topk_perf/build_async_keys_v2/_deps/nvbench-src/nvbench/benchmark.cuh
            implicit generation of "nvbench::benchmark<KernelGenerator, TypeAxes>::~benchmark() noexcept [with KernelGenerator=topk_pairs_line_192, TypeAxes=nvbench::type_list<integral_types, integral_types, offset_types, offset_types>]" at line 74 of /cccl_fork/topk_perf/build_async_keys_v2/_deps/nvbench-src/nvbench/benchmark.cuh
            instantiation of class "nvbench::benchmark<KernelGenerator, TypeAxes> [with KernelGenerator=topk_pairs_line_192, TypeAxes=nvbench::type_list<integral_types, integral_types, offset_types, offset_types>]" at line 74 of /cccl_fork/topk_perf/build_async_keys_v2/_deps/nvbench-src/nvbench/benchmark.cuh
            instantiation of "nvbench::benchmark<KernelGenerator, TypeAxes>::benchmark(nvbench::benchmark<KernelGenerator, TypeAxes>::kernel_generator) [with KernelGenerator=topk_pairs_line_192, TypeAxes=nvbench::type_list<integral_types, integral_types, offset_types, offset_types>]" at line 1070 of /usr/include/c++/13/bits/unique_ptr.h
            instantiation of "std::__detail::__unique_ptr_t<_Tp> std::make_unique<_Tp,_Args...>(_Args &&...) [with _Tp=nvbench::benchmark<topk_pairs_line_192, nvbench::type_list<integral_types, integral_types, offset_types, offset_types>>, _Args=<>]" at line 192 of /cccl_fork/cccl/cub/benchmarks/bench/topk/pairs.cu

/cccl_fork/cccl/lib/cmake/cub/../../../cub/cub/detail/topk/tile_data_source.cuh(682): error: function "cub::_V_300500_SM_1000::detail::topk::multi_source_data_source<SourceA, SourceB, OffsetT>::full_load_handle::full_load_handle(const cub::_V_300500_SM_1000::detail::topk::multi_source_data_source<cub::_V_300500_SM_1000::detail::topk::async_to_shared_data_source<const int16_t *, 512, 8, 2UL, uint32_t>, cub::_V_300500_SM_1000::detail::topk::async_to_shared_data_source<short *, 512, 8, 2UL, uint32_t>, uint32_t>::full_load_handle &) [with SourceA=cub::_V_300500_SM_1000::detail::topk::async_to_shared_data_source<const int16_t *, 512, 8, 2UL, uint32_t>, SourceB=cub::_V_300500_SM_1000::detail::topk::async_to_shared_data_source<short *, 512, 8, 2UL, uint32_t>, OffsetT=uint32_t]" (declared implicitly) cannot be referenced -- it is a deleted function
      return out;
             ^
          detected during:
            instantiation of "cub::_V_300500_SM_1000::detail::topk::multi_source_data_source<SourceA, SourceB, OffsetT>::full_load_handle cub::_V_300500_SM_1000::detail::topk::multi_source_data_source<SourceA, SourceB, OffsetT>::submit_load(cub::_V_300500_SM_1000::detail::topk::multi_source_data_source<SourceA, SourceB, OffsetT>::ScratchStorage &) [with SourceA=cub::_V_300500_SM_1000::detail::topk::async_to_shared_data_source<const int16_t *, 512, 8, 2UL, uint32_t>, SourceB=cub::_V_300500_SM_1000::detail::topk::async_to_shared_data_source<short *, 512, 8, 2UL, uint32_t>, OffsetT=uint32_t]" at line 1582 of /cccl_fork/cccl/lib/cmake/cub/../../../cub/cub/agent/agent_batched_topk.cuh
            instantiation of "void cub::_V_300500_SM_1000::detail::batched_topk::agent_batched_topk_filter_partition<AgentTopKPolicyT, KeyInputItItT, KeyOutputItItT, ValueInputItItT, ValueOutputItItT, ExtractBinOpT, IdentifyCandidatesOpT, DecomposerT, SegmentSizeParameterT, KParameterT, NumSegmentsParameterT, SegmentIdProviderT, LargeSegmentTileOffsetT, OffsetT, OutOffsetT, BufferedPartStrat, EarlyStopFilterStrat, LazyValueLoad, InlinedClassify, FullTilesOnly>::process_tile_early_stop<IsFullTile>(const cub::_V_300500_SM_1000::detail::batched_topk::agent_batched_topk_filter_partition<AgentTopKPolicyT, KeyInputItItT, KeyOutputItItT, ValueInputItItT, ValueOutputItItT, ExtractBinOpT, IdentifyCandidatesOpT, DecomposerT, SegmentSizeParameterT, KParameterT, NumSegmentsParameterT, SegmentIdProviderT, LargeSegmentTileOffsetT, OffsetT, OutOffsetT, BufferedPartStrat, EarlyStopFilterStrat, LazyValueLoad, InlinedClassify, FullTilesOnly>::per_segment_state_t &, LargeSegmentTileOffsetT) [with AgentTopKPolicyT=cub::_V_300500_SM_1000::detail::topk::AgentTopKPolicy<512, 8, 11, cub::_V_300500_SM_1000::BLOCK_SCAN_WARP_SCANS, cub::_V_300500_SM_1000::detail::topk::tile_load_kind::block_load_to_shared_async, 256, 128>, KeyInputItItT=cuda::__4::constant_iterator<const int16_t *, ptrdiff_t>, KeyOutputItItT=cuda::__4::constant_iterator<int16_t *, ptrdiff_t>, ValueInputItItT=cuda::__4::constant_iterator<cuda::__4::counting_iterator<uint32_t, std::ptrdiff_t, 0, 0, 0>, long>, ValueOutputItItT=cuda::__4::transform_iterator<cub::_V_300500_SM_1000::detail::batched_topk::per_segment_indexed_out_op<cuda::__4::constant_iterator<const int8_t *, ptrdiff_t>, cuda::__4::constant_iterator<int8_t *, ptrdiff_t>>, cuda::__4::counting_iterator<int64_t, __int128_t, 0, 0, 0>>, ExtractBinOpT=cub::_V_300500_SM_1000::detail::topk::extract_bin_op_t<short, cub::_V_300500_SM_1000::detail::topk::select::min, 11, cub::_V_300500_SM_1000::detail::identity_decomposer_t, true>, IdentifyCandidatesOpT=cub::_V_300500_SM_1000::detail::topk::identify_candidates_op_t<short, cub::_V_300500_SM_1000::detail::topk::select::min, 11, cub::_V_300500_SM_1000::detail::identity_decomposer_t, true>, DecomposerT=cub::_V_300500_SM_1000::detail::identity_decomposer_t, SegmentSizeParameterT=cub::_V_300500_SM_1000::detail::params::uniform_param<int64_t, 0L, 268435456L>, KParameterT=cub::_V_300500_SM_1000::detail::params::uniform_param<int64_t, 1L, 8388608L>, NumSegmentsParameterT=cub::_V_300500_SM_1000::detail::params::uniform_param<int64_t, 1L, 1L>, SegmentIdProviderT=int64_t *, LargeSegmentTileOffsetT=uint32_t, OffsetT=uint32_t, OutOffsetT=uint32_t, BufferedPartStrat=cub::_V_300500_SM_1000::detail::topk::block_partition_strategy::atomics, EarlyStopFilterStrat=cub::_V_300500_SM_1000::detail::topk::block_filter_strategy::atomics, LazyValueLoad=true, InlinedClassify=true, FullTilesOnly=true, IsFullTile=true]" at line 1829 of /cccl_fork/cccl/lib/cmake/cub/../../../cub/cub/agent/agent_batched_topk.cuh
            instantiation of "void cub::_V_300500_SM_1000::detail::batched_topk::agent_batched_topk_filter_partition<AgentTopKPolicyT, KeyInputItItT, KeyOutputItItT, ValueInputItItT, ValueOutputItItT, ExtractBinOpT, IdentifyCandidatesOpT, DecomposerT, SegmentSizeParameterT, KParameterT, NumSegmentsParameterT, SegmentIdProviderT, LargeSegmentTileOffsetT, OffsetT, OutOffsetT, BufferedPartStrat, EarlyStopFilterStrat, LazyValueLoad, InlinedClassify, FullTilesOnly>::dispatch_tile<IsFullTile>(const cub::_V_300500_SM_1000::detail::batched_topk::agent_batched_topk_filter_partition<AgentTopKPolicyT, KeyInputItItT, KeyOutputItItT, ValueInputItItT, ValueOutputItItT, ExtractBinOpT, IdentifyCandidatesOpT, DecomposerT, SegmentSizeParameterT, KParameterT, NumSegmentsParameterT, SegmentIdProviderT, LargeSegmentTileOffsetT, OffsetT, OutOffsetT, BufferedPartStrat, EarlyStopFilterStrat, LazyValueLoad, InlinedClassify, FullTilesOnly>::per_segment_state_t &, LargeSegmentTileOffsetT) [with AgentTopKPolicyT=cub::_V_300500_SM_1000::detail::topk::AgentTopKPolicy<512, 8, 11, cub::_V_300500_SM_1000::BLOCK_SCAN_WARP_SCANS, cub::_V_300500_SM_1000::detail::topk::tile_load_kind::block_load_to_shared_async, 256, 128>, KeyInputItItT=cuda::__4::constant_iterator<const int16_t *, ptrdiff_t>, KeyOutputItItT=cuda::__4::constant_iterator<int16_t *, ptrdiff_t>, ValueInputItItT=cuda::__4::constant_iterator<cuda::__4::counting_iterator<uint32_t, std::ptrdiff_t, 0, 0, 0>, long>, ValueOutputItItT=cuda::__4::transform_iterator<cub::_V_300500_SM_1000::detail::batched_topk::per_segment_indexed_out_op<cuda::__4::constant_iterator<const int8_t *, ptrdiff_t>, cuda::__4::constant_iterator<int8_t *, ptrdiff_t>>, cuda::__4::counting_iterator<int64_t, __int128_t, 0, 0, 0>>, ExtractBinOpT=cub::_V_300500_SM_1000::detail::topk::extract_bin_op_t<short, cub::_V_300500_SM_1000::detail::topk::select::min, 11, cub::_V_300500_SM_1000::detail::identity_decomposer_t, true>, IdentifyCandidatesOpT=cub::_V_300500_SM_1000::detail::topk::identify_candidates_op_t<short, cub::_V_300500_SM_1000::detail::topk::select::min, 11, cub::_V_300500_SM_1000::detail::identity_decomposer_t, true>, DecomposerT=cub::_V_300500_SM_1000::detail::identity_decomposer_t, SegmentSizeParameterT=cub::_V_300500_SM_1000::detail::params::uniform_param<int64_t, 0L, 268435456L>, KParameterT=cub::_V_300500_SM_1000::detail::params::uniform_param<int64_t, 1L, 8388608L>, NumSegmentsParameterT=cub::_V_300500_SM_1000::detail::params::uniform_param<int64_t, 1L, 1L>, SegmentIdProviderT=int64_t *, LargeSegmentTileOffsetT=uint32_t, OffsetT=uint32_t, OutOffsetT=uint32_t, BufferedPartStrat=cub::_V_300500_SM_1000::detail::topk::block_partition_strategy::atomics, EarlyStopFilterStrat=cub::_V_300500_SM_1000::detail::topk::block_filter_strategy::atomics, LazyValueLoad=true, InlinedClassify=true, FullTilesOnly=true, IsFullTile=true]" at line 1991 of /cccl_fork/cccl/lib/cmake/cub/../../../cub/cub/agent/agent_batched_topk.cuh
            instantiation of "void cub::_V_300500_SM_1000::detail::batched_topk::agent_batched_topk_filter_partition<AgentTopKPolicyT, KeyInputItItT, KeyOutputItItT, ValueInputItItT, ValueOutputItItT, ExtractBinOpT, IdentifyCandidatesOpT, DecomposerT, SegmentSizeParameterT, KParameterT, NumSegmentsParameterT, SegmentIdProviderT, LargeSegmentTileOffsetT, OffsetT, OutOffsetT, BufferedPartStrat, EarlyStopFilterStrat, LazyValueLoad, InlinedClassify, FullTilesOnly>::run<TilesPerChunk>(int) [with AgentTopKPolicyT=cub::_V_300500_SM_1000::detail::topk::AgentTopKPolicy<512, 8, 11, cub::_V_300500_SM_1000::BLOCK_SCAN_WARP_SCANS, cub::_V_300500_SM_1000::detail::topk::tile_load_kind::block_load_to_shared_async, 256, 128>, KeyInputItItT=cuda::__4::constant_iterator<const int16_t *, ptrdiff_t>, KeyOutputItItT=cuda::__4::constant_iterator<int16_t *, ptrdiff_t>, ValueInputItItT=cuda::__4::constant_iterator<cuda::__4::counting_iterator<uint32_t, std::ptrdiff_t, 0, 0, 0>, long>, ValueOutputItItT=cuda::__4::transform_iterator<cub::_V_300500_SM_1000::detail::batched_topk::per_segment_indexed_out_op<cuda::__4::constant_iterator<const int8_t *, ptrdiff_t>, cuda::__4::constant_iterator<int8_t *, ptrdiff_t>>, cuda::__4::counting_iterator<int64_t, __int128_t, 0, 0, 0>>, ExtractBinOpT=cub::_V_300500_SM_1000::detail::topk::extract_bin_op_t<short, cub::_V_300500_SM_1000::detail::topk::select::min, 11, cub::_V_300500_SM_1000::detail::identity_decomposer_t, true>, IdentifyCandidatesOpT=cub::_V_300500_SM_1000::detail::topk::identify_candidates_op_t<short, cub::_V_300500_SM_1000::detail::topk::select::min, 11, cub::_V_300500_SM_1000::detail::identity_decomposer_t, true>, DecomposerT=cub::_V_300500_SM_1000::detail::identity_decomposer_t, SegmentSizeParameterT=cub::_V_300500_SM_1000::detail::params::uniform_param<int64_t, 0L, 268435456L>, KParameterT=cub::_V_300500_SM_1000::detail::params::uniform_param<int64_t, 1L, 8388608L>, NumSegmentsParameterT=cub::_V_300500_SM_1000::detail::params::uniform_param<int64_t, 1L, 1L>, SegmentIdProviderT=int64_t *, LargeSegmentTileOffsetT=uint32_t, OffsetT=uint32_t, OutOffsetT=uint32_t, BufferedPartStrat=cub::_V_300500_SM_1000::detail::topk::block_partition_strategy::atomics, EarlyStopFilterStrat=cub::_V_300500_SM_1000::detail::topk::block_filter_strategy::atomics, LazyValueLoad=true, InlinedClassify=true, FullTilesOnly=true, TilesPerChunk=8]" at line 752 of /cccl_fork/cccl/lib/cmake/cub/../../../cub/cub/device/dispatch/kernels/kernel_batched_topk.cuh
            instantiation of "void cub::_V_300500_SM_1000::detail::batched_topk::device_segmented_topk_filter_kernel<PolicySelector,SelectDirection,KeyInputItItT,KeyOutputItItT,ValueInputItItT,ValueOutputItItT,SegmentSizeParameterT,KParameterT,NumSegmentsParameterT,SegmentIdProviderT,LargeSegmentTileOffsetT,LargeSegmentsCountItT,DecomposerT,OffsetT,OutOffsetT>(KeyInputItItT, KeyOutputItItT, ValueInputItItT, ValueOutputItItT, SegmentSizeParameterT, KParameterT, NumSegmentsParameterT, SegmentIdProviderT, const LargeSegmentTileOffsetT *, cub::_V_300500_SM_1000::detail::topk::counter<cub::_V_300500_SM_1000::detail::it_value_t<cub::_V_300500_SM_1000::detail::it_value_t<KeyInputItItT>>, OffsetT, OutOffsetT> *, OffsetT *, cub::_V_300500_SM_1000::detail::it_value_t<cub::_V_300500_SM_1000::detail::it_value_t<KeyInputItItT>> *, cub::_V_300500_SM_1000::detail::it_value_t<cub::_V_300500_SM_1000::detail::it_value_t<ValueInputItItT>> *, cub::_V_300500_SM_1000::detail::it_value_t<cub::_V_300500_SM_1000::detail::it_value_t<KeyInputItItT>> *, cub::_V_300500_SM_1000::detail::it_value_t<cub::_V_300500_SM_1000::detail::it_value_t<ValueInputItItT>> *, OffsetT, OffsetT, LargeSegmentsCountItT, int, int, __nv_bool, DecomposerT) [with PolicySelector=cub::_V_300500_SM_1000::detail::batched_topk::policy_selector_from_types<short, signed char, signed long, 8388608L>, SelectDirection=cub::_V_300500_SM_1000::detail::topk::select::min, KeyInputItItT=cuda::__4::constant_iterator<const int16_t *, ptrdiff_t>, KeyOutputItItT=cuda::__4::constant_iterator<int16_t *, ptrdiff_t>, ValueInputItItT=cuda::__4::constant_iterator<cuda::__4::counting_iterator<uint32_t, std::ptrdiff_t, 0, 0, 0>, long>, ValueOutputItItT=cuda::__4::transform_iterator<cub::_V_300500_SM_1000::detail::batched_topk::per_segment_indexed_out_op<cuda::__4::constant_iterator<const int8_t *, ptrdiff_t>, cuda::__4::constant_iterator<int8_t *, ptrdiff_t>>, cuda::__4::counting_iterator<int64_t, __int128_t, 0, 0, 0>>, SegmentSizeParameterT=cub::_V_300500_SM_1000::detail::params::uniform_param<int64_t, 0L, 268435456L>, KParameterT=cub::_V_300500_SM_1000::detail::params::uniform_param<int64_t, 1L, 8388608L>, NumSegmentsParameterT=cub::_V_300500_SM_1000::detail::params::uniform_param<int64_t, 1L, 1L>, SegmentIdProviderT=int64_t *, LargeSegmentTileOffsetT=uint32_t, LargeSegmentsCountItT=unsigned long long *, DecomposerT=cub::_V_300500_SM_1000::detail::identity_decomposer_t, OffsetT=uint32_t, OutOffsetT=uint32_t]" at line 954 of /cccl_fork/cccl/lib/cmake/cub/../../../cub/cub/device/dispatch/dispatch_batched_topk.cuh
            [ 10 instantiation contexts not shown ]
            instantiation of "void nvbench::benchmark<KernelGenerator, TypeAxes>::do_run() [with KernelGenerator=topk_pairs_line_192, TypeAxes=nvbench::type_list<integral_types, integral_types, offset_types, offset_types>]" at line 74 of /cccl_fork/topk_perf/build_async_keys_v2/_deps/nvbench-src/nvbench/benchmark.cuh
            implicit generation of "nvbench::benchmark<KernelGenerator, TypeAxes>::~benchmark() noexcept [with KernelGenerator=topk_pairs_line_192, TypeAxes=nvbench::type_list<integral_types, integral_types, offset_types, offset_types>]" at line 74 of /cccl_fork/topk_perf/build_async_keys_v2/_deps/nvbench-src/nvbench/benchmark.cuh
            instantiation of class "nvbench::benchmark<KernelGenerator, TypeAxes> [with KernelGenerator=topk_pairs_line_192, TypeAxes=nvbench::type_list<integral_types, integral_types, offset_types, offset_types>]" at line 74 of /cccl_fork/topk_perf/build_async_keys_v2/_deps/nvbench-src/nvbench/benchmark.cuh
            instantiation of "nvbench::benchmark<KernelGenerator, TypeAxes>::benchmark(nvbench::benchmark<KernelGenerator, TypeAxes>::kernel_generator) [with KernelGenerator=topk_pairs_line_192, TypeAxes=nvbench::type_list<integral_types, integral_types, offset_types, offset_types>]" at line 1070 of /usr/include/c++/13/bits/unique_ptr.h
            instantiation of "std::__detail::__unique_ptr_t<_Tp> std::make_unique<_Tp,_Args...>(_Args &&...) [with _Tp=nvbench::benchmark<topk_pairs_line_192, nvbench::type_list<integral_types, integral_types, offset_types, offset_types>>, _Args=<>]" at line 192 of /cccl_fork/cccl/cub/benchmarks/bench/topk/pairs.cu

/cccl_fork/cccl/lib/cmake/cub/../../../cub/cub/detail/topk/tile_data_source.cuh(718): error: function "cub::_V_300500_SM_1000::detail::topk::multi_source_data_source<SourceA, SourceB, OffsetT>::partial_load_handle::partial_load_handle(const cub::_V_300500_SM_1000::detail::topk::multi_source_data_source<cub::_V_300500_SM_1000::detail::topk::async_to_shared_data_source<const int16_t *, 512, 8, 2UL, uint32_t>, cub::_V_300500_SM_1000::detail::topk::async_to_shared_data_source<short *, 512, 8, 2UL, uint32_t>, uint32_t>::partial_load_handle &) [with SourceA=cub::_V_300500_SM_1000::detail::topk::async_to_shared_data_source<const int16_t *, 512, 8, 2UL, uint32_t>, SourceB=cub::_V_300500_SM_1000::detail::topk::async_to_shared_data_source<short *, 512, 8, 2UL, uint32_t>, OffsetT=uint32_t]" (declared implicitly) cannot be referenced -- it is a deleted function
      return out;
             ^
          detected during:
            instantiation of "cub::_V_300500_SM_1000::detail::topk::multi_source_data_source<SourceA, SourceB, OffsetT>::partial_load_handle cub::_V_300500_SM_1000::detail::topk::multi_source_data_source<SourceA, SourceB, OffsetT>::submit_load(cub::_V_300500_SM_1000::detail::topk::multi_source_data_source<SourceA, SourceB, OffsetT>::ScratchStorage &, OffsetT) [with SourceA=cub::_V_300500_SM_1000::detail::topk::async_to_shared_data_source<const int16_t *, 512, 8, 2UL, uint32_t>, SourceB=cub::_V_300500_SM_1000::detail::topk::async_to_shared_data_source<short *, 512, 8, 2UL, uint32_t>, OffsetT=uint32_t]" at line 2510 of /cccl_fork/cccl/lib/cmake/cub/../../../cub/cub/agent/agent_batched_topk.cuh
            instantiation of "void cub::_V_300500_SM_1000::detail::batched_topk::agent_batched_topk_last_filter<AgentTopKPolicyT, KeyInputItItT, KeyOutputItItT, ValueInputItItT, ValueOutputItItT, IdentifyCandidatesOpT, DecomposerT, SegmentSizeParameterT, KParameterT, NumSegmentsParameterT, SegmentIdProviderT, LargeSegmentTileOffsetT, OffsetT, OutOffsetT, PartStrat, LazyValueLoad, InlinedClassify>::process_tile<IsFullTile>(const cub::_V_300500_SM_1000::detail::batched_topk::agent_batched_topk_last_filter<AgentTopKPolicyT, KeyInputItItT, KeyOutputItItT, ValueInputItItT, ValueOutputItItT, IdentifyCandidatesOpT, DecomposerT, SegmentSizeParameterT, KParameterT, NumSegmentsParameterT, SegmentIdProviderT, LargeSegmentTileOffsetT, OffsetT, OutOffsetT, PartStrat, LazyValueLoad, InlinedClassify>::per_segment_state_t &, cub::_V_300500_SM_1000::detail::batched_topk::agent_batched_topk_last_filter<AgentTopKPolicyT, KeyInputItItT, KeyOutputItItT, ValueInputItItT, ValueOutputItItT, IdentifyCandidatesOpT, DecomposerT, SegmentSizeParameterT, KParameterT, NumSegmentsParameterT, SegmentIdProviderT, LargeSegmentTileOffsetT, OffsetT, OutOffsetT, PartStrat, LazyValueLoad, InlinedClassify>::partition_t &, cub::_V_300500_SM_1000::detail::batched_topk::agent_batched_topk_last_filter<AgentTopKPolicyT, KeyInputItItT, KeyOutputItItT, ValueInputItItT, ValueOutputItItT, IdentifyCandidatesOpT, DecomposerT, SegmentSizeParameterT, KParameterT, NumSegmentsParameterT, SegmentIdProviderT, LargeSegmentTileOffsetT, OffsetT, OutOffsetT, PartStrat, LazyValueLoad, InlinedClassify>::keys_source_t &, LargeSegmentTileOffsetT) [with AgentTopKPolicyT=cub::_V_300500_SM_1000::detail::topk::AgentTopKPolicy<512, 8, 11, cub::_V_300500_SM_1000::BLOCK_SCAN_WARP_SCANS, cub::_V_300500_SM_1000::detail::topk::tile_load_kind::block_load_to_shared_async, 256, 128>, KeyInputItItT=cuda::__4::constant_iterator<const int16_t *, ptrdiff_t>, KeyOutputItItT=cuda::__4::constant_iterator<int16_t *, ptrdiff_t>, ValueInputItItT=cuda::__4::constant_iterator<cuda::__4::counting_iterator<uint32_t, std::ptrdiff_t, 0, 0, 0>, long>, ValueOutputItItT=cuda::__4::transform_iterator<cub::_V_300500_SM_1000::detail::batched_topk::per_segment_indexed_out_op<cuda::__4::constant_iterator<const int8_t *, ptrdiff_t>, cuda::__4::constant_iterator<int8_t *, ptrdiff_t>>, cuda::__4::counting_iterator<int64_t, __int128_t, 0, 0, 0>>, IdentifyCandidatesOpT=cub::_V_300500_SM_1000::detail::topk::identify_candidates_op_t<short, cub::_V_300500_SM_1000::detail::topk::select::min, 11, cub::_V_300500_SM_1000::detail::identity_decomposer_t, true>, DecomposerT=cub::_V_300500_SM_1000::detail::identity_decomposer_t, SegmentSizeParameterT=cub::_V_300500_SM_1000::detail::params::uniform_param<int64_t, 0L, 268435456L>, KParameterT=cub::_V_300500_SM_1000::detail::params::uniform_param<int64_t, 1L, 8388608L>, NumSegmentsParameterT=cub::_V_300500_SM_1000::detail::params::uniform_param<int64_t, 1L, 1L>, SegmentIdProviderT=int64_t *, LargeSegmentTileOffsetT=uint32_t, OffsetT=uint32_t, OutOffsetT=uint32_t, PartStrat=cub::_V_300500_SM_1000::detail::topk::block_partition_strategy::atomics, LazyValueLoad=true, InlinedClassify=true, IsFullTile=false]" at line 2635 of /cccl_fork/cccl/lib/cmake/cub/../../../cub/cub/agent/agent_batched_topk.cuh
            instantiation of "void cub::_V_300500_SM_1000::detail::batched_topk::agent_batched_topk_last_filter<AgentTopKPolicyT, KeyInputItItT, KeyOutputItItT, ValueInputItItT, ValueOutputItItT, IdentifyCandidatesOpT, DecomposerT, SegmentSizeParameterT, KParameterT, NumSegmentsParameterT, SegmentIdProviderT, LargeSegmentTileOffsetT, OffsetT, OutOffsetT, PartStrat, LazyValueLoad, InlinedClassify>::run<TilesPerChunk>() [with AgentTopKPolicyT=cub::_V_300500_SM_1000::detail::topk::AgentTopKPolicy<512, 8, 11, cub::_V_300500_SM_1000::BLOCK_SCAN_WARP_SCANS, cub::_V_300500_SM_1000::detail::topk::tile_load_kind::block_load_to_shared_async, 256, 128>, KeyInputItItT=cuda::__4::constant_iterator<const int16_t *, ptrdiff_t>, KeyOutputItItT=cuda::__4::constant_iterator<int16_t *, ptrdiff_t>, ValueInputItItT=cuda::__4::constant_iterator<cuda::__4::counting_iterator<uint32_t, std::ptrdiff_t, 0, 0, 0>, long>, ValueOutputItItT=cuda::__4::transform_iterator<cub::_V_300500_SM_1000::detail::batched_topk::per_segment_indexed_out_op<cuda::__4::constant_iterator<const int8_t *, ptrdiff_t>, cuda::__4::constant_iterator<int8_t *, ptrdiff_t>>, cuda::__4::counting_iterator<int64_t, __int128_t, 0, 0, 0>>, IdentifyCandidatesOpT=cub::_V_300500_SM_1000::detail::topk::identify_candidates_op_t<short, cub::_V_300500_SM_1000::detail::topk::select::min, 11, cub::_V_300500_SM_1000::detail::identity_decomposer_t, true>, DecomposerT=cub::_V_300500_SM_1000::detail::identity_decomposer_t, SegmentSizeParameterT=cub::_V_300500_SM_1000::detail::params::uniform_param<int64_t, 0L, 268435456L>, KParameterT=cub::_V_300500_SM_1000::detail::params::uniform_param<int64_t, 1L, 8388608L>, NumSegmentsParameterT=cub::_V_300500_SM_1000::detail::params::uniform_param<int64_t, 1L, 1L>, SegmentIdProviderT=int64_t *, LargeSegmentTileOffsetT=uint32_t, OffsetT=uint32_t, OutOffsetT=uint32_t, PartStrat=cub::_V_300500_SM_1000::detail::topk::block_partition_strategy::atomics, LazyValueLoad=true, InlinedClassify=true, TilesPerChunk=8]" at line 1108 of /cccl_fork/cccl/lib/cmake/cub/../../../cub/cub/device/dispatch/kernels/kernel_batched_topk.cuh
            instantiation of "void cub::_V_300500_SM_1000::detail::batched_topk::device_segmented_topk_last_filter_kernel<PolicySelector,SelectDirection,KeyInputItItT,KeyOutputItItT,ValueInputItItT,ValueOutputItItT,SegmentSizeParameterT,KParameterT,NumSegmentsParameterT,SegmentIdProviderT,LargeSegmentTileOffsetT,LargeSegmentsCountItT,DecomposerT,OffsetT,OutOffsetT>(KeyInputItItT, KeyOutputItItT, ValueInputItItT, ValueOutputItItT, SegmentSizeParameterT, KParameterT, NumSegmentsParameterT, SegmentIdProviderT, const LargeSegmentTileOffsetT *, cub::_V_300500_SM_1000::detail::topk::counter<cub::_V_300500_SM_1000::detail::it_value_t<cub::_V_300500_SM_1000::detail::it_value_t<KeyInputItItT>>, OffsetT, OutOffsetT> *, cub::_V_300500_SM_1000::detail::it_value_t<cub::_V_300500_SM_1000::detail::it_value_t<KeyInputItItT>> *, cub::_V_300500_SM_1000::detail::it_value_t<cub::_V_300500_SM_1000::detail::it_value_t<ValueInputItItT>> *, OffsetT, LargeSegmentsCountItT, int, int, DecomposerT) [with PolicySelector=cub::_V_300500_SM_1000::detail::batched_topk::policy_selector_from_types<short, signed char, signed long, 8388608L>, SelectDirection=cub::_V_300500_SM_1000::detail::topk::select::min, KeyInputItItT=cuda::__4::constant_iterator<const int16_t *, ptrdiff_t>, KeyOutputItItT=cuda::__4::constant_iterator<int16_t *, ptrdiff_t>, ValueInputItItT=cuda::__4::constant_iterator<cuda::__4::counting_iterator<uint32_t, std::ptrdiff_t, 0, 0, 0>, long>, ValueOutputItItT=cuda::__4::transform_iterator<cub::_V_300500_SM_1000::detail::batched_topk::per_segment_indexed_out_op<cuda::__4::constant_iterator<const int8_t *, ptrdiff_t>, cuda::__4::constant_iterator<int8_t *, ptrdiff_t>>, cuda::__4::counting_iterator<int64_t, __int128_t, 0, 0, 0>>, SegmentSizeParameterT=cub::_V_300500_SM_1000::detail::params::uniform_param<int64_t, 0L, 268435456L>, KParameterT=cub::_V_300500_SM_1000::detail::params::uniform_param<int64_t, 1L, 8388608L>, NumSegmentsParameterT=cub::_V_300500_SM_1000::detail::params::uniform_param<int64_t, 1L, 1L>, SegmentIdProviderT=int64_t *, LargeSegmentTileOffsetT=uint32_t, LargeSegmentsCountItT=unsigned long long *, DecomposerT=cub::_V_300500_SM_1000::detail::identity_decomposer_t, OffsetT=uint32_t, OutOffsetT=uint32_t]" at line 970 of /cccl_fork/cccl/lib/cmake/cub/../../../cub/cub/device/dispatch/dispatch_batched_topk.cuh
            instantiation of function "lambda [](auto)->cudaError_t [with <auto-1>=cuda::std::__4::integral_constant<cub::_V_300500_SM_1000::detail::topk::select, cub::_V_300500_SM_1000::detail::topk::select::min>]" at line 1224 of /cccl_fork/cccl/lib/cmake/cub/../../../cub/cub/device/dispatch/dispatch_batched_topk.cuh
            [ 9 instantiation contexts not shown ]
            instantiation of "void nvbench::benchmark<KernelGenerator, TypeAxes>::do_run() [with KernelGenerator=topk_pairs_line_192, TypeAxes=nvbench::type_list<integral_types, integral_types, offset_types, offset_types>]" at line 74 of /cccl_fork/topk_perf/build_async_keys_v2/_deps/nvbench-src/nvbench/benchmark.cuh
            implicit generation of "nvbench::benchmark<KernelGenerator, TypeAxes>::~benchmark() noexcept [with KernelGenerator=topk_pairs_line_192, TypeAxes=nvbench::type_list<integral_types, integral_types, offset_types, offset_types>]" at line 74 of /cccl_fork/topk_perf/build_async_keys_v2/_deps/nvbench-src/nvbench/benchmark.cuh
            instantiation of class "nvbench::benchmark<KernelGenerator, TypeAxes> [with KernelGenerator=topk_pairs_line_192, TypeAxes=nvbench::type_list<integral_types, integral_types, offset_types, offset_types>]" at line 74 of /cccl_fork/topk_perf/build_async_keys_v2/_deps/nvbench-src/nvbench/benchmark.cuh
            instantiation of "nvbench::benchmark<KernelGenerator, TypeAxes>::benchmark(nvbench::benchmark<KernelGenerator, TypeAxes>::kernel_generator) [with KernelGenerator=topk_pairs_line_192, TypeAxes=nvbench::type_list<integral_types, integral_types, offset_types, offset_types>]" at line 1070 of /usr/include/c++/13/bits/unique_ptr.h
            instantiation of "std::__detail::__unique_ptr_t<_Tp> std::make_unique<_Tp,_Args...>(_Args &&...) [with _Tp=nvbench::benchmark<topk_pairs_line_192, nvbench::type_list<integral_types, integral_types, offset_types, offset_types>>, _Args=<>]" at line 192 of /cccl_fork/cccl/cub/benchmarks/bench/topk/pairs.cu

/cccl_fork/cccl/lib/cmake/cub/../../../cub/cub/detail/topk/tile_data_source.cuh(682): error: function "cub::_V_300500_SM_1000::detail::topk::multi_source_data_source<SourceA, SourceB, OffsetT>::full_load_handle::full_load_handle(const cub::_V_300500_SM_1000::detail::topk::multi_source_data_source<cub::_V_300500_SM_1000::detail::topk::async_to_shared_data_source<const int32_t *, 512, 4, 4UL, uint32_t>, cub::_V_300500_SM_1000::detail::topk::async_to_shared_data_source<int *, 512, 4, 4UL, uint32_t>, uint32_t>::full_load_handle &) [with SourceA=cub::_V_300500_SM_1000::detail::topk::async_to_shared_data_source<const int32_t *, 512, 4, 4UL, uint32_t>, SourceB=cub::_V_300500_SM_1000::detail::topk::async_to_shared_data_source<int *, 512, 4, 4UL, uint32_t>, OffsetT=uint32_t]" (declared implicitly) cannot be referenced -- it is a deleted function
      return out;
             ^
          detected during:
            instantiation of "cub::_V_300500_SM_1000::detail::topk::multi_source_data_source<SourceA, SourceB, OffsetT>::full_load_handle cub::_V_300500_SM_1000::detail::topk::multi_source_data_source<SourceA, SourceB, OffsetT>::submit_load(cub::_V_300500_SM_1000::detail::topk::multi_source_data_source<SourceA, SourceB, OffsetT>::ScratchStorage &) [with SourceA=cub::_V_300500_SM_1000::detail::topk::async_to_shared_data_source<const int32_t *, 512, 4, 4UL, uint32_t>, SourceB=cub::_V_300500_SM_1000::detail::topk::async_to_shared_data_source<int *, 512, 4, 4UL, uint32_t>, OffsetT=uint32_t]" at line 1582 of /cccl_fork/cccl/lib/cmake/cub/../../../cub/cub/agent/agent_batched_topk.cuh
            instantiation of "void cub::_V_300500_SM_1000::detail::batched_topk::agent_batched_topk_filter_partition<AgentTopKPolicyT, KeyInputItItT, KeyOutputItItT, ValueInputItItT, ValueOutputItItT, ExtractBinOpT, IdentifyCandidatesOpT, DecomposerT, SegmentSizeParameterT, KParameterT, NumSegmentsParameterT, SegmentIdProviderT, LargeSegmentTileOffsetT, OffsetT, OutOffsetT, BufferedPartStrat, EarlyStopFilterStrat, LazyValueLoad, InlinedClassify, FullTilesOnly>::process_tile_early_stop<IsFullTile>(const cub::_V_300500_SM_1000::detail::batched_topk::agent_batched_topk_filter_partition<AgentTopKPolicyT, KeyInputItItT, KeyOutputItItT, ValueInputItItT, ValueOutputItItT, ExtractBinOpT, IdentifyCandidatesOpT, DecomposerT, SegmentSizeParameterT, KParameterT, NumSegmentsParameterT, SegmentIdProviderT, LargeSegmentTileOffsetT, OffsetT, OutOffsetT, BufferedPartStrat, EarlyStopFilterStrat, LazyValueLoad, InlinedClassify, FullTilesOnly>::per_segment_state_t &, LargeSegmentTileOffsetT) [with AgentTopKPolicyT=cub::_V_300500_SM_1000::detail::topk::AgentTopKPolicy<512, 4, 11, cub::_V_300500_SM_1000::BLOCK_SCAN_WARP_SCANS, cub::_V_300500_SM_1000::detail::topk::tile_load_kind::block_load_to_shared_async, 256, 128>, KeyInputItItT=cuda::__4::constant_iterator<const int32_t *, ptrdiff_t>, KeyOutputItItT=cuda::__4::constant_iterator<int32_t *, ptrdiff_t>, ValueInputItItT=cuda::__4::constant_iterator<cuda::__4::counting_iterator<uint32_t, std::ptrdiff_t, 0, 0, 0>, long>, ValueOutputItItT=cuda::__4::transform_iterator<cub::_V_300500_SM_1000::detail::batched_topk::per_segment_indexed_out_op<cuda::__4::constant_iterator<const int8_t *, ptrdiff_t>, cuda::__4::constant_iterator<int8_t *, ptrdiff_t>>, cuda::__4::counting_iterator<int64_t, __int128_t, 0, 0, 0>>, ExtractBinOpT=cub::_V_300500_SM_1000::detail::topk::extract_bin_op_t<int, cub::_V_300500_SM_1000::detail::topk::select::min, 11, cub::_V_300500_SM_1000::detail::identity_decomposer_t, true>, IdentifyCandidatesOpT=cub::_V_300500_SM_1000::detail::topk::identify_candidates_op_t<int, cub::_V_300500_SM_1000::detail::topk::select::min, 11, cub::_V_300500_SM_1000::detail::identity_decomposer_t, true>, DecomposerT=cub::_V_300500_SM_1000::detail::identity_decomposer_t, SegmentSizeParameterT=cub::_V_300500_SM_1000::detail::params::uniform_param<int64_t, 0L, 268435456L>, KParameterT=cub::_V_300500_SM_1000::detail::params::uniform_param<int64_t, 1L, 8388608L>, NumSegmentsParameterT=cub::_V_300500_SM_1000::detail::params::uniform_param<int64_t, 1L, 1L>, SegmentIdProviderT=int64_t *, LargeSegmentTileOffsetT=uint32_t, OffsetT=uint32_t, OutOffsetT=uint32_t, BufferedPartStrat=cub::_V_300500_SM_1000::detail::topk::block_partition_strategy::atomics, EarlyStopFilterStrat=cub::_V_300500_SM_1000::detail::topk::block_filter_strategy::atomics, LazyValueLoad=true, InlinedClassify=true, FullTilesOnly=true, IsFullTile=true]" at line 1829 of /cccl_fork/cccl/lib/cmake/cub/../../../cub/cub/agent/agent_batched_topk.cuh
            instantiation of "void cub::_V_300500_SM_1000::detail::batched_topk::agent_batched_topk_filter_partition<AgentTopKPolicyT, KeyInputItItT, KeyOutputItItT, ValueInputItItT, ValueOutputItItT, ExtractBinOpT, IdentifyCandidatesOpT, DecomposerT, SegmentSizeParameterT, KParameterT, NumSegmentsParameterT, SegmentIdProviderT, LargeSegmentTileOffsetT, OffsetT, OutOffsetT, BufferedPartStrat, EarlyStopFilterStrat, LazyValueLoad, InlinedClassify, FullTilesOnly>::dispatch_tile<IsFullTile>(const cub::_V_300500_SM_1000::detail::batched_topk::agent_batched_topk_filter_partition<AgentTopKPolicyT, KeyInputItItT, KeyOutputItItT, ValueInputItItT, ValueOutputItItT, ExtractBinOpT, IdentifyCandidatesOpT, DecomposerT, SegmentSizeParameterT, KParameterT, NumSegmentsParameterT, SegmentIdProviderT, LargeSegmentTileOffsetT, OffsetT, OutOffsetT, BufferedPartStrat, EarlyStopFilterStrat, LazyValueLoad, InlinedClassify, FullTilesOnly>::per_segment_state_t &, LargeSegmentTileOffsetT) [with AgentTopKPolicyT=cub::_V_300500_SM_1000::detail::topk::AgentTopKPolicy<512, 4, 11, cub::_V_300500_SM_1000::BLOCK_SCAN_WARP_SCANS, cub::_V_300500_SM_1000::detail::topk::tile_load_kind::block_load_to_shared_async, 256, 128>, KeyInputItItT=cuda::__4::constant_iterator<const int32_t *, ptrdiff_t>, KeyOutputItItT=cuda::__4::constant_iterator<int32_t *, ptrdiff_t>, ValueInputItItT=cuda::__4::constant_iterator<cuda::__4::counting_iterator<uint32_t, std::ptrdiff_t, 0, 0, 0>, long>, ValueOutputItItT=cuda::__4::transform_iterator<cub::_V_300500_SM_1000::detail::batched_topk::per_segment_indexed_out_op<cuda::__4::constant_iterator<const int8_t *, ptrdiff_t>, cuda::__4::constant_iterator<int8_t *, ptrdiff_t>>, cuda::__4::counting_iterator<int64_t, __int128_t, 0, 0, 0>>, ExtractBinOpT=cub::_V_300500_SM_1000::detail::topk::extract_bin_op_t<int, cub::_V_300500_SM_1000::detail::topk::select::min, 11, cub::_V_300500_SM_1000::detail::identity_decomposer_t, true>, IdentifyCandidatesOpT=cub::_V_300500_SM_1000::detail::topk::identify_candidates_op_t<int, cub::_V_300500_SM_1000::detail::topk::select::min, 11, cub::_V_300500_SM_1000::detail::identity_decomposer_t, true>, DecomposerT=cub::_V_300500_SM_1000::detail::identity_decomposer_t, SegmentSizeParameterT=cub::_V_300500_SM_1000::detail::params::uniform_param<int64_t, 0L, 268435456L>, KParameterT=cub::_V_300500_SM_1000::detail::params::uniform_param<int64_t, 1L, 8388608L>, NumSegmentsParameterT=cub::_V_300500_SM_1000::detail::params::uniform_param<int64_t, 1L, 1L>, SegmentIdProviderT=int64_t *, LargeSegmentTileOffsetT=uint32_t, OffsetT=uint32_t, OutOffsetT=uint32_t, BufferedPartStrat=cub::_V_300500_SM_1000::detail::topk::block_partition_strategy::atomics, EarlyStopFilterStrat=cub::_V_300500_SM_1000::detail::topk::block_filter_strategy::atomics, LazyValueLoad=true, InlinedClassify=true, FullTilesOnly=true, IsFullTile=true]" at line 1991 of /cccl_fork/cccl/lib/cmake/cub/../../../cub/cub/agent/agent_batched_topk.cuh
            instantiation of "void cub::_V_300500_SM_1000::detail::batched_topk::agent_batched_topk_filter_partition<AgentTopKPolicyT, KeyInputItItT, KeyOutputItItT, ValueInputItItT, ValueOutputItItT, ExtractBinOpT, IdentifyCandidatesOpT, DecomposerT, SegmentSizeParameterT, KParameterT, NumSegmentsParameterT, SegmentIdProviderT, LargeSegmentTileOffsetT, OffsetT, OutOffsetT, BufferedPartStrat, EarlyStopFilterStrat, LazyValueLoad, InlinedClassify, FullTilesOnly>::run<TilesPerChunk>(int) [with AgentTopKPolicyT=cub::_V_300500_SM_1000::detail::topk::AgentTopKPolicy<512, 4, 11, cub::_V_300500_SM_1000::BLOCK_SCAN_WARP_SCANS, cub::_V_300500_SM_1000::detail::topk::tile_load_kind::block_load_to_shared_async, 256, 128>, KeyInputItItT=cuda::__4::constant_iterator<const int32_t *, ptrdiff_t>, KeyOutputItItT=cuda::__4::constant_iterator<int32_t *, ptrdiff_t>, ValueInputItItT=cuda::__4::constant_iterator<cuda::__4::counting_iterator<uint32_t, std::ptrdiff_t, 0, 0, 0>, long>, ValueOutputItItT=cuda::__4::transform_iterator<cub::_V_300500_SM_1000::detail::batched_topk::per_segment_indexed_out_op<cuda::__4::constant_iterator<const int8_t *, ptrdiff_t>, cuda::__4::constant_iterator<int8_t *, ptrdiff_t>>, cuda::__4::counting_iterator<int64_t, __int128_t, 0, 0, 0>>, ExtractBinOpT=cub::_V_300500_SM_1000::detail::topk::extract_bin_op_t<int, cub::_V_300500_SM_1000::detail::topk::select::min, 11, cub::_V_300500_SM_1000::detail::identity_decomposer_t, true>, IdentifyCandidatesOpT=cub::_V_300500_SM_1000::detail::topk::identify_candidates_op_t<int, cub::_V_300500_SM_1000::detail::topk::select::min, 11, cub::_V_300500_SM_1000::detail::identity_decomposer_t, true>, DecomposerT=cub::_V_300500_SM_1000::detail::identity_decomposer_t, SegmentSizeParameterT=cub::_V_300500_SM_1000::detail::params::uniform_param<int64_t, 0L, 268435456L>, KParameterT=cub::_V_300500_SM_1000::detail::params::uniform_param<int64_t, 1L, 8388608L>, NumSegmentsParameterT=cub::_V_300500_SM_1000::detail::params::uniform_param<int64_t, 1L, 1L>, SegmentIdProviderT=int64_t *, LargeSegmentTileOffsetT=uint32_t, OffsetT=uint32_t, OutOffsetT=uint32_t, BufferedPartStrat=cub::_V_300500_SM_1000::detail::topk::block_partition_strategy::atomics, EarlyStopFilterStrat=cub::_V_300500_SM_1000::detail::topk::block_filter_strategy::atomics, LazyValueLoad=true, InlinedClassify=true, FullTilesOnly=true, TilesPerChunk=8]" at line 752 of /cccl_fork/cccl/lib/cmake/cub/../../../cub/cub/device/dispatch/kernels/kernel_batched_topk.cuh
            instantiation of "void cub::_V_300500_SM_1000::detail::batched_topk::device_segmented_topk_filter_kernel<PolicySelector,SelectDirection,KeyInputItItT,KeyOutputItItT,ValueInputItItT,ValueOutputItItT,SegmentSizeParameterT,KParameterT,NumSegmentsParameterT,SegmentIdProviderT,LargeSegmentTileOffsetT,LargeSegmentsCountItT,DecomposerT,OffsetT,OutOffsetT>(KeyInputItItT, KeyOutputItItT, ValueInputItItT, ValueOutputItItT, SegmentSizeParameterT, KParameterT, NumSegmentsParameterT, SegmentIdProviderT, const LargeSegmentTileOffsetT *, cub::_V_300500_SM_1000::detail::topk::counter<cub::_V_300500_SM_1000::detail::it_value_t<cub::_V_300500_SM_1000::detail::it_value_t<KeyInputItItT>>, OffsetT, OutOffsetT> *, OffsetT *, cub::_V_300500_SM_1000::detail::it_value_t<cub::_V_300500_SM_1000::detail::it_value_t<KeyInputItItT>> *, cub::_V_300500_SM_1000::detail::it_value_t<cub::_V_300500_SM_1000::detail::it_value_t<ValueInputItItT>> *, cub::_V_300500_SM_1000::detail::it_value_t<cub::_V_300500_SM_1000::detail::it_value_t<KeyInputItItT>> *, cub::_V_300500_SM_1000::detail::it_value_t<cub::_V_300500_SM_1000::detail::it_value_t<ValueInputItItT>> *, OffsetT, OffsetT, LargeSegmentsCountItT, int, int, __nv_bool, DecomposerT) [with PolicySelector=cub::_V_300500_SM_1000::detail::batched_topk::policy_selector_from_types<int, signed char, signed long, 8388608L>, SelectDirection=cub::_V_300500_SM_1000::detail::topk::select::min, KeyInputItItT=cuda::__4::constant_iterator<const int32_t *, ptrdiff_t>, KeyOutputItItT=cuda::__4::constant_iterator<int32_t *, ptrdiff_t>, ValueInputItItT=cuda::__4::constant_iterator<cuda::__4::counting_iterator<uint32_t, std::ptrdiff_t, 0, 0, 0>, long>, ValueOutputItItT=cuda::__4::transform_iterator<cub::_V_300500_SM_1000::detail::batched_topk::per_segment_indexed_out_op<cuda::__4::constant_iterator<const int8_t *, ptrdiff_t>, cuda::__4::constant_iterator<int8_t *, ptrdiff_t>>, cuda::__4::counting_iterator<int64_t, __int128_t, 0, 0, 0>>, SegmentSizeParameterT=cub::_V_300500_SM_1000::detail::params::uniform_param<int64_t, 0L, 268435456L>, KParameterT=cub::_V_300500_SM_1000::detail::params::uniform_param<int64_t, 1L, 8388608L>, NumSegmentsParameterT=cub::_V_300500_SM_1000::detail::params::uniform_param<int64_t, 1L, 1L>, SegmentIdProviderT=int64_t *, LargeSegmentTileOffsetT=uint32_t, LargeSegmentsCountItT=unsigned long long *, DecomposerT=cub::_V_300500_SM_1000::detail::identity_decomposer_t, OffsetT=uint32_t, OutOffsetT=uint32_t]" at line 954 of /cccl_fork/cccl/lib/cmake/cub/../../../cub/cub/device/dispatch/dispatch_batched_topk.cuh
            [ 10 instantiation contexts not shown ]
            instantiation of "void nvbench::benchmark<KernelGenerator, TypeAxes>::do_run() [with KernelGenerator=topk_pairs_line_192, TypeAxes=nvbench::type_list<integral_types, integral_types, offset_types, offset_types>]" at line 74 of /cccl_fork/topk_perf/build_async_keys_v2/_deps/nvbench-src/nvbench/benchmark.cuh
            implicit generation of "nvbench::benchmark<KernelGenerator, TypeAxes>::~benchmark() noexcept [with KernelGenerator=topk_pairs_line_192, TypeAxes=nvbench::type_list<integral_types, integral_types, offset_types, offset_types>]" at line 74 of /cccl_fork/topk_perf/build_async_keys_v2/_deps/nvbench-src/nvbench/benchmark.cuh
            instantiation of class "nvbench::benchmark<KernelGenerator, TypeAxes> [with KernelGenerator=topk_pairs_line_192, TypeAxes=nvbench::type_list<integral_types, integral_types, offset_types, offset_types>]" at line 74 of /cccl_fork/topk_perf/build_async_keys_v2/_deps/nvbench-src/nvbench/benchmark.cuh
            instantiation of "nvbench::benchmark<KernelGenerator, TypeAxes>::benchmark(nvbench::benchmark<KernelGenerator, TypeAxes>::kernel_generator) [with KernelGenerator=topk_pairs_line_192, TypeAxes=nvbench::type_list<integral_types, integral_types, offset_types, offset_types>]" at line 1070 of /usr/include/c++/13/bits/unique_ptr.h
            instantiation of "std::__detail::__unique_ptr_t<_Tp> std::make_unique<_Tp,_Args...>(_Args &&...) [with _Tp=nvbench::benchmark<topk_pairs_line_192, nvbench::type_list<integral_types, integral_types, offset_types, offset_types>>, _Args=<>]" at line 192 of /cccl_fork/cccl/cub/benchmarks/bench/topk/pairs.cu

/cccl_fork/cccl/lib/cmake/cub/../../../cub/cub/detail/topk/tile_data_source.cuh(718): error: function "cub::_V_300500_SM_1000::detail::topk::multi_source_data_source<SourceA, SourceB, OffsetT>::partial_load_handle::partial_load_handle(const cub::_V_300500_SM_1000::detail::topk::multi_source_data_source<cub::_V_300500_SM_1000::detail::topk::async_to_shared_data_source<const int32_t *, 512, 4, 4UL, uint32_t>, cub::_V_300500_SM_1000::detail::topk::async_to_shared_data_source<int *, 512, 4, 4UL, uint32_t>, uint32_t>::partial_load_handle &) [with SourceA=cub::_V_300500_SM_1000::detail::topk::async_to_shared_data_source<const int32_t *, 512, 4, 4UL, uint32_t>, SourceB=cub::_V_300500_SM_1000::detail::topk::async_to_shared_data_source<int *, 512, 4, 4UL, uint32_t>, OffsetT=uint32_t]" (declared implicitly) cannot be referenced -- it is a deleted function
      return out;
             ^
          detected during:
            instantiation of "cub::_V_300500_SM_1000::detail::topk::multi_source_data_source<SourceA, SourceB, OffsetT>::partial_load_handle cub::_V_300500_SM_1000::detail::topk::multi_source_data_source<SourceA, SourceB, OffsetT>::submit_load(cub::_V_300500_SM_1000::detail::topk::multi_source_data_source<SourceA, SourceB, OffsetT>::ScratchStorage &, OffsetT) [with SourceA=cub::_V_300500_SM_1000::detail::topk::async_to_shared_data_source<const int32_t *, 512, 4, 4UL, uint32_t>, SourceB=cub::_V_300500_SM_1000::detail::topk::async_to_shared_data_source<int *, 512, 4, 4UL, uint32_t>, OffsetT=uint32_t]" at line 2510 of /cccl_fork/cccl/lib/cmake/cub/../../../cub/cub/agent/agent_batched_topk.cuh
            instantiation of "void cub::_V_300500_SM_1000::detail::batched_topk::agent_batched_topk_last_filter<AgentTopKPolicyT, KeyInputItItT, KeyOutputItItT, ValueInputItItT, ValueOutputItItT, IdentifyCandidatesOpT, DecomposerT, SegmentSizeParameterT, KParameterT, NumSegmentsParameterT, SegmentIdProviderT, LargeSegmentTileOffsetT, OffsetT, OutOffsetT, PartStrat, LazyValueLoad, InlinedClassify>::process_tile<IsFullTile>(const cub::_V_300500_SM_1000::detail::batched_topk::agent_batched_topk_last_filter<AgentTopKPolicyT, KeyInputItItT, KeyOutputItItT, ValueInputItItT, ValueOutputItItT, IdentifyCandidatesOpT, DecomposerT, SegmentSizeParameterT, KParameterT, NumSegmentsParameterT, SegmentIdProviderT, LargeSegmentTileOffsetT, OffsetT, OutOffsetT, PartStrat, LazyValueLoad, InlinedClassify>::per_segment_state_t &, cub::_V_300500_SM_1000::detail::batched_topk::agent_batched_topk_last_filter<AgentTopKPolicyT, KeyInputItItT, KeyOutputItItT, ValueInputItItT, ValueOutputItItT, IdentifyCandidatesOpT, DecomposerT, SegmentSizeParameterT, KParameterT, NumSegmentsParameterT, SegmentIdProviderT, LargeSegmentTileOffsetT, OffsetT, OutOffsetT, PartStrat, LazyValueLoad, InlinedClassify>::partition_t &, cub::_V_300500_SM_1000::detail::batched_topk::agent_batched_topk_last_filter<AgentTopKPolicyT, KeyInputItItT, KeyOutputItItT, ValueInputItItT, ValueOutputItItT, IdentifyCandidatesOpT, DecomposerT, SegmentSizeParameterT, KParameterT, NumSegmentsParameterT, SegmentIdProviderT, LargeSegmentTileOffsetT, OffsetT, OutOffsetT, PartStrat, LazyValueLoad, InlinedClassify>::keys_source_t &, LargeSegmentTileOffsetT) [with AgentTopKPolicyT=cub::_V_300500_SM_1000::detail::topk::AgentTopKPolicy<512, 4, 11, cub::_V_300500_SM_1000::BLOCK_SCAN_WARP_SCANS, cub::_V_300500_SM_1000::detail::topk::tile_load_kind::block_load_to_shared_async, 256, 128>, KeyInputItItT=cuda::__4::constant_iterator<const int32_t *, ptrdiff_t>, KeyOutputItItT=cuda::__4::constant_iterator<int32_t *, ptrdiff_t>, ValueInputItItT=cuda::__4::constant_iterator<cuda::__4::counting_iterator<uint32_t, std::ptrdiff_t, 0, 0, 0>, long>, ValueOutputItItT=cuda::__4::transform_iterator<cub::_V_300500_SM_1000::detail::batched_topk::per_segment_indexed_out_op<cuda::__4::constant_iterator<const int8_t *, ptrdiff_t>, cuda::__4::constant_iterator<int8_t *, ptrdiff_t>>, cuda::__4::counting_iterator<int64_t, __int128_t, 0, 0, 0>>, IdentifyCandidatesOpT=cub::_V_300500_SM_1000::detail::topk::identify_candidates_op_t<int, cub::_V_300500_SM_1000::detail::topk::select::min, 11, cub::_V_300500_SM_1000::detail::identity_decomposer_t, true>, DecomposerT=cub::_V_300500_SM_1000::detail::identity_decomposer_t, SegmentSizeParameterT=cub::_V_300500_SM_1000::detail::params::uniform_param<int64_t, 0L, 268435456L>, KParameterT=cub::_V_300500_SM_1000::detail::params::uniform_param<int64_t, 1L, 8388608L>, NumSegmentsParameterT=cub::_V_300500_SM_1000::detail::params::uniform_param<int64_t, 1L, 1L>, SegmentIdProviderT=int64_t *, LargeSegmentTileOffsetT=uint32_t, OffsetT=uint32_t, OutOffsetT=uint32_t, PartStrat=cub::_V_300500_SM_1000::detail::topk::block_partition_strategy::atomics, LazyValueLoad=true, InlinedClassify=true, IsFullTile=false]" at line 2635 of /cccl_fork/cccl/lib/cmake/cub/../../../cub/cub/agent/agent_batched_topk.cuh
            instantiation of "void cub::_V_300500_SM_1000::detail::batched_topk::agent_batched_topk_last_filter<AgentTopKPolicyT, KeyInputItItT, KeyOutputItItT, ValueInputItItT, ValueOutputItItT, IdentifyCandidatesOpT, DecomposerT, SegmentSizeParameterT, KParameterT, NumSegmentsParameterT, SegmentIdProviderT, LargeSegmentTileOffsetT, OffsetT, OutOffsetT, PartStrat, LazyValueLoad, InlinedClassify>::run<TilesPerChunk>() [with AgentTopKPolicyT=cub::_V_300500_SM_1000::detail::topk::AgentTopKPolicy<512, 4, 11, cub::_V_300500_SM_1000::BLOCK_SCAN_WARP_SCANS, cub::_V_300500_SM_1000::detail::topk::tile_load_kind::block_load_to_shared_async, 256, 128>, KeyInputItItT=cuda::__4::constant_iterator<const int32_t *, ptrdiff_t>, KeyOutputItItT=cuda::__4::constant_iterator<int32_t *, ptrdiff_t>, ValueInputItItT=cuda::__4::constant_iterator<cuda::__4::counting_iterator<uint32_t, std::ptrdiff_t, 0, 0, 0>, long>, ValueOutputItItT=cuda::__4::transform_iterator<cub::_V_300500_SM_1000::detail::batched_topk::per_segment_indexed_out_op<cuda::__4::constant_iterator<const int8_t *, ptrdiff_t>, cuda::__4::constant_iterator<int8_t *, ptrdiff_t>>, cuda::__4::counting_iterator<int64_t, __int128_t, 0, 0, 0>>, IdentifyCandidatesOpT=cub::_V_300500_SM_1000::detail::topk::identify_candidates_op_t<int, cub::_V_300500_SM_1000::detail::topk::select::min, 11, cub::_V_300500_SM_1000::detail::identity_decomposer_t, true>, DecomposerT=cub::_V_300500_SM_1000::detail::identity_decomposer_t, SegmentSizeParameterT=cub::_V_300500_SM_1000::detail::params::uniform_param<int64_t, 0L, 268435456L>, KParameterT=cub::_V_300500_SM_1000::detail::params::uniform_param<int64_t, 1L, 8388608L>, NumSegmentsParameterT=cub::_V_300500_SM_1000::detail::params::uniform_param<int64_t, 1L, 1L>, SegmentIdProviderT=int64_t *, LargeSegmentTileOffsetT=uint32_t, OffsetT=uint32_t, OutOffsetT=uint32_t, PartStrat=cub::_V_300500_SM_1000::detail::topk::block_partition_strategy::atomics, LazyValueLoad=true, InlinedClassify=true, TilesPerChunk=8]" at line 1108 of /cccl_fork/cccl/lib/cmake/cub/../../../cub/cub/device/dispatch/kernels/kernel_batched_topk.cuh
            instantiation of "void cub::_V_300500_SM_1000::detail::batched_topk::device_segmented_topk_last_filter_kernel<PolicySelector,SelectDirection,KeyInputItItT,KeyOutputItItT,ValueInputItItT,ValueOutputItItT,SegmentSizeParameterT,KParameterT,NumSegmentsParameterT,SegmentIdProviderT,LargeSegmentTileOffsetT,LargeSegmentsCountItT,DecomposerT,OffsetT,OutOffsetT>(KeyInputItItT, KeyOutputItItT, ValueInputItItT, ValueOutputItItT, SegmentSizeParameterT, KParameterT, NumSegmentsParameterT, SegmentIdProviderT, const LargeSegmentTileOffsetT *, cub::_V_300500_SM_1000::detail::topk::counter<cub::_V_300500_SM_1000::detail::it_value_t<cub::_V_300500_SM_1000::detail::it_value_t<KeyInputItItT>>, OffsetT, OutOffsetT> *, cub::_V_300500_SM_1000::detail::it_value_t<cub::_V_300500_SM_1000::detail::it_value_t<KeyInputItItT>> *, cub::_V_300500_SM_1000::detail::it_value_t<cub::_V_300500_SM_1000::detail::it_value_t<ValueInputItItT>> *, OffsetT, LargeSegmentsCountItT, int, int, DecomposerT) [with PolicySelector=cub::_V_300500_SM_1000::detail::batched_topk::policy_selector_from_types<int, signed char, signed long, 8388608L>, SelectDirection=cub::_V_300500_SM_1000::detail::topk::select::min, KeyInputItItT=cuda::__4::constant_iterator<const int32_t *, ptrdiff_t>, KeyOutputItItT=cuda::__4::constant_iterator<int32_t *, ptrdiff_t>, ValueInputItItT=cuda::__4::constant_iterator<cuda::__4::counting_iterator<uint32_t, std::ptrdiff_t, 0, 0, 0>, long>, ValueOutputItItT=cuda::__4::transform_iterator<cub::_V_300500_SM_1000::detail::batched_topk::per_segment_indexed_out_op<cuda::__4::constant_iterator<const int8_t *, ptrdiff_t>, cuda::__4::constant_iterator<int8_t *, ptrdiff_t>>, cuda::__4::counting_iterator<int64_t, __int128_t, 0, 0, 0>>, SegmentSizeParameterT=cub::_V_300500_SM_1000::detail::params::uniform_param<int64_t, 0L, 268435456L>, KParameterT=cub::_V_300500_SM_1000::detail::params::uniform_param<int64_t, 1L, 8388608L>, NumSegmentsParameterT=cub::_V_300500_SM_1000::detail::params::uniform_param<int64_t, 1L, 1L>, SegmentIdProviderT=int64_t *, LargeSegmentTileOffsetT=uint32_t, LargeSegmentsCountItT=unsigned long long *, DecomposerT=cub::_V_300500_SM_1000::detail::identity_decomposer_t, OffsetT=uint32_t, OutOffsetT=uint32_t]" at line 970 of /cccl_fork/cccl/lib/cmake/cub/../../../cub/cub/device/dispatch/dispatch_batched_topk.cuh
            instantiation of function "lambda [](auto)->cudaError_t [with <auto-1>=cuda::std::__4::integral_constant<cub::_V_300500_SM_1000::detail::topk::select, cub::_V_300500_SM_1000::detail::topk::select::min>]" at line 1224 of /cccl_fork/cccl/lib/cmake/cub/../../../cub/cub/device/dispatch/dispatch_batched_topk.cuh
            [ 9 instantiation contexts not shown ]
            instantiation of "void nvbench::benchmark<KernelGenerator, TypeAxes>::do_run() [with KernelGenerator=topk_pairs_line_192, TypeAxes=nvbench::type_list<integral_types, integral_types, offset_types, offset_types>]" at line 74 of /cccl_fork/topk_perf/build_async_keys_v2/_deps/nvbench-src/nvbench/benchmark.cuh
            implicit generation of "nvbench::benchmark<KernelGenerator, TypeAxes>::~benchmark() noexcept [with KernelGenerator=topk_pairs_line_192, TypeAxes=nvbench::type_list<integral_types, integral_types, offset_types, offset_types>]" at line 74 of /cccl_fork/topk_perf/build_async_keys_v2/_deps/nvbench-src/nvbench/benchmark.cuh
            instantiation of class "nvbench::benchmark<KernelGenerator, TypeAxes> [with KernelGenerator=topk_pairs_line_192, TypeAxes=nvbench::type_list<integral_types, integral_types, offset_types, offset_types>]" at line 74 of /cccl_fork/topk_perf/build_async_keys_v2/_deps/nvbench-src/nvbench/benchmark.cuh
            instantiation of "nvbench::benchmark<KernelGenerator, TypeAxes>::benchmark(nvbench::benchmark<KernelGenerator, TypeAxes>::kernel_generator) [with KernelGenerator=topk_pairs_line_192, TypeAxes=nvbench::type_list<integral_types, integral_types, offset_types, offset_types>]" at line 1070 of /usr/include/c++/13/bits/unique_ptr.h
            instantiation of "std::__detail::__unique_ptr_t<_Tp> std::make_unique<_Tp,_Args...>(_Args &&...) [with _Tp=nvbench::benchmark<topk_pairs_line_192, nvbench::type_list<integral_types, integral_types, offset_types, offset_types>>, _Args=<>]" at line 192 of /cccl_fork/cccl/cub/benchmarks/bench/topk/pairs.cu

/cccl_fork/cccl/lib/cmake/cub/../../../cub/cub/detail/topk/tile_data_source.cuh(682): error: function "cub::_V_300500_SM_1000::detail::topk::multi_source_data_source<SourceA, SourceB, OffsetT>::full_load_handle::full_load_handle(const cub::_V_300500_SM_1000::detail::topk::multi_source_data_source<cub::_V_300500_SM_1000::detail::topk::async_to_shared_data_source<const int64_t *, 512, 2, 8UL, uint32_t>, cub::_V_300500_SM_1000::detail::topk::async_to_shared_data_source<long *, 512, 2, 8UL, uint32_t>, uint32_t>::full_load_handle &) [with SourceA=cub::_V_300500_SM_1000::detail::topk::async_to_shared_data_source<const int64_t *, 512, 2, 8UL, uint32_t>, SourceB=cub::_V_300500_SM_1000::detail::topk::async_to_shared_data_source<long *, 512, 2, 8UL, uint32_t>, OffsetT=uint32_t]" (declared implicitly) cannot be referenced -- it is a deleted function
      return out;
             ^
          detected during:
            instantiation of "cub::_V_300500_SM_1000::detail::topk::multi_source_data_source<SourceA, SourceB, OffsetT>::full_load_handle cub::_V_300500_SM_1000::detail::topk::multi_source_data_source<SourceA, SourceB, OffsetT>::submit_load(cub::_V_300500_SM_1000::detail::topk::multi_source_data_source<SourceA, SourceB, OffsetT>::ScratchStorage &) [with SourceA=cub::_V_300500_SM_1000::detail::topk::async_to_shared_data_source<const int64_t *, 512, 2, 8UL, uint32_t>, SourceB=cub::_V_300500_SM_1000::detail::topk::async_to_shared_data_source<long *, 512, 2, 8UL, uint32_t>, OffsetT=uint32_t]" at line 1582 of /cccl_fork/cccl/lib/cmake/cub/../../../cub/cub/agent/agent_batched_topk.cuh
            instantiation of "void cub::_V_300500_SM_1000::detail::batched_topk::agent_batched_topk_filter_partition<AgentTopKPolicyT, KeyInputItItT, KeyOutputItItT, ValueInputItItT, ValueOutputItItT, ExtractBinOpT, IdentifyCandidatesOpT, DecomposerT, SegmentSizeParameterT, KParameterT, NumSegmentsParameterT, SegmentIdProviderT, LargeSegmentTileOffsetT, OffsetT, OutOffsetT, BufferedPartStrat, EarlyStopFilterStrat, LazyValueLoad, InlinedClassify, FullTilesOnly>::process_tile_early_stop<IsFullTile>(const cub::_V_300500_SM_1000::detail::batched_topk::agent_batched_topk_filter_partition<AgentTopKPolicyT, KeyInputItItT, KeyOutputItItT, ValueInputItItT, ValueOutputItItT, ExtractBinOpT, IdentifyCandidatesOpT, DecomposerT, SegmentSizeParameterT, KParameterT, NumSegmentsParameterT, SegmentIdProviderT, LargeSegmentTileOffsetT, OffsetT, OutOffsetT, BufferedPartStrat, EarlyStopFilterStrat, LazyValueLoad, InlinedClassify, FullTilesOnly>::per_segment_state_t &, LargeSegmentTileOffsetT) [with AgentTopKPolicyT=cub::_V_300500_SM_1000::detail::topk::AgentTopKPolicy<512, 2, 11, cub::_V_300500_SM_1000::BLOCK_SCAN_WARP_SCANS, cub::_V_300500_SM_1000::detail::topk::tile_load_kind::block_load_to_shared_async, 256, 128>, KeyInputItItT=cuda::__4::constant_iterator<const int64_t *, ptrdiff_t>, KeyOutputItItT=cuda::__4::constant_iterator<int64_t *, ptrdiff_t>, ValueInputItItT=cuda::__4::constant_iterator<cuda::__4::counting_iterator<uint32_t, std::ptrdiff_t, 0, 0, 0>, long>, ValueOutputItItT=cuda::__4::transform_iterator<cub::_V_300500_SM_1000::detail::batched_topk::per_segment_indexed_out_op<cuda::__4::constant_iterator<const int8_t *, ptrdiff_t>, cuda::__4::constant_iterator<int8_t *, ptrdiff_t>>, cuda::__4::counting_iterator<int64_t, __int128_t, 0, 0, 0>>, ExtractBinOpT=cub::_V_300500_SM_1000::detail::topk::extract_bin_op_t<long, cub::_V_300500_SM_1000::detail::topk::select::min, 11, cub::_V_300500_SM_1000::detail::identity_decomposer_t, true>, IdentifyCandidatesOpT=cub::_V_300500_SM_1000::detail::topk::identify_candidates_op_t<long, cub::_V_300500_SM_1000::detail::topk::select::min, 11, cub::_V_300500_SM_1000::detail::identity_decomposer_t, true>, DecomposerT=cub::_V_300500_SM_1000::detail::identity_decomposer_t, SegmentSizeParameterT=cub::_V_300500_SM_1000::detail::params::uniform_param<int64_t, 0L, 268435456L>, KParameterT=cub::_V_300500_SM_1000::detail::params::uniform_param<int64_t, 1L, 8388608L>, NumSegmentsParameterT=cub::_V_300500_SM_1000::detail::params::uniform_param<int64_t, 1L, 1L>, SegmentIdProviderT=int64_t *, LargeSegmentTileOffsetT=uint32_t, OffsetT=uint32_t, OutOffsetT=uint32_t, BufferedPartStrat=cub::_V_300500_SM_1000::detail::topk::block_partition_strategy::atomics, EarlyStopFilterStrat=cub::_V_300500_SM_1000::detail::topk::block_filter_strategy::atomics, LazyValueLoad=true, InlinedClassify=true, FullTilesOnly=true, IsFullTile=true]" at line 1829 of /cccl_fork/cccl/lib/cmake/cub/../../../cub/cub/agent/agent_batched_topk.cuh
            instantiation of "void cub::_V_300500_SM_1000::detail::batched_topk::agent_batched_topk_filter_partition<AgentTopKPolicyT, KeyInputItItT, KeyOutputItItT, ValueInputItItT, ValueOutputItItT, ExtractBinOpT, IdentifyCandidatesOpT, DecomposerT, SegmentSizeParameterT, KParameterT, NumSegmentsParameterT, SegmentIdProviderT, LargeSegmentTileOffsetT, OffsetT, OutOffsetT, BufferedPartStrat, EarlyStopFilterStrat, LazyValueLoad, InlinedClassify, FullTilesOnly>::dispatch_tile<IsFullTile>(const cub::_V_300500_SM_1000::detail::batched_topk::agent_batched_topk_filter_partition<AgentTopKPolicyT, KeyInputItItT, KeyOutputItItT, ValueInputItItT, ValueOutputItItT, ExtractBinOpT, IdentifyCandidatesOpT, DecomposerT, SegmentSizeParameterT, KParameterT, NumSegmentsParameterT, SegmentIdProviderT, LargeSegmentTileOffsetT, OffsetT, OutOffsetT, BufferedPartStrat, EarlyStopFilterStrat, LazyValueLoad, InlinedClassify, FullTilesOnly>::per_segment_state_t &, LargeSegmentTileOffsetT) [with AgentTopKPolicyT=cub::_V_300500_SM_1000::detail::topk::AgentTopKPolicy<512, 2, 11, cub::_V_300500_SM_1000::BLOCK_SCAN_WARP_SCANS, cub::_V_300500_SM_1000::detail::topk::tile_load_kind::block_load_to_shared_async, 256, 128>, KeyInputItItT=cuda::__4::constant_iterator<const int64_t *, ptrdiff_t>, KeyOutputItItT=cuda::__4::constant_iterator<int64_t *, ptrdiff_t>, ValueInputItItT=cuda::__4::constant_iterator<cuda::__4::counting_iterator<uint32_t, std::ptrdiff_t, 0, 0, 0>, long>, ValueOutputItItT=cuda::__4::transform_iterator<cub::_V_300500_SM_1000::detail::batched_topk::per_segment_indexed_out_op<cuda::__4::constant_iterator<const int8_t *, ptrdiff_t>, cuda::__4::constant_iterator<int8_t *, ptrdiff_t>>, cuda::__4::counting_iterator<int64_t, __int128_t, 0, 0, 0>>, ExtractBinOpT=cub::_V_300500_SM_1000::detail::topk::extract_bin_op_t<long, cub::_V_300500_SM_1000::detail::topk::select::min, 11, cub::_V_300500_SM_1000::detail::identity_decomposer_t, true>, IdentifyCandidatesOpT=cub::_V_300500_SM_1000::detail::topk::identify_candidates_op_t<long, cub::_V_300500_SM_1000::detail::topk::select::min, 11, cub::_V_300500_SM_1000::detail::identity_decomposer_t, true>, DecomposerT=cub::_V_300500_SM_1000::detail::identity_decomposer_t, SegmentSizeParameterT=cub::_V_300500_SM_1000::detail::params::uniform_param<int64_t, 0L, 268435456L>, KParameterT=cub::_V_300500_SM_1000::detail::params::uniform_param<int64_t, 1L, 8388608L>, NumSegmentsParameterT=cub::_V_300500_SM_1000::detail::params::uniform_param<int64_t, 1L, 1L>, SegmentIdProviderT=int64_t *, LargeSegmentTileOffsetT=uint32_t, OffsetT=uint32_t, OutOffsetT=uint32_t, BufferedPartStrat=cub::_V_300500_SM_1000::detail::topk::block_partition_strategy::atomics, EarlyStopFilterStrat=cub::_V_300500_SM_1000::detail::topk::block_filter_strategy::atomics, LazyValueLoad=true, InlinedClassify=true, FullTilesOnly=true, IsFullTile=true]" at line 1991 of /cccl_fork/cccl/lib/cmake/cub/../../../cub/cub/agent/agent_batched_topk.cuh
            instantiation of "void cub::_V_300500_SM_1000::detail::batched_topk::agent_batched_topk_filter_partition<AgentTopKPolicyT, KeyInputItItT, KeyOutputItItT, ValueInputItItT, ValueOutputItItT, ExtractBinOpT, IdentifyCandidatesOpT, DecomposerT, SegmentSizeParameterT, KParameterT, NumSegmentsParameterT, SegmentIdProviderT, LargeSegmentTileOffsetT, OffsetT, OutOffsetT, BufferedPartStrat, EarlyStopFilterStrat, LazyValueLoad, InlinedClassify, FullTilesOnly>::run<TilesPerChunk>(int) [with AgentTopKPolicyT=cub::_V_300500_SM_1000::detail::topk::AgentTopKPolicy<512, 2, 11, cub::_V_300500_SM_1000::BLOCK_SCAN_WARP_SCANS, cub::_V_300500_SM_1000::detail::topk::tile_load_kind::block_load_to_shared_async, 256, 128>, KeyInputItItT=cuda::__4::constant_iterator<const int64_t *, ptrdiff_t>, KeyOutputItItT=cuda::__4::constant_iterator<int64_t *, ptrdiff_t>, ValueInputItItT=cuda::__4::constant_iterator<cuda::__4::counting_iterator<uint32_t, std::ptrdiff_t, 0, 0, 0>, long>, ValueOutputItItT=cuda::__4::transform_iterator<cub::_V_300500_SM_1000::detail::batched_topk::per_segment_indexed_out_op<cuda::__4::constant_iterator<const int8_t *, ptrdiff_t>, cuda::__4::constant_iterator<int8_t *, ptrdiff_t>>, cuda::__4::counting_iterator<int64_t, __int128_t, 0, 0, 0>>, ExtractBinOpT=cub::_V_300500_SM_1000::detail::topk::extract_bin_op_t<long, cub::_V_300500_SM_1000::detail::topk::select::min, 11, cub::_V_300500_SM_1000::detail::identity_decomposer_t, true>, IdentifyCandidatesOpT=cub::_V_300500_SM_1000::detail::topk::identify_candidates_op_t<long, cub::_V_300500_SM_1000::detail::topk::select::min, 11, cub::_V_300500_SM_1000::detail::identity_decomposer_t, true>, DecomposerT=cub::_V_300500_SM_1000::detail::identity_decomposer_t, SegmentSizeParameterT=cub::_V_300500_SM_1000::detail::params::uniform_param<int64_t, 0L, 268435456L>, KParameterT=cub::_V_300500_SM_1000::detail::params::uniform_param<int64_t, 1L, 8388608L>, NumSegmentsParameterT=cub::_V_300500_SM_1000::detail::params::uniform_param<int64_t, 1L, 1L>, SegmentIdProviderT=int64_t *, LargeSegmentTileOffsetT=uint32_t, OffsetT=uint32_t, OutOffsetT=uint32_t, BufferedPartStrat=cub::_V_300500_SM_1000::detail::topk::block_partition_strategy::atomics, EarlyStopFilterStrat=cub::_V_300500_SM_1000::detail::topk::block_filter_strategy::atomics, LazyValueLoad=true, InlinedClassify=true, FullTilesOnly=true, TilesPerChunk=8]" at line 752 of /cccl_fork/cccl/lib/cmake/cub/../../../cub/cub/device/dispatch/kernels/kernel_batched_topk.cuh
            instantiation of "void cub::_V_300500_SM_1000::detail::batched_topk::device_segmented_topk_filter_kernel<PolicySelector,SelectDirection,KeyInputItItT,KeyOutputItItT,ValueInputItItT,ValueOutputItItT,SegmentSizeParameterT,KParameterT,NumSegmentsParameterT,SegmentIdProviderT,LargeSegmentTileOffsetT,LargeSegmentsCountItT,DecomposerT,OffsetT,OutOffsetT>(KeyInputItItT, KeyOutputItItT, ValueInputItItT, ValueOutputItItT, SegmentSizeParameterT, KParameterT, NumSegmentsParameterT, SegmentIdProviderT, const LargeSegmentTileOffsetT *, cub::_V_300500_SM_1000::detail::topk::counter<cub::_V_300500_SM_1000::detail::it_value_t<cub::_V_300500_SM_1000::detail::it_value_t<KeyInputItItT>>, OffsetT, OutOffsetT> *, OffsetT *, cub::_V_300500_SM_1000::detail::it_value_t<cub::_V_300500_SM_1000::detail::it_value_t<KeyInputItItT>> *, cub::_V_300500_SM_1000::detail::it_value_t<cub::_V_300500_SM_1000::detail::it_value_t<ValueInputItItT>> *, cub::_V_300500_SM_1000::detail::it_value_t<cub::_V_300500_SM_1000::detail::it_value_t<KeyInputItItT>> *, cub::_V_300500_SM_1000::detail::it_value_t<cub::_V_300500_SM_1000::detail::it_value_t<ValueInputItItT>> *, OffsetT, OffsetT, LargeSegmentsCountItT, int, int, __nv_bool, DecomposerT) [with PolicySelector=cub::_V_300500_SM_1000::detail::batched_topk::policy_selector_from_types<long, signed char, signed long, 8388608L>, SelectDirection=cub::_V_300500_SM_1000::detail::topk::select::min, KeyInputItItT=cuda::__4::constant_iterator<const int64_t *, ptrdiff_t>, KeyOutputItItT=cuda::__4::constant_iterator<int64_t *, ptrdiff_t>, ValueInputItItT=cuda::__4::constant_iterator<cuda::__4::counting_iterator<uint32_t, std::ptrdiff_t, 0, 0, 0>, long>, ValueOutputItItT=cuda::__4::transform_iterator<cub::_V_300500_SM_1000::detail::batched_topk::per_segment_indexed_out_op<cuda::__4::constant_iterator<const int8_t *, ptrdiff_t>, cuda::__4::constant_iterator<int8_t *, ptrdiff_t>>, cuda::__4::counting_iterator<int64_t, __int128_t, 0, 0, 0>>, SegmentSizeParameterT=cub::_V_300500_SM_1000::detail::params::uniform_param<int64_t, 0L, 268435456L>, KParameterT=cub::_V_300500_SM_1000::detail::params::uniform_param<int64_t, 1L, 8388608L>, NumSegmentsParameterT=cub::_V_300500_SM_1000::detail::params::uniform_param<int64_t, 1L, 1L>, SegmentIdProviderT=int64_t *, LargeSegmentTileOffsetT=uint32_t, LargeSegmentsCountItT=unsigned long long *, DecomposerT=cub::_V_300500_SM_1000::detail::identity_decomposer_t, OffsetT=uint32_t, OutOffsetT=uint32_t]" at line 954 of /cccl_fork/cccl/lib/cmake/cub/../../../cub/cub/device/dispatch/dispatch_batched_topk.cuh
            [ 10 instantiation contexts not shown ]
            instantiation of "void nvbench::benchmark<KernelGenerator, TypeAxes>::do_run() [with KernelGenerator=topk_pairs_line_192, TypeAxes=nvbench::type_list<integral_types, integral_types, offset_types, offset_types>]" at line 74 of /cccl_fork/topk_perf/build_async_keys_v2/_deps/nvbench-src/nvbench/benchmark.cuh
            implicit generation of "nvbench::benchmark<KernelGenerator, TypeAxes>::~benchmark() noexcept [with KernelGenerator=topk_pairs_line_192, TypeAxes=nvbench::type_list<integral_types, integral_types, offset_types, offset_types>]" at line 74 of /cccl_fork/topk_perf/build_async_keys_v2/_deps/nvbench-src/nvbench/benchmark.cuh
            instantiation of class "nvbench::benchmark<KernelGenerator, TypeAxes> [with KernelGenerator=topk_pairs_line_192, TypeAxes=nvbench::type_list<integral_types, integral_types, offset_types, offset_types>]" at line 74 of /cccl_fork/topk_perf/build_async_keys_v2/_deps/nvbench-src/nvbench/benchmark.cuh
            instantiation of "nvbench::benchmark<KernelGenerator, TypeAxes>::benchmark(nvbench::benchmark<KernelGenerator, TypeAxes>::kernel_generator) [with KernelGenerator=topk_pairs_line_192, TypeAxes=nvbench::type_list<integral_types, integral_types, offset_types, offset_types>]" at line 1070 of /usr/include/c++/13/bits/unique_ptr.h
            instantiation of "std::__detail::__unique_ptr_t<_Tp> std::make_unique<_Tp,_Args...>(_Args &&...) [with _Tp=nvbench::benchmark<topk_pairs_line_192, nvbench::type_list<integral_types, integral_types, offset_types, offset_types>>, _Args=<>]" at line 192 of /cccl_fork/cccl/cub/benchmarks/bench/topk/pairs.cu

/cccl_fork/cccl/lib/cmake/cub/../../../cub/cub/detail/topk/tile_data_source.cuh(718): error: function "cub::_V_300500_SM_1000::detail::topk::multi_source_data_source<SourceA, SourceB, OffsetT>::partial_load_handle::partial_load_handle(const cub::_V_300500_SM_1000::detail::topk::multi_source_data_source<cub::_V_300500_SM_1000::detail::topk::async_to_shared_data_source<const int64_t *, 512, 2, 8UL, uint32_t>, cub::_V_300500_SM_1000::detail::topk::async_to_shared_data_source<long *, 512, 2, 8UL, uint32_t>, uint32_t>::partial_load_handle &) [with SourceA=cub::_V_300500_SM_1000::detail::topk::async_to_shared_data_source<const int64_t *, 512, 2, 8UL, uint32_t>, SourceB=cub::_V_300500_SM_1000::detail::topk::async_to_shared_data_source<long *, 512, 2, 8UL, uint32_t>, OffsetT=uint32_t]" (declared implicitly) cannot be referenced -- it is a deleted function
      return out;
             ^
          detected during:
            instantiation of "cub::_V_300500_SM_1000::detail::topk::multi_source_data_source<SourceA, SourceB, OffsetT>::partial_load_handle cub::_V_300500_SM_1000::detail::topk::multi_source_data_source<SourceA, SourceB, OffsetT>::submit_load(cub::_V_300500_SM_1000::detail::topk::multi_source_data_source<SourceA, SourceB, OffsetT>::ScratchStorage &, OffsetT) [with SourceA=cub::_V_300500_SM_1000::detail::topk::async_to_shared_data_source<const int64_t *, 512, 2, 8UL, uint32_t>, SourceB=cub::_V_300500_SM_1000::detail::topk::async_to_shared_data_source<long *, 512, 2, 8UL, uint32_t>, OffsetT=uint32_t]" at line 2510 of /cccl_fork/cccl/lib/cmake/cub/../../../cub/cub/agent/agent_batched_topk.cuh
            instantiation of "void cub::_V_300500_SM_1000::detail::batched_topk::agent_batched_topk_last_filter<AgentTopKPolicyT, KeyInputItItT, KeyOutputItItT, ValueInputItItT, ValueOutputItItT, IdentifyCandidatesOpT, DecomposerT, SegmentSizeParameterT, KParameterT, NumSegmentsParameterT, SegmentIdProviderT, LargeSegmentTileOffsetT, OffsetT, OutOffsetT, PartStrat, LazyValueLoad, InlinedClassify>::process_tile<IsFullTile>(const cub::_V_300500_SM_1000::detail::batched_topk::agent_batched_topk_last_filter<AgentTopKPolicyT, KeyInputItItT, KeyOutputItItT, ValueInputItItT, ValueOutputItItT, IdentifyCandidatesOpT, DecomposerT, SegmentSizeParameterT, KParameterT, NumSegmentsParameterT, SegmentIdProviderT, LargeSegmentTileOffsetT, OffsetT, OutOffsetT, PartStrat, LazyValueLoad, InlinedClassify>::per_segment_state_t &, cub::_V_300500_SM_1000::detail::batched_topk::agent_batched_topk_last_filter<AgentTopKPolicyT, KeyInputItItT, KeyOutputItItT, ValueInputItItT, ValueOutputItItT, IdentifyCandidatesOpT, DecomposerT, SegmentSizeParameterT, KParameterT, NumSegmentsParameterT, SegmentIdProviderT, LargeSegmentTileOffsetT, OffsetT, OutOffsetT, PartStrat, LazyValueLoad, InlinedClassify>::partition_t &, cub::_V_300500_SM_1000::detail::batched_topk::agent_batched_topk_last_filter<AgentTopKPolicyT, KeyInputItItT, KeyOutputItItT, ValueInputItItT, ValueOutputItItT, IdentifyCandidatesOpT, DecomposerT, SegmentSizeParameterT, KParameterT, NumSegmentsParameterT, SegmentIdProviderT, LargeSegmentTileOffsetT, OffsetT, OutOffsetT, PartStrat, LazyValueLoad, InlinedClassify>::keys_source_t &, LargeSegmentTileOffsetT) [with AgentTopKPolicyT=cub::_V_300500_SM_1000::detail::topk::AgentTopKPolicy<512, 2, 11, cub::_V_300500_SM_1000::BLOCK_SCAN_WARP_SCANS, cub::_V_300500_SM_1000::detail::topk::tile_load_kind::block_load_to_shared_async, 256, 128>, KeyInputItItT=cuda::__4::constant_iterator<const int64_t *, ptrdiff_t>, KeyOutputItItT=cuda::__4::constant_iterator<int64_t *, ptrdiff_t>, ValueInputItItT=cuda::__4::constant_iterator<cuda::__4::counting_iterator<uint32_t, std::ptrdiff_t, 0, 0, 0>, long>, ValueOutputItItT=cuda::__4::transform_iterator<cub::_V_300500_SM_1000::detail::batched_topk::per_segment_indexed_out_op<cuda::__4::constant_iterator<const int8_t *, ptrdiff_t>, cuda::__4::constant_iterator<int8_t *, ptrdiff_t>>, cuda::__4::counting_iterator<int64_t, __int128_t, 0, 0, 0>>, IdentifyCandidatesOpT=cub::_V_300500_SM_1000::detail::topk::identify_candidates_op_t<long, cub::_V_300500_SM_1000::detail::topk::select::min, 11, cub::_V_300500_SM_1000::detail::identity_decomposer_t, true>, DecomposerT=cub::_V_300500_SM_1000::detail::identity_decomposer_t, SegmentSizeParameterT=cub::_V_300500_SM_1000::detail::params::uniform_param<int64_t, 0L, 268435456L>, KParameterT=cub::_V_300500_SM_1000::detail::params::uniform_param<int64_t, 1L, 8388608L>, NumSegmentsParameterT=cub::_V_300500_SM_1000::detail::params::uniform_param<int64_t, 1L, 1L>, SegmentIdProviderT=int64_t *, LargeSegmentTileOffsetT=uint32_t, OffsetT=uint32_t, OutOffsetT=uint32_t, PartStrat=cub::_V_300500_SM_1000::detail::topk::block_partition_strategy::atomics, LazyValueLoad=true, InlinedClassify=true, IsFullTile=false]" at line 2635 of /cccl_fork/cccl/lib/cmake/cub/../../../cub/cub/agent/agent_batched_topk.cuh
            instantiation of "void cub::_V_300500_SM_1000::detail::batched_topk::agent_batched_topk_last_filter<AgentTopKPolicyT, KeyInputItItT, KeyOutputItItT, ValueInputItItT, ValueOutputItItT, IdentifyCandidatesOpT, DecomposerT, SegmentSizeParameterT, KParameterT, NumSegmentsParameterT, SegmentIdProviderT, LargeSegmentTileOffsetT, OffsetT, OutOffsetT, PartStrat, LazyValueLoad, InlinedClassify>::run<TilesPerChunk>() [with AgentTopKPolicyT=cub::_V_300500_SM_1000::detail::topk::AgentTopKPolicy<512, 2, 11, cub::_V_300500_SM_1000::BLOCK_SCAN_WARP_SCANS, cub::_V_300500_SM_1000::detail::topk::tile_load_kind::block_load_to_shared_async, 256, 128>, KeyInputItItT=cuda::__4::constant_iterator<const int64_t *, ptrdiff_t>, KeyOutputItItT=cuda::__4::constant_iterator<int64_t *, ptrdiff_t>, ValueInputItItT=cuda::__4::constant_iterator<cuda::__4::counting_iterator<uint32_t, std::ptrdiff_t, 0, 0, 0>, long>, ValueOutputItItT=cuda::__4::transform_iterator<cub::_V_300500_SM_1000::detail::batched_topk::per_segment_indexed_out_op<cuda::__4::constant_iterator<const int8_t *, ptrdiff_t>, cuda::__4::constant_iterator<int8_t *, ptrdiff_t>>, cuda::__4::counting_iterator<int64_t, __int128_t, 0, 0, 0>>, IdentifyCandidatesOpT=cub::_V_300500_SM_1000::detail::topk::identify_candidates_op_t<long, cub::_V_300500_SM_1000::detail::topk::select::min, 11, cub::_V_300500_SM_1000::detail::identity_decomposer_t, true>, DecomposerT=cub::_V_300500_SM_1000::detail::identity_decomposer_t, SegmentSizeParameterT=cub::_V_300500_SM_1000::detail::params::uniform_param<int64_t, 0L, 268435456L>, KParameterT=cub::_V_300500_SM_1000::detail::params::uniform_param<int64_t, 1L, 8388608L>, NumSegmentsParameterT=cub::_V_300500_SM_1000::detail::params::uniform_param<int64_t, 1L, 1L>, SegmentIdProviderT=int64_t *, LargeSegmentTileOffsetT=uint32_t, OffsetT=uint32_t, OutOffsetT=uint32_t, PartStrat=cub::_V_300500_SM_1000::detail::topk::block_partition_strategy::atomics, LazyValueLoad=true, InlinedClassify=true, TilesPerChunk=8]" at line 1108 of /cccl_fork/cccl/lib/cmake/cub/../../../cub/cub/device/dispatch/kernels/kernel_batched_topk.cuh
            instantiation of "void cub::_V_300500_SM_1000::detail::batched_topk::device_segmented_topk_last_filter_kernel<PolicySelector,SelectDirection,KeyInputItItT,KeyOutputItItT,ValueInputItItT,ValueOutputItItT,SegmentSizeParameterT,KParameterT,NumSegmentsParameterT,SegmentIdProviderT,LargeSegmentTileOffsetT,LargeSegmentsCountItT,DecomposerT,OffsetT,OutOffsetT>(KeyInputItItT, KeyOutputItItT, ValueInputItItT, ValueOutputItItT, SegmentSizeParameterT, KParameterT, NumSegmentsParameterT, SegmentIdProviderT, const LargeSegmentTileOffsetT *, cub::_V_300500_SM_1000::detail::topk::counter<cub::_V_300500_SM_1000::detail::it_value_t<cub::_V_300500_SM_1000::detail::it_value_t<KeyInputItItT>>, OffsetT, OutOffsetT> *, cub::_V_300500_SM_1000::detail::it_value_t<cub::_V_300500_SM_1000::detail::it_value_t<KeyInputItItT>> *, cub::_V_300500_SM_1000::detail::it_value_t<cub::_V_300500_SM_1000::detail::it_value_t<ValueInputItItT>> *, OffsetT, LargeSegmentsCountItT, int, int, DecomposerT) [with PolicySelector=cub::_V_300500_SM_1000::detail::batched_topk::policy_selector_from_types<long, signed char, signed long, 8388608L>, SelectDirection=cub::_V_300500_SM_1000::detail::topk::select::min, KeyInputItItT=cuda::__4::constant_iterator<const int64_t *, ptrdiff_t>, KeyOutputItItT=cuda::__4::constant_iterator<int64_t *, ptrdiff_t>, ValueInputItItT=cuda::__4::constant_iterator<cuda::__4::counting_iterator<uint32_t, std::ptrdiff_t, 0, 0, 0>, long>, ValueOutputItItT=cuda::__4::transform_iterator<cub::_V_300500_SM_1000::detail::batched_topk::per_segment_indexed_out_op<cuda::__4::constant_iterator<const int8_t *, ptrdiff_t>, cuda::__4::constant_iterator<int8_t *, ptrdiff_t>>, cuda::__4::counting_iterator<int64_t, __int128_t, 0, 0, 0>>, SegmentSizeParameterT=cub::_V_300500_SM_1000::detail::params::uniform_param<int64_t, 0L, 268435456L>, KParameterT=cub::_V_300500_SM_1000::detail::params::uniform_param<int64_t, 1L, 8388608L>, NumSegmentsParameterT=cub::_V_300500_SM_1000::detail::params::uniform_param<int64_t, 1L, 1L>, SegmentIdProviderT=int64_t *, LargeSegmentTileOffsetT=uint32_t, LargeSegmentsCountItT=unsigned long long *, DecomposerT=cub::_V_300500_SM_1000::detail::identity_decomposer_t, OffsetT=uint32_t, OutOffsetT=uint32_t]" at line 970 of /cccl_fork/cccl/lib/cmake/cub/../../../cub/cub/device/dispatch/dispatch_batched_topk.cuh
            instantiation of function "lambda [](auto)->cudaError_t [with <auto-1>=cuda::std::__4::integral_constant<cub::_V_300500_SM_1000::detail::topk::select, cub::_V_300500_SM_1000::detail::topk::select::min>]" at line 1224 of /cccl_fork/cccl/lib/cmake/cub/../../../cub/cub/device/dispatch/dispatch_batched_topk.cuh
            [ 9 instantiation contexts not shown ]
            instantiation of "void nvbench::benchmark<KernelGenerator, TypeAxes>::do_run() [with KernelGenerator=topk_pairs_line_192, TypeAxes=nvbench::type_list<integral_types, integral_types, offset_types, offset_types>]" at line 74 of /cccl_fork/topk_perf/build_async_keys_v2/_deps/nvbench-src/nvbench/benchmark.cuh
            implicit generation of "nvbench::benchmark<KernelGenerator, TypeAxes>::~benchmark() noexcept [with KernelGenerator=topk_pairs_line_192, TypeAxes=nvbench::type_list<integral_types, integral_types, offset_types, offset_types>]" at line 74 of /cccl_fork/topk_perf/build_async_keys_v2/_deps/nvbench-src/nvbench/benchmark.cuh
            instantiation of class "nvbench::benchmark<KernelGenerator, TypeAxes> [with KernelGenerator=topk_pairs_line_192, TypeAxes=nvbench::type_list<integral_types, integral_types, offset_types, offset_types>]" at line 74 of /cccl_fork/topk_perf/build_async_keys_v2/_deps/nvbench-src/nvbench/benchmark.cuh
            instantiation of "nvbench::benchmark<KernelGenerator, TypeAxes>::benchmark(nvbench::benchmark<KernelGenerator, TypeAxes>::kernel_generator) [with KernelGenerator=topk_pairs_line_192, TypeAxes=nvbench::type_list<integral_types, integral_types, offset_types, offset_types>]" at line 1070 of /usr/include/c++/13/bits/unique_ptr.h
            instantiation of "std::__detail::__unique_ptr_t<_Tp> std::make_unique<_Tp,_Args...>(_Args &&...) [with _Tp=nvbench::benchmark<topk_pairs_line_192, nvbench::type_list<integral_types, integral_types, offset_types, offset_types>>, _Args=<>]" at line 192 of /cccl_fork/cccl/cub/benchmarks/bench/topk/pairs.cu

8 errors detected in the compilation of "/cccl_fork/cccl/cub/benchmarks/bench/topk/pairs.cu".
[43/44] Building CUDA object nvbench_helper/CMakeFiles/cccl.nvbench_helper.dir/nvbench_helper/nvbench_helper.cu.o
ptxas info    : 121 bytes gmem
ptxas info    : Compiling entry function '_ZN7nvbench6detail11noop_kernelIvEEvv' for 'sm_100'
ptxas info    : Function properties for _ZN7nvbench6detail11noop_kernelIvEEvv
    0 bytes stack frame, 0 bytes spill stores, 0 bytes spill loads
ptxas info    : Used 4 registers, used 0 barriers
ptxas info    : Compile time = 1.657 ms
ptxas info    : Compiling entry function '_ZN3cub17_V_300500_SM_10006detail4find11find_kernelINS2_26policy_selector_from_typesImEEPmyN6detail4ge_tImEEEEvT0_T1_PSB_T2_' for 'sm_100'
ptxas info    : Function properties for _ZN3cub17_V_300500_SM_10006detail4find11find_kernelINS2_26policy_selector_from_typesImEEPmyN6detail4ge_tImEEEEvT0_T1_PSB_T2_
    0 bytes stack frame, 0 bytes spill stores, 0 bytes spill loads
ptxas info    : Used 26 registers, used 1 barriers, 16 bytes smem
ptxas info    : Compile time = 9.552 ms
ptxas info    : Compiling entry function '_ZN3cub17_V_300500_SM_10006detail4find11find_kernelINS2_26policy_selector_from_typesImEEPmjN6detail4ge_tImEEEEvT0_T1_PSB_T2_' for 'sm_100'
ptxas info    : Function properties for _ZN3cub17_V_300500_SM_10006detail4find11find_kernelINS2_26policy_selector_from_typesImEEPmjN6detail4ge_tImEEEEvT0_T1_PSB_T2_
    0 bytes stack frame, 0 bytes spill stores, 0 bytes spill loads
ptxas info    : Used 29 registers, used 1 barriers, 16 bytes smem
ptxas info    : Compile time = 6.682 ms
ptxas info    : Compiling entry function '_ZN3cub17_V_300500_SM_10006detail4find11find_kernelINS2_26policy_selector_from_typesIlEEPlyN6detail4ge_tIlEEEEvT0_T1_PSB_T2_' for 'sm_100'
ptxas info    : Function properties for _ZN3cub17_V_300500_SM_10006detail4find11find_kernelINS2_26policy_selector_from_typesIlEEPlyN6detail4ge_tIlEEEEvT0_T1_PSB_T2_
    0 bytes stack frame, 0 bytes spill stores, 0 bytes spill loads
ptxas info    : Used 26 registers, used 1 barriers, 16 bytes smem
ptxas info    : Compile time = 9.093 ms
ptxas info    : Compiling entry function '_ZN3cub17_V_300500_SM_10006detail4find11find_kernelINS2_26policy_selector_from_typesIlEEPljN6detail4ge_tIlEEEEvT0_T1_PSB_T2_' for 'sm_100'
ptxas info    : Function properties for _ZN3cub17_V_300500_SM_10006detail4find11find_kernelINS2_26policy_selector_from_typesIlEEPljN6detail4ge_tIlEEEEvT0_T1_PSB_T2_
    0 bytes stack frame, 0 bytes spill stores, 0 bytes spill loads
ptxas info    : Used 29 registers, used 1 barriers, 16 bytes smem
ptxas info    : Compile time = 6.618 ms
ptxas info    : Compiling entry function '_ZN3cub17_V_300500_SM_10006detail4find11find_kernelINS2_26policy_selector_from_typesIjEEPjyN6detail4ge_tIjEEEEvT0_T1_PSB_T2_' for 'sm_100'
ptxas info    : Function properties for _ZN3cub17_V_300500_SM_10006detail4find11find_kernelINS2_26policy_selector_from_typesIjEEPjyN6detail4ge_tIjEEEEvT0_T1_PSB_T2_
    0 bytes stack frame, 0 bytes spill stores, 0 bytes spill loads
ptxas info    : Used 27 registers, used 1 barriers, 16 bytes smem
ptxas info    : Compile time = 11.833 ms
ptxas info    : Compiling entry function '_ZN3cub17_V_300500_SM_10006detail4find11find_kernelINS2_26policy_selector_from_typesIjEEPjjN6detail4ge_tIjEEEEvT0_T1_PSB_T2_' for 'sm_100'
ptxas info    : Function properties for _ZN3cub17_V_300500_SM_10006detail4find11find_kernelINS2_26policy_selector_from_typesIjEEPjjN6detail4ge_tIjEEEEvT0_T1_PSB_T2_
    0 bytes stack frame, 0 bytes spill stores, 0 bytes spill loads
ptxas info    : Used 30 registers, used 1 barriers, 16 bytes smem
ptxas info    : Compile time = 8.367 ms
ptxas info    : Compiling entry function '_ZN3cub17_V_300500_SM_10006detail4find22init_found_pos_pointerIyyEEvPT_T0_' for 'sm_100'
ptxas info    : Function properties for _ZN3cub17_V_300500_SM_10006detail4find22init_found_pos_pointerIyyEEvPT_T0_
    0 bytes stack frame, 0 bytes spill stores, 0 bytes spill loads
ptxas info    : Used 8 registers, used 0 barriers
ptxas info    : Compile time = 0.793 ms
ptxas info    : Compiling entry function '_ZN3cub17_V_300500_SM_10006detail4find11find_kernelINS2_26policy_selector_from_typesIiEEPiyN6detail4ge_tIiEEEEvT0_T1_PSB_T2_' for 'sm_100'
ptxas info    : Function properties for _ZN3cub17_V_300500_SM_10006detail4find11find_kernelINS2_26policy_selector_from_typesIiEEPiyN6detail4ge_tIiEEEEvT0_T1_PSB_T2_
    0 bytes stack frame, 0 bytes spill stores, 0 bytes spill loads
ptxas info    : Used 27 registers, used 1 barriers, 16 bytes smem
ptxas info    : Compile time = 11.691 ms
ptxas info    : Compiling entry function '_ZN3cub17_V_300500_SM_10006detail4find22init_found_pos_pointerIjjEEvPT_T0_' for 'sm_100'
ptxas info    : Function properties for _ZN3cub17_V_300500_SM_10006detail4find22init_found_pos_pointerIjjEEvPT_T0_
    0 bytes stack frame, 0 bytes spill stores, 0 bytes spill loads
ptxas info    : Used 8 registers, used 0 barriers
ptxas info    : Compile time = 0.795 ms
ptxas info    : Compiling entry function '_ZN3cub17_V_300500_SM_10006detail4find11find_kernelINS2_26policy_selector_from_typesIiEEPijN6detail4ge_tIiEEEEvT0_T1_PSB_T2_' for 'sm_100'
ptxas info    : Function properties for _ZN3cub17_V_300500_SM_10006detail4find11find_kernelINS2_26policy_selector_from_typesIiEEPijN6detail4ge_tIiEEEEvT0_T1_PSB_T2_
    0 bytes stack frame, 0 bytes spill stores, 0 bytes spill loads
ptxas info    : Used 30 registers, used 1 barriers, 16 bytes smem
ptxas info    : Compile time = 8.329 ms
ptxas info    : Compiling entry function '_ZN3cub17_V_300500_SM_10006detail6reduce28DeviceReduceSingleTileKernelINS2_26policy_selector_from_typesImyN4cuda3std3__44plusImEEEEPmSB_iS9_mmNS7_8identityEEEvT0_T1_T2_T3_T4_T6_' for 'sm_100'
ptxas info    : Function properties for _ZN3cub17_V_300500_SM_10006detail6reduce28DeviceReduceSingleTileKernelINS2_26policy_selector_from_typesImyN4cuda3std3__44plusImEEEEPmSB_iS9_mmNS7_8identityEEEvT0_T1_T2_T3_T4_T6_
    0 bytes stack frame, 0 bytes spill stores, 0 bytes spill loads
ptxas info    : Used 48 registers, used 1 barriers, 160 bytes smem
ptxas info    : Compile time = 18.436 ms
ptxas info    : Compiling entry function '_ZN3cub17_V_300500_SM_10006detail6reduce18DeviceReduceKernelINS2_26policy_selector_from_typesImyN4cuda3std3__44plusImEEEEPmyS9_mNS7_8identityEEEvT0_PT3_T1_NS0_13GridEvenShareISG_EET2_T4_' for 'sm_100'
ptxas info    : Function properties for _ZN3cub17_V_300500_SM_10006detail6reduce18DeviceReduceKernelINS2_26policy_selector_from_typesImyN4cuda3std3__44plusImEEEEPmyS9_mNS7_8identityEEEvT0_PT3_T1_NS0_13GridEvenShareISG_EET2_T4_
    0 bytes stack frame, 0 bytes spill stores, 0 bytes spill loads
ptxas info    : Used 32 registers, used 1 barriers, 160 bytes smem
ptxas info    : Compile time = 20.541 ms
ptxas info    : Compiling entry function '_ZN3cub17_V_300500_SM_10006detail6reduce28DeviceReduceSingleTileKernelINS2_26policy_selector_from_typesImyN4cuda3std3__44plusImEEEEPmSB_yS9_mmNS7_8identityEEEvT0_T1_T2_T3_T4_T6_' for 'sm_100'
ptxas info    : Function properties for _ZN3cub17_V_300500_SM_10006detail6reduce28DeviceReduceSingleTileKernelINS2_26policy_selector_from_typesImyN4cuda3std3__44plusImEEEEPmSB_yS9_mmNS7_8identityEEEvT0_T1_T2_T3_T4_T6_
    0 bytes stack frame, 0 bytes spill stores, 0 bytes spill loads
ptxas info    : Used 48 registers, used 1 barriers, 160 bytes smem
ptxas info    : Compile time = 18.676 ms
ptxas info    : Compiling entry function '_ZN3cub17_V_300500_SM_10006detail6reduce28DeviceReduceSingleTileKernelINS2_26policy_selector_from_typesImjN4cuda3std3__44plusImEEEEPmSB_iS9_mmNS7_8identityEEEvT0_T1_T2_T3_T4_T6_' for 'sm_100'
ptxas info    : Function properties for _ZN3cub17_V_300500_SM_10006detail6reduce28DeviceReduceSingleTileKernelINS2_26policy_selector_from_typesImjN4cuda3std3__44plusImEEEEPmSB_iS9_mmNS7_8identityEEEvT0_T1_T2_T3_T4_T6_
    0 bytes stack frame, 0 bytes spill stores, 0 bytes spill loads
ptxas info    : Used 48 registers, used 1 barriers, 160 bytes smem
ptxas info    : Compile time = 18.055 ms
ptxas info    : Compiling entry function '_ZN3cub17_V_300500_SM_10006detail6reduce18DeviceReduceKernelINS2_26policy_selector_from_typesImjN4cuda3std3__44plusImEEEEPmjS9_mNS7_8identityEEEvT0_PT3_T1_NS0_13GridEvenShareISG_EET2_T4_' for 'sm_100'
ptxas info    : Function properties for _ZN3cub17_V_300500_SM_10006detail6reduce18DeviceReduceKernelINS2_26policy_selector_from_typesImjN4cuda3std3__44plusImEEEEPmjS9_mNS7_8identityEEEvT0_PT3_T1_NS0_13GridEvenShareISG_EET2_T4_
    0 bytes stack frame, 0 bytes spill stores, 0 bytes spill loads
ptxas info    : Used 32 registers, used 1 barriers, 160 bytes smem
ptxas info    : Compile time = 15.385 ms
ptxas info    : Compiling entry function '_ZN3cub17_V_300500_SM_10006detail6reduce28DeviceReduceSingleTileKernelINS2_26policy_selector_from_typesImjN4cuda3std3__44plusImEEEEPmSB_jS9_mmNS7_8identityEEEvT0_T1_T2_T3_T4_T6_' for 'sm_100'
ptxas info    : Function properties for _ZN3cub17_V_300500_SM_10006detail6reduce28DeviceReduceSingleTileKernelINS2_26policy_selector_from_typesImjN4cuda3std3__44plusImEEEEPmSB_jS9_mmNS7_8identityEEEvT0_T1_T2_T3_T4_T6_
    0 bytes stack frame, 0 bytes spill stores, 0 bytes spill loads
ptxas info    : Used 46 registers, used 1 barriers, 160 bytes smem
ptxas info    : Compile time = 16.029 ms
ptxas info    : Compiling entry function '_ZN3cub17_V_300500_SM_10006detail6reduce18DeviceReduceKernelINS2_26policy_selector_from_typesIlyN4cuda3std3__44plusIlEEEEPlyS9_lNS7_8identityEEEvT0_PT3_T1_NS0_13GridEvenShareISG_EET2_T4_' for 'sm_100'
ptxas info    : Function properties for _ZN3cub17_V_300500_SM_10006detail6reduce18DeviceReduceKernelINS2_26policy_selector_from_typesIlyN4cuda3std3__44plusIlEEEEPlyS9_lNS7_8identityEEEvT0_PT3_T1_NS0_13GridEvenShareISG_EET2_T4_
    0 bytes stack frame, 0 bytes spill stores, 0 bytes spill loads
ptxas info    : Used 32 registers, used 1 barriers, 160 bytes smem
ptxas info    : Compile time = 20.554 ms
ptxas info    : Compiling entry function '_ZN3cub17_V_300500_SM_10006detail6reduce28DeviceReduceSingleTileKernelINS2_26policy_selector_from_typesIlyN4cuda3std3__44plusIlEEEEPlSB_yS9_llNS7_8identityEEEvT0_T1_T2_T3_T4_T6_' for 'sm_100'
ptxas info    : Function properties for _ZN3cub17_V_300500_SM_10006detail6reduce28DeviceReduceSingleTileKernelINS2_26policy_selector_from_typesIlyN4cuda3std3__44plusIlEEEEPlSB_yS9_llNS7_8identityEEEvT0_T1_T2_T3_T4_T6_
    0 bytes stack frame, 0 bytes spill stores, 0 bytes spill loads
ptxas info    : Used 48 registers, used 1 barriers, 160 bytes smem
ptxas info    : Compile time = 18.636 ms
ptxas info    : Compiling entry function '_ZN3cub17_V_300500_SM_10006detail6reduce18DeviceReduceKernelINS2_26policy_selector_from_typesIljN4cuda3std3__44plusIlEEEEPljS9_lNS7_8identityEEEvT0_PT3_T1_NS0_13GridEvenShareISG_EET2_T4_' for 'sm_100'
ptxas info    : Function properties for _ZN3cub17_V_300500_SM_10006detail6reduce18DeviceReduceKernelINS2_26policy_selector_from_typesIljN4cuda3std3__44plusIlEEEEPljS9_lNS7_8identityEEEvT0_PT3_T1_NS0_13GridEvenShareISG_EET2_T4_
    0 bytes stack frame, 0 bytes spill stores, 0 bytes spill loads
ptxas info    : Used 32 registers, used 1 barriers, 160 bytes smem
ptxas info    : Compile time = 15.134 ms
ptxas info    : Compiling entry function '_ZN3cub17_V_300500_SM_10006detail6reduce28DeviceReduceSingleTileKernelINS2_26policy_selector_from_typesIljN4cuda3std3__44plusIlEEEEPlSB_jS9_llNS7_8identityEEEvT0_T1_T2_T3_T4_T6_' for 'sm_100'
ptxas info    : Function properties for _ZN3cub17_V_300500_SM_10006detail6reduce28DeviceReduceSingleTileKernelINS2_26policy_selector_from_typesIljN4cuda3std3__44plusIlEEEEPlSB_jS9_llNS7_8identityEEEvT0_T1_T2_T3_T4_T6_
    0 bytes stack frame, 0 bytes spill stores, 0 bytes spill loads
ptxas info    : Used 46 registers, used 1 barriers, 160 bytes smem
ptxas info    : Compile time = 15.916 ms
ptxas info    : Compiling entry function '_ZN3cub17_V_300500_SM_10006detail6reduce28DeviceReduceSingleTileKernelINS2_26policy_selector_from_typesIjyN4cuda3std3__44plusIjEEEEPjSB_iS9_jjNS7_8identityEEEvT0_T1_T2_T3_T4_T6_' for 'sm_100'
ptxas info    : Function properties for _ZN3cub17_V_300500_SM_10006detail6reduce28DeviceReduceSingleTileKernelINS2_26policy_selector_from_typesIjyN4cuda3std3__44plusIjEEEEPjSB_iS9_jjNS7_8identityEEEvT0_T1_T2_T3_T4_T6_
    0 bytes stack frame, 0 bytes spill stores, 0 bytes spill loads
ptxas info    : Used 30 registers, used 1 barriers, 48 bytes smem
ptxas info    : Compile time = 23.478 ms
ptxas info    : Compiling entry function '_ZN3cub17_V_300500_SM_10006detail6reduce18DeviceReduceKernelINS2_26policy_selector_from_typesIjyN4cuda3std3__44plusIjEEEEPjyS9_jNS7_8identityEEEvT0_PT3_T1_NS0_13GridEvenShareISG_EET2_T4_' for 'sm_100'
ptxas info    : Function properties for _ZN3cub17_V_300500_SM_10006detail6reduce18DeviceReduceKernelINS2_26policy_selector_from_typesIjyN4cuda3std3__44plusIjEEEEPjyS9_jNS7_8identityEEEvT0_PT3_T1_NS0_13GridEvenShareISG_EET2_T4_
    0 bytes stack frame, 0 bytes spill stores, 0 bytes spill loads
ptxas info    : Used 29 registers, used 1 barriers, 48 bytes smem
ptxas info    : Compile time = 29.331 ms
ptxas info    : Compiling entry function '_ZN3cub17_V_300500_SM_10006detail6reduce28DeviceReduceSingleTileKernelINS2_26policy_selector_from_typesIjyN4cuda3std3__44plusIjEEEEPjSB_yS9_jjNS7_8identityEEEvT0_T1_T2_T3_T4_T6_' for 'sm_100'
ptxas info    : Function properties for _ZN3cub17_V_300500_SM_10006detail6reduce28DeviceReduceSingleTileKernelINS2_26policy_selector_from_typesIjyN4cuda3std3__44plusIjEEEEPjSB_yS9_jjNS7_8identityEEEvT0_T1_T2_T3_T4_T6_
    0 bytes stack frame, 0 bytes spill stores, 0 bytes spill loads
ptxas info    : Used 32 registers, used 1 barriers, 48 bytes smem
ptxas info    : Compile time = 24.686 ms
ptxas info    : Compiling entry function '_ZN3cub17_V_300500_SM_10006detail6reduce28DeviceReduceSingleTileKernelINS2_26policy_selector_from_typesIjjN4cuda3std3__44plusIjEEEEPjSB_iS9_jjNS7_8identityEEEvT0_T1_T2_T3_T4_T6_' for 'sm_100'
ptxas info    : Function properties for _ZN3cub17_V_300500_SM_10006detail6reduce28DeviceReduceSingleTileKernelINS2_26policy_selector_from_typesIjjN4cuda3std3__44plusIjEEEEPjSB_iS9_jjNS7_8identityEEEvT0_T1_T2_T3_T4_T6_
    0 bytes stack frame, 0 bytes spill stores, 0 bytes spill loads
ptxas info    : Used 30 registers, used 1 barriers, 48 bytes smem
ptxas info    : Compile time = 24.039 ms
ptxas info    : Compiling entry function '_ZN3cub17_V_300500_SM_10006detail6reduce18DeviceReduceKernelINS2_26policy_selector_from_typesIjjN4cuda3std3__44plusIjEEEEPjjS9_jNS7_8identityEEEvT0_PT3_T1_NS0_13GridEvenShareISG_EET2_T4_' for 'sm_100'
ptxas info    : Function properties for _ZN3cub17_V_300500_SM_10006detail6reduce18DeviceReduceKernelINS2_26policy_selector_from_typesIjjN4cuda3std3__44plusIjEEEEPjjS9_jNS7_8identityEEEvT0_PT3_T1_NS0_13GridEvenShareISG_EET2_T4_
    0 bytes stack frame, 0 bytes spill stores, 0 bytes spill loads
ptxas info    : Used 32 registers, used 1 barriers, 48 bytes smem
ptxas info    : Compile time = 19.828 ms
ptxas info    : Compiling entry function '_ZN3cub17_V_300500_SM_10006detail6reduce28DeviceReduceSingleTileKernelINS2_26policy_selector_from_typesIjjN4cuda3std3__44plusIjEEEEPjSB_jS9_jjNS7_8identityEEEvT0_T1_T2_T3_T4_T6_' for 'sm_100'
ptxas info    : Function properties for _ZN3cub17_V_300500_SM_10006detail6reduce28DeviceReduceSingleTileKernelINS2_26policy_selector_from_typesIjjN4cuda3std3__44plusIjEEEEPjSB_jS9_jjNS7_8identityEEEvT0_T1_T2_T3_T4_T6_
    0 bytes stack frame, 0 bytes spill stores, 0 bytes spill loads
ptxas info    : Used 28 registers, used 1 barriers, 48 bytes smem
ptxas info    : Compile time = 19.887 ms
ptxas info    : Compiling entry function '_ZN3cub17_V_300500_SM_10006detail6reduce28DeviceReduceSingleTileKernelINS2_26policy_selector_from_typesIiyN4cuda3std3__44plusIiEEEEPiSB_iS9_iiNS7_8identityEEEvT0_T1_T2_T3_T4_T6_' for 'sm_100'
ptxas info    : Function properties for _ZN3cub17_V_300500_SM_10006detail6reduce28DeviceReduceSingleTileKernelINS2_26policy_selector_from_typesIiyN4cuda3std3__44plusIiEEEEPiSB_iS9_iiNS7_8identityEEEvT0_T1_T2_T3_T4_T6_
    0 bytes stack frame, 0 bytes spill stores, 0 bytes spill loads
ptxas info    : Used 30 registers, used 1 barriers, 48 bytes smem
ptxas info    : Compile time = 24.035 ms
ptxas info    : Compiling entry function '_ZN3cub17_V_300500_SM_10006detail6reduce18DeviceReduceKernelINS2_26policy_selector_from_typesIiyN4cuda3std3__44plusIiEEEEPiyS9_iNS7_8identityEEEvT0_PT3_T1_NS0_13GridEvenShareISG_EET2_T4_' for 'sm_100'
ptxas info    : Function properties for _ZN3cub17_V_300500_SM_10006detail6reduce18DeviceReduceKernelINS2_26policy_selector_from_typesIiyN4cuda3std3__44plusIiEEEEPiyS9_iNS7_8identityEEEvT0_PT3_T1_NS0_13GridEvenShareISG_EET2_T4_
    0 bytes stack frame, 0 bytes spill stores, 0 bytes spill loads
ptxas info    : Used 29 registers, used 1 barriers, 48 bytes smem
ptxas info    : Compile time = 28.845 ms
ptxas info    : Compiling entry function '_ZN3cub17_V_300500_SM_10006detail6reduce28DeviceReduceSingleTileKernelINS2_26policy_selector_from_typesIiyN4cuda3std3__44plusIiEEEEPiSB_yS9_iiNS7_8identityEEEvT0_T1_T2_T3_T4_T6_' for 'sm_100'
ptxas info    : Function properties for _ZN3cub17_V_300500_SM_10006detail6reduce28DeviceReduceSingleTileKernelINS2_26policy_selector_from_typesIiyN4cuda3std3__44plusIiEEEEPiSB_yS9_iiNS7_8identityEEEvT0_T1_T2_T3_T4_T6_
    0 bytes stack frame, 0 bytes spill stores, 0 bytes spill loads
ptxas info    : Used 32 registers, used 1 barriers, 48 bytes smem
ptxas info    : Compile time = 24.729 ms
ptxas info    : Compiling entry function '_ZN3cub17_V_300500_SM_10006detail6reduce28DeviceReduceSingleTileKernelINS2_26policy_selector_from_typesIijN4cuda3std3__44plusIiEEEEPiSB_iS9_iiNS7_8identityEEEvT0_T1_T2_T3_T4_T6_' for 'sm_100'
ptxas info    : Function properties for _ZN3cub17_V_300500_SM_10006detail6reduce28DeviceReduceSingleTileKernelINS2_26policy_selector_from_typesIijN4cuda3std3__44plusIiEEEEPiSB_iS9_iiNS7_8identityEEEvT0_T1_T2_T3_T4_T6_
    0 bytes stack frame, 0 bytes spill stores, 0 bytes spill loads
ptxas info    : Used 30 registers, used 1 barriers, 48 bytes smem
ptxas info    : Compile time = 24.034 ms
ptxas info    : Compiling entry function '_ZN3cub17_V_300500_SM_10006detail6reduce18DeviceReduceKernelINS2_26policy_selector_from_typesIijN4cuda3std3__44plusIiEEEEPijS9_iNS7_8identityEEEvT0_PT3_T1_NS0_13GridEvenShareISG_EET2_T4_' for 'sm_100'
ptxas info    : Function properties for _ZN3cub17_V_300500_SM_10006detail6reduce18DeviceReduceKernelINS2_26policy_selector_from_typesIijN4cuda3std3__44plusIiEEEEPijS9_iNS7_8identityEEEvT0_PT3_T1_NS0_13GridEvenShareISG_EET2_T4_
    0 bytes stack frame, 0 bytes spill stores, 0 bytes spill loads
ptxas info    : Used 32 registers, used 1 barriers, 48 bytes smem
ptxas info    : Compile time = 19.861 ms
ptxas info    : Compiling entry function '_ZN3cub17_V_300500_SM_10006detail6reduce28DeviceReduceSingleTileKernelINS2_26policy_selector_from_typesIijN4cuda3std3__44plusIiEEEEPiSB_jS9_iiNS7_8identityEEEvT0_T1_T2_T3_T4_T6_' for 'sm_100'
ptxas info    : Function properties for _ZN3cub17_V_300500_SM_10006detail6reduce28DeviceReduceSingleTileKernelINS2_26policy_selector_from_typesIijN4cuda3std3__44plusIiEEEEPiSB_jS9_iiNS7_8identityEEEvT0_T1_T2_T3_T4_T6_
    0 bytes stack frame, 0 bytes spill stores, 0 bytes spill loads
ptxas info    : Used 28 registers, used 1 barriers, 48 bytes smem
ptxas info    : Compile time = 19.876 ms
ptxas info    : Compiling entry function '_ZN3cub17_V_300500_SM_10006detail6reduce28DeviceReduceSingleTileKernelINS2_26policy_selector_from_typesIdyN4cuda3std3__44plusIdEEEEPdSB_iS9_ddNS7_8identityEEEvT0_T1_T2_T3_T4_T6_' for 'sm_100'
ptxas info    : Function properties for _ZN3cub17_V_300500_SM_10006detail6reduce28DeviceReduceSingleTileKernelINS2_26policy_selector_from_typesIdyN4cuda3std3__44plusIdEEEEPdSB_iS9_ddNS7_8identityEEEvT0_T1_T2_T3_T4_T6_
    0 bytes stack frame, 0 bytes spill stores, 0 bytes spill loads
ptxas info    : Used 48 registers, used 1 barriers, 160 bytes smem
ptxas info    : Compile time = 17.112 ms
ptxas info    : Compiling entry function '_ZN3cub17_V_300500_SM_10006detail6reduce18DeviceReduceKernelINS2_26policy_selector_from_typesIdyN4cuda3std3__44plusIdEEEEPKdyS9_dNS7_8identityEEEvT0_PT3_T1_NS0_13GridEvenShareISH_EET2_T4_' for 'sm_100'
ptxas info    : Function properties for _ZN3cub17_V_300500_SM_10006detail6reduce18DeviceReduceKernelINS2_26policy_selector_from_typesIdyN4cuda3std3__44plusIdEEEEPKdyS9_dNS7_8identityEEEvT0_PT3_T1_NS0_13GridEvenShareISH_EET2_T4_
    0 bytes stack frame, 0 bytes spill stores, 0 bytes spill loads
ptxas info    : Used 32 registers, used 1 barriers, 160 bytes smem
ptxas info    : Compile time = 18.411 ms
ptxas info    : Compiling entry function '_ZN3cub17_V_300500_SM_10006detail6reduce28DeviceReduceSingleTileKernelINS2_26policy_selector_from_typesIdyN4cuda3std3__44plusIdEEEEPKdPdyS9_ddNS7_8identityEEEvT0_T1_T2_T3_T4_T6_' for 'sm_100'
ptxas info    : Function properties for _ZN3cub17_V_300500_SM_10006detail6reduce28DeviceReduceSingleTileKernelINS2_26policy_selector_from_typesIdyN4cuda3std3__44plusIdEEEEPKdPdyS9_ddNS7_8identityEEEvT0_T1_T2_T3_T4_T6_
    0 bytes stack frame, 0 bytes spill stores, 0 bytes spill loads
ptxas info    : Used 48 registers, used 1 barriers, 160 bytes smem
ptxas info    : Compile time = 17.026 ms
ptxas info    : Compiling entry function '_ZN3cub17_V_300500_SM_10006detail6reduce28DeviceReduceSingleTileKernelINS2_26policy_selector_from_typesIdjN4cuda3std3__44plusIdEEEEPdSB_iS9_ddNS7_8identityEEEvT0_T1_T2_T3_T4_T6_' for 'sm_100'
ptxas info    : Function properties for _ZN3cub17_V_300500_SM_10006detail6reduce28DeviceReduceSingleTileKernelINS2_26policy_selector_from_typesIdjN4cuda3std3__44plusIdEEEEPdSB_iS9_ddNS7_8identityEEEvT0_T1_T2_T3_T4_T6_
    0 bytes stack frame, 0 bytes spill stores, 0 bytes spill loads
ptxas info    : Used 48 registers, used 1 barriers, 192 bytes smem
ptxas info    : Compile time = 17.386 ms
ptxas info    : Compiling entry function '_ZN3cub17_V_300500_SM_10006detail6reduce18DeviceReduceKernelINS2_26policy_selector_from_typesIdjN4cuda3std3__44plusIdEEEEPKdjS9_dNS7_8identityEEEvT0_PT3_T1_NS0_13GridEvenShareISH_EET2_T4_' for 'sm_100'
ptxas info    : Function properties for _ZN3cub17_V_300500_SM_10006detail6reduce18DeviceReduceKernelINS2_26policy_selector_from_typesIdjN4cuda3std3__44plusIdEEEEPKdjS9_dNS7_8identityEEEvT0_PT3_T1_NS0_13GridEvenShareISH_EET2_T4_
    0 bytes stack frame, 0 bytes spill stores, 0 bytes spill loads
ptxas info    : Used 30 registers, used 1 barriers, 192 bytes smem
ptxas info    : Compile time = 15.201 ms
ptxas info    : Compiling entry function '_ZN3cub17_V_300500_SM_10006detail6reduce28DeviceReduceSingleTileKernelINS2_26policy_selector_from_typesIdjN4cuda3std3__44plusIdEEEEPKdPdjS9_ddNS7_8identityEEEvT0_T1_T2_T3_T4_T6_' for 'sm_100'
ptxas info    : Function properties for _ZN3cub17_V_300500_SM_10006detail6reduce28DeviceReduceSingleTileKernelINS2_26policy_selector_from_typesIdjN4cuda3std3__44plusIdEEEEPKdPdjS9_ddNS7_8identityEEEvT0_T1_T2_T3_T4_T6_
    0 bytes stack frame, 0 bytes spill stores, 0 bytes spill loads
ptxas info    : Used 44 registers, used 1 barriers, 192 bytes smem
ptxas info    : Compile time = 15.441 ms
ptxas info    : Compiling entry function '_ZN3cub17_V_300500_SM_10006detail6reduce28DeviceReduceSingleTileKernelINS2_26policy_selector_from_typesIlyN4cuda3std3__44plusIlEEEEPlSB_iS9_llNS7_8identityEEEvT0_T1_T2_T3_T4_T6_' for 'sm_100'
ptxas info    : Function properties for _ZN3cub17_V_300500_SM_10006detail6reduce28DeviceReduceSingleTileKernelINS2_26policy_selector_from_typesIlyN4cuda3std3__44plusIlEEEEPlSB_iS9_llNS7_8identityEEEvT0_T1_T2_T3_T4_T6_
    0 bytes stack frame, 0 bytes spill stores, 0 bytes spill loads
ptxas info    : Used 48 registers, used 1 barriers, 160 bytes smem
ptxas info    : Compile time = 18.083 ms
ptxas info    : Compiling entry function '_ZN3cub17_V_300500_SM_10006detail6reduce18DeviceReduceKernelINS2_26policy_selector_from_typesIlyN4cuda3std3__44plusIlEEEEN6thrust17_V_300500_SM_100018transform_iteratorINS5_3__414equal_to_valueIdEEPKdllEEyS9_lNS7_8identityEEEvT0_PT3_T1_NS0_13GridEvenShareISO_EET2_T4_' for 'sm_100'
ptxas info    : Function properties for _ZN3cub17_V_300500_SM_10006detail6reduce18DeviceReduceKernelINS2_26policy_selector_from_typesIlyN4cuda3std3__44plusIlEEEEN6thrust17_V_300500_SM_100018transform_iteratorINS5_3__414equal_to_valueIdEEPKdllEEyS9_lNS7_8identityEEEvT0_PT3_T1_NS0_13GridEvenShareISO_EET2_T4_
    0 bytes stack frame, 0 bytes spill stores, 0 bytes spill loads
ptxas info    : Used 32 registers, used 1 barriers, 160 bytes smem
ptxas info    : Compile time = 24.103 ms
ptxas info    : Compiling entry function '_ZN3cub17_V_300500_SM_10006detail6reduce28DeviceReduceSingleTileKernelINS2_26policy_selector_from_typesIlyN4cuda3std3__44plusIlEEEEN6thrust17_V_300500_SM_100018transform_iteratorINS5_3__414equal_to_valueIdEEPKdllEEPlyS9_llNS7_8identityEEEvT0_T1_T2_T3_T4_T6_' for 'sm_100'
ptxas info    : Function properties for _ZN3cub17_V_300500_SM_10006detail6reduce28DeviceReduceSingleTileKernelINS2_26policy_selector_from_typesIlyN4cuda3std3__44plusIlEEEEN6thrust17_V_300500_SM_100018transform_iteratorINS5_3__414equal_to_valueIdEEPKdllEEPlyS9_llNS7_8identityEEEvT0_T1_T2_T3_T4_T6_
    0 bytes stack frame, 0 bytes spill stores, 0 bytes spill loads
ptxas info    : Used 48 registers, used 1 barriers, 160 bytes smem
ptxas info    : Compile time = 22.496 ms
ptxas info    : Compiling entry function '_ZN3cub17_V_300500_SM_10006detail6reduce28DeviceReduceSingleTileKernelINS2_26policy_selector_from_typesIljN4cuda3std3__44plusIlEEEEPlSB_iS9_llNS7_8identityEEEvT0_T1_T2_T3_T4_T6_' for 'sm_100'
ptxas info    : Function properties for _ZN3cub17_V_300500_SM_10006detail6reduce28DeviceReduceSingleTileKernelINS2_26policy_selector_from_typesIljN4cuda3std3__44plusIlEEEEPlSB_iS9_llNS7_8identityEEEvT0_T1_T2_T3_T4_T6_
    0 bytes stack frame, 0 bytes spill stores, 0 bytes spill loads
ptxas info    : Used 48 registers, used 1 barriers, 160 bytes smem
ptxas info    : Compile time = 18.689 ms
ptxas info    : Compiling entry function '_ZN3cub17_V_300500_SM_10006detail6reduce18DeviceReduceKernelINS2_26policy_selector_from_typesIljN4cuda3std3__44plusIlEEEEN6thrust17_V_300500_SM_100018transform_iteratorINS5_3__414equal_to_valueIdEEPKdllEEjS9_lNS7_8identityEEEvT0_PT3_T1_NS0_13GridEvenShareISO_EET2_T4_' for 'sm_100'
ptxas info    : Function properties for _ZN3cub17_V_300500_SM_10006detail6reduce18DeviceReduceKernelINS2_26policy_selector_from_typesIljN4cuda3std3__44plusIlEEEEN6thrust17_V_300500_SM_100018transform_iteratorINS5_3__414equal_to_valueIdEEPKdllEEjS9_lNS7_8identityEEEvT0_PT3_T1_NS0_13GridEvenShareISO_EET2_T4_
    0 bytes stack frame, 0 bytes spill stores, 0 bytes spill loads
ptxas info    : Used 32 registers, used 1 barriers, 160 bytes smem
ptxas info    : Compile time = 24.515 ms
ptxas info    : Compiling entry function '_ZN3cub17_V_300500_SM_10006detail6reduce28DeviceReduceSingleTileKernelINS2_26policy_selector_from_typesIljN4cuda3std3__44plusIlEEEEN6thrust17_V_300500_SM_100018transform_iteratorINS5_3__414equal_to_valueIdEEPKdllEEPljS9_llNS7_8identityEEEvT0_T1_T2_T3_T4_T6_' for 'sm_100'
ptxas info    : Function properties for _ZN3cub17_V_300500_SM_10006detail6reduce28DeviceReduceSingleTileKernelINS2_26policy_selector_from_typesIljN4cuda3std3__44plusIlEEEEN6thrust17_V_300500_SM_100018transform_iteratorINS5_3__414equal_to_valueIdEEPKdllEEPljS9_llNS7_8identityEEEvT0_T1_T2_T3_T4_T6_
    0 bytes stack frame, 0 bytes spill stores, 0 bytes spill loads
ptxas info    : Used 47 registers, used 1 barriers, 160 bytes smem
ptxas info    : Compile time = 22.194 ms
ptxas info    : Compiling entry function '_ZN3cub17_V_300500_SM_10006detail4scan16DeviceScanKernelINS2_26policy_selector_from_typesIPmS5_mmN4cuda3std3__44plusIvEEEES5_S5_NS0_13ScanTileStateImLb1EEESA_NS1_10InputValueImS5_EEmmLb0EmEEvT0_T1_NS2_23tile_state_kernel_arg_tIT2_T6_EEiT3_T4_T5_i' for 'sm_100'
ptxas info    : Function properties for _ZN3cub17_V_300500_SM_10006detail4scan16DeviceScanKernelINS2_26policy_selector_from_typesIPmS5_mmN4cuda3std3__44plusIvEEEES5_S5_NS0_13ScanTileStateImLb1EEESA_NS1_10InputValueImS5_EEmmLb0EmEEvT0_T1_NS2_23tile_state_kernel_arg_tIT2_T6_EEiT3_T4_T5_i
    0 bytes stack frame, 0 bytes spill stores, 0 bytes spill loads
ptxas info    : Used 206 registers, used 3 barriers
ptxas info    : Compile time = 86.882 ms
ptxas info    : Compiling entry function '_ZN3cub17_V_300500_SM_10006detail4scan20DeviceScanInitKernelINS2_26policy_selector_from_typesIPmS5_mmN4cuda3std3__44plusIvEEEES5_S5_NS0_13ScanTileStateImLb1EEEmEEvNS2_23tile_state_kernel_arg_tIT2_T3_EEi' for 'sm_100'
ptxas info    : Function properties for _ZN3cub17_V_300500_SM_10006detail4scan20DeviceScanInitKernelINS2_26policy_selector_from_typesIPmS5_mmN4cuda3std3__44plusIvEEEES5_S5_NS0_13ScanTileStateImLb1EEEmEEvNS2_23tile_state_kernel_arg_tIT2_T3_EEi
    0 bytes stack frame, 0 bytes spill stores, 0 bytes spill loads
ptxas info    : Used 8 registers, used 0 barriers
ptxas info    : Compile time = 1.025 ms
ptxas info    : Compiling entry function '_ZN3cub17_V_300500_SM_10006detail4scan16DeviceScanKernelINS2_26policy_selector_from_typesIPmS5_mjN4cuda3std3__44plusIvEEEES5_S5_NS0_13ScanTileStateImLb1EEESA_NS1_10InputValueImS5_EEjmLb0EmEEvT0_T1_NS2_23tile_state_kernel_arg_tIT2_T6_EEiT3_T4_T5_i' for 'sm_100'
ptxas info    : Function properties for _ZN3cub17_V_300500_SM_10006detail4scan16DeviceScanKernelINS2_26policy_selector_from_typesIPmS5_mjN4cuda3std3__44plusIvEEEES5_S5_NS0_13ScanTileStateImLb1EEESA_NS1_10InputValueImS5_EEjmLb0EmEEvT0_T1_NS2_23tile_state_kernel_arg_tIT2_T6_EEiT3_T4_T5_i
    0 bytes stack frame, 0 bytes spill stores, 0 bytes spill loads
ptxas info    : Used 206 registers, used 3 barriers
ptxas info    : Compile time = 84.763 ms
ptxas info    : Compiling entry function '_ZN3cub17_V_300500_SM_10006detail4scan20DeviceScanInitKernelINS2_26policy_selector_from_typesIPmS5_mjN4cuda3std3__44plusIvEEEES5_S5_NS0_13ScanTileStateImLb1EEEmEEvNS2_23tile_state_kernel_arg_tIT2_T3_EEi' for 'sm_100'
ptxas info    : Function properties for _ZN3cub17_V_300500_SM_10006detail4scan20DeviceScanInitKernelINS2_26policy_selector_from_typesIPmS5_mjN4cuda3std3__44plusIvEEEES5_S5_NS0_13ScanTileStateImLb1EEEmEEvNS2_23tile_state_kernel_arg_tIT2_T3_EEi
    0 bytes stack frame, 0 bytes spill stores, 0 bytes spill loads
ptxas info    : Used 8 registers, used 0 barriers
ptxas info    : Compile time = 1.017 ms
ptxas info    : Compiling entry function '_ZN3cub17_V_300500_SM_10006detail4scan16DeviceScanKernelINS2_26policy_selector_from_typesIPlS5_lmN4cuda3std3__44plusIvEEEES5_S5_NS0_13ScanTileStateIlLb1EEESA_NS1_10InputValueIlS5_EEmlLb0ElEEvT0_T1_NS2_23tile_state_kernel_arg_tIT2_T6_EEiT3_T4_T5_i' for 'sm_100'
ptxas info    : Function properties for _ZN3cub17_V_300500_SM_10006detail4scan16DeviceScanKernelINS2_26policy_selector_from_typesIPlS5_lmN4cuda3std3__44plusIvEEEES5_S5_NS0_13ScanTileStateIlLb1EEESA_NS1_10InputValueIlS5_EEmlLb0ElEEvT0_T1_NS2_23tile_state_kernel_arg_tIT2_T6_EEiT3_T4_T5_i
    0 bytes stack frame, 0 bytes spill stores, 0 bytes spill loads
ptxas info    : Used 206 registers, used 3 barriers
ptxas info    : Compile time = 84.508 ms
ptxas info    : Compiling entry function '_ZN3cub17_V_300500_SM_10006detail4scan20DeviceScanInitKernelINS2_26policy_selector_from_typesIPlS5_lmN4cuda3std3__44plusIvEEEES5_S5_NS0_13ScanTileStateIlLb1EEElEEvNS2_23tile_state_kernel_arg_tIT2_T3_EEi' for 'sm_100'
ptxas info    : Function properties for _ZN3cub17_V_300500_SM_10006detail4scan20DeviceScanInitKernelINS2_26policy_selector_from_typesIPlS5_lmN4cuda3std3__44plusIvEEEES5_S5_NS0_13ScanTileStateIlLb1EEElEEvNS2_23tile_state_kernel_arg_tIT2_T3_EEi
    0 bytes stack frame, 0 bytes spill stores, 0 bytes spill loads
ptxas info    : Used 8 registers, used 0 barriers
ptxas info    : Compile time = 1.025 ms
ptxas info    : Compiling entry function '_ZN3cub17_V_300500_SM_10006detail4scan16DeviceScanKernelINS2_26policy_selector_from_typesIPlS5_ljN4cuda3std3__44plusIvEEEES5_S5_NS0_13ScanTileStateIlLb1EEESA_NS1_10InputValueIlS5_EEjlLb0ElEEvT0_T1_NS2_23tile_state_kernel_arg_tIT2_T6_EEiT3_T4_T5_i' for 'sm_100'
ptxas info    : Function properties for _ZN3cub17_V_300500_SM_10006detail4scan16DeviceScanKernelINS2_26policy_selector_from_typesIPlS5_ljN4cuda3std3__44plusIvEEEES5_S5_NS0_13ScanTileStateIlLb1EEESA_NS1_10InputValueIlS5_EEjlLb0ElEEvT0_T1_NS2_23tile_state_kernel_arg_tIT2_T6_EEiT3_T4_T5_i
    0 bytes stack frame, 0 bytes spill stores, 0 bytes spill loads
ptxas info    : Used 206 registers, used 3 barriers
ptxas info    : Compile time = 84.013 ms
ptxas info    : Compiling entry function '_ZN3cub17_V_300500_SM_10006detail4scan20DeviceScanInitKernelINS2_26policy_selector_from_typesIPlS5_ljN4cuda3std3__44plusIvEEEES5_S5_NS0_13ScanTileStateIlLb1EEElEEvNS2_23tile_state_kernel_arg_tIT2_T3_EEi' for 'sm_100'
ptxas info    : Function properties for _ZN3cub17_V_300500_SM_10006detail4scan20DeviceScanInitKernelINS2_26policy_selector_from_typesIPlS5_ljN4cuda3std3__44plusIvEEEES5_S5_NS0_13ScanTileStateIlLb1EEElEEvNS2_23tile_state_kernel_arg_tIT2_T3_EEi
    0 bytes stack frame, 0 bytes spill stores, 0 bytes spill loads
ptxas info    : Used 8 registers, used 0 barriers
ptxas info    : Compile time = 1.024 ms
ptxas info    : Compiling entry function '_ZN3cub17_V_300500_SM_10006detail4scan16DeviceScanKernelINS2_26policy_selector_from_typesIPjS5_jmN4cuda3std3__44plusIvEEEES5_S5_NS0_13ScanTileStateIjLb1EEESA_NS1_10InputValueIjS5_EEmjLb0EjEEvT0_T1_NS2_23tile_state_kernel_arg_tIT2_T6_EEiT3_T4_T5_i' for 'sm_100'
ptxas info    : Function properties for _ZN3cub17_V_300500_SM_10006detail4scan16DeviceScanKernelINS2_26policy_selector_from_typesIPjS5_jmN4cuda3std3__44plusIvEEEES5_S5_NS0_13ScanTileStateIjLb1EEESA_NS1_10InputValueIjS5_EEmjLb0EjEEvT0_T1_NS2_23tile_state_kernel_arg_tIT2_T6_EEiT3_T4_T5_i
    0 bytes stack frame, 0 bytes spill stores, 0 bytes spill loads
ptxas info    : Used 103 registers, used 3 barriers
ptxas info    : Compile time = 56.880 ms
ptxas info    : Compiling entry function '_ZN3cub17_V_300500_SM_10006detail4scan20DeviceScanInitKernelINS2_26policy_selector_from_typesIPjS5_jmN4cuda3std3__44plusIvEEEES5_S5_NS0_13ScanTileStateIjLb1EEEjEEvNS2_23tile_state_kernel_arg_tIT2_T3_EEi' for 'sm_100'
ptxas info    : Function properties for _ZN3cub17_V_300500_SM_10006detail4scan20DeviceScanInitKernelINS2_26policy_selector_from_typesIPjS5_jmN4cuda3std3__44plusIvEEEES5_S5_NS0_13ScanTileStateIjLb1EEEjEEvNS2_23tile_state_kernel_arg_tIT2_T3_EEi
    0 bytes stack frame, 0 bytes spill stores, 0 bytes spill loads
ptxas info    : Used 8 registers, used 0 barriers
ptxas info    : Compile time = 1.008 ms
ptxas info    : Compiling entry function '_ZN3cub17_V_300500_SM_10006detail4scan16DeviceScanKernelINS2_26policy_selector_from_typesIPjS5_jjN4cuda3std3__44plusIvEEEES5_S5_NS0_13ScanTileStateIjLb1EEESA_NS1_10InputValueIjS5_EEjjLb0EjEEvT0_T1_NS2_23tile_state_kernel_arg_tIT2_T6_EEiT3_T4_T5_i' for 'sm_100'
ptxas info    : Function properties for _ZN3cub17_V_300500_SM_10006detail4scan16DeviceScanKernelINS2_26policy_selector_from_typesIPjS5_jjN4cuda3std3__44plusIvEEEES5_S5_NS0_13ScanTileStateIjLb1EEESA_NS1_10InputValueIjS5_EEjjLb0EjEEvT0_T1_NS2_23tile_state_kernel_arg_tIT2_T6_EEiT3_T4_T5_i
    0 bytes stack frame, 0 bytes spill stores, 0 bytes spill loads
ptxas info    : Used 101 registers, used 3 barriers
ptxas info    : Compile time = 56.224 ms
ptxas info    : Compiling entry function '_ZN3cub17_V_300500_SM_10006detail4scan20DeviceScanInitKernelINS2_26policy_selector_from_typesIPjS5_jjN4cuda3std3__44plusIvEEEES5_S5_NS0_13ScanTileStateIjLb1EEEjEEvNS2_23tile_state_kernel_arg_tIT2_T3_EEi' for 'sm_100'
ptxas info    : Function properties for _ZN3cub17_V_300500_SM_10006detail4scan20DeviceScanInitKernelINS2_26policy_selector_from_typesIPjS5_jjN4cuda3std3__44plusIvEEEES5_S5_NS0_13ScanTileStateIjLb1EEEjEEvNS2_23tile_state_kernel_arg_tIT2_T3_EEi
    0 bytes stack frame, 0 bytes spill stores, 0 bytes spill loads
ptxas info    : Used 8 registers, used 0 barriers
ptxas info    : Compile time = 1.015 ms
ptxas info    : Compiling entry function '_ZN3cub17_V_300500_SM_10006detail4scan16DeviceScanKernelINS2_26policy_selector_from_typesIPiS5_imN4cuda3std3__44plusIvEEEES5_S5_NS0_13ScanTileStateIiLb1EEESA_NS1_10InputValueIiS5_EEmiLb0EiEEvT0_T1_NS2_23tile_state_kernel_arg_tIT2_T6_EEiT3_T4_T5_i' for 'sm_100'
ptxas info    : Function properties for _ZN3cub17_V_300500_SM_10006detail4scan16DeviceScanKernelINS2_26policy_selector_from_typesIPiS5_imN4cuda3std3__44plusIvEEEES5_S5_NS0_13ScanTileStateIiLb1EEESA_NS1_10InputValueIiS5_EEmiLb0EiEEvT0_T1_NS2_23tile_state_kernel_arg_tIT2_T6_EEiT3_T4_T5_i
    0 bytes stack frame, 0 bytes spill stores, 0 bytes spill loads
ptxas info    : Used 108 registers, used 3 barriers
ptxas info    : Compile time = 56.703 ms
ptxas info    : Compiling entry function '_ZN3cub17_V_300500_SM_10006detail4scan20DeviceScanInitKernelINS2_26policy_selector_from_typesIPiS5_imN4cuda3std3__44plusIvEEEES5_S5_NS0_13ScanTileStateIiLb1EEEiEEvNS2_23tile_state_kernel_arg_tIT2_T3_EEi' for 'sm_100'
ptxas info    : Function properties for _ZN3cub17_V_300500_SM_10006detail4scan20DeviceScanInitKernelINS2_26policy_selector_from_typesIPiS5_imN4cuda3std3__44plusIvEEEES5_S5_NS0_13ScanTileStateIiLb1EEEiEEvNS2_23tile_state_kernel_arg_tIT2_T3_EEi
    0 bytes stack frame, 0 bytes spill stores, 0 bytes spill loads
ptxas info    : Used 8 registers, used 0 barriers
ptxas info    : Compile time = 1.016 ms
ptxas info    : Compiling entry function '_ZN3cub17_V_300500_SM_10006detail4scan16DeviceScanKernelINS2_26policy_selector_from_typesIPiS5_ijN4cuda3std3__44plusIvEEEES5_S5_NS0_13ScanTileStateIiLb1EEESA_NS1_10InputValueIiS5_EEjiLb0EiEEvT0_T1_NS2_23tile_state_kernel_arg_tIT2_T6_EEiT3_T4_T5_i' for 'sm_100'
ptxas info    : Function properties for _ZN3cub17_V_300500_SM_10006detail4scan16DeviceScanKernelINS2_26policy_selector_from_typesIPiS5_ijN4cuda3std3__44plusIvEEEES5_S5_NS0_13ScanTileStateIiLb1EEESA_NS1_10InputValueIiS5_EEjiLb0EiEEvT0_T1_NS2_23tile_state_kernel_arg_tIT2_T6_EEiT3_T4_T5_i
    0 bytes stack frame, 0 bytes spill stores, 0 bytes spill loads
ptxas info    : Used 107 registers, used 3 barriers
ptxas info    : Compile time = 56.477 ms
ptxas info    : Compiling entry function '_ZN3cub17_V_300500_SM_10006detail4scan20DeviceScanInitKernelINS2_26policy_selector_from_typesIPiS5_ijN4cuda3std3__44plusIvEEEES5_S5_NS0_13ScanTileStateIiLb1EEEiEEvNS2_23tile_state_kernel_arg_tIT2_T3_EEi' for 'sm_100'
ptxas info    : Function properties for _ZN3cub17_V_300500_SM_10006detail4scan20DeviceScanInitKernelINS2_26policy_selector_from_typesIPiS5_ijN4cuda3std3__44plusIvEEEES5_S5_NS0_13ScanTileStateIiLb1EEEiEEvNS2_23tile_state_kernel_arg_tIT2_T3_EEi
    0 bytes stack frame, 0 bytes spill stores, 0 bytes spill loads
ptxas info    : Used 8 registers, used 0 barriers
ptxas info    : Compile time = 1.014 ms
ptxas info    : Compiling entry function '_ZN3cub17_V_300500_SM_10006detail9transform16transform_kernelINS2_26policy_selector_from_typesILb0ELb1EN4cuda3std3__45tupleIJPNS7_7complexIdEESB_EEESB_EElNS5_3__411always_trueENSE_38__callable_permitting_copied_argumentsIN6detail5and_tEEESB_JSB_SB_EEEvT0_ibT1_T2_T3_DpNS2_10kernel_argIT4_EE' for 'sm_100'
ptxas info    : Function properties for _ZN3cub17_V_300500_SM_10006detail9transform16transform_kernelINS2_26policy_selector_from_typesILb0ELb1EN4cuda3std3__45tupleIJPNS7_7complexIdEESB_EEESB_EElNS5_3__411always_trueENSE_38__callable_permitting_copied_argumentsIN6detail5and_tEEESB_JSB_SB_EEEvT0_ibT1_T2_T3_DpNS2_10kernel_argIT4_EE
    0 bytes stack frame, 0 bytes spill stores, 0 bytes spill loads
ptxas info    : Used 17 registers, used 1 barriers
ptxas info    : Compile time = 8.908 ms
ptxas info    : Compiling entry function '_ZN3cub17_V_300500_SM_10006detail9transform16transform_kernelINS2_26policy_selector_from_typesILb0ELb1EN4cuda3std3__45tupleIJPNS7_7complexIdEESB_EEESB_EEiNS5_3__411always_trueENSE_38__callable_permitting_copied_argumentsIN6detail5and_tEEESB_JSB_SB_EEEvT0_ibT1_T2_T3_DpNS2_10kernel_argIT4_EE' for 'sm_100'
ptxas info    : Function properties for _ZN3cub17_V_300500_SM_10006detail9transform16transform_kernelINS2_26policy_selector_from_typesILb0ELb1EN4cuda3std3__45tupleIJPNS7_7complexIdEESB_EEESB_EEiNS5_3__411always_trueENSE_38__callable_permitting_copied_argumentsIN6detail5and_tEEESB_JSB_SB_EEEvT0_ibT1_T2_T3_DpNS2_10kernel_argIT4_EE
    0 bytes stack frame, 0 bytes spill stores, 0 bytes spill loads
ptxas info    : Used 17 registers, used 1 barriers
ptxas info    : Compile time = 8.411 ms
ptxas info    : Compiling entry function '_ZN3cub17_V_300500_SM_10006detail9transform16transform_kernelINS2_26policy_selector_from_typesILb0ELb1EN4cuda3std3__45tupleIJEEEPNS7_7complexIdEEEElNS5_3__411always_trueENS1_17__return_constantISB_EESC_JEEEvT0_ibT1_T2_T3_DpNS2_10kernel_argIT4_EE' for 'sm_100'
ptxas info    : Function properties for _ZN3cub17_V_300500_SM_10006detail9transform16transform_kernelINS2_26policy_selector_from_typesILb0ELb1EN4cuda3std3__45tupleIJEEEPNS7_7complexIdEEEElNS5_3__411always_trueENS1_17__return_constantISB_EESC_JEEEvT0_ibT1_T2_T3_DpNS2_10kernel_argIT4_EE
    0 bytes stack frame, 0 bytes spill stores, 0 bytes spill loads
ptxas info    : Used 32 registers, used 0 barriers
ptxas info    : Compile time = 8.263 ms
ptxas info    : Compiling entry function '_ZN3cub17_V_300500_SM_10006detail9transform16transform_kernelINS2_26policy_selector_from_typesILb0ELb1EN4cuda3std3__45tupleIJEEEPNS7_7complexIdEEEEiNS5_3__411always_trueENS1_17__return_constantISB_EESC_JEEEvT0_ibT1_T2_T3_DpNS2_10kernel_argIT4_EE' for 'sm_100'
ptxas info    : Function properties for _ZN3cub17_V_300500_SM_10006detail9transform16transform_kernelINS2_26policy_selector_from_typesILb0ELb1EN4cuda3std3__45tupleIJEEEPNS7_7complexIdEEEEiNS5_3__411always_trueENS1_17__return_constantISB_EESC_JEEEvT0_ibT1_T2_T3_DpNS2_10kernel_argIT4_EE
    0 bytes stack frame, 0 bytes spill stores, 0 bytes spill loads
ptxas info    : Used 31 registers, used 0 barriers
ptxas info    : Compile time = 6.814 ms
ptxas info    : Compiling entry function '_ZN3cub17_V_300500_SM_10006detail9transform16transform_kernelINS2_26policy_selector_from_typesILb0ELb1EN4cuda3std3__45tupleIJPNS7_7complexIfEESB_EEESB_EElNS5_3__411always_trueENSE_38__callable_permitting_copied_argumentsIN6detail5and_tEEESB_JSB_SB_EEEvT0_ibT1_T2_T3_DpNS2_10kernel_argIT4_EE' for 'sm_100'
ptxas info    : Function properties for _ZN3cub17_V_300500_SM_10006detail9transform16transform_kernelINS2_26policy_selector_from_typesILb0ELb1EN4cuda3std3__45tupleIJPNS7_7complexIfEESB_EEESB_EElNS5_3__411always_trueENSE_38__callable_permitting_copied_argumentsIN6detail5and_tEEESB_JSB_SB_EEEvT0_ibT1_T2_T3_DpNS2_10kernel_argIT4_EE
    0 bytes stack frame, 0 bytes spill stores, 0 bytes spill loads
ptxas info    : Used 12 registers, used 1 barriers
ptxas info    : Compile time = 9.508 ms
ptxas info    : Compiling entry function '_ZN3cub17_V_300500_SM_10006detail9transform16transform_kernelINS2_26policy_selector_from_typesILb0ELb1EN4cuda3std3__45tupleIJPNS7_7complexIfEESB_EEESB_EEiNS5_3__411always_trueENSE_38__callable_permitting_copied_argumentsIN6detail5and_tEEESB_JSB_SB_EEEvT0_ibT1_T2_T3_DpNS2_10kernel_argIT4_EE' for 'sm_100'
ptxas info    : Function properties for _ZN3cub17_V_300500_SM_10006detail9transform16transform_kernelINS2_26policy_selector_from_typesILb0ELb1EN4cuda3std3__45tupleIJPNS7_7complexIfEESB_EEESB_EEiNS5_3__411always_trueENSE_38__callable_permitting_copied_argumentsIN6detail5and_tEEESB_JSB_SB_EEEvT0_ibT1_T2_T3_DpNS2_10kernel_argIT4_EE
    0 bytes stack frame, 0 bytes spill stores, 0 bytes spill loads
ptxas info    : Used 12 registers, used 1 barriers
ptxas info    : Compile time = 9.092 ms
ptxas info    : Compiling entry function '_ZN3cub17_V_300500_SM_10006detail9transform16transform_kernelINS2_26policy_selector_from_typesILb0ELb1EN4cuda3std3__45tupleIJEEEPNS7_7complexIfEEEElNS5_3__411always_trueENS1_17__return_constantISB_EESC_JEEEvT0_ibT1_T2_T3_DpNS2_10kernel_argIT4_EE' for 'sm_100'
ptxas info    : Function properties for _ZN3cub17_V_300500_SM_10006detail9transform16transform_kernelINS2_26policy_selector_from_typesILb0ELb1EN4cuda3std3__45tupleIJEEEPNS7_7complexIfEEEElNS5_3__411always_trueENS1_17__return_constantISB_EESC_JEEEvT0_ibT1_T2_T3_DpNS2_10kernel_argIT4_EE
    0 bytes stack frame, 0 bytes spill stores, 0 bytes spill loads
ptxas info    : Used 32 registers, used 0 barriers
ptxas info    : Compile time = 7.856 ms
ptxas info    : Compiling entry function '_ZN3cub17_V_300500_SM_10006detail9transform16transform_kernelINS2_26policy_selector_from_typesILb0ELb1EN4cuda3std3__45tupleIJEEEPNS7_7complexIfEEEEiNS5_3__411always_trueENS1_17__return_constantISB_EESC_JEEEvT0_ibT1_T2_T3_DpNS2_10kernel_argIT4_EE' for 'sm_100'
ptxas info    : Function properties for _ZN3cub17_V_300500_SM_10006detail9transform16transform_kernelINS2_26policy_selector_from_typesILb0ELb1EN4cuda3std3__45tupleIJEEEPNS7_7complexIfEEEEiNS5_3__411always_trueENS1_17__return_constantISB_EESC_JEEEvT0_ibT1_T2_T3_DpNS2_10kernel_argIT4_EE
    0 bytes stack frame, 0 bytes spill stores, 0 bytes spill loads
ptxas info    : Used 30 registers, used 0 barriers
ptxas info    : Compile time = 6.510 ms
ptxas info    : Compiling entry function '_ZN3cub17_V_300500_SM_10006detail9transform16transform_kernelINS2_26policy_selector_from_typesILb0ELb1EN4cuda3std3__45tupleIJPdS9_EEES9_EElNS5_3__411always_trueENSC_38__callable_permitting_copied_argumentsIN6detail5and_tEEES9_JS9_S9_EEEvT0_ibT1_T2_T3_DpNS2_10kernel_argIT4_EE' for 'sm_100'
ptxas info    : Function properties for _ZN3cub17_V_300500_SM_10006detail9transform16transform_kernelINS2_26policy_selector_from_typesILb0ELb1EN4cuda3std3__45tupleIJPdS9_EEES9_EElNS5_3__411always_trueENSC_38__callable_permitting_copied_argumentsIN6detail5and_tEEES9_JS9_S9_EEEvT0_ibT1_T2_T3_DpNS2_10kernel_argIT4_EE
    0 bytes stack frame, 0 bytes spill stores, 0 bytes spill loads
ptxas info    : Used 12 registers, used 1 barriers
ptxas info    : Compile time = 9.463 ms
ptxas info    : Compiling entry function '_ZN3cub17_V_300500_SM_10006detail9transform16transform_kernelINS2_26policy_selector_from_typesILb0ELb1EN4cuda3std3__45tupleIJPdS9_EEES9_EEiNS5_3__411always_trueENSC_38__callable_permitting_copied_argumentsIN6detail5and_tEEES9_JS9_S9_EEEvT0_ibT1_T2_T3_DpNS2_10kernel_argIT4_EE' for 'sm_100'
ptxas info    : Function properties for _ZN3cub17_V_300500_SM_10006detail9transform16transform_kernelINS2_26policy_selector_from_typesILb0ELb1EN4cuda3std3__45tupleIJPdS9_EEES9_EEiNS5_3__411always_trueENSC_38__callable_permitting_copied_argumentsIN6detail5and_tEEES9_JS9_S9_EEEvT0_ibT1_T2_T3_DpNS2_10kernel_argIT4_EE
    0 bytes stack frame, 0 bytes spill stores, 0 bytes spill loads
ptxas info    : Used 12 registers, used 1 barriers
ptxas info    : Compile time = 9.028 ms
ptxas info    : Compiling entry function '_ZN3cub17_V_300500_SM_10006detail9transform16transform_kernelINS2_26policy_selector_from_typesILb0ELb1EN4cuda3std3__45tupleIJPKdEEEPdEElNS5_3__411always_trueENSE_38__callable_permitting_copied_argumentsIN6detail16random_to_item_tIdEEEESC_JSA_EEEvT0_ibT1_T2_T3_DpNS2_10kernel_argIT4_EE' for 'sm_100'
ptxas info    : Function properties for _ZN3cub17_V_300500_SM_10006detail9transform16transform_kernelINS2_26policy_selector_from_typesILb0ELb1EN4cuda3std3__45tupleIJPKdEEEPdEElNS5_3__411always_trueENSE_38__callable_permitting_copied_argumentsIN6detail16random_to_item_tIdEEEESC_JSA_EEEvT0_ibT1_T2_T3_DpNS2_10kernel_argIT4_EE
    0 bytes stack frame, 0 bytes spill stores, 0 bytes spill loads
ptxas info    : Used 13 registers, used 1 barriers
ptxas info    : Compile time = 7.339 ms
ptxas info    : Compiling entry function '_ZN3cub17_V_300500_SM_10006detail9transform16transform_kernelINS2_26policy_selector_from_typesILb0ELb1EN4cuda3std3__45tupleIJPKdEEEPdEEiNS5_3__411always_trueENSE_38__callable_permitting_copied_argumentsIN6detail16random_to_item_tIdEEEESC_JSA_EEEvT0_ibT1_T2_T3_DpNS2_10kernel_argIT4_EE' for 'sm_100'
ptxas info    : Function properties for _ZN3cub17_V_300500_SM_10006detail9transform16transform_kernelINS2_26policy_selector_from_typesILb0ELb1EN4cuda3std3__45tupleIJPKdEEEPdEEiNS5_3__411always_trueENSE_38__callable_permitting_copied_argumentsIN6detail16random_to_item_tIdEEEESC_JSA_EEEvT0_ibT1_T2_T3_DpNS2_10kernel_argIT4_EE
    0 bytes stack frame, 0 bytes spill stores, 0 bytes spill loads
ptxas info    : Used 13 registers, used 1 barriers
ptxas info    : Compile time = 6.948 ms
ptxas info    : Compiling entry function '_ZN3cub17_V_300500_SM_10006detail9transform16transform_kernelINS2_26policy_selector_from_typesILb0ELb1EN4cuda3std3__45tupleIJPfS9_EEES9_EElNS5_3__411always_trueENSC_38__callable_permitting_copied_argumentsIN6detail5and_tEEES9_JS9_S9_EEEvT0_ibT1_T2_T3_DpNS2_10kernel_argIT4_EE' for 'sm_100'
ptxas info    : Function properties for _ZN3cub17_V_300500_SM_10006detail9transform16transform_kernelINS2_26policy_selector_from_typesILb0ELb1EN4cuda3std3__45tupleIJPfS9_EEES9_EElNS5_3__411always_trueENSC_38__callable_permitting_copied_argumentsIN6detail5and_tEEES9_JS9_S9_EEEvT0_ibT1_T2_T3_DpNS2_10kernel_argIT4_EE
    0 bytes stack frame, 0 bytes spill stores, 0 bytes spill loads
ptxas info    : Used 12 registers, used 1 barriers
ptxas info    : Compile time = 9.357 ms
ptxas info    : Compiling entry function '_ZN3cub17_V_300500_SM_10006detail9transform16transform_kernelINS2_26policy_selector_from_typesILb0ELb1EN4cuda3std3__45tupleIJPfS9_EEES9_EEiNS5_3__411always_trueENSC_38__callable_permitting_copied_argumentsIN6detail5and_tEEES9_JS9_S9_EEEvT0_ibT1_T2_T3_DpNS2_10kernel_argIT4_EE' for 'sm_100'
ptxas info    : Function properties for _ZN3cub17_V_300500_SM_10006detail9transform16transform_kernelINS2_26policy_selector_from_typesILb0ELb1EN4cuda3std3__45tupleIJPfS9_EEES9_EEiNS5_3__411always_trueENSC_38__callable_permitting_copied_argumentsIN6detail5and_tEEES9_JS9_S9_EEEvT0_ibT1_T2_T3_DpNS2_10kernel_argIT4_EE
    0 bytes stack frame, 0 bytes spill stores, 0 bytes spill loads
ptxas info    : Used 12 registers, used 1 barriers
ptxas info    : Compile time = 8.973 ms
ptxas info    : Compiling entry function '_ZN3cub17_V_300500_SM_10006detail9transform16transform_kernelINS2_26policy_selector_from_typesILb0ELb1EN4cuda3std3__45tupleIJEEEPfEElNS5_3__411always_trueENS1_17__return_constantIfEESA_JEEEvT0_ibT1_T2_T3_DpNS2_10kernel_argIT4_EE' for 'sm_100'
ptxas info    : Function properties for _ZN3cub17_V_300500_SM_10006detail9transform16transform_kernelINS2_26policy_selector_from_typesILb0ELb1EN4cuda3std3__45tupleIJEEEPfEElNS5_3__411always_trueENS1_17__return_constantIfEESA_JEEEvT0_ibT1_T2_T3_DpNS2_10kernel_argIT4_EE
    0 bytes stack frame, 0 bytes spill stores, 0 bytes spill loads
ptxas info    : Used 32 registers, used 0 barriers
ptxas info    : Compile time = 7.719 ms
ptxas info    : Compiling entry function '_ZN3cub17_V_300500_SM_10006detail9transform16transform_kernelINS2_26policy_selector_from_typesILb0ELb1EN4cuda3std3__45tupleIJEEEPfEEiNS5_3__411always_trueENS1_17__return_constantIfEESA_JEEEvT0_ibT1_T2_T3_DpNS2_10kernel_argIT4_EE' for 'sm_100'
ptxas info    : Function properties for _ZN3cub17_V_300500_SM_10006detail9transform16transform_kernelINS2_26policy_selector_from_typesILb0ELb1EN4cuda3std3__45tupleIJEEEPfEEiNS5_3__411always_trueENS1_17__return_constantIfEESA_JEEEvT0_ibT1_T2_T3_DpNS2_10kernel_argIT4_EE
    0 bytes stack frame, 0 bytes spill stores, 0 bytes spill loads
ptxas info    : Used 32 registers, used 0 barriers
ptxas info    : Compile time = 6.354 ms
ptxas info    : Compiling entry function '_ZN3cub17_V_300500_SM_10006detail9transform16transform_kernelINS2_26policy_selector_from_typesILb0ELb1EN4cuda3std3__45tupleIJPKdEEEPfEElNS5_3__411always_trueENSE_38__callable_permitting_copied_argumentsIN6detail16random_to_item_tIfEEEESC_JSA_EEEvT0_ibT1_T2_T3_DpNS2_10kernel_argIT4_EE' for 'sm_100'
ptxas info    : Function properties for _ZN3cub17_V_300500_SM_10006detail9transform16transform_kernelINS2_26policy_selector_from_typesILb0ELb1EN4cuda3std3__45tupleIJPKdEEEPfEElNS5_3__411always_trueENSE_38__callable_permitting_copied_argumentsIN6detail16random_to_item_tIfEEEESC_JSA_EEEvT0_ibT1_T2_T3_DpNS2_10kernel_argIT4_EE
    0 bytes stack frame, 0 bytes spill stores, 0 bytes spill loads
ptxas info    : Used 12 registers, used 1 barriers
ptxas info    : Compile time = 7.450 ms
ptxas info    : Compiling entry function '_ZN3cub17_V_300500_SM_10006detail9transform16transform_kernelINS2_26policy_selector_from_typesILb0ELb1EN4cuda3std3__45tupleIJPKdEEEPfEEiNS5_3__411always_trueENSE_38__callable_permitting_copied_argumentsIN6detail16random_to_item_tIfEEEESC_JSA_EEEvT0_ibT1_T2_T3_DpNS2_10kernel_argIT4_EE' for 'sm_100'
ptxas info    : Function properties for _ZN3cub17_V_300500_SM_10006detail9transform16transform_kernelINS2_26policy_selector_from_typesILb0ELb1EN4cuda3std3__45tupleIJPKdEEEPfEEiNS5_3__411always_trueENSE_38__callable_permitting_copied_argumentsIN6detail16random_to_item_tIfEEEESC_JSA_EEEvT0_ibT1_T2_T3_DpNS2_10kernel_argIT4_EE
    0 bytes stack frame, 0 bytes spill stores, 0 bytes spill loads
ptxas info    : Used 12 registers, used 1 barriers
ptxas info    : Compile time = 6.995 ms
ptxas info    : Compiling entry function '_ZN3cub17_V_300500_SM_10006detail9transform16transform_kernelINS2_26policy_selector_from_typesILb0ELb1EN4cuda3std3__45tupleIJPoS9_EEES9_EElNS5_3__411always_trueENSC_38__callable_permitting_copied_argumentsIN6detail5and_tEEES9_JS9_S9_EEEvT0_ibT1_T2_T3_DpNS2_10kernel_argIT4_EE' for 'sm_100'
ptxas info    : Function properties for _ZN3cub17_V_300500_SM_10006detail9transform16transform_kernelINS2_26policy_selector_from_typesILb0ELb1EN4cuda3std3__45tupleIJPoS9_EEES9_EElNS5_3__411always_trueENSC_38__callable_permitting_copied_argumentsIN6detail5and_tEEES9_JS9_S9_EEEvT0_ibT1_T2_T3_DpNS2_10kernel_argIT4_EE
    0 bytes stack frame, 0 bytes spill stores, 0 bytes spill loads
ptxas info    : Used 17 registers, used 1 barriers
ptxas info    : Compile time = 8.933 ms
ptxas info    : Compiling entry function '_ZN3cub17_V_300500_SM_10006detail9transform16transform_kernelINS2_26policy_selector_from_typesILb0ELb1EN4cuda3std3__45tupleIJPoS9_EEES9_EEiNS5_3__411always_trueENSC_38__callable_permitting_copied_argumentsIN6detail5and_tEEES9_JS9_S9_EEEvT0_ibT1_T2_T3_DpNS2_10kernel_argIT4_EE' for 'sm_100'
ptxas info    : Function properties for _ZN3cub17_V_300500_SM_10006detail9transform16transform_kernelINS2_26policy_selector_from_typesILb0ELb1EN4cuda3std3__45tupleIJPoS9_EEES9_EEiNS5_3__411always_trueENSC_38__callable_permitting_copied_argumentsIN6detail5and_tEEES9_JS9_S9_EEEvT0_ibT1_T2_T3_DpNS2_10kernel_argIT4_EE
    0 bytes stack frame, 0 bytes spill stores, 0 bytes spill loads
ptxas info    : Used 17 registers, used 1 barriers
ptxas info    : Compile time = 8.400 ms
ptxas info    : Compiling entry function '_ZN3cub17_V_300500_SM_10006detail9transform16transform_kernelINS2_26policy_selector_from_typesILb0ELb1EN4cuda3std3__45tupleIJEEEPoEElNS5_3__411always_trueENS1_17__return_constantIoEESA_JEEEvT0_ibT1_T2_T3_DpNS2_10kernel_argIT4_EE' for 'sm_100'
ptxas info    : Function properties for _ZN3cub17_V_300500_SM_10006detail9transform16transform_kernelINS2_26policy_selector_from_typesILb0ELb1EN4cuda3std3__45tupleIJEEEPoEElNS5_3__411always_trueENS1_17__return_constantIoEESA_JEEEvT0_ibT1_T2_T3_DpNS2_10kernel_argIT4_EE
    0 bytes stack frame, 0 bytes spill stores, 0 bytes spill loads
ptxas info    : Used 32 registers, used 0 barriers
ptxas info    : Compile time = 8.259 ms
ptxas info    : Compiling entry function '_ZN3cub17_V_300500_SM_10006detail9transform16transform_kernelINS2_26policy_selector_from_typesILb0ELb1EN4cuda3std3__45tupleIJEEEPoEEiNS5_3__411always_trueENS1_17__return_constantIoEESA_JEEEvT0_ibT1_T2_T3_DpNS2_10kernel_argIT4_EE' for 'sm_100'
ptxas info    : Function properties for _ZN3cub17_V_300500_SM_10006detail9transform16transform_kernelINS2_26policy_selector_from_typesILb0ELb1EN4cuda3std3__45tupleIJEEEPoEEiNS5_3__411always_trueENS1_17__return_constantIoEESA_JEEEvT0_ibT1_T2_T3_DpNS2_10kernel_argIT4_EE
    0 bytes stack frame, 0 bytes spill stores, 0 bytes spill loads
ptxas info    : Used 31 registers, used 0 barriers
ptxas info    : Compile time = 6.774 ms
ptxas info    : Compiling entry function '_ZN3cub17_V_300500_SM_10006detail9transform16transform_kernelINS2_26policy_selector_from_typesILb0ELb1EN4cuda3std3__45tupleIJPKdEEEPoEElNS5_3__411always_trueENSE_38__callable_permitting_copied_argumentsIN6detail16random_to_item_tIoEEEESC_JSA_EEEvT0_ibT1_T2_T3_DpNS2_10kernel_argIT4_EE' for 'sm_100'
ptxas info    : Function properties for _ZN3cub17_V_300500_SM_10006detail9transform16transform_kernelINS2_26policy_selector_from_typesILb0ELb1EN4cuda3std3__45tupleIJPKdEEEPoEElNS5_3__411always_trueENSE_38__callable_permitting_copied_argumentsIN6detail16random_to_item_tIoEEEESC_JSA_EEEvT0_ibT1_T2_T3_DpNS2_10kernel_argIT4_EE
    0 bytes stack frame, 0 bytes spill stores, 0 bytes spill loads
ptxas info    : Used 17 registers, used 1 barriers
ptxas info    : Compile time = 9.879 ms
ptxas info    : Compiling entry function '_ZN3cub17_V_300500_SM_10006detail9transform16transform_kernelINS2_26policy_selector_from_typesILb0ELb1EN4cuda3std3__45tupleIJPKdEEEPoEEiNS5_3__411always_trueENSE_38__callable_permitting_copied_argumentsIN6detail16random_to_item_tIoEEEESC_JSA_EEEvT0_ibT1_T2_T3_DpNS2_10kernel_argIT4_EE' for 'sm_100'
ptxas info    : Function properties for _ZN3cub17_V_300500_SM_10006detail9transform16transform_kernelINS2_26policy_selector_from_typesILb0ELb1EN4cuda3std3__45tupleIJPKdEEEPoEEiNS5_3__411always_trueENSE_38__callable_permitting_copied_argumentsIN6detail16random_to_item_tIoEEEESC_JSA_EEEvT0_ibT1_T2_T3_DpNS2_10kernel_argIT4_EE
    0 bytes stack frame, 0 bytes spill stores, 0 bytes spill loads
ptxas info    : Used 16 registers, used 1 barriers
ptxas info    : Compile time = 9.468 ms
ptxas info    : Compiling entry function '_ZN3cub17_V_300500_SM_10006detail9transform16transform_kernelINS2_26policy_selector_from_typesILb0ELb1EN4cuda3std3__45tupleIJPnS9_EEES9_EElNS5_3__411always_trueENSC_38__callable_permitting_copied_argumentsIN6detail5and_tEEES9_JS9_S9_EEEvT0_ibT1_T2_T3_DpNS2_10kernel_argIT4_EE' for 'sm_100'
ptxas info    : Function properties for _ZN3cub17_V_300500_SM_10006detail9transform16transform_kernelINS2_26policy_selector_from_typesILb0ELb1EN4cuda3std3__45tupleIJPnS9_EEES9_EElNS5_3__411always_trueENSC_38__callable_permitting_copied_argumentsIN6detail5and_tEEES9_JS9_S9_EEEvT0_ibT1_T2_T3_DpNS2_10kernel_argIT4_EE
    0 bytes stack frame, 0 bytes spill stores, 0 bytes spill loads
ptxas info    : Used 17 registers, used 1 barriers
ptxas info    : Compile time = 8.927 ms
ptxas info    : Compiling entry function '_ZN3cub17_V_300500_SM_10006detail9transform16transform_kernelINS2_26policy_selector_from_typesILb0ELb1EN4cuda3std3__45tupleIJPnS9_EEES9_EEiNS5_3__411always_trueENSC_38__callable_permitting_copied_argumentsIN6detail5and_tEEES9_JS9_S9_EEEvT0_ibT1_T2_T3_DpNS2_10kernel_argIT4_EE' for 'sm_100'
ptxas info    : Function properties for _ZN3cub17_V_300500_SM_10006detail9transform16transform_kernelINS2_26policy_selector_from_typesILb0ELb1EN4cuda3std3__45tupleIJPnS9_EEES9_EEiNS5_3__411always_trueENSC_38__callable_permitting_copied_argumentsIN6detail5and_tEEES9_JS9_S9_EEEvT0_ibT1_T2_T3_DpNS2_10kernel_argIT4_EE
    0 bytes stack frame, 0 bytes spill stores, 0 bytes spill loads
ptxas info    : Used 17 registers, used 1 barriers
ptxas info    : Compile time = 8.414 ms
ptxas info    : Compiling entry function '_ZN3cub17_V_300500_SM_10006detail9transform16transform_kernelINS2_26policy_selector_from_typesILb0ELb1EN4cuda3std3__45tupleIJEEEPnEElNS5_3__411always_trueENS1_17__return_constantInEESA_JEEEvT0_ibT1_T2_T3_DpNS2_10kernel_argIT4_EE' for 'sm_100'
ptxas info    : Function properties for _ZN3cub17_V_300500_SM_10006detail9transform16transform_kernelINS2_26policy_selector_from_typesILb0ELb1EN4cuda3std3__45tupleIJEEEPnEElNS5_3__411always_trueENS1_17__return_constantInEESA_JEEEvT0_ibT1_T2_T3_DpNS2_10kernel_argIT4_EE
    0 bytes stack frame, 0 bytes spill stores, 0 bytes spill loads
ptxas info    : Used 32 registers, used 0 barriers
ptxas info    : Compile time = 8.272 ms
ptxas info    : Compiling entry function '_ZN3cub17_V_300500_SM_10006detail9transform16transform_kernelINS2_26policy_selector_from_typesILb0ELb1EN4cuda3std3__45tupleIJEEEPnEEiNS5_3__411always_trueENS1_17__return_constantInEESA_JEEEvT0_ibT1_T2_T3_DpNS2_10kernel_argIT4_EE' for 'sm_100'
ptxas info    : Function properties for _ZN3cub17_V_300500_SM_10006detail9transform16transform_kernelINS2_26policy_selector_from_typesILb0ELb1EN4cuda3std3__45tupleIJEEEPnEEiNS5_3__411always_trueENS1_17__return_constantInEESA_JEEEvT0_ibT1_T2_T3_DpNS2_10kernel_argIT4_EE
    0 bytes stack frame, 0 bytes spill stores, 0 bytes spill loads
ptxas info    : Used 31 registers, used 0 barriers
ptxas info    : Compile time = 6.791 ms
ptxas info    : Compiling entry function '_ZN3cub17_V_300500_SM_10006detail9transform16transform_kernelINS2_26policy_selector_from_typesILb0ELb1EN4cuda3std3__45tupleIJPKdEEEPnEElNS5_3__411always_trueENSE_38__callable_permitting_copied_argumentsIN6detail16random_to_item_tInEEEESC_JSA_EEEvT0_ibT1_T2_T3_DpNS2_10kernel_argIT4_EE' for 'sm_100'
ptxas info    : Function properties for _ZN3cub17_V_300500_SM_10006detail9transform16transform_kernelINS2_26policy_selector_from_typesILb0ELb1EN4cuda3std3__45tupleIJPKdEEEPnEElNS5_3__411always_trueENSE_38__callable_permitting_copied_argumentsIN6detail16random_to_item_tInEEEESC_JSA_EEEvT0_ibT1_T2_T3_DpNS2_10kernel_argIT4_EE
    0 bytes stack frame, 0 bytes spill stores, 0 bytes spill loads
ptxas info    : Used 17 registers, used 1 barriers
ptxas info    : Compile time = 10.819 ms
ptxas info    : Compiling entry function '_ZN3cub17_V_300500_SM_10006detail9transform16transform_kernelINS2_26policy_selector_from_typesILb0ELb1EN4cuda3std3__45tupleIJPKdEEEPnEEiNS5_3__411always_trueENSE_38__callable_permitting_copied_argumentsIN6detail16random_to_item_tInEEEESC_JSA_EEEvT0_ibT1_T2_T3_DpNS2_10kernel_argIT4_EE' for 'sm_100'
ptxas info    : Function properties for _ZN3cub17_V_300500_SM_10006detail9transform16transform_kernelINS2_26policy_selector_from_typesILb0ELb1EN4cuda3std3__45tupleIJPKdEEEPnEEiNS5_3__411always_trueENSE_38__callable_permitting_copied_argumentsIN6detail16random_to_item_tInEEEESC_JSA_EEEvT0_ibT1_T2_T3_DpNS2_10kernel_argIT4_EE
    0 bytes stack frame, 0 bytes spill stores, 0 bytes spill loads
ptxas info    : Used 17 registers, used 1 barriers
ptxas info    : Compile time = 10.337 ms
ptxas info    : Compiling entry function '_ZN3cub17_V_300500_SM_10006detail9transform16transform_kernelINS2_26policy_selector_from_typesILb0ELb1EN4cuda3std3__45tupleIJPsS9_EEES9_EElNS5_3__411always_trueENSC_38__callable_permitting_copied_argumentsIN6detail5and_tEEES9_JS9_S9_EEEvT0_ibT1_T2_T3_DpNS2_10kernel_argIT4_EE' for 'sm_100'
ptxas info    : Function properties for _ZN3cub17_V_300500_SM_10006detail9transform16transform_kernelINS2_26policy_selector_from_typesILb0ELb1EN4cuda3std3__45tupleIJPsS9_EEES9_EElNS5_3__411always_trueENSC_38__callable_permitting_copied_argumentsIN6detail5and_tEEES9_JS9_S9_EEEvT0_ibT1_T2_T3_DpNS2_10kernel_argIT4_EE
    0 bytes stack frame, 0 bytes spill stores, 0 bytes spill loads
ptxas info    : Used 12 registers, used 1 barriers
ptxas info    : Compile time = 9.384 ms
ptxas info    : Compiling entry function '_ZN3cub17_V_300500_SM_10006detail9transform16transform_kernelINS2_26policy_selector_from_typesILb0ELb1EN4cuda3std3__45tupleIJPsS9_EEES9_EEiNS5_3__411always_trueENSC_38__callable_permitting_copied_argumentsIN6detail5and_tEEES9_JS9_S9_EEEvT0_ibT1_T2_T3_DpNS2_10kernel_argIT4_EE' for 'sm_100'
ptxas info    : Function properties for _ZN3cub17_V_300500_SM_10006detail9transform16transform_kernelINS2_26policy_selector_from_typesILb0ELb1EN4cuda3std3__45tupleIJPsS9_EEES9_EEiNS5_3__411always_trueENSC_38__callable_permitting_copied_argumentsIN6detail5and_tEEES9_JS9_S9_EEEvT0_ibT1_T2_T3_DpNS2_10kernel_argIT4_EE
    0 bytes stack frame, 0 bytes spill stores, 0 bytes spill loads
ptxas info    : Used 12 registers, used 1 barriers
ptxas info    : Compile time = 8.966 ms
ptxas info    : Compiling entry function '_ZN3cub17_V_300500_SM_10006detail9transform16transform_kernelINS2_26policy_selector_from_typesILb0ELb1EN4cuda3std3__45tupleIJEEEPsEElNS5_3__411always_trueENS1_17__return_constantIsEESA_JEEEvT0_ibT1_T2_T3_DpNS2_10kernel_argIT4_EE' for 'sm_100'
ptxas info    : Function properties for _ZN3cub17_V_300500_SM_10006detail9transform16transform_kernelINS2_26policy_selector_from_typesILb0ELb1EN4cuda3std3__45tupleIJEEEPsEElNS5_3__411always_trueENS1_17__return_constantIsEESA_JEEEvT0_ibT1_T2_T3_DpNS2_10kernel_argIT4_EE
    0 bytes stack frame, 0 bytes spill stores, 0 bytes spill loads
ptxas info    : Used 32 registers, used 0 barriers
ptxas info    : Compile time = 7.623 ms
ptxas info    : Compiling entry function '_ZN3cub17_V_300500_SM_10006detail9transform16transform_kernelINS2_26policy_selector_from_typesILb0ELb1EN4cuda3std3__45tupleIJEEEPsEEiNS5_3__411always_trueENS1_17__return_constantIsEESA_JEEEvT0_ibT1_T2_T3_DpNS2_10kernel_argIT4_EE' for 'sm_100'
ptxas info    : Function properties for _ZN3cub17_V_300500_SM_10006detail9transform16transform_kernelINS2_26policy_selector_from_typesILb0ELb1EN4cuda3std3__45tupleIJEEEPsEEiNS5_3__411always_trueENS1_17__return_constantIsEESA_JEEEvT0_ibT1_T2_T3_DpNS2_10kernel_argIT4_EE
    0 bytes stack frame, 0 bytes spill stores, 0 bytes spill loads
ptxas info    : Used 32 registers, used 0 barriers
ptxas info    : Compile time = 6.246 ms
ptxas info    : Compiling entry function '_ZN3cub17_V_300500_SM_10006detail9transform16transform_kernelINS2_26policy_selector_from_typesILb0ELb1EN4cuda3std3__45tupleIJPKdEEEPsEElNS5_3__411always_trueENSE_38__callable_permitting_copied_argumentsIN6detail16random_to_item_tIsEEEESC_JSA_EEEvT0_ibT1_T2_T3_DpNS2_10kernel_argIT4_EE' for 'sm_100'
ptxas info    : Function properties for _ZN3cub17_V_300500_SM_10006detail9transform16transform_kernelINS2_26policy_selector_from_typesILb0ELb1EN4cuda3std3__45tupleIJPKdEEEPsEElNS5_3__411always_trueENSE_38__callable_permitting_copied_argumentsIN6detail16random_to_item_tIsEEEESC_JSA_EEEvT0_ibT1_T2_T3_DpNS2_10kernel_argIT4_EE
    0 bytes stack frame, 0 bytes spill stores, 0 bytes spill loads
ptxas info    : Used 12 registers, used 1 barriers
ptxas info    : Compile time = 7.488 ms
ptxas info    : Compiling entry function '_ZN3cub17_V_300500_SM_10006detail9transform16transform_kernelINS2_26policy_selector_from_typesILb0ELb1EN4cuda3std3__45tupleIJPKdEEEPsEEiNS5_3__411always_trueENSE_38__callable_permitting_copied_argumentsIN6detail16random_to_item_tIsEEEESC_JSA_EEEvT0_ibT1_T2_T3_DpNS2_10kernel_argIT4_EE' for 'sm_100'
ptxas info    : Function properties for _ZN3cub17_V_300500_SM_10006detail9transform16transform_kernelINS2_26policy_selector_from_typesILb0ELb1EN4cuda3std3__45tupleIJPKdEEEPsEEiNS5_3__411always_trueENSE_38__callable_permitting_copied_argumentsIN6detail16random_to_item_tIsEEEESC_JSA_EEEvT0_ibT1_T2_T3_DpNS2_10kernel_argIT4_EE
    0 bytes stack frame, 0 bytes spill stores, 0 bytes spill loads
ptxas info    : Used 12 registers, used 1 barriers
ptxas info    : Compile time = 7.085 ms
ptxas info    : Compiling entry function '_ZN3cub17_V_300500_SM_10006detail9transform16transform_kernelINS2_26policy_selector_from_typesILb0ELb1EN4cuda3std3__45tupleIJPaS9_EEES9_EElNS5_3__411always_trueENSC_38__callable_permitting_copied_argumentsIN6detail5and_tEEES9_JS9_S9_EEEvT0_ibT1_T2_T3_DpNS2_10kernel_argIT4_EE' for 'sm_100'
ptxas info    : Function properties for _ZN3cub17_V_300500_SM_10006detail9transform16transform_kernelINS2_26policy_selector_from_typesILb0ELb1EN4cuda3std3__45tupleIJPaS9_EEES9_EElNS5_3__411always_trueENSC_38__callable_permitting_copied_argumentsIN6detail5and_tEEES9_JS9_S9_EEEvT0_ibT1_T2_T3_DpNS2_10kernel_argIT4_EE
    0 bytes stack frame, 0 bytes spill stores, 0 bytes spill loads
ptxas info    : Used 12 registers, used 1 barriers
ptxas info    : Compile time = 9.176 ms
ptxas info    : Compiling entry function '_ZN3cub17_V_300500_SM_10006detail9transform16transform_kernelINS2_26policy_selector_from_typesILb0ELb1EN4cuda3std3__45tupleIJPaS9_EEES9_EEiNS5_3__411always_trueENSC_38__callable_permitting_copied_argumentsIN6detail5and_tEEES9_JS9_S9_EEEvT0_ibT1_T2_T3_DpNS2_10kernel_argIT4_EE' for 'sm_100'
ptxas info    : Function properties for _ZN3cub17_V_300500_SM_10006detail9transform16transform_kernelINS2_26policy_selector_from_typesILb0ELb1EN4cuda3std3__45tupleIJPaS9_EEES9_EEiNS5_3__411always_trueENSC_38__callable_permitting_copied_argumentsIN6detail5and_tEEES9_JS9_S9_EEEvT0_ibT1_T2_T3_DpNS2_10kernel_argIT4_EE
    0 bytes stack frame, 0 bytes spill stores, 0 bytes spill loads
ptxas info    : Used 12 registers, used 1 barriers
ptxas info    : Compile time = 8.985 ms
ptxas info    : Compiling entry function '_ZN3cub17_V_300500_SM_10006detail9transform16transform_kernelINS2_26policy_selector_from_typesILb0ELb1EN4cuda3std3__45tupleIJEEEPaEElNS5_3__411always_trueENS1_17__return_constantIaEESA_JEEEvT0_ibT1_T2_T3_DpNS2_10kernel_argIT4_EE' for 'sm_100'
ptxas info    : Function properties for _ZN3cub17_V_300500_SM_10006detail9transform16transform_kernelINS2_26policy_selector_from_typesILb0ELb1EN4cuda3std3__45tupleIJEEEPaEElNS5_3__411always_trueENS1_17__return_constantIaEESA_JEEEvT0_ibT1_T2_T3_DpNS2_10kernel_argIT4_EE
    0 bytes stack frame, 0 bytes spill stores, 0 bytes spill loads
ptxas info    : Used 24 registers, used 0 barriers
ptxas info    : Compile time = 7.965 ms
ptxas info    : Compiling entry function '_ZN3cub17_V_300500_SM_10006detail9transform16transform_kernelINS2_26policy_selector_from_typesILb0ELb1EN4cuda3std3__45tupleIJEEEPaEEiNS5_3__411always_trueENS1_17__return_constantIaEESA_JEEEvT0_ibT1_T2_T3_DpNS2_10kernel_argIT4_EE' for 'sm_100'
ptxas info    : Function properties for _ZN3cub17_V_300500_SM_10006detail9transform16transform_kernelINS2_26policy_selector_from_typesILb0ELb1EN4cuda3std3__45tupleIJEEEPaEEiNS5_3__411always_trueENS1_17__return_constantIaEESA_JEEEvT0_ibT1_T2_T3_DpNS2_10kernel_argIT4_EE
    0 bytes stack frame, 0 bytes spill stores, 0 bytes spill loads
ptxas info    : Used 22 registers, used 0 barriers
ptxas info    : Compile time = 6.594 ms
ptxas info    : Compiling entry function '_ZN3cub17_V_300500_SM_10006detail9transform16transform_kernelINS2_26policy_selector_from_typesILb0ELb1EN4cuda3std3__45tupleIJPKdEEEPaEElNS5_3__411always_trueENSE_38__callable_permitting_copied_argumentsIN6detail16random_to_item_tIaEEEESC_JSA_EEEvT0_ibT1_T2_T3_DpNS2_10kernel_argIT4_EE' for 'sm_100'
ptxas info    : Function properties for _ZN3cub17_V_300500_SM_10006detail9transform16transform_kernelINS2_26policy_selector_from_typesILb0ELb1EN4cuda3std3__45tupleIJPKdEEEPaEElNS5_3__411always_trueENSE_38__callable_permitting_copied_argumentsIN6detail16random_to_item_tIaEEEESC_JSA_EEEvT0_ibT1_T2_T3_DpNS2_10kernel_argIT4_EE
    0 bytes stack frame, 0 bytes spill stores, 0 bytes spill loads
ptxas info    : Used 12 registers, used 1 barriers
ptxas info    : Compile time = 7.477 ms
ptxas info    : Compiling entry function '_ZN3cub17_V_300500_SM_10006detail9transform16transform_kernelINS2_26policy_selector_from_typesILb0ELb1EN4cuda3std3__45tupleIJPKdEEEPaEEiNS5_3__411always_trueENSE_38__callable_permitting_copied_argumentsIN6detail16random_to_item_tIaEEEESC_JSA_EEEvT0_ibT1_T2_T3_DpNS2_10kernel_argIT4_EE' for 'sm_100'
ptxas info    : Function properties for _ZN3cub17_V_300500_SM_10006detail9transform16transform_kernelINS2_26policy_selector_from_typesILb0ELb1EN4cuda3std3__45tupleIJPKdEEEPaEEiNS5_3__411always_trueENSE_38__callable_permitting_copied_argumentsIN6detail16random_to_item_tIaEEEESC_JSA_EEEvT0_ibT1_T2_T3_DpNS2_10kernel_argIT4_EE
    0 bytes stack frame, 0 bytes spill stores, 0 bytes spill loads
ptxas info    : Used 12 registers, used 1 barriers
ptxas info    : Compile time = 7.201 ms
ptxas info    : Compiling entry function '_ZN3cub17_V_300500_SM_10006detail9transform16transform_kernelINS2_26policy_selector_from_typesILb0ELb1EN4cuda3std3__45tupleIJPtS9_EEES9_EElNS5_3__411always_trueENSC_38__callable_permitting_copied_argumentsIN6detail5and_tEEES9_JS9_S9_EEEvT0_ibT1_T2_T3_DpNS2_10kernel_argIT4_EE' for 'sm_100'
ptxas info    : Function properties for _ZN3cub17_V_300500_SM_10006detail9transform16transform_kernelINS2_26policy_selector_from_typesILb0ELb1EN4cuda3std3__45tupleIJPtS9_EEES9_EElNS5_3__411always_trueENSC_38__callable_permitting_copied_argumentsIN6detail5and_tEEES9_JS9_S9_EEEvT0_ibT1_T2_T3_DpNS2_10kernel_argIT4_EE
    0 bytes stack frame, 0 bytes spill stores, 0 bytes spill loads
ptxas info    : Used 12 registers, used 1 barriers
ptxas info    : Compile time = 9.390 ms
ptxas info    : Compiling entry function '_ZN3cub17_V_300500_SM_10006detail9transform16transform_kernelINS2_26policy_selector_from_typesILb0ELb1EN4cuda3std3__45tupleIJPtS9_EEES9_EEiNS5_3__411always_trueENSC_38__callable_permitting_copied_argumentsIN6detail5and_tEEES9_JS9_S9_EEEvT0_ibT1_T2_T3_DpNS2_10kernel_argIT4_EE' for 'sm_100'
ptxas info    : Function properties for _ZN3cub17_V_300500_SM_10006detail9transform16transform_kernelINS2_26policy_selector_from_typesILb0ELb1EN4cuda3std3__45tupleIJPtS9_EEES9_EEiNS5_3__411always_trueENSC_38__callable_permitting_copied_argumentsIN6detail5and_tEEES9_JS9_S9_EEEvT0_ibT1_T2_T3_DpNS2_10kernel_argIT4_EE
    0 bytes stack frame, 0 bytes spill stores, 0 bytes spill loads
ptxas info    : Used 12 registers, used 1 barriers
ptxas info    : Compile time = 8.960 ms
ptxas info    : Compiling entry function '_ZN3cub17_V_300500_SM_10006detail9transform16transform_kernelINS2_26policy_selector_from_typesILb0ELb1EN4cuda3std3__45tupleIJEEEPtEElNS5_3__411always_trueENS1_17__return_constantItEESA_JEEEvT0_ibT1_T2_T3_DpNS2_10kernel_argIT4_EE' for 'sm_100'
ptxas info    : Function properties for _ZN3cub17_V_300500_SM_10006detail9transform16transform_kernelINS2_26policy_selector_from_typesILb0ELb1EN4cuda3std3__45tupleIJEEEPtEElNS5_3__411always_trueENS1_17__return_constantItEESA_JEEEvT0_ibT1_T2_T3_DpNS2_10kernel_argIT4_EE
    0 bytes stack frame, 0 bytes spill stores, 0 bytes spill loads
ptxas info    : Used 32 registers, used 0 barriers
ptxas info    : Compile time = 7.606 ms
ptxas info    : Compiling entry function '_ZN3cub17_V_300500_SM_10006detail9transform16transform_kernelINS2_26policy_selector_from_typesILb0ELb1EN4cuda3std3__45tupleIJEEEPtEEiNS5_3__411always_trueENS1_17__return_constantItEESA_JEEEvT0_ibT1_T2_T3_DpNS2_10kernel_argIT4_EE' for 'sm_100'
ptxas info    : Function properties for _ZN3cub17_V_300500_SM_10006detail9transform16transform_kernelINS2_26policy_selector_from_typesILb0ELb1EN4cuda3std3__45tupleIJEEEPtEEiNS5_3__411always_trueENS1_17__return_constantItEESA_JEEEvT0_ibT1_T2_T3_DpNS2_10kernel_argIT4_EE
    0 bytes stack frame, 0 bytes spill stores, 0 bytes spill loads
ptxas info    : Used 32 registers, used 0 barriers
ptxas info    : Compile time = 6.244 ms
ptxas info    : Compiling entry function '_ZN3cub17_V_300500_SM_10006detail9transform16transform_kernelINS2_26policy_selector_from_typesILb0ELb1EN4cuda3std3__45tupleIJPKdEEEPtEElNS5_3__411always_trueENSE_38__callable_permitting_copied_argumentsIN6detail16random_to_item_tItEEEESC_JSA_EEEvT0_ibT1_T2_T3_DpNS2_10kernel_argIT4_EE' for 'sm_100'
ptxas info    : Function properties for _ZN3cub17_V_300500_SM_10006detail9transform16transform_kernelINS2_26policy_selector_from_typesILb0ELb1EN4cuda3std3__45tupleIJPKdEEEPtEElNS5_3__411always_trueENSE_38__callable_permitting_copied_argumentsIN6detail16random_to_item_tItEEEESC_JSA_EEEvT0_ibT1_T2_T3_DpNS2_10kernel_argIT4_EE
    0 bytes stack frame, 0 bytes spill stores, 0 bytes spill loads
ptxas info    : Used 12 registers, used 1 barriers
ptxas info    : Compile time = 7.480 ms
ptxas info    : Compiling entry function '_ZN3cub17_V_300500_SM_10006detail9transform16transform_kernelINS2_26policy_selector_from_typesILb0ELb1EN4cuda3std3__45tupleIJPKdEEEPtEEiNS5_3__411always_trueENSE_38__callable_permitting_copied_argumentsIN6detail16random_to_item_tItEEEESC_JSA_EEEvT0_ibT1_T2_T3_DpNS2_10kernel_argIT4_EE' for 'sm_100'
ptxas info    : Function properties for _ZN3cub17_V_300500_SM_10006detail9transform16transform_kernelINS2_26policy_selector_from_typesILb0ELb1EN4cuda3std3__45tupleIJPKdEEEPtEEiNS5_3__411always_trueENSE_38__callable_permitting_copied_argumentsIN6detail16random_to_item_tItEEEESC_JSA_EEEvT0_ibT1_T2_T3_DpNS2_10kernel_argIT4_EE
    0 bytes stack frame, 0 bytes spill stores, 0 bytes spill loads
ptxas info    : Used 12 registers, used 1 barriers
ptxas info    : Compile time = 7.043 ms
ptxas info    : Compiling entry function '_ZN3cub17_V_300500_SM_10006detail9transform16transform_kernelINS2_26policy_selector_from_typesILb0ELb1EN4cuda3std3__45tupleIJPhS9_EEES9_EElNS5_3__411always_trueENSC_38__callable_permitting_copied_argumentsIN6detail5and_tEEES9_JS9_S9_EEEvT0_ibT1_T2_T3_DpNS2_10kernel_argIT4_EE' for 'sm_100'
ptxas info    : Function properties for _ZN3cub17_V_300500_SM_10006detail9transform16transform_kernelINS2_26policy_selector_from_typesILb0ELb1EN4cuda3std3__45tupleIJPhS9_EEES9_EElNS5_3__411always_trueENSC_38__callable_permitting_copied_argumentsIN6detail5and_tEEES9_JS9_S9_EEEvT0_ibT1_T2_T3_DpNS2_10kernel_argIT4_EE
    0 bytes stack frame, 0 bytes spill stores, 0 bytes spill loads
ptxas info    : Used 12 registers, used 1 barriers
ptxas info    : Compile time = 9.967 ms
ptxas info    : Compiling entry function '_ZN3cub17_V_300500_SM_10006detail9transform16transform_kernelINS2_26policy_selector_from_typesILb0ELb1EN4cuda3std3__45tupleIJPhS9_EEES9_EEiNS5_3__411always_trueENSC_38__callable_permitting_copied_argumentsIN6detail5and_tEEES9_JS9_S9_EEEvT0_ibT1_T2_T3_DpNS2_10kernel_argIT4_EE' for 'sm_100'
ptxas info    : Function properties for _ZN3cub17_V_300500_SM_10006detail9transform16transform_kernelINS2_26policy_selector_from_typesILb0ELb1EN4cuda3std3__45tupleIJPhS9_EEES9_EEiNS5_3__411always_trueENSC_38__callable_permitting_copied_argumentsIN6detail5and_tEEES9_JS9_S9_EEEvT0_ibT1_T2_T3_DpNS2_10kernel_argIT4_EE
    0 bytes stack frame, 0 bytes spill stores, 0 bytes spill loads
ptxas info    : Used 12 registers, used 1 barriers
ptxas info    : Compile time = 9.009 ms
ptxas info    : Compiling entry function '_ZN3cub17_V_300500_SM_10006detail9transform16transform_kernelINS2_26policy_selector_from_typesILb0ELb1EN4cuda3std3__45tupleIJEEEPhEElNS5_3__411always_trueENS1_17__return_constantIhEESA_JEEEvT0_ibT1_T2_T3_DpNS2_10kernel_argIT4_EE' for 'sm_100'
ptxas info    : Function properties for _ZN3cub17_V_300500_SM_10006detail9transform16transform_kernelINS2_26policy_selector_from_typesILb0ELb1EN4cuda3std3__45tupleIJEEEPhEElNS5_3__411always_trueENS1_17__return_constantIhEESA_JEEEvT0_ibT1_T2_T3_DpNS2_10kernel_argIT4_EE
    0 bytes stack frame, 0 bytes spill stores, 0 bytes spill loads
ptxas info    : Used 24 registers, used 0 barriers
ptxas info    : Compile time = 7.955 ms
ptxas info    : Compiling entry function '_ZN3cub17_V_300500_SM_10006detail9transform16transform_kernelINS2_26policy_selector_from_typesILb0ELb1EN4cuda3std3__45tupleIJEEEPhEEiNS5_3__411always_trueENS1_17__return_constantIhEESA_JEEEvT0_ibT1_T2_T3_DpNS2_10kernel_argIT4_EE' for 'sm_100'
ptxas info    : Function properties for _ZN3cub17_V_300500_SM_10006detail9transform16transform_kernelINS2_26policy_selector_from_typesILb0ELb1EN4cuda3std3__45tupleIJEEEPhEEiNS5_3__411always_trueENS1_17__return_constantIhEESA_JEEEvT0_ibT1_T2_T3_DpNS2_10kernel_argIT4_EE
    0 bytes stack frame, 0 bytes spill stores, 0 bytes spill loads
ptxas info    : Used 22 registers, used 0 barriers
ptxas info    : Compile time = 6.594 ms
ptxas info    : Compiling entry function '_ZN3cub17_V_300500_SM_10006detail9transform16transform_kernelINS2_26policy_selector_from_typesILb0ELb1EN4cuda3std3__45tupleIJPKdEEEPhEElNS5_3__411always_trueENSE_38__callable_permitting_copied_argumentsIN6detail16random_to_item_tIhEEEESC_JSA_EEEvT0_ibT1_T2_T3_DpNS2_10kernel_argIT4_EE' for 'sm_100'
ptxas info    : Function properties for _ZN3cub17_V_300500_SM_10006detail9transform16transform_kernelINS2_26policy_selector_from_typesILb0ELb1EN4cuda3std3__45tupleIJPKdEEEPhEElNS5_3__411always_trueENSE_38__callable_permitting_copied_argumentsIN6detail16random_to_item_tIhEEEESC_JSA_EEEvT0_ibT1_T2_T3_DpNS2_10kernel_argIT4_EE
    0 bytes stack frame, 0 bytes spill stores, 0 bytes spill loads
ptxas info    : Used 12 registers, used 1 barriers
ptxas info    : Compile time = 7.471 ms
ptxas info    : Compiling entry function '_ZN3cub17_V_300500_SM_10006detail9transform16transform_kernelINS2_26policy_selector_from_typesILb0ELb1EN4cuda3std3__45tupleIJPKdEEEPhEEiNS5_3__411always_trueENSE_38__callable_permitting_copied_argumentsIN6detail16random_to_item_tIhEEEESC_JSA_EEEvT0_ibT1_T2_T3_DpNS2_10kernel_argIT4_EE' for 'sm_100'
ptxas info    : Function properties for _ZN3cub17_V_300500_SM_10006detail9transform16transform_kernelINS2_26policy_selector_from_typesILb0ELb1EN4cuda3std3__45tupleIJPKdEEEPhEEiNS5_3__411always_trueENSE_38__callable_permitting_copied_argumentsIN6detail16random_to_item_tIhEEEESC_JSA_EEEvT0_ibT1_T2_T3_DpNS2_10kernel_argIT4_EE
    0 bytes stack frame, 0 bytes spill stores, 0 bytes spill loads
ptxas info    : Used 12 registers, used 1 barriers
ptxas info    : Compile time = 7.220 ms
ptxas info    : Compiling entry function '_ZN3cub17_V_300500_SM_10006detail9transform16transform_kernelINS2_26policy_selector_from_typesILb0ELb1EN4cuda3std3__45tupleIJPKdEEEPbEElNS5_3__411always_trueENSE_38__callable_permitting_copied_argumentsIN6detail23random_to_probability_tEEESC_JSA_EEEvT0_ibT1_T2_T3_DpNS2_10kernel_argIT4_EE' for 'sm_100'
ptxas info    : Function properties for _ZN3cub17_V_300500_SM_10006detail9transform16transform_kernelINS2_26policy_selector_from_typesILb0ELb1EN4cuda3std3__45tupleIJPKdEEEPbEElNS5_3__411always_trueENSE_38__callable_permitting_copied_argumentsIN6detail23random_to_probability_tEEESC_JSA_EEEvT0_ibT1_T2_T3_DpNS2_10kernel_argIT4_EE
    0 bytes stack frame, 0 bytes spill stores, 0 bytes spill loads
ptxas info    : Used 13 registers, used 1 barriers
ptxas info    : Compile time = 7.272 ms
ptxas info    : Compiling entry function '_ZN3cub17_V_300500_SM_10006detail9transform16transform_kernelINS2_26policy_selector_from_typesILb0ELb1EN4cuda3std3__45tupleIJPKdEEEPbEEiNS5_3__411always_trueENSE_38__callable_permitting_copied_argumentsIN6detail23random_to_probability_tEEESC_JSA_EEEvT0_ibT1_T2_T3_DpNS2_10kernel_argIT4_EE' for 'sm_100'
ptxas info    : Function properties for _ZN3cub17_V_300500_SM_10006detail9transform16transform_kernelINS2_26policy_selector_from_typesILb0ELb1EN4cuda3std3__45tupleIJPKdEEEPbEEiNS5_3__411always_trueENSE_38__callable_permitting_copied_argumentsIN6detail23random_to_probability_tEEESC_JSA_EEEvT0_ibT1_T2_T3_DpNS2_10kernel_argIT4_EE
    0 bytes stack frame, 0 bytes spill stores, 0 bytes spill loads
ptxas info    : Used 13 registers, used 1 barriers
ptxas info    : Compile time = 6.968 ms
ptxas info    : Compiling entry function '_ZN3cub17_V_300500_SM_10006detail9transform16transform_kernelINS2_26policy_selector_from_typesILb0ELb1EN4cuda3std3__45tupleIJEEEPbEElNS5_3__411always_trueENS1_17__return_constantIbEESA_JEEEvT0_ibT1_T2_T3_DpNS2_10kernel_argIT4_EE' for 'sm_100'
ptxas info    : Function properties for _ZN3cub17_V_300500_SM_10006detail9transform16transform_kernelINS2_26policy_selector_from_typesILb0ELb1EN4cuda3std3__45tupleIJEEEPbEElNS5_3__411always_trueENS1_17__return_constantIbEESA_JEEEvT0_ibT1_T2_T3_DpNS2_10kernel_argIT4_EE
    0 bytes stack frame, 0 bytes spill stores, 0 bytes spill loads
ptxas info    : Used 24 registers, used 0 barriers
ptxas info    : Compile time = 7.975 ms
ptxas info    : Compiling entry function '_ZN3cub17_V_300500_SM_10006detail9transform16transform_kernelINS2_26policy_selector_from_typesILb0ELb1EN4cuda3std3__45tupleIJEEEPbEEiNS5_3__411always_trueENS1_17__return_constantIbEESA_JEEEvT0_ibT1_T2_T3_DpNS2_10kernel_argIT4_EE' for 'sm_100'
ptxas info    : Function properties for _ZN3cub17_V_300500_SM_10006detail9transform16transform_kernelINS2_26policy_selector_from_typesILb0ELb1EN4cuda3std3__45tupleIJEEEPbEEiNS5_3__411always_trueENS1_17__return_constantIbEESA_JEEEvT0_ibT1_T2_T3_DpNS2_10kernel_argIT4_EE
    0 bytes stack frame, 0 bytes spill stores, 0 bytes spill loads
ptxas info    : Used 22 registers, used 0 barriers
ptxas info    : Compile time = 6.599 ms
ptxas info    : Compiling entry function '_ZN3cub17_V_300500_SM_10006detail9transform16transform_kernelINS2_26policy_selector_from_typesILb0ELb1EN4cuda3std3__45tupleIJPmS9_EEES9_EElNS5_3__411always_trueENSC_38__callable_permitting_copied_argumentsIN6detail5and_tEEES9_JS9_S9_EEEvT0_ibT1_T2_T3_DpNS2_10kernel_argIT4_EE' for 'sm_100'
ptxas info    : Function properties for _ZN3cub17_V_300500_SM_10006detail9transform16transform_kernelINS2_26policy_selector_from_typesILb0ELb1EN4cuda3std3__45tupleIJPmS9_EEES9_EElNS5_3__411always_trueENSC_38__callable_permitting_copied_argumentsIN6detail5and_tEEES9_JS9_S9_EEEvT0_ibT1_T2_T3_DpNS2_10kernel_argIT4_EE
    0 bytes stack frame, 0 bytes spill stores, 0 bytes spill loads
ptxas info    : Used 12 registers, used 1 barriers
ptxas info    : Compile time = 9.505 ms
ptxas info    : Compiling entry function '_ZN3cub17_V_300500_SM_10006detail9transform16transform_kernelINS2_26policy_selector_from_typesILb0ELb1EN4cuda3std3__45tupleIJPmS9_EEES9_EEiNS5_3__411always_trueENSC_38__callable_permitting_copied_argumentsIN6detail5and_tEEES9_JS9_S9_EEEvT0_ibT1_T2_T3_DpNS2_10kernel_argIT4_EE' for 'sm_100'
ptxas info    : Function properties for _ZN3cub17_V_300500_SM_10006detail9transform16transform_kernelINS2_26policy_selector_from_typesILb0ELb1EN4cuda3std3__45tupleIJPmS9_EEES9_EEiNS5_3__411always_trueENSC_38__callable_permitting_copied_argumentsIN6detail5and_tEEES9_JS9_S9_EEEvT0_ibT1_T2_T3_DpNS2_10kernel_argIT4_EE
    0 bytes stack frame, 0 bytes spill stores, 0 bytes spill loads
ptxas info    : Used 12 registers, used 1 barriers
ptxas info    : Compile time = 9.061 ms
ptxas info    : Compiling entry function '_ZN3cub17_V_300500_SM_10006detail9transform16transform_kernelINS2_26policy_selector_from_typesILb0ELb1EN4cuda3std3__45tupleIJEEEPmEElNS5_3__411always_trueENS1_17__return_constantImEESA_JEEEvT0_ibT1_T2_T3_DpNS2_10kernel_argIT4_EE' for 'sm_100'
ptxas info    : Function properties for _ZN3cub17_V_300500_SM_10006detail9transform16transform_kernelINS2_26policy_selector_from_typesILb0ELb1EN4cuda3std3__45tupleIJEEEPmEElNS5_3__411always_trueENS1_17__return_constantImEESA_JEEEvT0_ibT1_T2_T3_DpNS2_10kernel_argIT4_EE
    0 bytes stack frame, 0 bytes spill stores, 0 bytes spill loads
ptxas info    : Used 32 registers, used 0 barriers
ptxas info    : Compile time = 7.605 ms
ptxas info    : Compiling entry function '_ZN3cub17_V_300500_SM_10006detail9transform16transform_kernelINS2_26policy_selector_from_typesILb0ELb1EN4cuda3std3__45tupleIJEEEPmEEiNS5_3__411always_trueENS1_17__return_constantImEESA_JEEEvT0_ibT1_T2_T3_DpNS2_10kernel_argIT4_EE' for 'sm_100'
ptxas info    : Function properties for _ZN3cub17_V_300500_SM_10006detail9transform16transform_kernelINS2_26policy_selector_from_typesILb0ELb1EN4cuda3std3__45tupleIJEEEPmEEiNS5_3__411always_trueENS1_17__return_constantImEESA_JEEEvT0_ibT1_T2_T3_DpNS2_10kernel_argIT4_EE
    0 bytes stack frame, 0 bytes spill stores, 0 bytes spill loads
ptxas info    : Used 30 registers, used 0 barriers
ptxas info    : Compile time = 6.214 ms
ptxas info    : Compiling entry function '_ZN3cub17_V_300500_SM_10006detail9transform16transform_kernelINS2_26policy_selector_from_typesILb0ELb1EN4cuda3std3__45tupleIJPKdEEEPmEElNS5_3__411always_trueENSE_38__callable_permitting_copied_argumentsIN6detail16random_to_item_tImEEEESC_JSA_EEEvT0_ibT1_T2_T3_DpNS2_10kernel_argIT4_EE' for 'sm_100'
ptxas info    : Function properties for _ZN3cub17_V_300500_SM_10006detail9transform16transform_kernelINS2_26policy_selector_from_typesILb0ELb1EN4cuda3std3__45tupleIJPKdEEEPmEElNS5_3__411always_trueENSE_38__callable_permitting_copied_argumentsIN6detail16random_to_item_tImEEEESC_JSA_EEEvT0_ibT1_T2_T3_DpNS2_10kernel_argIT4_EE
    0 bytes stack frame, 0 bytes spill stores, 0 bytes spill loads
ptxas info    : Used 12 registers, used 1 barriers
ptxas info    : Compile time = 7.461 ms
ptxas info    : Compiling entry function '_ZN3cub17_V_300500_SM_10006detail9transform16transform_kernelINS2_26policy_selector_from_typesILb0ELb1EN4cuda3std3__45tupleIJPKdEEEPmEEiNS5_3__411always_trueENSE_38__callable_permitting_copied_argumentsIN6detail16random_to_item_tImEEEESC_JSA_EEEvT0_ibT1_T2_T3_DpNS2_10kernel_argIT4_EE' for 'sm_100'
ptxas info    : Function properties for _ZN3cub17_V_300500_SM_10006detail9transform16transform_kernelINS2_26policy_selector_from_typesILb0ELb1EN4cuda3std3__45tupleIJPKdEEEPmEEiNS5_3__411always_trueENSE_38__callable_permitting_copied_argumentsIN6detail16random_to_item_tImEEEESC_JSA_EEEvT0_ibT1_T2_T3_DpNS2_10kernel_argIT4_EE
    0 bytes stack frame, 0 bytes spill stores, 0 bytes spill loads
ptxas info    : Used 12 registers, used 1 barriers
ptxas info    : Compile time = 7.034 ms
ptxas info    : Compiling entry function '_ZN3cub17_V_300500_SM_10006detail9transform16transform_kernelINS2_26policy_selector_from_typesILb0ELb1EN4cuda3std3__45tupleIJNS5_3__417counting_iteratorIlnLi0ELi0ELi0EEEEEEPmEElNS9_11always_trueENS9_38__callable_permitting_copied_argumentsIN6detail18lognormal_adjust_tImEEEESD_JSB_EEEvT0_ibT1_T2_T3_DpNS2_10kernel_argIT4_EE' for 'sm_100'
ptxas info    : Function properties for _ZN3cub17_V_300500_SM_10006detail9transform16transform_kernelINS2_26policy_selector_from_typesILb0ELb1EN4cuda3std3__45tupleIJNS5_3__417counting_iteratorIlnLi0ELi0ELi0EEEEEEPmEElNS9_11always_trueENS9_38__callable_permitting_copied_argumentsIN6detail18lognormal_adjust_tImEEEESD_JSB_EEEvT0_ibT1_T2_T3_DpNS2_10kernel_argIT4_EE
    0 bytes stack frame, 0 bytes spill stores, 0 bytes spill loads
ptxas info    : Used 32 registers, used 0 barriers
ptxas info    : Compile time = 17.088 ms
ptxas info    : Compiling entry function '_ZN3cub17_V_300500_SM_10006detail9transform16transform_kernelINS2_26policy_selector_from_typesILb0ELb1EN4cuda3std3__45tupleIJNS5_3__417counting_iteratorIlnLi0ELi0ELi0EEEEEEPmEEiNS9_11always_trueENS9_38__callable_permitting_copied_argumentsIN6detail18lognormal_adjust_tImEEEESD_JSB_EEEvT0_ibT1_T2_T3_DpNS2_10kernel_argIT4_EE' for 'sm_100'
ptxas info    : Function properties for _ZN3cub17_V_300500_SM_10006detail9transform16transform_kernelINS2_26policy_selector_from_typesILb0ELb1EN4cuda3std3__45tupleIJNS5_3__417counting_iteratorIlnLi0ELi0ELi0EEEEEEPmEEiNS9_11always_trueENS9_38__callable_permitting_copied_argumentsIN6detail18lognormal_adjust_tImEEEESD_JSB_EEEvT0_ibT1_T2_T3_DpNS2_10kernel_argIT4_EE
    0 bytes stack frame, 0 bytes spill stores, 0 bytes spill loads
ptxas info    : Used 32 registers, used 0 barriers
ptxas info    : Compile time = 14.226 ms
ptxas info    : Compiling entry function '_ZN3cub17_V_300500_SM_10006detail9transform16transform_kernelINS2_26policy_selector_from_typesILb0ELb1EN4cuda3std3__45tupleIJPKdEEEPmEElNS5_3__411always_trueENSE_38__callable_permitting_copied_argumentsIN6detail23lognormal_transformer_tImEEEESC_JSA_EEEvT0_ibT1_T2_T3_DpNS2_10kernel_argIT4_EE' for 'sm_100'
ptxas info    : Function properties for _ZN3cub17_V_300500_SM_10006detail9transform16transform_kernelINS2_26policy_selector_from_typesILb0ELb1EN4cuda3std3__45tupleIJPKdEEEPmEElNS5_3__411always_trueENSE_38__callable_permitting_copied_argumentsIN6detail23lognormal_transformer_tImEEEESC_JSA_EEEvT0_ibT1_T2_T3_DpNS2_10kernel_argIT4_EE
    0 bytes stack frame, 0 bytes spill stores, 0 bytes spill loads
ptxas info    : Used 30 registers, used 1 barriers
ptxas info    : Compile time = 13.254 ms
ptxas info    : Compiling entry function '_ZN3cub17_V_300500_SM_10006detail9transform16transform_kernelINS2_26policy_selector_from_typesILb0ELb1EN4cuda3std3__45tupleIJPKdEEEPmEEiNS5_3__411always_trueENSE_38__callable_permitting_copied_argumentsIN6detail23lognormal_transformer_tImEEEESC_JSA_EEEvT0_ibT1_T2_T3_DpNS2_10kernel_argIT4_EE' for 'sm_100'
ptxas info    : Function properties for _ZN3cub17_V_300500_SM_10006detail9transform16transform_kernelINS2_26policy_selector_from_typesILb0ELb1EN4cuda3std3__45tupleIJPKdEEEPmEEiNS5_3__411always_trueENSE_38__callable_permitting_copied_argumentsIN6detail23lognormal_transformer_tImEEEESC_JSA_EEEvT0_ibT1_T2_T3_DpNS2_10kernel_argIT4_EE
    0 bytes stack frame, 0 bytes spill stores, 0 bytes spill loads
ptxas info    : Used 30 registers, used 1 barriers
ptxas info    : Compile time = 12.712 ms
ptxas info    : Compiling entry function '_ZN3cub17_V_300500_SM_10006detail9transform16transform_kernelINS2_26policy_selector_from_typesILb0ELb1EN4cuda3std3__45tupleIJPlS9_EEES9_EElNS5_3__411always_trueENSC_38__callable_permitting_copied_argumentsIN6detail5and_tEEES9_JS9_S9_EEEvT0_ibT1_T2_T3_DpNS2_10kernel_argIT4_EE' for 'sm_100'
ptxas info    : Function properties for _ZN3cub17_V_300500_SM_10006detail9transform16transform_kernelINS2_26policy_selector_from_typesILb0ELb1EN4cuda3std3__45tupleIJPlS9_EEES9_EElNS5_3__411always_trueENSC_38__callable_permitting_copied_argumentsIN6detail5and_tEEES9_JS9_S9_EEEvT0_ibT1_T2_T3_DpNS2_10kernel_argIT4_EE
    0 bytes stack frame, 0 bytes spill stores, 0 bytes spill loads
ptxas info    : Used 12 registers, used 1 barriers
ptxas info    : Compile time = 9.481 ms
ptxas info    : Compiling entry function '_ZN3cub17_V_300500_SM_10006detail9transform16transform_kernelINS2_26policy_selector_from_typesILb0ELb1EN4cuda3std3__45tupleIJPlS9_EEES9_EEiNS5_3__411always_trueENSC_38__callable_permitting_copied_argumentsIN6detail5and_tEEES9_JS9_S9_EEEvT0_ibT1_T2_T3_DpNS2_10kernel_argIT4_EE' for 'sm_100'
ptxas info    : Function properties for _ZN3cub17_V_300500_SM_10006detail9transform16transform_kernelINS2_26policy_selector_from_typesILb0ELb1EN4cuda3std3__45tupleIJPlS9_EEES9_EEiNS5_3__411always_trueENSC_38__callable_permitting_copied_argumentsIN6detail5and_tEEES9_JS9_S9_EEEvT0_ibT1_T2_T3_DpNS2_10kernel_argIT4_EE
    0 bytes stack frame, 0 bytes spill stores, 0 bytes spill loads
ptxas info    : Used 12 registers, used 1 barriers
ptxas info    : Compile time = 9.057 ms
ptxas info    : Compiling entry function '_ZN3cub17_V_300500_SM_10006detail9transform16transform_kernelINS2_26policy_selector_from_typesILb0ELb1EN4cuda3std3__45tupleIJEEEPlEElNS5_3__411always_trueENS1_17__return_constantIlEESA_JEEEvT0_ibT1_T2_T3_DpNS2_10kernel_argIT4_EE' for 'sm_100'
ptxas info    : Function properties for _ZN3cub17_V_300500_SM_10006detail9transform16transform_kernelINS2_26policy_selector_from_typesILb0ELb1EN4cuda3std3__45tupleIJEEEPlEElNS5_3__411always_trueENS1_17__return_constantIlEESA_JEEEvT0_ibT1_T2_T3_DpNS2_10kernel_argIT4_EE
    0 bytes stack frame, 0 bytes spill stores, 0 bytes spill loads
ptxas info    : Used 32 registers, used 0 barriers
ptxas info    : Compile time = 7.642 ms
ptxas info    : Compiling entry function '_ZN3cub17_V_300500_SM_10006detail9transform16transform_kernelINS2_26policy_selector_from_typesILb0ELb1EN4cuda3std3__45tupleIJEEEPlEEiNS5_3__411always_trueENS1_17__return_constantIlEESA_JEEEvT0_ibT1_T2_T3_DpNS2_10kernel_argIT4_EE' for 'sm_100'
ptxas info    : Function properties for _ZN3cub17_V_300500_SM_10006detail9transform16transform_kernelINS2_26policy_selector_from_typesILb0ELb1EN4cuda3std3__45tupleIJEEEPlEEiNS5_3__411always_trueENS1_17__return_constantIlEESA_JEEEvT0_ibT1_T2_T3_DpNS2_10kernel_argIT4_EE
    0 bytes stack frame, 0 bytes spill stores, 0 bytes spill loads
ptxas info    : Used 30 registers, used 0 barriers
ptxas info    : Compile time = 6.191 ms
ptxas info    : Compiling entry function '_ZN3cub17_V_300500_SM_10006detail9transform16transform_kernelINS2_26policy_selector_from_typesILb0ELb1EN4cuda3std3__45tupleIJPKdEEEPlEElNS5_3__411always_trueENSE_38__callable_permitting_copied_argumentsIN6detail16random_to_item_tIlEEEESC_JSA_EEEvT0_ibT1_T2_T3_DpNS2_10kernel_argIT4_EE' for 'sm_100'
ptxas info    : Function properties for _ZN3cub17_V_300500_SM_10006detail9transform16transform_kernelINS2_26policy_selector_from_typesILb0ELb1EN4cuda3std3__45tupleIJPKdEEEPlEElNS5_3__411always_trueENSE_38__callable_permitting_copied_argumentsIN6detail16random_to_item_tIlEEEESC_JSA_EEEvT0_ibT1_T2_T3_DpNS2_10kernel_argIT4_EE
    0 bytes stack frame, 0 bytes spill stores, 0 bytes spill loads
ptxas info    : Used 12 registers, used 1 barriers
ptxas info    : Compile time = 7.484 ms
ptxas info    : Compiling entry function '_ZN3cub17_V_300500_SM_10006detail9transform16transform_kernelINS2_26policy_selector_from_typesILb0ELb1EN4cuda3std3__45tupleIJPKdEEEPlEEiNS5_3__411always_trueENSE_38__callable_permitting_copied_argumentsIN6detail16random_to_item_tIlEEEESC_JSA_EEEvT0_ibT1_T2_T3_DpNS2_10kernel_argIT4_EE' for 'sm_100'
ptxas info    : Function properties for _ZN3cub17_V_300500_SM_10006detail9transform16transform_kernelINS2_26policy_selector_from_typesILb0ELb1EN4cuda3std3__45tupleIJPKdEEEPlEEiNS5_3__411always_trueENSE_38__callable_permitting_copied_argumentsIN6detail16random_to_item_tIlEEEESC_JSA_EEEvT0_ibT1_T2_T3_DpNS2_10kernel_argIT4_EE
    0 bytes stack frame, 0 bytes spill stores, 0 bytes spill loads
ptxas info    : Used 12 registers, used 1 barriers
ptxas info    : Compile time = 7.049 ms
ptxas info    : Compiling entry function '_ZN3cub17_V_300500_SM_10006detail9transform16transform_kernelINS2_26policy_selector_from_typesILb0ELb1EN4cuda3std3__45tupleIJNS5_3__417counting_iteratorIlnLi0ELi0ELi0EEEEEEPlEElNS9_11always_trueENS9_38__callable_permitting_copied_argumentsIN6detail18lognormal_adjust_tIlEEEESD_JSB_EEEvT0_ibT1_T2_T3_DpNS2_10kernel_argIT4_EE' for 'sm_100'
ptxas info    : Function properties for _ZN3cub17_V_300500_SM_10006detail9transform16transform_kernelINS2_26policy_selector_from_typesILb0ELb1EN4cuda3std3__45tupleIJNS5_3__417counting_iteratorIlnLi0ELi0ELi0EEEEEEPlEElNS9_11always_trueENS9_38__callable_permitting_copied_argumentsIN6detail18lognormal_adjust_tIlEEEESD_JSB_EEEvT0_ibT1_T2_T3_DpNS2_10kernel_argIT4_EE
    0 bytes stack frame, 0 bytes spill stores, 0 bytes spill loads
ptxas info    : Used 32 registers, used 0 barriers
ptxas info    : Compile time = 17.551 ms
ptxas info    : Compiling entry function '_ZN3cub17_V_300500_SM_10006detail9transform16transform_kernelINS2_26policy_selector_from_typesILb0ELb1EN4cuda3std3__45tupleIJNS5_3__417counting_iteratorIlnLi0ELi0ELi0EEEEEEPlEEiNS9_11always_trueENS9_38__callable_permitting_copied_argumentsIN6detail18lognormal_adjust_tIlEEEESD_JSB_EEEvT0_ibT1_T2_T3_DpNS2_10kernel_argIT4_EE' for 'sm_100'
ptxas info    : Function properties for _ZN3cub17_V_300500_SM_10006detail9transform16transform_kernelINS2_26policy_selector_from_typesILb0ELb1EN4cuda3std3__45tupleIJNS5_3__417counting_iteratorIlnLi0ELi0ELi0EEEEEEPlEEiNS9_11always_trueENS9_38__callable_permitting_copied_argumentsIN6detail18lognormal_adjust_tIlEEEESD_JSB_EEEvT0_ibT1_T2_T3_DpNS2_10kernel_argIT4_EE
    0 bytes stack frame, 0 bytes spill stores, 0 bytes spill loads
ptxas info    : Used 32 registers, used 0 barriers
ptxas info    : Compile time = 14.075 ms
ptxas info    : Compiling entry function '_ZN3cub17_V_300500_SM_10006detail9transform16transform_kernelINS2_26policy_selector_from_typesILb0ELb1EN4cuda3std3__45tupleIJPKdEEEPlEElNS5_3__411always_trueENSE_38__callable_permitting_copied_argumentsIN6detail23lognormal_transformer_tIlEEEESC_JSA_EEEvT0_ibT1_T2_T3_DpNS2_10kernel_argIT4_EE' for 'sm_100'
ptxas info    : Function properties for _ZN3cub17_V_300500_SM_10006detail9transform16transform_kernelINS2_26policy_selector_from_typesILb0ELb1EN4cuda3std3__45tupleIJPKdEEEPlEElNS5_3__411always_trueENSE_38__callable_permitting_copied_argumentsIN6detail23lognormal_transformer_tIlEEEESC_JSA_EEEvT0_ibT1_T2_T3_DpNS2_10kernel_argIT4_EE
    0 bytes stack frame, 0 bytes spill stores, 0 bytes spill loads
ptxas info    : Used 30 registers, used 1 barriers
ptxas info    : Compile time = 13.108 ms
ptxas info    : Compiling entry function '_ZN3cub17_V_300500_SM_10006detail9transform16transform_kernelINS2_26policy_selector_from_typesILb0ELb1EN4cuda3std3__45tupleIJPKdEEEPlEEiNS5_3__411always_trueENSE_38__callable_permitting_copied_argumentsIN6detail23lognormal_transformer_tIlEEEESC_JSA_EEEvT0_ibT1_T2_T3_DpNS2_10kernel_argIT4_EE' for 'sm_100'
ptxas info    : Function properties for _ZN3cub17_V_300500_SM_10006detail9transform16transform_kernelINS2_26policy_selector_from_typesILb0ELb1EN4cuda3std3__45tupleIJPKdEEEPlEEiNS5_3__411always_trueENSE_38__callable_permitting_copied_argumentsIN6detail23lognormal_transformer_tIlEEEESC_JSA_EEEvT0_ibT1_T2_T3_DpNS2_10kernel_argIT4_EE
    0 bytes stack frame, 0 bytes spill stores, 0 bytes spill loads
ptxas info    : Used 30 registers, used 1 barriers
ptxas info    : Compile time = 12.684 ms
ptxas info    : Compiling entry function '_ZN3cub17_V_300500_SM_10006detail9transform16transform_kernelINS2_26policy_selector_from_typesILb0ELb1EN4cuda3std3__45tupleIJPjS9_EEES9_EElNS5_3__411always_trueENSC_38__callable_permitting_copied_argumentsIN6detail5and_tEEES9_JS9_S9_EEEvT0_ibT1_T2_T3_DpNS2_10kernel_argIT4_EE' for 'sm_100'
ptxas info    : Function properties for _ZN3cub17_V_300500_SM_10006detail9transform16transform_kernelINS2_26policy_selector_from_typesILb0ELb1EN4cuda3std3__45tupleIJPjS9_EEES9_EElNS5_3__411always_trueENSC_38__callable_permitting_copied_argumentsIN6detail5and_tEEES9_JS9_S9_EEEvT0_ibT1_T2_T3_DpNS2_10kernel_argIT4_EE
    0 bytes stack frame, 0 bytes spill stores, 0 bytes spill loads
ptxas info    : Used 12 registers, used 1 barriers
ptxas info    : Compile time = 9.306 ms
ptxas info    : Compiling entry function '_ZN3cub17_V_300500_SM_10006detail9transform16transform_kernelINS2_26policy_selector_from_typesILb0ELb1EN4cuda3std3__45tupleIJPjS9_EEES9_EEiNS5_3__411always_trueENSC_38__callable_permitting_copied_argumentsIN6detail5and_tEEES9_JS9_S9_EEEvT0_ibT1_T2_T3_DpNS2_10kernel_argIT4_EE' for 'sm_100'
ptxas info    : Function properties for _ZN3cub17_V_300500_SM_10006detail9transform16transform_kernelINS2_26policy_selector_from_typesILb0ELb1EN4cuda3std3__45tupleIJPjS9_EEES9_EEiNS5_3__411always_trueENSC_38__callable_permitting_copied_argumentsIN6detail5and_tEEES9_JS9_S9_EEEvT0_ibT1_T2_T3_DpNS2_10kernel_argIT4_EE
    0 bytes stack frame, 0 bytes spill stores, 0 bytes spill loads
ptxas info    : Used 12 registers, used 1 barriers
ptxas info    : Compile time = 8.853 ms
ptxas info    : Compiling entry function '_ZN3cub17_V_300500_SM_10006detail9transform16transform_kernelINS2_26policy_selector_from_typesILb0ELb1EN4cuda3std3__45tupleIJEEEPjEElNS5_3__411always_trueENS1_17__return_constantIjEESA_JEEEvT0_ibT1_T2_T3_DpNS2_10kernel_argIT4_EE' for 'sm_100'
ptxas info    : Function properties for _ZN3cub17_V_300500_SM_10006detail9transform16transform_kernelINS2_26policy_selector_from_typesILb0ELb1EN4cuda3std3__45tupleIJEEEPjEElNS5_3__411always_trueENS1_17__return_constantIjEESA_JEEEvT0_ibT1_T2_T3_DpNS2_10kernel_argIT4_EE
    0 bytes stack frame, 0 bytes spill stores, 0 bytes spill loads
ptxas info    : Used 32 registers, used 0 barriers
ptxas info    : Compile time = 7.711 ms
ptxas info    : Compiling entry function '_ZN3cub17_V_300500_SM_10006detail9transform16transform_kernelINS2_26policy_selector_from_typesILb0ELb1EN4cuda3std3__45tupleIJEEEPjEEiNS5_3__411always_trueENS1_17__return_constantIjEESA_JEEEvT0_ibT1_T2_T3_DpNS2_10kernel_argIT4_EE' for 'sm_100'
ptxas info    : Function properties for _ZN3cub17_V_300500_SM_10006detail9transform16transform_kernelINS2_26policy_selector_from_typesILb0ELb1EN4cuda3std3__45tupleIJEEEPjEEiNS5_3__411always_trueENS1_17__return_constantIjEESA_JEEEvT0_ibT1_T2_T3_DpNS2_10kernel_argIT4_EE
    0 bytes stack frame, 0 bytes spill stores, 0 bytes spill loads
ptxas info    : Used 32 registers, used 0 barriers
ptxas info    : Compile time = 6.308 ms
ptxas info    : Compiling entry function '_ZN3cub17_V_300500_SM_10006detail9transform16transform_kernelINS2_26policy_selector_from_typesILb0ELb1EN4cuda3std3__45tupleIJPKdEEEPjEElNS5_3__411always_trueENSE_38__callable_permitting_copied_argumentsIN6detail16random_to_item_tIjEEEESC_JSA_EEEvT0_ibT1_T2_T3_DpNS2_10kernel_argIT4_EE' for 'sm_100'
ptxas info    : Function properties for _ZN3cub17_V_300500_SM_10006detail9transform16transform_kernelINS2_26policy_selector_from_typesILb0ELb1EN4cuda3std3__45tupleIJPKdEEEPjEElNS5_3__411always_trueENSE_38__callable_permitting_copied_argumentsIN6detail16random_to_item_tIjEEEESC_JSA_EEEvT0_ibT1_T2_T3_DpNS2_10kernel_argIT4_EE
    0 bytes stack frame, 0 bytes spill stores, 0 bytes spill loads
ptxas info    : Used 12 registers, used 1 barriers
ptxas info    : Compile time = 7.431 ms
ptxas info    : Compiling entry function '_ZN3cub17_V_300500_SM_10006detail9transform16transform_kernelINS2_26policy_selector_from_typesILb0ELb1EN4cuda3std3__45tupleIJPKdEEEPjEEiNS5_3__411always_trueENSE_38__callable_permitting_copied_argumentsIN6detail16random_to_item_tIjEEEESC_JSA_EEEvT0_ibT1_T2_T3_DpNS2_10kernel_argIT4_EE' for 'sm_100'
ptxas info    : Function properties for _ZN3cub17_V_300500_SM_10006detail9transform16transform_kernelINS2_26policy_selector_from_typesILb0ELb1EN4cuda3std3__45tupleIJPKdEEEPjEEiNS5_3__411always_trueENSE_38__callable_permitting_copied_argumentsIN6detail16random_to_item_tIjEEEESC_JSA_EEEvT0_ibT1_T2_T3_DpNS2_10kernel_argIT4_EE
    0 bytes stack frame, 0 bytes spill stores, 0 bytes spill loads
ptxas info    : Used 12 registers, used 1 barriers
ptxas info    : Compile time = 6.992 ms
ptxas info    : Compiling entry function '_ZN3cub17_V_300500_SM_10006detail9transform16transform_kernelINS2_26policy_selector_from_typesILb0ELb1EN4cuda3std3__45tupleIJNS5_3__417counting_iteratorIlnLi0ELi0ELi0EEEEEEPjEElNS9_11always_trueENS9_38__callable_permitting_copied_argumentsIN6detail18lognormal_adjust_tIjEEEESD_JSB_EEEvT0_ibT1_T2_T3_DpNS2_10kernel_argIT4_EE' for 'sm_100'
ptxas info    : Function properties for _ZN3cub17_V_300500_SM_10006detail9transform16transform_kernelINS2_26policy_selector_from_typesILb0ELb1EN4cuda3std3__45tupleIJNS5_3__417counting_iteratorIlnLi0ELi0ELi0EEEEEEPjEElNS9_11always_trueENS9_38__callable_permitting_copied_argumentsIN6detail18lognormal_adjust_tIjEEEESD_JSB_EEEvT0_ibT1_T2_T3_DpNS2_10kernel_argIT4_EE
    0 bytes stack frame, 0 bytes spill stores, 0 bytes spill loads
ptxas info    : Used 30 registers, used 0 barriers
ptxas info    : Compile time = 17.158 ms
ptxas info    : Compiling entry function '_ZN3cub17_V_300500_SM_10006detail9transform16transform_kernelINS2_26policy_selector_from_typesILb0ELb1EN4cuda3std3__45tupleIJNS5_3__417counting_iteratorIlnLi0ELi0ELi0EEEEEEPjEEiNS9_11always_trueENS9_38__callable_permitting_copied_argumentsIN6detail18lognormal_adjust_tIjEEEESD_JSB_EEEvT0_ibT1_T2_T3_DpNS2_10kernel_argIT4_EE' for 'sm_100'
ptxas info    : Function properties for _ZN3cub17_V_300500_SM_10006detail9transform16transform_kernelINS2_26policy_selector_from_typesILb0ELb1EN4cuda3std3__45tupleIJNS5_3__417counting_iteratorIlnLi0ELi0ELi0EEEEEEPjEEiNS9_11always_trueENS9_38__callable_permitting_copied_argumentsIN6detail18lognormal_adjust_tIjEEEESD_JSB_EEEvT0_ibT1_T2_T3_DpNS2_10kernel_argIT4_EE
    0 bytes stack frame, 0 bytes spill stores, 0 bytes spill loads
ptxas info    : Used 30 registers, used 0 barriers
ptxas info    : Compile time = 14.628 ms
ptxas info    : Compiling entry function '_ZN3cub17_V_300500_SM_10006detail9transform16transform_kernelINS2_26policy_selector_from_typesILb0ELb1EN4cuda3std3__45tupleIJPKdEEEPjEElNS5_3__411always_trueENSE_38__callable_permitting_copied_argumentsIN6detail23lognormal_transformer_tIjEEEESC_JSA_EEEvT0_ibT1_T2_T3_DpNS2_10kernel_argIT4_EE' for 'sm_100'
ptxas info    : Function properties for _ZN3cub17_V_300500_SM_10006detail9transform16transform_kernelINS2_26policy_selector_from_typesILb0ELb1EN4cuda3std3__45tupleIJPKdEEEPjEElNS5_3__411always_trueENSE_38__callable_permitting_copied_argumentsIN6detail23lognormal_transformer_tIjEEEESC_JSA_EEEvT0_ibT1_T2_T3_DpNS2_10kernel_argIT4_EE
    0 bytes stack frame, 0 bytes spill stores, 0 bytes spill loads
ptxas info    : Used 30 registers, used 1 barriers
ptxas info    : Compile time = 13.090 ms
ptxas info    : Compiling entry function '_ZN3cub17_V_300500_SM_10006detail9transform16transform_kernelINS2_26policy_selector_from_typesILb0ELb1EN4cuda3std3__45tupleIJPKdEEEPjEEiNS5_3__411always_trueENSE_38__callable_permitting_copied_argumentsIN6detail23lognormal_transformer_tIjEEEESC_JSA_EEEvT0_ibT1_T2_T3_DpNS2_10kernel_argIT4_EE' for 'sm_100'
ptxas info    : Function properties for _ZN3cub17_V_300500_SM_10006detail9transform16transform_kernelINS2_26policy_selector_from_typesILb0ELb1EN4cuda3std3__45tupleIJPKdEEEPjEEiNS5_3__411always_trueENSE_38__callable_permitting_copied_argumentsIN6detail23lognormal_transformer_tIjEEEESC_JSA_EEEvT0_ibT1_T2_T3_DpNS2_10kernel_argIT4_EE
    0 bytes stack frame, 0 bytes spill stores, 0 bytes spill loads
ptxas info    : Used 30 registers, used 1 barriers
ptxas info    : Compile time = 12.590 ms
ptxas info    : Compiling entry function '_ZN3cub17_V_300500_SM_10006detail9transform16transform_kernelINS2_26policy_selector_from_typesILb0ELb1EN4cuda3std3__45tupleIJPiS9_EEES9_EElNS5_3__411always_trueENSC_38__callable_permitting_copied_argumentsIN6detail5and_tEEES9_JS9_S9_EEEvT0_ibT1_T2_T3_DpNS2_10kernel_argIT4_EE' for 'sm_100'
ptxas info    : Function properties for _ZN3cub17_V_300500_SM_10006detail9transform16transform_kernelINS2_26policy_selector_from_typesILb0ELb1EN4cuda3std3__45tupleIJPiS9_EEES9_EElNS5_3__411always_trueENSC_38__callable_permitting_copied_argumentsIN6detail5and_tEEES9_JS9_S9_EEEvT0_ibT1_T2_T3_DpNS2_10kernel_argIT4_EE
    0 bytes stack frame, 0 bytes spill stores, 0 bytes spill loads
ptxas info    : Used 12 registers, used 1 barriers
ptxas info    : Compile time = 9.299 ms
ptxas info    : Compiling entry function '_ZN3cub17_V_300500_SM_10006detail9transform16transform_kernelINS2_26policy_selector_from_typesILb0ELb1EN4cuda3std3__45tupleIJPiS9_EEES9_EEiNS5_3__411always_trueENSC_38__callable_permitting_copied_argumentsIN6detail5and_tEEES9_JS9_S9_EEEvT0_ibT1_T2_T3_DpNS2_10kernel_argIT4_EE' for 'sm_100'
ptxas info    : Function properties for _ZN3cub17_V_300500_SM_10006detail9transform16transform_kernelINS2_26policy_selector_from_typesILb0ELb1EN4cuda3std3__45tupleIJPiS9_EEES9_EEiNS5_3__411always_trueENSC_38__callable_permitting_copied_argumentsIN6detail5and_tEEES9_JS9_S9_EEEvT0_ibT1_T2_T3_DpNS2_10kernel_argIT4_EE
    0 bytes stack frame, 0 bytes spill stores, 0 bytes spill loads
ptxas info    : Used 12 registers, used 1 barriers
ptxas info    : Compile time = 8.863 ms
ptxas info    : Compiling entry function '_ZN3cub17_V_300500_SM_10006detail9transform16transform_kernelINS2_26policy_selector_from_typesILb0ELb1EN4cuda3std3__45tupleIJEEEPiEElNS5_3__411always_trueENS1_17__return_constantIiEESA_JEEEvT0_ibT1_T2_T3_DpNS2_10kernel_argIT4_EE' for 'sm_100'
ptxas info    : Function properties for _ZN3cub17_V_300500_SM_10006detail9transform16transform_kernelINS2_26policy_selector_from_typesILb0ELb1EN4cuda3std3__45tupleIJEEEPiEElNS5_3__411always_trueENS1_17__return_constantIiEESA_JEEEvT0_ibT1_T2_T3_DpNS2_10kernel_argIT4_EE
    0 bytes stack frame, 0 bytes spill stores, 0 bytes spill loads
ptxas info    : Used 32 registers, used 0 barriers
ptxas info    : Compile time = 7.655 ms
ptxas info    : Compiling entry function '_ZN3cub17_V_300500_SM_10006detail9transform16transform_kernelINS2_26policy_selector_from_typesILb0ELb1EN4cuda3std3__45tupleIJEEEPiEEiNS5_3__411always_trueENS1_17__return_constantIiEESA_JEEEvT0_ibT1_T2_T3_DpNS2_10kernel_argIT4_EE' for 'sm_100'
ptxas info    : Function properties for _ZN3cub17_V_300500_SM_10006detail9transform16transform_kernelINS2_26policy_selector_from_typesILb0ELb1EN4cuda3std3__45tupleIJEEEPiEEiNS5_3__411always_trueENS1_17__return_constantIiEESA_JEEEvT0_ibT1_T2_T3_DpNS2_10kernel_argIT4_EE
    0 bytes stack frame, 0 bytes spill stores, 0 bytes spill loads
ptxas info    : Used 32 registers, used 0 barriers
ptxas info    : Compile time = 6.305 ms
ptxas info    : Compiling entry function '_ZN3cub17_V_300500_SM_10006detail9transform16transform_kernelINS2_26policy_selector_from_typesILb0ELb1EN4cuda3std3__45tupleIJPKdEEEPiEElNS5_3__411always_trueENSE_38__callable_permitting_copied_argumentsIN6detail16random_to_item_tIiEEEESC_JSA_EEEvT0_ibT1_T2_T3_DpNS2_10kernel_argIT4_EE' for 'sm_100'
ptxas info    : Function properties for _ZN3cub17_V_300500_SM_10006detail9transform16transform_kernelINS2_26policy_selector_from_typesILb0ELb1EN4cuda3std3__45tupleIJPKdEEEPiEElNS5_3__411always_trueENSE_38__callable_permitting_copied_argumentsIN6detail16random_to_item_tIiEEEESC_JSA_EEEvT0_ibT1_T2_T3_DpNS2_10kernel_argIT4_EE
    0 bytes stack frame, 0 bytes spill stores, 0 bytes spill loads
ptxas info    : Used 12 registers, used 1 barriers
ptxas info    : Compile time = 7.421 ms
ptxas info    : Compiling entry function '_ZN3cub17_V_300500_SM_10006detail9transform16transform_kernelINS2_26policy_selector_from_typesILb0ELb1EN4cuda3std3__45tupleIJPKdEEEPiEEiNS5_3__411always_trueENSE_38__callable_permitting_copied_argumentsIN6detail16random_to_item_tIiEEEESC_JSA_EEEvT0_ibT1_T2_T3_DpNS2_10kernel_argIT4_EE' for 'sm_100'
ptxas info    : Function properties for _ZN3cub17_V_300500_SM_10006detail9transform16transform_kernelINS2_26policy_selector_from_typesILb0ELb1EN4cuda3std3__45tupleIJPKdEEEPiEEiNS5_3__411always_trueENSE_38__callable_permitting_copied_argumentsIN6detail16random_to_item_tIiEEEESC_JSA_EEEvT0_ibT1_T2_T3_DpNS2_10kernel_argIT4_EE
    0 bytes stack frame, 0 bytes spill stores, 0 bytes spill loads
ptxas info    : Used 12 registers, used 1 barriers
ptxas info    : Compile time = 6.982 ms
ptxas info    : Compiling entry function '_ZN3cub17_V_300500_SM_10006detail9transform16transform_kernelINS2_26policy_selector_from_typesILb0ELb1EN4cuda3std3__45tupleIJNS5_3__417counting_iteratorIlnLi0ELi0ELi0EEEEEEPiEElNS9_11always_trueENS9_38__callable_permitting_copied_argumentsIN6detail18lognormal_adjust_tIiEEEESD_JSB_EEEvT0_ibT1_T2_T3_DpNS2_10kernel_argIT4_EE' for 'sm_100'
ptxas info    : Function properties for _ZN3cub17_V_300500_SM_10006detail9transform16transform_kernelINS2_26policy_selector_from_typesILb0ELb1EN4cuda3std3__45tupleIJNS5_3__417counting_iteratorIlnLi0ELi0ELi0EEEEEEPiEElNS9_11always_trueENS9_38__callable_permitting_copied_argumentsIN6detail18lognormal_adjust_tIiEEEESD_JSB_EEEvT0_ibT1_T2_T3_DpNS2_10kernel_argIT4_EE
    0 bytes stack frame, 0 bytes spill stores, 0 bytes spill loads
ptxas info    : Used 30 registers, used 0 barriers
ptxas info    : Compile time = 17.097 ms
ptxas info    : Compiling entry function '_ZN3cub17_V_300500_SM_10006detail9transform16transform_kernelINS2_26policy_selector_from_typesILb0ELb1EN4cuda3std3__45tupleIJNS5_3__417counting_iteratorIlnLi0ELi0ELi0EEEEEEPiEEiNS9_11always_trueENS9_38__callable_permitting_copied_argumentsIN6detail18lognormal_adjust_tIiEEEESD_JSB_EEEvT0_ibT1_T2_T3_DpNS2_10kernel_argIT4_EE' for 'sm_100'
ptxas info    : Function properties for _ZN3cub17_V_300500_SM_10006detail9transform16transform_kernelINS2_26policy_selector_from_typesILb0ELb1EN4cuda3std3__45tupleIJNS5_3__417counting_iteratorIlnLi0ELi0ELi0EEEEEEPiEEiNS9_11always_trueENS9_38__callable_permitting_copied_argumentsIN6detail18lognormal_adjust_tIiEEEESD_JSB_EEEvT0_ibT1_T2_T3_DpNS2_10kernel_argIT4_EE
    0 bytes stack frame, 0 bytes spill stores, 0 bytes spill loads
ptxas info    : Used 30 registers, used 0 barriers
ptxas info    : Compile time = 14.859 ms
ptxas info    : Compiling entry function '_ZN3cub17_V_300500_SM_10006detail9transform16transform_kernelINS2_26policy_selector_from_typesILb0ELb1EN4cuda3std3__45tupleIJPKdEEEPiEElNS5_3__411always_trueENSE_38__callable_permitting_copied_argumentsIN6detail23lognormal_transformer_tIiEEEESC_JSA_EEEvT0_ibT1_T2_T3_DpNS2_10kernel_argIT4_EE' for 'sm_100'
ptxas info    : Function properties for _ZN3cub17_V_300500_SM_10006detail9transform16transform_kernelINS2_26policy_selector_from_typesILb0ELb1EN4cuda3std3__45tupleIJPKdEEEPiEElNS5_3__411always_trueENSE_38__callable_permitting_copied_argumentsIN6detail23lognormal_transformer_tIiEEEESC_JSA_EEEvT0_ibT1_T2_T3_DpNS2_10kernel_argIT4_EE
    0 bytes stack frame, 0 bytes spill stores, 0 bytes spill loads
ptxas info    : Used 30 registers, used 1 barriers
ptxas info    : Compile time = 13.098 ms
ptxas info    : Compiling entry function '_ZN3cub17_V_300500_SM_10006detail9transform16transform_kernelINS2_26policy_selector_from_typesILb0ELb1EN4cuda3std3__45tupleIJPKdEEEPiEEiNS5_3__411always_trueENSE_38__callable_permitting_copied_argumentsIN6detail23lognormal_transformer_tIiEEEESC_JSA_EEEvT0_ibT1_T2_T3_DpNS2_10kernel_argIT4_EE' for 'sm_100'
ptxas info    : Function properties for _ZN3cub17_V_300500_SM_10006detail9transform16transform_kernelINS2_26policy_selector_from_typesILb0ELb1EN4cuda3std3__45tupleIJPKdEEEPiEEiNS5_3__411always_trueENSE_38__callable_permitting_copied_argumentsIN6detail23lognormal_transformer_tIiEEEESC_JSA_EEEvT0_ibT1_T2_T3_DpNS2_10kernel_argIT4_EE
    0 bytes stack frame, 0 bytes spill stores, 0 bytes spill loads
ptxas info    : Used 30 registers, used 1 barriers
ptxas info    : Compile time = 12.598 ms
ptxas info    : Compiling entry function '_ZN3cub17_V_300500_SM_10006detail9transform16transform_kernelINS2_26policy_selector_from_typesILb0ELb1EN4cuda3std3__45tupleIJEEEPdEElNS5_3__411always_trueENS1_17__return_constantIdEESA_JEEEvT0_ibT1_T2_T3_DpNS2_10kernel_argIT4_EE' for 'sm_100'
ptxas info    : Function properties for _ZN3cub17_V_300500_SM_10006detail9transform16transform_kernelINS2_26policy_selector_from_typesILb0ELb1EN4cuda3std3__45tupleIJEEEPdEElNS5_3__411always_trueENS1_17__return_constantIdEESA_JEEEvT0_ibT1_T2_T3_DpNS2_10kernel_argIT4_EE
    0 bytes stack frame, 0 bytes spill stores, 0 bytes spill loads
ptxas info    : Used 32 registers, used 0 barriers
ptxas info    : Compile time = 7.440 ms
ptxas info    : Compiling entry function '_ZN3cub17_V_300500_SM_10006detail9transform16transform_kernelINS2_26policy_selector_from_typesILb0ELb1EN4cuda3std3__45tupleIJEEEPdEEiNS5_3__411always_trueENS1_17__return_constantIdEESA_JEEEvT0_ibT1_T2_T3_DpNS2_10kernel_argIT4_EE' for 'sm_100'
ptxas info    : Function properties for _ZN3cub17_V_300500_SM_10006detail9transform16transform_kernelINS2_26policy_selector_from_typesILb0ELb1EN4cuda3std3__45tupleIJEEEPdEEiNS5_3__411always_trueENS1_17__return_constantIdEESA_JEEEvT0_ibT1_T2_T3_DpNS2_10kernel_argIT4_EE
    0 bytes stack frame, 0 bytes spill stores, 0 bytes spill loads
ptxas info    : Used 30 registers, used 0 barriers
ptxas info    : Compile time = 6.191 ms
ptxas info    : Compiling entry function '_ZN3cub17_V_300500_SM_10006detail8for_each13static_kernelINS2_15policy_selectorEmNS0_9DeviceFor14__op_wrapper_tImN6thrust17_V_300500_SM_10006detail24construct1_via_allocatorINS8_16device_allocatorIN4cuda3std3__47complexIdEEEEEENS8_10device_ptrISG_EEEEEEvT0_T1_' for 'sm_100'
ptxas info    : Function properties for _ZN3cub17_V_300500_SM_10006detail8for_each13static_kernelINS2_15policy_selectorEmNS0_9DeviceFor14__op_wrapper_tImN6thrust17_V_300500_SM_10006detail24construct1_via_allocatorINS8_16device_allocatorIN4cuda3std3__47complexIdEEEEEENS8_10device_ptrISG_EEEEEEvT0_T1_
    0 bytes stack frame, 0 bytes spill stores, 0 bytes spill loads
ptxas info    : Used 7 registers, used 0 barriers
ptxas info    : Compile time = 1.716 ms
ptxas info    : Compiling entry function '_ZN3cub17_V_300500_SM_10006detail8for_each13static_kernelINS2_15policy_selectorEmNS0_9DeviceFor14__op_wrapper_tImN6detail10set_imag_tIdEEN6thrust17_V_300500_SM_100017counting_iteratorImNSB_11use_defaultESD_SD_NSB_20__compile_time_valueILi1EEEEEEEEEvT0_T1_' for 'sm_100'
ptxas info    : Function properties for _ZN3cub17_V_300500_SM_10006detail8for_each13static_kernelINS2_15policy_selectorEmNS0_9DeviceFor14__op_wrapper_tImN6detail10set_imag_tIdEEN6thrust17_V_300500_SM_100017counting_iteratorImNSB_11use_defaultESD_SD_NSB_20__compile_time_valueILi1EEEEEEEEEvT0_T1_
    0 bytes stack frame, 0 bytes spill stores, 0 bytes spill loads
ptxas info    : Used 18 registers, used 0 barriers
ptxas info    : Compile time = 2.746 ms
ptxas info    : Compiling entry function '_ZN3cub17_V_300500_SM_10006detail8for_each13static_kernelINS2_15policy_selectorEmNS0_9DeviceFor14__op_wrapper_tImN6detail10set_real_tIdEEN6thrust17_V_300500_SM_100017counting_iteratorImNSB_11use_defaultESD_SD_NSB_20__compile_time_valueILi1EEEEEEEEEvT0_T1_' for 'sm_100'
ptxas info    : Function properties for _ZN3cub17_V_300500_SM_10006detail8for_each13static_kernelINS2_15policy_selectorEmNS0_9DeviceFor14__op_wrapper_tImN6detail10set_real_tIdEEN6thrust17_V_300500_SM_100017counting_iteratorImNSB_11use_defaultESD_SD_NSB_20__compile_time_valueILi1EEEEEEEEEvT0_T1_
    0 bytes stack frame, 0 bytes spill stores, 0 bytes spill loads
ptxas info    : Used 18 registers, used 0 barriers
ptxas info    : Compile time = 2.745 ms
ptxas info    : Compiling entry function '_ZN3cub17_V_300500_SM_10006detail8for_each13static_kernelINS2_15policy_selectorEmNS0_9DeviceFor14__op_wrapper_tImN6thrust17_V_300500_SM_10006detail24construct1_via_allocatorINS8_16device_allocatorIN4cuda3std3__47complexIfEEEEEENS8_10device_ptrISG_EEEEEEvT0_T1_' for 'sm_100'
ptxas info    : Function properties for _ZN3cub17_V_300500_SM_10006detail8for_each13static_kernelINS2_15policy_selectorEmNS0_9DeviceFor14__op_wrapper_tImN6thrust17_V_300500_SM_10006detail24construct1_via_allocatorINS8_16device_allocatorIN4cuda3std3__47complexIfEEEEEENS8_10device_ptrISG_EEEEEEvT0_T1_
    0 bytes stack frame, 0 bytes spill stores, 0 bytes spill loads
ptxas info    : Used 7 registers, used 0 barriers
ptxas info    : Compile time = 1.712 ms
ptxas info    : Compiling entry function '_ZN3cub17_V_300500_SM_10006detail8for_each13static_kernelINS2_15policy_selectorEmNS0_9DeviceFor14__op_wrapper_tImN6detail10set_imag_tIfEEN6thrust17_V_300500_SM_100017counting_iteratorImNSB_11use_defaultESD_SD_NSB_20__compile_time_valueILi1EEEEEEEEEvT0_T1_' for 'sm_100'
ptxas info    : Function properties for _ZN3cub17_V_300500_SM_10006detail8for_each13static_kernelINS2_15policy_selectorEmNS0_9DeviceFor14__op_wrapper_tImN6detail10set_imag_tIfEEN6thrust17_V_300500_SM_100017counting_iteratorImNSB_11use_defaultESD_SD_NSB_20__compile_time_valueILi1EEEEEEEEEvT0_T1_
    0 bytes stack frame, 0 bytes spill stores, 0 bytes spill loads
ptxas info    : Used 18 registers, used 0 barriers
ptxas info    : Compile time = 3.043 ms
ptxas info    : Compiling entry function '_ZN3cub17_V_300500_SM_10006detail8for_each13static_kernelINS2_15policy_selectorEmNS0_9DeviceFor14__op_wrapper_tImN6detail10set_real_tIfEEN6thrust17_V_300500_SM_100017counting_iteratorImNSB_11use_defaultESD_SD_NSB_20__compile_time_valueILi1EEEEEEEEEvT0_T1_' for 'sm_100'
ptxas info    : Function properties for _ZN3cub17_V_300500_SM_10006detail8for_each13static_kernelINS2_15policy_selectorEmNS0_9DeviceFor14__op_wrapper_tImN6detail10set_real_tIfEEN6thrust17_V_300500_SM_100017counting_iteratorImNSB_11use_defaultESD_SD_NSB_20__compile_time_valueILi1EEEEEEEEEvT0_T1_
    0 bytes stack frame, 0 bytes spill stores, 0 bytes spill loads
ptxas info    : Used 18 registers, used 0 barriers
ptxas info    : Compile time = 3.031 ms
ptxas info    : Compiling entry function '_ZN3cub17_V_300500_SM_10006detail8for_each13static_kernelINS2_15policy_selectorEmN6thrust17_V_300500_SM_10008cuda_cub20__uninitialized_fill7functorINS6_10device_ptrIfEEfEEEEvT0_T1_' for 'sm_100'
ptxas info    : Function properties for _ZN3cub17_V_300500_SM_10006detail8for_each13static_kernelINS2_15policy_selectorEmN6thrust17_V_300500_SM_10008cuda_cub20__uninitialized_fill7functorINS6_10device_ptrIfEEfEEEEvT0_T1_
    0 bytes stack frame, 0 bytes spill stores, 0 bytes spill loads
ptxas info    : Used 8 registers, used 0 barriers
ptxas info    : Compile time = 1.781 ms
ptxas info    : Compiling entry function '_ZN3cub17_V_300500_SM_10006detail8for_each13static_kernelINS2_15policy_selectorEmN6thrust17_V_300500_SM_10008cuda_cub20__uninitialized_fill7functorINS6_10device_ptrIoEEoEEEEvT0_T1_' for 'sm_100'
ptxas info    : Function properties for _ZN3cub17_V_300500_SM_10006detail8for_each13static_kernelINS2_15policy_selectorEmN6thrust17_V_300500_SM_10008cuda_cub20__uninitialized_fill7functorINS6_10device_ptrIoEEoEEEEvT0_T1_
    0 bytes stack frame, 0 bytes spill stores, 0 bytes spill loads
ptxas info    : Used 11 registers, used 0 barriers
ptxas info    : Compile time = 1.860 ms
ptxas info    : Compiling entry function '_ZN3cub17_V_300500_SM_10006detail8for_each13static_kernelINS2_15policy_selectorEmN6thrust17_V_300500_SM_10008cuda_cub20__uninitialized_fill7functorINS6_10device_ptrInEEnEEEEvT0_T1_' for 'sm_100'
ptxas info    : Function properties for _ZN3cub17_V_300500_SM_10006detail8for_each13static_kernelINS2_15policy_selectorEmN6thrust17_V_300500_SM_10008cuda_cub20__uninitialized_fill7functorINS6_10device_ptrInEEnEEEEvT0_T1_
    0 bytes stack frame, 0 bytes spill stores, 0 bytes spill loads
ptxas info    : Used 11 registers, used 0 barriers
ptxas info    : Compile time = 1.850 ms
ptxas info    : Compiling entry function '_ZN3cub17_V_300500_SM_10006detail8for_each13static_kernelINS2_15policy_selectorEmN6thrust17_V_300500_SM_10008cuda_cub20__uninitialized_fill7functorINS6_10device_ptrIsEEsEEEEvT0_T1_' for 'sm_100'
ptxas info    : Function properties for _ZN3cub17_V_300500_SM_10006detail8for_each13static_kernelINS2_15policy_selectorEmN6thrust17_V_300500_SM_10008cuda_cub20__uninitialized_fill7functorINS6_10device_ptrIsEEsEEEEvT0_T1_
    0 bytes stack frame, 0 bytes spill stores, 0 bytes spill loads
ptxas info    : Used 8 registers, used 0 barriers
ptxas info    : Compile time = 1.771 ms
ptxas info    : Compiling entry function '_ZN3cub17_V_300500_SM_10006detail8for_each13static_kernelINS2_15policy_selectorEmN6thrust17_V_300500_SM_10008cuda_cub20__uninitialized_fill7functorINS6_10device_ptrIaEEaEEEEvT0_T1_' for 'sm_100'
ptxas info    : Function properties for _ZN3cub17_V_300500_SM_10006detail8for_each13static_kernelINS2_15policy_selectorEmN6thrust17_V_300500_SM_10008cuda_cub20__uninitialized_fill7functorINS6_10device_ptrIaEEaEEEEvT0_T1_
    0 bytes stack frame, 0 bytes spill stores, 0 bytes spill loads
ptxas info    : Used 10 registers, used 0 barriers
ptxas info    : Compile time = 1.696 ms
ptxas info    : Compiling entry function '_ZN3cub17_V_300500_SM_10006detail8for_each13static_kernelINS2_15policy_selectorEmN6thrust17_V_300500_SM_10008cuda_cub20__uninitialized_fill7functorINS6_10device_ptrItEEtEEEEvT0_T1_' for 'sm_100'
ptxas info    : Function properties for _ZN3cub17_V_300500_SM_10006detail8for_each13static_kernelINS2_15policy_selectorEmN6thrust17_V_300500_SM_10008cuda_cub20__uninitialized_fill7functorINS6_10device_ptrItEEtEEEEvT0_T1_
    0 bytes stack frame, 0 bytes spill stores, 0 bytes spill loads
ptxas info    : Used 8 registers, used 0 barriers
ptxas info    : Compile time = 1.784 ms
ptxas info    : Compiling entry function '_ZN3cub17_V_300500_SM_10006detail8for_each13static_kernelINS2_15policy_selectorEmN6thrust17_V_300500_SM_10008cuda_cub20__uninitialized_fill7functorINS6_10device_ptrIhEEhEEEEvT0_T1_' for 'sm_100'
ptxas info    : Function properties for _ZN3cub17_V_300500_SM_10006detail8for_each13static_kernelINS2_15policy_selectorEmN6thrust17_V_300500_SM_10008cuda_cub20__uninitialized_fill7functorINS6_10device_ptrIhEEhEEEEvT0_T1_
    0 bytes stack frame, 0 bytes spill stores, 0 bytes spill loads
ptxas info    : Used 10 registers, used 0 barriers
ptxas info    : Compile time = 1.696 ms
ptxas info    : Compiling entry function '_ZN3cub17_V_300500_SM_10006detail8for_each13static_kernelINS2_15policy_selectorEmN6thrust17_V_300500_SM_10008cuda_cub20__uninitialized_fill7functorINS6_10device_ptrImEEmEEEEvT0_T1_' for 'sm_100'
ptxas info    : Function properties for _ZN3cub17_V_300500_SM_10006detail8for_each13static_kernelINS2_15policy_selectorEmN6thrust17_V_300500_SM_10008cuda_cub20__uninitialized_fill7functorINS6_10device_ptrImEEmEEEEvT0_T1_
    0 bytes stack frame, 0 bytes spill stores, 0 bytes spill loads
ptxas info    : Used 9 registers, used 0 barriers
ptxas info    : Compile time = 1.782 ms
ptxas info    : Compiling entry function '_ZN3cub17_V_300500_SM_10006detail8for_each13static_kernelINS2_15policy_selectorEmN6thrust17_V_300500_SM_10008cuda_cub20__uninitialized_fill7functorINS6_10device_ptrIlEElEEEEvT0_T1_' for 'sm_100'
ptxas info    : Function properties for _ZN3cub17_V_300500_SM_10006detail8for_each13static_kernelINS2_15policy_selectorEmN6thrust17_V_300500_SM_10008cuda_cub20__uninitialized_fill7functorINS6_10device_ptrIlEElEEEEvT0_T1_
    0 bytes stack frame, 0 bytes spill stores, 0 bytes spill loads
ptxas info    : Used 9 registers, used 0 barriers
ptxas info    : Compile time = 1.782 ms
ptxas info    : Compiling entry function '_ZN3cub17_V_300500_SM_10006detail8for_each13static_kernelINS2_15policy_selectorEmN6thrust17_V_300500_SM_10008cuda_cub20__uninitialized_fill7functorINS6_10device_ptrIjEEjEEEEvT0_T1_' for 'sm_100'
ptxas info    : Function properties for _ZN3cub17_V_300500_SM_10006detail8for_each13static_kernelINS2_15policy_selectorEmN6thrust17_V_300500_SM_10008cuda_cub20__uninitialized_fill7functorINS6_10device_ptrIjEEjEEEEvT0_T1_
    0 bytes stack frame, 0 bytes spill stores, 0 bytes spill loads
ptxas info    : Used 8 registers, used 0 barriers
ptxas info    : Compile time = 1.787 ms
ptxas info    : Compiling entry function '_ZN3cub17_V_300500_SM_10006detail8for_each13static_kernelINS2_15policy_selectorEmN6thrust17_V_300500_SM_10008cuda_cub20__uninitialized_fill7functorINS6_10device_ptrIiEEiEEEEvT0_T1_' for 'sm_100'
ptxas info    : Function properties for _ZN3cub17_V_300500_SM_10006detail8for_each13static_kernelINS2_15policy_selectorEmN6thrust17_V_300500_SM_10008cuda_cub20__uninitialized_fill7functorINS6_10device_ptrIiEEiEEEEvT0_T1_
    0 bytes stack frame, 0 bytes spill stores, 0 bytes spill loads
ptxas info    : Used 8 registers, used 0 barriers
ptxas info    : Compile time = 1.772 ms
ptxas info    : Compiling entry function '_ZN3cub17_V_300500_SM_10006detail8for_each13static_kernelINS2_15policy_selectorEmN6thrust17_V_300500_SM_10008cuda_cub20__uninitialized_fill7functorINS6_10device_ptrIdEEdEEEEvT0_T1_' for 'sm_100'
ptxas info    : Function properties for _ZN3cub17_V_300500_SM_10006detail8for_each13static_kernelINS2_15policy_selectorEmN6thrust17_V_300500_SM_10008cuda_cub20__uninitialized_fill7functorINS6_10device_ptrIdEEdEEEEvT0_T1_
    0 bytes stack frame, 0 bytes spill stores, 0 bytes spill loads
ptxas info    : Used 9 registers, used 0 barriers
ptxas info    : Compile time = 1.780 ms
ptxas info    : Compiling entry function '_ZN3cub17_V_300500_SM_10006detail12batch_memcpy27MultiBlockBatchMemcpyKernelINS2_15policy_selectorEjPN4cuda3__417constant_iteratorINS5_3std3__47complexIdEElEEPPSB_PmPjNS0_13ScanTileStateIjLb1EEEjLNS0_7CopyAlgE1EEEvT1_T2_T3_T4_T5_T6_' for 'sm_100'
ptxas info    : Function properties for _ZN3cub17_V_300500_SM_10006detail12batch_memcpy27MultiBlockBatchMemcpyKernelINS2_15policy_selectorEjPN4cuda3__417constant_iteratorINS5_3std3__47complexIdEElEEPPSB_PmPjNS0_13ScanTileStateIjLb1EEEjLNS0_7CopyAlgE1EEEvT1_T2_T3_T4_T5_T6_
    0 bytes stack frame, 0 bytes spill stores, 0 bytes spill loads
ptxas info    : Used 29 registers, used 1 barriers, 16 bytes smem
ptxas info    : Compile time = 17.218 ms
ptxas info    : Compiling entry function '_ZN3cub17_V_300500_SM_10006detail12batch_memcpy17BatchMemcpyKernelINS2_15policy_selectorEN6thrust17_V_300500_SM_100018transform_iteratorIN6detail14repeat_index_tIN4cuda3std3__47complexIdEEEENS6_17counting_iteratorIiNS6_11use_defaultESH_SH_NS6_20__compile_time_valueILi1EEEEESH_SH_EENS7_INS8_20offset_to_iterator_tISE_EEPmSH_SH_EENS7_INS8_16offset_to_size_tESK_SH_SH_EEjPNSA_3__417constant_iteratorISE_lEEPPSE_SO_PjjNS0_13ScanTileStateIjLb1EEES10_LNS0_7CopyAlgE1EEEvT0_T1_T2_T3_T4_T5_T6_T7_T9_T10_' for 'sm_100'
ptxas info    : Function properties for _ZN3cub17_V_300500_SM_10006detail12batch_memcpy17BatchMemcpyKernelINS2_15policy_selectorEN6thrust17_V_300500_SM_100018transform_iteratorIN6detail14repeat_index_tIN4cuda3std3__47complexIdEEEENS6_17counting_iteratorIiNS6_11use_defaultESH_SH_NS6_20__compile_time_valueILi1EEEEESH_SH_EENS7_INS8_20offset_to_iterator_tISE_EEPmSH_SH_EENS7_INS8_16offset_to_size_tESK_SH_SH_EEjPNSA_3__417constant_iteratorISE_lEEPPSE_SO_PjjNS0_13ScanTileStateIjLb1EEES10_LNS0_7CopyAlgE1EEEvT0_T1_T2_T3_T4_T5_T6_T7_T9_T10_
    0 bytes stack frame, 0 bytes spill stores, 0 bytes spill loads
ptxas info    : Used 40 registers, used 1 barriers, 9360 bytes smem
ptxas info    : Compile time = 58.630 ms
ptxas info    : Compiling entry function '_ZN3cub17_V_300500_SM_10006detail12batch_memcpy27MultiBlockBatchMemcpyKernelINS2_15policy_selectorEjPN4cuda3__417constant_iteratorINS5_3std3__47complexIfEElEEPPSB_PmPjNS0_13ScanTileStateIjLb1EEEjLNS0_7CopyAlgE1EEEvT1_T2_T3_T4_T5_T6_' for 'sm_100'
ptxas info    : Function properties for _ZN3cub17_V_300500_SM_10006detail12batch_memcpy27MultiBlockBatchMemcpyKernelINS2_15policy_selectorEjPN4cuda3__417constant_iteratorINS5_3std3__47complexIfEElEEPPSB_PmPjNS0_13ScanTileStateIjLb1EEEjLNS0_7CopyAlgE1EEEvT1_T2_T3_T4_T5_T6_
    0 bytes stack frame, 0 bytes spill stores, 0 bytes spill loads
ptxas info    : Used 22 registers, used 1 barriers, 16 bytes smem
ptxas info    : Compile time = 17.155 ms
ptxas info    : Compiling entry function '_ZN3cub17_V_300500_SM_10006detail12batch_memcpy17BatchMemcpyKernelINS2_15policy_selectorEN6thrust17_V_300500_SM_100018transform_iteratorIN6detail14repeat_index_tIN4cuda3std3__47complexIfEEEENS6_17counting_iteratorIiNS6_11use_defaultESH_SH_NS6_20__compile_time_valueILi1EEEEESH_SH_EENS7_INS8_20offset_to_iterator_tISE_EEPmSH_SH_EENS7_INS8_16offset_to_size_tESK_SH_SH_EEjPNSA_3__417constant_iteratorISE_lEEPPSE_SO_PjjNS0_13ScanTileStateIjLb1EEES10_LNS0_7CopyAlgE1EEEvT0_T1_T2_T3_T4_T5_T6_T7_T9_T10_' for 'sm_100'
ptxas info    : Function properties for _ZN3cub17_V_300500_SM_10006detail12batch_memcpy17BatchMemcpyKernelINS2_15policy_selectorEN6thrust17_V_300500_SM_100018transform_iteratorIN6detail14repeat_index_tIN4cuda3std3__47complexIfEEEENS6_17counting_iteratorIiNS6_11use_defaultESH_SH_NS6_20__compile_time_valueILi1EEEEESH_SH_EENS7_INS8_20offset_to_iterator_tISE_EEPmSH_SH_EENS7_INS8_16offset_to_size_tESK_SH_SH_EEjPNSA_3__417constant_iteratorISE_lEEPPSE_SO_PjjNS0_13ScanTileStateIjLb1EEES10_LNS0_7CopyAlgE1EEEvT0_T1_T2_T3_T4_T5_T6_T7_T9_T10_
    0 bytes stack frame, 0 bytes spill stores, 0 bytes spill loads
ptxas info    : Used 48 registers, used 1 barriers, 9360 bytes smem
ptxas info    : Compile time = 56.758 ms
ptxas info    : Compiling entry function '_ZN3cub17_V_300500_SM_10006detail12batch_memcpy27MultiBlockBatchMemcpyKernelINS2_15policy_selectorEjPN4cuda3__417constant_iteratorIdlEEPPdPmPjNS0_13ScanTileStateIjLb1EEEjLNS0_7CopyAlgE1EEEvT1_T2_T3_T4_T5_T6_' for 'sm_100'
ptxas info    : Function properties for _ZN3cub17_V_300500_SM_10006detail12batch_memcpy27MultiBlockBatchMemcpyKernelINS2_15policy_selectorEjPN4cuda3__417constant_iteratorIdlEEPPdPmPjNS0_13ScanTileStateIjLb1EEEjLNS0_7CopyAlgE1EEEvT1_T2_T3_T4_T5_T6_
    0 bytes stack frame, 0 bytes spill stores, 0 bytes spill loads
ptxas info    : Used 22 registers, used 1 barriers, 16 bytes smem
ptxas info    : Compile time = 16.713 ms
ptxas info    : Compiling entry function '_ZN3cub17_V_300500_SM_10006detail12batch_memcpy17BatchMemcpyKernelINS2_15policy_selectorEN6thrust17_V_300500_SM_100018transform_iteratorIN6detail14repeat_index_tIdEENS6_17counting_iteratorIiNS6_11use_defaultESC_SC_NS6_20__compile_time_valueILi1EEEEESC_SC_EENS7_INS8_20offset_to_iterator_tIdEEPmSC_SC_EENS7_INS8_16offset_to_size_tESF_SC_SC_EEjPN4cuda3__417constant_iteratorIdlEEPPdSJ_PjjNS0_13ScanTileStateIjLb1EEESW_LNS0_7CopyAlgE1EEEvT0_T1_T2_T3_T4_T5_T6_T7_T9_T10_' for 'sm_100'
ptxas info    : Function properties for _ZN3cub17_V_300500_SM_10006detail12batch_memcpy17BatchMemcpyKernelINS2_15policy_selectorEN6thrust17_V_300500_SM_100018transform_iteratorIN6detail14repeat_index_tIdEENS6_17counting_iteratorIiNS6_11use_defaultESC_SC_NS6_20__compile_time_valueILi1EEEEESC_SC_EENS7_INS8_20offset_to_iterator_tIdEEPmSC_SC_EENS7_INS8_16offset_to_size_tESF_SC_SC_EEjPN4cuda3__417constant_iteratorIdlEEPPdSJ_PjjNS0_13ScanTileStateIjLb1EEESW_LNS0_7CopyAlgE1EEEvT0_T1_T2_T3_T4_T5_T6_T7_T9_T10_
    0 bytes stack frame, 0 bytes spill stores, 0 bytes spill loads
ptxas info    : Used 40 registers, used 1 barriers, 9360 bytes smem
ptxas info    : Compile time = 55.509 ms
ptxas info    : Compiling entry function '_ZN3cub17_V_300500_SM_10006detail12batch_memcpy27MultiBlockBatchMemcpyKernelINS2_15policy_selectorEjPN4cuda3__417constant_iteratorIflEEPPfPmPjNS0_13ScanTileStateIjLb1EEEjLNS0_7CopyAlgE1EEEvT1_T2_T3_T4_T5_T6_' for 'sm_100'
ptxas info    : Function properties for _ZN3cub17_V_300500_SM_10006detail12batch_memcpy27MultiBlockBatchMemcpyKernelINS2_15policy_selectorEjPN4cuda3__417constant_iteratorIflEEPPfPmPjNS0_13ScanTileStateIjLb1EEEjLNS0_7CopyAlgE1EEEvT1_T2_T3_T4_T5_T6_
    0 bytes stack frame, 0 bytes spill stores, 0 bytes spill loads
ptxas info    : Used 21 registers, used 1 barriers, 16 bytes smem
ptxas info    : Compile time = 16.073 ms
ptxas info    : Compiling entry function '_ZN3cub17_V_300500_SM_10006detail12batch_memcpy17BatchMemcpyKernelINS2_15policy_selectorEN6thrust17_V_300500_SM_100018transform_iteratorIN6detail14repeat_index_tIfEENS6_17counting_iteratorIiNS6_11use_defaultESC_SC_NS6_20__compile_time_valueILi1EEEEESC_SC_EENS7_INS8_20offset_to_iterator_tIfEEPmSC_SC_EENS7_INS8_16offset_to_size_tESF_SC_SC_EEjPN4cuda3__417constant_iteratorIflEEPPfSJ_PjjNS0_13ScanTileStateIjLb1EEESW_LNS0_7CopyAlgE1EEEvT0_T1_T2_T3_T4_T5_T6_T7_T9_T10_' for 'sm_100'
ptxas info    : Function properties for _ZN3cub17_V_300500_SM_10006detail12batch_memcpy17BatchMemcpyKernelINS2_15policy_selectorEN6thrust17_V_300500_SM_100018transform_iteratorIN6detail14repeat_index_tIfEENS6_17counting_iteratorIiNS6_11use_defaultESC_SC_NS6_20__compile_time_valueILi1EEEEESC_SC_EENS7_INS8_20offset_to_iterator_tIfEEPmSC_SC_EENS7_INS8_16offset_to_size_tESF_SC_SC_EEjPN4cuda3__417constant_iteratorIflEEPPfSJ_PjjNS0_13ScanTileStateIjLb1EEESW_LNS0_7CopyAlgE1EEEvT0_T1_T2_T3_T4_T5_T6_T7_T9_T10_
    0 bytes stack frame, 0 bytes spill stores, 0 bytes spill loads
ptxas info    : Used 48 registers, used 1 barriers, 9360 bytes smem
ptxas info    : Compile time = 54.803 ms
ptxas info    : Compiling entry function '_ZN3cub17_V_300500_SM_10006detail12batch_memcpy27MultiBlockBatchMemcpyKernelINS2_15policy_selectorEjPN4cuda3__417constant_iteratorIolEEPPoPmPjNS0_13ScanTileStateIjLb1EEEjLNS0_7CopyAlgE1EEEvT1_T2_T3_T4_T5_T6_' for 'sm_100'
ptxas info    : Function properties for _ZN3cub17_V_300500_SM_10006detail12batch_memcpy27MultiBlockBatchMemcpyKernelINS2_15policy_selectorEjPN4cuda3__417constant_iteratorIolEEPPoPmPjNS0_13ScanTileStateIjLb1EEEjLNS0_7CopyAlgE1EEEvT1_T2_T3_T4_T5_T6_
    0 bytes stack frame, 0 bytes spill stores, 0 bytes spill loads
ptxas info    : Used 29 registers, used 1 barriers, 16 bytes smem
ptxas info    : Compile time = 9.771 ms
ptxas info    : Compiling entry function '_ZN3cub17_V_300500_SM_10006detail12batch_memcpy17BatchMemcpyKernelINS2_15policy_selectorEN6thrust17_V_300500_SM_100018transform_iteratorIN6detail14repeat_index_tIoEENS6_17counting_iteratorIiNS6_11use_defaultESC_SC_NS6_20__compile_time_valueILi1EEEEESC_SC_EENS7_INS8_20offset_to_iterator_tIoEEPmSC_SC_EENS7_INS8_16offset_to_size_tESF_SC_SC_EEjPN4cuda3__417constant_iteratorIolEEPPoSJ_PjjNS0_13ScanTileStateIjLb1EEESW_LNS0_7CopyAlgE1EEEvT0_T1_T2_T3_T4_T5_T6_T7_T9_T10_' for 'sm_100'
ptxas info    : Function properties for _ZN3cub17_V_300500_SM_10006detail12batch_memcpy17BatchMemcpyKernelINS2_15policy_selectorEN6thrust17_V_300500_SM_100018transform_iteratorIN6detail14repeat_index_tIoEENS6_17counting_iteratorIiNS6_11use_defaultESC_SC_NS6_20__compile_time_valueILi1EEEEESC_SC_EENS7_INS8_20offset_to_iterator_tIoEEPmSC_SC_EENS7_INS8_16offset_to_size_tESF_SC_SC_EEjPN4cuda3__417constant_iteratorIolEEPPoSJ_PjjNS0_13ScanTileStateIjLb1EEESW_LNS0_7CopyAlgE1EEEvT0_T1_T2_T3_T4_T5_T6_T7_T9_T10_
    0 bytes stack frame, 0 bytes spill stores, 0 bytes spill loads
ptxas info    : Used 48 registers, used 1 barriers, 9360 bytes smem
ptxas info    : Compile time = 56.634 ms
ptxas info    : Compiling entry function '_ZN3cub17_V_300500_SM_10006detail12batch_memcpy27MultiBlockBatchMemcpyKernelINS2_15policy_selectorEjPN4cuda3__417constant_iteratorInlEEPPnPmPjNS0_13ScanTileStateIjLb1EEEjLNS0_7CopyAlgE1EEEvT1_T2_T3_T4_T5_T6_' for 'sm_100'
ptxas info    : Function properties for _ZN3cub17_V_300500_SM_10006detail12batch_memcpy27MultiBlockBatchMemcpyKernelINS2_15policy_selectorEjPN4cuda3__417constant_iteratorInlEEPPnPmPjNS0_13ScanTileStateIjLb1EEEjLNS0_7CopyAlgE1EEEvT1_T2_T3_T4_T5_T6_
    0 bytes stack frame, 0 bytes spill stores, 0 bytes spill loads
ptxas info    : Used 29 registers, used 1 barriers, 16 bytes smem
ptxas info    : Compile time = 9.777 ms
ptxas info    : Compiling entry function '_ZN3cub17_V_300500_SM_10006detail12batch_memcpy17BatchMemcpyKernelINS2_15policy_selectorEN6thrust17_V_300500_SM_100018transform_iteratorIN6detail14repeat_index_tInEENS6_17counting_iteratorIiNS6_11use_defaultESC_SC_NS6_20__compile_time_valueILi1EEEEESC_SC_EENS7_INS8_20offset_to_iterator_tInEEPmSC_SC_EENS7_INS8_16offset_to_size_tESF_SC_SC_EEjPN4cuda3__417constant_iteratorInlEEPPnSJ_PjjNS0_13ScanTileStateIjLb1EEESW_LNS0_7CopyAlgE1EEEvT0_T1_T2_T3_T4_T5_T6_T7_T9_T10_' for 'sm_100'
ptxas info    : Function properties for _ZN3cub17_V_300500_SM_10006detail12batch_memcpy17BatchMemcpyKernelINS2_15policy_selectorEN6thrust17_V_300500_SM_100018transform_iteratorIN6detail14repeat_index_tInEENS6_17counting_iteratorIiNS6_11use_defaultESC_SC_NS6_20__compile_time_valueILi1EEEEESC_SC_EENS7_INS8_20offset_to_iterator_tInEEPmSC_SC_EENS7_INS8_16offset_to_size_tESF_SC_SC_EEjPN4cuda3__417constant_iteratorInlEEPPnSJ_PjjNS0_13ScanTileStateIjLb1EEESW_LNS0_7CopyAlgE1EEEvT0_T1_T2_T3_T4_T5_T6_T7_T9_T10_
    0 bytes stack frame, 0 bytes spill stores, 0 bytes spill loads
ptxas info    : Used 48 registers, used 1 barriers, 9360 bytes smem
ptxas info    : Compile time = 56.591 ms
ptxas info    : Compiling entry function '_ZN3cub17_V_300500_SM_10006detail12batch_memcpy27MultiBlockBatchMemcpyKernelINS2_15policy_selectorEjPN4cuda3__417constant_iteratorIllEEPPlPmPjNS0_13ScanTileStateIjLb1EEEjLNS0_7CopyAlgE1EEEvT1_T2_T3_T4_T5_T6_' for 'sm_100'
ptxas info    : Function properties for _ZN3cub17_V_300500_SM_10006detail12batch_memcpy27MultiBlockBatchMemcpyKernelINS2_15policy_selectorEjPN4cuda3__417constant_iteratorIllEEPPlPmPjNS0_13ScanTileStateIjLb1EEEjLNS0_7CopyAlgE1EEEvT1_T2_T3_T4_T5_T6_
    0 bytes stack frame, 0 bytes spill stores, 0 bytes spill loads
ptxas info    : Used 22 registers, used 1 barriers, 16 bytes smem
ptxas info    : Compile time = 16.342 ms
ptxas info    : Compiling entry function '_ZN3cub17_V_300500_SM_10006detail12batch_memcpy17BatchMemcpyKernelINS2_15policy_selectorEN6thrust17_V_300500_SM_100018transform_iteratorIN6detail14repeat_index_tIlEENS6_17counting_iteratorIiNS6_11use_defaultESC_SC_NS6_20__compile_time_valueILi1EEEEESC_SC_EENS7_INS8_20offset_to_iterator_tIlEEPmSC_SC_EENS7_INS8_16offset_to_size_tESF_SC_SC_EEjPN4cuda3__417constant_iteratorIllEEPPlSJ_PjjNS0_13ScanTileStateIjLb1EEESW_LNS0_7CopyAlgE1EEEvT0_T1_T2_T3_T4_T5_T6_T7_T9_T10_' for 'sm_100'
ptxas info    : Function properties for _ZN3cub17_V_300500_SM_10006detail12batch_memcpy17BatchMemcpyKernelINS2_15policy_selectorEN6thrust17_V_300500_SM_100018transform_iteratorIN6detail14repeat_index_tIlEENS6_17counting_iteratorIiNS6_11use_defaultESC_SC_NS6_20__compile_time_valueILi1EEEEESC_SC_EENS7_INS8_20offset_to_iterator_tIlEEPmSC_SC_EENS7_INS8_16offset_to_size_tESF_SC_SC_EEjPN4cuda3__417constant_iteratorIllEEPPlSJ_PjjNS0_13ScanTileStateIjLb1EEESW_LNS0_7CopyAlgE1EEEvT0_T1_T2_T3_T4_T5_T6_T7_T9_T10_
    0 bytes stack frame, 0 bytes spill stores, 0 bytes spill loads
ptxas info    : Used 40 registers, used 1 barriers, 9360 bytes smem
ptxas info    : Compile time = 53.614 ms
ptxas info    : Compiling entry function '_ZN3cub17_V_300500_SM_10006detail12batch_memcpy27MultiBlockBatchMemcpyKernelINS2_15policy_selectorEjPN4cuda3__417constant_iteratorIilEEPPiPmPjNS0_13ScanTileStateIjLb1EEEjLNS0_7CopyAlgE1EEEvT1_T2_T3_T4_T5_T6_' for 'sm_100'
ptxas info    : Function properties for _ZN3cub17_V_300500_SM_10006detail12batch_memcpy27MultiBlockBatchMemcpyKernelINS2_15policy_selectorEjPN4cuda3__417constant_iteratorIilEEPPiPmPjNS0_13ScanTileStateIjLb1EEEjLNS0_7CopyAlgE1EEEvT1_T2_T3_T4_T5_T6_
    0 bytes stack frame, 0 bytes spill stores, 0 bytes spill loads
ptxas info    : Used 21 registers, used 1 barriers, 16 bytes smem
ptxas info    : Compile time = 16.074 ms
ptxas info    : Compiling entry function '_ZN3cub17_V_300500_SM_10006detail12batch_memcpy17BatchMemcpyKernelINS2_15policy_selectorEN6thrust17_V_300500_SM_100018transform_iteratorIN6detail14repeat_index_tIiEENS6_17counting_iteratorIiNS6_11use_defaultESC_SC_NS6_20__compile_time_valueILi1EEEEESC_SC_EENS7_INS8_20offset_to_iterator_tIiEEPmSC_SC_EENS7_INS8_16offset_to_size_tESF_SC_SC_EEjPN4cuda3__417constant_iteratorIilEEPPiSJ_PjjNS0_13ScanTileStateIjLb1EEESW_LNS0_7CopyAlgE1EEEvT0_T1_T2_T3_T4_T5_T6_T7_T9_T10_' for 'sm_100'
ptxas info    : Function properties for _ZN3cub17_V_300500_SM_10006detail12batch_memcpy17BatchMemcpyKernelINS2_15policy_selectorEN6thrust17_V_300500_SM_100018transform_iteratorIN6detail14repeat_index_tIiEENS6_17counting_iteratorIiNS6_11use_defaultESC_SC_NS6_20__compile_time_valueILi1EEEEESC_SC_EENS7_INS8_20offset_to_iterator_tIiEEPmSC_SC_EENS7_INS8_16offset_to_size_tESF_SC_SC_EEjPN4cuda3__417constant_iteratorIilEEPPiSJ_PjjNS0_13ScanTileStateIjLb1EEESW_LNS0_7CopyAlgE1EEEvT0_T1_T2_T3_T4_T5_T6_T7_T9_T10_
    0 bytes stack frame, 0 bytes spill stores, 0 bytes spill loads
ptxas info    : Used 48 registers, used 1 barriers, 9360 bytes smem
ptxas info    : Compile time = 56.157 ms
ptxas info    : Compiling entry function '_ZN3cub17_V_300500_SM_10006detail12batch_memcpy27MultiBlockBatchMemcpyKernelINS2_15policy_selectorEjPN4cuda3__417constant_iteratorIslEEPPsPmPjNS0_13ScanTileStateIjLb1EEEjLNS0_7CopyAlgE1EEEvT1_T2_T3_T4_T5_T6_' for 'sm_100'
ptxas info    : Function properties for _ZN3cub17_V_300500_SM_10006detail12batch_memcpy27MultiBlockBatchMemcpyKernelINS2_15policy_selectorEjPN4cuda3__417constant_iteratorIslEEPPsPmPjNS0_13ScanTileStateIjLb1EEEjLNS0_7CopyAlgE1EEEvT1_T2_T3_T4_T5_T6_
    0 bytes stack frame, 0 bytes spill stores, 0 bytes spill loads
ptxas info    : Used 21 registers, used 1 barriers, 16 bytes smem
ptxas info    : Compile time = 16.128 ms
ptxas info    : Compiling entry function '_ZN3cub17_V_300500_SM_10006detail12batch_memcpy17BatchMemcpyKernelINS2_15policy_selectorEN6thrust17_V_300500_SM_100018transform_iteratorIN6detail14repeat_index_tIsEENS6_17counting_iteratorIiNS6_11use_defaultESC_SC_NS6_20__compile_time_valueILi1EEEEESC_SC_EENS7_INS8_20offset_to_iterator_tIsEEPmSC_SC_EENS7_INS8_16offset_to_size_tESF_SC_SC_EEjPN4cuda3__417constant_iteratorIslEEPPsSJ_PjjNS0_13ScanTileStateIjLb1EEESW_LNS0_7CopyAlgE1EEEvT0_T1_T2_T3_T4_T5_T6_T7_T9_T10_' for 'sm_100'
ptxas info    : Function properties for _ZN3cub17_V_300500_SM_10006detail12batch_memcpy17BatchMemcpyKernelINS2_15policy_selectorEN6thrust17_V_300500_SM_100018transform_iteratorIN6detail14repeat_index_tIsEENS6_17counting_iteratorIiNS6_11use_defaultESC_SC_NS6_20__compile_time_valueILi1EEEEESC_SC_EENS7_INS8_20offset_to_iterator_tIsEEPmSC_SC_EENS7_INS8_16offset_to_size_tESF_SC_SC_EEjPN4cuda3__417constant_iteratorIslEEPPsSJ_PjjNS0_13ScanTileStateIjLb1EEESW_LNS0_7CopyAlgE1EEEvT0_T1_T2_T3_T4_T5_T6_T7_T9_T10_
    0 bytes stack frame, 0 bytes spill stores, 0 bytes spill loads
ptxas info    : Used 48 registers, used 1 barriers, 9360 bytes smem
ptxas info    : Compile time = 54.743 ms
ptxas info    : Compiling entry function '_ZN3cub17_V_300500_SM_10006detail12batch_memcpy27MultiBlockBatchMemcpyKernelINS2_15policy_selectorEjPN4cuda3__417constant_iteratorIalEEPPaPmPjNS0_13ScanTileStateIjLb1EEEjLNS0_7CopyAlgE1EEEvT1_T2_T3_T4_T5_T6_' for 'sm_100'
ptxas info    : Function properties for _ZN3cub17_V_300500_SM_10006detail12batch_memcpy27MultiBlockBatchMemcpyKernelINS2_15policy_selectorEjPN4cuda3__417constant_iteratorIalEEPPaPmPjNS0_13ScanTileStateIjLb1EEEjLNS0_7CopyAlgE1EEEvT1_T2_T3_T4_T5_T6_
    0 bytes stack frame, 0 bytes spill stores, 0 bytes spill loads
ptxas info    : Used 21 registers, used 1 barriers, 16 bytes smem
ptxas info    : Compile time = 15.797 ms
ptxas info    : Compiling entry function '_ZN3cub17_V_300500_SM_10006detail12batch_memcpy17BatchMemcpyKernelINS2_15policy_selectorEN6thrust17_V_300500_SM_100018transform_iteratorIN6detail14repeat_index_tIaEENS6_17counting_iteratorIiNS6_11use_defaultESC_SC_NS6_20__compile_time_valueILi1EEEEESC_SC_EENS7_INS8_20offset_to_iterator_tIaEEPmSC_SC_EENS7_INS8_16offset_to_size_tESF_SC_SC_EEjPN4cuda3__417constant_iteratorIalEEPPaSJ_PjjNS0_13ScanTileStateIjLb1EEESW_LNS0_7CopyAlgE1EEEvT0_T1_T2_T3_T4_T5_T6_T7_T9_T10_' for 'sm_100'
ptxas info    : Function properties for _ZN3cub17_V_300500_SM_10006detail12batch_memcpy17BatchMemcpyKernelINS2_15policy_selectorEN6thrust17_V_300500_SM_100018transform_iteratorIN6detail14repeat_index_tIaEENS6_17counting_iteratorIiNS6_11use_defaultESC_SC_NS6_20__compile_time_valueILi1EEEEESC_SC_EENS7_INS8_20offset_to_iterator_tIaEEPmSC_SC_EENS7_INS8_16offset_to_size_tESF_SC_SC_EEjPN4cuda3__417constant_iteratorIalEEPPaSJ_PjjNS0_13ScanTileStateIjLb1EEESW_LNS0_7CopyAlgE1EEEvT0_T1_T2_T3_T4_T5_T6_T7_T9_T10_
    0 bytes stack frame, 0 bytes spill stores, 0 bytes spill loads
ptxas info    : Used 48 registers, used 1 barriers, 9360 bytes smem
ptxas info    : Compile time = 52.222 ms
ptxas info    : Compiling entry function '_ZN3cub17_V_300500_SM_10006detail12batch_memcpy27MultiBlockBatchMemcpyKernelINS2_15policy_selectorEjPN4cuda3__417constant_iteratorImlEEPPmSA_PjNS0_13ScanTileStateIjLb1EEEjLNS0_7CopyAlgE1EEEvT1_T2_T3_T4_T5_T6_' for 'sm_100'
ptxas info    : Function properties for _ZN3cub17_V_300500_SM_10006detail12batch_memcpy27MultiBlockBatchMemcpyKernelINS2_15policy_selectorEjPN4cuda3__417constant_iteratorImlEEPPmSA_PjNS0_13ScanTileStateIjLb1EEEjLNS0_7CopyAlgE1EEEvT1_T2_T3_T4_T5_T6_
    0 bytes stack frame, 0 bytes spill stores, 0 bytes spill loads
ptxas info    : Used 22 registers, used 1 barriers, 16 bytes smem
ptxas info    : Compile time = 16.132 ms
ptxas info    : Compiling entry function '_ZN3cub17_V_300500_SM_10006detail12batch_memcpy17BatchMemcpyKernelINS2_15policy_selectorEN6thrust17_V_300500_SM_100018transform_iteratorIN6detail14repeat_index_tImEENS6_17counting_iteratorIiNS6_11use_defaultESC_SC_NS6_20__compile_time_valueILi1EEEEESC_SC_EENS7_INS8_20offset_to_iterator_tImEEPmSC_SC_EENS7_INS8_16offset_to_size_tESF_SC_SC_EEjPN4cuda3__417constant_iteratorImlEEPSJ_SJ_PjjNS0_13ScanTileStateIjLb1EEESV_LNS0_7CopyAlgE1EEEvT0_T1_T2_T3_T4_T5_T6_T7_T9_T10_' for 'sm_100'
ptxas info    : Function properties for _ZN3cub17_V_300500_SM_10006detail12batch_memcpy17BatchMemcpyKernelINS2_15policy_selectorEN6thrust17_V_300500_SM_100018transform_iteratorIN6detail14repeat_index_tImEENS6_17counting_iteratorIiNS6_11use_defaultESC_SC_NS6_20__compile_time_valueILi1EEEEESC_SC_EENS7_INS8_20offset_to_iterator_tImEEPmSC_SC_EENS7_INS8_16offset_to_size_tESF_SC_SC_EEjPN4cuda3__417constant_iteratorImlEEPSJ_SJ_PjjNS0_13ScanTileStateIjLb1EEESV_LNS0_7CopyAlgE1EEEvT0_T1_T2_T3_T4_T5_T6_T7_T9_T10_
    0 bytes stack frame, 0 bytes spill stores, 0 bytes spill loads
ptxas info    : Used 40 registers, used 1 barriers, 9360 bytes smem
ptxas info    : Compile time = 53.688 ms
ptxas info    : Compiling entry function '_ZN3cub17_V_300500_SM_10006detail12batch_memcpy27MultiBlockBatchMemcpyKernelINS2_15policy_selectorEjPN4cuda3__417constant_iteratorIjlEEPPjPmSA_NS0_13ScanTileStateIjLb1EEEjLNS0_7CopyAlgE1EEEvT1_T2_T3_T4_T5_T6_' for 'sm_100'
ptxas info    : Function properties for _ZN3cub17_V_300500_SM_10006detail12batch_memcpy27MultiBlockBatchMemcpyKernelINS2_15policy_selectorEjPN4cuda3__417constant_iteratorIjlEEPPjPmSA_NS0_13ScanTileStateIjLb1EEEjLNS0_7CopyAlgE1EEEvT1_T2_T3_T4_T5_T6_
    0 bytes stack frame, 0 bytes spill stores, 0 bytes spill loads
ptxas info    : Used 21 registers, used 1 barriers, 16 bytes smem
ptxas info    : Compile time = 16.086 ms
ptxas info    : Compiling entry function '_ZN3cub17_V_300500_SM_10006detail12batch_memcpy17BatchMemcpyKernelINS2_15policy_selectorEN6thrust17_V_300500_SM_100018transform_iteratorIN6detail14repeat_index_tIjEENS6_17counting_iteratorIiNS6_11use_defaultESC_SC_NS6_20__compile_time_valueILi1EEEEESC_SC_EENS7_INS8_20offset_to_iterator_tIjEEPmSC_SC_EENS7_INS8_16offset_to_size_tESF_SC_SC_EEjPN4cuda3__417constant_iteratorIjlEEPPjSJ_SS_jNS0_13ScanTileStateIjLb1EEESV_LNS0_7CopyAlgE1EEEvT0_T1_T2_T3_T4_T5_T6_T7_T9_T10_' for 'sm_100'
ptxas info    : Function properties for _ZN3cub17_V_300500_SM_10006detail12batch_memcpy17BatchMemcpyKernelINS2_15policy_selectorEN6thrust17_V_300500_SM_100018transform_iteratorIN6detail14repeat_index_tIjEENS6_17counting_iteratorIiNS6_11use_defaultESC_SC_NS6_20__compile_time_valueILi1EEEEESC_SC_EENS7_INS8_20offset_to_iterator_tIjEEPmSC_SC_EENS7_INS8_16offset_to_size_tESF_SC_SC_EEjPN4cuda3__417constant_iteratorIjlEEPPjSJ_SS_jNS0_13ScanTileStateIjLb1EEESV_LNS0_7CopyAlgE1EEEvT0_T1_T2_T3_T4_T5_T6_T7_T9_T10_
    0 bytes stack frame, 0 bytes spill stores, 0 bytes spill loads
ptxas info    : Used 48 registers, used 1 barriers, 9360 bytes smem
ptxas info    : Compile time = 53.043 ms
ptxas info    : Compiling entry function '_ZN3cub17_V_300500_SM_10006detail12batch_memcpy27MultiBlockBatchMemcpyKernelINS2_15policy_selectorEjPN4cuda3__417constant_iteratorItlEEPPtPmPjNS0_13ScanTileStateIjLb1EEEjLNS0_7CopyAlgE1EEEvT1_T2_T3_T4_T5_T6_' for 'sm_100'
ptxas info    : Function properties for _ZN3cub17_V_300500_SM_10006detail12batch_memcpy27MultiBlockBatchMemcpyKernelINS2_15policy_selectorEjPN4cuda3__417constant_iteratorItlEEPPtPmPjNS0_13ScanTileStateIjLb1EEEjLNS0_7CopyAlgE1EEEvT1_T2_T3_T4_T5_T6_
    0 bytes stack frame, 0 bytes spill stores, 0 bytes spill loads
ptxas info    : Used 21 registers, used 1 barriers, 16 bytes smem
ptxas info    : Compile time = 16.173 ms
ptxas info    : Compiling entry function '_ZN3cub17_V_300500_SM_10006detail12batch_memcpy17BatchMemcpyKernelINS2_15policy_selectorEN6thrust17_V_300500_SM_100018transform_iteratorIN6detail14repeat_index_tItEENS6_17counting_iteratorIiNS6_11use_defaultESC_SC_NS6_20__compile_time_valueILi1EEEEESC_SC_EENS7_INS8_20offset_to_iterator_tItEEPmSC_SC_EENS7_INS8_16offset_to_size_tESF_SC_SC_EEjPN4cuda3__417constant_iteratorItlEEPPtSJ_PjjNS0_13ScanTileStateIjLb1EEESW_LNS0_7CopyAlgE1EEEvT0_T1_T2_T3_T4_T5_T6_T7_T9_T10_' for 'sm_100'
ptxas info    : Function properties for _ZN3cub17_V_300500_SM_10006detail12batch_memcpy17BatchMemcpyKernelINS2_15policy_selectorEN6thrust17_V_300500_SM_100018transform_iteratorIN6detail14repeat_index_tItEENS6_17counting_iteratorIiNS6_11use_defaultESC_SC_NS6_20__compile_time_valueILi1EEEEESC_SC_EENS7_INS8_20offset_to_iterator_tItEEPmSC_SC_EENS7_INS8_16offset_to_size_tESF_SC_SC_EEjPN4cuda3__417constant_iteratorItlEEPPtSJ_PjjNS0_13ScanTileStateIjLb1EEESW_LNS0_7CopyAlgE1EEEvT0_T1_T2_T3_T4_T5_T6_T7_T9_T10_
    0 bytes stack frame, 0 bytes spill stores, 0 bytes spill loads
ptxas info    : Used 48 registers, used 1 barriers, 9360 bytes smem
ptxas info    : Compile time = 53.512 ms
ptxas info    : Compiling entry function '_ZN3cub17_V_300500_SM_10006detail12batch_memcpy27MultiBlockBatchMemcpyKernelINS2_15policy_selectorEjPN4cuda3__417constant_iteratorIhlEEPPhPmPjNS0_13ScanTileStateIjLb1EEEjLNS0_7CopyAlgE1EEEvT1_T2_T3_T4_T5_T6_' for 'sm_100'
ptxas info    : Function properties for _ZN3cub17_V_300500_SM_10006detail12batch_memcpy27MultiBlockBatchMemcpyKernelINS2_15policy_selectorEjPN4cuda3__417constant_iteratorIhlEEPPhPmPjNS0_13ScanTileStateIjLb1EEEjLNS0_7CopyAlgE1EEEvT1_T2_T3_T4_T5_T6_
    0 bytes stack frame, 0 bytes spill stores, 0 bytes spill loads
ptxas info    : Used 21 registers, used 1 barriers, 16 bytes smem
ptxas info    : Compile time = 15.795 ms
ptxas info    : Compiling entry function '_ZN3cub17_V_300500_SM_10006detail12batch_memcpy17BatchMemcpyKernelINS2_15policy_selectorEN6thrust17_V_300500_SM_100018transform_iteratorIN6detail14repeat_index_tIhEENS6_17counting_iteratorIiNS6_11use_defaultESC_SC_NS6_20__compile_time_valueILi1EEEEESC_SC_EENS7_INS8_20offset_to_iterator_tIhEEPmSC_SC_EENS7_INS8_16offset_to_size_tESF_SC_SC_EEjPN4cuda3__417constant_iteratorIhlEEPPhSJ_PjjNS0_13ScanTileStateIjLb1EEESW_LNS0_7CopyAlgE1EEEvT0_T1_T2_T3_T4_T5_T6_T7_T9_T10_' for 'sm_100'
ptxas info    : Function properties for _ZN3cub17_V_300500_SM_10006detail12batch_memcpy17BatchMemcpyKernelINS2_15policy_selectorEN6thrust17_V_300500_SM_100018transform_iteratorIN6detail14repeat_index_tIhEENS6_17counting_iteratorIiNS6_11use_defaultESC_SC_NS6_20__compile_time_valueILi1EEEEESC_SC_EENS7_INS8_20offset_to_iterator_tIhEEPmSC_SC_EENS7_INS8_16offset_to_size_tESF_SC_SC_EEjPN4cuda3__417constant_iteratorIhlEEPPhSJ_PjjNS0_13ScanTileStateIjLb1EEESW_LNS0_7CopyAlgE1EEEvT0_T1_T2_T3_T4_T5_T6_T7_T9_T10_
    0 bytes stack frame, 0 bytes spill stores, 0 bytes spill loads
ptxas info    : Used 48 registers, used 1 barriers, 9360 bytes smem
ptxas info    : Compile time = 52.195 ms
ptxas info    : Compiling entry function '_ZN3cub17_V_300500_SM_10006detail12batch_memcpy27MultiBlockBatchMemcpyKernelINS2_15policy_selectorEjPN4cuda3__417constant_iteratorIblEEPPbPmPjNS0_13ScanTileStateIjLb1EEEjLNS0_7CopyAlgE1EEEvT1_T2_T3_T4_T5_T6_' for 'sm_100'
ptxas info    : Function properties for _ZN3cub17_V_300500_SM_10006detail12batch_memcpy27MultiBlockBatchMemcpyKernelINS2_15policy_selectorEjPN4cuda3__417constant_iteratorIblEEPPbPmPjNS0_13ScanTileStateIjLb1EEEjLNS0_7CopyAlgE1EEEvT1_T2_T3_T4_T5_T6_
    0 bytes stack frame, 0 bytes spill stores, 0 bytes spill loads
ptxas info    : Used 21 registers, used 1 barriers, 16 bytes smem
ptxas info    : Compile time = 15.786 ms
ptxas info    : Compiling entry function '_ZN3cub17_V_300500_SM_10006detail12batch_memcpy17BatchMemcpyKernelINS2_15policy_selectorEN6thrust17_V_300500_SM_100018transform_iteratorIN6detail14repeat_index_tIbEENS6_17counting_iteratorIiNS6_11use_defaultESC_SC_NS6_20__compile_time_valueILi1EEEEESC_SC_EENS7_INS8_20offset_to_iterator_tIbEEPmSC_SC_EENS7_INS8_16offset_to_size_tESF_SC_SC_EEjPN4cuda3__417constant_iteratorIblEEPPbSJ_PjjNS0_13ScanTileStateIjLb1EEESW_LNS0_7CopyAlgE1EEEvT0_T1_T2_T3_T4_T5_T6_T7_T9_T10_' for 'sm_100'
ptxas info    : Function properties for _ZN3cub17_V_300500_SM_10006detail12batch_memcpy17BatchMemcpyKernelINS2_15policy_selectorEN6thrust17_V_300500_SM_100018transform_iteratorIN6detail14repeat_index_tIbEENS6_17counting_iteratorIiNS6_11use_defaultESC_SC_NS6_20__compile_time_valueILi1EEEEESC_SC_EENS7_INS8_20offset_to_iterator_tIbEEPmSC_SC_EENS7_INS8_16offset_to_size_tESF_SC_SC_EEjPN4cuda3__417constant_iteratorIblEEPPbSJ_PjjNS0_13ScanTileStateIjLb1EEESW_LNS0_7CopyAlgE1EEEvT0_T1_T2_T3_T4_T5_T6_T7_T9_T10_
    0 bytes stack frame, 0 bytes spill stores, 0 bytes spill loads
ptxas info    : Used 48 registers, used 1 barriers, 9360 bytes smem
ptxas info    : Compile time = 52.862 ms
ptxas info    : Compiling entry function '_ZN3cub17_V_300500_SM_10006detail12batch_memcpy19InitTileStateKernelINS0_13ScanTileStateIjLb1EEES5_jEEvT_T0_T1_' for 'sm_100'
ptxas info    : Function properties for _ZN3cub17_V_300500_SM_10006detail12batch_memcpy19InitTileStateKernelINS0_13ScanTileStateIjLb1EEES5_jEEvT_T0_T1_
    0 bytes stack frame, 0 bytes spill stores, 0 bytes spill loads
ptxas info    : Used 16 registers, used 0 barriers
ptxas info    : Compile time = 1.471 ms
ptxas info    : Compiling entry function '_ZN3cub17_V_300500_SM_10006detail11EmptyKernelIvEEvv' for 'sm_100'
ptxas info    : Function properties for _ZN3cub17_V_300500_SM_10006detail11EmptyKernelIvEEvv
    0 bytes stack frame, 0 bytes spill stores, 0 bytes spill loads
ptxas info    : Used 4 registers, used 0 barriers
ptxas info    : Compile time = 0.463 ms
ninja: build stopped: subcommand failed.
ninja: Entering directory `/cccl_fork/topk_perf/build_async_keys_v2'
[0/2] Re-checking globbed directories...
[1/6] Generate git revision file for nvbench_git_revision
[2/3] Building CUDA object cub/benchmarks/CMakeFiles/cub.bench.topk.keys.base.dir/bench/topk/keys.cu.o
ptxas info    : 124 bytes gmem
ptxas info    : Compiling entry function '_ZN7nvbench6detail11noop_kernelIvEEvv' for 'sm_100'
ptxas info    : Function properties for _ZN7nvbench6detail11noop_kernelIvEEvv
    0 bytes stack frame, 0 bytes spill stores, 0 bytes spill loads
ptxas info    : Used 4 registers, used 0 barriers
ptxas info    : Compile time = 1.549 ms
ptxas info    : Compiling entry function '_ZN3cub17_V_300500_SM_10006detail8for_each13static_kernelINS2_15policy_selectorEmN6thrust17_V_300500_SM_10008cuda_cub20__uninitialized_fill7functorINS6_10device_ptrIdEEdEEEEvT0_T1_' for 'sm_100'
ptxas info    : Function properties for _ZN3cub17_V_300500_SM_10006detail8for_each13static_kernelINS2_15policy_selectorEmN6thrust17_V_300500_SM_10008cuda_cub20__uninitialized_fill7functorINS6_10device_ptrIdEEdEEEEvT0_T1_
    0 bytes stack frame, 0 bytes spill stores, 0 bytes spill loads
ptxas info    : Used 9 registers, used 0 barriers
ptxas info    : Compile time = 2.188 ms
ptxas info    : Compiling entry function '_ZN3cub17_V_300500_SM_10006detail8for_each13static_kernelINS2_15policy_selectorEmN6thrust17_V_300500_SM_10008cuda_cub20__uninitialized_fill7functorINS6_10device_ptrIfEEfEEEEvT0_T1_' for 'sm_100'
ptxas info    : Function properties for _ZN3cub17_V_300500_SM_10006detail8for_each13static_kernelINS2_15policy_selectorEmN6thrust17_V_300500_SM_10008cuda_cub20__uninitialized_fill7functorINS6_10device_ptrIfEEfEEEEvT0_T1_
    0 bytes stack frame, 0 bytes spill stores, 0 bytes spill loads
ptxas info    : Used 8 registers, used 0 barriers
ptxas info    : Compile time = 1.817 ms
ptxas info    : Compiling entry function '_ZN3cub17_V_300500_SM_10006detail8for_each13static_kernelINS2_15policy_selectorEmN6thrust17_V_300500_SM_10008cuda_cub20__uninitialized_fill7functorINS6_10device_ptrInEEnEEEEvT0_T1_' for 'sm_100'
ptxas info    : Function properties for _ZN3cub17_V_300500_SM_10006detail8for_each13static_kernelINS2_15policy_selectorEmN6thrust17_V_300500_SM_10008cuda_cub20__uninitialized_fill7functorINS6_10device_ptrInEEnEEEEvT0_T1_
    0 bytes stack frame, 0 bytes spill stores, 0 bytes spill loads
ptxas info    : Used 11 registers, used 0 barriers
ptxas info    : Compile time = 1.859 ms
ptxas info    : Compiling entry function '_ZN3cub17_V_300500_SM_10006detail8for_each13static_kernelINS2_15policy_selectorEmN6thrust17_V_300500_SM_10008cuda_cub20__uninitialized_fill7functorINS6_10device_ptrIlEElEEEEvT0_T1_' for 'sm_100'
ptxas info    : Function properties for _ZN3cub17_V_300500_SM_10006detail8for_each13static_kernelINS2_15policy_selectorEmN6thrust17_V_300500_SM_10008cuda_cub20__uninitialized_fill7functorINS6_10device_ptrIlEElEEEEvT0_T1_
    0 bytes stack frame, 0 bytes spill stores, 0 bytes spill loads
ptxas info    : Used 9 registers, used 0 barriers
ptxas info    : Compile time = 1.778 ms
ptxas info    : Compiling entry function '_ZN3cub17_V_300500_SM_10006detail8for_each13static_kernelINS2_15policy_selectorEmN6thrust17_V_300500_SM_10008cuda_cub20__uninitialized_fill7functorINS6_10device_ptrIiEEiEEEEvT0_T1_' for 'sm_100'
ptxas info    : Function properties for _ZN3cub17_V_300500_SM_10006detail8for_each13static_kernelINS2_15policy_selectorEmN6thrust17_V_300500_SM_10008cuda_cub20__uninitialized_fill7functorINS6_10device_ptrIiEEiEEEEvT0_T1_
    0 bytes stack frame, 0 bytes spill stores, 0 bytes spill loads
ptxas info    : Used 8 registers, used 0 barriers
ptxas info    : Compile time = 1.759 ms
ptxas info    : Compiling entry function '_ZN3cub17_V_300500_SM_10006detail8for_each13static_kernelINS2_15policy_selectorEmN6thrust17_V_300500_SM_10008cuda_cub20__uninitialized_fill7functorINS6_10device_ptrIsEEsEEEEvT0_T1_' for 'sm_100'
ptxas info    : Function properties for _ZN3cub17_V_300500_SM_10006detail8for_each13static_kernelINS2_15policy_selectorEmN6thrust17_V_300500_SM_10008cuda_cub20__uninitialized_fill7functorINS6_10device_ptrIsEEsEEEEvT0_T1_
    0 bytes stack frame, 0 bytes spill stores, 0 bytes spill loads
ptxas info    : Used 8 registers, used 0 barriers
ptxas info    : Compile time = 1.742 ms
ptxas info    : Compiling entry function '_ZN3cub17_V_300500_SM_10006detail8for_each13static_kernelINS2_15policy_selectorEmN6thrust17_V_300500_SM_10008cuda_cub20__uninitialized_fill7functorINS6_10device_ptrIaEEaEEEEvT0_T1_' for 'sm_100'
ptxas info    : Function properties for _ZN3cub17_V_300500_SM_10006detail8for_each13static_kernelINS2_15policy_selectorEmN6thrust17_V_300500_SM_10008cuda_cub20__uninitialized_fill7functorINS6_10device_ptrIaEEaEEEEvT0_T1_
    0 bytes stack frame, 0 bytes spill stores, 0 bytes spill loads
ptxas info    : Used 10 registers, used 0 barriers
ptxas info    : Compile time = 1.715 ms
ptxas info    : Compiling entry function '_ZN3cub17_V_300500_SM_10006detail12batched_topk44device_segmented_topk_finalize_filter_kernelINS2_26policy_selector_from_typesIdNS0_8NullTypeElLl8388608EEELNS1_4topk6selectE1EN4cuda3__417constant_iteratorIPKdlEENSB_IPdlEEPPS5_SI_NS1_6params13uniform_paramIlLl0ELl268435456EEENSK_IlLl1ELl8388608EEENSK_IlLl1ELl1EEEPljPyNS1_21identity_decomposer_tEjjdEEvT1_T2_T3_T4_T5_T6_T7_T8_PKT9_PNS7_7counterIT14_T12_T13_EEPS14_PS13_PNS9_3std3__415iterator_traitsINS1C_IST_vE10value_typeEvE10value_typeES19_S1H_T10_S14_S14_iiT11_b' for 'sm_100'
ptxas info    : Function properties for _ZN3cub17_V_300500_SM_10006detail12batched_topk44device_segmented_topk_finalize_filter_kernelINS2_26policy_selector_from_typesIdNS0_8NullTypeElLl8388608EEELNS1_4topk6selectE1EN4cuda3__417constant_iteratorIPKdlEENSB_IPdlEEPPS5_SI_NS1_6params13uniform_paramIlLl0ELl268435456EEENSK_IlLl1ELl8388608EEENSK_IlLl1ELl1EEEPljPyNS1_21identity_decomposer_tEjjdEEvT1_T2_T3_T4_T5_T6_T7_T8_PKT9_PNS7_7counterIT14_T12_T13_EEPS14_PS13_PNS9_3std3__415iterator_traitsINS1C_IST_vE10value_typeEvE10value_typeES19_S1H_T10_S14_S14_iiT11_b
    32 bytes stack frame, 0 bytes spill stores, 0 bytes spill loads
ptxas info    : Used 32 registers, used 1 barriers, 32 bytes cumulative stack size, 16432 bytes smem
ptxas info    : Compile time = 40.024 ms
ptxas info    : Compiling entry function '_ZN3cub17_V_300500_SM_10006detail12batched_topk40device_segmented_topk_last_filter_kernelINS2_26policy_selector_from_typesIdNS0_8NullTypeElLl8388608EEELNS1_4topk6selectE1EN4cuda3__417constant_iteratorIPKdlEENSB_IPdlEEPPS5_SI_NS1_6params13uniform_paramIlLl0ELl268435456EEENSK_IlLl1ELl8388608EEENSK_IlLl1ELl1EEEPljPyNS1_21identity_decomposer_tEjjEEvT1_T2_T3_T4_T5_T6_T7_T8_PKT9_PNS7_7counterINS9_3std3__415iterator_traitsINS15_ISR_vE10value_typeEvE10value_typeET12_T13_EEPS19_PNS15_INS15_IST_vE10value_typeEvE10value_typeES1A_T10_iiT11_' for 'sm_100'
ptxas info    : Function properties for _ZN3cub17_V_300500_SM_10006detail12batched_topk40device_segmented_topk_last_filter_kernelINS2_26policy_selector_from_typesIdNS0_8NullTypeElLl8388608EEELNS1_4topk6selectE1EN4cuda3__417constant_iteratorIPKdlEENSB_IPdlEEPPS5_SI_NS1_6params13uniform_paramIlLl0ELl268435456EEENSK_IlLl1ELl8388608EEENSK_IlLl1ELl1EEEPljPyNS1_21identity_decomposer_tEjjEEvT1_T2_T3_T4_T5_T6_T7_T8_PKT9_PNS7_7counterINS9_3std3__415iterator_traitsINS15_ISR_vE10value_typeEvE10value_typeET12_T13_EEPS19_PNS15_INS15_IST_vE10value_typeEvE10value_typeES1A_T10_iiT11_
    32 bytes stack frame, 0 bytes spill stores, 0 bytes spill loads
ptxas info    : Used 40 registers, used 1 barriers, 32 bytes cumulative stack size, 8240 bytes smem
ptxas info    : Compile time = 28.517 ms
ptxas info    : Compiling entry function '_ZN3cub17_V_300500_SM_10006detail12batched_topk35device_segmented_topk_filter_kernelINS2_26policy_selector_from_typesIdNS0_8NullTypeElLl8388608EEELNS1_4topk6selectE1EN4cuda3__417constant_iteratorIPKdlEENSB_IPdlEEPPS5_SI_NS1_6params13uniform_paramIlLl0ELl268435456EEENSK_IlLl1ELl8388608EEENSK_IlLl1ELl1EEEPljPyNS1_21identity_decomposer_tEjjEEvT1_T2_T3_T4_T5_T6_T7_T8_PKT9_PNS7_7counterINS9_3std3__415iterator_traitsINS15_ISR_vE10value_typeEvE10value_typeET12_T13_EEPS1A_PS19_PNS15_INS15_IST_vE10value_typeEvE10value_typeES1F_S1K_S1A_S1A_T10_iibT11_' for 'sm_100'
ptxas info    : Function properties for _ZN3cub17_V_300500_SM_10006detail12batched_topk35device_segmented_topk_filter_kernelINS2_26policy_selector_from_typesIdNS0_8NullTypeElLl8388608EEELNS1_4topk6selectE1EN4cuda3__417constant_iteratorIPKdlEENSB_IPdlEEPPS5_SI_NS1_6params13uniform_paramIlLl0ELl268435456EEENSK_IlLl1ELl8388608EEENSK_IlLl1ELl1EEEPljPyNS1_21identity_decomposer_tEjjEEvT1_T2_T3_T4_T5_T6_T7_T8_PKT9_PNS7_7counterINS9_3std3__415iterator_traitsINS15_ISR_vE10value_typeEvE10value_typeET12_T13_EEPS1A_PS19_PNS15_INS15_IST_vE10value_typeEvE10value_typeES1F_S1K_S1A_S1A_T10_iibT11_
    32 bytes stack frame, 0 bytes spill stores, 0 bytes spill loads
ptxas info    : Used 38 registers, used 1 barriers, 32 bytes cumulative stack size, 16432 bytes smem
ptxas info    : Compile time = 33.995 ms
ptxas info    : Compiling entry function '_ZN3cub17_V_300500_SM_10006detail12batched_topk47device_segmented_topk_finalize_histogram_kernelINS2_26policy_selector_from_typesIdNS0_8NullTypeElLl8388608EEEN4cuda3__417constant_iteratorIPKdlEENS1_6params13uniform_paramIlLl0ELl268435456EEENSE_IlLl1ELl8388608EEENSE_IlLl1ELl1EEEPlPyNS1_4topk16extract_bin_op_tIdLNSK_6selectE1ELi11ENS1_21identity_decomposer_tELb1EEEjjdEEvT0_T1_T2_T3_T4_PNSK_7counterIT9_T7_T8_EEPSW_T5_T6_ib' for 'sm_100'
ptxas info    : Function properties for _ZN3cub17_V_300500_SM_10006detail12batched_topk47device_segmented_topk_finalize_histogram_kernelINS2_26policy_selector_from_typesIdNS0_8NullTypeElLl8388608EEEN4cuda3__417constant_iteratorIPKdlEENS1_6params13uniform_paramIlLl0ELl268435456EEENSE_IlLl1ELl8388608EEENSE_IlLl1ELl1EEEPlPyNS1_4topk16extract_bin_op_tIdLNSK_6selectE1ELi11ENS1_21identity_decomposer_tELb1EEEjjdEEvT0_T1_T2_T3_T4_PNSK_7counterIT9_T7_T8_EEPSW_T5_T6_ib
    0 bytes stack frame, 0 bytes spill stores, 0 bytes spill loads
ptxas info    : Used 40 registers, used 1 barriers, 8192 bytes smem
ptxas info    : Compile time = 9.441 ms
ptxas info    : Compiling entry function '_ZN3cub17_V_300500_SM_10006detail12batched_topk38device_segmented_topk_histogram_kernelINS2_26policy_selector_from_typesIdNS0_8NullTypeElLl8388608EEEN4cuda3__417constant_iteratorIPKdlEENS1_6params13uniform_paramIlLl0ELl268435456EEENSE_IlLl1ELl8388608EEENSE_IlLl1ELl1EEEPljPyNS1_4topk16extract_bin_op_tIdLNSK_6selectE1ELi11ENS1_21identity_decomposer_tELb1EEEjjjEEvT0_T1_T2_T3_T4_PKT5_PNSK_7counterINS7_3std3__415iterator_traitsINS10_ISP_vE10value_typeEvE10value_typeET8_T9_EEPS15_T6_T7_' for 'sm_100'
ptxas info    : Function properties for _ZN3cub17_V_300500_SM_10006detail12batched_topk38device_segmented_topk_histogram_kernelINS2_26policy_selector_from_typesIdNS0_8NullTypeElLl8388608EEEN4cuda3__417constant_iteratorIPKdlEENS1_6params13uniform_paramIlLl0ELl268435456EEENSE_IlLl1ELl8388608EEENSE_IlLl1ELl1EEEPljPyNS1_4topk16extract_bin_op_tIdLNSK_6selectE1ELi11ENS1_21identity_decomposer_tELb1EEEjjjEEvT0_T1_T2_T3_T4_PKT5_PNSK_7counterINS7_3std3__415iterator_traitsINS10_ISP_vE10value_typeEvE10value_typeET8_T9_EEPS15_T6_T7_
    0 bytes stack frame, 0 bytes spill stores, 0 bytes spill loads
ptxas info    : Used 24 registers, used 1 barriers, 16464 bytes smem
ptxas info    : Compile time = 40.647 ms
ptxas info    : Compiling entry function '_ZN3cub17_V_300500_SM_10006detail12batched_topk44device_segmented_topk_finalize_filter_kernelINS2_26policy_selector_from_typesIdNS0_8NullTypeElLl8388608EEELNS1_4topk6selectE0EN4cuda3__417constant_iteratorIPKdlEENSB_IPdlEEPPS5_SI_NS1_6params13uniform_paramIlLl0ELl268435456EEENSK_IlLl1ELl8388608EEENSK_IlLl1ELl1EEEPljPyNS1_21identity_decomposer_tEjjdEEvT1_T2_T3_T4_T5_T6_T7_T8_PKT9_PNS7_7counterIT14_T12_T13_EEPS14_PS13_PNS9_3std3__415iterator_traitsINS1C_IST_vE10value_typeEvE10value_typeES19_S1H_T10_S14_S14_iiT11_b' for 'sm_100'
ptxas info    : Function properties for _ZN3cub17_V_300500_SM_10006detail12batched_topk44device_segmented_topk_finalize_filter_kernelINS2_26policy_selector_from_typesIdNS0_8NullTypeElLl8388608EEELNS1_4topk6selectE0EN4cuda3__417constant_iteratorIPKdlEENSB_IPdlEEPPS5_SI_NS1_6params13uniform_paramIlLl0ELl268435456EEENSK_IlLl1ELl8388608EEENSK_IlLl1ELl1EEEPljPyNS1_21identity_decomposer_tEjjdEEvT1_T2_T3_T4_T5_T6_T7_T8_PKT9_PNS7_7counterIT14_T12_T13_EEPS14_PS13_PNS9_3std3__415iterator_traitsINS1C_IST_vE10value_typeEvE10value_typeES19_S1H_T10_S14_S14_iiT11_b
    32 bytes stack frame, 0 bytes spill stores, 0 bytes spill loads
ptxas info    : Used 32 registers, used 1 barriers, 32 bytes cumulative stack size, 16432 bytes smem
ptxas info    : Compile time = 37.555 ms
ptxas info    : Compiling entry function '_ZN3cub17_V_300500_SM_10006detail12batched_topk40device_segmented_topk_last_filter_kernelINS2_26policy_selector_from_typesIdNS0_8NullTypeElLl8388608EEELNS1_4topk6selectE0EN4cuda3__417constant_iteratorIPKdlEENSB_IPdlEEPPS5_SI_NS1_6params13uniform_paramIlLl0ELl268435456EEENSK_IlLl1ELl8388608EEENSK_IlLl1ELl1EEEPljPyNS1_21identity_decomposer_tEjjEEvT1_T2_T3_T4_T5_T6_T7_T8_PKT9_PNS7_7counterINS9_3std3__415iterator_traitsINS15_ISR_vE10value_typeEvE10value_typeET12_T13_EEPS19_PNS15_INS15_IST_vE10value_typeEvE10value_typeES1A_T10_iiT11_' for 'sm_100'
ptxas info    : Function properties for _ZN3cub17_V_300500_SM_10006detail12batched_topk40device_segmented_topk_last_filter_kernelINS2_26policy_selector_from_typesIdNS0_8NullTypeElLl8388608EEELNS1_4topk6selectE0EN4cuda3__417constant_iteratorIPKdlEENSB_IPdlEEPPS5_SI_NS1_6params13uniform_paramIlLl0ELl268435456EEENSK_IlLl1ELl8388608EEENSK_IlLl1ELl1EEEPljPyNS1_21identity_decomposer_tEjjEEvT1_T2_T3_T4_T5_T6_T7_T8_PKT9_PNS7_7counterINS9_3std3__415iterator_traitsINS15_ISR_vE10value_typeEvE10value_typeET12_T13_EEPS19_PNS15_INS15_IST_vE10value_typeEvE10value_typeES1A_T10_iiT11_
    32 bytes stack frame, 0 bytes spill stores, 0 bytes spill loads
ptxas info    : Used 40 registers, used 1 barriers, 32 bytes cumulative stack size, 8240 bytes smem
ptxas info    : Compile time = 28.918 ms
ptxas info    : Compiling entry function '_ZN3cub17_V_300500_SM_10006detail12batched_topk35device_segmented_topk_filter_kernelINS2_26policy_selector_from_typesIdNS0_8NullTypeElLl8388608EEELNS1_4topk6selectE0EN4cuda3__417constant_iteratorIPKdlEENSB_IPdlEEPPS5_SI_NS1_6params13uniform_paramIlLl0ELl268435456EEENSK_IlLl1ELl8388608EEENSK_IlLl1ELl1EEEPljPyNS1_21identity_decomposer_tEjjEEvT1_T2_T3_T4_T5_T6_T7_T8_PKT9_PNS7_7counterINS9_3std3__415iterator_traitsINS15_ISR_vE10value_typeEvE10value_typeET12_T13_EEPS1A_PS19_PNS15_INS15_IST_vE10value_typeEvE10value_typeES1F_S1K_S1A_S1A_T10_iibT11_' for 'sm_100'
ptxas info    : Function properties for _ZN3cub17_V_300500_SM_10006detail12batched_topk35device_segmented_topk_filter_kernelINS2_26policy_selector_from_typesIdNS0_8NullTypeElLl8388608EEELNS1_4topk6selectE0EN4cuda3__417constant_iteratorIPKdlEENSB_IPdlEEPPS5_SI_NS1_6params13uniform_paramIlLl0ELl268435456EEENSK_IlLl1ELl8388608EEENSK_IlLl1ELl1EEEPljPyNS1_21identity_decomposer_tEjjEEvT1_T2_T3_T4_T5_T6_T7_T8_PKT9_PNS7_7counterINS9_3std3__415iterator_traitsINS15_ISR_vE10value_typeEvE10value_typeET12_T13_EEPS1A_PS19_PNS15_INS15_IST_vE10value_typeEvE10value_typeES1F_S1K_S1A_S1A_T10_iibT11_
    32 bytes stack frame, 0 bytes spill stores, 0 bytes spill loads
ptxas info    : Used 38 registers, used 1 barriers, 32 bytes cumulative stack size, 16432 bytes smem
ptxas info    : Compile time = 33.928 ms
ptxas info    : Compiling entry function '_ZN3cub17_V_300500_SM_10006detail12batched_topk47device_segmented_topk_finalize_histogram_kernelINS2_26policy_selector_from_typesIdNS0_8NullTypeElLl8388608EEEN4cuda3__417constant_iteratorIPKdlEENS1_6params13uniform_paramIlLl0ELl268435456EEENSE_IlLl1ELl8388608EEENSE_IlLl1ELl1EEEPlPyNS1_4topk16extract_bin_op_tIdLNSK_6selectE0ELi11ENS1_21identity_decomposer_tELb1EEEjjdEEvT0_T1_T2_T3_T4_PNSK_7counterIT9_T7_T8_EEPSW_T5_T6_ib' for 'sm_100'
ptxas info    : Function properties for _ZN3cub17_V_300500_SM_10006detail12batched_topk47device_segmented_topk_finalize_histogram_kernelINS2_26policy_selector_from_typesIdNS0_8NullTypeElLl8388608EEEN4cuda3__417constant_iteratorIPKdlEENS1_6params13uniform_paramIlLl0ELl268435456EEENSE_IlLl1ELl8388608EEENSE_IlLl1ELl1EEEPlPyNS1_4topk16extract_bin_op_tIdLNSK_6selectE0ELi11ENS1_21identity_decomposer_tELb1EEEjjdEEvT0_T1_T2_T3_T4_PNSK_7counterIT9_T7_T8_EEPSW_T5_T6_ib
    0 bytes stack frame, 0 bytes spill stores, 0 bytes spill loads
ptxas info    : Used 40 registers, used 1 barriers, 8192 bytes smem
ptxas info    : Compile time = 9.501 ms
ptxas info    : Compiling entry function '_ZN3cub17_V_300500_SM_10006detail12batched_topk38device_segmented_topk_histogram_kernelINS2_26policy_selector_from_typesIdNS0_8NullTypeElLl8388608EEEN4cuda3__417constant_iteratorIPKdlEENS1_6params13uniform_paramIlLl0ELl268435456EEENSE_IlLl1ELl8388608EEENSE_IlLl1ELl1EEEPljPyNS1_4topk16extract_bin_op_tIdLNSK_6selectE0ELi11ENS1_21identity_decomposer_tELb1EEEjjjEEvT0_T1_T2_T3_T4_PKT5_PNSK_7counterINS7_3std3__415iterator_traitsINS10_ISP_vE10value_typeEvE10value_typeET8_T9_EEPS15_T6_T7_' for 'sm_100'
ptxas info    : Function properties for _ZN3cub17_V_300500_SM_10006detail12batched_topk38device_segmented_topk_histogram_kernelINS2_26policy_selector_from_typesIdNS0_8NullTypeElLl8388608EEEN4cuda3__417constant_iteratorIPKdlEENS1_6params13uniform_paramIlLl0ELl268435456EEENSE_IlLl1ELl8388608EEENSE_IlLl1ELl1EEEPljPyNS1_4topk16extract_bin_op_tIdLNSK_6selectE0ELi11ENS1_21identity_decomposer_tELb1EEEjjjEEvT0_T1_T2_T3_T4_PKT5_PNSK_7counterINS7_3std3__415iterator_traitsINS10_ISP_vE10value_typeEvE10value_typeET8_T9_EEPS15_T6_T7_
    0 bytes stack frame, 0 bytes spill stores, 0 bytes spill loads
ptxas info    : Used 24 registers, used 1 barriers, 16464 bytes smem
ptxas info    : Compile time = 40.683 ms
ptxas info    : Compiling entry function '_ZN3cub17_V_300500_SM_10006detail12batched_topk28device_segmented_topk_kernelINS2_26policy_selector_from_typesIdNS0_8NullTypeElLl8388608EEEN4cuda3__417constant_iteratorIPKdlEENS9_IPdlEEPPS5_SG_NS1_6params13uniform_paramIlLl0ELl268435456EEENSI_IlLl1ELl8388608EEENSH_22uniform_discrete_paramINS1_4topk6selectEJLSN_1EEEENSI_IlLl1ELl1EEEjEEvT0_T1_T2_T3_T4_T5_T6_T7_PNS2_21batched_topk_countersINSX_10value_typeEEEPSZ_PT8_' for 'sm_100'
ptxas info    : Function properties for _ZN3cub17_V_300500_SM_10006detail12batched_topk28device_segmented_topk_kernelINS2_26policy_selector_from_typesIdNS0_8NullTypeElLl8388608EEEN4cuda3__417constant_iteratorIPKdlEENS9_IPdlEEPPS5_SG_NS1_6params13uniform_paramIlLl0ELl268435456EEENSI_IlLl1ELl8388608EEENSH_22uniform_discrete_paramINS1_4topk6selectEJLSN_1EEEENSI_IlLl1ELl1EEEjEEvT0_T1_T2_T3_T4_T5_T6_T7_PNS2_21batched_topk_countersINSX_10value_typeEEEPSZ_PT8_
    0 bytes stack frame, 0 bytes spill stores, 0 bytes spill loads
ptxas info    : Used 128 registers, used 1 barriers, 33808 bytes smem
ptxas info    : Compile time = 58.862 ms
ptxas info    : Compiling entry function '_ZN3cub17_V_300500_SM_10006detail12batched_topk44device_segmented_topk_finalize_filter_kernelINS2_26policy_selector_from_typesIfNS0_8NullTypeElLl8388608EEELNS1_4topk6selectE1EN4cuda3__417constant_iteratorIPKflEENSB_IPflEEPPS5_SI_NS1_6params13uniform_paramIlLl0ELl268435456EEENSK_IlLl1ELl8388608EEENSK_IlLl1ELl1EEEPljPyNS1_21identity_decomposer_tEjjfEEvT1_T2_T3_T4_T5_T6_T7_T8_PKT9_PNS7_7counterIT14_T12_T13_EEPS14_PS13_PNS9_3std3__415iterator_traitsINS1C_IST_vE10value_typeEvE10value_typeES19_S1H_T10_S14_S14_iiT11_b' for 'sm_100'
ptxas info    : Function properties for _ZN3cub17_V_300500_SM_10006detail12batched_topk44device_segmented_topk_finalize_filter_kernelINS2_26policy_selector_from_typesIfNS0_8NullTypeElLl8388608EEELNS1_4topk6selectE1EN4cuda3__417constant_iteratorIPKflEENSB_IPflEEPPS5_SI_NS1_6params13uniform_paramIlLl0ELl268435456EEENSK_IlLl1ELl8388608EEENSK_IlLl1ELl1EEEPljPyNS1_21identity_decomposer_tEjjfEEvT1_T2_T3_T4_T5_T6_T7_T8_PKT9_PNS7_7counterIT14_T12_T13_EEPS14_PS13_PNS9_3std3__415iterator_traitsINS1C_IST_vE10value_typeEvE10value_typeES19_S1H_T10_S14_S14_iiT11_b
    32 bytes stack frame, 0 bytes spill stores, 0 bytes spill loads
ptxas info    : Used 32 registers, used 1 barriers, 32 bytes cumulative stack size, 16432 bytes smem
ptxas info    : Compile time = 40.364 ms
ptxas info    : Compiling entry function '_ZN3cub17_V_300500_SM_10006detail12batched_topk40device_segmented_topk_last_filter_kernelINS2_26policy_selector_from_typesIfNS0_8NullTypeElLl8388608EEELNS1_4topk6selectE1EN4cuda3__417constant_iteratorIPKflEENSB_IPflEEPPS5_SI_NS1_6params13uniform_paramIlLl0ELl268435456EEENSK_IlLl1ELl8388608EEENSK_IlLl1ELl1EEEPljPyNS1_21identity_decomposer_tEjjEEvT1_T2_T3_T4_T5_T6_T7_T8_PKT9_PNS7_7counterINS9_3std3__415iterator_traitsINS15_ISR_vE10value_typeEvE10value_typeET12_T13_EEPS19_PNS15_INS15_IST_vE10value_typeEvE10value_typeES1A_T10_iiT11_' for 'sm_100'
ptxas info    : Function properties for _ZN3cub17_V_300500_SM_10006detail12batched_topk40device_segmented_topk_last_filter_kernelINS2_26policy_selector_from_typesIfNS0_8NullTypeElLl8388608EEELNS1_4topk6selectE1EN4cuda3__417constant_iteratorIPKflEENSB_IPflEEPPS5_SI_NS1_6params13uniform_paramIlLl0ELl268435456EEENSK_IlLl1ELl8388608EEENSK_IlLl1ELl1EEEPljPyNS1_21identity_decomposer_tEjjEEvT1_T2_T3_T4_T5_T6_T7_T8_PKT9_PNS7_7counterINS9_3std3__415iterator_traitsINS15_ISR_vE10value_typeEvE10value_typeET12_T13_EEPS19_PNS15_INS15_IST_vE10value_typeEvE10value_typeES1A_T10_iiT11_
    32 bytes stack frame, 0 bytes spill stores, 0 bytes spill loads
ptxas info    : Used 40 registers, used 1 barriers, 32 bytes cumulative stack size, 8240 bytes smem
ptxas info    : Compile time = 32.180 ms
ptxas info    : Compiling entry function '_ZN3cub17_V_300500_SM_10006detail12batched_topk35device_segmented_topk_filter_kernelINS2_26policy_selector_from_typesIfNS0_8NullTypeElLl8388608EEELNS1_4topk6selectE1EN4cuda3__417constant_iteratorIPKflEENSB_IPflEEPPS5_SI_NS1_6params13uniform_paramIlLl0ELl268435456EEENSK_IlLl1ELl8388608EEENSK_IlLl1ELl1EEEPljPyNS1_21identity_decomposer_tEjjEEvT1_T2_T3_T4_T5_T6_T7_T8_PKT9_PNS7_7counterINS9_3std3__415iterator_traitsINS15_ISR_vE10value_typeEvE10value_typeET12_T13_EEPS1A_PS19_PNS15_INS15_IST_vE10value_typeEvE10value_typeES1F_S1K_S1A_S1A_T10_iibT11_' for 'sm_100'
ptxas info    : Function properties for _ZN3cub17_V_300500_SM_10006detail12batched_topk35device_segmented_topk_filter_kernelINS2_26policy_selector_from_typesIfNS0_8NullTypeElLl8388608EEELNS1_4topk6selectE1EN4cuda3__417constant_iteratorIPKflEENSB_IPflEEPPS5_SI_NS1_6params13uniform_paramIlLl0ELl268435456EEENSK_IlLl1ELl8388608EEENSK_IlLl1ELl1EEEPljPyNS1_21identity_decomposer_tEjjEEvT1_T2_T3_T4_T5_T6_T7_T8_PKT9_PNS7_7counterINS9_3std3__415iterator_traitsINS15_ISR_vE10value_typeEvE10value_typeET12_T13_EEPS1A_PS19_PNS15_INS15_IST_vE10value_typeEvE10value_typeES1F_S1K_S1A_S1A_T10_iibT11_
    40 bytes stack frame, 4 bytes spill stores, 8 bytes spill loads
ptxas info    : Used 32 registers, used 1 barriers, 40 bytes cumulative stack size, 16432 bytes smem
ptxas info    : Compile time = 37.679 ms
ptxas info    : Compiling entry function '_ZN3cub17_V_300500_SM_10006detail12batched_topk47device_segmented_topk_finalize_histogram_kernelINS2_26policy_selector_from_typesIfNS0_8NullTypeElLl8388608EEEN4cuda3__417constant_iteratorIPKflEENS1_6params13uniform_paramIlLl0ELl268435456EEENSE_IlLl1ELl8388608EEENSE_IlLl1ELl1EEEPlPyNS1_4topk16extract_bin_op_tIfLNSK_6selectE1ELi11ENS1_21identity_decomposer_tELb1EEEjjfEEvT0_T1_T2_T3_T4_PNSK_7counterIT9_T7_T8_EEPSW_T5_T6_ib' for 'sm_100'
ptxas info    : Function properties for _ZN3cub17_V_300500_SM_10006detail12batched_topk47device_segmented_topk_finalize_histogram_kernelINS2_26policy_selector_from_typesIfNS0_8NullTypeElLl8388608EEEN4cuda3__417constant_iteratorIPKflEENS1_6params13uniform_paramIlLl0ELl268435456EEENSE_IlLl1ELl8388608EEENSE_IlLl1ELl1EEEPlPyNS1_4topk16extract_bin_op_tIfLNSK_6selectE1ELi11ENS1_21identity_decomposer_tELb1EEEjjfEEvT0_T1_T2_T3_T4_PNSK_7counterIT9_T7_T8_EEPSW_T5_T6_ib
    0 bytes stack frame, 0 bytes spill stores, 0 bytes spill loads
ptxas info    : Used 40 registers, used 1 barriers, 8192 bytes smem
ptxas info    : Compile time = 9.665 ms
ptxas info    : Compiling entry function '_ZN3cub17_V_300500_SM_10006detail12batched_topk38device_segmented_topk_histogram_kernelINS2_26policy_selector_from_typesIfNS0_8NullTypeElLl8388608EEEN4cuda3__417constant_iteratorIPKflEENS1_6params13uniform_paramIlLl0ELl268435456EEENSE_IlLl1ELl8388608EEENSE_IlLl1ELl1EEEPljPyNS1_4topk16extract_bin_op_tIfLNSK_6selectE1ELi11ENS1_21identity_decomposer_tELb1EEEjjjEEvT0_T1_T2_T3_T4_PKT5_PNSK_7counterINS7_3std3__415iterator_traitsINS10_ISP_vE10value_typeEvE10value_typeET8_T9_EEPS15_T6_T7_' for 'sm_100'
ptxas info    : Function properties for _ZN3cub17_V_300500_SM_10006detail12batched_topk38device_segmented_topk_histogram_kernelINS2_26policy_selector_from_typesIfNS0_8NullTypeElLl8388608EEEN4cuda3__417constant_iteratorIPKflEENS1_6params13uniform_paramIlLl0ELl268435456EEENSE_IlLl1ELl8388608EEENSE_IlLl1ELl1EEEPljPyNS1_4topk16extract_bin_op_tIfLNSK_6selectE1ELi11ENS1_21identity_decomposer_tELb1EEEjjjEEvT0_T1_T2_T3_T4_PKT5_PNSK_7counterINS7_3std3__415iterator_traitsINS10_ISP_vE10value_typeEvE10value_typeET8_T9_EEPS15_T6_T7_
    0 bytes stack frame, 0 bytes spill stores, 0 bytes spill loads
ptxas info    : Used 20 registers, used 1 barriers, 16464 bytes smem
ptxas info    : Compile time = 42.981 ms
ptxas info    : Compiling entry function '_ZN3cub17_V_300500_SM_10006detail12batched_topk44device_segmented_topk_finalize_filter_kernelINS2_26policy_selector_from_typesIfNS0_8NullTypeElLl8388608EEELNS1_4topk6selectE0EN4cuda3__417constant_iteratorIPKflEENSB_IPflEEPPS5_SI_NS1_6params13uniform_paramIlLl0ELl268435456EEENSK_IlLl1ELl8388608EEENSK_IlLl1ELl1EEEPljPyNS1_21identity_decomposer_tEjjfEEvT1_T2_T3_T4_T5_T6_T7_T8_PKT9_PNS7_7counterIT14_T12_T13_EEPS14_PS13_PNS9_3std3__415iterator_traitsINS1C_IST_vE10value_typeEvE10value_typeES19_S1H_T10_S14_S14_iiT11_b' for 'sm_100'
ptxas info    : Function properties for _ZN3cub17_V_300500_SM_10006detail12batched_topk44device_segmented_topk_finalize_filter_kernelINS2_26policy_selector_from_typesIfNS0_8NullTypeElLl8388608EEELNS1_4topk6selectE0EN4cuda3__417constant_iteratorIPKflEENSB_IPflEEPPS5_SI_NS1_6params13uniform_paramIlLl0ELl268435456EEENSK_IlLl1ELl8388608EEENSK_IlLl1ELl1EEEPljPyNS1_21identity_decomposer_tEjjfEEvT1_T2_T3_T4_T5_T6_T7_T8_PKT9_PNS7_7counterIT14_T12_T13_EEPS14_PS13_PNS9_3std3__415iterator_traitsINS1C_IST_vE10value_typeEvE10value_typeES19_S1H_T10_S14_S14_iiT11_b
    32 bytes stack frame, 0 bytes spill stores, 0 bytes spill loads
ptxas info    : Used 32 registers, used 1 barriers, 32 bytes cumulative stack size, 16432 bytes smem
ptxas info    : Compile time = 40.306 ms
ptxas info    : Compiling entry function '_ZN3cub17_V_300500_SM_10006detail12batched_topk40device_segmented_topk_last_filter_kernelINS2_26policy_selector_from_typesIfNS0_8NullTypeElLl8388608EEELNS1_4topk6selectE0EN4cuda3__417constant_iteratorIPKflEENSB_IPflEEPPS5_SI_NS1_6params13uniform_paramIlLl0ELl268435456EEENSK_IlLl1ELl8388608EEENSK_IlLl1ELl1EEEPljPyNS1_21identity_decomposer_tEjjEEvT1_T2_T3_T4_T5_T6_T7_T8_PKT9_PNS7_7counterINS9_3std3__415iterator_traitsINS15_ISR_vE10value_typeEvE10value_typeET12_T13_EEPS19_PNS15_INS15_IST_vE10value_typeEvE10value_typeES1A_T10_iiT11_' for 'sm_100'
ptxas info    : Function properties for _ZN3cub17_V_300500_SM_10006detail12batched_topk40device_segmented_topk_last_filter_kernelINS2_26policy_selector_from_typesIfNS0_8NullTypeElLl8388608EEELNS1_4topk6selectE0EN4cuda3__417constant_iteratorIPKflEENSB_IPflEEPPS5_SI_NS1_6params13uniform_paramIlLl0ELl268435456EEENSK_IlLl1ELl8388608EEENSK_IlLl1ELl1EEEPljPyNS1_21identity_decomposer_tEjjEEvT1_T2_T3_T4_T5_T6_T7_T8_PKT9_PNS7_7counterINS9_3std3__415iterator_traitsINS15_ISR_vE10value_typeEvE10value_typeET12_T13_EEPS19_PNS15_INS15_IST_vE10value_typeEvE10value_typeES1A_T10_iiT11_
    32 bytes stack frame, 0 bytes spill stores, 0 bytes spill loads
ptxas info    : Used 40 registers, used 1 barriers, 32 bytes cumulative stack size, 8240 bytes smem
ptxas info    : Compile time = 31.570 ms
ptxas info    : Compiling entry function '_ZN3cub17_V_300500_SM_10006detail12batched_topk35device_segmented_topk_filter_kernelINS2_26policy_selector_from_typesIfNS0_8NullTypeElLl8388608EEELNS1_4topk6selectE0EN4cuda3__417constant_iteratorIPKflEENSB_IPflEEPPS5_SI_NS1_6params13uniform_paramIlLl0ELl268435456EEENSK_IlLl1ELl8388608EEENSK_IlLl1ELl1EEEPljPyNS1_21identity_decomposer_tEjjEEvT1_T2_T3_T4_T5_T6_T7_T8_PKT9_PNS7_7counterINS9_3std3__415iterator_traitsINS15_ISR_vE10value_typeEvE10value_typeET12_T13_EEPS1A_PS19_PNS15_INS15_IST_vE10value_typeEvE10value_typeES1F_S1K_S1A_S1A_T10_iibT11_' for 'sm_100'
ptxas info    : Function properties for _ZN3cub17_V_300500_SM_10006detail12batched_topk35device_segmented_topk_filter_kernelINS2_26policy_selector_from_typesIfNS0_8NullTypeElLl8388608EEELNS1_4topk6selectE0EN4cuda3__417constant_iteratorIPKflEENSB_IPflEEPPS5_SI_NS1_6params13uniform_paramIlLl0ELl268435456EEENSK_IlLl1ELl8388608EEENSK_IlLl1ELl1EEEPljPyNS1_21identity_decomposer_tEjjEEvT1_T2_T3_T4_T5_T6_T7_T8_PKT9_PNS7_7counterINS9_3std3__415iterator_traitsINS15_ISR_vE10value_typeEvE10value_typeET12_T13_EEPS1A_PS19_PNS15_INS15_IST_vE10value_typeEvE10value_typeES1F_S1K_S1A_S1A_T10_iibT11_
    40 bytes stack frame, 4 bytes spill stores, 8 bytes spill loads
ptxas info    : Used 32 registers, used 1 barriers, 40 bytes cumulative stack size, 16432 bytes smem
ptxas info    : Compile time = 37.714 ms
ptxas info    : Compiling entry function '_ZN3cub17_V_300500_SM_10006detail12batched_topk47device_segmented_topk_finalize_histogram_kernelINS2_26policy_selector_from_typesIfNS0_8NullTypeElLl8388608EEEN4cuda3__417constant_iteratorIPKflEENS1_6params13uniform_paramIlLl0ELl268435456EEENSE_IlLl1ELl8388608EEENSE_IlLl1ELl1EEEPlPyNS1_4topk16extract_bin_op_tIfLNSK_6selectE0ELi11ENS1_21identity_decomposer_tELb1EEEjjfEEvT0_T1_T2_T3_T4_PNSK_7counterIT9_T7_T8_EEPSW_T5_T6_ib' for 'sm_100'
ptxas info    : Function properties for _ZN3cub17_V_300500_SM_10006detail12batched_topk47device_segmented_topk_finalize_histogram_kernelINS2_26policy_selector_from_typesIfNS0_8NullTypeElLl8388608EEEN4cuda3__417constant_iteratorIPKflEENS1_6params13uniform_paramIlLl0ELl268435456EEENSE_IlLl1ELl8388608EEENSE_IlLl1ELl1EEEPlPyNS1_4topk16extract_bin_op_tIfLNSK_6selectE0ELi11ENS1_21identity_decomposer_tELb1EEEjjfEEvT0_T1_T2_T3_T4_PNSK_7counterIT9_T7_T8_EEPSW_T5_T6_ib
    0 bytes stack frame, 0 bytes spill stores, 0 bytes spill loads
ptxas info    : Used 40 registers, used 1 barriers, 8192 bytes smem
ptxas info    : Compile time = 9.724 ms
ptxas info    : Compiling entry function '_ZN3cub17_V_300500_SM_10006detail12batched_topk38device_segmented_topk_histogram_kernelINS2_26policy_selector_from_typesIfNS0_8NullTypeElLl8388608EEEN4cuda3__417constant_iteratorIPKflEENS1_6params13uniform_paramIlLl0ELl268435456EEENSE_IlLl1ELl8388608EEENSE_IlLl1ELl1EEEPljPyNS1_4topk16extract_bin_op_tIfLNSK_6selectE0ELi11ENS1_21identity_decomposer_tELb1EEEjjjEEvT0_T1_T2_T3_T4_PKT5_PNSK_7counterINS7_3std3__415iterator_traitsINS10_ISP_vE10value_typeEvE10value_typeET8_T9_EEPS15_T6_T7_' for 'sm_100'
ptxas info    : Function properties for _ZN3cub17_V_300500_SM_10006detail12batched_topk38device_segmented_topk_histogram_kernelINS2_26policy_selector_from_typesIfNS0_8NullTypeElLl8388608EEEN4cuda3__417constant_iteratorIPKflEENS1_6params13uniform_paramIlLl0ELl268435456EEENSE_IlLl1ELl8388608EEENSE_IlLl1ELl1EEEPljPyNS1_4topk16extract_bin_op_tIfLNSK_6selectE0ELi11ENS1_21identity_decomposer_tELb1EEEjjjEEvT0_T1_T2_T3_T4_PKT5_PNSK_7counterINS7_3std3__415iterator_traitsINS10_ISP_vE10value_typeEvE10value_typeET8_T9_EEPS15_T6_T7_
    0 bytes stack frame, 0 bytes spill stores, 0 bytes spill loads
ptxas info    : Used 20 registers, used 1 barriers, 16464 bytes smem
ptxas info    : Compile time = 44.290 ms
ptxas info    : Compiling entry function '_ZN3cub17_V_300500_SM_10006detail12batched_topk28device_segmented_topk_kernelINS2_26policy_selector_from_typesIfNS0_8NullTypeElLl8388608EEEN4cuda3__417constant_iteratorIPKflEENS9_IPflEEPPS5_SG_NS1_6params13uniform_paramIlLl0ELl268435456EEENSI_IlLl1ELl8388608EEENSH_22uniform_discrete_paramINS1_4topk6selectEJLSN_1EEEENSI_IlLl1ELl1EEEjEEvT0_T1_T2_T3_T4_T5_T6_T7_PNS2_21batched_topk_countersINSX_10value_typeEEEPSZ_PT8_' for 'sm_100'
ptxas info    : Function properties for _ZN3cub17_V_300500_SM_10006detail12batched_topk28device_segmented_topk_kernelINS2_26policy_selector_from_typesIfNS0_8NullTypeElLl8388608EEEN4cuda3__417constant_iteratorIPKflEENS9_IPflEEPPS5_SG_NS1_6params13uniform_paramIlLl0ELl268435456EEENSI_IlLl1ELl8388608EEENSH_22uniform_discrete_paramINS1_4topk6selectEJLSN_1EEEENSI_IlLl1ELl1EEEjEEvT0_T1_T2_T3_T4_T5_T6_T7_PNS2_21batched_topk_countersINSX_10value_typeEEEPSZ_PT8_
    0 bytes stack frame, 0 bytes spill stores, 0 bytes spill loads
ptxas info    : Used 166 registers, used 1 barriers, 33808 bytes smem
ptxas info    : Compile time = 86.390 ms
ptxas info    : Compiling entry function '_ZN3cub17_V_300500_SM_10006detail12batched_topk44device_segmented_topk_finalize_filter_kernelINS2_26policy_selector_from_typesInNS0_8NullTypeElLl8388608EEELNS1_4topk6selectE1EN4cuda3__417constant_iteratorIPKnlEENSB_IPnlEEPPS5_SI_NS1_6params13uniform_paramIlLl0ELl268435456EEENSK_IlLl1ELl8388608EEENSK_IlLl1ELl1EEEPljPyNS1_21identity_decomposer_tEjjnEEvT1_T2_T3_T4_T5_T6_T7_T8_PKT9_PNS7_7counterIT14_T12_T13_EEPS14_PS13_PNS9_3std3__415iterator_traitsINS1C_IST_vE10value_typeEvE10value_typeES19_S1H_T10_S14_S14_iiT11_b' for 'sm_100'
ptxas info    : Function properties for _ZN3cub17_V_300500_SM_10006detail12batched_topk44device_segmented_topk_finalize_filter_kernelINS2_26policy_selector_from_typesInNS0_8NullTypeElLl8388608EEELNS1_4topk6selectE1EN4cuda3__417constant_iteratorIPKnlEENSB_IPnlEEPPS5_SI_NS1_6params13uniform_paramIlLl0ELl268435456EEENSK_IlLl1ELl8388608EEENSK_IlLl1ELl1EEEPljPyNS1_21identity_decomposer_tEjjnEEvT1_T2_T3_T4_T5_T6_T7_T8_PKT9_PNS7_7counterIT14_T12_T13_EEPS14_PS13_PNS9_3std3__415iterator_traitsINS1C_IST_vE10value_typeEvE10value_typeES19_S1H_T10_S14_S14_iiT11_b
    32 bytes stack frame, 0 bytes spill stores, 0 bytes spill loads
ptxas info    : Used 40 registers, used 1 barriers, 32 bytes cumulative stack size, 9248 bytes smem
ptxas info    : Compile time = 26.701 ms
ptxas info    : Compiling entry function '_ZN3cub17_V_300500_SM_10006detail12batched_topk40device_segmented_topk_last_filter_kernelINS2_26policy_selector_from_typesInNS0_8NullTypeElLl8388608EEELNS1_4topk6selectE1EN4cuda3__417constant_iteratorIPKnlEENSB_IPnlEEPPS5_SI_NS1_6params13uniform_paramIlLl0ELl268435456EEENSK_IlLl1ELl8388608EEENSK_IlLl1ELl1EEEPljPyNS1_21identity_decomposer_tEjjEEvT1_T2_T3_T4_T5_T6_T7_T8_PKT9_PNS7_7counterINS9_3std3__415iterator_traitsINS15_ISR_vE10value_typeEvE10value_typeET12_T13_EEPS19_PNS15_INS15_IST_vE10value_typeEvE10value_typeES1A_T10_iiT11_' for 'sm_100'
ptxas info    : Function properties for _ZN3cub17_V_300500_SM_10006detail12batched_topk40device_segmented_topk_last_filter_kernelINS2_26policy_selector_from_typesInNS0_8NullTypeElLl8388608EEELNS1_4topk6selectE1EN4cuda3__417constant_iteratorIPKnlEENSB_IPnlEEPPS5_SI_NS1_6params13uniform_paramIlLl0ELl268435456EEENSK_IlLl1ELl8388608EEENSK_IlLl1ELl1EEEPljPyNS1_21identity_decomposer_tEjjEEvT1_T2_T3_T4_T5_T6_T7_T8_PKT9_PNS7_7counterINS9_3std3__415iterator_traitsINS15_ISR_vE10value_typeEvE10value_typeET12_T13_EEPS19_PNS15_INS15_IST_vE10value_typeEvE10value_typeES1A_T10_iiT11_
    32 bytes stack frame, 0 bytes spill stores, 0 bytes spill loads
ptxas info    : Used 50 registers, used 1 barriers, 32 bytes cumulative stack size, 8224 bytes smem
ptxas info    : Compile time = 22.544 ms
ptxas info    : Compiling entry function '_ZN3cub17_V_300500_SM_10006detail12batched_topk35device_segmented_topk_filter_kernelINS2_26policy_selector_from_typesInNS0_8NullTypeElLl8388608EEELNS1_4topk6selectE1EN4cuda3__417constant_iteratorIPKnlEENSB_IPnlEEPPS5_SI_NS1_6params13uniform_paramIlLl0ELl268435456EEENSK_IlLl1ELl8388608EEENSK_IlLl1ELl1EEEPljPyNS1_21identity_decomposer_tEjjEEvT1_T2_T3_T4_T5_T6_T7_T8_PKT9_PNS7_7counterINS9_3std3__415iterator_traitsINS15_ISR_vE10value_typeEvE10value_typeET12_T13_EEPS1A_PS19_PNS15_INS15_IST_vE10value_typeEvE10value_typeES1F_S1K_S1A_S1A_T10_iibT11_' for 'sm_100'
ptxas info    : Function properties for _ZN3cub17_V_300500_SM_10006detail12batched_topk35device_segmented_topk_filter_kernelINS2_26policy_selector_from_typesInNS0_8NullTypeElLl8388608EEELNS1_4topk6selectE1EN4cuda3__417constant_iteratorIPKnlEENSB_IPnlEEPPS5_SI_NS1_6params13uniform_paramIlLl0ELl268435456EEENSK_IlLl1ELl8388608EEENSK_IlLl1ELl1EEEPljPyNS1_21identity_decomposer_tEjjEEvT1_T2_T3_T4_T5_T6_T7_T8_PKT9_PNS7_7counterINS9_3std3__415iterator_traitsINS15_ISR_vE10value_typeEvE10value_typeET12_T13_EEPS1A_PS19_PNS15_INS15_IST_vE10value_typeEvE10value_typeES1F_S1K_S1A_S1A_T10_iibT11_
    32 bytes stack frame, 0 bytes spill stores, 0 bytes spill loads
ptxas info    : Used 40 registers, used 1 barriers, 32 bytes cumulative stack size, 9248 bytes smem
ptxas info    : Compile time = 27.418 ms
ptxas info    : Compiling entry function '_ZN3cub17_V_300500_SM_10006detail12batched_topk47device_segmented_topk_finalize_histogram_kernelINS2_26policy_selector_from_typesInNS0_8NullTypeElLl8388608EEEN4cuda3__417constant_iteratorIPKnlEENS1_6params13uniform_paramIlLl0ELl268435456EEENSE_IlLl1ELl8388608EEENSE_IlLl1ELl1EEEPlPyNS1_4topk16extract_bin_op_tInLNSK_6selectE1ELi8ENS1_21identity_decomposer_tELb1EEEjjnEEvT0_T1_T2_T3_T4_PNSK_7counterIT9_T7_T8_EEPSW_T5_T6_ib' for 'sm_100'
ptxas info    : Function properties for _ZN3cub17_V_300500_SM_10006detail12batched_topk47device_segmented_topk_finalize_histogram_kernelINS2_26policy_selector_from_typesInNS0_8NullTypeElLl8388608EEEN4cuda3__417constant_iteratorIPKnlEENS1_6params13uniform_paramIlLl0ELl268435456EEENSE_IlLl1ELl8388608EEENSE_IlLl1ELl1EEEPlPyNS1_4topk16extract_bin_op_tInLNSK_6selectE1ELi8ENS1_21identity_decomposer_tELb1EEEjjnEEvT0_T1_T2_T3_T4_PNSK_7counterIT9_T7_T8_EEPSW_T5_T6_ib
    0 bytes stack frame, 0 bytes spill stores, 0 bytes spill loads
ptxas info    : Used 32 registers, used 1 barriers, 2048 bytes smem
ptxas info    : Compile time = 7.891 ms
ptxas info    : Compiling entry function '_ZN3cub17_V_300500_SM_10006detail12batched_topk38device_segmented_topk_histogram_kernelINS2_26policy_selector_from_typesInNS0_8NullTypeElLl8388608EEEN4cuda3__417constant_iteratorIPKnlEENS1_6params13uniform_paramIlLl0ELl268435456EEENSE_IlLl1ELl8388608EEENSE_IlLl1ELl1EEEPljPyNS1_4topk16extract_bin_op_tInLNSK_6selectE1ELi8ENS1_21identity_decomposer_tELb1EEEjjjEEvT0_T1_T2_T3_T4_PKT5_PNSK_7counterINS7_3std3__415iterator_traitsINS10_ISP_vE10value_typeEvE10value_typeET8_T9_EEPS15_T6_T7_' for 'sm_100'
ptxas info    : Function properties for _ZN3cub17_V_300500_SM_10006detail12batched_topk38device_segmented_topk_histogram_kernelINS2_26policy_selector_from_typesInNS0_8NullTypeElLl8388608EEEN4cuda3__417constant_iteratorIPKnlEENS1_6params13uniform_paramIlLl0ELl268435456EEENSE_IlLl1ELl8388608EEENSE_IlLl1ELl1EEEPljPyNS1_4topk16extract_bin_op_tInLNSK_6selectE1ELi8ENS1_21identity_decomposer_tELb1EEEjjjEEvT0_T1_T2_T3_T4_PKT5_PNSK_7counterINS7_3std3__415iterator_traitsINS10_ISP_vE10value_typeEvE10value_typeET8_T9_EEPS15_T6_T7_
    0 bytes stack frame, 0 bytes spill stores, 0 bytes spill loads
ptxas info    : Used 30 registers, used 1 barriers, 9280 bytes smem
ptxas info    : Compile time = 23.638 ms
ptxas info    : Compiling entry function '_ZN3cub17_V_300500_SM_10006detail12batched_topk44device_segmented_topk_finalize_filter_kernelINS2_26policy_selector_from_typesInNS0_8NullTypeElLl8388608EEELNS1_4topk6selectE0EN4cuda3__417constant_iteratorIPKnlEENSB_IPnlEEPPS5_SI_NS1_6params13uniform_paramIlLl0ELl268435456EEENSK_IlLl1ELl8388608EEENSK_IlLl1ELl1EEEPljPyNS1_21identity_decomposer_tEjjnEEvT1_T2_T3_T4_T5_T6_T7_T8_PKT9_PNS7_7counterIT14_T12_T13_EEPS14_PS13_PNS9_3std3__415iterator_traitsINS1C_IST_vE10value_typeEvE10value_typeES19_S1H_T10_S14_S14_iiT11_b' for 'sm_100'
ptxas info    : Function properties for _ZN3cub17_V_300500_SM_10006detail12batched_topk44device_segmented_topk_finalize_filter_kernelINS2_26policy_selector_from_typesInNS0_8NullTypeElLl8388608EEELNS1_4topk6selectE0EN4cuda3__417constant_iteratorIPKnlEENSB_IPnlEEPPS5_SI_NS1_6params13uniform_paramIlLl0ELl268435456EEENSK_IlLl1ELl8388608EEENSK_IlLl1ELl1EEEPljPyNS1_21identity_decomposer_tEjjnEEvT1_T2_T3_T4_T5_T6_T7_T8_PKT9_PNS7_7counterIT14_T12_T13_EEPS14_PS13_PNS9_3std3__415iterator_traitsINS1C_IST_vE10value_typeEvE10value_typeES19_S1H_T10_S14_S14_iiT11_b
    32 bytes stack frame, 0 bytes spill stores, 0 bytes spill loads
ptxas info    : Used 40 registers, used 1 barriers, 32 bytes cumulative stack size, 9248 bytes smem
ptxas info    : Compile time = 26.578 ms
ptxas info    : Compiling entry function '_ZN3cub17_V_300500_SM_10006detail12batched_topk40device_segmented_topk_last_filter_kernelINS2_26policy_selector_from_typesInNS0_8NullTypeElLl8388608EEELNS1_4topk6selectE0EN4cuda3__417constant_iteratorIPKnlEENSB_IPnlEEPPS5_SI_NS1_6params13uniform_paramIlLl0ELl268435456EEENSK_IlLl1ELl8388608EEENSK_IlLl1ELl1EEEPljPyNS1_21identity_decomposer_tEjjEEvT1_T2_T3_T4_T5_T6_T7_T8_PKT9_PNS7_7counterINS9_3std3__415iterator_traitsINS15_ISR_vE10value_typeEvE10value_typeET12_T13_EEPS19_PNS15_INS15_IST_vE10value_typeEvE10value_typeES1A_T10_iiT11_' for 'sm_100'
ptxas info    : Function properties for _ZN3cub17_V_300500_SM_10006detail12batched_topk40device_segmented_topk_last_filter_kernelINS2_26policy_selector_from_typesInNS0_8NullTypeElLl8388608EEELNS1_4topk6selectE0EN4cuda3__417constant_iteratorIPKnlEENSB_IPnlEEPPS5_SI_NS1_6params13uniform_paramIlLl0ELl268435456EEENSK_IlLl1ELl8388608EEENSK_IlLl1ELl1EEEPljPyNS1_21identity_decomposer_tEjjEEvT1_T2_T3_T4_T5_T6_T7_T8_PKT9_PNS7_7counterINS9_3std3__415iterator_traitsINS15_ISR_vE10value_typeEvE10value_typeET12_T13_EEPS19_PNS15_INS15_IST_vE10value_typeEvE10value_typeES1A_T10_iiT11_
    32 bytes stack frame, 0 bytes spill stores, 0 bytes spill loads
ptxas info    : Used 50 registers, used 1 barriers, 32 bytes cumulative stack size, 8224 bytes smem
ptxas info    : Compile time = 22.536 ms
ptxas info    : Compiling entry function '_ZN3cub17_V_300500_SM_10006detail12batched_topk35device_segmented_topk_filter_kernelINS2_26policy_selector_from_typesInNS0_8NullTypeElLl8388608EEELNS1_4topk6selectE0EN4cuda3__417constant_iteratorIPKnlEENSB_IPnlEEPPS5_SI_NS1_6params13uniform_paramIlLl0ELl268435456EEENSK_IlLl1ELl8388608EEENSK_IlLl1ELl1EEEPljPyNS1_21identity_decomposer_tEjjEEvT1_T2_T3_T4_T5_T6_T7_T8_PKT9_PNS7_7counterINS9_3std3__415iterator_traitsINS15_ISR_vE10value_typeEvE10value_typeET12_T13_EEPS1A_PS19_PNS15_INS15_IST_vE10value_typeEvE10value_typeES1F_S1K_S1A_S1A_T10_iibT11_' for 'sm_100'
ptxas info    : Function properties for _ZN3cub17_V_300500_SM_10006detail12batched_topk35device_segmented_topk_filter_kernelINS2_26policy_selector_from_typesInNS0_8NullTypeElLl8388608EEELNS1_4topk6selectE0EN4cuda3__417constant_iteratorIPKnlEENSB_IPnlEEPPS5_SI_NS1_6params13uniform_paramIlLl0ELl268435456EEENSK_IlLl1ELl8388608EEENSK_IlLl1ELl1EEEPljPyNS1_21identity_decomposer_tEjjEEvT1_T2_T3_T4_T5_T6_T7_T8_PKT9_PNS7_7counterINS9_3std3__415iterator_traitsINS15_ISR_vE10value_typeEvE10value_typeET12_T13_EEPS1A_PS19_PNS15_INS15_IST_vE10value_typeEvE10value_typeES1F_S1K_S1A_S1A_T10_iibT11_
    32 bytes stack frame, 0 bytes spill stores, 0 bytes spill loads
ptxas info    : Used 40 registers, used 1 barriers, 32 bytes cumulative stack size, 9248 bytes smem
ptxas info    : Compile time = 27.072 ms
ptxas info    : Compiling entry function '_ZN3cub17_V_300500_SM_10006detail12batched_topk47device_segmented_topk_finalize_histogram_kernelINS2_26policy_selector_from_typesInNS0_8NullTypeElLl8388608EEEN4cuda3__417constant_iteratorIPKnlEENS1_6params13uniform_paramIlLl0ELl268435456EEENSE_IlLl1ELl8388608EEENSE_IlLl1ELl1EEEPlPyNS1_4topk16extract_bin_op_tInLNSK_6selectE0ELi8ENS1_21identity_decomposer_tELb1EEEjjnEEvT0_T1_T2_T3_T4_PNSK_7counterIT9_T7_T8_EEPSW_T5_T6_ib' for 'sm_100'
ptxas info    : Function properties for _ZN3cub17_V_300500_SM_10006detail12batched_topk47device_segmented_topk_finalize_histogram_kernelINS2_26policy_selector_from_typesInNS0_8NullTypeElLl8388608EEEN4cuda3__417constant_iteratorIPKnlEENS1_6params13uniform_paramIlLl0ELl268435456EEENSE_IlLl1ELl8388608EEENSE_IlLl1ELl1EEEPlPyNS1_4topk16extract_bin_op_tInLNSK_6selectE0ELi8ENS1_21identity_decomposer_tELb1EEEjjnEEvT0_T1_T2_T3_T4_PNSK_7counterIT9_T7_T8_EEPSW_T5_T6_ib
    0 bytes stack frame, 0 bytes spill stores, 0 bytes spill loads
ptxas info    : Used 32 registers, used 1 barriers, 2048 bytes smem
ptxas info    : Compile time = 7.846 ms
ptxas info    : Compiling entry function '_ZN3cub17_V_300500_SM_10006detail12batched_topk38device_segmented_topk_histogram_kernelINS2_26policy_selector_from_typesInNS0_8NullTypeElLl8388608EEEN4cuda3__417constant_iteratorIPKnlEENS1_6params13uniform_paramIlLl0ELl268435456EEENSE_IlLl1ELl8388608EEENSE_IlLl1ELl1EEEPljPyNS1_4topk16extract_bin_op_tInLNSK_6selectE0ELi8ENS1_21identity_decomposer_tELb1EEEjjjEEvT0_T1_T2_T3_T4_PKT5_PNSK_7counterINS7_3std3__415iterator_traitsINS10_ISP_vE10value_typeEvE10value_typeET8_T9_EEPS15_T6_T7_' for 'sm_100'
ptxas info    : Function properties for _ZN3cub17_V_300500_SM_10006detail12batched_topk38device_segmented_topk_histogram_kernelINS2_26policy_selector_from_typesInNS0_8NullTypeElLl8388608EEEN4cuda3__417constant_iteratorIPKnlEENS1_6params13uniform_paramIlLl0ELl268435456EEENSE_IlLl1ELl8388608EEENSE_IlLl1ELl1EEEPljPyNS1_4topk16extract_bin_op_tInLNSK_6selectE0ELi8ENS1_21identity_decomposer_tELb1EEEjjjEEvT0_T1_T2_T3_T4_PKT5_PNSK_7counterINS7_3std3__415iterator_traitsINS10_ISP_vE10value_typeEvE10value_typeET8_T9_EEPS15_T6_T7_
    0 bytes stack frame, 0 bytes spill stores, 0 bytes spill loads
ptxas info    : Used 30 registers, used 1 barriers, 9280 bytes smem
ptxas info    : Compile time = 22.698 ms
ptxas info    : Compiling entry function '_ZN3cub17_V_300500_SM_10006detail12batched_topk28device_segmented_topk_kernelINS2_26policy_selector_from_typesInNS0_8NullTypeElLl8388608EEEN4cuda3__417constant_iteratorIPKnlEENS9_IPnlEEPPS5_SG_NS1_6params13uniform_paramIlLl0ELl268435456EEENSI_IlLl1ELl8388608EEENSH_22uniform_discrete_paramINS1_4topk6selectEJLSN_1EEEENSI_IlLl1ELl1EEEjEEvT0_T1_T2_T3_T4_T5_T6_T7_PNS2_21batched_topk_countersINSX_10value_typeEEEPSZ_PT8_' for 'sm_100'
ptxas info    : Function properties for _ZN3cub17_V_300500_SM_10006detail12batched_topk28device_segmented_topk_kernelINS2_26policy_selector_from_typesInNS0_8NullTypeElLl8388608EEEN4cuda3__417constant_iteratorIPKnlEENS9_IPnlEEPPS5_SG_NS1_6params13uniform_paramIlLl0ELl268435456EEENSI_IlLl1ELl8388608EEENSH_22uniform_discrete_paramINS1_4topk6selectEJLSN_1EEEENSI_IlLl1ELl1EEEjEEvT0_T1_T2_T3_T4_T5_T6_T7_PNS2_21batched_topk_countersINSX_10value_typeEEEPSZ_PT8_
    0 bytes stack frame, 0 bytes spill stores, 0 bytes spill loads
ptxas info    : Used 128 registers, used 1 barriers, 33808 bytes smem
ptxas info    : Compile time = 41.776 ms
ptxas info    : Compiling entry function '_ZN3cub17_V_300500_SM_10006detail12batched_topk44device_segmented_topk_finalize_filter_kernelINS2_26policy_selector_from_typesIlNS0_8NullTypeElLl8388608EEELNS1_4topk6selectE1EN4cuda3__417constant_iteratorIPKllEENSB_IPllEEPPS5_SI_NS1_6params13uniform_paramIlLl0ELl268435456EEENSK_IlLl1ELl8388608EEENSK_IlLl1ELl1EEESF_jPyNS1_21identity_decomposer_tEjjlEEvT1_T2_T3_T4_T5_T6_T7_T8_PKT9_PNS7_7counterIT14_T12_T13_EEPS13_PS12_PNS9_3std3__415iterator_traitsINS1B_ISS_vE10value_typeEvE10value_typeES18_S1G_T10_S13_S13_iiT11_b' for 'sm_100'
ptxas info    : Function properties for _ZN3cub17_V_300500_SM_10006detail12batched_topk44device_segmented_topk_finalize_filter_kernelINS2_26policy_selector_from_typesIlNS0_8NullTypeElLl8388608EEELNS1_4topk6selectE1EN4cuda3__417constant_iteratorIPKllEENSB_IPllEEPPS5_SI_NS1_6params13uniform_paramIlLl0ELl268435456EEENSK_IlLl1ELl8388608EEENSK_IlLl1ELl1EEESF_jPyNS1_21identity_decomposer_tEjjlEEvT1_T2_T3_T4_T5_T6_T7_T8_PKT9_PNS7_7counterIT14_T12_T13_EEPS13_PS12_PNS9_3std3__415iterator_traitsINS1B_ISS_vE10value_typeEvE10value_typeES18_S1G_T10_S13_S13_iiT11_b
    32 bytes stack frame, 0 bytes spill stores, 0 bytes spill loads
ptxas info    : Used 32 registers, used 1 barriers, 32 bytes cumulative stack size, 16432 bytes smem
ptxas info    : Compile time = 37.057 ms
ptxas info    : Compiling entry function '_ZN3cub17_V_300500_SM_10006detail12batched_topk40device_segmented_topk_last_filter_kernelINS2_26policy_selector_from_typesIlNS0_8NullTypeElLl8388608EEELNS1_4topk6selectE1EN4cuda3__417constant_iteratorIPKllEENSB_IPllEEPPS5_SI_NS1_6params13uniform_paramIlLl0ELl268435456EEENSK_IlLl1ELl8388608EEENSK_IlLl1ELl1EEESF_jPyNS1_21identity_decomposer_tEjjEEvT1_T2_T3_T4_T5_T6_T7_T8_PKT9_PNS7_7counterINS9_3std3__415iterator_traitsINS14_ISQ_vE10value_typeEvE10value_typeET12_T13_EEPS18_PNS14_INS14_ISS_vE10value_typeEvE10value_typeES19_T10_iiT11_' for 'sm_100'
ptxas info    : Function properties for _ZN3cub17_V_300500_SM_10006detail12batched_topk40device_segmented_topk_last_filter_kernelINS2_26policy_selector_from_typesIlNS0_8NullTypeElLl8388608EEELNS1_4topk6selectE1EN4cuda3__417constant_iteratorIPKllEENSB_IPllEEPPS5_SI_NS1_6params13uniform_paramIlLl0ELl268435456EEENSK_IlLl1ELl8388608EEENSK_IlLl1ELl1EEESF_jPyNS1_21identity_decomposer_tEjjEEvT1_T2_T3_T4_T5_T6_T7_T8_PKT9_PNS7_7counterINS9_3std3__415iterator_traitsINS14_ISQ_vE10value_typeEvE10value_typeET12_T13_EEPS18_PNS14_INS14_ISS_vE10value_typeEvE10value_typeES19_T10_iiT11_
    32 bytes stack frame, 0 bytes spill stores, 0 bytes spill loads
ptxas info    : Used 40 registers, used 1 barriers, 32 bytes cumulative stack size, 8240 bytes smem
ptxas info    : Compile time = 27.697 ms
ptxas info    : Compiling entry function '_ZN3cub17_V_300500_SM_10006detail12batched_topk35device_segmented_topk_filter_kernelINS2_26policy_selector_from_typesIlNS0_8NullTypeElLl8388608EEELNS1_4topk6selectE1EN4cuda3__417constant_iteratorIPKllEENSB_IPllEEPPS5_SI_NS1_6params13uniform_paramIlLl0ELl268435456EEENSK_IlLl1ELl8388608EEENSK_IlLl1ELl1EEESF_jPyNS1_21identity_decomposer_tEjjEEvT1_T2_T3_T4_T5_T6_T7_T8_PKT9_PNS7_7counterINS9_3std3__415iterator_traitsINS14_ISQ_vE10value_typeEvE10value_typeET12_T13_EEPS19_PS18_PNS14_INS14_ISS_vE10value_typeEvE10value_typeES1E_S1J_S19_S19_T10_iibT11_' for 'sm_100'
ptxas info    : Function properties for _ZN3cub17_V_300500_SM_10006detail12batched_topk35device_segmented_topk_filter_kernelINS2_26policy_selector_from_typesIlNS0_8NullTypeElLl8388608EEELNS1_4topk6selectE1EN4cuda3__417constant_iteratorIPKllEENSB_IPllEEPPS5_SI_NS1_6params13uniform_paramIlLl0ELl268435456EEENSK_IlLl1ELl8388608EEENSK_IlLl1ELl1EEESF_jPyNS1_21identity_decomposer_tEjjEEvT1_T2_T3_T4_T5_T6_T7_T8_PKT9_PNS7_7counterINS9_3std3__415iterator_traitsINS14_ISQ_vE10value_typeEvE10value_typeET12_T13_EEPS19_PS18_PNS14_INS14_ISS_vE10value_typeEvE10value_typeES1E_S1J_S19_S19_T10_iibT11_
    40 bytes stack frame, 4 bytes spill stores, 8 bytes spill loads
ptxas info    : Used 32 registers, used 1 barriers, 40 bytes cumulative stack size, 16432 bytes smem
ptxas info    : Compile time = 34.154 ms
ptxas info    : Compiling entry function '_ZN3cub17_V_300500_SM_10006detail12batched_topk47device_segmented_topk_finalize_histogram_kernelINS2_26policy_selector_from_typesIlNS0_8NullTypeElLl8388608EEEN4cuda3__417constant_iteratorIPKllEENS1_6params13uniform_paramIlLl0ELl268435456EEENSE_IlLl1ELl8388608EEENSE_IlLl1ELl1EEEPlPyNS1_4topk16extract_bin_op_tIlLNSK_6selectE1ELi11ENS1_21identity_decomposer_tELb1EEEjjlEEvT0_T1_T2_T3_T4_PNSK_7counterIT9_T7_T8_EEPSW_T5_T6_ib' for 'sm_100'
ptxas info    : Function properties for _ZN3cub17_V_300500_SM_10006detail12batched_topk47device_segmented_topk_finalize_histogram_kernelINS2_26policy_selector_from_typesIlNS0_8NullTypeElLl8388608EEEN4cuda3__417constant_iteratorIPKllEENS1_6params13uniform_paramIlLl0ELl268435456EEENSE_IlLl1ELl8388608EEENSE_IlLl1ELl1EEEPlPyNS1_4topk16extract_bin_op_tIlLNSK_6selectE1ELi11ENS1_21identity_decomposer_tELb1EEEjjlEEvT0_T1_T2_T3_T4_PNSK_7counterIT9_T7_T8_EEPSW_T5_T6_ib
    0 bytes stack frame, 0 bytes spill stores, 0 bytes spill loads
ptxas info    : Used 40 registers, used 1 barriers, 8192 bytes smem
ptxas info    : Compile time = 9.220 ms
ptxas info    : Compiling entry function '_ZN3cub17_V_300500_SM_10006detail12batched_topk38device_segmented_topk_histogram_kernelINS2_26policy_selector_from_typesIlNS0_8NullTypeElLl8388608EEEN4cuda3__417constant_iteratorIPKllEENS1_6params13uniform_paramIlLl0ELl268435456EEENSE_IlLl1ELl8388608EEENSE_IlLl1ELl1EEEPljPyNS1_4topk16extract_bin_op_tIlLNSK_6selectE1ELi11ENS1_21identity_decomposer_tELb1EEEjjjEEvT0_T1_T2_T3_T4_PKT5_PNSK_7counterINS7_3std3__415iterator_traitsINS10_ISP_vE10value_typeEvE10value_typeET8_T9_EEPS15_T6_T7_' for 'sm_100'
ptxas info    : Function properties for _ZN3cub17_V_300500_SM_10006detail12batched_topk38device_segmented_topk_histogram_kernelINS2_26policy_selector_from_typesIlNS0_8NullTypeElLl8388608EEEN4cuda3__417constant_iteratorIPKllEENS1_6params13uniform_paramIlLl0ELl268435456EEENSE_IlLl1ELl8388608EEENSE_IlLl1ELl1EEEPljPyNS1_4topk16extract_bin_op_tIlLNSK_6selectE1ELi11ENS1_21identity_decomposer_tELb1EEEjjjEEvT0_T1_T2_T3_T4_PKT5_PNSK_7counterINS7_3std3__415iterator_traitsINS10_ISP_vE10value_typeEvE10value_typeET8_T9_EEPS15_T6_T7_
    0 bytes stack frame, 0 bytes spill stores, 0 bytes spill loads
ptxas info    : Used 20 registers, used 1 barriers, 16464 bytes smem
ptxas info    : Compile time = 38.444 ms
ptxas info    : Compiling entry function '_ZN3cub17_V_300500_SM_10006detail12batched_topk44device_segmented_topk_finalize_filter_kernelINS2_26policy_selector_from_typesIlNS0_8NullTypeElLl8388608EEELNS1_4topk6selectE0EN4cuda3__417constant_iteratorIPKllEENSB_IPllEEPPS5_SI_NS1_6params13uniform_paramIlLl0ELl268435456EEENSK_IlLl1ELl8388608EEENSK_IlLl1ELl1EEESF_jPyNS1_21identity_decomposer_tEjjlEEvT1_T2_T3_T4_T5_T6_T7_T8_PKT9_PNS7_7counterIT14_T12_T13_EEPS13_PS12_PNS9_3std3__415iterator_traitsINS1B_ISS_vE10value_typeEvE10value_typeES18_S1G_T10_S13_S13_iiT11_b' for 'sm_100'
ptxas info    : Function properties for _ZN3cub17_V_300500_SM_10006detail12batched_topk44device_segmented_topk_finalize_filter_kernelINS2_26policy_selector_from_typesIlNS0_8NullTypeElLl8388608EEELNS1_4topk6selectE0EN4cuda3__417constant_iteratorIPKllEENSB_IPllEEPPS5_SI_NS1_6params13uniform_paramIlLl0ELl268435456EEENSK_IlLl1ELl8388608EEENSK_IlLl1ELl1EEESF_jPyNS1_21identity_decomposer_tEjjlEEvT1_T2_T3_T4_T5_T6_T7_T8_PKT9_PNS7_7counterIT14_T12_T13_EEPS13_PS12_PNS9_3std3__415iterator_traitsINS1B_ISS_vE10value_typeEvE10value_typeES18_S1G_T10_S13_S13_iiT11_b
    32 bytes stack frame, 0 bytes spill stores, 0 bytes spill loads
ptxas info    : Used 32 registers, used 1 barriers, 32 bytes cumulative stack size, 16432 bytes smem
ptxas info    : Compile time = 36.948 ms
ptxas info    : Compiling entry function '_ZN3cub17_V_300500_SM_10006detail12batched_topk40device_segmented_topk_last_filter_kernelINS2_26policy_selector_from_typesIlNS0_8NullTypeElLl8388608EEELNS1_4topk6selectE0EN4cuda3__417constant_iteratorIPKllEENSB_IPllEEPPS5_SI_NS1_6params13uniform_paramIlLl0ELl268435456EEENSK_IlLl1ELl8388608EEENSK_IlLl1ELl1EEESF_jPyNS1_21identity_decomposer_tEjjEEvT1_T2_T3_T4_T5_T6_T7_T8_PKT9_PNS7_7counterINS9_3std3__415iterator_traitsINS14_ISQ_vE10value_typeEvE10value_typeET12_T13_EEPS18_PNS14_INS14_ISS_vE10value_typeEvE10value_typeES19_T10_iiT11_' for 'sm_100'
ptxas info    : Function properties for _ZN3cub17_V_300500_SM_10006detail12batched_topk40device_segmented_topk_last_filter_kernelINS2_26policy_selector_from_typesIlNS0_8NullTypeElLl8388608EEELNS1_4topk6selectE0EN4cuda3__417constant_iteratorIPKllEENSB_IPllEEPPS5_SI_NS1_6params13uniform_paramIlLl0ELl268435456EEENSK_IlLl1ELl8388608EEENSK_IlLl1ELl1EEESF_jPyNS1_21identity_decomposer_tEjjEEvT1_T2_T3_T4_T5_T6_T7_T8_PKT9_PNS7_7counterINS9_3std3__415iterator_traitsINS14_ISQ_vE10value_typeEvE10value_typeET12_T13_EEPS18_PNS14_INS14_ISS_vE10value_typeEvE10value_typeES19_T10_iiT11_
    32 bytes stack frame, 0 bytes spill stores, 0 bytes spill loads
ptxas info    : Used 40 registers, used 1 barriers, 32 bytes cumulative stack size, 8240 bytes smem
ptxas info    : Compile time = 27.716 ms
ptxas info    : Compiling entry function '_ZN3cub17_V_300500_SM_10006detail12batched_topk35device_segmented_topk_filter_kernelINS2_26policy_selector_from_typesIlNS0_8NullTypeElLl8388608EEELNS1_4topk6selectE0EN4cuda3__417constant_iteratorIPKllEENSB_IPllEEPPS5_SI_NS1_6params13uniform_paramIlLl0ELl268435456EEENSK_IlLl1ELl8388608EEENSK_IlLl1ELl1EEESF_jPyNS1_21identity_decomposer_tEjjEEvT1_T2_T3_T4_T5_T6_T7_T8_PKT9_PNS7_7counterINS9_3std3__415iterator_traitsINS14_ISQ_vE10value_typeEvE10value_typeET12_T13_EEPS19_PS18_PNS14_INS14_ISS_vE10value_typeEvE10value_typeES1E_S1J_S19_S19_T10_iibT11_' for 'sm_100'
ptxas info    : Function properties for _ZN3cub17_V_300500_SM_10006detail12batched_topk35device_segmented_topk_filter_kernelINS2_26policy_selector_from_typesIlNS0_8NullTypeElLl8388608EEELNS1_4topk6selectE0EN4cuda3__417constant_iteratorIPKllEENSB_IPllEEPPS5_SI_NS1_6params13uniform_paramIlLl0ELl268435456EEENSK_IlLl1ELl8388608EEENSK_IlLl1ELl1EEESF_jPyNS1_21identity_decomposer_tEjjEEvT1_T2_T3_T4_T5_T6_T7_T8_PKT9_PNS7_7counterINS9_3std3__415iterator_traitsINS14_ISQ_vE10value_typeEvE10value_typeET12_T13_EEPS19_PS18_PNS14_INS14_ISS_vE10value_typeEvE10value_typeES1E_S1J_S19_S19_T10_iibT11_
    40 bytes stack frame, 4 bytes spill stores, 8 bytes spill loads
ptxas info    : Used 32 registers, used 1 barriers, 40 bytes cumulative stack size, 16432 bytes smem
ptxas info    : Compile time = 34.041 ms
ptxas info    : Compiling entry function '_ZN3cub17_V_300500_SM_10006detail12batched_topk47device_segmented_topk_finalize_histogram_kernelINS2_26policy_selector_from_typesIlNS0_8NullTypeElLl8388608EEEN4cuda3__417constant_iteratorIPKllEENS1_6params13uniform_paramIlLl0ELl268435456EEENSE_IlLl1ELl8388608EEENSE_IlLl1ELl1EEEPlPyNS1_4topk16extract_bin_op_tIlLNSK_6selectE0ELi11ENS1_21identity_decomposer_tELb1EEEjjlEEvT0_T1_T2_T3_T4_PNSK_7counterIT9_T7_T8_EEPSW_T5_T6_ib' for 'sm_100'
ptxas info    : Function properties for _ZN3cub17_V_300500_SM_10006detail12batched_topk47device_segmented_topk_finalize_histogram_kernelINS2_26policy_selector_from_typesIlNS0_8NullTypeElLl8388608EEEN4cuda3__417constant_iteratorIPKllEENS1_6params13uniform_paramIlLl0ELl268435456EEENSE_IlLl1ELl8388608EEENSE_IlLl1ELl1EEEPlPyNS1_4topk16extract_bin_op_tIlLNSK_6selectE0ELi11ENS1_21identity_decomposer_tELb1EEEjjlEEvT0_T1_T2_T3_T4_PNSK_7counterIT9_T7_T8_EEPSW_T5_T6_ib
    0 bytes stack frame, 0 bytes spill stores, 0 bytes spill loads
ptxas info    : Used 40 registers, used 1 barriers, 8192 bytes smem
ptxas info    : Compile time = 9.210 ms
ptxas info    : Compiling entry function '_ZN3cub17_V_300500_SM_10006detail12batched_topk38device_segmented_topk_histogram_kernelINS2_26policy_selector_from_typesIlNS0_8NullTypeElLl8388608EEEN4cuda3__417constant_iteratorIPKllEENS1_6params13uniform_paramIlLl0ELl268435456EEENSE_IlLl1ELl8388608EEENSE_IlLl1ELl1EEEPljPyNS1_4topk16extract_bin_op_tIlLNSK_6selectE0ELi11ENS1_21identity_decomposer_tELb1EEEjjjEEvT0_T1_T2_T3_T4_PKT5_PNSK_7counterINS7_3std3__415iterator_traitsINS10_ISP_vE10value_typeEvE10value_typeET8_T9_EEPS15_T6_T7_' for 'sm_100'
ptxas info    : Function properties for _ZN3cub17_V_300500_SM_10006detail12batched_topk38device_segmented_topk_histogram_kernelINS2_26policy_selector_from_typesIlNS0_8NullTypeElLl8388608EEEN4cuda3__417constant_iteratorIPKllEENS1_6params13uniform_paramIlLl0ELl268435456EEENSE_IlLl1ELl8388608EEENSE_IlLl1ELl1EEEPljPyNS1_4topk16extract_bin_op_tIlLNSK_6selectE0ELi11ENS1_21identity_decomposer_tELb1EEEjjjEEvT0_T1_T2_T3_T4_PKT5_PNSK_7counterINS7_3std3__415iterator_traitsINS10_ISP_vE10value_typeEvE10value_typeET8_T9_EEPS15_T6_T7_
    0 bytes stack frame, 0 bytes spill stores, 0 bytes spill loads
ptxas info    : Used 20 registers, used 1 barriers, 16464 bytes smem
ptxas info    : Compile time = 37.392 ms
ptxas info    : Compiling entry function '_ZN3cub17_V_300500_SM_10006detail12batched_topk28device_segmented_topk_kernelINS2_26policy_selector_from_typesIlNS0_8NullTypeElLl8388608EEEN4cuda3__417constant_iteratorIPKllEENS9_IPllEEPPS5_SG_NS1_6params13uniform_paramIlLl0ELl268435456EEENSI_IlLl1ELl8388608EEENSH_22uniform_discrete_paramINS1_4topk6selectEJLSN_1EEEENSI_IlLl1ELl1EEEjEEvT0_T1_T2_T3_T4_T5_T6_T7_PNS2_21batched_topk_countersINSX_10value_typeEEEPSZ_PT8_' for 'sm_100'
ptxas info    : Function properties for _ZN3cub17_V_300500_SM_10006detail12batched_topk28device_segmented_topk_kernelINS2_26policy_selector_from_typesIlNS0_8NullTypeElLl8388608EEEN4cuda3__417constant_iteratorIPKllEENS9_IPllEEPPS5_SG_NS1_6params13uniform_paramIlLl0ELl268435456EEENSI_IlLl1ELl8388608EEENSH_22uniform_discrete_paramINS1_4topk6selectEJLSN_1EEEENSI_IlLl1ELl1EEEjEEvT0_T1_T2_T3_T4_T5_T6_T7_PNS2_21batched_topk_countersINSX_10value_typeEEEPSZ_PT8_
    0 bytes stack frame, 0 bytes spill stores, 0 bytes spill loads
ptxas info    : Used 128 registers, used 1 barriers, 33808 bytes smem
ptxas info    : Compile time = 48.655 ms
ptxas info    : Compiling entry function '_ZN3cub17_V_300500_SM_10006detail12batched_topk44device_segmented_topk_finalize_filter_kernelINS2_26policy_selector_from_typesIiNS0_8NullTypeElLl8388608EEELNS1_4topk6selectE1EN4cuda3__417constant_iteratorIPKilEENSB_IPilEEPPS5_SI_NS1_6params13uniform_paramIlLl0ELl268435456EEENSK_IlLl1ELl8388608EEENSK_IlLl1ELl1EEEPljPyNS1_21identity_decomposer_tEjjiEEvT1_T2_T3_T4_T5_T6_T7_T8_PKT9_PNS7_7counterIT14_T12_T13_EEPS14_PS13_PNS9_3std3__415iterator_traitsINS1C_IST_vE10value_typeEvE10value_typeES19_S1H_T10_S14_S14_iiT11_b' for 'sm_100'
ptxas info    : Function properties for _ZN3cub17_V_300500_SM_10006detail12batched_topk44device_segmented_topk_finalize_filter_kernelINS2_26policy_selector_from_typesIiNS0_8NullTypeElLl8388608EEELNS1_4topk6selectE1EN4cuda3__417constant_iteratorIPKilEENSB_IPilEEPPS5_SI_NS1_6params13uniform_paramIlLl0ELl268435456EEENSK_IlLl1ELl8388608EEENSK_IlLl1ELl1EEEPljPyNS1_21identity_decomposer_tEjjiEEvT1_T2_T3_T4_T5_T6_T7_T8_PKT9_PNS7_7counterIT14_T12_T13_EEPS14_PS13_PNS9_3std3__415iterator_traitsINS1C_IST_vE10value_typeEvE10value_typeES19_S1H_T10_S14_S14_iiT11_b
    32 bytes stack frame, 0 bytes spill stores, 0 bytes spill loads
ptxas info    : Used 32 registers, used 1 barriers, 32 bytes cumulative stack size, 16432 bytes smem
ptxas info    : Compile time = 39.947 ms
ptxas info    : Compiling entry function '_ZN3cub17_V_300500_SM_10006detail12batched_topk40device_segmented_topk_last_filter_kernelINS2_26policy_selector_from_typesIiNS0_8NullTypeElLl8388608EEELNS1_4topk6selectE1EN4cuda3__417constant_iteratorIPKilEENSB_IPilEEPPS5_SI_NS1_6params13uniform_paramIlLl0ELl268435456EEENSK_IlLl1ELl8388608EEENSK_IlLl1ELl1EEEPljPyNS1_21identity_decomposer_tEjjEEvT1_T2_T3_T4_T5_T6_T7_T8_PKT9_PNS7_7counterINS9_3std3__415iterator_traitsINS15_ISR_vE10value_typeEvE10value_typeET12_T13_EEPS19_PNS15_INS15_IST_vE10value_typeEvE10value_typeES1A_T10_iiT11_' for 'sm_100'
ptxas info    : Function properties for _ZN3cub17_V_300500_SM_10006detail12batched_topk40device_segmented_topk_last_filter_kernelINS2_26policy_selector_from_typesIiNS0_8NullTypeElLl8388608EEELNS1_4topk6selectE1EN4cuda3__417constant_iteratorIPKilEENSB_IPilEEPPS5_SI_NS1_6params13uniform_paramIlLl0ELl268435456EEENSK_IlLl1ELl8388608EEENSK_IlLl1ELl1EEEPljPyNS1_21identity_decomposer_tEjjEEvT1_T2_T3_T4_T5_T6_T7_T8_PKT9_PNS7_7counterINS9_3std3__415iterator_traitsINS15_ISR_vE10value_typeEvE10value_typeET12_T13_EEPS19_PNS15_INS15_IST_vE10value_typeEvE10value_typeES1A_T10_iiT11_
    32 bytes stack frame, 0 bytes spill stores, 0 bytes spill loads
ptxas info    : Used 40 registers, used 1 barriers, 32 bytes cumulative stack size, 8240 bytes smem
ptxas info    : Compile time = 31.478 ms
ptxas info    : Compiling entry function '_ZN3cub17_V_300500_SM_10006detail12batched_topk35device_segmented_topk_filter_kernelINS2_26policy_selector_from_typesIiNS0_8NullTypeElLl8388608EEELNS1_4topk6selectE1EN4cuda3__417constant_iteratorIPKilEENSB_IPilEEPPS5_SI_NS1_6params13uniform_paramIlLl0ELl268435456EEENSK_IlLl1ELl8388608EEENSK_IlLl1ELl1EEEPljPyNS1_21identity_decomposer_tEjjEEvT1_T2_T3_T4_T5_T6_T7_T8_PKT9_PNS7_7counterINS9_3std3__415iterator_traitsINS15_ISR_vE10value_typeEvE10value_typeET12_T13_EEPS1A_PS19_PNS15_INS15_IST_vE10value_typeEvE10value_typeES1F_S1K_S1A_S1A_T10_iibT11_' for 'sm_100'
ptxas info    : Function properties for _ZN3cub17_V_300500_SM_10006detail12batched_topk35device_segmented_topk_filter_kernelINS2_26policy_selector_from_typesIiNS0_8NullTypeElLl8388608EEELNS1_4topk6selectE1EN4cuda3__417constant_iteratorIPKilEENSB_IPilEEPPS5_SI_NS1_6params13uniform_paramIlLl0ELl268435456EEENSK_IlLl1ELl8388608EEENSK_IlLl1ELl1EEEPljPyNS1_21identity_decomposer_tEjjEEvT1_T2_T3_T4_T5_T6_T7_T8_PKT9_PNS7_7counterINS9_3std3__415iterator_traitsINS15_ISR_vE10value_typeEvE10value_typeET12_T13_EEPS1A_PS19_PNS15_INS15_IST_vE10value_typeEvE10value_typeES1F_S1K_S1A_S1A_T10_iibT11_
    40 bytes stack frame, 4 bytes spill stores, 8 bytes spill loads
ptxas info    : Used 32 registers, used 1 barriers, 40 bytes cumulative stack size, 16432 bytes smem
ptxas info    : Compile time = 37.020 ms
ptxas info    : Compiling entry function '_ZN3cub17_V_300500_SM_10006detail12batched_topk47device_segmented_topk_finalize_histogram_kernelINS2_26policy_selector_from_typesIiNS0_8NullTypeElLl8388608EEEN4cuda3__417constant_iteratorIPKilEENS1_6params13uniform_paramIlLl0ELl268435456EEENSE_IlLl1ELl8388608EEENSE_IlLl1ELl1EEEPlPyNS1_4topk16extract_bin_op_tIiLNSK_6selectE1ELi11ENS1_21identity_decomposer_tELb1EEEjjiEEvT0_T1_T2_T3_T4_PNSK_7counterIT9_T7_T8_EEPSW_T5_T6_ib' for 'sm_100'
ptxas info    : Function properties for _ZN3cub17_V_300500_SM_10006detail12batched_topk47device_segmented_topk_finalize_histogram_kernelINS2_26policy_selector_from_typesIiNS0_8NullTypeElLl8388608EEEN4cuda3__417constant_iteratorIPKilEENS1_6params13uniform_paramIlLl0ELl268435456EEENSE_IlLl1ELl8388608EEENSE_IlLl1ELl1EEEPlPyNS1_4topk16extract_bin_op_tIiLNSK_6selectE1ELi11ENS1_21identity_decomposer_tELb1EEEjjiEEvT0_T1_T2_T3_T4_PNSK_7counterIT9_T7_T8_EEPSW_T5_T6_ib
    0 bytes stack frame, 0 bytes spill stores, 0 bytes spill loads
ptxas info    : Used 40 registers, used 1 barriers, 8192 bytes smem
ptxas info    : Compile time = 9.445 ms
ptxas info    : Compiling entry function '_ZN3cub17_V_300500_SM_10006detail12batched_topk38device_segmented_topk_histogram_kernelINS2_26policy_selector_from_typesIiNS0_8NullTypeElLl8388608EEEN4cuda3__417constant_iteratorIPKilEENS1_6params13uniform_paramIlLl0ELl268435456EEENSE_IlLl1ELl8388608EEENSE_IlLl1ELl1EEEPljPyNS1_4topk16extract_bin_op_tIiLNSK_6selectE1ELi11ENS1_21identity_decomposer_tELb1EEEjjjEEvT0_T1_T2_T3_T4_PKT5_PNSK_7counterINS7_3std3__415iterator_traitsINS10_ISP_vE10value_typeEvE10value_typeET8_T9_EEPS15_T6_T7_' for 'sm_100'
ptxas info    : Function properties for _ZN3cub17_V_300500_SM_10006detail12batched_topk38device_segmented_topk_histogram_kernelINS2_26policy_selector_from_typesIiNS0_8NullTypeElLl8388608EEEN4cuda3__417constant_iteratorIPKilEENS1_6params13uniform_paramIlLl0ELl268435456EEENSE_IlLl1ELl8388608EEENSE_IlLl1ELl1EEEPljPyNS1_4topk16extract_bin_op_tIiLNSK_6selectE1ELi11ENS1_21identity_decomposer_tELb1EEEjjjEEvT0_T1_T2_T3_T4_PKT5_PNSK_7counterINS7_3std3__415iterator_traitsINS10_ISP_vE10value_typeEvE10value_typeET8_T9_EEPS15_T6_T7_
    0 bytes stack frame, 0 bytes spill stores, 0 bytes spill loads
ptxas info    : Used 20 registers, used 1 barriers, 16464 bytes smem
ptxas info    : Compile time = 40.596 ms
ptxas info    : Compiling entry function '_ZN3cub17_V_300500_SM_10006detail12batched_topk44device_segmented_topk_finalize_filter_kernelINS2_26policy_selector_from_typesIiNS0_8NullTypeElLl8388608EEELNS1_4topk6selectE0EN4cuda3__417constant_iteratorIPKilEENSB_IPilEEPPS5_SI_NS1_6params13uniform_paramIlLl0ELl268435456EEENSK_IlLl1ELl8388608EEENSK_IlLl1ELl1EEEPljPyNS1_21identity_decomposer_tEjjiEEvT1_T2_T3_T4_T5_T6_T7_T8_PKT9_PNS7_7counterIT14_T12_T13_EEPS14_PS13_PNS9_3std3__415iterator_traitsINS1C_IST_vE10value_typeEvE10value_typeES19_S1H_T10_S14_S14_iiT11_b' for 'sm_100'
ptxas info    : Function properties for _ZN3cub17_V_300500_SM_10006detail12batched_topk44device_segmented_topk_finalize_filter_kernelINS2_26policy_selector_from_typesIiNS0_8NullTypeElLl8388608EEELNS1_4topk6selectE0EN4cuda3__417constant_iteratorIPKilEENSB_IPilEEPPS5_SI_NS1_6params13uniform_paramIlLl0ELl268435456EEENSK_IlLl1ELl8388608EEENSK_IlLl1ELl1EEEPljPyNS1_21identity_decomposer_tEjjiEEvT1_T2_T3_T4_T5_T6_T7_T8_PKT9_PNS7_7counterIT14_T12_T13_EEPS14_PS13_PNS9_3std3__415iterator_traitsINS1C_IST_vE10value_typeEvE10value_typeES19_S1H_T10_S14_S14_iiT11_b
    32 bytes stack frame, 0 bytes spill stores, 0 bytes spill loads
ptxas info    : Used 32 registers, used 1 barriers, 32 bytes cumulative stack size, 16432 bytes smem
ptxas info    : Compile time = 39.953 ms
ptxas info    : Compiling entry function '_ZN3cub17_V_300500_SM_10006detail12batched_topk40device_segmented_topk_last_filter_kernelINS2_26policy_selector_from_typesIiNS0_8NullTypeElLl8388608EEELNS1_4topk6selectE0EN4cuda3__417constant_iteratorIPKilEENSB_IPilEEPPS5_SI_NS1_6params13uniform_paramIlLl0ELl268435456EEENSK_IlLl1ELl8388608EEENSK_IlLl1ELl1EEEPljPyNS1_21identity_decomposer_tEjjEEvT1_T2_T3_T4_T5_T6_T7_T8_PKT9_PNS7_7counterINS9_3std3__415iterator_traitsINS15_ISR_vE10value_typeEvE10value_typeET12_T13_EEPS19_PNS15_INS15_IST_vE10value_typeEvE10value_typeES1A_T10_iiT11_' for 'sm_100'
ptxas info    : Function properties for _ZN3cub17_V_300500_SM_10006detail12batched_topk40device_segmented_topk_last_filter_kernelINS2_26policy_selector_from_typesIiNS0_8NullTypeElLl8388608EEELNS1_4topk6selectE0EN4cuda3__417constant_iteratorIPKilEENSB_IPilEEPPS5_SI_NS1_6params13uniform_paramIlLl0ELl268435456EEENSK_IlLl1ELl8388608EEENSK_IlLl1ELl1EEEPljPyNS1_21identity_decomposer_tEjjEEvT1_T2_T3_T4_T5_T6_T7_T8_PKT9_PNS7_7counterINS9_3std3__415iterator_traitsINS15_ISR_vE10value_typeEvE10value_typeET12_T13_EEPS19_PNS15_INS15_IST_vE10value_typeEvE10value_typeES1A_T10_iiT11_
    32 bytes stack frame, 0 bytes spill stores, 0 bytes spill loads
ptxas info    : Used 40 registers, used 1 barriers, 32 bytes cumulative stack size, 8240 bytes smem
ptxas info    : Compile time = 31.556 ms
ptxas info    : Compiling entry function '_ZN3cub17_V_300500_SM_10006detail12batched_topk35device_segmented_topk_filter_kernelINS2_26policy_selector_from_typesIiNS0_8NullTypeElLl8388608EEELNS1_4topk6selectE0EN4cuda3__417constant_iteratorIPKilEENSB_IPilEEPPS5_SI_NS1_6params13uniform_paramIlLl0ELl268435456EEENSK_IlLl1ELl8388608EEENSK_IlLl1ELl1EEEPljPyNS1_21identity_decomposer_tEjjEEvT1_T2_T3_T4_T5_T6_T7_T8_PKT9_PNS7_7counterINS9_3std3__415iterator_traitsINS15_ISR_vE10value_typeEvE10value_typeET12_T13_EEPS1A_PS19_PNS15_INS15_IST_vE10value_typeEvE10value_typeES1F_S1K_S1A_S1A_T10_iibT11_' for 'sm_100'
ptxas info    : Function properties for _ZN3cub17_V_300500_SM_10006detail12batched_topk35device_segmented_topk_filter_kernelINS2_26policy_selector_from_typesIiNS0_8NullTypeElLl8388608EEELNS1_4topk6selectE0EN4cuda3__417constant_iteratorIPKilEENSB_IPilEEPPS5_SI_NS1_6params13uniform_paramIlLl0ELl268435456EEENSK_IlLl1ELl8388608EEENSK_IlLl1ELl1EEEPljPyNS1_21identity_decomposer_tEjjEEvT1_T2_T3_T4_T5_T6_T7_T8_PKT9_PNS7_7counterINS9_3std3__415iterator_traitsINS15_ISR_vE10value_typeEvE10value_typeET12_T13_EEPS1A_PS19_PNS15_INS15_IST_vE10value_typeEvE10value_typeES1F_S1K_S1A_S1A_T10_iibT11_
    40 bytes stack frame, 4 bytes spill stores, 8 bytes spill loads
ptxas info    : Used 32 registers, used 1 barriers, 40 bytes cumulative stack size, 16432 bytes smem
ptxas info    : Compile time = 37.030 ms
ptxas info    : Compiling entry function '_ZN3cub17_V_300500_SM_10006detail12batched_topk47device_segmented_topk_finalize_histogram_kernelINS2_26policy_selector_from_typesIiNS0_8NullTypeElLl8388608EEEN4cuda3__417constant_iteratorIPKilEENS1_6params13uniform_paramIlLl0ELl268435456EEENSE_IlLl1ELl8388608EEENSE_IlLl1ELl1EEEPlPyNS1_4topk16extract_bin_op_tIiLNSK_6selectE0ELi11ENS1_21identity_decomposer_tELb1EEEjjiEEvT0_T1_T2_T3_T4_PNSK_7counterIT9_T7_T8_EEPSW_T5_T6_ib' for 'sm_100'
ptxas info    : Function properties for _ZN3cub17_V_300500_SM_10006detail12batched_topk47device_segmented_topk_finalize_histogram_kernelINS2_26policy_selector_from_typesIiNS0_8NullTypeElLl8388608EEEN4cuda3__417constant_iteratorIPKilEENS1_6params13uniform_paramIlLl0ELl268435456EEENSE_IlLl1ELl8388608EEENSE_IlLl1ELl1EEEPlPyNS1_4topk16extract_bin_op_tIiLNSK_6selectE0ELi11ENS1_21identity_decomposer_tELb1EEEjjiEEvT0_T1_T2_T3_T4_PNSK_7counterIT9_T7_T8_EEPSW_T5_T6_ib
    0 bytes stack frame, 0 bytes spill stores, 0 bytes spill loads
ptxas info    : Used 40 registers, used 1 barriers, 8192 bytes smem
ptxas info    : Compile time = 9.435 ms
ptxas info    : Compiling entry function '_ZN3cub17_V_300500_SM_10006detail12batched_topk38device_segmented_topk_histogram_kernelINS2_26policy_selector_from_typesIiNS0_8NullTypeElLl8388608EEEN4cuda3__417constant_iteratorIPKilEENS1_6params13uniform_paramIlLl0ELl268435456EEENSE_IlLl1ELl8388608EEENSE_IlLl1ELl1EEEPljPyNS1_4topk16extract_bin_op_tIiLNSK_6selectE0ELi11ENS1_21identity_decomposer_tELb1EEEjjjEEvT0_T1_T2_T3_T4_PKT5_PNSK_7counterINS7_3std3__415iterator_traitsINS10_ISP_vE10value_typeEvE10value_typeET8_T9_EEPS15_T6_T7_' for 'sm_100'
ptxas info    : Function properties for _ZN3cub17_V_300500_SM_10006detail12batched_topk38device_segmented_topk_histogram_kernelINS2_26policy_selector_from_typesIiNS0_8NullTypeElLl8388608EEEN4cuda3__417constant_iteratorIPKilEENS1_6params13uniform_paramIlLl0ELl268435456EEENSE_IlLl1ELl8388608EEENSE_IlLl1ELl1EEEPljPyNS1_4topk16extract_bin_op_tIiLNSK_6selectE0ELi11ENS1_21identity_decomposer_tELb1EEEjjjEEvT0_T1_T2_T3_T4_PKT5_PNSK_7counterINS7_3std3__415iterator_traitsINS10_ISP_vE10value_typeEvE10value_typeET8_T9_EEPS15_T6_T7_
    0 bytes stack frame, 0 bytes spill stores, 0 bytes spill loads
ptxas info    : Used 20 registers, used 1 barriers, 16464 bytes smem
ptxas info    : Compile time = 41.077 ms
ptxas info    : Compiling entry function '_ZN3cub17_V_300500_SM_10006detail12batched_topk28device_segmented_topk_kernelINS2_26policy_selector_from_typesIiNS0_8NullTypeElLl8388608EEEN4cuda3__417constant_iteratorIPKilEENS9_IPilEEPPS5_SG_NS1_6params13uniform_paramIlLl0ELl268435456EEENSI_IlLl1ELl8388608EEENSH_22uniform_discrete_paramINS1_4topk6selectEJLSN_1EEEENSI_IlLl1ELl1EEEjEEvT0_T1_T2_T3_T4_T5_T6_T7_PNS2_21batched_topk_countersINSX_10value_typeEEEPSZ_PT8_' for 'sm_100'
ptxas info    : Function properties for _ZN3cub17_V_300500_SM_10006detail12batched_topk28device_segmented_topk_kernelINS2_26policy_selector_from_typesIiNS0_8NullTypeElLl8388608EEEN4cuda3__417constant_iteratorIPKilEENS9_IPilEEPPS5_SG_NS1_6params13uniform_paramIlLl0ELl268435456EEENSI_IlLl1ELl8388608EEENSH_22uniform_discrete_paramINS1_4topk6selectEJLSN_1EEEENSI_IlLl1ELl1EEEjEEvT0_T1_T2_T3_T4_T5_T6_T7_PNS2_21batched_topk_countersINSX_10value_typeEEEPSZ_PT8_
    0 bytes stack frame, 0 bytes spill stores, 0 bytes spill loads
ptxas info    : Used 246 registers, used 1 barriers, 33808 bytes smem
ptxas info    : Compile time = 74.431 ms
ptxas info    : Compiling entry function '_ZN3cub17_V_300500_SM_10006detail12batched_topk44device_segmented_topk_finalize_filter_kernelINS2_26policy_selector_from_typesIsNS0_8NullTypeElLl8388608EEELNS1_4topk6selectE1EN4cuda3__417constant_iteratorIPKslEENSB_IPslEEPPS5_SI_NS1_6params13uniform_paramIlLl0ELl268435456EEENSK_IlLl1ELl8388608EEENSK_IlLl1ELl1EEEPljPyNS1_21identity_decomposer_tEjjsEEvT1_T2_T3_T4_T5_T6_T7_T8_PKT9_PNS7_7counterIT14_T12_T13_EEPS14_PS13_PNS9_3std3__415iterator_traitsINS1C_IST_vE10value_typeEvE10value_typeES19_S1H_T10_S14_S14_iiT11_b' for 'sm_100'
ptxas info    : Function properties for _ZN3cub17_V_300500_SM_10006detail12batched_topk44device_segmented_topk_finalize_filter_kernelINS2_26policy_selector_from_typesIsNS0_8NullTypeElLl8388608EEELNS1_4topk6selectE1EN4cuda3__417constant_iteratorIPKslEENSB_IPslEEPPS5_SI_NS1_6params13uniform_paramIlLl0ELl268435456EEENSK_IlLl1ELl8388608EEENSK_IlLl1ELl1EEEPljPyNS1_21identity_decomposer_tEjjsEEvT1_T2_T3_T4_T5_T6_T7_T8_PKT9_PNS7_7counterIT14_T12_T13_EEPS14_PS13_PNS9_3std3__415iterator_traitsINS1C_IST_vE10value_typeEvE10value_typeES19_S1H_T10_S14_S14_iiT11_b
    48 bytes stack frame, 24 bytes spill stores, 24 bytes spill loads
ptxas info    : Used 32 registers, used 1 barriers, 48 bytes cumulative stack size, 16432 bytes smem
ptxas info    : Compile time = 55.687 ms
ptxas info    : Compiling entry function '_ZN3cub17_V_300500_SM_10006detail12batched_topk40device_segmented_topk_last_filter_kernelINS2_26policy_selector_from_typesIsNS0_8NullTypeElLl8388608EEELNS1_4topk6selectE1EN4cuda3__417constant_iteratorIPKslEENSB_IPslEEPPS5_SI_NS1_6params13uniform_paramIlLl0ELl268435456EEENSK_IlLl1ELl8388608EEENSK_IlLl1ELl1EEEPljPyNS1_21identity_decomposer_tEjjEEvT1_T2_T3_T4_T5_T6_T7_T8_PKT9_PNS7_7counterINS9_3std3__415iterator_traitsINS15_ISR_vE10value_typeEvE10value_typeET12_T13_EEPS19_PNS15_INS15_IST_vE10value_typeEvE10value_typeES1A_T10_iiT11_' for 'sm_100'
ptxas info    : Function properties for _ZN3cub17_V_300500_SM_10006detail12batched_topk40device_segmented_topk_last_filter_kernelINS2_26policy_selector_from_typesIsNS0_8NullTypeElLl8388608EEELNS1_4topk6selectE1EN4cuda3__417constant_iteratorIPKslEENSB_IPslEEPPS5_SI_NS1_6params13uniform_paramIlLl0ELl268435456EEENSK_IlLl1ELl8388608EEENSK_IlLl1ELl1EEEPljPyNS1_21identity_decomposer_tEjjEEvT1_T2_T3_T4_T5_T6_T7_T8_PKT9_PNS7_7counterINS9_3std3__415iterator_traitsINS15_ISR_vE10value_typeEvE10value_typeET12_T13_EEPS19_PNS15_INS15_IST_vE10value_typeEvE10value_typeES1A_T10_iiT11_
    48 bytes stack frame, 100 bytes spill stores, 104 bytes spill loads
ptxas info    : Used 40 registers, used 1 barriers, 48 bytes cumulative stack size, 8240 bytes smem
ptxas info    : Compile time = 44.544 ms
ptxas info    : Compiling entry function '_ZN3cub17_V_300500_SM_10006detail12batched_topk35device_segmented_topk_filter_kernelINS2_26policy_selector_from_typesIsNS0_8NullTypeElLl8388608EEELNS1_4topk6selectE1EN4cuda3__417constant_iteratorIPKslEENSB_IPslEEPPS5_SI_NS1_6params13uniform_paramIlLl0ELl268435456EEENSK_IlLl1ELl8388608EEENSK_IlLl1ELl1EEEPljPyNS1_21identity_decomposer_tEjjEEvT1_T2_T3_T4_T5_T6_T7_T8_PKT9_PNS7_7counterINS9_3std3__415iterator_traitsINS15_ISR_vE10value_typeEvE10value_typeET12_T13_EEPS1A_PS19_PNS15_INS15_IST_vE10value_typeEvE10value_typeES1F_S1K_S1A_S1A_T10_iibT11_' for 'sm_100'
ptxas info    : Function properties for _ZN3cub17_V_300500_SM_10006detail12batched_topk35device_segmented_topk_filter_kernelINS2_26policy_selector_from_typesIsNS0_8NullTypeElLl8388608EEELNS1_4topk6selectE1EN4cuda3__417constant_iteratorIPKslEENSB_IPslEEPPS5_SI_NS1_6params13uniform_paramIlLl0ELl268435456EEENSK_IlLl1ELl8388608EEENSK_IlLl1ELl1EEEPljPyNS1_21identity_decomposer_tEjjEEvT1_T2_T3_T4_T5_T6_T7_T8_PKT9_PNS7_7counterINS9_3std3__415iterator_traitsINS15_ISR_vE10value_typeEvE10value_typeET12_T13_EEPS1A_PS19_PNS15_INS15_IST_vE10value_typeEvE10value_typeES1F_S1K_S1A_S1A_T10_iibT11_
    40 bytes stack frame, 32 bytes spill stores, 32 bytes spill loads
ptxas info    : Used 32 registers, used 1 barriers, 40 bytes cumulative stack size, 16432 bytes smem
ptxas info    : Compile time = 46.872 ms
ptxas info    : Compiling entry function '_ZN3cub17_V_300500_SM_10006detail12batched_topk47device_segmented_topk_finalize_histogram_kernelINS2_26policy_selector_from_typesIsNS0_8NullTypeElLl8388608EEEN4cuda3__417constant_iteratorIPKslEENS1_6params13uniform_paramIlLl0ELl268435456EEENSE_IlLl1ELl8388608EEENSE_IlLl1ELl1EEEPlPyNS1_4topk16extract_bin_op_tIsLNSK_6selectE1ELi11ENS1_21identity_decomposer_tELb1EEEjjsEEvT0_T1_T2_T3_T4_PNSK_7counterIT9_T7_T8_EEPSW_T5_T6_ib' for 'sm_100'
ptxas info    : Function properties for _ZN3cub17_V_300500_SM_10006detail12batched_topk47device_segmented_topk_finalize_histogram_kernelINS2_26policy_selector_from_typesIsNS0_8NullTypeElLl8388608EEEN4cuda3__417constant_iteratorIPKslEENS1_6params13uniform_paramIlLl0ELl268435456EEENSE_IlLl1ELl8388608EEENSE_IlLl1ELl1EEEPlPyNS1_4topk16extract_bin_op_tIsLNSK_6selectE1ELi11ENS1_21identity_decomposer_tELb1EEEjjsEEvT0_T1_T2_T3_T4_PNSK_7counterIT9_T7_T8_EEPSW_T5_T6_ib
    0 bytes stack frame, 0 bytes spill stores, 0 bytes spill loads
ptxas info    : Used 32 registers, used 1 barriers, 8192 bytes smem
ptxas info    : Compile time = 10.662 ms
ptxas info    : Compiling entry function '_ZN3cub17_V_300500_SM_10006detail12batched_topk38device_segmented_topk_histogram_kernelINS2_26policy_selector_from_typesIsNS0_8NullTypeElLl8388608EEEN4cuda3__417constant_iteratorIPKslEENS1_6params13uniform_paramIlLl0ELl268435456EEENSE_IlLl1ELl8388608EEENSE_IlLl1ELl1EEEPljPyNS1_4topk16extract_bin_op_tIsLNSK_6selectE1ELi11ENS1_21identity_decomposer_tELb1EEEjjjEEvT0_T1_T2_T3_T4_PKT5_PNSK_7counterINS7_3std3__415iterator_traitsINS10_ISP_vE10value_typeEvE10value_typeET8_T9_EEPS15_T6_T7_' for 'sm_100'
ptxas info    : Function properties for _ZN3cub17_V_300500_SM_10006detail12batched_topk38device_segmented_topk_histogram_kernelINS2_26policy_selector_from_typesIsNS0_8NullTypeElLl8388608EEEN4cuda3__417constant_iteratorIPKslEENS1_6params13uniform_paramIlLl0ELl268435456EEENSE_IlLl1ELl8388608EEENSE_IlLl1ELl1EEEPljPyNS1_4topk16extract_bin_op_tIsLNSK_6selectE1ELi11ENS1_21identity_decomposer_tELb1EEEjjjEEvT0_T1_T2_T3_T4_PKT5_PNSK_7counterINS7_3std3__415iterator_traitsINS10_ISP_vE10value_typeEvE10value_typeET8_T9_EEPS15_T6_T7_
    0 bytes stack frame, 0 bytes spill stores, 0 bytes spill loads
ptxas info    : Used 20 registers, used 1 barriers, 16464 bytes smem
ptxas info    : Compile time = 49.844 ms
ptxas info    : Compiling entry function '_ZN3cub17_V_300500_SM_10006detail12batched_topk44device_segmented_topk_finalize_filter_kernelINS2_26policy_selector_from_typesIsNS0_8NullTypeElLl8388608EEELNS1_4topk6selectE0EN4cuda3__417constant_iteratorIPKslEENSB_IPslEEPPS5_SI_NS1_6params13uniform_paramIlLl0ELl268435456EEENSK_IlLl1ELl8388608EEENSK_IlLl1ELl1EEEPljPyNS1_21identity_decomposer_tEjjsEEvT1_T2_T3_T4_T5_T6_T7_T8_PKT9_PNS7_7counterIT14_T12_T13_EEPS14_PS13_PNS9_3std3__415iterator_traitsINS1C_IST_vE10value_typeEvE10value_typeES19_S1H_T10_S14_S14_iiT11_b' for 'sm_100'
ptxas info    : Function properties for _ZN3cub17_V_300500_SM_10006detail12batched_topk44device_segmented_topk_finalize_filter_kernelINS2_26policy_selector_from_typesIsNS0_8NullTypeElLl8388608EEELNS1_4topk6selectE0EN4cuda3__417constant_iteratorIPKslEENSB_IPslEEPPS5_SI_NS1_6params13uniform_paramIlLl0ELl268435456EEENSK_IlLl1ELl8388608EEENSK_IlLl1ELl1EEEPljPyNS1_21identity_decomposer_tEjjsEEvT1_T2_T3_T4_T5_T6_T7_T8_PKT9_PNS7_7counterIT14_T12_T13_EEPS14_PS13_PNS9_3std3__415iterator_traitsINS1C_IST_vE10value_typeEvE10value_typeES19_S1H_T10_S14_S14_iiT11_b
    48 bytes stack frame, 24 bytes spill stores, 24 bytes spill loads
ptxas info    : Used 32 registers, used 1 barriers, 48 bytes cumulative stack size, 16432 bytes smem
ptxas info    : Compile time = 56.472 ms
ptxas info    : Compiling entry function '_ZN3cub17_V_300500_SM_10006detail12batched_topk40device_segmented_topk_last_filter_kernelINS2_26policy_selector_from_typesIsNS0_8NullTypeElLl8388608EEELNS1_4topk6selectE0EN4cuda3__417constant_iteratorIPKslEENSB_IPslEEPPS5_SI_NS1_6params13uniform_paramIlLl0ELl268435456EEENSK_IlLl1ELl8388608EEENSK_IlLl1ELl1EEEPljPyNS1_21identity_decomposer_tEjjEEvT1_T2_T3_T4_T5_T6_T7_T8_PKT9_PNS7_7counterINS9_3std3__415iterator_traitsINS15_ISR_vE10value_typeEvE10value_typeET12_T13_EEPS19_PNS15_INS15_IST_vE10value_typeEvE10value_typeES1A_T10_iiT11_' for 'sm_100'
ptxas info    : Function properties for _ZN3cub17_V_300500_SM_10006detail12batched_topk40device_segmented_topk_last_filter_kernelINS2_26policy_selector_from_typesIsNS0_8NullTypeElLl8388608EEELNS1_4topk6selectE0EN4cuda3__417constant_iteratorIPKslEENSB_IPslEEPPS5_SI_NS1_6params13uniform_paramIlLl0ELl268435456EEENSK_IlLl1ELl8388608EEENSK_IlLl1ELl1EEEPljPyNS1_21identity_decomposer_tEjjEEvT1_T2_T3_T4_T5_T6_T7_T8_PKT9_PNS7_7counterINS9_3std3__415iterator_traitsINS15_ISR_vE10value_typeEvE10value_typeET12_T13_EEPS19_PNS15_INS15_IST_vE10value_typeEvE10value_typeES1A_T10_iiT11_
    48 bytes stack frame, 100 bytes spill stores, 104 bytes spill loads
ptxas info    : Used 40 registers, used 1 barriers, 48 bytes cumulative stack size, 8240 bytes smem
ptxas info    : Compile time = 42.887 ms
ptxas info    : Compiling entry function '_ZN3cub17_V_300500_SM_10006detail12batched_topk35device_segmented_topk_filter_kernelINS2_26policy_selector_from_typesIsNS0_8NullTypeElLl8388608EEELNS1_4topk6selectE0EN4cuda3__417constant_iteratorIPKslEENSB_IPslEEPPS5_SI_NS1_6params13uniform_paramIlLl0ELl268435456EEENSK_IlLl1ELl8388608EEENSK_IlLl1ELl1EEEPljPyNS1_21identity_decomposer_tEjjEEvT1_T2_T3_T4_T5_T6_T7_T8_PKT9_PNS7_7counterINS9_3std3__415iterator_traitsINS15_ISR_vE10value_typeEvE10value_typeET12_T13_EEPS1A_PS19_PNS15_INS15_IST_vE10value_typeEvE10value_typeES1F_S1K_S1A_S1A_T10_iibT11_' for 'sm_100'
ptxas info    : Function properties for _ZN3cub17_V_300500_SM_10006detail12batched_topk35device_segmented_topk_filter_kernelINS2_26policy_selector_from_typesIsNS0_8NullTypeElLl8388608EEELNS1_4topk6selectE0EN4cuda3__417constant_iteratorIPKslEENSB_IPslEEPPS5_SI_NS1_6params13uniform_paramIlLl0ELl268435456EEENSK_IlLl1ELl8388608EEENSK_IlLl1ELl1EEEPljPyNS1_21identity_decomposer_tEjjEEvT1_T2_T3_T4_T5_T6_T7_T8_PKT9_PNS7_7counterINS9_3std3__415iterator_traitsINS15_ISR_vE10value_typeEvE10value_typeET12_T13_EEPS1A_PS19_PNS15_INS15_IST_vE10value_typeEvE10value_typeES1F_S1K_S1A_S1A_T10_iibT11_
    40 bytes stack frame, 32 bytes spill stores, 32 bytes spill loads
ptxas info    : Used 32 registers, used 1 barriers, 40 bytes cumulative stack size, 16432 bytes smem
ptxas info    : Compile time = 46.445 ms
ptxas info    : Compiling entry function '_ZN3cub17_V_300500_SM_10006detail12batched_topk47device_segmented_topk_finalize_histogram_kernelINS2_26policy_selector_from_typesIsNS0_8NullTypeElLl8388608EEEN4cuda3__417constant_iteratorIPKslEENS1_6params13uniform_paramIlLl0ELl268435456EEENSE_IlLl1ELl8388608EEENSE_IlLl1ELl1EEEPlPyNS1_4topk16extract_bin_op_tIsLNSK_6selectE0ELi11ENS1_21identity_decomposer_tELb1EEEjjsEEvT0_T1_T2_T3_T4_PNSK_7counterIT9_T7_T8_EEPSW_T5_T6_ib' for 'sm_100'
ptxas info    : Function properties for _ZN3cub17_V_300500_SM_10006detail12batched_topk47device_segmented_topk_finalize_histogram_kernelINS2_26policy_selector_from_typesIsNS0_8NullTypeElLl8388608EEEN4cuda3__417constant_iteratorIPKslEENS1_6params13uniform_paramIlLl0ELl268435456EEENSE_IlLl1ELl8388608EEENSE_IlLl1ELl1EEEPlPyNS1_4topk16extract_bin_op_tIsLNSK_6selectE0ELi11ENS1_21identity_decomposer_tELb1EEEjjsEEvT0_T1_T2_T3_T4_PNSK_7counterIT9_T7_T8_EEPSW_T5_T6_ib
    0 bytes stack frame, 0 bytes spill stores, 0 bytes spill loads
ptxas info    : Used 32 registers, used 1 barriers, 8192 bytes smem
ptxas info    : Compile time = 10.652 ms
ptxas info    : Compiling entry function '_ZN3cub17_V_300500_SM_10006detail12batched_topk38device_segmented_topk_histogram_kernelINS2_26policy_selector_from_typesIsNS0_8NullTypeElLl8388608EEEN4cuda3__417constant_iteratorIPKslEENS1_6params13uniform_paramIlLl0ELl268435456EEENSE_IlLl1ELl8388608EEENSE_IlLl1ELl1EEEPljPyNS1_4topk16extract_bin_op_tIsLNSK_6selectE0ELi11ENS1_21identity_decomposer_tELb1EEEjjjEEvT0_T1_T2_T3_T4_PKT5_PNSK_7counterINS7_3std3__415iterator_traitsINS10_ISP_vE10value_typeEvE10value_typeET8_T9_EEPS15_T6_T7_' for 'sm_100'
ptxas info    : Function properties for _ZN3cub17_V_300500_SM_10006detail12batched_topk38device_segmented_topk_histogram_kernelINS2_26policy_selector_from_typesIsNS0_8NullTypeElLl8388608EEEN4cuda3__417constant_iteratorIPKslEENS1_6params13uniform_paramIlLl0ELl268435456EEENSE_IlLl1ELl8388608EEENSE_IlLl1ELl1EEEPljPyNS1_4topk16extract_bin_op_tIsLNSK_6selectE0ELi11ENS1_21identity_decomposer_tELb1EEEjjjEEvT0_T1_T2_T3_T4_PKT5_PNSK_7counterINS7_3std3__415iterator_traitsINS10_ISP_vE10value_typeEvE10value_typeET8_T9_EEPS15_T6_T7_
    0 bytes stack frame, 0 bytes spill stores, 0 bytes spill loads
ptxas info    : Used 20 registers, used 1 barriers, 16464 bytes smem
ptxas info    : Compile time = 49.775 ms
ptxas info    : Compiling entry function '_ZN3cub17_V_300500_SM_10006detail12batched_topk28device_segmented_topk_kernelINS2_26policy_selector_from_typesIsNS0_8NullTypeElLl8388608EEEN4cuda3__417constant_iteratorIPKslEENS9_IPslEEPPS5_SG_NS1_6params13uniform_paramIlLl0ELl268435456EEENSI_IlLl1ELl8388608EEENSH_22uniform_discrete_paramINS1_4topk6selectEJLSN_1EEEENSI_IlLl1ELl1EEEjEEvT0_T1_T2_T3_T4_T5_T6_T7_PNS2_21batched_topk_countersINSX_10value_typeEEEPSZ_PT8_' for 'sm_100'
ptxas info    : Function properties for _ZN3cub17_V_300500_SM_10006detail12batched_topk28device_segmented_topk_kernelINS2_26policy_selector_from_typesIsNS0_8NullTypeElLl8388608EEEN4cuda3__417constant_iteratorIPKslEENS9_IPslEEPPS5_SG_NS1_6params13uniform_paramIlLl0ELl268435456EEENSI_IlLl1ELl8388608EEENSH_22uniform_discrete_paramINS1_4topk6selectEJLSN_1EEEENSI_IlLl1ELl1EEEjEEvT0_T1_T2_T3_T4_T5_T6_T7_PNS2_21batched_topk_countersINSX_10value_typeEEEPSZ_PT8_
    72 bytes stack frame, 72 bytes spill stores, 72 bytes spill loads
ptxas info    : Used 255 registers, used 1 barriers, 72 bytes cumulative stack size, 33808 bytes smem
ptxas info    : Compile time = 203.456 ms
ptxas info    : Compiling entry function '_ZN3cub17_V_300500_SM_10006detail12batched_topk44device_segmented_topk_finalize_filter_kernelINS2_26policy_selector_from_typesIaNS0_8NullTypeElLl8388608EEELNS1_4topk6selectE1EN4cuda3__417constant_iteratorIPKalEENSB_IPalEEPPS5_SI_NS1_6params13uniform_paramIlLl0ELl268435456EEENSK_IlLl1ELl8388608EEENSK_IlLl1ELl1EEEPljPyNS1_21identity_decomposer_tEjjaEEvT1_T2_T3_T4_T5_T6_T7_T8_PKT9_PNS7_7counterIT14_T12_T13_EEPS14_PS13_PNS9_3std3__415iterator_traitsINS1C_IST_vE10value_typeEvE10value_typeES19_S1H_T10_S14_S14_iiT11_b' for 'sm_100'
ptxas info    : Function properties for _ZN3cub17_V_300500_SM_10006detail12batched_topk44device_segmented_topk_finalize_filter_kernelINS2_26policy_selector_from_typesIaNS0_8NullTypeElLl8388608EEELNS1_4topk6selectE1EN4cuda3__417constant_iteratorIPKalEENSB_IPalEEPPS5_SI_NS1_6params13uniform_paramIlLl0ELl268435456EEENSK_IlLl1ELl8388608EEENSK_IlLl1ELl1EEEPljPyNS1_21identity_decomposer_tEjjaEEvT1_T2_T3_T4_T5_T6_T7_T8_PKT9_PNS7_7counterIT14_T12_T13_EEPS14_PS13_PNS9_3std3__415iterator_traitsINS1C_IST_vE10value_typeEvE10value_typeES19_S1H_T10_S14_S14_iiT11_b
    48 bytes stack frame, 0 bytes spill stores, 0 bytes spill loads
ptxas info    : Used 64 registers, used 1 barriers, 48 bytes cumulative stack size, 9264 bytes smem
ptxas info    : Compile time = 65.006 ms
ptxas info    : Compiling entry function '_ZN3cub17_V_300500_SM_10006detail12batched_topk40device_segmented_topk_last_filter_kernelINS2_26policy_selector_from_typesIaNS0_8NullTypeElLl8388608EEELNS1_4topk6selectE1EN4cuda3__417constant_iteratorIPKalEENSB_IPalEEPPS5_SI_NS1_6params13uniform_paramIlLl0ELl268435456EEENSK_IlLl1ELl8388608EEENSK_IlLl1ELl1EEEPljPyNS1_21identity_decomposer_tEjjEEvT1_T2_T3_T4_T5_T6_T7_T8_PKT9_PNS7_7counterINS9_3std3__415iterator_traitsINS15_ISR_vE10value_typeEvE10value_typeET12_T13_EEPS19_PNS15_INS15_IST_vE10value_typeEvE10value_typeES1A_T10_iiT11_' for 'sm_100'
ptxas info    : Function properties for _ZN3cub17_V_300500_SM_10006detail12batched_topk40device_segmented_topk_last_filter_kernelINS2_26policy_selector_from_typesIaNS0_8NullTypeElLl8388608EEELNS1_4topk6selectE1EN4cuda3__417constant_iteratorIPKalEENSB_IPalEEPPS5_SI_NS1_6params13uniform_paramIlLl0ELl268435456EEENSK_IlLl1ELl8388608EEENSK_IlLl1ELl1EEEPljPyNS1_21identity_decomposer_tEjjEEvT1_T2_T3_T4_T5_T6_T7_T8_PKT9_PNS7_7counterINS9_3std3__415iterator_traitsINS15_ISR_vE10value_typeEvE10value_typeET12_T13_EEPS19_PNS15_INS15_IST_vE10value_typeEvE10value_typeES1A_T10_iiT11_
    32 bytes stack frame, 0 bytes spill stores, 0 bytes spill loads
ptxas info    : Used 56 registers, used 1 barriers, 32 bytes cumulative stack size, 8240 bytes smem
ptxas info    : Compile time = 68.199 ms
ptxas info    : Compiling entry function '_ZN3cub17_V_300500_SM_10006detail12batched_topk35device_segmented_topk_filter_kernelINS2_26policy_selector_from_typesIaNS0_8NullTypeElLl8388608EEELNS1_4topk6selectE1EN4cuda3__417constant_iteratorIPKalEENSB_IPalEEPPS5_SI_NS1_6params13uniform_paramIlLl0ELl268435456EEENSK_IlLl1ELl8388608EEENSK_IlLl1ELl1EEEPljPyNS1_21identity_decomposer_tEjjEEvT1_T2_T3_T4_T5_T6_T7_T8_PKT9_PNS7_7counterINS9_3std3__415iterator_traitsINS15_ISR_vE10value_typeEvE10value_typeET12_T13_EEPS1A_PS19_PNS15_INS15_IST_vE10value_typeEvE10value_typeES1F_S1K_S1A_S1A_T10_iibT11_' for 'sm_100'
ptxas info    : Function properties for _ZN3cub17_V_300500_SM_10006detail12batched_topk35device_segmented_topk_filter_kernelINS2_26policy_selector_from_typesIaNS0_8NullTypeElLl8388608EEELNS1_4topk6selectE1EN4cuda3__417constant_iteratorIPKalEENSB_IPalEEPPS5_SI_NS1_6params13uniform_paramIlLl0ELl268435456EEENSK_IlLl1ELl8388608EEENSK_IlLl1ELl1EEEPljPyNS1_21identity_decomposer_tEjjEEvT1_T2_T3_T4_T5_T6_T7_T8_PKT9_PNS7_7counterINS9_3std3__415iterator_traitsINS15_ISR_vE10value_typeEvE10value_typeET12_T13_EEPS1A_PS19_PNS15_INS15_IST_vE10value_typeEvE10value_typeES1F_S1K_S1A_S1A_T10_iibT11_
    40 bytes stack frame, 4 bytes spill stores, 8 bytes spill loads
ptxas info    : Used 40 registers, used 1 barriers, 40 bytes cumulative stack size, 9264 bytes smem
ptxas info    : Compile time = 63.879 ms
ptxas info    : Compiling entry function '_ZN3cub17_V_300500_SM_10006detail12batched_topk47device_segmented_topk_finalize_histogram_kernelINS2_26policy_selector_from_typesIaNS0_8NullTypeElLl8388608EEEN4cuda3__417constant_iteratorIPKalEENS1_6params13uniform_paramIlLl0ELl268435456EEENSE_IlLl1ELl8388608EEENSE_IlLl1ELl1EEEPlPyNS1_4topk16extract_bin_op_tIaLNSK_6selectE1ELi8ENS1_21identity_decomposer_tELb1EEEjjaEEvT0_T1_T2_T3_T4_PNSK_7counterIT9_T7_T8_EEPSW_T5_T6_ib' for 'sm_100'
ptxas info    : Function properties for _ZN3cub17_V_300500_SM_10006detail12batched_topk47device_segmented_topk_finalize_histogram_kernelINS2_26policy_selector_from_typesIaNS0_8NullTypeElLl8388608EEEN4cuda3__417constant_iteratorIPKalEENS1_6params13uniform_paramIlLl0ELl268435456EEENSE_IlLl1ELl8388608EEENSE_IlLl1ELl1EEEPlPyNS1_4topk16extract_bin_op_tIaLNSK_6selectE1ELi8ENS1_21identity_decomposer_tELb1EEEjjaEEvT0_T1_T2_T3_T4_PNSK_7counterIT9_T7_T8_EEPSW_T5_T6_ib
    0 bytes stack frame, 0 bytes spill stores, 0 bytes spill loads
ptxas info    : Used 32 registers, used 1 barriers, 2048 bytes smem
ptxas info    : Compile time = 11.011 ms
ptxas info    : Compiling entry function '_ZN3cub17_V_300500_SM_10006detail12batched_topk38device_segmented_topk_histogram_kernelINS2_26policy_selector_from_typesIaNS0_8NullTypeElLl8388608EEEN4cuda3__417constant_iteratorIPKalEENS1_6params13uniform_paramIlLl0ELl268435456EEENSE_IlLl1ELl8388608EEENSE_IlLl1ELl1EEEPljPyNS1_4topk16extract_bin_op_tIaLNSK_6selectE1ELi8ENS1_21identity_decomposer_tELb1EEEjjjEEvT0_T1_T2_T3_T4_PKT5_PNSK_7counterINS7_3std3__415iterator_traitsINS10_ISP_vE10value_typeEvE10value_typeET8_T9_EEPS15_T6_T7_' for 'sm_100'
ptxas info    : Function properties for _ZN3cub17_V_300500_SM_10006detail12batched_topk38device_segmented_topk_histogram_kernelINS2_26policy_selector_from_typesIaNS0_8NullTypeElLl8388608EEEN4cuda3__417constant_iteratorIPKalEENS1_6params13uniform_paramIlLl0ELl268435456EEENSE_IlLl1ELl8388608EEENSE_IlLl1ELl1EEEPljPyNS1_4topk16extract_bin_op_tIaLNSK_6selectE1ELi8ENS1_21identity_decomposer_tELb1EEEjjjEEvT0_T1_T2_T3_T4_PKT5_PNSK_7counterINS7_3std3__415iterator_traitsINS10_ISP_vE10value_typeEvE10value_typeET8_T9_EEPS15_T6_T7_
    0 bytes stack frame, 0 bytes spill stores, 0 bytes spill loads
ptxas info    : Used 27 registers, used 1 barriers, 9296 bytes smem
ptxas info    : Compile time = 66.539 ms
ptxas info    : Compiling entry function '_ZN3cub17_V_300500_SM_10006detail12batched_topk44device_segmented_topk_finalize_filter_kernelINS2_26policy_selector_from_typesIaNS0_8NullTypeElLl8388608EEELNS1_4topk6selectE0EN4cuda3__417constant_iteratorIPKalEENSB_IPalEEPPS5_SI_NS1_6params13uniform_paramIlLl0ELl268435456EEENSK_IlLl1ELl8388608EEENSK_IlLl1ELl1EEEPljPyNS1_21identity_decomposer_tEjjaEEvT1_T2_T3_T4_T5_T6_T7_T8_PKT9_PNS7_7counterIT14_T12_T13_EEPS14_PS13_PNS9_3std3__415iterator_traitsINS1C_IST_vE10value_typeEvE10value_typeES19_S1H_T10_S14_S14_iiT11_b' for 'sm_100'
ptxas info    : Function properties for _ZN3cub17_V_300500_SM_10006detail12batched_topk44device_segmented_topk_finalize_filter_kernelINS2_26policy_selector_from_typesIaNS0_8NullTypeElLl8388608EEELNS1_4topk6selectE0EN4cuda3__417constant_iteratorIPKalEENSB_IPalEEPPS5_SI_NS1_6params13uniform_paramIlLl0ELl268435456EEENSK_IlLl1ELl8388608EEENSK_IlLl1ELl1EEEPljPyNS1_21identity_decomposer_tEjjaEEvT1_T2_T3_T4_T5_T6_T7_T8_PKT9_PNS7_7counterIT14_T12_T13_EEPS14_PS13_PNS9_3std3__415iterator_traitsINS1C_IST_vE10value_typeEvE10value_typeES19_S1H_T10_S14_S14_iiT11_b
    48 bytes stack frame, 0 bytes spill stores, 0 bytes spill loads
ptxas info    : Used 64 registers, used 1 barriers, 48 bytes cumulative stack size, 9264 bytes smem
ptxas info    : Compile time = 64.607 ms
ptxas info    : Compiling entry function '_ZN3cub17_V_300500_SM_10006detail12batched_topk40device_segmented_topk_last_filter_kernelINS2_26policy_selector_from_typesIaNS0_8NullTypeElLl8388608EEELNS1_4topk6selectE0EN4cuda3__417constant_iteratorIPKalEENSB_IPalEEPPS5_SI_NS1_6params13uniform_paramIlLl0ELl268435456EEENSK_IlLl1ELl8388608EEENSK_IlLl1ELl1EEEPljPyNS1_21identity_decomposer_tEjjEEvT1_T2_T3_T4_T5_T6_T7_T8_PKT9_PNS7_7counterINS9_3std3__415iterator_traitsINS15_ISR_vE10value_typeEvE10value_typeET12_T13_EEPS19_PNS15_INS15_IST_vE10value_typeEvE10value_typeES1A_T10_iiT11_' for 'sm_100'
ptxas info    : Function properties for _ZN3cub17_V_300500_SM_10006detail12batched_topk40device_segmented_topk_last_filter_kernelINS2_26policy_selector_from_typesIaNS0_8NullTypeElLl8388608EEELNS1_4topk6selectE0EN4cuda3__417constant_iteratorIPKalEENSB_IPalEEPPS5_SI_NS1_6params13uniform_paramIlLl0ELl268435456EEENSK_IlLl1ELl8388608EEENSK_IlLl1ELl1EEEPljPyNS1_21identity_decomposer_tEjjEEvT1_T2_T3_T4_T5_T6_T7_T8_PKT9_PNS7_7counterINS9_3std3__415iterator_traitsINS15_ISR_vE10value_typeEvE10value_typeET12_T13_EEPS19_PNS15_INS15_IST_vE10value_typeEvE10value_typeES1A_T10_iiT11_
    32 bytes stack frame, 0 bytes spill stores, 0 bytes spill loads
ptxas info    : Used 56 registers, used 1 barriers, 32 bytes cumulative stack size, 8240 bytes smem
ptxas info    : Compile time = 68.211 ms
ptxas info    : Compiling entry function '_ZN3cub17_V_300500_SM_10006detail12batched_topk35device_segmented_topk_filter_kernelINS2_26policy_selector_from_typesIaNS0_8NullTypeElLl8388608EEELNS1_4topk6selectE0EN4cuda3__417constant_iteratorIPKalEENSB_IPalEEPPS5_SI_NS1_6params13uniform_paramIlLl0ELl268435456EEENSK_IlLl1ELl8388608EEENSK_IlLl1ELl1EEEPljPyNS1_21identity_decomposer_tEjjEEvT1_T2_T3_T4_T5_T6_T7_T8_PKT9_PNS7_7counterINS9_3std3__415iterator_traitsINS15_ISR_vE10value_typeEvE10value_typeET12_T13_EEPS1A_PS19_PNS15_INS15_IST_vE10value_typeEvE10value_typeES1F_S1K_S1A_S1A_T10_iibT11_' for 'sm_100'
ptxas info    : Function properties for _ZN3cub17_V_300500_SM_10006detail12batched_topk35device_segmented_topk_filter_kernelINS2_26policy_selector_from_typesIaNS0_8NullTypeElLl8388608EEELNS1_4topk6selectE0EN4cuda3__417constant_iteratorIPKalEENSB_IPalEEPPS5_SI_NS1_6params13uniform_paramIlLl0ELl268435456EEENSK_IlLl1ELl8388608EEENSK_IlLl1ELl1EEEPljPyNS1_21identity_decomposer_tEjjEEvT1_T2_T3_T4_T5_T6_T7_T8_PKT9_PNS7_7counterINS9_3std3__415iterator_traitsINS15_ISR_vE10value_typeEvE10value_typeET12_T13_EEPS1A_PS19_PNS15_INS15_IST_vE10value_typeEvE10value_typeES1F_S1K_S1A_S1A_T10_iibT11_
    40 bytes stack frame, 4 bytes spill stores, 8 bytes spill loads
ptxas info    : Used 40 registers, used 1 barriers, 40 bytes cumulative stack size, 9264 bytes smem
ptxas info    : Compile time = 64.104 ms
ptxas info    : Compiling entry function '_ZN3cub17_V_300500_SM_10006detail12batched_topk47device_segmented_topk_finalize_histogram_kernelINS2_26policy_selector_from_typesIaNS0_8NullTypeElLl8388608EEEN4cuda3__417constant_iteratorIPKalEENS1_6params13uniform_paramIlLl0ELl268435456EEENSE_IlLl1ELl8388608EEENSE_IlLl1ELl1EEEPlPyNS1_4topk16extract_bin_op_tIaLNSK_6selectE0ELi8ENS1_21identity_decomposer_tELb1EEEjjaEEvT0_T1_T2_T3_T4_PNSK_7counterIT9_T7_T8_EEPSW_T5_T6_ib' for 'sm_100'
ptxas info    : Function properties for _ZN3cub17_V_300500_SM_10006detail12batched_topk47device_segmented_topk_finalize_histogram_kernelINS2_26policy_selector_from_typesIaNS0_8NullTypeElLl8388608EEEN4cuda3__417constant_iteratorIPKalEENS1_6params13uniform_paramIlLl0ELl268435456EEENSE_IlLl1ELl8388608EEENSE_IlLl1ELl1EEEPlPyNS1_4topk16extract_bin_op_tIaLNSK_6selectE0ELi8ENS1_21identity_decomposer_tELb1EEEjjaEEvT0_T1_T2_T3_T4_PNSK_7counterIT9_T7_T8_EEPSW_T5_T6_ib
    0 bytes stack frame, 0 bytes spill stores, 0 bytes spill loads
ptxas info    : Used 32 registers, used 1 barriers, 2048 bytes smem
ptxas info    : Compile time = 11.014 ms
ptxas info    : Compiling entry function '_ZN3cub17_V_300500_SM_10006detail12batched_topk38device_segmented_topk_histogram_kernelINS2_26policy_selector_from_typesIaNS0_8NullTypeElLl8388608EEEN4cuda3__417constant_iteratorIPKalEENS1_6params13uniform_paramIlLl0ELl268435456EEENSE_IlLl1ELl8388608EEENSE_IlLl1ELl1EEEPljPyNS1_4topk16extract_bin_op_tIaLNSK_6selectE0ELi8ENS1_21identity_decomposer_tELb1EEEjjjEEvT0_T1_T2_T3_T4_PKT5_PNSK_7counterINS7_3std3__415iterator_traitsINS10_ISP_vE10value_typeEvE10value_typeET8_T9_EEPS15_T6_T7_' for 'sm_100'
ptxas info    : Function properties for _ZN3cub17_V_300500_SM_10006detail12batched_topk38device_segmented_topk_histogram_kernelINS2_26policy_selector_from_typesIaNS0_8NullTypeElLl8388608EEEN4cuda3__417constant_iteratorIPKalEENS1_6params13uniform_paramIlLl0ELl268435456EEENSE_IlLl1ELl8388608EEENSE_IlLl1ELl1EEEPljPyNS1_4topk16extract_bin_op_tIaLNSK_6selectE0ELi8ENS1_21identity_decomposer_tELb1EEEjjjEEvT0_T1_T2_T3_T4_PKT5_PNSK_7counterINS7_3std3__415iterator_traitsINS10_ISP_vE10value_typeEvE10value_typeET8_T9_EEPS15_T6_T7_
    0 bytes stack frame, 0 bytes spill stores, 0 bytes spill loads
ptxas info    : Used 27 registers, used 1 barriers, 9296 bytes smem
ptxas info    : Compile time = 66.183 ms
ptxas info    : Compiling entry function '_ZN3cub17_V_300500_SM_10006detail12batched_topk28device_segmented_topk_kernelINS2_26policy_selector_from_typesIaNS0_8NullTypeElLl8388608EEEN4cuda3__417constant_iteratorIPKalEENS9_IPalEEPPS5_SG_NS1_6params13uniform_paramIlLl0ELl268435456EEENSI_IlLl1ELl8388608EEENSH_22uniform_discrete_paramINS1_4topk6selectEJLSN_1EEEENSI_IlLl1ELl1EEEjEEvT0_T1_T2_T3_T4_T5_T6_T7_PNS2_21batched_topk_countersINSX_10value_typeEEEPSZ_PT8_' for 'sm_100'
ptxas info    : Function properties for _ZN3cub17_V_300500_SM_10006detail12batched_topk28device_segmented_topk_kernelINS2_26policy_selector_from_typesIaNS0_8NullTypeElLl8388608EEEN4cuda3__417constant_iteratorIPKalEENS9_IPalEEPPS5_SG_NS1_6params13uniform_paramIlLl0ELl268435456EEENSI_IlLl1ELl8388608EEENSH_22uniform_discrete_paramINS1_4topk6selectEJLSN_1EEEENSI_IlLl1ELl1EEEjEEvT0_T1_T2_T3_T4_T5_T6_T7_PNS2_21batched_topk_countersINSX_10value_typeEEEPSZ_PT8_
    0 bytes stack frame, 0 bytes spill stores, 0 bytes spill loads
ptxas info    : Used 255 registers, used 1 barriers, 33808 bytes smem
ptxas info    : Compile time = 148.685 ms
ptxas info    : Compiling entry function '_ZN3cub17_V_300500_SM_10006detail11EmptyKernelIvEEvv' for 'sm_100'
ptxas info    : Function properties for _ZN3cub17_V_300500_SM_10006detail11EmptyKernelIvEEvv
    0 bytes stack frame, 0 bytes spill stores, 0 bytes spill loads
ptxas info    : Used 4 registers, used 0 barriers
ptxas info    : Compile time = 0.458 ms
[3/3] Linking CUDA executable bin/cub.bench.topk.keys.base
