[0/2] Re-checking globbed directories...
[1/44] Generate git revision file for nvbench_git_revision
[2/44] Building CXX object _deps/nvbench-build/nvbench/CMakeFiles/nvbench.dir/axis_base.cxx.o
[3/44] Building CXX object _deps/nvbench-build/nvbench/CMakeFiles/nvbench.dir/printer_multiplex.cxx.o
[4/44] Building CXX object _deps/fmt-build/CMakeFiles/fmt.dir/src/os.cc.o
[5/44] Building CXX object _deps/nvbench-build/nvbench/CMakeFiles/nvbench.dir/printer_base.cxx.o
[6/44] Building CXX object _deps/nvbench-build/nvbench/CMakeFiles/nvbench.dir/type_strings.cxx.o
[7/44] Building CXX object _deps/nvbench-build/nvbench/CMakeFiles/nvbench.dir/string_axis.cxx.o
[8/44] Building CXX object _deps/nvbench-build/nvbench/CMakeFiles/nvbench.dir/float64_axis.cxx.o
[9/44] Building CXX object _deps/nvbench-build/nvbench/CMakeFiles/nvbench.dir/int64_axis.cxx.o
[10/44] Building CXX object _deps/nvbench-build/nvbench/CMakeFiles/nvbench.dir/detail/entropy_criterion.cxx.o
[11/44] Building CXX object _deps/nvbench-build/nvbench/CMakeFiles/nvbench.dir/stopping_criterion.cxx.o
[12/44] Building CXX object _deps/nvbench-build/nvbench/CMakeFiles/nvbench.dir/detail/gpu_frequency.cxx.o
[13/44] Building CXX object _deps/nvbench-build/nvbench/CMakeFiles/nvbench.dir/benchmark_manager.cxx.o
[14/44] Building CXX object _deps/nvbench-build/nvbench/CMakeFiles/nvbench.dir/internal/nvml.cxx.o
[15/44] Building CXX object _deps/nvbench-build/nvbench/CMakeFiles/nvbench.dir/runner.cxx.o
[16/44] Building CXX object _deps/nvbench-build/nvbench/CMakeFiles/nvbench.dir/detail/stdrel_criterion.cxx.o
[17/44] Building CXX object _deps/nvbench-build/nvbench/CMakeFiles/nvbench.dir/named_values.cxx.o
[18/44] Building CXX object _deps/nvbench-build/nvbench/CMakeFiles/nvbench.dir/benchmark_base.cxx.o
[19/44] Building CXX object _deps/nvbench-build/nvbench/CMakeFiles/nvbench.dir/criterion_manager.cxx.o
[20/44] Building CXX object _deps/nvbench-build/nvbench/CMakeFiles/nvbench.dir/detail/measure_cpu_only.cxx.o
[21/44] Building CXX object _deps/nvbench-build/nvbench/CMakeFiles/nvbench.dir/type_axis.cxx.o
[22/44] Building CUDA object _deps/nvbench-build/nvbench/CMakeFiles/nvbench.dir/cuda_call.cu.o
ptxas info    : 0 bytes gmem
[23/44] Building CXX object _deps/nvbench-build/nvbench/CMakeFiles/nvbench.dir/axes_metadata.cxx.o
[24/44] Building CXX object _deps/nvbench-build/nvbench/CMakeFiles/nvbench.dir/state.cxx.o
[25/44] Building CXX object _deps/nvbench-build/nvbench/CMakeFiles/nvbench.dir/cupti_profiler_host.cxx.o
[26/44] Building CUDA object _deps/nvbench-build/nvbench/CMakeFiles/nvbench.dir/device_info.cu.o
ptxas info    : 0 bytes gmem
ptxas info    : Compiling entry function '_ZN7nvbench6detail11noop_kernelIvEEvv' for 'sm_100'
ptxas info    : Function properties for _ZN7nvbench6detail11noop_kernelIvEEvv
    0 bytes stack frame, 0 bytes spill stores, 0 bytes spill loads
ptxas info    : Used 4 registers, used 0 barriers
ptxas info    : Compile time = 1.063 ms
[27/44] Building CUDA object _deps/nvbench-build/nvbench/CMakeFiles/nvbench.dir/device_manager.cu.o
ptxas info    : 0 bytes gmem
ptxas info    : Compiling entry function '_ZN7nvbench6detail11noop_kernelIvEEvv' for 'sm_100'
ptxas info    : Function properties for _ZN7nvbench6detail11noop_kernelIvEEvv
    0 bytes stack frame, 0 bytes spill stores, 0 bytes spill loads
ptxas info    : Used 4 registers, used 0 barriers
ptxas info    : Compile time = 1.076 ms
[28/44] Building CXX object _deps/nvbench-build/nvbench/CMakeFiles/nvbench.dir/detail/state_generator.cxx.o
[29/44] Building CUDA object _deps/nvbench-build/nvbench/CMakeFiles/nvbench.dir/detail/timestamps_kernel.cu.o
ptxas info    : 0 bytes gmem
ptxas info    : Compiling entry function '_ZN53_GLOBAL__N__67f141e1_20_timestamps_kernel_cu_605b294321get_timestamps_kernelEPmS0_' for 'sm_100'
ptxas info    : Function properties for _ZN53_GLOBAL__N__67f141e1_20_timestamps_kernel_cu_605b294321get_timestamps_kernelEPmS0_
    0 bytes stack frame, 0 bytes spill stores, 0 bytes spill loads
ptxas info    : Used 12 registers, used 0 barriers
ptxas info    : Compile time = 2.264 ms
ptxas info    : Compiling entry function '_ZN7nvbench6detail11noop_kernelIvEEvv' for 'sm_100'
ptxas info    : Function properties for _ZN7nvbench6detail11noop_kernelIvEEvv
    0 bytes stack frame, 0 bytes spill stores, 0 bytes spill loads
ptxas info    : Used 4 registers, used 0 barriers
ptxas info    : Compile time = 0.634 ms
[30/44] Building CUDA object _deps/nvbench-build/nvbench/CMakeFiles/nvbench.main.dir/main.cu.o
ptxas info    : 0 bytes gmem
ptxas info    : Compiling entry function '_ZN7nvbench6detail11noop_kernelIvEEvv' for 'sm_100'
ptxas info    : Function properties for _ZN7nvbench6detail11noop_kernelIvEEvv
    0 bytes stack frame, 0 bytes spill stores, 0 bytes spill loads
ptxas info    : Used 4 registers, used 0 barriers
ptxas info    : Compile time = 1.188 ms
[31/44] Building CUDA object _deps/nvbench-build/nvbench/CMakeFiles/nvbench.dir/detail/measure_hot.cu.o
ptxas info    : 0 bytes gmem
ptxas info    : Compiling entry function '_ZN7nvbench6detail11noop_kernelIvEEvv' for 'sm_100'
ptxas info    : Function properties for _ZN7nvbench6detail11noop_kernelIvEEvv
    0 bytes stack frame, 0 bytes spill stores, 0 bytes spill loads
ptxas info    : Used 4 registers, used 0 barriers
ptxas info    : Compile time = 0.826 ms
[32/44] Building CXX object _deps/fmt-build/CMakeFiles/fmt.dir/src/format.cc.o
[33/44] Linking CXX static library _deps/fmt-build/libfmt.a
[34/44] Building CUDA object _deps/nvbench-build/nvbench/CMakeFiles/nvbench.dir/blocking_kernel.cu.o
ptxas info    : 1231 bytes gmem
ptxas info    : Compiling entry function '_ZN51_GLOBAL__N__05cef890_18_blocking_kernel_cu_86d27a5812block_streamEPVKiPVid' for 'sm_100'
ptxas info    : Function properties for _ZN51_GLOBAL__N__05cef890_18_blocking_kernel_cu_86d27a5812block_streamEPVKiPVid
    8 bytes stack frame, 0 bytes spill stores, 0 bytes spill loads
ptxas info    : Used 24 registers, used 0 barriers, 8 bytes cumulative stack size
ptxas info    : Compile time = 3.098 ms
ptxas info    : Compiling entry function '_ZN7nvbench6detail11noop_kernelIvEEvv' for 'sm_100'
ptxas info    : Function properties for _ZN7nvbench6detail11noop_kernelIvEEvv
    0 bytes stack frame, 0 bytes spill stores, 0 bytes spill loads
ptxas info    : Used 4 registers, used 0 barriers
ptxas info    : Compile time = 0.464 ms
[35/44] Building CUDA object _deps/nvbench-build/nvbench/CMakeFiles/nvbench.dir/csv_printer.cu.o
ptxas info    : 0 bytes gmem
ptxas info    : Compiling entry function '_ZN7nvbench6detail11noop_kernelIvEEvv' for 'sm_100'
ptxas info    : Function properties for _ZN7nvbench6detail11noop_kernelIvEEvv
    0 bytes stack frame, 0 bytes spill stores, 0 bytes spill loads
ptxas info    : Used 4 registers, used 0 barriers
ptxas info    : Compile time = 1.215 ms
[36/44] Building CUDA object _deps/nvbench-build/nvbench/CMakeFiles/nvbench.dir/detail/measure_cold.cu.o
ptxas info    : 0 bytes gmem
ptxas info    : Compiling entry function '_ZN7nvbench6detail11noop_kernelIvEEvv' for 'sm_100'
ptxas info    : Function properties for _ZN7nvbench6detail11noop_kernelIvEEvv
    0 bytes stack frame, 0 bytes spill stores, 0 bytes spill loads
ptxas info    : Used 4 registers, used 0 barriers
ptxas info    : Compile time = 0.879 ms
[37/44] Building CUDA object _deps/nvbench-build/nvbench/CMakeFiles/nvbench.dir/detail/measure_cupti.cu.o
ptxas info    : 0 bytes gmem
ptxas info    : Compiling entry function '_ZN7nvbench6detail11noop_kernelIvEEvv' for 'sm_100'
ptxas info    : Function properties for _ZN7nvbench6detail11noop_kernelIvEEvv
    0 bytes stack frame, 0 bytes spill stores, 0 bytes spill loads
ptxas info    : Used 4 registers, used 0 barriers
ptxas info    : Compile time = 0.982 ms
[38/44] Building CUDA object _deps/nvbench-build/nvbench/CMakeFiles/nvbench.dir/markdown_printer.cu.o
ptxas info    : 0 bytes gmem
ptxas info    : Compiling entry function '_ZN7nvbench6detail11noop_kernelIvEEvv' for 'sm_100'
ptxas info    : Function properties for _ZN7nvbench6detail11noop_kernelIvEEvv
    0 bytes stack frame, 0 bytes spill stores, 0 bytes spill loads
ptxas info    : Used 4 registers, used 0 barriers
ptxas info    : Compile time = 1.062 ms
[39/44] Building CUDA object _deps/nvbench-build/nvbench/CMakeFiles/nvbench.dir/option_parser.cu.o
ptxas info    : 0 bytes gmem
ptxas info    : Compiling entry function '_ZN7nvbench6detail11noop_kernelIvEEvv' for 'sm_100'
ptxas info    : Function properties for _ZN7nvbench6detail11noop_kernelIvEEvv
    0 bytes stack frame, 0 bytes spill stores, 0 bytes spill loads
ptxas info    : Used 4 registers, used 0 barriers
ptxas info    : Compile time = 1.209 ms
[40/44] Building CUDA object _deps/nvbench-build/nvbench/CMakeFiles/nvbench.dir/json_printer.cu.o
ptxas info    : 0 bytes gmem
ptxas info    : Compiling entry function '_ZN7nvbench6detail11noop_kernelIvEEvv' for 'sm_100'
ptxas info    : Function properties for _ZN7nvbench6detail11noop_kernelIvEEvv
    0 bytes stack frame, 0 bytes spill stores, 0 bytes spill loads
ptxas info    : Used 4 registers, used 0 barriers
ptxas info    : Compile time = 1.212 ms
[41/44] Linking CXX shared library lib/libnvbench.so
[42/44] Building CUDA object cub/benchmarks/CMakeFiles/cub.bench.topk.pairs.base.dir/bench/topk/pairs.cu.o
ptxas info    : 124 bytes gmem
ptxas info    : Compiling entry function '_ZN7nvbench6detail11noop_kernelIvEEvv' for 'sm_100'
ptxas info    : Function properties for _ZN7nvbench6detail11noop_kernelIvEEvv
    0 bytes stack frame, 0 bytes spill stores, 0 bytes spill loads
ptxas info    : Used 4 registers, used 0 barriers
ptxas info    : Compile time = 1.726 ms
ptxas info    : Compiling entry function '_ZN3cub17_V_300500_SM_10006detail8for_each13static_kernelINS2_15policy_selectorEmN6thrust17_V_300500_SM_10008cuda_cub20__uninitialized_fill7functorINS6_10device_ptrIlEElEEEEvT0_T1_' for 'sm_100'
ptxas info    : Function properties for _ZN3cub17_V_300500_SM_10006detail8for_each13static_kernelINS2_15policy_selectorEmN6thrust17_V_300500_SM_10008cuda_cub20__uninitialized_fill7functorINS6_10device_ptrIlEElEEEEvT0_T1_
    0 bytes stack frame, 0 bytes spill stores, 0 bytes spill loads
ptxas info    : Used 9 registers, used 0 barriers
ptxas info    : Compile time = 2.279 ms
ptxas info    : Compiling entry function '_ZN3cub17_V_300500_SM_10006detail8for_each13static_kernelINS2_15policy_selectorEmN6thrust17_V_300500_SM_10008cuda_cub20__uninitialized_fill7functorINS6_10device_ptrIiEEiEEEEvT0_T1_' for 'sm_100'
ptxas info    : Function properties for _ZN3cub17_V_300500_SM_10006detail8for_each13static_kernelINS2_15policy_selectorEmN6thrust17_V_300500_SM_10008cuda_cub20__uninitialized_fill7functorINS6_10device_ptrIiEEiEEEEvT0_T1_
    0 bytes stack frame, 0 bytes spill stores, 0 bytes spill loads
ptxas info    : Used 8 registers, used 0 barriers
ptxas info    : Compile time = 1.880 ms
ptxas info    : Compiling entry function '_ZN3cub17_V_300500_SM_10006detail8for_each13static_kernelINS2_15policy_selectorEmN6thrust17_V_300500_SM_10008cuda_cub20__uninitialized_fill7functorINS6_10device_ptrIsEEsEEEEvT0_T1_' for 'sm_100'
ptxas info    : Function properties for _ZN3cub17_V_300500_SM_10006detail8for_each13static_kernelINS2_15policy_selectorEmN6thrust17_V_300500_SM_10008cuda_cub20__uninitialized_fill7functorINS6_10device_ptrIsEEsEEEEvT0_T1_
    0 bytes stack frame, 0 bytes spill stores, 0 bytes spill loads
ptxas info    : Used 8 registers, used 0 barriers
ptxas info    : Compile time = 2.017 ms
ptxas info    : Compiling entry function '_ZN3cub17_V_300500_SM_10006detail8for_each13static_kernelINS2_15policy_selectorEmN6thrust17_V_300500_SM_10008cuda_cub20__uninitialized_fill7functorINS6_10device_ptrIaEEaEEEEvT0_T1_' for 'sm_100'
ptxas info    : Function properties for _ZN3cub17_V_300500_SM_10006detail8for_each13static_kernelINS2_15policy_selectorEmN6thrust17_V_300500_SM_10008cuda_cub20__uninitialized_fill7functorINS6_10device_ptrIaEEaEEEEvT0_T1_
    0 bytes stack frame, 0 bytes spill stores, 0 bytes spill loads
ptxas info    : Used 10 registers, used 0 barriers
ptxas info    : Compile time = 1.798 ms
ptxas info    : Compiling entry function '_ZN3cub17_V_300500_SM_10006detail12batched_topk44device_segmented_topk_finalize_filter_kernelINS2_26policy_selector_from_typesIlllLl8388608EEELNS1_4topk6selectE1EN4cuda3__417constant_iteratorIPKllEENSA_IPllEENSA_INS9_17counting_iteratorIjlLi0ELi0ELi0EEElEENS9_18transform_iteratorINS2_26per_segment_indexed_out_opISD_SF_EENSG_IlnLi0ELi0ELi0EEEEENS1_6params13uniform_paramIlLl0ELl268435456EEENSP_IlLl1ELl8388608EEENSP_IlLl1ELl1EEESE_jPyNS1_21identity_decomposer_tEjjlEEvT1_T2_T3_T4_T5_T6_T7_T8_PKT9_PNS6_7counterIT14_T12_T13_EEPS18_PS17_PNS8_3std3__415iterator_traitsINS1G_ISX_vE10value_typeEvE10value_typeES1D_S1L_T10_S18_S18_iiT11_b' for 'sm_100'
ptxas info    : Function properties for _ZN3cub17_V_300500_SM_10006detail12batched_topk44device_segmented_topk_finalize_filter_kernelINS2_26policy_selector_from_typesIlllLl8388608EEELNS1_4topk6selectE1EN4cuda3__417constant_iteratorIPKllEENSA_IPllEENSA_INS9_17counting_iteratorIjlLi0ELi0ELi0EEElEENS9_18transform_iteratorINS2_26per_segment_indexed_out_opISD_SF_EENSG_IlnLi0ELi0ELi0EEEEENS1_6params13uniform_paramIlLl0ELl268435456EEENSP_IlLl1ELl8388608EEENSP_IlLl1ELl1EEESE_jPyNS1_21identity_decomposer_tEjjlEEvT1_T2_T3_T4_T5_T6_T7_T8_PKT9_PNS6_7counterIT14_T12_T13_EEPS18_PS17_PNS8_3std3__415iterator_traitsINS1G_ISX_vE10value_typeEvE10value_typeES1D_S1L_T10_S18_S18_iiT11_b
    0 bytes stack frame, 0 bytes spill stores, 0 bytes spill loads
ptxas info    : Used 54 registers, used 1 barriers, 8208 bytes smem
ptxas info    : Compile time = 25.772 ms
ptxas info    : Compiling entry function '_ZN3cub17_V_300500_SM_10006detail12batched_topk40device_segmented_topk_last_filter_kernelINS2_26policy_selector_from_typesIlllLl8388608EEELNS1_4topk6selectE1EN4cuda3__417constant_iteratorIPKllEENSA_IPllEENSA_INS9_17counting_iteratorIjlLi0ELi0ELi0EEElEENS9_18transform_iteratorINS2_26per_segment_indexed_out_opISD_SF_EENSG_IlnLi0ELi0ELi0EEEEENS1_6params13uniform_paramIlLl0ELl268435456EEENSP_IlLl1ELl8388608EEENSP_IlLl1ELl1EEESE_jPyNS1_21identity_decomposer_tEjjEEvT1_T2_T3_T4_T5_T6_T7_T8_PKT9_PNS6_7counterINS8_3std3__415iterator_traitsINS19_ISV_vE10value_typeEvE10value_typeET12_T13_EEPS1D_PNS19_INS19_ISX_vE10value_typeEvE10value_typeES1E_T10_iiT11_' for 'sm_100'
ptxas info    : Function properties for _ZN3cub17_V_300500_SM_10006detail12batched_topk40device_segmented_topk_last_filter_kernelINS2_26policy_selector_from_typesIlllLl8388608EEELNS1_4topk6selectE1EN4cuda3__417constant_iteratorIPKllEENSA_IPllEENSA_INS9_17counting_iteratorIjlLi0ELi0ELi0EEElEENS9_18transform_iteratorINS2_26per_segment_indexed_out_opISD_SF_EENSG_IlnLi0ELi0ELi0EEEEENS1_6params13uniform_paramIlLl0ELl268435456EEENSP_IlLl1ELl8388608EEENSP_IlLl1ELl1EEESE_jPyNS1_21identity_decomposer_tEjjEEvT1_T2_T3_T4_T5_T6_T7_T8_PKT9_PNS6_7counterINS8_3std3__415iterator_traitsINS19_ISV_vE10value_typeEvE10value_typeET12_T13_EEPS1D_PNS19_INS19_ISX_vE10value_typeEvE10value_typeES1E_T10_iiT11_
    0 bytes stack frame, 0 bytes spill stores, 0 bytes spill loads
ptxas info    : Used 40 registers, used 0 barriers
ptxas info    : Compile time = 24.598 ms
ptxas info    : Compiling entry function '_ZN3cub17_V_300500_SM_10006detail12batched_topk35device_segmented_topk_filter_kernelINS2_26policy_selector_from_typesIlllLl8388608EEELNS1_4topk6selectE1EN4cuda3__417constant_iteratorIPKllEENSA_IPllEENSA_INS9_17counting_iteratorIjlLi0ELi0ELi0EEElEENS9_18transform_iteratorINS2_26per_segment_indexed_out_opISD_SF_EENSG_IlnLi0ELi0ELi0EEEEENS1_6params13uniform_paramIlLl0ELl268435456EEENSP_IlLl1ELl8388608EEENSP_IlLl1ELl1EEESE_jPyNS1_21identity_decomposer_tEjjEEvT1_T2_T3_T4_T5_T6_T7_T8_PKT9_PNS6_7counterINS8_3std3__415iterator_traitsINS19_ISV_vE10value_typeEvE10value_typeET12_T13_EEPS1E_PS1D_PNS19_INS19_ISX_vE10value_typeEvE10value_typeES1J_S1O_S1E_S1E_T10_iibT11_' for 'sm_100'
ptxas info    : Function properties for _ZN3cub17_V_300500_SM_10006detail12batched_topk35device_segmented_topk_filter_kernelINS2_26policy_selector_from_typesIlllLl8388608EEELNS1_4topk6selectE1EN4cuda3__417constant_iteratorIPKllEENSA_IPllEENSA_INS9_17counting_iteratorIjlLi0ELi0ELi0EEElEENS9_18transform_iteratorINS2_26per_segment_indexed_out_opISD_SF_EENSG_IlnLi0ELi0ELi0EEEEENS1_6params13uniform_paramIlLl0ELl268435456EEENSP_IlLl1ELl8388608EEENSP_IlLl1ELl1EEESE_jPyNS1_21identity_decomposer_tEjjEEvT1_T2_T3_T4_T5_T6_T7_T8_PKT9_PNS6_7counterINS8_3std3__415iterator_traitsINS19_ISV_vE10value_typeEvE10value_typeET12_T13_EEPS1E_PS1D_PNS19_INS19_ISX_vE10value_typeEvE10value_typeES1J_S1O_S1E_S1E_T10_iibT11_
    0 bytes stack frame, 0 bytes spill stores, 0 bytes spill loads
ptxas info    : Used 40 registers, used 1 barriers, 8196 bytes smem
ptxas info    : Compile time = 24.102 ms
ptxas info    : Compiling entry function '_ZN3cub17_V_300500_SM_10006detail12batched_topk47device_segmented_topk_finalize_histogram_kernelINS2_26policy_selector_from_typesIlllLl8388608EEEN4cuda3__417constant_iteratorIPKllEENS1_6params13uniform_paramIlLl0ELl268435456EEENSD_IlLl1ELl8388608EEENSD_IlLl1ELl1EEEPlPyNS1_4topk16extract_bin_op_tIlLNSJ_6selectE1ELi11ENS1_21identity_decomposer_tELb1EEEjjlEEvT0_T1_T2_T3_T4_PNSJ_7counterIT9_T7_T8_EEPSV_T5_T6_ib' for 'sm_100'
ptxas info    : Function properties for _ZN3cub17_V_300500_SM_10006detail12batched_topk47device_segmented_topk_finalize_histogram_kernelINS2_26policy_selector_from_typesIlllLl8388608EEEN4cuda3__417constant_iteratorIPKllEENS1_6params13uniform_paramIlLl0ELl268435456EEENSD_IlLl1ELl8388608EEENSD_IlLl1ELl1EEEPlPyNS1_4topk16extract_bin_op_tIlLNSJ_6selectE1ELi11ENS1_21identity_decomposer_tELb1EEEjjlEEvT0_T1_T2_T3_T4_PNSJ_7counterIT9_T7_T8_EEPSV_T5_T6_ib
    0 bytes stack frame, 0 bytes spill stores, 0 bytes spill loads
ptxas info    : Used 40 registers, used 1 barriers, 8192 bytes smem
ptxas info    : Compile time = 9.391 ms
ptxas info    : Compiling entry function '_ZN3cub17_V_300500_SM_10006detail12batched_topk38device_segmented_topk_histogram_kernelINS2_26policy_selector_from_typesIlllLl8388608EEEN4cuda3__417constant_iteratorIPKllEENS1_6params13uniform_paramIlLl0ELl268435456EEENSD_IlLl1ELl8388608EEENSD_IlLl1ELl1EEEPljPyNS1_4topk16extract_bin_op_tIlLNSJ_6selectE1ELi11ENS1_21identity_decomposer_tELb1EEEjjjEEvT0_T1_T2_T3_T4_PKT5_PNSJ_7counterINS6_3std3__415iterator_traitsINSZ_ISO_vE10value_typeEvE10value_typeET8_T9_EEPS14_T6_T7_' for 'sm_100'
ptxas info    : Function properties for _ZN3cub17_V_300500_SM_10006detail12batched_topk38device_segmented_topk_histogram_kernelINS2_26policy_selector_from_typesIlllLl8388608EEEN4cuda3__417constant_iteratorIPKllEENS1_6params13uniform_paramIlLl0ELl268435456EEENSD_IlLl1ELl8388608EEENSD_IlLl1ELl1EEEPljPyNS1_4topk16extract_bin_op_tIlLNSJ_6selectE1ELi11ENS1_21identity_decomposer_tELb1EEEjjjEEvT0_T1_T2_T3_T4_PKT5_PNSJ_7counterINS6_3std3__415iterator_traitsINSZ_ISO_vE10value_typeEvE10value_typeET8_T9_EEPS14_T6_T7_
    0 bytes stack frame, 0 bytes spill stores, 0 bytes spill loads
ptxas info    : Used 30 registers, used 1 barriers, 8240 bytes smem
ptxas info    : Compile time = 19.826 ms
ptxas info    : Compiling entry function '_ZN3cub17_V_300500_SM_10006detail12batched_topk44device_segmented_topk_finalize_filter_kernelINS2_26policy_selector_from_typesIlllLl8388608EEELNS1_4topk6selectE0EN4cuda3__417constant_iteratorIPKllEENSA_IPllEENSA_INS9_17counting_iteratorIjlLi0ELi0ELi0EEElEENS9_18transform_iteratorINS2_26per_segment_indexed_out_opISD_SF_EENSG_IlnLi0ELi0ELi0EEEEENS1_6params13uniform_paramIlLl0ELl268435456EEENSP_IlLl1ELl8388608EEENSP_IlLl1ELl1EEESE_jPyNS1_21identity_decomposer_tEjjlEEvT1_T2_T3_T4_T5_T6_T7_T8_PKT9_PNS6_7counterIT14_T12_T13_EEPS18_PS17_PNS8_3std3__415iterator_traitsINS1G_ISX_vE10value_typeEvE10value_typeES1D_S1L_T10_S18_S18_iiT11_b' for 'sm_100'
ptxas info    : Function properties for _ZN3cub17_V_300500_SM_10006detail12batched_topk44device_segmented_topk_finalize_filter_kernelINS2_26policy_selector_from_typesIlllLl8388608EEELNS1_4topk6selectE0EN4cuda3__417constant_iteratorIPKllEENSA_IPllEENSA_INS9_17counting_iteratorIjlLi0ELi0ELi0EEElEENS9_18transform_iteratorINS2_26per_segment_indexed_out_opISD_SF_EENSG_IlnLi0ELi0ELi0EEEEENS1_6params13uniform_paramIlLl0ELl268435456EEENSP_IlLl1ELl8388608EEENSP_IlLl1ELl1EEESE_jPyNS1_21identity_decomposer_tEjjlEEvT1_T2_T3_T4_T5_T6_T7_T8_PKT9_PNS6_7counterIT14_T12_T13_EEPS18_PS17_PNS8_3std3__415iterator_traitsINS1G_ISX_vE10value_typeEvE10value_typeES1D_S1L_T10_S18_S18_iiT11_b
    0 bytes stack frame, 0 bytes spill stores, 0 bytes spill loads
ptxas info    : Used 54 registers, used 1 barriers, 8208 bytes smem
ptxas info    : Compile time = 24.149 ms
ptxas info    : Compiling entry function '_ZN3cub17_V_300500_SM_10006detail12batched_topk40device_segmented_topk_last_filter_kernelINS2_26policy_selector_from_typesIlllLl8388608EEELNS1_4topk6selectE0EN4cuda3__417constant_iteratorIPKllEENSA_IPllEENSA_INS9_17counting_iteratorIjlLi0ELi0ELi0EEElEENS9_18transform_iteratorINS2_26per_segment_indexed_out_opISD_SF_EENSG_IlnLi0ELi0ELi0EEEEENS1_6params13uniform_paramIlLl0ELl268435456EEENSP_IlLl1ELl8388608EEENSP_IlLl1ELl1EEESE_jPyNS1_21identity_decomposer_tEjjEEvT1_T2_T3_T4_T5_T6_T7_T8_PKT9_PNS6_7counterINS8_3std3__415iterator_traitsINS19_ISV_vE10value_typeEvE10value_typeET12_T13_EEPS1D_PNS19_INS19_ISX_vE10value_typeEvE10value_typeES1E_T10_iiT11_' for 'sm_100'
ptxas info    : Function properties for _ZN3cub17_V_300500_SM_10006detail12batched_topk40device_segmented_topk_last_filter_kernelINS2_26policy_selector_from_typesIlllLl8388608EEELNS1_4topk6selectE0EN4cuda3__417constant_iteratorIPKllEENSA_IPllEENSA_INS9_17counting_iteratorIjlLi0ELi0ELi0EEElEENS9_18transform_iteratorINS2_26per_segment_indexed_out_opISD_SF_EENSG_IlnLi0ELi0ELi0EEEEENS1_6params13uniform_paramIlLl0ELl268435456EEENSP_IlLl1ELl8388608EEENSP_IlLl1ELl1EEESE_jPyNS1_21identity_decomposer_tEjjEEvT1_T2_T3_T4_T5_T6_T7_T8_PKT9_PNS6_7counterINS8_3std3__415iterator_traitsINS19_ISV_vE10value_typeEvE10value_typeET12_T13_EEPS1D_PNS19_INS19_ISX_vE10value_typeEvE10value_typeES1E_T10_iiT11_
    0 bytes stack frame, 0 bytes spill stores, 0 bytes spill loads
ptxas info    : Used 40 registers, used 0 barriers
ptxas info    : Compile time = 24.380 ms
ptxas info    : Compiling entry function '_ZN3cub17_V_300500_SM_10006detail12batched_topk35device_segmented_topk_filter_kernelINS2_26policy_selector_from_typesIlllLl8388608EEELNS1_4topk6selectE0EN4cuda3__417constant_iteratorIPKllEENSA_IPllEENSA_INS9_17counting_iteratorIjlLi0ELi0ELi0EEElEENS9_18transform_iteratorINS2_26per_segment_indexed_out_opISD_SF_EENSG_IlnLi0ELi0ELi0EEEEENS1_6params13uniform_paramIlLl0ELl268435456EEENSP_IlLl1ELl8388608EEENSP_IlLl1ELl1EEESE_jPyNS1_21identity_decomposer_tEjjEEvT1_T2_T3_T4_T5_T6_T7_T8_PKT9_PNS6_7counterINS8_3std3__415iterator_traitsINS19_ISV_vE10value_typeEvE10value_typeET12_T13_EEPS1E_PS1D_PNS19_INS19_ISX_vE10value_typeEvE10value_typeES1J_S1O_S1E_S1E_T10_iibT11_' for 'sm_100'
ptxas info    : Function properties for _ZN3cub17_V_300500_SM_10006detail12batched_topk35device_segmented_topk_filter_kernelINS2_26policy_selector_from_typesIlllLl8388608EEELNS1_4topk6selectE0EN4cuda3__417constant_iteratorIPKllEENSA_IPllEENSA_INS9_17counting_iteratorIjlLi0ELi0ELi0EEElEENS9_18transform_iteratorINS2_26per_segment_indexed_out_opISD_SF_EENSG_IlnLi0ELi0ELi0EEEEENS1_6params13uniform_paramIlLl0ELl268435456EEENSP_IlLl1ELl8388608EEENSP_IlLl1ELl1EEESE_jPyNS1_21identity_decomposer_tEjjEEvT1_T2_T3_T4_T5_T6_T7_T8_PKT9_PNS6_7counterINS8_3std3__415iterator_traitsINS19_ISV_vE10value_typeEvE10value_typeET12_T13_EEPS1E_PS1D_PNS19_INS19_ISX_vE10value_typeEvE10value_typeES1J_S1O_S1E_S1E_T10_iibT11_
    0 bytes stack frame, 0 bytes spill stores, 0 bytes spill loads
ptxas info    : Used 40 registers, used 1 barriers, 8196 bytes smem
ptxas info    : Compile time = 24.010 ms
ptxas info    : Compiling entry function '_ZN3cub17_V_300500_SM_10006detail12batched_topk47device_segmented_topk_finalize_histogram_kernelINS2_26policy_selector_from_typesIlllLl8388608EEEN4cuda3__417constant_iteratorIPKllEENS1_6params13uniform_paramIlLl0ELl268435456EEENSD_IlLl1ELl8388608EEENSD_IlLl1ELl1EEEPlPyNS1_4topk16extract_bin_op_tIlLNSJ_6selectE0ELi11ENS1_21identity_decomposer_tELb1EEEjjlEEvT0_T1_T2_T3_T4_PNSJ_7counterIT9_T7_T8_EEPSV_T5_T6_ib' for 'sm_100'
ptxas info    : Function properties for _ZN3cub17_V_300500_SM_10006detail12batched_topk47device_segmented_topk_finalize_histogram_kernelINS2_26policy_selector_from_typesIlllLl8388608EEEN4cuda3__417constant_iteratorIPKllEENS1_6params13uniform_paramIlLl0ELl268435456EEENSD_IlLl1ELl8388608EEENSD_IlLl1ELl1EEEPlPyNS1_4topk16extract_bin_op_tIlLNSJ_6selectE0ELi11ENS1_21identity_decomposer_tELb1EEEjjlEEvT0_T1_T2_T3_T4_PNSJ_7counterIT9_T7_T8_EEPSV_T5_T6_ib
    0 bytes stack frame, 0 bytes spill stores, 0 bytes spill loads
ptxas info    : Used 40 registers, used 1 barriers, 8192 bytes smem
ptxas info    : Compile time = 9.332 ms
ptxas info    : Compiling entry function '_ZN3cub17_V_300500_SM_10006detail12batched_topk38device_segmented_topk_histogram_kernelINS2_26policy_selector_from_typesIlllLl8388608EEEN4cuda3__417constant_iteratorIPKllEENS1_6params13uniform_paramIlLl0ELl268435456EEENSD_IlLl1ELl8388608EEENSD_IlLl1ELl1EEEPljPyNS1_4topk16extract_bin_op_tIlLNSJ_6selectE0ELi11ENS1_21identity_decomposer_tELb1EEEjjjEEvT0_T1_T2_T3_T4_PKT5_PNSJ_7counterINS6_3std3__415iterator_traitsINSZ_ISO_vE10value_typeEvE10value_typeET8_T9_EEPS14_T6_T7_' for 'sm_100'
ptxas info    : Function properties for _ZN3cub17_V_300500_SM_10006detail12batched_topk38device_segmented_topk_histogram_kernelINS2_26policy_selector_from_typesIlllLl8388608EEEN4cuda3__417constant_iteratorIPKllEENS1_6params13uniform_paramIlLl0ELl268435456EEENSD_IlLl1ELl8388608EEENSD_IlLl1ELl1EEEPljPyNS1_4topk16extract_bin_op_tIlLNSJ_6selectE0ELi11ENS1_21identity_decomposer_tELb1EEEjjjEEvT0_T1_T2_T3_T4_PKT5_PNSJ_7counterINS6_3std3__415iterator_traitsINSZ_ISO_vE10value_typeEvE10value_typeET8_T9_EEPS14_T6_T7_
    0 bytes stack frame, 0 bytes spill stores, 0 bytes spill loads
ptxas info    : Used 30 registers, used 1 barriers, 8240 bytes smem
ptxas info    : Compile time = 19.416 ms
ptxas info    : Compiling entry function '_ZN3cub17_V_300500_SM_10006detail12batched_topk28device_segmented_topk_kernelINS2_26policy_selector_from_typesIlllLl8388608EEEN4cuda3__417constant_iteratorIPKllEENS8_IPllEESB_SD_NS1_6params13uniform_paramIlLl0ELl268435456EEENSF_IlLl1ELl8388608EEENSE_22uniform_discrete_paramINS1_4topk6selectEJLSK_1EEEENSF_IlLl1ELl1EEEjEEvT0_T1_T2_T3_T4_T5_T6_T7_PNS2_21batched_topk_countersINSU_10value_typeEEEPSW_PT8_' for 'sm_100'
ptxas info    : Function properties for _ZN3cub17_V_300500_SM_10006detail12batched_topk28device_segmented_topk_kernelINS2_26policy_selector_from_typesIlllLl8388608EEEN4cuda3__417constant_iteratorIPKllEENS8_IPllEESB_SD_NS1_6params13uniform_paramIlLl0ELl268435456EEENSF_IlLl1ELl8388608EEENSE_22uniform_discrete_paramINS1_4topk6selectEJLSK_1EEEENSF_IlLl1ELl1EEEjEEvT0_T1_T2_T3_T4_T5_T6_T7_PNS2_21batched_topk_countersINSU_10value_typeEEEPSW_PT8_
    0 bytes stack frame, 0 bytes spill stores, 0 bytes spill loads
ptxas info    : Used 156 registers, used 1 barriers, 33808 bytes smem
ptxas info    : Compile time = 64.907 ms
ptxas info    : Compiling entry function '_ZN3cub17_V_300500_SM_10006detail12batched_topk44device_segmented_topk_finalize_filter_kernelINS2_26policy_selector_from_typesIlilLl8388608EEELNS1_4topk6selectE1EN4cuda3__417constant_iteratorIPKllEENSA_IPllEENSA_INS9_17counting_iteratorIjlLi0ELi0ELi0EEElEENS9_18transform_iteratorINS2_26per_segment_indexed_out_opINSA_IPKilEENSA_IPilEEEENSG_IlnLi0ELi0ELi0EEEEENS1_6params13uniform_paramIlLl0ELl268435456EEENSU_IlLl1ELl8388608EEENSU_IlLl1ELl1EEESE_jPyNS1_21identity_decomposer_tEjjlEEvT1_T2_T3_T4_T5_T6_T7_T8_PKT9_PNS6_7counterIT14_T12_T13_EEPS1D_PS1C_PNS8_3std3__415iterator_traitsINS1L_IS12_vE10value_typeEvE10value_typeES1I_S1Q_T10_S1D_S1D_iiT11_b' for 'sm_100'
ptxas info    : Function properties for _ZN3cub17_V_300500_SM_10006detail12batched_topk44device_segmented_topk_finalize_filter_kernelINS2_26policy_selector_from_typesIlilLl8388608EEELNS1_4topk6selectE1EN4cuda3__417constant_iteratorIPKllEENSA_IPllEENSA_INS9_17counting_iteratorIjlLi0ELi0ELi0EEElEENS9_18transform_iteratorINS2_26per_segment_indexed_out_opINSA_IPKilEENSA_IPilEEEENSG_IlnLi0ELi0ELi0EEEEENS1_6params13uniform_paramIlLl0ELl268435456EEENSU_IlLl1ELl8388608EEENSU_IlLl1ELl1EEESE_jPyNS1_21identity_decomposer_tEjjlEEvT1_T2_T3_T4_T5_T6_T7_T8_PKT9_PNS6_7counterIT14_T12_T13_EEPS1D_PS1C_PNS8_3std3__415iterator_traitsINS1L_IS12_vE10value_typeEvE10value_typeES1I_S1Q_T10_S1D_S1D_iiT11_b
    0 bytes stack frame, 0 bytes spill stores, 0 bytes spill loads
ptxas info    : Used 54 registers, used 1 barriers, 8208 bytes smem
ptxas info    : Compile time = 24.358 ms
ptxas info    : Compiling entry function '_ZN3cub17_V_300500_SM_10006detail12batched_topk40device_segmented_topk_last_filter_kernelINS2_26policy_selector_from_typesIlilLl8388608EEELNS1_4topk6selectE1EN4cuda3__417constant_iteratorIPKllEENSA_IPllEENSA_INS9_17counting_iteratorIjlLi0ELi0ELi0EEElEENS9_18transform_iteratorINS2_26per_segment_indexed_out_opINSA_IPKilEENSA_IPilEEEENSG_IlnLi0ELi0ELi0EEEEENS1_6params13uniform_paramIlLl0ELl268435456EEENSU_IlLl1ELl8388608EEENSU_IlLl1ELl1EEESE_jPyNS1_21identity_decomposer_tEjjEEvT1_T2_T3_T4_T5_T6_T7_T8_PKT9_PNS6_7counterINS8_3std3__415iterator_traitsINS1E_IS10_vE10value_typeEvE10value_typeET12_T13_EEPS1I_PNS1E_INS1E_IS12_vE10value_typeEvE10value_typeES1J_T10_iiT11_' for 'sm_100'
ptxas info    : Function properties for _ZN3cub17_V_300500_SM_10006detail12batched_topk40device_segmented_topk_last_filter_kernelINS2_26policy_selector_from_typesIlilLl8388608EEELNS1_4topk6selectE1EN4cuda3__417constant_iteratorIPKllEENSA_IPllEENSA_INS9_17counting_iteratorIjlLi0ELi0ELi0EEElEENS9_18transform_iteratorINS2_26per_segment_indexed_out_opINSA_IPKilEENSA_IPilEEEENSG_IlnLi0ELi0ELi0EEEEENS1_6params13uniform_paramIlLl0ELl268435456EEENSU_IlLl1ELl8388608EEENSU_IlLl1ELl1EEESE_jPyNS1_21identity_decomposer_tEjjEEvT1_T2_T3_T4_T5_T6_T7_T8_PKT9_PNS6_7counterINS8_3std3__415iterator_traitsINS1E_IS10_vE10value_typeEvE10value_typeET12_T13_EEPS1I_PNS1E_INS1E_IS12_vE10value_typeEvE10value_typeES1J_T10_iiT11_
    0 bytes stack frame, 0 bytes spill stores, 0 bytes spill loads
ptxas info    : Used 40 registers, used 0 barriers
ptxas info    : Compile time = 24.325 ms
ptxas info    : Compiling entry function '_ZN3cub17_V_300500_SM_10006detail12batched_topk35device_segmented_topk_filter_kernelINS2_26policy_selector_from_typesIlilLl8388608EEELNS1_4topk6selectE1EN4cuda3__417constant_iteratorIPKllEENSA_IPllEENSA_INS9_17counting_iteratorIjlLi0ELi0ELi0EEElEENS9_18transform_iteratorINS2_26per_segment_indexed_out_opINSA_IPKilEENSA_IPilEEEENSG_IlnLi0ELi0ELi0EEEEENS1_6params13uniform_paramIlLl0ELl268435456EEENSU_IlLl1ELl8388608EEENSU_IlLl1ELl1EEESE_jPyNS1_21identity_decomposer_tEjjEEvT1_T2_T3_T4_T5_T6_T7_T8_PKT9_PNS6_7counterINS8_3std3__415iterator_traitsINS1E_IS10_vE10value_typeEvE10value_typeET12_T13_EEPS1J_PS1I_PNS1E_INS1E_IS12_vE10value_typeEvE10value_typeES1O_S1T_S1J_S1J_T10_iibT11_' for 'sm_100'
ptxas info    : Function properties for _ZN3cub17_V_300500_SM_10006detail12batched_topk35device_segmented_topk_filter_kernelINS2_26policy_selector_from_typesIlilLl8388608EEELNS1_4topk6selectE1EN4cuda3__417constant_iteratorIPKllEENSA_IPllEENSA_INS9_17counting_iteratorIjlLi0ELi0ELi0EEElEENS9_18transform_iteratorINS2_26per_segment_indexed_out_opINSA_IPKilEENSA_IPilEEEENSG_IlnLi0ELi0ELi0EEEEENS1_6params13uniform_paramIlLl0ELl268435456EEENSU_IlLl1ELl8388608EEENSU_IlLl1ELl1EEESE_jPyNS1_21identity_decomposer_tEjjEEvT1_T2_T3_T4_T5_T6_T7_T8_PKT9_PNS6_7counterINS8_3std3__415iterator_traitsINS1E_IS10_vE10value_typeEvE10value_typeET12_T13_EEPS1J_PS1I_PNS1E_INS1E_IS12_vE10value_typeEvE10value_typeES1O_S1T_S1J_S1J_T10_iibT11_
    0 bytes stack frame, 0 bytes spill stores, 0 bytes spill loads
ptxas info    : Used 40 registers, used 1 barriers, 8196 bytes smem
ptxas info    : Compile time = 24.065 ms
ptxas info    : Compiling entry function '_ZN3cub17_V_300500_SM_10006detail12batched_topk47device_segmented_topk_finalize_histogram_kernelINS2_26policy_selector_from_typesIlilLl8388608EEEN4cuda3__417constant_iteratorIPKllEENS1_6params13uniform_paramIlLl0ELl268435456EEENSD_IlLl1ELl8388608EEENSD_IlLl1ELl1EEEPlPyNS1_4topk16extract_bin_op_tIlLNSJ_6selectE1ELi11ENS1_21identity_decomposer_tELb1EEEjjlEEvT0_T1_T2_T3_T4_PNSJ_7counterIT9_T7_T8_EEPSV_T5_T6_ib' for 'sm_100'
ptxas info    : Function properties for _ZN3cub17_V_300500_SM_10006detail12batched_topk47device_segmented_topk_finalize_histogram_kernelINS2_26policy_selector_from_typesIlilLl8388608EEEN4cuda3__417constant_iteratorIPKllEENS1_6params13uniform_paramIlLl0ELl268435456EEENSD_IlLl1ELl8388608EEENSD_IlLl1ELl1EEEPlPyNS1_4topk16extract_bin_op_tIlLNSJ_6selectE1ELi11ENS1_21identity_decomposer_tELb1EEEjjlEEvT0_T1_T2_T3_T4_PNSJ_7counterIT9_T7_T8_EEPSV_T5_T6_ib
    0 bytes stack frame, 0 bytes spill stores, 0 bytes spill loads
ptxas info    : Used 40 registers, used 1 barriers, 8192 bytes smem
ptxas info    : Compile time = 9.305 ms
ptxas info    : Compiling entry function '_ZN3cub17_V_300500_SM_10006detail12batched_topk38device_segmented_topk_histogram_kernelINS2_26policy_selector_from_typesIlilLl8388608EEEN4cuda3__417constant_iteratorIPKllEENS1_6params13uniform_paramIlLl0ELl268435456EEENSD_IlLl1ELl8388608EEENSD_IlLl1ELl1EEEPljPyNS1_4topk16extract_bin_op_tIlLNSJ_6selectE1ELi11ENS1_21identity_decomposer_tELb1EEEjjjEEvT0_T1_T2_T3_T4_PKT5_PNSJ_7counterINS6_3std3__415iterator_traitsINSZ_ISO_vE10value_typeEvE10value_typeET8_T9_EEPS14_T6_T7_' for 'sm_100'
ptxas info    : Function properties for _ZN3cub17_V_300500_SM_10006detail12batched_topk38device_segmented_topk_histogram_kernelINS2_26policy_selector_from_typesIlilLl8388608EEEN4cuda3__417constant_iteratorIPKllEENS1_6params13uniform_paramIlLl0ELl268435456EEENSD_IlLl1ELl8388608EEENSD_IlLl1ELl1EEEPljPyNS1_4topk16extract_bin_op_tIlLNSJ_6selectE1ELi11ENS1_21identity_decomposer_tELb1EEEjjjEEvT0_T1_T2_T3_T4_PKT5_PNSJ_7counterINS6_3std3__415iterator_traitsINSZ_ISO_vE10value_typeEvE10value_typeET8_T9_EEPS14_T6_T7_
    0 bytes stack frame, 0 bytes spill stores, 0 bytes spill loads
ptxas info    : Used 30 registers, used 1 barriers, 8240 bytes smem
ptxas info    : Compile time = 19.731 ms
ptxas info    : Compiling entry function '_ZN3cub17_V_300500_SM_10006detail12batched_topk44device_segmented_topk_finalize_filter_kernelINS2_26policy_selector_from_typesIlilLl8388608EEELNS1_4topk6selectE0EN4cuda3__417constant_iteratorIPKllEENSA_IPllEENSA_INS9_17counting_iteratorIjlLi0ELi0ELi0EEElEENS9_18transform_iteratorINS2_26per_segment_indexed_out_opINSA_IPKilEENSA_IPilEEEENSG_IlnLi0ELi0ELi0EEEEENS1_6params13uniform_paramIlLl0ELl268435456EEENSU_IlLl1ELl8388608EEENSU_IlLl1ELl1EEESE_jPyNS1_21identity_decomposer_tEjjlEEvT1_T2_T3_T4_T5_T6_T7_T8_PKT9_PNS6_7counterIT14_T12_T13_EEPS1D_PS1C_PNS8_3std3__415iterator_traitsINS1L_IS12_vE10value_typeEvE10value_typeES1I_S1Q_T10_S1D_S1D_iiT11_b' for 'sm_100'
ptxas info    : Function properties for _ZN3cub17_V_300500_SM_10006detail12batched_topk44device_segmented_topk_finalize_filter_kernelINS2_26policy_selector_from_typesIlilLl8388608EEELNS1_4topk6selectE0EN4cuda3__417constant_iteratorIPKllEENSA_IPllEENSA_INS9_17counting_iteratorIjlLi0ELi0ELi0EEElEENS9_18transform_iteratorINS2_26per_segment_indexed_out_opINSA_IPKilEENSA_IPilEEEENSG_IlnLi0ELi0ELi0EEEEENS1_6params13uniform_paramIlLl0ELl268435456EEENSU_IlLl1ELl8388608EEENSU_IlLl1ELl1EEESE_jPyNS1_21identity_decomposer_tEjjlEEvT1_T2_T3_T4_T5_T6_T7_T8_PKT9_PNS6_7counterIT14_T12_T13_EEPS1D_PS1C_PNS8_3std3__415iterator_traitsINS1L_IS12_vE10value_typeEvE10value_typeES1I_S1Q_T10_S1D_S1D_iiT11_b
    0 bytes stack frame, 0 bytes spill stores, 0 bytes spill loads
ptxas info    : Used 54 registers, used 1 barriers, 8208 bytes smem
ptxas info    : Compile time = 24.195 ms
ptxas info    : Compiling entry function '_ZN3cub17_V_300500_SM_10006detail12batched_topk40device_segmented_topk_last_filter_kernelINS2_26policy_selector_from_typesIlilLl8388608EEELNS1_4topk6selectE0EN4cuda3__417constant_iteratorIPKllEENSA_IPllEENSA_INS9_17counting_iteratorIjlLi0ELi0ELi0EEElEENS9_18transform_iteratorINS2_26per_segment_indexed_out_opINSA_IPKilEENSA_IPilEEEENSG_IlnLi0ELi0ELi0EEEEENS1_6params13uniform_paramIlLl0ELl268435456EEENSU_IlLl1ELl8388608EEENSU_IlLl1ELl1EEESE_jPyNS1_21identity_decomposer_tEjjEEvT1_T2_T3_T4_T5_T6_T7_T8_PKT9_PNS6_7counterINS8_3std3__415iterator_traitsINS1E_IS10_vE10value_typeEvE10value_typeET12_T13_EEPS1I_PNS1E_INS1E_IS12_vE10value_typeEvE10value_typeES1J_T10_iiT11_' for 'sm_100'
ptxas info    : Function properties for _ZN3cub17_V_300500_SM_10006detail12batched_topk40device_segmented_topk_last_filter_kernelINS2_26policy_selector_from_typesIlilLl8388608EEELNS1_4topk6selectE0EN4cuda3__417constant_iteratorIPKllEENSA_IPllEENSA_INS9_17counting_iteratorIjlLi0ELi0ELi0EEElEENS9_18transform_iteratorINS2_26per_segment_indexed_out_opINSA_IPKilEENSA_IPilEEEENSG_IlnLi0ELi0ELi0EEEEENS1_6params13uniform_paramIlLl0ELl268435456EEENSU_IlLl1ELl8388608EEENSU_IlLl1ELl1EEESE_jPyNS1_21identity_decomposer_tEjjEEvT1_T2_T3_T4_T5_T6_T7_T8_PKT9_PNS6_7counterINS8_3std3__415iterator_traitsINS1E_IS10_vE10value_typeEvE10value_typeET12_T13_EEPS1I_PNS1E_INS1E_IS12_vE10value_typeEvE10value_typeES1J_T10_iiT11_
    0 bytes stack frame, 0 bytes spill stores, 0 bytes spill loads
ptxas info    : Used 40 registers, used 0 barriers
ptxas info    : Compile time = 24.303 ms
ptxas info    : Compiling entry function '_ZN3cub17_V_300500_SM_10006detail12batched_topk35device_segmented_topk_filter_kernelINS2_26policy_selector_from_typesIlilLl8388608EEELNS1_4topk6selectE0EN4cuda3__417constant_iteratorIPKllEENSA_IPllEENSA_INS9_17counting_iteratorIjlLi0ELi0ELi0EEElEENS9_18transform_iteratorINS2_26per_segment_indexed_out_opINSA_IPKilEENSA_IPilEEEENSG_IlnLi0ELi0ELi0EEEEENS1_6params13uniform_paramIlLl0ELl268435456EEENSU_IlLl1ELl8388608EEENSU_IlLl1ELl1EEESE_jPyNS1_21identity_decomposer_tEjjEEvT1_T2_T3_T4_T5_T6_T7_T8_PKT9_PNS6_7counterINS8_3std3__415iterator_traitsINS1E_IS10_vE10value_typeEvE10value_typeET12_T13_EEPS1J_PS1I_PNS1E_INS1E_IS12_vE10value_typeEvE10value_typeES1O_S1T_S1J_S1J_T10_iibT11_' for 'sm_100'
ptxas info    : Function properties for _ZN3cub17_V_300500_SM_10006detail12batched_topk35device_segmented_topk_filter_kernelINS2_26policy_selector_from_typesIlilLl8388608EEELNS1_4topk6selectE0EN4cuda3__417constant_iteratorIPKllEENSA_IPllEENSA_INS9_17counting_iteratorIjlLi0ELi0ELi0EEElEENS9_18transform_iteratorINS2_26per_segment_indexed_out_opINSA_IPKilEENSA_IPilEEEENSG_IlnLi0ELi0ELi0EEEEENS1_6params13uniform_paramIlLl0ELl268435456EEENSU_IlLl1ELl8388608EEENSU_IlLl1ELl1EEESE_jPyNS1_21identity_decomposer_tEjjEEvT1_T2_T3_T4_T5_T6_T7_T8_PKT9_PNS6_7counterINS8_3std3__415iterator_traitsINS1E_IS10_vE10value_typeEvE10value_typeET12_T13_EEPS1J_PS1I_PNS1E_INS1E_IS12_vE10value_typeEvE10value_typeES1O_S1T_S1J_S1J_T10_iibT11_
    0 bytes stack frame, 0 bytes spill stores, 0 bytes spill loads
ptxas info    : Used 40 registers, used 1 barriers, 8196 bytes smem
ptxas info    : Compile time = 23.925 ms
ptxas info    : Compiling entry function '_ZN3cub17_V_300500_SM_10006detail12batched_topk47device_segmented_topk_finalize_histogram_kernelINS2_26policy_selector_from_typesIlilLl8388608EEEN4cuda3__417constant_iteratorIPKllEENS1_6params13uniform_paramIlLl0ELl268435456EEENSD_IlLl1ELl8388608EEENSD_IlLl1ELl1EEEPlPyNS1_4topk16extract_bin_op_tIlLNSJ_6selectE0ELi11ENS1_21identity_decomposer_tELb1EEEjjlEEvT0_T1_T2_T3_T4_PNSJ_7counterIT9_T7_T8_EEPSV_T5_T6_ib' for 'sm_100'
ptxas info    : Function properties for _ZN3cub17_V_300500_SM_10006detail12batched_topk47device_segmented_topk_finalize_histogram_kernelINS2_26policy_selector_from_typesIlilLl8388608EEEN4cuda3__417constant_iteratorIPKllEENS1_6params13uniform_paramIlLl0ELl268435456EEENSD_IlLl1ELl8388608EEENSD_IlLl1ELl1EEEPlPyNS1_4topk16extract_bin_op_tIlLNSJ_6selectE0ELi11ENS1_21identity_decomposer_tELb1EEEjjlEEvT0_T1_T2_T3_T4_PNSJ_7counterIT9_T7_T8_EEPSV_T5_T6_ib
    0 bytes stack frame, 0 bytes spill stores, 0 bytes spill loads
ptxas info    : Used 40 registers, used 1 barriers, 8192 bytes smem
ptxas info    : Compile time = 9.293 ms
ptxas info    : Compiling entry function '_ZN3cub17_V_300500_SM_10006detail12batched_topk38device_segmented_topk_histogram_kernelINS2_26policy_selector_from_typesIlilLl8388608EEEN4cuda3__417constant_iteratorIPKllEENS1_6params13uniform_paramIlLl0ELl268435456EEENSD_IlLl1ELl8388608EEENSD_IlLl1ELl1EEEPljPyNS1_4topk16extract_bin_op_tIlLNSJ_6selectE0ELi11ENS1_21identity_decomposer_tELb1EEEjjjEEvT0_T1_T2_T3_T4_PKT5_PNSJ_7counterINS6_3std3__415iterator_traitsINSZ_ISO_vE10value_typeEvE10value_typeET8_T9_EEPS14_T6_T7_' for 'sm_100'
ptxas info    : Function properties for _ZN3cub17_V_300500_SM_10006detail12batched_topk38device_segmented_topk_histogram_kernelINS2_26policy_selector_from_typesIlilLl8388608EEEN4cuda3__417constant_iteratorIPKllEENS1_6params13uniform_paramIlLl0ELl268435456EEENSD_IlLl1ELl8388608EEENSD_IlLl1ELl1EEEPljPyNS1_4topk16extract_bin_op_tIlLNSJ_6selectE0ELi11ENS1_21identity_decomposer_tELb1EEEjjjEEvT0_T1_T2_T3_T4_PKT5_PNSJ_7counterINS6_3std3__415iterator_traitsINSZ_ISO_vE10value_typeEvE10value_typeET8_T9_EEPS14_T6_T7_
    0 bytes stack frame, 0 bytes spill stores, 0 bytes spill loads
ptxas info    : Used 30 registers, used 1 barriers, 8240 bytes smem
ptxas info    : Compile time = 19.369 ms
ptxas info    : Compiling entry function '_ZN3cub17_V_300500_SM_10006detail12batched_topk28device_segmented_topk_kernelINS2_26policy_selector_from_typesIlilLl8388608EEEN4cuda3__417constant_iteratorIPKllEENS8_IPllEENS8_IPKilEENS8_IPilEENS1_6params13uniform_paramIlLl0ELl268435456EEENSK_IlLl1ELl8388608EEENSJ_22uniform_discrete_paramINS1_4topk6selectEJLSP_1EEEENSK_IlLl1ELl1EEEjEEvT0_T1_T2_T3_T4_T5_T6_T7_PNS2_21batched_topk_countersINSZ_10value_typeEEEPS11_PT8_' for 'sm_100'
ptxas info    : Function properties for _ZN3cub17_V_300500_SM_10006detail12batched_topk28device_segmented_topk_kernelINS2_26policy_selector_from_typesIlilLl8388608EEEN4cuda3__417constant_iteratorIPKllEENS8_IPllEENS8_IPKilEENS8_IPilEENS1_6params13uniform_paramIlLl0ELl268435456EEENSK_IlLl1ELl8388608EEENSJ_22uniform_discrete_paramINS1_4topk6selectEJLSP_1EEEENSK_IlLl1ELl1EEEjEEvT0_T1_T2_T3_T4_T5_T6_T7_PNS2_21batched_topk_countersINSZ_10value_typeEEEPS11_PT8_
    0 bytes stack frame, 0 bytes spill stores, 0 bytes spill loads
ptxas info    : Used 183 registers, used 1 barriers, 33808 bytes smem
ptxas info    : Compile time = 69.955 ms
ptxas info    : Compiling entry function '_ZN3cub17_V_300500_SM_10006detail12batched_topk44device_segmented_topk_finalize_filter_kernelINS2_26policy_selector_from_typesIlslLl8388608EEELNS1_4topk6selectE1EN4cuda3__417constant_iteratorIPKllEENSA_IPllEENSA_INS9_17counting_iteratorIjlLi0ELi0ELi0EEElEENS9_18transform_iteratorINS2_26per_segment_indexed_out_opINSA_IPKslEENSA_IPslEEEENSG_IlnLi0ELi0ELi0EEEEENS1_6params13uniform_paramIlLl0ELl268435456EEENSU_IlLl1ELl8388608EEENSU_IlLl1ELl1EEESE_jPyNS1_21identity_decomposer_tEjjlEEvT1_T2_T3_T4_T5_T6_T7_T8_PKT9_PNS6_7counterIT14_T12_T13_EEPS1D_PS1C_PNS8_3std3__415iterator_traitsINS1L_IS12_vE10value_typeEvE10value_typeES1I_S1Q_T10_S1D_S1D_iiT11_b' for 'sm_100'
ptxas info    : Function properties for _ZN3cub17_V_300500_SM_10006detail12batched_topk44device_segmented_topk_finalize_filter_kernelINS2_26policy_selector_from_typesIlslLl8388608EEELNS1_4topk6selectE1EN4cuda3__417constant_iteratorIPKllEENSA_IPllEENSA_INS9_17counting_iteratorIjlLi0ELi0ELi0EEElEENS9_18transform_iteratorINS2_26per_segment_indexed_out_opINSA_IPKslEENSA_IPslEEEENSG_IlnLi0ELi0ELi0EEEEENS1_6params13uniform_paramIlLl0ELl268435456EEENSU_IlLl1ELl8388608EEENSU_IlLl1ELl1EEESE_jPyNS1_21identity_decomposer_tEjjlEEvT1_T2_T3_T4_T5_T6_T7_T8_PKT9_PNS6_7counterIT14_T12_T13_EEPS1D_PS1C_PNS8_3std3__415iterator_traitsINS1L_IS12_vE10value_typeEvE10value_typeES1I_S1Q_T10_S1D_S1D_iiT11_b
    0 bytes stack frame, 0 bytes spill stores, 0 bytes spill loads
ptxas info    : Used 54 registers, used 1 barriers, 8208 bytes smem
ptxas info    : Compile time = 24.286 ms
ptxas info    : Compiling entry function '_ZN3cub17_V_300500_SM_10006detail12batched_topk40device_segmented_topk_last_filter_kernelINS2_26policy_selector_from_typesIlslLl8388608EEELNS1_4topk6selectE1EN4cuda3__417constant_iteratorIPKllEENSA_IPllEENSA_INS9_17counting_iteratorIjlLi0ELi0ELi0EEElEENS9_18transform_iteratorINS2_26per_segment_indexed_out_opINSA_IPKslEENSA_IPslEEEENSG_IlnLi0ELi0ELi0EEEEENS1_6params13uniform_paramIlLl0ELl268435456EEENSU_IlLl1ELl8388608EEENSU_IlLl1ELl1EEESE_jPyNS1_21identity_decomposer_tEjjEEvT1_T2_T3_T4_T5_T6_T7_T8_PKT9_PNS6_7counterINS8_3std3__415iterator_traitsINS1E_IS10_vE10value_typeEvE10value_typeET12_T13_EEPS1I_PNS1E_INS1E_IS12_vE10value_typeEvE10value_typeES1J_T10_iiT11_' for 'sm_100'
ptxas info    : Function properties for _ZN3cub17_V_300500_SM_10006detail12batched_topk40device_segmented_topk_last_filter_kernelINS2_26policy_selector_from_typesIlslLl8388608EEELNS1_4topk6selectE1EN4cuda3__417constant_iteratorIPKllEENSA_IPllEENSA_INS9_17counting_iteratorIjlLi0ELi0ELi0EEElEENS9_18transform_iteratorINS2_26per_segment_indexed_out_opINSA_IPKslEENSA_IPslEEEENSG_IlnLi0ELi0ELi0EEEEENS1_6params13uniform_paramIlLl0ELl268435456EEENSU_IlLl1ELl8388608EEENSU_IlLl1ELl1EEESE_jPyNS1_21identity_decomposer_tEjjEEvT1_T2_T3_T4_T5_T6_T7_T8_PKT9_PNS6_7counterINS8_3std3__415iterator_traitsINS1E_IS10_vE10value_typeEvE10value_typeET12_T13_EEPS1I_PNS1E_INS1E_IS12_vE10value_typeEvE10value_typeES1J_T10_iiT11_
    0 bytes stack frame, 0 bytes spill stores, 0 bytes spill loads
ptxas info    : Used 40 registers, used 0 barriers
ptxas info    : Compile time = 24.354 ms
ptxas info    : Compiling entry function '_ZN3cub17_V_300500_SM_10006detail12batched_topk35device_segmented_topk_filter_kernelINS2_26policy_selector_from_typesIlslLl8388608EEELNS1_4topk6selectE1EN4cuda3__417constant_iteratorIPKllEENSA_IPllEENSA_INS9_17counting_iteratorIjlLi0ELi0ELi0EEElEENS9_18transform_iteratorINS2_26per_segment_indexed_out_opINSA_IPKslEENSA_IPslEEEENSG_IlnLi0ELi0ELi0EEEEENS1_6params13uniform_paramIlLl0ELl268435456EEENSU_IlLl1ELl8388608EEENSU_IlLl1ELl1EEESE_jPyNS1_21identity_decomposer_tEjjEEvT1_T2_T3_T4_T5_T6_T7_T8_PKT9_PNS6_7counterINS8_3std3__415iterator_traitsINS1E_IS10_vE10value_typeEvE10value_typeET12_T13_EEPS1J_PS1I_PNS1E_INS1E_IS12_vE10value_typeEvE10value_typeES1O_S1T_S1J_S1J_T10_iibT11_' for 'sm_100'
ptxas info    : Function properties for _ZN3cub17_V_300500_SM_10006detail12batched_topk35device_segmented_topk_filter_kernelINS2_26policy_selector_from_typesIlslLl8388608EEELNS1_4topk6selectE1EN4cuda3__417constant_iteratorIPKllEENSA_IPllEENSA_INS9_17counting_iteratorIjlLi0ELi0ELi0EEElEENS9_18transform_iteratorINS2_26per_segment_indexed_out_opINSA_IPKslEENSA_IPslEEEENSG_IlnLi0ELi0ELi0EEEEENS1_6params13uniform_paramIlLl0ELl268435456EEENSU_IlLl1ELl8388608EEENSU_IlLl1ELl1EEESE_jPyNS1_21identity_decomposer_tEjjEEvT1_T2_T3_T4_T5_T6_T7_T8_PKT9_PNS6_7counterINS8_3std3__415iterator_traitsINS1E_IS10_vE10value_typeEvE10value_typeET12_T13_EEPS1J_PS1I_PNS1E_INS1E_IS12_vE10value_typeEvE10value_typeES1O_S1T_S1J_S1J_T10_iibT11_
    0 bytes stack frame, 0 bytes spill stores, 0 bytes spill loads
ptxas info    : Used 40 registers, used 1 barriers, 8196 bytes smem
ptxas info    : Compile time = 24.049 ms
ptxas info    : Compiling entry function '_ZN3cub17_V_300500_SM_10006detail12batched_topk47device_segmented_topk_finalize_histogram_kernelINS2_26policy_selector_from_typesIlslLl8388608EEEN4cuda3__417constant_iteratorIPKllEENS1_6params13uniform_paramIlLl0ELl268435456EEENSD_IlLl1ELl8388608EEENSD_IlLl1ELl1EEEPlPyNS1_4topk16extract_bin_op_tIlLNSJ_6selectE1ELi11ENS1_21identity_decomposer_tELb1EEEjjlEEvT0_T1_T2_T3_T4_PNSJ_7counterIT9_T7_T8_EEPSV_T5_T6_ib' for 'sm_100'
ptxas info    : Function properties for _ZN3cub17_V_300500_SM_10006detail12batched_topk47device_segmented_topk_finalize_histogram_kernelINS2_26policy_selector_from_typesIlslLl8388608EEEN4cuda3__417constant_iteratorIPKllEENS1_6params13uniform_paramIlLl0ELl268435456EEENSD_IlLl1ELl8388608EEENSD_IlLl1ELl1EEEPlPyNS1_4topk16extract_bin_op_tIlLNSJ_6selectE1ELi11ENS1_21identity_decomposer_tELb1EEEjjlEEvT0_T1_T2_T3_T4_PNSJ_7counterIT9_T7_T8_EEPSV_T5_T6_ib
    0 bytes stack frame, 0 bytes spill stores, 0 bytes spill loads
ptxas info    : Used 40 registers, used 1 barriers, 8192 bytes smem
ptxas info    : Compile time = 9.313 ms
ptxas info    : Compiling entry function '_ZN3cub17_V_300500_SM_10006detail12batched_topk38device_segmented_topk_histogram_kernelINS2_26policy_selector_from_typesIlslLl8388608EEEN4cuda3__417constant_iteratorIPKllEENS1_6params13uniform_paramIlLl0ELl268435456EEENSD_IlLl1ELl8388608EEENSD_IlLl1ELl1EEEPljPyNS1_4topk16extract_bin_op_tIlLNSJ_6selectE1ELi11ENS1_21identity_decomposer_tELb1EEEjjjEEvT0_T1_T2_T3_T4_PKT5_PNSJ_7counterINS6_3std3__415iterator_traitsINSZ_ISO_vE10value_typeEvE10value_typeET8_T9_EEPS14_T6_T7_' for 'sm_100'
ptxas info    : Function properties for _ZN3cub17_V_300500_SM_10006detail12batched_topk38device_segmented_topk_histogram_kernelINS2_26policy_selector_from_typesIlslLl8388608EEEN4cuda3__417constant_iteratorIPKllEENS1_6params13uniform_paramIlLl0ELl268435456EEENSD_IlLl1ELl8388608EEENSD_IlLl1ELl1EEEPljPyNS1_4topk16extract_bin_op_tIlLNSJ_6selectE1ELi11ENS1_21identity_decomposer_tELb1EEEjjjEEvT0_T1_T2_T3_T4_PKT5_PNSJ_7counterINS6_3std3__415iterator_traitsINSZ_ISO_vE10value_typeEvE10value_typeET8_T9_EEPS14_T6_T7_
    0 bytes stack frame, 0 bytes spill stores, 0 bytes spill loads
ptxas info    : Used 30 registers, used 1 barriers, 8240 bytes smem
ptxas info    : Compile time = 19.791 ms
ptxas info    : Compiling entry function '_ZN3cub17_V_300500_SM_10006detail12batched_topk44device_segmented_topk_finalize_filter_kernelINS2_26policy_selector_from_typesIlslLl8388608EEELNS1_4topk6selectE0EN4cuda3__417constant_iteratorIPKllEENSA_IPllEENSA_INS9_17counting_iteratorIjlLi0ELi0ELi0EEElEENS9_18transform_iteratorINS2_26per_segment_indexed_out_opINSA_IPKslEENSA_IPslEEEENSG_IlnLi0ELi0ELi0EEEEENS1_6params13uniform_paramIlLl0ELl268435456EEENSU_IlLl1ELl8388608EEENSU_IlLl1ELl1EEESE_jPyNS1_21identity_decomposer_tEjjlEEvT1_T2_T3_T4_T5_T6_T7_T8_PKT9_PNS6_7counterIT14_T12_T13_EEPS1D_PS1C_PNS8_3std3__415iterator_traitsINS1L_IS12_vE10value_typeEvE10value_typeES1I_S1Q_T10_S1D_S1D_iiT11_b' for 'sm_100'
ptxas info    : Function properties for _ZN3cub17_V_300500_SM_10006detail12batched_topk44device_segmented_topk_finalize_filter_kernelINS2_26policy_selector_from_typesIlslLl8388608EEELNS1_4topk6selectE0EN4cuda3__417constant_iteratorIPKllEENSA_IPllEENSA_INS9_17counting_iteratorIjlLi0ELi0ELi0EEElEENS9_18transform_iteratorINS2_26per_segment_indexed_out_opINSA_IPKslEENSA_IPslEEEENSG_IlnLi0ELi0ELi0EEEEENS1_6params13uniform_paramIlLl0ELl268435456EEENSU_IlLl1ELl8388608EEENSU_IlLl1ELl1EEESE_jPyNS1_21identity_decomposer_tEjjlEEvT1_T2_T3_T4_T5_T6_T7_T8_PKT9_PNS6_7counterIT14_T12_T13_EEPS1D_PS1C_PNS8_3std3__415iterator_traitsINS1L_IS12_vE10value_typeEvE10value_typeES1I_S1Q_T10_S1D_S1D_iiT11_b
    0 bytes stack frame, 0 bytes spill stores, 0 bytes spill loads
ptxas info    : Used 54 registers, used 1 barriers, 8208 bytes smem
ptxas info    : Compile time = 24.188 ms
ptxas info    : Compiling entry function '_ZN3cub17_V_300500_SM_10006detail12batched_topk40device_segmented_topk_last_filter_kernelINS2_26policy_selector_from_typesIlslLl8388608EEELNS1_4topk6selectE0EN4cuda3__417constant_iteratorIPKllEENSA_IPllEENSA_INS9_17counting_iteratorIjlLi0ELi0ELi0EEElEENS9_18transform_iteratorINS2_26per_segment_indexed_out_opINSA_IPKslEENSA_IPslEEEENSG_IlnLi0ELi0ELi0EEEEENS1_6params13uniform_paramIlLl0ELl268435456EEENSU_IlLl1ELl8388608EEENSU_IlLl1ELl1EEESE_jPyNS1_21identity_decomposer_tEjjEEvT1_T2_T3_T4_T5_T6_T7_T8_PKT9_PNS6_7counterINS8_3std3__415iterator_traitsINS1E_IS10_vE10value_typeEvE10value_typeET12_T13_EEPS1I_PNS1E_INS1E_IS12_vE10value_typeEvE10value_typeES1J_T10_iiT11_' for 'sm_100'
ptxas info    : Function properties for _ZN3cub17_V_300500_SM_10006detail12batched_topk40device_segmented_topk_last_filter_kernelINS2_26policy_selector_from_typesIlslLl8388608EEELNS1_4topk6selectE0EN4cuda3__417constant_iteratorIPKllEENSA_IPllEENSA_INS9_17counting_iteratorIjlLi0ELi0ELi0EEElEENS9_18transform_iteratorINS2_26per_segment_indexed_out_opINSA_IPKslEENSA_IPslEEEENSG_IlnLi0ELi0ELi0EEEEENS1_6params13uniform_paramIlLl0ELl268435456EEENSU_IlLl1ELl8388608EEENSU_IlLl1ELl1EEESE_jPyNS1_21identity_decomposer_tEjjEEvT1_T2_T3_T4_T5_T6_T7_T8_PKT9_PNS6_7counterINS8_3std3__415iterator_traitsINS1E_IS10_vE10value_typeEvE10value_typeET12_T13_EEPS1I_PNS1E_INS1E_IS12_vE10value_typeEvE10value_typeES1J_T10_iiT11_
    0 bytes stack frame, 0 bytes spill stores, 0 bytes spill loads
ptxas info    : Used 40 registers, used 0 barriers
ptxas info    : Compile time = 24.331 ms
ptxas info    : Compiling entry function '_ZN3cub17_V_300500_SM_10006detail12batched_topk35device_segmented_topk_filter_kernelINS2_26policy_selector_from_typesIlslLl8388608EEELNS1_4topk6selectE0EN4cuda3__417constant_iteratorIPKllEENSA_IPllEENSA_INS9_17counting_iteratorIjlLi0ELi0ELi0EEElEENS9_18transform_iteratorINS2_26per_segment_indexed_out_opINSA_IPKslEENSA_IPslEEEENSG_IlnLi0ELi0ELi0EEEEENS1_6params13uniform_paramIlLl0ELl268435456EEENSU_IlLl1ELl8388608EEENSU_IlLl1ELl1EEESE_jPyNS1_21identity_decomposer_tEjjEEvT1_T2_T3_T4_T5_T6_T7_T8_PKT9_PNS6_7counterINS8_3std3__415iterator_traitsINS1E_IS10_vE10value_typeEvE10value_typeET12_T13_EEPS1J_PS1I_PNS1E_INS1E_IS12_vE10value_typeEvE10value_typeES1O_S1T_S1J_S1J_T10_iibT11_' for 'sm_100'
ptxas info    : Function properties for _ZN3cub17_V_300500_SM_10006detail12batched_topk35device_segmented_topk_filter_kernelINS2_26policy_selector_from_typesIlslLl8388608EEELNS1_4topk6selectE0EN4cuda3__417constant_iteratorIPKllEENSA_IPllEENSA_INS9_17counting_iteratorIjlLi0ELi0ELi0EEElEENS9_18transform_iteratorINS2_26per_segment_indexed_out_opINSA_IPKslEENSA_IPslEEEENSG_IlnLi0ELi0ELi0EEEEENS1_6params13uniform_paramIlLl0ELl268435456EEENSU_IlLl1ELl8388608EEENSU_IlLl1ELl1EEESE_jPyNS1_21identity_decomposer_tEjjEEvT1_T2_T3_T4_T5_T6_T7_T8_PKT9_PNS6_7counterINS8_3std3__415iterator_traitsINS1E_IS10_vE10value_typeEvE10value_typeET12_T13_EEPS1J_PS1I_PNS1E_INS1E_IS12_vE10value_typeEvE10value_typeES1O_S1T_S1J_S1J_T10_iibT11_
    0 bytes stack frame, 0 bytes spill stores, 0 bytes spill loads
ptxas info    : Used 40 registers, used 1 barriers, 8196 bytes smem
ptxas info    : Compile time = 24.043 ms
ptxas info    : Compiling entry function '_ZN3cub17_V_300500_SM_10006detail12batched_topk47device_segmented_topk_finalize_histogram_kernelINS2_26policy_selector_from_typesIlslLl8388608EEEN4cuda3__417constant_iteratorIPKllEENS1_6params13uniform_paramIlLl0ELl268435456EEENSD_IlLl1ELl8388608EEENSD_IlLl1ELl1EEEPlPyNS1_4topk16extract_bin_op_tIlLNSJ_6selectE0ELi11ENS1_21identity_decomposer_tELb1EEEjjlEEvT0_T1_T2_T3_T4_PNSJ_7counterIT9_T7_T8_EEPSV_T5_T6_ib' for 'sm_100'
ptxas info    : Function properties for _ZN3cub17_V_300500_SM_10006detail12batched_topk47device_segmented_topk_finalize_histogram_kernelINS2_26policy_selector_from_typesIlslLl8388608EEEN4cuda3__417constant_iteratorIPKllEENS1_6params13uniform_paramIlLl0ELl268435456EEENSD_IlLl1ELl8388608EEENSD_IlLl1ELl1EEEPlPyNS1_4topk16extract_bin_op_tIlLNSJ_6selectE0ELi11ENS1_21identity_decomposer_tELb1EEEjjlEEvT0_T1_T2_T3_T4_PNSJ_7counterIT9_T7_T8_EEPSV_T5_T6_ib
    0 bytes stack frame, 0 bytes spill stores, 0 bytes spill loads
ptxas info    : Used 40 registers, used 1 barriers, 8192 bytes smem
ptxas info    : Compile time = 9.260 ms
ptxas info    : Compiling entry function '_ZN3cub17_V_300500_SM_10006detail12batched_topk38device_segmented_topk_histogram_kernelINS2_26policy_selector_from_typesIlslLl8388608EEEN4cuda3__417constant_iteratorIPKllEENS1_6params13uniform_paramIlLl0ELl268435456EEENSD_IlLl1ELl8388608EEENSD_IlLl1ELl1EEEPljPyNS1_4topk16extract_bin_op_tIlLNSJ_6selectE0ELi11ENS1_21identity_decomposer_tELb1EEEjjjEEvT0_T1_T2_T3_T4_PKT5_PNSJ_7counterINS6_3std3__415iterator_traitsINSZ_ISO_vE10value_typeEvE10value_typeET8_T9_EEPS14_T6_T7_' for 'sm_100'
ptxas info    : Function properties for _ZN3cub17_V_300500_SM_10006detail12batched_topk38device_segmented_topk_histogram_kernelINS2_26policy_selector_from_typesIlslLl8388608EEEN4cuda3__417constant_iteratorIPKllEENS1_6params13uniform_paramIlLl0ELl268435456EEENSD_IlLl1ELl8388608EEENSD_IlLl1ELl1EEEPljPyNS1_4topk16extract_bin_op_tIlLNSJ_6selectE0ELi11ENS1_21identity_decomposer_tELb1EEEjjjEEvT0_T1_T2_T3_T4_PKT5_PNSJ_7counterINS6_3std3__415iterator_traitsINSZ_ISO_vE10value_typeEvE10value_typeET8_T9_EEPS14_T6_T7_
    0 bytes stack frame, 0 bytes spill stores, 0 bytes spill loads
ptxas info    : Used 30 registers, used 1 barriers, 8240 bytes smem
ptxas info    : Compile time = 19.394 ms
ptxas info    : Compiling entry function '_ZN3cub17_V_300500_SM_10006detail12batched_topk28device_segmented_topk_kernelINS2_26policy_selector_from_typesIlslLl8388608EEEN4cuda3__417constant_iteratorIPKllEENS8_IPllEENS8_IPKslEENS8_IPslEENS1_6params13uniform_paramIlLl0ELl268435456EEENSK_IlLl1ELl8388608EEENSJ_22uniform_discrete_paramINS1_4topk6selectEJLSP_1EEEENSK_IlLl1ELl1EEEjEEvT0_T1_T2_T3_T4_T5_T6_T7_PNS2_21batched_topk_countersINSZ_10value_typeEEEPS11_PT8_' for 'sm_100'
ptxas info    : Function properties for _ZN3cub17_V_300500_SM_10006detail12batched_topk28device_segmented_topk_kernelINS2_26policy_selector_from_typesIlslLl8388608EEEN4cuda3__417constant_iteratorIPKllEENS8_IPllEENS8_IPKslEENS8_IPslEENS1_6params13uniform_paramIlLl0ELl268435456EEENSK_IlLl1ELl8388608EEENSJ_22uniform_discrete_paramINS1_4topk6selectEJLSP_1EEEENSK_IlLl1ELl1EEEjEEvT0_T1_T2_T3_T4_T5_T6_T7_PNS2_21batched_topk_countersINSZ_10value_typeEEEPS11_PT8_
    0 bytes stack frame, 0 bytes spill stores, 0 bytes spill loads
ptxas info    : Used 183 registers, used 1 barriers, 33808 bytes smem
ptxas info    : Compile time = 68.589 ms
ptxas info    : Compiling entry function '_ZN3cub17_V_300500_SM_10006detail12batched_topk44device_segmented_topk_finalize_filter_kernelINS2_26policy_selector_from_typesIlalLl8388608EEELNS1_4topk6selectE1EN4cuda3__417constant_iteratorIPKllEENSA_IPllEENSA_INS9_17counting_iteratorIjlLi0ELi0ELi0EEElEENS9_18transform_iteratorINS2_26per_segment_indexed_out_opINSA_IPKalEENSA_IPalEEEENSG_IlnLi0ELi0ELi0EEEEENS1_6params13uniform_paramIlLl0ELl268435456EEENSU_IlLl1ELl8388608EEENSU_IlLl1ELl1EEESE_jPyNS1_21identity_decomposer_tEjjlEEvT1_T2_T3_T4_T5_T6_T7_T8_PKT9_PNS6_7counterIT14_T12_T13_EEPS1D_PS1C_PNS8_3std3__415iterator_traitsINS1L_IS12_vE10value_typeEvE10value_typeES1I_S1Q_T10_S1D_S1D_iiT11_b' for 'sm_100'
ptxas info    : Function properties for _ZN3cub17_V_300500_SM_10006detail12batched_topk44device_segmented_topk_finalize_filter_kernelINS2_26policy_selector_from_typesIlalLl8388608EEELNS1_4topk6selectE1EN4cuda3__417constant_iteratorIPKllEENSA_IPllEENSA_INS9_17counting_iteratorIjlLi0ELi0ELi0EEElEENS9_18transform_iteratorINS2_26per_segment_indexed_out_opINSA_IPKalEENSA_IPalEEEENSG_IlnLi0ELi0ELi0EEEEENS1_6params13uniform_paramIlLl0ELl268435456EEENSU_IlLl1ELl8388608EEENSU_IlLl1ELl1EEESE_jPyNS1_21identity_decomposer_tEjjlEEvT1_T2_T3_T4_T5_T6_T7_T8_PKT9_PNS6_7counterIT14_T12_T13_EEPS1D_PS1C_PNS8_3std3__415iterator_traitsINS1L_IS12_vE10value_typeEvE10value_typeES1I_S1Q_T10_S1D_S1D_iiT11_b
    0 bytes stack frame, 0 bytes spill stores, 0 bytes spill loads
ptxas info    : Used 54 registers, used 1 barriers, 8208 bytes smem
ptxas info    : Compile time = 24.354 ms
ptxas info    : Compiling entry function '_ZN3cub17_V_300500_SM_10006detail12batched_topk40device_segmented_topk_last_filter_kernelINS2_26policy_selector_from_typesIlalLl8388608EEELNS1_4topk6selectE1EN4cuda3__417constant_iteratorIPKllEENSA_IPllEENSA_INS9_17counting_iteratorIjlLi0ELi0ELi0EEElEENS9_18transform_iteratorINS2_26per_segment_indexed_out_opINSA_IPKalEENSA_IPalEEEENSG_IlnLi0ELi0ELi0EEEEENS1_6params13uniform_paramIlLl0ELl268435456EEENSU_IlLl1ELl8388608EEENSU_IlLl1ELl1EEESE_jPyNS1_21identity_decomposer_tEjjEEvT1_T2_T3_T4_T5_T6_T7_T8_PKT9_PNS6_7counterINS8_3std3__415iterator_traitsINS1E_IS10_vE10value_typeEvE10value_typeET12_T13_EEPS1I_PNS1E_INS1E_IS12_vE10value_typeEvE10value_typeES1J_T10_iiT11_' for 'sm_100'
ptxas info    : Function properties for _ZN3cub17_V_300500_SM_10006detail12batched_topk40device_segmented_topk_last_filter_kernelINS2_26policy_selector_from_typesIlalLl8388608EEELNS1_4topk6selectE1EN4cuda3__417constant_iteratorIPKllEENSA_IPllEENSA_INS9_17counting_iteratorIjlLi0ELi0ELi0EEElEENS9_18transform_iteratorINS2_26per_segment_indexed_out_opINSA_IPKalEENSA_IPalEEEENSG_IlnLi0ELi0ELi0EEEEENS1_6params13uniform_paramIlLl0ELl268435456EEENSU_IlLl1ELl8388608EEENSU_IlLl1ELl1EEESE_jPyNS1_21identity_decomposer_tEjjEEvT1_T2_T3_T4_T5_T6_T7_T8_PKT9_PNS6_7counterINS8_3std3__415iterator_traitsINS1E_IS10_vE10value_typeEvE10value_typeET12_T13_EEPS1I_PNS1E_INS1E_IS12_vE10value_typeEvE10value_typeES1J_T10_iiT11_
    0 bytes stack frame, 0 bytes spill stores, 0 bytes spill loads
ptxas info    : Used 40 registers, used 0 barriers
ptxas info    : Compile time = 25.023 ms
ptxas info    : Compiling entry function '_ZN3cub17_V_300500_SM_10006detail12batched_topk35device_segmented_topk_filter_kernelINS2_26policy_selector_from_typesIlalLl8388608EEELNS1_4topk6selectE1EN4cuda3__417constant_iteratorIPKllEENSA_IPllEENSA_INS9_17counting_iteratorIjlLi0ELi0ELi0EEElEENS9_18transform_iteratorINS2_26per_segment_indexed_out_opINSA_IPKalEENSA_IPalEEEENSG_IlnLi0ELi0ELi0EEEEENS1_6params13uniform_paramIlLl0ELl268435456EEENSU_IlLl1ELl8388608EEENSU_IlLl1ELl1EEESE_jPyNS1_21identity_decomposer_tEjjEEvT1_T2_T3_T4_T5_T6_T7_T8_PKT9_PNS6_7counterINS8_3std3__415iterator_traitsINS1E_IS10_vE10value_typeEvE10value_typeET12_T13_EEPS1J_PS1I_PNS1E_INS1E_IS12_vE10value_typeEvE10value_typeES1O_S1T_S1J_S1J_T10_iibT11_' for 'sm_100'
ptxas info    : Function properties for _ZN3cub17_V_300500_SM_10006detail12batched_topk35device_segmented_topk_filter_kernelINS2_26policy_selector_from_typesIlalLl8388608EEELNS1_4topk6selectE1EN4cuda3__417constant_iteratorIPKllEENSA_IPllEENSA_INS9_17counting_iteratorIjlLi0ELi0ELi0EEElEENS9_18transform_iteratorINS2_26per_segment_indexed_out_opINSA_IPKalEENSA_IPalEEEENSG_IlnLi0ELi0ELi0EEEEENS1_6params13uniform_paramIlLl0ELl268435456EEENSU_IlLl1ELl8388608EEENSU_IlLl1ELl1EEESE_jPyNS1_21identity_decomposer_tEjjEEvT1_T2_T3_T4_T5_T6_T7_T8_PKT9_PNS6_7counterINS8_3std3__415iterator_traitsINS1E_IS10_vE10value_typeEvE10value_typeET12_T13_EEPS1J_PS1I_PNS1E_INS1E_IS12_vE10value_typeEvE10value_typeES1O_S1T_S1J_S1J_T10_iibT11_
    0 bytes stack frame, 0 bytes spill stores, 0 bytes spill loads
ptxas info    : Used 40 registers, used 1 barriers, 8196 bytes smem
ptxas info    : Compile time = 24.427 ms
ptxas info    : Compiling entry function '_ZN3cub17_V_300500_SM_10006detail12batched_topk47device_segmented_topk_finalize_histogram_kernelINS2_26policy_selector_from_typesIlalLl8388608EEEN4cuda3__417constant_iteratorIPKllEENS1_6params13uniform_paramIlLl0ELl268435456EEENSD_IlLl1ELl8388608EEENSD_IlLl1ELl1EEEPlPyNS1_4topk16extract_bin_op_tIlLNSJ_6selectE1ELi11ENS1_21identity_decomposer_tELb1EEEjjlEEvT0_T1_T2_T3_T4_PNSJ_7counterIT9_T7_T8_EEPSV_T5_T6_ib' for 'sm_100'
ptxas info    : Function properties for _ZN3cub17_V_300500_SM_10006detail12batched_topk47device_segmented_topk_finalize_histogram_kernelINS2_26policy_selector_from_typesIlalLl8388608EEEN4cuda3__417constant_iteratorIPKllEENS1_6params13uniform_paramIlLl0ELl268435456EEENSD_IlLl1ELl8388608EEENSD_IlLl1ELl1EEEPlPyNS1_4topk16extract_bin_op_tIlLNSJ_6selectE1ELi11ENS1_21identity_decomposer_tELb1EEEjjlEEvT0_T1_T2_T3_T4_PNSJ_7counterIT9_T7_T8_EEPSV_T5_T6_ib
    0 bytes stack frame, 0 bytes spill stores, 0 bytes spill loads
ptxas info    : Used 40 registers, used 1 barriers, 8192 bytes smem
ptxas info    : Compile time = 9.304 ms
ptxas info    : Compiling entry function '_ZN3cub17_V_300500_SM_10006detail12batched_topk38device_segmented_topk_histogram_kernelINS2_26policy_selector_from_typesIlalLl8388608EEEN4cuda3__417constant_iteratorIPKllEENS1_6params13uniform_paramIlLl0ELl268435456EEENSD_IlLl1ELl8388608EEENSD_IlLl1ELl1EEEPljPyNS1_4topk16extract_bin_op_tIlLNSJ_6selectE1ELi11ENS1_21identity_decomposer_tELb1EEEjjjEEvT0_T1_T2_T3_T4_PKT5_PNSJ_7counterINS6_3std3__415iterator_traitsINSZ_ISO_vE10value_typeEvE10value_typeET8_T9_EEPS14_T6_T7_' for 'sm_100'
ptxas info    : Function properties for _ZN3cub17_V_300500_SM_10006detail12batched_topk38device_segmented_topk_histogram_kernelINS2_26policy_selector_from_typesIlalLl8388608EEEN4cuda3__417constant_iteratorIPKllEENS1_6params13uniform_paramIlLl0ELl268435456EEENSD_IlLl1ELl8388608EEENSD_IlLl1ELl1EEEPljPyNS1_4topk16extract_bin_op_tIlLNSJ_6selectE1ELi11ENS1_21identity_decomposer_tELb1EEEjjjEEvT0_T1_T2_T3_T4_PKT5_PNSJ_7counterINS6_3std3__415iterator_traitsINSZ_ISO_vE10value_typeEvE10value_typeET8_T9_EEPS14_T6_T7_
    0 bytes stack frame, 0 bytes spill stores, 0 bytes spill loads
ptxas info    : Used 30 registers, used 1 barriers, 8240 bytes smem
ptxas info    : Compile time = 19.753 ms
ptxas info    : Compiling entry function '_ZN3cub17_V_300500_SM_10006detail12batched_topk44device_segmented_topk_finalize_filter_kernelINS2_26policy_selector_from_typesIlalLl8388608EEELNS1_4topk6selectE0EN4cuda3__417constant_iteratorIPKllEENSA_IPllEENSA_INS9_17counting_iteratorIjlLi0ELi0ELi0EEElEENS9_18transform_iteratorINS2_26per_segment_indexed_out_opINSA_IPKalEENSA_IPalEEEENSG_IlnLi0ELi0ELi0EEEEENS1_6params13uniform_paramIlLl0ELl268435456EEENSU_IlLl1ELl8388608EEENSU_IlLl1ELl1EEESE_jPyNS1_21identity_decomposer_tEjjlEEvT1_T2_T3_T4_T5_T6_T7_T8_PKT9_PNS6_7counterIT14_T12_T13_EEPS1D_PS1C_PNS8_3std3__415iterator_traitsINS1L_IS12_vE10value_typeEvE10value_typeES1I_S1Q_T10_S1D_S1D_iiT11_b' for 'sm_100'
ptxas info    : Function properties for _ZN3cub17_V_300500_SM_10006detail12batched_topk44device_segmented_topk_finalize_filter_kernelINS2_26policy_selector_from_typesIlalLl8388608EEELNS1_4topk6selectE0EN4cuda3__417constant_iteratorIPKllEENSA_IPllEENSA_INS9_17counting_iteratorIjlLi0ELi0ELi0EEElEENS9_18transform_iteratorINS2_26per_segment_indexed_out_opINSA_IPKalEENSA_IPalEEEENSG_IlnLi0ELi0ELi0EEEEENS1_6params13uniform_paramIlLl0ELl268435456EEENSU_IlLl1ELl8388608EEENSU_IlLl1ELl1EEESE_jPyNS1_21identity_decomposer_tEjjlEEvT1_T2_T3_T4_T5_T6_T7_T8_PKT9_PNS6_7counterIT14_T12_T13_EEPS1D_PS1C_PNS8_3std3__415iterator_traitsINS1L_IS12_vE10value_typeEvE10value_typeES1I_S1Q_T10_S1D_S1D_iiT11_b
    0 bytes stack frame, 0 bytes spill stores, 0 bytes spill loads
ptxas info    : Used 54 registers, used 1 barriers, 8208 bytes smem
ptxas info    : Compile time = 24.289 ms
ptxas info    : Compiling entry function '_ZN3cub17_V_300500_SM_10006detail12batched_topk40device_segmented_topk_last_filter_kernelINS2_26policy_selector_from_typesIlalLl8388608EEELNS1_4topk6selectE0EN4cuda3__417constant_iteratorIPKllEENSA_IPllEENSA_INS9_17counting_iteratorIjlLi0ELi0ELi0EEElEENS9_18transform_iteratorINS2_26per_segment_indexed_out_opINSA_IPKalEENSA_IPalEEEENSG_IlnLi0ELi0ELi0EEEEENS1_6params13uniform_paramIlLl0ELl268435456EEENSU_IlLl1ELl8388608EEENSU_IlLl1ELl1EEESE_jPyNS1_21identity_decomposer_tEjjEEvT1_T2_T3_T4_T5_T6_T7_T8_PKT9_PNS6_7counterINS8_3std3__415iterator_traitsINS1E_IS10_vE10value_typeEvE10value_typeET12_T13_EEPS1I_PNS1E_INS1E_IS12_vE10value_typeEvE10value_typeES1J_T10_iiT11_' for 'sm_100'
ptxas info    : Function properties for _ZN3cub17_V_300500_SM_10006detail12batched_topk40device_segmented_topk_last_filter_kernelINS2_26policy_selector_from_typesIlalLl8388608EEELNS1_4topk6selectE0EN4cuda3__417constant_iteratorIPKllEENSA_IPllEENSA_INS9_17counting_iteratorIjlLi0ELi0ELi0EEElEENS9_18transform_iteratorINS2_26per_segment_indexed_out_opINSA_IPKalEENSA_IPalEEEENSG_IlnLi0ELi0ELi0EEEEENS1_6params13uniform_paramIlLl0ELl268435456EEENSU_IlLl1ELl8388608EEENSU_IlLl1ELl1EEESE_jPyNS1_21identity_decomposer_tEjjEEvT1_T2_T3_T4_T5_T6_T7_T8_PKT9_PNS6_7counterINS8_3std3__415iterator_traitsINS1E_IS10_vE10value_typeEvE10value_typeET12_T13_EEPS1I_PNS1E_INS1E_IS12_vE10value_typeEvE10value_typeES1J_T10_iiT11_
    0 bytes stack frame, 0 bytes spill stores, 0 bytes spill loads
ptxas info    : Used 40 registers, used 0 barriers
ptxas info    : Compile time = 24.988 ms
ptxas info    : Compiling entry function '_ZN3cub17_V_300500_SM_10006detail12batched_topk35device_segmented_topk_filter_kernelINS2_26policy_selector_from_typesIlalLl8388608EEELNS1_4topk6selectE0EN4cuda3__417constant_iteratorIPKllEENSA_IPllEENSA_INS9_17counting_iteratorIjlLi0ELi0ELi0EEElEENS9_18transform_iteratorINS2_26per_segment_indexed_out_opINSA_IPKalEENSA_IPalEEEENSG_IlnLi0ELi0ELi0EEEEENS1_6params13uniform_paramIlLl0ELl268435456EEENSU_IlLl1ELl8388608EEENSU_IlLl1ELl1EEESE_jPyNS1_21identity_decomposer_tEjjEEvT1_T2_T3_T4_T5_T6_T7_T8_PKT9_PNS6_7counterINS8_3std3__415iterator_traitsINS1E_IS10_vE10value_typeEvE10value_typeET12_T13_EEPS1J_PS1I_PNS1E_INS1E_IS12_vE10value_typeEvE10value_typeES1O_S1T_S1J_S1J_T10_iibT11_' for 'sm_100'
ptxas info    : Function properties for _ZN3cub17_V_300500_SM_10006detail12batched_topk35device_segmented_topk_filter_kernelINS2_26policy_selector_from_typesIlalLl8388608EEELNS1_4topk6selectE0EN4cuda3__417constant_iteratorIPKllEENSA_IPllEENSA_INS9_17counting_iteratorIjlLi0ELi0ELi0EEElEENS9_18transform_iteratorINS2_26per_segment_indexed_out_opINSA_IPKalEENSA_IPalEEEENSG_IlnLi0ELi0ELi0EEEEENS1_6params13uniform_paramIlLl0ELl268435456EEENSU_IlLl1ELl8388608EEENSU_IlLl1ELl1EEESE_jPyNS1_21identity_decomposer_tEjjEEvT1_T2_T3_T4_T5_T6_T7_T8_PKT9_PNS6_7counterINS8_3std3__415iterator_traitsINS1E_IS10_vE10value_typeEvE10value_typeET12_T13_EEPS1J_PS1I_PNS1E_INS1E_IS12_vE10value_typeEvE10value_typeES1O_S1T_S1J_S1J_T10_iibT11_
    0 bytes stack frame, 0 bytes spill stores, 0 bytes spill loads
ptxas info    : Used 40 registers, used 1 barriers, 8196 bytes smem
ptxas info    : Compile time = 24.374 ms
ptxas info    : Compiling entry function '_ZN3cub17_V_300500_SM_10006detail12batched_topk47device_segmented_topk_finalize_histogram_kernelINS2_26policy_selector_from_typesIlalLl8388608EEEN4cuda3__417constant_iteratorIPKllEENS1_6params13uniform_paramIlLl0ELl268435456EEENSD_IlLl1ELl8388608EEENSD_IlLl1ELl1EEEPlPyNS1_4topk16extract_bin_op_tIlLNSJ_6selectE0ELi11ENS1_21identity_decomposer_tELb1EEEjjlEEvT0_T1_T2_T3_T4_PNSJ_7counterIT9_T7_T8_EEPSV_T5_T6_ib' for 'sm_100'
ptxas info    : Function properties for _ZN3cub17_V_300500_SM_10006detail12batched_topk47device_segmented_topk_finalize_histogram_kernelINS2_26policy_selector_from_typesIlalLl8388608EEEN4cuda3__417constant_iteratorIPKllEENS1_6params13uniform_paramIlLl0ELl268435456EEENSD_IlLl1ELl8388608EEENSD_IlLl1ELl1EEEPlPyNS1_4topk16extract_bin_op_tIlLNSJ_6selectE0ELi11ENS1_21identity_decomposer_tELb1EEEjjlEEvT0_T1_T2_T3_T4_PNSJ_7counterIT9_T7_T8_EEPSV_T5_T6_ib
    0 bytes stack frame, 0 bytes spill stores, 0 bytes spill loads
ptxas info    : Used 40 registers, used 1 barriers, 8192 bytes smem
ptxas info    : Compile time = 9.256 ms
ptxas info    : Compiling entry function '_ZN3cub17_V_300500_SM_10006detail12batched_topk38device_segmented_topk_histogram_kernelINS2_26policy_selector_from_typesIlalLl8388608EEEN4cuda3__417constant_iteratorIPKllEENS1_6params13uniform_paramIlLl0ELl268435456EEENSD_IlLl1ELl8388608EEENSD_IlLl1ELl1EEEPljPyNS1_4topk16extract_bin_op_tIlLNSJ_6selectE0ELi11ENS1_21identity_decomposer_tELb1EEEjjjEEvT0_T1_T2_T3_T4_PKT5_PNSJ_7counterINS6_3std3__415iterator_traitsINSZ_ISO_vE10value_typeEvE10value_typeET8_T9_EEPS14_T6_T7_' for 'sm_100'
ptxas info    : Function properties for _ZN3cub17_V_300500_SM_10006detail12batched_topk38device_segmented_topk_histogram_kernelINS2_26policy_selector_from_typesIlalLl8388608EEEN4cuda3__417constant_iteratorIPKllEENS1_6params13uniform_paramIlLl0ELl268435456EEENSD_IlLl1ELl8388608EEENSD_IlLl1ELl1EEEPljPyNS1_4topk16extract_bin_op_tIlLNSJ_6selectE0ELi11ENS1_21identity_decomposer_tELb1EEEjjjEEvT0_T1_T2_T3_T4_PKT5_PNSJ_7counterINS6_3std3__415iterator_traitsINSZ_ISO_vE10value_typeEvE10value_typeET8_T9_EEPS14_T6_T7_
    0 bytes stack frame, 0 bytes spill stores, 0 bytes spill loads
ptxas info    : Used 30 registers, used 1 barriers, 8240 bytes smem
ptxas info    : Compile time = 19.373 ms
ptxas info    : Compiling entry function '_ZN3cub17_V_300500_SM_10006detail12batched_topk28device_segmented_topk_kernelINS2_26policy_selector_from_typesIlalLl8388608EEEN4cuda3__417constant_iteratorIPKllEENS8_IPllEENS8_IPKalEENS8_IPalEENS1_6params13uniform_paramIlLl0ELl268435456EEENSK_IlLl1ELl8388608EEENSJ_22uniform_discrete_paramINS1_4topk6selectEJLSP_1EEEENSK_IlLl1ELl1EEEjEEvT0_T1_T2_T3_T4_T5_T6_T7_PNS2_21batched_topk_countersINSZ_10value_typeEEEPS11_PT8_' for 'sm_100'
ptxas info    : Function properties for _ZN3cub17_V_300500_SM_10006detail12batched_topk28device_segmented_topk_kernelINS2_26policy_selector_from_typesIlalLl8388608EEEN4cuda3__417constant_iteratorIPKllEENS8_IPllEENS8_IPKalEENS8_IPalEENS1_6params13uniform_paramIlLl0ELl268435456EEENSK_IlLl1ELl8388608EEENSJ_22uniform_discrete_paramINS1_4topk6selectEJLSP_1EEEENSK_IlLl1ELl1EEEjEEvT0_T1_T2_T3_T4_T5_T6_T7_PNS2_21batched_topk_countersINSZ_10value_typeEEEPS11_PT8_
    0 bytes stack frame, 0 bytes spill stores, 0 bytes spill loads
ptxas info    : Used 183 registers, used 1 barriers, 33808 bytes smem
ptxas info    : Compile time = 68.142 ms
ptxas info    : Compiling entry function '_ZN3cub17_V_300500_SM_10006detail12batched_topk44device_segmented_topk_finalize_filter_kernelINS2_26policy_selector_from_typesIillLl8388608EEELNS1_4topk6selectE1EN4cuda3__417constant_iteratorIPKilEENSA_IPilEENSA_INS9_17counting_iteratorIjlLi0ELi0ELi0EEElEENS9_18transform_iteratorINS2_26per_segment_indexed_out_opINSA_IPKllEENSA_IPllEEEENSG_IlnLi0ELi0ELi0EEEEENS1_6params13uniform_paramIlLl0ELl268435456EEENSU_IlLl1ELl8388608EEENSU_IlLl1ELl1EEESO_jPyNS1_21identity_decomposer_tEjjiEEvT1_T2_T3_T4_T5_T6_T7_T8_PKT9_PNS6_7counterIT14_T12_T13_EEPS1D_PS1C_PNS8_3std3__415iterator_traitsINS1L_IS12_vE10value_typeEvE10value_typeES1I_S1Q_T10_S1D_S1D_iiT11_b' for 'sm_100'
ptxas info    : Function properties for _ZN3cub17_V_300500_SM_10006detail12batched_topk44device_segmented_topk_finalize_filter_kernelINS2_26policy_selector_from_typesIillLl8388608EEELNS1_4topk6selectE1EN4cuda3__417constant_iteratorIPKilEENSA_IPilEENSA_INS9_17counting_iteratorIjlLi0ELi0ELi0EEElEENS9_18transform_iteratorINS2_26per_segment_indexed_out_opINSA_IPKllEENSA_IPllEEEENSG_IlnLi0ELi0ELi0EEEEENS1_6params13uniform_paramIlLl0ELl268435456EEENSU_IlLl1ELl8388608EEENSU_IlLl1ELl1EEESO_jPyNS1_21identity_decomposer_tEjjiEEvT1_T2_T3_T4_T5_T6_T7_T8_PKT9_PNS6_7counterIT14_T12_T13_EEPS1D_PS1C_PNS8_3std3__415iterator_traitsINS1L_IS12_vE10value_typeEvE10value_typeES1I_S1Q_T10_S1D_S1D_iiT11_b
    0 bytes stack frame, 0 bytes spill stores, 0 bytes spill loads
ptxas info    : Used 52 registers, used 1 barriers, 8208 bytes smem
ptxas info    : Compile time = 30.437 ms
ptxas info    : Compiling entry function '_ZN3cub17_V_300500_SM_10006detail12batched_topk40device_segmented_topk_last_filter_kernelINS2_26policy_selector_from_typesIillLl8388608EEELNS1_4topk6selectE1EN4cuda3__417constant_iteratorIPKilEENSA_IPilEENSA_INS9_17counting_iteratorIjlLi0ELi0ELi0EEElEENS9_18transform_iteratorINS2_26per_segment_indexed_out_opINSA_IPKllEENSA_IPllEEEENSG_IlnLi0ELi0ELi0EEEEENS1_6params13uniform_paramIlLl0ELl268435456EEENSU_IlLl1ELl8388608EEENSU_IlLl1ELl1EEESO_jPyNS1_21identity_decomposer_tEjjEEvT1_T2_T3_T4_T5_T6_T7_T8_PKT9_PNS6_7counterINS8_3std3__415iterator_traitsINS1E_IS10_vE10value_typeEvE10value_typeET12_T13_EEPS1I_PNS1E_INS1E_IS12_vE10value_typeEvE10value_typeES1J_T10_iiT11_' for 'sm_100'
ptxas info    : Function properties for _ZN3cub17_V_300500_SM_10006detail12batched_topk40device_segmented_topk_last_filter_kernelINS2_26policy_selector_from_typesIillLl8388608EEELNS1_4topk6selectE1EN4cuda3__417constant_iteratorIPKilEENSA_IPilEENSA_INS9_17counting_iteratorIjlLi0ELi0ELi0EEElEENS9_18transform_iteratorINS2_26per_segment_indexed_out_opINSA_IPKllEENSA_IPllEEEENSG_IlnLi0ELi0ELi0EEEEENS1_6params13uniform_paramIlLl0ELl268435456EEENSU_IlLl1ELl8388608EEENSU_IlLl1ELl1EEESO_jPyNS1_21identity_decomposer_tEjjEEvT1_T2_T3_T4_T5_T6_T7_T8_PKT9_PNS6_7counterINS8_3std3__415iterator_traitsINS1E_IS10_vE10value_typeEvE10value_typeET12_T13_EEPS1I_PNS1E_INS1E_IS12_vE10value_typeEvE10value_typeES1J_T10_iiT11_
    0 bytes stack frame, 0 bytes spill stores, 0 bytes spill loads
ptxas info    : Used 40 registers, used 0 barriers
ptxas info    : Compile time = 31.915 ms
ptxas info    : Compiling entry function '_ZN3cub17_V_300500_SM_10006detail12batched_topk35device_segmented_topk_filter_kernelINS2_26policy_selector_from_typesIillLl8388608EEELNS1_4topk6selectE1EN4cuda3__417constant_iteratorIPKilEENSA_IPilEENSA_INS9_17counting_iteratorIjlLi0ELi0ELi0EEElEENS9_18transform_iteratorINS2_26per_segment_indexed_out_opINSA_IPKllEENSA_IPllEEEENSG_IlnLi0ELi0ELi0EEEEENS1_6params13uniform_paramIlLl0ELl268435456EEENSU_IlLl1ELl8388608EEENSU_IlLl1ELl1EEESO_jPyNS1_21identity_decomposer_tEjjEEvT1_T2_T3_T4_T5_T6_T7_T8_PKT9_PNS6_7counterINS8_3std3__415iterator_traitsINS1E_IS10_vE10value_typeEvE10value_typeET12_T13_EEPS1J_PS1I_PNS1E_INS1E_IS12_vE10value_typeEvE10value_typeES1O_S1T_S1J_S1J_T10_iibT11_' for 'sm_100'
ptxas info    : Function properties for _ZN3cub17_V_300500_SM_10006detail12batched_topk35device_segmented_topk_filter_kernelINS2_26policy_selector_from_typesIillLl8388608EEELNS1_4topk6selectE1EN4cuda3__417constant_iteratorIPKilEENSA_IPilEENSA_INS9_17counting_iteratorIjlLi0ELi0ELi0EEElEENS9_18transform_iteratorINS2_26per_segment_indexed_out_opINSA_IPKllEENSA_IPllEEEENSG_IlnLi0ELi0ELi0EEEEENS1_6params13uniform_paramIlLl0ELl268435456EEENSU_IlLl1ELl8388608EEENSU_IlLl1ELl1EEESO_jPyNS1_21identity_decomposer_tEjjEEvT1_T2_T3_T4_T5_T6_T7_T8_PKT9_PNS6_7counterINS8_3std3__415iterator_traitsINS1E_IS10_vE10value_typeEvE10value_typeET12_T13_EEPS1J_PS1I_PNS1E_INS1E_IS12_vE10value_typeEvE10value_typeES1O_S1T_S1J_S1J_T10_iibT11_
    0 bytes stack frame, 0 bytes spill stores, 0 bytes spill loads
ptxas info    : Used 40 registers, used 1 barriers, 8196 bytes smem
ptxas info    : Compile time = 28.860 ms
ptxas info    : Compiling entry function '_ZN3cub17_V_300500_SM_10006detail12batched_topk47device_segmented_topk_finalize_histogram_kernelINS2_26policy_selector_from_typesIillLl8388608EEEN4cuda3__417constant_iteratorIPKilEENS1_6params13uniform_paramIlLl0ELl268435456EEENSD_IlLl1ELl8388608EEENSD_IlLl1ELl1EEEPlPyNS1_4topk16extract_bin_op_tIiLNSJ_6selectE1ELi11ENS1_21identity_decomposer_tELb1EEEjjiEEvT0_T1_T2_T3_T4_PNSJ_7counterIT9_T7_T8_EEPSV_T5_T6_ib' for 'sm_100'
ptxas info    : Function properties for _ZN3cub17_V_300500_SM_10006detail12batched_topk47device_segmented_topk_finalize_histogram_kernelINS2_26policy_selector_from_typesIillLl8388608EEEN4cuda3__417constant_iteratorIPKilEENS1_6params13uniform_paramIlLl0ELl268435456EEENSD_IlLl1ELl8388608EEENSD_IlLl1ELl1EEEPlPyNS1_4topk16extract_bin_op_tIiLNSJ_6selectE1ELi11ENS1_21identity_decomposer_tELb1EEEjjiEEvT0_T1_T2_T3_T4_PNSJ_7counterIT9_T7_T8_EEPSV_T5_T6_ib
    0 bytes stack frame, 0 bytes spill stores, 0 bytes spill loads
ptxas info    : Used 40 registers, used 1 barriers, 8192 bytes smem
ptxas info    : Compile time = 9.544 ms
ptxas info    : Compiling entry function '_ZN3cub17_V_300500_SM_10006detail12batched_topk38device_segmented_topk_histogram_kernelINS2_26policy_selector_from_typesIillLl8388608EEEN4cuda3__417constant_iteratorIPKilEENS1_6params13uniform_paramIlLl0ELl268435456EEENSD_IlLl1ELl8388608EEENSD_IlLl1ELl1EEEPljPyNS1_4topk16extract_bin_op_tIiLNSJ_6selectE1ELi11ENS1_21identity_decomposer_tELb1EEEjjjEEvT0_T1_T2_T3_T4_PKT5_PNSJ_7counterINS6_3std3__415iterator_traitsINSZ_ISO_vE10value_typeEvE10value_typeET8_T9_EEPS14_T6_T7_' for 'sm_100'
ptxas info    : Function properties for _ZN3cub17_V_300500_SM_10006detail12batched_topk38device_segmented_topk_histogram_kernelINS2_26policy_selector_from_typesIillLl8388608EEEN4cuda3__417constant_iteratorIPKilEENS1_6params13uniform_paramIlLl0ELl268435456EEENSD_IlLl1ELl8388608EEENSD_IlLl1ELl1EEEPljPyNS1_4topk16extract_bin_op_tIiLNSJ_6selectE1ELi11ENS1_21identity_decomposer_tELb1EEEjjjEEvT0_T1_T2_T3_T4_PKT5_PNSJ_7counterINS6_3std3__415iterator_traitsINSZ_ISO_vE10value_typeEvE10value_typeET8_T9_EEPS14_T6_T7_
    0 bytes stack frame, 0 bytes spill stores, 0 bytes spill loads
ptxas info    : Used 30 registers, used 1 barriers, 8240 bytes smem
ptxas info    : Compile time = 24.077 ms
ptxas info    : Compiling entry function '_ZN3cub17_V_300500_SM_10006detail12batched_topk44device_segmented_topk_finalize_filter_kernelINS2_26policy_selector_from_typesIillLl8388608EEELNS1_4topk6selectE0EN4cuda3__417constant_iteratorIPKilEENSA_IPilEENSA_INS9_17counting_iteratorIjlLi0ELi0ELi0EEElEENS9_18transform_iteratorINS2_26per_segment_indexed_out_opINSA_IPKllEENSA_IPllEEEENSG_IlnLi0ELi0ELi0EEEEENS1_6params13uniform_paramIlLl0ELl268435456EEENSU_IlLl1ELl8388608EEENSU_IlLl1ELl1EEESO_jPyNS1_21identity_decomposer_tEjjiEEvT1_T2_T3_T4_T5_T6_T7_T8_PKT9_PNS6_7counterIT14_T12_T13_EEPS1D_PS1C_PNS8_3std3__415iterator_traitsINS1L_IS12_vE10value_typeEvE10value_typeES1I_S1Q_T10_S1D_S1D_iiT11_b' for 'sm_100'
ptxas info    : Function properties for _ZN3cub17_V_300500_SM_10006detail12batched_topk44device_segmented_topk_finalize_filter_kernelINS2_26policy_selector_from_typesIillLl8388608EEELNS1_4topk6selectE0EN4cuda3__417constant_iteratorIPKilEENSA_IPilEENSA_INS9_17counting_iteratorIjlLi0ELi0ELi0EEElEENS9_18transform_iteratorINS2_26per_segment_indexed_out_opINSA_IPKllEENSA_IPllEEEENSG_IlnLi0ELi0ELi0EEEEENS1_6params13uniform_paramIlLl0ELl268435456EEENSU_IlLl1ELl8388608EEENSU_IlLl1ELl1EEESO_jPyNS1_21identity_decomposer_tEjjiEEvT1_T2_T3_T4_T5_T6_T7_T8_PKT9_PNS6_7counterIT14_T12_T13_EEPS1D_PS1C_PNS8_3std3__415iterator_traitsINS1L_IS12_vE10value_typeEvE10value_typeES1I_S1Q_T10_S1D_S1D_iiT11_b
    0 bytes stack frame, 0 bytes spill stores, 0 bytes spill loads
ptxas info    : Used 52 registers, used 1 barriers, 8208 bytes smem
ptxas info    : Compile time = 30.346 ms
ptxas info    : Compiling entry function '_ZN3cub17_V_300500_SM_10006detail12batched_topk40device_segmented_topk_last_filter_kernelINS2_26policy_selector_from_typesIillLl8388608EEELNS1_4topk6selectE0EN4cuda3__417constant_iteratorIPKilEENSA_IPilEENSA_INS9_17counting_iteratorIjlLi0ELi0ELi0EEElEENS9_18transform_iteratorINS2_26per_segment_indexed_out_opINSA_IPKllEENSA_IPllEEEENSG_IlnLi0ELi0ELi0EEEEENS1_6params13uniform_paramIlLl0ELl268435456EEENSU_IlLl1ELl8388608EEENSU_IlLl1ELl1EEESO_jPyNS1_21identity_decomposer_tEjjEEvT1_T2_T3_T4_T5_T6_T7_T8_PKT9_PNS6_7counterINS8_3std3__415iterator_traitsINS1E_IS10_vE10value_typeEvE10value_typeET12_T13_EEPS1I_PNS1E_INS1E_IS12_vE10value_typeEvE10value_typeES1J_T10_iiT11_' for 'sm_100'
ptxas info    : Function properties for _ZN3cub17_V_300500_SM_10006detail12batched_topk40device_segmented_topk_last_filter_kernelINS2_26policy_selector_from_typesIillLl8388608EEELNS1_4topk6selectE0EN4cuda3__417constant_iteratorIPKilEENSA_IPilEENSA_INS9_17counting_iteratorIjlLi0ELi0ELi0EEElEENS9_18transform_iteratorINS2_26per_segment_indexed_out_opINSA_IPKllEENSA_IPllEEEENSG_IlnLi0ELi0ELi0EEEEENS1_6params13uniform_paramIlLl0ELl268435456EEENSU_IlLl1ELl8388608EEENSU_IlLl1ELl1EEESO_jPyNS1_21identity_decomposer_tEjjEEvT1_T2_T3_T4_T5_T6_T7_T8_PKT9_PNS6_7counterINS8_3std3__415iterator_traitsINS1E_IS10_vE10value_typeEvE10value_typeET12_T13_EEPS1I_PNS1E_INS1E_IS12_vE10value_typeEvE10value_typeES1J_T10_iiT11_
    0 bytes stack frame, 0 bytes spill stores, 0 bytes spill loads
ptxas info    : Used 40 registers, used 0 barriers
ptxas info    : Compile time = 31.920 ms
ptxas info    : Compiling entry function '_ZN3cub17_V_300500_SM_10006detail12batched_topk35device_segmented_topk_filter_kernelINS2_26policy_selector_from_typesIillLl8388608EEELNS1_4topk6selectE0EN4cuda3__417constant_iteratorIPKilEENSA_IPilEENSA_INS9_17counting_iteratorIjlLi0ELi0ELi0EEElEENS9_18transform_iteratorINS2_26per_segment_indexed_out_opINSA_IPKllEENSA_IPllEEEENSG_IlnLi0ELi0ELi0EEEEENS1_6params13uniform_paramIlLl0ELl268435456EEENSU_IlLl1ELl8388608EEENSU_IlLl1ELl1EEESO_jPyNS1_21identity_decomposer_tEjjEEvT1_T2_T3_T4_T5_T6_T7_T8_PKT9_PNS6_7counterINS8_3std3__415iterator_traitsINS1E_IS10_vE10value_typeEvE10value_typeET12_T13_EEPS1J_PS1I_PNS1E_INS1E_IS12_vE10value_typeEvE10value_typeES1O_S1T_S1J_S1J_T10_iibT11_' for 'sm_100'
ptxas info    : Function properties for _ZN3cub17_V_300500_SM_10006detail12batched_topk35device_segmented_topk_filter_kernelINS2_26policy_selector_from_typesIillLl8388608EEELNS1_4topk6selectE0EN4cuda3__417constant_iteratorIPKilEENSA_IPilEENSA_INS9_17counting_iteratorIjlLi0ELi0ELi0EEElEENS9_18transform_iteratorINS2_26per_segment_indexed_out_opINSA_IPKllEENSA_IPllEEEENSG_IlnLi0ELi0ELi0EEEEENS1_6params13uniform_paramIlLl0ELl268435456EEENSU_IlLl1ELl8388608EEENSU_IlLl1ELl1EEESO_jPyNS1_21identity_decomposer_tEjjEEvT1_T2_T3_T4_T5_T6_T7_T8_PKT9_PNS6_7counterINS8_3std3__415iterator_traitsINS1E_IS10_vE10value_typeEvE10value_typeET12_T13_EEPS1J_PS1I_PNS1E_INS1E_IS12_vE10value_typeEvE10value_typeES1O_S1T_S1J_S1J_T10_iibT11_
    0 bytes stack frame, 0 bytes spill stores, 0 bytes spill loads
ptxas info    : Used 40 registers, used 1 barriers, 8196 bytes smem
ptxas info    : Compile time = 30.654 ms
ptxas info    : Compiling entry function '_ZN3cub17_V_300500_SM_10006detail12batched_topk47device_segmented_topk_finalize_histogram_kernelINS2_26policy_selector_from_typesIillLl8388608EEEN4cuda3__417constant_iteratorIPKilEENS1_6params13uniform_paramIlLl0ELl268435456EEENSD_IlLl1ELl8388608EEENSD_IlLl1ELl1EEEPlPyNS1_4topk16extract_bin_op_tIiLNSJ_6selectE0ELi11ENS1_21identity_decomposer_tELb1EEEjjiEEvT0_T1_T2_T3_T4_PNSJ_7counterIT9_T7_T8_EEPSV_T5_T6_ib' for 'sm_100'
ptxas info    : Function properties for _ZN3cub17_V_300500_SM_10006detail12batched_topk47device_segmented_topk_finalize_histogram_kernelINS2_26policy_selector_from_typesIillLl8388608EEEN4cuda3__417constant_iteratorIPKilEENS1_6params13uniform_paramIlLl0ELl268435456EEENSD_IlLl1ELl8388608EEENSD_IlLl1ELl1EEEPlPyNS1_4topk16extract_bin_op_tIiLNSJ_6selectE0ELi11ENS1_21identity_decomposer_tELb1EEEjjiEEvT0_T1_T2_T3_T4_PNSJ_7counterIT9_T7_T8_EEPSV_T5_T6_ib
    0 bytes stack frame, 0 bytes spill stores, 0 bytes spill loads
ptxas info    : Used 40 registers, used 1 barriers, 8192 bytes smem
ptxas info    : Compile time = 9.523 ms
ptxas info    : Compiling entry function '_ZN3cub17_V_300500_SM_10006detail12batched_topk38device_segmented_topk_histogram_kernelINS2_26policy_selector_from_typesIillLl8388608EEEN4cuda3__417constant_iteratorIPKilEENS1_6params13uniform_paramIlLl0ELl268435456EEENSD_IlLl1ELl8388608EEENSD_IlLl1ELl1EEEPljPyNS1_4topk16extract_bin_op_tIiLNSJ_6selectE0ELi11ENS1_21identity_decomposer_tELb1EEEjjjEEvT0_T1_T2_T3_T4_PKT5_PNSJ_7counterINS6_3std3__415iterator_traitsINSZ_ISO_vE10value_typeEvE10value_typeET8_T9_EEPS14_T6_T7_' for 'sm_100'
ptxas info    : Function properties for _ZN3cub17_V_300500_SM_10006detail12batched_topk38device_segmented_topk_histogram_kernelINS2_26policy_selector_from_typesIillLl8388608EEEN4cuda3__417constant_iteratorIPKilEENS1_6params13uniform_paramIlLl0ELl268435456EEENSD_IlLl1ELl8388608EEENSD_IlLl1ELl1EEEPljPyNS1_4topk16extract_bin_op_tIiLNSJ_6selectE0ELi11ENS1_21identity_decomposer_tELb1EEEjjjEEvT0_T1_T2_T3_T4_PKT5_PNSJ_7counterINS6_3std3__415iterator_traitsINSZ_ISO_vE10value_typeEvE10value_typeET8_T9_EEPS14_T6_T7_
    0 bytes stack frame, 0 bytes spill stores, 0 bytes spill loads
ptxas info    : Used 30 registers, used 1 barriers, 8240 bytes smem
ptxas info    : Compile time = 24.037 ms
ptxas info    : Compiling entry function '_ZN3cub17_V_300500_SM_10006detail12batched_topk28device_segmented_topk_kernelINS2_26policy_selector_from_typesIillLl8388608EEEN4cuda3__417constant_iteratorIPKilEENS8_IPilEENS8_IPKllEENS8_IPllEENS1_6params13uniform_paramIlLl0ELl268435456EEENSK_IlLl1ELl8388608EEENSJ_22uniform_discrete_paramINS1_4topk6selectEJLSP_1EEEENSK_IlLl1ELl1EEEjEEvT0_T1_T2_T3_T4_T5_T6_T7_PNS2_21batched_topk_countersINSZ_10value_typeEEEPS11_PT8_' for 'sm_100'
ptxas info    : Function properties for _ZN3cub17_V_300500_SM_10006detail12batched_topk28device_segmented_topk_kernelINS2_26policy_selector_from_typesIillLl8388608EEEN4cuda3__417constant_iteratorIPKilEENS8_IPilEENS8_IPKllEENS8_IPllEENS1_6params13uniform_paramIlLl0ELl268435456EEENSK_IlLl1ELl8388608EEENSJ_22uniform_discrete_paramINS1_4topk6selectEJLSP_1EEEENSK_IlLl1ELl1EEEjEEvT0_T1_T2_T3_T4_T5_T6_T7_PNS2_21batched_topk_countersINSZ_10value_typeEEEPS11_PT8_
    0 bytes stack frame, 0 bytes spill stores, 0 bytes spill loads
ptxas info    : Used 196 registers, used 1 barriers, 33808 bytes smem
ptxas info    : Compile time = 61.389 ms
ptxas info    : Compiling entry function '_ZN3cub17_V_300500_SM_10006detail12batched_topk44device_segmented_topk_finalize_filter_kernelINS2_26policy_selector_from_typesIiilLl8388608EEELNS1_4topk6selectE1EN4cuda3__417constant_iteratorIPKilEENSA_IPilEENSA_INS9_17counting_iteratorIjlLi0ELi0ELi0EEElEENS9_18transform_iteratorINS2_26per_segment_indexed_out_opISD_SF_EENSG_IlnLi0ELi0ELi0EEEEENS1_6params13uniform_paramIlLl0ELl268435456EEENSP_IlLl1ELl8388608EEENSP_IlLl1ELl1EEEPljPyNS1_21identity_decomposer_tEjjiEEvT1_T2_T3_T4_T5_T6_T7_T8_PKT9_PNS6_7counterIT14_T12_T13_EEPS19_PS18_PNS8_3std3__415iterator_traitsINS1H_ISY_vE10value_typeEvE10value_typeES1E_S1M_T10_S19_S19_iiT11_b' for 'sm_100'
ptxas info    : Function properties for _ZN3cub17_V_300500_SM_10006detail12batched_topk44device_segmented_topk_finalize_filter_kernelINS2_26policy_selector_from_typesIiilLl8388608EEELNS1_4topk6selectE1EN4cuda3__417constant_iteratorIPKilEENSA_IPilEENSA_INS9_17counting_iteratorIjlLi0ELi0ELi0EEElEENS9_18transform_iteratorINS2_26per_segment_indexed_out_opISD_SF_EENSG_IlnLi0ELi0ELi0EEEEENS1_6params13uniform_paramIlLl0ELl268435456EEENSP_IlLl1ELl8388608EEENSP_IlLl1ELl1EEEPljPyNS1_21identity_decomposer_tEjjiEEvT1_T2_T3_T4_T5_T6_T7_T8_PKT9_PNS6_7counterIT14_T12_T13_EEPS19_PS18_PNS8_3std3__415iterator_traitsINS1H_ISY_vE10value_typeEvE10value_typeES1E_S1M_T10_S19_S19_iiT11_b
    0 bytes stack frame, 0 bytes spill stores, 0 bytes spill loads
ptxas info    : Used 52 registers, used 1 barriers, 8208 bytes smem
ptxas info    : Compile time = 30.306 ms
ptxas info    : Compiling entry function '_ZN3cub17_V_300500_SM_10006detail12batched_topk40device_segmented_topk_last_filter_kernelINS2_26policy_selector_from_typesIiilLl8388608EEELNS1_4topk6selectE1EN4cuda3__417constant_iteratorIPKilEENSA_IPilEENSA_INS9_17counting_iteratorIjlLi0ELi0ELi0EEElEENS9_18transform_iteratorINS2_26per_segment_indexed_out_opISD_SF_EENSG_IlnLi0ELi0ELi0EEEEENS1_6params13uniform_paramIlLl0ELl268435456EEENSP_IlLl1ELl8388608EEENSP_IlLl1ELl1EEEPljPyNS1_21identity_decomposer_tEjjEEvT1_T2_T3_T4_T5_T6_T7_T8_PKT9_PNS6_7counterINS8_3std3__415iterator_traitsINS1A_ISW_vE10value_typeEvE10value_typeET12_T13_EEPS1E_PNS1A_INS1A_ISY_vE10value_typeEvE10value_typeES1F_T10_iiT11_' for 'sm_100'
ptxas info    : Function properties for _ZN3cub17_V_300500_SM_10006detail12batched_topk40device_segmented_topk_last_filter_kernelINS2_26policy_selector_from_typesIiilLl8388608EEELNS1_4topk6selectE1EN4cuda3__417constant_iteratorIPKilEENSA_IPilEENSA_INS9_17counting_iteratorIjlLi0ELi0ELi0EEElEENS9_18transform_iteratorINS2_26per_segment_indexed_out_opISD_SF_EENSG_IlnLi0ELi0ELi0EEEEENS1_6params13uniform_paramIlLl0ELl268435456EEENSP_IlLl1ELl8388608EEENSP_IlLl1ELl1EEEPljPyNS1_21identity_decomposer_tEjjEEvT1_T2_T3_T4_T5_T6_T7_T8_PKT9_PNS6_7counterINS8_3std3__415iterator_traitsINS1A_ISW_vE10value_typeEvE10value_typeET12_T13_EEPS1E_PNS1A_INS1A_ISY_vE10value_typeEvE10value_typeES1F_T10_iiT11_
    0 bytes stack frame, 0 bytes spill stores, 0 bytes spill loads
ptxas info    : Used 40 registers, used 0 barriers
ptxas info    : Compile time = 31.817 ms
ptxas info    : Compiling entry function '_ZN3cub17_V_300500_SM_10006detail12batched_topk35device_segmented_topk_filter_kernelINS2_26policy_selector_from_typesIiilLl8388608EEELNS1_4topk6selectE1EN4cuda3__417constant_iteratorIPKilEENSA_IPilEENSA_INS9_17counting_iteratorIjlLi0ELi0ELi0EEElEENS9_18transform_iteratorINS2_26per_segment_indexed_out_opISD_SF_EENSG_IlnLi0ELi0ELi0EEEEENS1_6params13uniform_paramIlLl0ELl268435456EEENSP_IlLl1ELl8388608EEENSP_IlLl1ELl1EEEPljPyNS1_21identity_decomposer_tEjjEEvT1_T2_T3_T4_T5_T6_T7_T8_PKT9_PNS6_7counterINS8_3std3__415iterator_traitsINS1A_ISW_vE10value_typeEvE10value_typeET12_T13_EEPS1F_PS1E_PNS1A_INS1A_ISY_vE10value_typeEvE10value_typeES1K_S1P_S1F_S1F_T10_iibT11_' for 'sm_100'
ptxas info    : Function properties for _ZN3cub17_V_300500_SM_10006detail12batched_topk35device_segmented_topk_filter_kernelINS2_26policy_selector_from_typesIiilLl8388608EEELNS1_4topk6selectE1EN4cuda3__417constant_iteratorIPKilEENSA_IPilEENSA_INS9_17counting_iteratorIjlLi0ELi0ELi0EEElEENS9_18transform_iteratorINS2_26per_segment_indexed_out_opISD_SF_EENSG_IlnLi0ELi0ELi0EEEEENS1_6params13uniform_paramIlLl0ELl268435456EEENSP_IlLl1ELl8388608EEENSP_IlLl1ELl1EEEPljPyNS1_21identity_decomposer_tEjjEEvT1_T2_T3_T4_T5_T6_T7_T8_PKT9_PNS6_7counterINS8_3std3__415iterator_traitsINS1A_ISW_vE10value_typeEvE10value_typeET12_T13_EEPS1F_PS1E_PNS1A_INS1A_ISY_vE10value_typeEvE10value_typeES1K_S1P_S1F_S1F_T10_iibT11_
    0 bytes stack frame, 0 bytes spill stores, 0 bytes spill loads
ptxas info    : Used 40 registers, used 1 barriers, 8196 bytes smem
ptxas info    : Compile time = 28.815 ms
ptxas info    : Compiling entry function '_ZN3cub17_V_300500_SM_10006detail12batched_topk47device_segmented_topk_finalize_histogram_kernelINS2_26policy_selector_from_typesIiilLl8388608EEEN4cuda3__417constant_iteratorIPKilEENS1_6params13uniform_paramIlLl0ELl268435456EEENSD_IlLl1ELl8388608EEENSD_IlLl1ELl1EEEPlPyNS1_4topk16extract_bin_op_tIiLNSJ_6selectE1ELi11ENS1_21identity_decomposer_tELb1EEEjjiEEvT0_T1_T2_T3_T4_PNSJ_7counterIT9_T7_T8_EEPSV_T5_T6_ib' for 'sm_100'
ptxas info    : Function properties for _ZN3cub17_V_300500_SM_10006detail12batched_topk47device_segmented_topk_finalize_histogram_kernelINS2_26policy_selector_from_typesIiilLl8388608EEEN4cuda3__417constant_iteratorIPKilEENS1_6params13uniform_paramIlLl0ELl268435456EEENSD_IlLl1ELl8388608EEENSD_IlLl1ELl1EEEPlPyNS1_4topk16extract_bin_op_tIiLNSJ_6selectE1ELi11ENS1_21identity_decomposer_tELb1EEEjjiEEvT0_T1_T2_T3_T4_PNSJ_7counterIT9_T7_T8_EEPSV_T5_T6_ib
    0 bytes stack frame, 0 bytes spill stores, 0 bytes spill loads
ptxas info    : Used 40 registers, used 1 barriers, 8192 bytes smem
ptxas info    : Compile time = 9.526 ms
ptxas info    : Compiling entry function '_ZN3cub17_V_300500_SM_10006detail12batched_topk38device_segmented_topk_histogram_kernelINS2_26policy_selector_from_typesIiilLl8388608EEEN4cuda3__417constant_iteratorIPKilEENS1_6params13uniform_paramIlLl0ELl268435456EEENSD_IlLl1ELl8388608EEENSD_IlLl1ELl1EEEPljPyNS1_4topk16extract_bin_op_tIiLNSJ_6selectE1ELi11ENS1_21identity_decomposer_tELb1EEEjjjEEvT0_T1_T2_T3_T4_PKT5_PNSJ_7counterINS6_3std3__415iterator_traitsINSZ_ISO_vE10value_typeEvE10value_typeET8_T9_EEPS14_T6_T7_' for 'sm_100'
ptxas info    : Function properties for _ZN3cub17_V_300500_SM_10006detail12batched_topk38device_segmented_topk_histogram_kernelINS2_26policy_selector_from_typesIiilLl8388608EEEN4cuda3__417constant_iteratorIPKilEENS1_6params13uniform_paramIlLl0ELl268435456EEENSD_IlLl1ELl8388608EEENSD_IlLl1ELl1EEEPljPyNS1_4topk16extract_bin_op_tIiLNSJ_6selectE1ELi11ENS1_21identity_decomposer_tELb1EEEjjjEEvT0_T1_T2_T3_T4_PKT5_PNSJ_7counterINS6_3std3__415iterator_traitsINSZ_ISO_vE10value_typeEvE10value_typeET8_T9_EEPS14_T6_T7_
    0 bytes stack frame, 0 bytes spill stores, 0 bytes spill loads
ptxas info    : Used 30 registers, used 1 barriers, 8240 bytes smem
ptxas info    : Compile time = 24.044 ms
ptxas info    : Compiling entry function '_ZN3cub17_V_300500_SM_10006detail12batched_topk44device_segmented_topk_finalize_filter_kernelINS2_26policy_selector_from_typesIiilLl8388608EEELNS1_4topk6selectE0EN4cuda3__417constant_iteratorIPKilEENSA_IPilEENSA_INS9_17counting_iteratorIjlLi0ELi0ELi0EEElEENS9_18transform_iteratorINS2_26per_segment_indexed_out_opISD_SF_EENSG_IlnLi0ELi0ELi0EEEEENS1_6params13uniform_paramIlLl0ELl268435456EEENSP_IlLl1ELl8388608EEENSP_IlLl1ELl1EEEPljPyNS1_21identity_decomposer_tEjjiEEvT1_T2_T3_T4_T5_T6_T7_T8_PKT9_PNS6_7counterIT14_T12_T13_EEPS19_PS18_PNS8_3std3__415iterator_traitsINS1H_ISY_vE10value_typeEvE10value_typeES1E_S1M_T10_S19_S19_iiT11_b' for 'sm_100'
ptxas info    : Function properties for _ZN3cub17_V_300500_SM_10006detail12batched_topk44device_segmented_topk_finalize_filter_kernelINS2_26policy_selector_from_typesIiilLl8388608EEELNS1_4topk6selectE0EN4cuda3__417constant_iteratorIPKilEENSA_IPilEENSA_INS9_17counting_iteratorIjlLi0ELi0ELi0EEElEENS9_18transform_iteratorINS2_26per_segment_indexed_out_opISD_SF_EENSG_IlnLi0ELi0ELi0EEEEENS1_6params13uniform_paramIlLl0ELl268435456EEENSP_IlLl1ELl8388608EEENSP_IlLl1ELl1EEEPljPyNS1_21identity_decomposer_tEjjiEEvT1_T2_T3_T4_T5_T6_T7_T8_PKT9_PNS6_7counterIT14_T12_T13_EEPS19_PS18_PNS8_3std3__415iterator_traitsINS1H_ISY_vE10value_typeEvE10value_typeES1E_S1M_T10_S19_S19_iiT11_b
    0 bytes stack frame, 0 bytes spill stores, 0 bytes spill loads
ptxas info    : Used 52 registers, used 1 barriers, 8208 bytes smem
ptxas info    : Compile time = 30.352 ms
ptxas info    : Compiling entry function '_ZN3cub17_V_300500_SM_10006detail12batched_topk40device_segmented_topk_last_filter_kernelINS2_26policy_selector_from_typesIiilLl8388608EEELNS1_4topk6selectE0EN4cuda3__417constant_iteratorIPKilEENSA_IPilEENSA_INS9_17counting_iteratorIjlLi0ELi0ELi0EEElEENS9_18transform_iteratorINS2_26per_segment_indexed_out_opISD_SF_EENSG_IlnLi0ELi0ELi0EEEEENS1_6params13uniform_paramIlLl0ELl268435456EEENSP_IlLl1ELl8388608EEENSP_IlLl1ELl1EEEPljPyNS1_21identity_decomposer_tEjjEEvT1_T2_T3_T4_T5_T6_T7_T8_PKT9_PNS6_7counterINS8_3std3__415iterator_traitsINS1A_ISW_vE10value_typeEvE10value_typeET12_T13_EEPS1E_PNS1A_INS1A_ISY_vE10value_typeEvE10value_typeES1F_T10_iiT11_' for 'sm_100'
ptxas info    : Function properties for _ZN3cub17_V_300500_SM_10006detail12batched_topk40device_segmented_topk_last_filter_kernelINS2_26policy_selector_from_typesIiilLl8388608EEELNS1_4topk6selectE0EN4cuda3__417constant_iteratorIPKilEENSA_IPilEENSA_INS9_17counting_iteratorIjlLi0ELi0ELi0EEElEENS9_18transform_iteratorINS2_26per_segment_indexed_out_opISD_SF_EENSG_IlnLi0ELi0ELi0EEEEENS1_6params13uniform_paramIlLl0ELl268435456EEENSP_IlLl1ELl8388608EEENSP_IlLl1ELl1EEEPljPyNS1_21identity_decomposer_tEjjEEvT1_T2_T3_T4_T5_T6_T7_T8_PKT9_PNS6_7counterINS8_3std3__415iterator_traitsINS1A_ISW_vE10value_typeEvE10value_typeET12_T13_EEPS1E_PNS1A_INS1A_ISY_vE10value_typeEvE10value_typeES1F_T10_iiT11_
    0 bytes stack frame, 0 bytes spill stores, 0 bytes spill loads
ptxas info    : Used 40 registers, used 0 barriers
ptxas info    : Compile time = 31.836 ms
ptxas info    : Compiling entry function '_ZN3cub17_V_300500_SM_10006detail12batched_topk35device_segmented_topk_filter_kernelINS2_26policy_selector_from_typesIiilLl8388608EEELNS1_4topk6selectE0EN4cuda3__417constant_iteratorIPKilEENSA_IPilEENSA_INS9_17counting_iteratorIjlLi0ELi0ELi0EEElEENS9_18transform_iteratorINS2_26per_segment_indexed_out_opISD_SF_EENSG_IlnLi0ELi0ELi0EEEEENS1_6params13uniform_paramIlLl0ELl268435456EEENSP_IlLl1ELl8388608EEENSP_IlLl1ELl1EEEPljPyNS1_21identity_decomposer_tEjjEEvT1_T2_T3_T4_T5_T6_T7_T8_PKT9_PNS6_7counterINS8_3std3__415iterator_traitsINS1A_ISW_vE10value_typeEvE10value_typeET12_T13_EEPS1F_PS1E_PNS1A_INS1A_ISY_vE10value_typeEvE10value_typeES1K_S1P_S1F_S1F_T10_iibT11_' for 'sm_100'
ptxas info    : Function properties for _ZN3cub17_V_300500_SM_10006detail12batched_topk35device_segmented_topk_filter_kernelINS2_26policy_selector_from_typesIiilLl8388608EEELNS1_4topk6selectE0EN4cuda3__417constant_iteratorIPKilEENSA_IPilEENSA_INS9_17counting_iteratorIjlLi0ELi0ELi0EEElEENS9_18transform_iteratorINS2_26per_segment_indexed_out_opISD_SF_EENSG_IlnLi0ELi0ELi0EEEEENS1_6params13uniform_paramIlLl0ELl268435456EEENSP_IlLl1ELl8388608EEENSP_IlLl1ELl1EEEPljPyNS1_21identity_decomposer_tEjjEEvT1_T2_T3_T4_T5_T6_T7_T8_PKT9_PNS6_7counterINS8_3std3__415iterator_traitsINS1A_ISW_vE10value_typeEvE10value_typeET12_T13_EEPS1F_PS1E_PNS1A_INS1A_ISY_vE10value_typeEvE10value_typeES1K_S1P_S1F_S1F_T10_iibT11_
    0 bytes stack frame, 0 bytes spill stores, 0 bytes spill loads
ptxas info    : Used 40 registers, used 1 barriers, 8196 bytes smem
ptxas info    : Compile time = 28.785 ms
ptxas info    : Compiling entry function '_ZN3cub17_V_300500_SM_10006detail12batched_topk47device_segmented_topk_finalize_histogram_kernelINS2_26policy_selector_from_typesIiilLl8388608EEEN4cuda3__417constant_iteratorIPKilEENS1_6params13uniform_paramIlLl0ELl268435456EEENSD_IlLl1ELl8388608EEENSD_IlLl1ELl1EEEPlPyNS1_4topk16extract_bin_op_tIiLNSJ_6selectE0ELi11ENS1_21identity_decomposer_tELb1EEEjjiEEvT0_T1_T2_T3_T4_PNSJ_7counterIT9_T7_T8_EEPSV_T5_T6_ib' for 'sm_100'
ptxas info    : Function properties for _ZN3cub17_V_300500_SM_10006detail12batched_topk47device_segmented_topk_finalize_histogram_kernelINS2_26policy_selector_from_typesIiilLl8388608EEEN4cuda3__417constant_iteratorIPKilEENS1_6params13uniform_paramIlLl0ELl268435456EEENSD_IlLl1ELl8388608EEENSD_IlLl1ELl1EEEPlPyNS1_4topk16extract_bin_op_tIiLNSJ_6selectE0ELi11ENS1_21identity_decomposer_tELb1EEEjjiEEvT0_T1_T2_T3_T4_PNSJ_7counterIT9_T7_T8_EEPSV_T5_T6_ib
    0 bytes stack frame, 0 bytes spill stores, 0 bytes spill loads
ptxas info    : Used 40 registers, used 1 barriers, 8192 bytes smem
ptxas info    : Compile time = 9.518 ms
ptxas info    : Compiling entry function '_ZN3cub17_V_300500_SM_10006detail12batched_topk38device_segmented_topk_histogram_kernelINS2_26policy_selector_from_typesIiilLl8388608EEEN4cuda3__417constant_iteratorIPKilEENS1_6params13uniform_paramIlLl0ELl268435456EEENSD_IlLl1ELl8388608EEENSD_IlLl1ELl1EEEPljPyNS1_4topk16extract_bin_op_tIiLNSJ_6selectE0ELi11ENS1_21identity_decomposer_tELb1EEEjjjEEvT0_T1_T2_T3_T4_PKT5_PNSJ_7counterINS6_3std3__415iterator_traitsINSZ_ISO_vE10value_typeEvE10value_typeET8_T9_EEPS14_T6_T7_' for 'sm_100'
ptxas info    : Function properties for _ZN3cub17_V_300500_SM_10006detail12batched_topk38device_segmented_topk_histogram_kernelINS2_26policy_selector_from_typesIiilLl8388608EEEN4cuda3__417constant_iteratorIPKilEENS1_6params13uniform_paramIlLl0ELl268435456EEENSD_IlLl1ELl8388608EEENSD_IlLl1ELl1EEEPljPyNS1_4topk16extract_bin_op_tIiLNSJ_6selectE0ELi11ENS1_21identity_decomposer_tELb1EEEjjjEEvT0_T1_T2_T3_T4_PKT5_PNSJ_7counterINS6_3std3__415iterator_traitsINSZ_ISO_vE10value_typeEvE10value_typeET8_T9_EEPS14_T6_T7_
    0 bytes stack frame, 0 bytes spill stores, 0 bytes spill loads
ptxas info    : Used 30 registers, used 1 barriers, 8240 bytes smem
ptxas info    : Compile time = 24.015 ms
ptxas info    : Compiling entry function '_ZN3cub17_V_300500_SM_10006detail12batched_topk28device_segmented_topk_kernelINS2_26policy_selector_from_typesIiilLl8388608EEEN4cuda3__417constant_iteratorIPKilEENS8_IPilEESB_SD_NS1_6params13uniform_paramIlLl0ELl268435456EEENSF_IlLl1ELl8388608EEENSE_22uniform_discrete_paramINS1_4topk6selectEJLSK_1EEEENSF_IlLl1ELl1EEEjEEvT0_T1_T2_T3_T4_T5_T6_T7_PNS2_21batched_topk_countersINSU_10value_typeEEEPSW_PT8_' for 'sm_100'
ptxas info    : Function properties for _ZN3cub17_V_300500_SM_10006detail12batched_topk28device_segmented_topk_kernelINS2_26policy_selector_from_typesIiilLl8388608EEEN4cuda3__417constant_iteratorIPKilEENS8_IPilEESB_SD_NS1_6params13uniform_paramIlLl0ELl268435456EEENSF_IlLl1ELl8388608EEENSE_22uniform_discrete_paramINS1_4topk6selectEJLSK_1EEEENSF_IlLl1ELl1EEEjEEvT0_T1_T2_T3_T4_T5_T6_T7_PNS2_21batched_topk_countersINSU_10value_typeEEEPSW_PT8_
    0 bytes stack frame, 0 bytes spill stores, 0 bytes spill loads
ptxas info    : Used 254 registers, used 1 barriers, 33808 bytes smem
ptxas info    : Compile time = 114.459 ms
ptxas info    : Compiling entry function '_ZN3cub17_V_300500_SM_10006detail12batched_topk44device_segmented_topk_finalize_filter_kernelINS2_26policy_selector_from_typesIislLl8388608EEELNS1_4topk6selectE1EN4cuda3__417constant_iteratorIPKilEENSA_IPilEENSA_INS9_17counting_iteratorIjlLi0ELi0ELi0EEElEENS9_18transform_iteratorINS2_26per_segment_indexed_out_opINSA_IPKslEENSA_IPslEEEENSG_IlnLi0ELi0ELi0EEEEENS1_6params13uniform_paramIlLl0ELl268435456EEENSU_IlLl1ELl8388608EEENSU_IlLl1ELl1EEEPljPyNS1_21identity_decomposer_tEjjiEEvT1_T2_T3_T4_T5_T6_T7_T8_PKT9_PNS6_7counterIT14_T12_T13_EEPS1E_PS1D_PNS8_3std3__415iterator_traitsINS1M_IS13_vE10value_typeEvE10value_typeES1J_S1R_T10_S1E_S1E_iiT11_b' for 'sm_100'
ptxas info    : Function properties for _ZN3cub17_V_300500_SM_10006detail12batched_topk44device_segmented_topk_finalize_filter_kernelINS2_26policy_selector_from_typesIislLl8388608EEELNS1_4topk6selectE1EN4cuda3__417constant_iteratorIPKilEENSA_IPilEENSA_INS9_17counting_iteratorIjlLi0ELi0ELi0EEElEENS9_18transform_iteratorINS2_26per_segment_indexed_out_opINSA_IPKslEENSA_IPslEEEENSG_IlnLi0ELi0ELi0EEEEENS1_6params13uniform_paramIlLl0ELl268435456EEENSU_IlLl1ELl8388608EEENSU_IlLl1ELl1EEEPljPyNS1_21identity_decomposer_tEjjiEEvT1_T2_T3_T4_T5_T6_T7_T8_PKT9_PNS6_7counterIT14_T12_T13_EEPS1E_PS1D_PNS8_3std3__415iterator_traitsINS1M_IS13_vE10value_typeEvE10value_typeES1J_S1R_T10_S1E_S1E_iiT11_b
    0 bytes stack frame, 0 bytes spill stores, 0 bytes spill loads
ptxas info    : Used 52 registers, used 1 barriers, 8208 bytes smem
ptxas info    : Compile time = 30.439 ms
ptxas info    : Compiling entry function '_ZN3cub17_V_300500_SM_10006detail12batched_topk40device_segmented_topk_last_filter_kernelINS2_26policy_selector_from_typesIislLl8388608EEELNS1_4topk6selectE1EN4cuda3__417constant_iteratorIPKilEENSA_IPilEENSA_INS9_17counting_iteratorIjlLi0ELi0ELi0EEElEENS9_18transform_iteratorINS2_26per_segment_indexed_out_opINSA_IPKslEENSA_IPslEEEENSG_IlnLi0ELi0ELi0EEEEENS1_6params13uniform_paramIlLl0ELl268435456EEENSU_IlLl1ELl8388608EEENSU_IlLl1ELl1EEEPljPyNS1_21identity_decomposer_tEjjEEvT1_T2_T3_T4_T5_T6_T7_T8_PKT9_PNS6_7counterINS8_3std3__415iterator_traitsINS1F_IS11_vE10value_typeEvE10value_typeET12_T13_EEPS1J_PNS1F_INS1F_IS13_vE10value_typeEvE10value_typeES1K_T10_iiT11_' for 'sm_100'
ptxas info    : Function properties for _ZN3cub17_V_300500_SM_10006detail12batched_topk40device_segmented_topk_last_filter_kernelINS2_26policy_selector_from_typesIislLl8388608EEELNS1_4topk6selectE1EN4cuda3__417constant_iteratorIPKilEENSA_IPilEENSA_INS9_17counting_iteratorIjlLi0ELi0ELi0EEElEENS9_18transform_iteratorINS2_26per_segment_indexed_out_opINSA_IPKslEENSA_IPslEEEENSG_IlnLi0ELi0ELi0EEEEENS1_6params13uniform_paramIlLl0ELl268435456EEENSU_IlLl1ELl8388608EEENSU_IlLl1ELl1EEEPljPyNS1_21identity_decomposer_tEjjEEvT1_T2_T3_T4_T5_T6_T7_T8_PKT9_PNS6_7counterINS8_3std3__415iterator_traitsINS1F_IS11_vE10value_typeEvE10value_typeET12_T13_EEPS1J_PNS1F_INS1F_IS13_vE10value_typeEvE10value_typeES1K_T10_iiT11_
    0 bytes stack frame, 0 bytes spill stores, 0 bytes spill loads
ptxas info    : Used 40 registers, used 0 barriers
ptxas info    : Compile time = 31.916 ms
ptxas info    : Compiling entry function '_ZN3cub17_V_300500_SM_10006detail12batched_topk35device_segmented_topk_filter_kernelINS2_26policy_selector_from_typesIislLl8388608EEELNS1_4topk6selectE1EN4cuda3__417constant_iteratorIPKilEENSA_IPilEENSA_INS9_17counting_iteratorIjlLi0ELi0ELi0EEElEENS9_18transform_iteratorINS2_26per_segment_indexed_out_opINSA_IPKslEENSA_IPslEEEENSG_IlnLi0ELi0ELi0EEEEENS1_6params13uniform_paramIlLl0ELl268435456EEENSU_IlLl1ELl8388608EEENSU_IlLl1ELl1EEEPljPyNS1_21identity_decomposer_tEjjEEvT1_T2_T3_T4_T5_T6_T7_T8_PKT9_PNS6_7counterINS8_3std3__415iterator_traitsINS1F_IS11_vE10value_typeEvE10value_typeET12_T13_EEPS1K_PS1J_PNS1F_INS1F_IS13_vE10value_typeEvE10value_typeES1P_S1U_S1K_S1K_T10_iibT11_' for 'sm_100'
ptxas info    : Function properties for _ZN3cub17_V_300500_SM_10006detail12batched_topk35device_segmented_topk_filter_kernelINS2_26policy_selector_from_typesIislLl8388608EEELNS1_4topk6selectE1EN4cuda3__417constant_iteratorIPKilEENSA_IPilEENSA_INS9_17counting_iteratorIjlLi0ELi0ELi0EEElEENS9_18transform_iteratorINS2_26per_segment_indexed_out_opINSA_IPKslEENSA_IPslEEEENSG_IlnLi0ELi0ELi0EEEEENS1_6params13uniform_paramIlLl0ELl268435456EEENSU_IlLl1ELl8388608EEENSU_IlLl1ELl1EEEPljPyNS1_21identity_decomposer_tEjjEEvT1_T2_T3_T4_T5_T6_T7_T8_PKT9_PNS6_7counterINS8_3std3__415iterator_traitsINS1F_IS11_vE10value_typeEvE10value_typeET12_T13_EEPS1K_PS1J_PNS1F_INS1F_IS13_vE10value_typeEvE10value_typeES1P_S1U_S1K_S1K_T10_iibT11_
    0 bytes stack frame, 0 bytes spill stores, 0 bytes spill loads
ptxas info    : Used 40 registers, used 1 barriers, 8196 bytes smem
ptxas info    : Compile time = 28.898 ms
ptxas info    : Compiling entry function '_ZN3cub17_V_300500_SM_10006detail12batched_topk47device_segmented_topk_finalize_histogram_kernelINS2_26policy_selector_from_typesIislLl8388608EEEN4cuda3__417constant_iteratorIPKilEENS1_6params13uniform_paramIlLl0ELl268435456EEENSD_IlLl1ELl8388608EEENSD_IlLl1ELl1EEEPlPyNS1_4topk16extract_bin_op_tIiLNSJ_6selectE1ELi11ENS1_21identity_decomposer_tELb1EEEjjiEEvT0_T1_T2_T3_T4_PNSJ_7counterIT9_T7_T8_EEPSV_T5_T6_ib' for 'sm_100'
ptxas info    : Function properties for _ZN3cub17_V_300500_SM_10006detail12batched_topk47device_segmented_topk_finalize_histogram_kernelINS2_26policy_selector_from_typesIislLl8388608EEEN4cuda3__417constant_iteratorIPKilEENS1_6params13uniform_paramIlLl0ELl268435456EEENSD_IlLl1ELl8388608EEENSD_IlLl1ELl1EEEPlPyNS1_4topk16extract_bin_op_tIiLNSJ_6selectE1ELi11ENS1_21identity_decomposer_tELb1EEEjjiEEvT0_T1_T2_T3_T4_PNSJ_7counterIT9_T7_T8_EEPSV_T5_T6_ib
    0 bytes stack frame, 0 bytes spill stores, 0 bytes spill loads
ptxas info    : Used 40 registers, used 1 barriers, 8192 bytes smem
ptxas info    : Compile time = 9.522 ms
ptxas info    : Compiling entry function '_ZN3cub17_V_300500_SM_10006detail12batched_topk38device_segmented_topk_histogram_kernelINS2_26policy_selector_from_typesIislLl8388608EEEN4cuda3__417constant_iteratorIPKilEENS1_6params13uniform_paramIlLl0ELl268435456EEENSD_IlLl1ELl8388608EEENSD_IlLl1ELl1EEEPljPyNS1_4topk16extract_bin_op_tIiLNSJ_6selectE1ELi11ENS1_21identity_decomposer_tELb1EEEjjjEEvT0_T1_T2_T3_T4_PKT5_PNSJ_7counterINS6_3std3__415iterator_traitsINSZ_ISO_vE10value_typeEvE10value_typeET8_T9_EEPS14_T6_T7_' for 'sm_100'
ptxas info    : Function properties for _ZN3cub17_V_300500_SM_10006detail12batched_topk38device_segmented_topk_histogram_kernelINS2_26policy_selector_from_typesIislLl8388608EEEN4cuda3__417constant_iteratorIPKilEENS1_6params13uniform_paramIlLl0ELl268435456EEENSD_IlLl1ELl8388608EEENSD_IlLl1ELl1EEEPljPyNS1_4topk16extract_bin_op_tIiLNSJ_6selectE1ELi11ENS1_21identity_decomposer_tELb1EEEjjjEEvT0_T1_T2_T3_T4_PKT5_PNSJ_7counterINS6_3std3__415iterator_traitsINSZ_ISO_vE10value_typeEvE10value_typeET8_T9_EEPS14_T6_T7_
    0 bytes stack frame, 0 bytes spill stores, 0 bytes spill loads
ptxas info    : Used 30 registers, used 1 barriers, 8240 bytes smem
ptxas info    : Compile time = 24.066 ms
ptxas info    : Compiling entry function '_ZN3cub17_V_300500_SM_10006detail12batched_topk44device_segmented_topk_finalize_filter_kernelINS2_26policy_selector_from_typesIislLl8388608EEELNS1_4topk6selectE0EN4cuda3__417constant_iteratorIPKilEENSA_IPilEENSA_INS9_17counting_iteratorIjlLi0ELi0ELi0EEElEENS9_18transform_iteratorINS2_26per_segment_indexed_out_opINSA_IPKslEENSA_IPslEEEENSG_IlnLi0ELi0ELi0EEEEENS1_6params13uniform_paramIlLl0ELl268435456EEENSU_IlLl1ELl8388608EEENSU_IlLl1ELl1EEEPljPyNS1_21identity_decomposer_tEjjiEEvT1_T2_T3_T4_T5_T6_T7_T8_PKT9_PNS6_7counterIT14_T12_T13_EEPS1E_PS1D_PNS8_3std3__415iterator_traitsINS1M_IS13_vE10value_typeEvE10value_typeES1J_S1R_T10_S1E_S1E_iiT11_b' for 'sm_100'
ptxas info    : Function properties for _ZN3cub17_V_300500_SM_10006detail12batched_topk44device_segmented_topk_finalize_filter_kernelINS2_26policy_selector_from_typesIislLl8388608EEELNS1_4topk6selectE0EN4cuda3__417constant_iteratorIPKilEENSA_IPilEENSA_INS9_17counting_iteratorIjlLi0ELi0ELi0EEElEENS9_18transform_iteratorINS2_26per_segment_indexed_out_opINSA_IPKslEENSA_IPslEEEENSG_IlnLi0ELi0ELi0EEEEENS1_6params13uniform_paramIlLl0ELl268435456EEENSU_IlLl1ELl8388608EEENSU_IlLl1ELl1EEEPljPyNS1_21identity_decomposer_tEjjiEEvT1_T2_T3_T4_T5_T6_T7_T8_PKT9_PNS6_7counterIT14_T12_T13_EEPS1E_PS1D_PNS8_3std3__415iterator_traitsINS1M_IS13_vE10value_typeEvE10value_typeES1J_S1R_T10_S1E_S1E_iiT11_b
    0 bytes stack frame, 0 bytes spill stores, 0 bytes spill loads
ptxas info    : Used 52 registers, used 1 barriers, 8208 bytes smem
ptxas info    : Compile time = 30.378 ms
ptxas info    : Compiling entry function '_ZN3cub17_V_300500_SM_10006detail12batched_topk40device_segmented_topk_last_filter_kernelINS2_26policy_selector_from_typesIislLl8388608EEELNS1_4topk6selectE0EN4cuda3__417constant_iteratorIPKilEENSA_IPilEENSA_INS9_17counting_iteratorIjlLi0ELi0ELi0EEElEENS9_18transform_iteratorINS2_26per_segment_indexed_out_opINSA_IPKslEENSA_IPslEEEENSG_IlnLi0ELi0ELi0EEEEENS1_6params13uniform_paramIlLl0ELl268435456EEENSU_IlLl1ELl8388608EEENSU_IlLl1ELl1EEEPljPyNS1_21identity_decomposer_tEjjEEvT1_T2_T3_T4_T5_T6_T7_T8_PKT9_PNS6_7counterINS8_3std3__415iterator_traitsINS1F_IS11_vE10value_typeEvE10value_typeET12_T13_EEPS1J_PNS1F_INS1F_IS13_vE10value_typeEvE10value_typeES1K_T10_iiT11_' for 'sm_100'
ptxas info    : Function properties for _ZN3cub17_V_300500_SM_10006detail12batched_topk40device_segmented_topk_last_filter_kernelINS2_26policy_selector_from_typesIislLl8388608EEELNS1_4topk6selectE0EN4cuda3__417constant_iteratorIPKilEENSA_IPilEENSA_INS9_17counting_iteratorIjlLi0ELi0ELi0EEElEENS9_18transform_iteratorINS2_26per_segment_indexed_out_opINSA_IPKslEENSA_IPslEEEENSG_IlnLi0ELi0ELi0EEEEENS1_6params13uniform_paramIlLl0ELl268435456EEENSU_IlLl1ELl8388608EEENSU_IlLl1ELl1EEEPljPyNS1_21identity_decomposer_tEjjEEvT1_T2_T3_T4_T5_T6_T7_T8_PKT9_PNS6_7counterINS8_3std3__415iterator_traitsINS1F_IS11_vE10value_typeEvE10value_typeET12_T13_EEPS1J_PNS1F_INS1F_IS13_vE10value_typeEvE10value_typeES1K_T10_iiT11_
    0 bytes stack frame, 0 bytes spill stores, 0 bytes spill loads
ptxas info    : Used 40 registers, used 0 barriers
ptxas info    : Compile time = 31.884 ms
ptxas info    : Compiling entry function '_ZN3cub17_V_300500_SM_10006detail12batched_topk35device_segmented_topk_filter_kernelINS2_26policy_selector_from_typesIislLl8388608EEELNS1_4topk6selectE0EN4cuda3__417constant_iteratorIPKilEENSA_IPilEENSA_INS9_17counting_iteratorIjlLi0ELi0ELi0EEElEENS9_18transform_iteratorINS2_26per_segment_indexed_out_opINSA_IPKslEENSA_IPslEEEENSG_IlnLi0ELi0ELi0EEEEENS1_6params13uniform_paramIlLl0ELl268435456EEENSU_IlLl1ELl8388608EEENSU_IlLl1ELl1EEEPljPyNS1_21identity_decomposer_tEjjEEvT1_T2_T3_T4_T5_T6_T7_T8_PKT9_PNS6_7counterINS8_3std3__415iterator_traitsINS1F_IS11_vE10value_typeEvE10value_typeET12_T13_EEPS1K_PS1J_PNS1F_INS1F_IS13_vE10value_typeEvE10value_typeES1P_S1U_S1K_S1K_T10_iibT11_' for 'sm_100'
ptxas info    : Function properties for _ZN3cub17_V_300500_SM_10006detail12batched_topk35device_segmented_topk_filter_kernelINS2_26policy_selector_from_typesIislLl8388608EEELNS1_4topk6selectE0EN4cuda3__417constant_iteratorIPKilEENSA_IPilEENSA_INS9_17counting_iteratorIjlLi0ELi0ELi0EEElEENS9_18transform_iteratorINS2_26per_segment_indexed_out_opINSA_IPKslEENSA_IPslEEEENSG_IlnLi0ELi0ELi0EEEEENS1_6params13uniform_paramIlLl0ELl268435456EEENSU_IlLl1ELl8388608EEENSU_IlLl1ELl1EEEPljPyNS1_21identity_decomposer_tEjjEEvT1_T2_T3_T4_T5_T6_T7_T8_PKT9_PNS6_7counterINS8_3std3__415iterator_traitsINS1F_IS11_vE10value_typeEvE10value_typeET12_T13_EEPS1K_PS1J_PNS1F_INS1F_IS13_vE10value_typeEvE10value_typeES1P_S1U_S1K_S1K_T10_iibT11_
    0 bytes stack frame, 0 bytes spill stores, 0 bytes spill loads
ptxas info    : Used 40 registers, used 1 barriers, 8196 bytes smem
ptxas info    : Compile time = 28.850 ms
ptxas info    : Compiling entry function '_ZN3cub17_V_300500_SM_10006detail12batched_topk47device_segmented_topk_finalize_histogram_kernelINS2_26policy_selector_from_typesIislLl8388608EEEN4cuda3__417constant_iteratorIPKilEENS1_6params13uniform_paramIlLl0ELl268435456EEENSD_IlLl1ELl8388608EEENSD_IlLl1ELl1EEEPlPyNS1_4topk16extract_bin_op_tIiLNSJ_6selectE0ELi11ENS1_21identity_decomposer_tELb1EEEjjiEEvT0_T1_T2_T3_T4_PNSJ_7counterIT9_T7_T8_EEPSV_T5_T6_ib' for 'sm_100'
ptxas info    : Function properties for _ZN3cub17_V_300500_SM_10006detail12batched_topk47device_segmented_topk_finalize_histogram_kernelINS2_26policy_selector_from_typesIislLl8388608EEEN4cuda3__417constant_iteratorIPKilEENS1_6params13uniform_paramIlLl0ELl268435456EEENSD_IlLl1ELl8388608EEENSD_IlLl1ELl1EEEPlPyNS1_4topk16extract_bin_op_tIiLNSJ_6selectE0ELi11ENS1_21identity_decomposer_tELb1EEEjjiEEvT0_T1_T2_T3_T4_PNSJ_7counterIT9_T7_T8_EEPSV_T5_T6_ib
    0 bytes stack frame, 0 bytes spill stores, 0 bytes spill loads
ptxas info    : Used 40 registers, used 1 barriers, 8192 bytes smem
ptxas info    : Compile time = 9.540 ms
ptxas info    : Compiling entry function '_ZN3cub17_V_300500_SM_10006detail12batched_topk38device_segmented_topk_histogram_kernelINS2_26policy_selector_from_typesIislLl8388608EEEN4cuda3__417constant_iteratorIPKilEENS1_6params13uniform_paramIlLl0ELl268435456EEENSD_IlLl1ELl8388608EEENSD_IlLl1ELl1EEEPljPyNS1_4topk16extract_bin_op_tIiLNSJ_6selectE0ELi11ENS1_21identity_decomposer_tELb1EEEjjjEEvT0_T1_T2_T3_T4_PKT5_PNSJ_7counterINS6_3std3__415iterator_traitsINSZ_ISO_vE10value_typeEvE10value_typeET8_T9_EEPS14_T6_T7_' for 'sm_100'
ptxas info    : Function properties for _ZN3cub17_V_300500_SM_10006detail12batched_topk38device_segmented_topk_histogram_kernelINS2_26policy_selector_from_typesIislLl8388608EEEN4cuda3__417constant_iteratorIPKilEENS1_6params13uniform_paramIlLl0ELl268435456EEENSD_IlLl1ELl8388608EEENSD_IlLl1ELl1EEEPljPyNS1_4topk16extract_bin_op_tIiLNSJ_6selectE0ELi11ENS1_21identity_decomposer_tELb1EEEjjjEEvT0_T1_T2_T3_T4_PKT5_PNSJ_7counterINS6_3std3__415iterator_traitsINSZ_ISO_vE10value_typeEvE10value_typeET8_T9_EEPS14_T6_T7_
    0 bytes stack frame, 0 bytes spill stores, 0 bytes spill loads
ptxas info    : Used 30 registers, used 1 barriers, 8240 bytes smem
ptxas info    : Compile time = 24.092 ms
ptxas info    : Compiling entry function '_ZN3cub17_V_300500_SM_10006detail12batched_topk28device_segmented_topk_kernelINS2_26policy_selector_from_typesIislLl8388608EEEN4cuda3__417constant_iteratorIPKilEENS8_IPilEENS8_IPKslEENS8_IPslEENS1_6params13uniform_paramIlLl0ELl268435456EEENSK_IlLl1ELl8388608EEENSJ_22uniform_discrete_paramINS1_4topk6selectEJLSP_1EEEENSK_IlLl1ELl1EEEjEEvT0_T1_T2_T3_T4_T5_T6_T7_PNS2_21batched_topk_countersINSZ_10value_typeEEEPS11_PT8_' for 'sm_100'
ptxas info    : Function properties for _ZN3cub17_V_300500_SM_10006detail12batched_topk28device_segmented_topk_kernelINS2_26policy_selector_from_typesIislLl8388608EEEN4cuda3__417constant_iteratorIPKilEENS8_IPilEENS8_IPKslEENS8_IPslEENS1_6params13uniform_paramIlLl0ELl268435456EEENSK_IlLl1ELl8388608EEENSJ_22uniform_discrete_paramINS1_4topk6selectEJLSP_1EEEENSK_IlLl1ELl1EEEjEEvT0_T1_T2_T3_T4_T5_T6_T7_PNS2_21batched_topk_countersINSZ_10value_typeEEEPS11_PT8_
    56 bytes stack frame, 52 bytes spill stores, 52 bytes spill loads
ptxas info    : Used 255 registers, used 1 barriers, 56 bytes cumulative stack size, 33808 bytes smem
ptxas info    : Compile time = 135.311 ms
ptxas info    : Compiling entry function '_ZN3cub17_V_300500_SM_10006detail12batched_topk44device_segmented_topk_finalize_filter_kernelINS2_26policy_selector_from_typesIialLl8388608EEELNS1_4topk6selectE1EN4cuda3__417constant_iteratorIPKilEENSA_IPilEENSA_INS9_17counting_iteratorIjlLi0ELi0ELi0EEElEENS9_18transform_iteratorINS2_26per_segment_indexed_out_opINSA_IPKalEENSA_IPalEEEENSG_IlnLi0ELi0ELi0EEEEENS1_6params13uniform_paramIlLl0ELl268435456EEENSU_IlLl1ELl8388608EEENSU_IlLl1ELl1EEEPljPyNS1_21identity_decomposer_tEjjiEEvT1_T2_T3_T4_T5_T6_T7_T8_PKT9_PNS6_7counterIT14_T12_T13_EEPS1E_PS1D_PNS8_3std3__415iterator_traitsINS1M_IS13_vE10value_typeEvE10value_typeES1J_S1R_T10_S1E_S1E_iiT11_b' for 'sm_100'
ptxas info    : Function properties for _ZN3cub17_V_300500_SM_10006detail12batched_topk44device_segmented_topk_finalize_filter_kernelINS2_26policy_selector_from_typesIialLl8388608EEELNS1_4topk6selectE1EN4cuda3__417constant_iteratorIPKilEENSA_IPilEENSA_INS9_17counting_iteratorIjlLi0ELi0ELi0EEElEENS9_18transform_iteratorINS2_26per_segment_indexed_out_opINSA_IPKalEENSA_IPalEEEENSG_IlnLi0ELi0ELi0EEEEENS1_6params13uniform_paramIlLl0ELl268435456EEENSU_IlLl1ELl8388608EEENSU_IlLl1ELl1EEEPljPyNS1_21identity_decomposer_tEjjiEEvT1_T2_T3_T4_T5_T6_T7_T8_PKT9_PNS6_7counterIT14_T12_T13_EEPS1E_PS1D_PNS8_3std3__415iterator_traitsINS1M_IS13_vE10value_typeEvE10value_typeES1J_S1R_T10_S1E_S1E_iiT11_b
    0 bytes stack frame, 0 bytes spill stores, 0 bytes spill loads
ptxas info    : Used 52 registers, used 1 barriers, 8208 bytes smem
ptxas info    : Compile time = 30.428 ms
ptxas info    : Compiling entry function '_ZN3cub17_V_300500_SM_10006detail12batched_topk40device_segmented_topk_last_filter_kernelINS2_26policy_selector_from_typesIialLl8388608EEELNS1_4topk6selectE1EN4cuda3__417constant_iteratorIPKilEENSA_IPilEENSA_INS9_17counting_iteratorIjlLi0ELi0ELi0EEElEENS9_18transform_iteratorINS2_26per_segment_indexed_out_opINSA_IPKalEENSA_IPalEEEENSG_IlnLi0ELi0ELi0EEEEENS1_6params13uniform_paramIlLl0ELl268435456EEENSU_IlLl1ELl8388608EEENSU_IlLl1ELl1EEEPljPyNS1_21identity_decomposer_tEjjEEvT1_T2_T3_T4_T5_T6_T7_T8_PKT9_PNS6_7counterINS8_3std3__415iterator_traitsINS1F_IS11_vE10value_typeEvE10value_typeET12_T13_EEPS1J_PNS1F_INS1F_IS13_vE10value_typeEvE10value_typeES1K_T10_iiT11_' for 'sm_100'
ptxas info    : Function properties for _ZN3cub17_V_300500_SM_10006detail12batched_topk40device_segmented_topk_last_filter_kernelINS2_26policy_selector_from_typesIialLl8388608EEELNS1_4topk6selectE1EN4cuda3__417constant_iteratorIPKilEENSA_IPilEENSA_INS9_17counting_iteratorIjlLi0ELi0ELi0EEElEENS9_18transform_iteratorINS2_26per_segment_indexed_out_opINSA_IPKalEENSA_IPalEEEENSG_IlnLi0ELi0ELi0EEEEENS1_6params13uniform_paramIlLl0ELl268435456EEENSU_IlLl1ELl8388608EEENSU_IlLl1ELl1EEEPljPyNS1_21identity_decomposer_tEjjEEvT1_T2_T3_T4_T5_T6_T7_T8_PKT9_PNS6_7counterINS8_3std3__415iterator_traitsINS1F_IS11_vE10value_typeEvE10value_typeET12_T13_EEPS1J_PNS1F_INS1F_IS13_vE10value_typeEvE10value_typeES1K_T10_iiT11_
    0 bytes stack frame, 0 bytes spill stores, 0 bytes spill loads
ptxas info    : Used 40 registers, used 0 barriers
ptxas info    : Compile time = 32.651 ms
ptxas info    : Compiling entry function '_ZN3cub17_V_300500_SM_10006detail12batched_topk35device_segmented_topk_filter_kernelINS2_26policy_selector_from_typesIialLl8388608EEELNS1_4topk6selectE1EN4cuda3__417constant_iteratorIPKilEENSA_IPilEENSA_INS9_17counting_iteratorIjlLi0ELi0ELi0EEElEENS9_18transform_iteratorINS2_26per_segment_indexed_out_opINSA_IPKalEENSA_IPalEEEENSG_IlnLi0ELi0ELi0EEEEENS1_6params13uniform_paramIlLl0ELl268435456EEENSU_IlLl1ELl8388608EEENSU_IlLl1ELl1EEEPljPyNS1_21identity_decomposer_tEjjEEvT1_T2_T3_T4_T5_T6_T7_T8_PKT9_PNS6_7counterINS8_3std3__415iterator_traitsINS1F_IS11_vE10value_typeEvE10value_typeET12_T13_EEPS1K_PS1J_PNS1F_INS1F_IS13_vE10value_typeEvE10value_typeES1P_S1U_S1K_S1K_T10_iibT11_' for 'sm_100'
ptxas info    : Function properties for _ZN3cub17_V_300500_SM_10006detail12batched_topk35device_segmented_topk_filter_kernelINS2_26policy_selector_from_typesIialLl8388608EEELNS1_4topk6selectE1EN4cuda3__417constant_iteratorIPKilEENSA_IPilEENSA_INS9_17counting_iteratorIjlLi0ELi0ELi0EEElEENS9_18transform_iteratorINS2_26per_segment_indexed_out_opINSA_IPKalEENSA_IPalEEEENSG_IlnLi0ELi0ELi0EEEEENS1_6params13uniform_paramIlLl0ELl268435456EEENSU_IlLl1ELl8388608EEENSU_IlLl1ELl1EEEPljPyNS1_21identity_decomposer_tEjjEEvT1_T2_T3_T4_T5_T6_T7_T8_PKT9_PNS6_7counterINS8_3std3__415iterator_traitsINS1F_IS11_vE10value_typeEvE10value_typeET12_T13_EEPS1K_PS1J_PNS1F_INS1F_IS13_vE10value_typeEvE10value_typeES1P_S1U_S1K_S1K_T10_iibT11_
    0 bytes stack frame, 0 bytes spill stores, 0 bytes spill loads
ptxas info    : Used 40 registers, used 1 barriers, 8196 bytes smem
ptxas info    : Compile time = 29.440 ms
ptxas info    : Compiling entry function '_ZN3cub17_V_300500_SM_10006detail12batched_topk47device_segmented_topk_finalize_histogram_kernelINS2_26policy_selector_from_typesIialLl8388608EEEN4cuda3__417constant_iteratorIPKilEENS1_6params13uniform_paramIlLl0ELl268435456EEENSD_IlLl1ELl8388608EEENSD_IlLl1ELl1EEEPlPyNS1_4topk16extract_bin_op_tIiLNSJ_6selectE1ELi11ENS1_21identity_decomposer_tELb1EEEjjiEEvT0_T1_T2_T3_T4_PNSJ_7counterIT9_T7_T8_EEPSV_T5_T6_ib' for 'sm_100'
ptxas info    : Function properties for _ZN3cub17_V_300500_SM_10006detail12batched_topk47device_segmented_topk_finalize_histogram_kernelINS2_26policy_selector_from_typesIialLl8388608EEEN4cuda3__417constant_iteratorIPKilEENS1_6params13uniform_paramIlLl0ELl268435456EEENSD_IlLl1ELl8388608EEENSD_IlLl1ELl1EEEPlPyNS1_4topk16extract_bin_op_tIiLNSJ_6selectE1ELi11ENS1_21identity_decomposer_tELb1EEEjjiEEvT0_T1_T2_T3_T4_PNSJ_7counterIT9_T7_T8_EEPSV_T5_T6_ib
    0 bytes stack frame, 0 bytes spill stores, 0 bytes spill loads
ptxas info    : Used 40 registers, used 1 barriers, 8192 bytes smem
ptxas info    : Compile time = 9.538 ms
ptxas info    : Compiling entry function '_ZN3cub17_V_300500_SM_10006detail12batched_topk38device_segmented_topk_histogram_kernelINS2_26policy_selector_from_typesIialLl8388608EEEN4cuda3__417constant_iteratorIPKilEENS1_6params13uniform_paramIlLl0ELl268435456EEENSD_IlLl1ELl8388608EEENSD_IlLl1ELl1EEEPljPyNS1_4topk16extract_bin_op_tIiLNSJ_6selectE1ELi11ENS1_21identity_decomposer_tELb1EEEjjjEEvT0_T1_T2_T3_T4_PKT5_PNSJ_7counterINS6_3std3__415iterator_traitsINSZ_ISO_vE10value_typeEvE10value_typeET8_T9_EEPS14_T6_T7_' for 'sm_100'
ptxas info    : Function properties for _ZN3cub17_V_300500_SM_10006detail12batched_topk38device_segmented_topk_histogram_kernelINS2_26policy_selector_from_typesIialLl8388608EEEN4cuda3__417constant_iteratorIPKilEENS1_6params13uniform_paramIlLl0ELl268435456EEENSD_IlLl1ELl8388608EEENSD_IlLl1ELl1EEEPljPyNS1_4topk16extract_bin_op_tIiLNSJ_6selectE1ELi11ENS1_21identity_decomposer_tELb1EEEjjjEEvT0_T1_T2_T3_T4_PKT5_PNSJ_7counterINS6_3std3__415iterator_traitsINSZ_ISO_vE10value_typeEvE10value_typeET8_T9_EEPS14_T6_T7_
    0 bytes stack frame, 0 bytes spill stores, 0 bytes spill loads
ptxas info    : Used 30 registers, used 1 barriers, 8240 bytes smem
ptxas info    : Compile time = 24.118 ms
ptxas info    : Compiling entry function '_ZN3cub17_V_300500_SM_10006detail12batched_topk44device_segmented_topk_finalize_filter_kernelINS2_26policy_selector_from_typesIialLl8388608EEELNS1_4topk6selectE0EN4cuda3__417constant_iteratorIPKilEENSA_IPilEENSA_INS9_17counting_iteratorIjlLi0ELi0ELi0EEElEENS9_18transform_iteratorINS2_26per_segment_indexed_out_opINSA_IPKalEENSA_IPalEEEENSG_IlnLi0ELi0ELi0EEEEENS1_6params13uniform_paramIlLl0ELl268435456EEENSU_IlLl1ELl8388608EEENSU_IlLl1ELl1EEEPljPyNS1_21identity_decomposer_tEjjiEEvT1_T2_T3_T4_T5_T6_T7_T8_PKT9_PNS6_7counterIT14_T12_T13_EEPS1E_PS1D_PNS8_3std3__415iterator_traitsINS1M_IS13_vE10value_typeEvE10value_typeES1J_S1R_T10_S1E_S1E_iiT11_b' for 'sm_100'
ptxas info    : Function properties for _ZN3cub17_V_300500_SM_10006detail12batched_topk44device_segmented_topk_finalize_filter_kernelINS2_26policy_selector_from_typesIialLl8388608EEELNS1_4topk6selectE0EN4cuda3__417constant_iteratorIPKilEENSA_IPilEENSA_INS9_17counting_iteratorIjlLi0ELi0ELi0EEElEENS9_18transform_iteratorINS2_26per_segment_indexed_out_opINSA_IPKalEENSA_IPalEEEENSG_IlnLi0ELi0ELi0EEEEENS1_6params13uniform_paramIlLl0ELl268435456EEENSU_IlLl1ELl8388608EEENSU_IlLl1ELl1EEEPljPyNS1_21identity_decomposer_tEjjiEEvT1_T2_T3_T4_T5_T6_T7_T8_PKT9_PNS6_7counterIT14_T12_T13_EEPS1E_PS1D_PNS8_3std3__415iterator_traitsINS1M_IS13_vE10value_typeEvE10value_typeES1J_S1R_T10_S1E_S1E_iiT11_b
    0 bytes stack frame, 0 bytes spill stores, 0 bytes spill loads
ptxas info    : Used 52 registers, used 1 barriers, 8208 bytes smem
ptxas info    : Compile time = 30.490 ms
ptxas info    : Compiling entry function '_ZN3cub17_V_300500_SM_10006detail12batched_topk40device_segmented_topk_last_filter_kernelINS2_26policy_selector_from_typesIialLl8388608EEELNS1_4topk6selectE0EN4cuda3__417constant_iteratorIPKilEENSA_IPilEENSA_INS9_17counting_iteratorIjlLi0ELi0ELi0EEElEENS9_18transform_iteratorINS2_26per_segment_indexed_out_opINSA_IPKalEENSA_IPalEEEENSG_IlnLi0ELi0ELi0EEEEENS1_6params13uniform_paramIlLl0ELl268435456EEENSU_IlLl1ELl8388608EEENSU_IlLl1ELl1EEEPljPyNS1_21identity_decomposer_tEjjEEvT1_T2_T3_T4_T5_T6_T7_T8_PKT9_PNS6_7counterINS8_3std3__415iterator_traitsINS1F_IS11_vE10value_typeEvE10value_typeET12_T13_EEPS1J_PNS1F_INS1F_IS13_vE10value_typeEvE10value_typeES1K_T10_iiT11_' for 'sm_100'
ptxas info    : Function properties for _ZN3cub17_V_300500_SM_10006detail12batched_topk40device_segmented_topk_last_filter_kernelINS2_26policy_selector_from_typesIialLl8388608EEELNS1_4topk6selectE0EN4cuda3__417constant_iteratorIPKilEENSA_IPilEENSA_INS9_17counting_iteratorIjlLi0ELi0ELi0EEElEENS9_18transform_iteratorINS2_26per_segment_indexed_out_opINSA_IPKalEENSA_IPalEEEENSG_IlnLi0ELi0ELi0EEEEENS1_6params13uniform_paramIlLl0ELl268435456EEENSU_IlLl1ELl8388608EEENSU_IlLl1ELl1EEEPljPyNS1_21identity_decomposer_tEjjEEvT1_T2_T3_T4_T5_T6_T7_T8_PKT9_PNS6_7counterINS8_3std3__415iterator_traitsINS1F_IS11_vE10value_typeEvE10value_typeET12_T13_EEPS1J_PNS1F_INS1F_IS13_vE10value_typeEvE10value_typeES1K_T10_iiT11_
    0 bytes stack frame, 0 bytes spill stores, 0 bytes spill loads
ptxas info    : Used 40 registers, used 0 barriers
ptxas info    : Compile time = 34.424 ms
ptxas info    : Compiling entry function '_ZN3cub17_V_300500_SM_10006detail12batched_topk35device_segmented_topk_filter_kernelINS2_26policy_selector_from_typesIialLl8388608EEELNS1_4topk6selectE0EN4cuda3__417constant_iteratorIPKilEENSA_IPilEENSA_INS9_17counting_iteratorIjlLi0ELi0ELi0EEElEENS9_18transform_iteratorINS2_26per_segment_indexed_out_opINSA_IPKalEENSA_IPalEEEENSG_IlnLi0ELi0ELi0EEEEENS1_6params13uniform_paramIlLl0ELl268435456EEENSU_IlLl1ELl8388608EEENSU_IlLl1ELl1EEEPljPyNS1_21identity_decomposer_tEjjEEvT1_T2_T3_T4_T5_T6_T7_T8_PKT9_PNS6_7counterINS8_3std3__415iterator_traitsINS1F_IS11_vE10value_typeEvE10value_typeET12_T13_EEPS1K_PS1J_PNS1F_INS1F_IS13_vE10value_typeEvE10value_typeES1P_S1U_S1K_S1K_T10_iibT11_' for 'sm_100'
ptxas info    : Function properties for _ZN3cub17_V_300500_SM_10006detail12batched_topk35device_segmented_topk_filter_kernelINS2_26policy_selector_from_typesIialLl8388608EEELNS1_4topk6selectE0EN4cuda3__417constant_iteratorIPKilEENSA_IPilEENSA_INS9_17counting_iteratorIjlLi0ELi0ELi0EEElEENS9_18transform_iteratorINS2_26per_segment_indexed_out_opINSA_IPKalEENSA_IPalEEEENSG_IlnLi0ELi0ELi0EEEEENS1_6params13uniform_paramIlLl0ELl268435456EEENSU_IlLl1ELl8388608EEENSU_IlLl1ELl1EEEPljPyNS1_21identity_decomposer_tEjjEEvT1_T2_T3_T4_T5_T6_T7_T8_PKT9_PNS6_7counterINS8_3std3__415iterator_traitsINS1F_IS11_vE10value_typeEvE10value_typeET12_T13_EEPS1K_PS1J_PNS1F_INS1F_IS13_vE10value_typeEvE10value_typeES1P_S1U_S1K_S1K_T10_iibT11_
    0 bytes stack frame, 0 bytes spill stores, 0 bytes spill loads
ptxas info    : Used 40 registers, used 1 barriers, 8196 bytes smem
ptxas info    : Compile time = 29.463 ms
ptxas info    : Compiling entry function '_ZN3cub17_V_300500_SM_10006detail12batched_topk47device_segmented_topk_finalize_histogram_kernelINS2_26policy_selector_from_typesIialLl8388608EEEN4cuda3__417constant_iteratorIPKilEENS1_6params13uniform_paramIlLl0ELl268435456EEENSD_IlLl1ELl8388608EEENSD_IlLl1ELl1EEEPlPyNS1_4topk16extract_bin_op_tIiLNSJ_6selectE0ELi11ENS1_21identity_decomposer_tELb1EEEjjiEEvT0_T1_T2_T3_T4_PNSJ_7counterIT9_T7_T8_EEPSV_T5_T6_ib' for 'sm_100'
ptxas info    : Function properties for _ZN3cub17_V_300500_SM_10006detail12batched_topk47device_segmented_topk_finalize_histogram_kernelINS2_26policy_selector_from_typesIialLl8388608EEEN4cuda3__417constant_iteratorIPKilEENS1_6params13uniform_paramIlLl0ELl268435456EEENSD_IlLl1ELl8388608EEENSD_IlLl1ELl1EEEPlPyNS1_4topk16extract_bin_op_tIiLNSJ_6selectE0ELi11ENS1_21identity_decomposer_tELb1EEEjjiEEvT0_T1_T2_T3_T4_PNSJ_7counterIT9_T7_T8_EEPSV_T5_T6_ib
    0 bytes stack frame, 0 bytes spill stores, 0 bytes spill loads
ptxas info    : Used 40 registers, used 1 barriers, 8192 bytes smem
ptxas info    : Compile time = 9.557 ms
ptxas info    : Compiling entry function '_ZN3cub17_V_300500_SM_10006detail12batched_topk38device_segmented_topk_histogram_kernelINS2_26policy_selector_from_typesIialLl8388608EEEN4cuda3__417constant_iteratorIPKilEENS1_6params13uniform_paramIlLl0ELl268435456EEENSD_IlLl1ELl8388608EEENSD_IlLl1ELl1EEEPljPyNS1_4topk16extract_bin_op_tIiLNSJ_6selectE0ELi11ENS1_21identity_decomposer_tELb1EEEjjjEEvT0_T1_T2_T3_T4_PKT5_PNSJ_7counterINS6_3std3__415iterator_traitsINSZ_ISO_vE10value_typeEvE10value_typeET8_T9_EEPS14_T6_T7_' for 'sm_100'
ptxas info    : Function properties for _ZN3cub17_V_300500_SM_10006detail12batched_topk38device_segmented_topk_histogram_kernelINS2_26policy_selector_from_typesIialLl8388608EEEN4cuda3__417constant_iteratorIPKilEENS1_6params13uniform_paramIlLl0ELl268435456EEENSD_IlLl1ELl8388608EEENSD_IlLl1ELl1EEEPljPyNS1_4topk16extract_bin_op_tIiLNSJ_6selectE0ELi11ENS1_21identity_decomposer_tELb1EEEjjjEEvT0_T1_T2_T3_T4_PKT5_PNSJ_7counterINS6_3std3__415iterator_traitsINSZ_ISO_vE10value_typeEvE10value_typeET8_T9_EEPS14_T6_T7_
    0 bytes stack frame, 0 bytes spill stores, 0 bytes spill loads
ptxas info    : Used 30 registers, used 1 barriers, 8240 bytes smem
ptxas info    : Compile time = 24.083 ms
ptxas info    : Compiling entry function '_ZN3cub17_V_300500_SM_10006detail12batched_topk28device_segmented_topk_kernelINS2_26policy_selector_from_typesIialLl8388608EEEN4cuda3__417constant_iteratorIPKilEENS8_IPilEENS8_IPKalEENS8_IPalEENS1_6params13uniform_paramIlLl0ELl268435456EEENSK_IlLl1ELl8388608EEENSJ_22uniform_discrete_paramINS1_4topk6selectEJLSP_1EEEENSK_IlLl1ELl1EEEjEEvT0_T1_T2_T3_T4_T5_T6_T7_PNS2_21batched_topk_countersINSZ_10value_typeEEEPS11_PT8_' for 'sm_100'
ptxas info    : Function properties for _ZN3cub17_V_300500_SM_10006detail12batched_topk28device_segmented_topk_kernelINS2_26policy_selector_from_typesIialLl8388608EEEN4cuda3__417constant_iteratorIPKilEENS8_IPilEENS8_IPKalEENS8_IPalEENS1_6params13uniform_paramIlLl0ELl268435456EEENSK_IlLl1ELl8388608EEENSJ_22uniform_discrete_paramINS1_4topk6selectEJLSP_1EEEENSK_IlLl1ELl1EEEjEEvT0_T1_T2_T3_T4_T5_T6_T7_PNS2_21batched_topk_countersINSZ_10value_typeEEEPS11_PT8_
    32 bytes stack frame, 28 bytes spill stores, 28 bytes spill loads
ptxas info    : Used 255 registers, used 1 barriers, 32 bytes cumulative stack size, 33808 bytes smem
ptxas info    : Compile time = 130.249 ms
ptxas info    : Compiling entry function '_ZN3cub17_V_300500_SM_10006detail12batched_topk44device_segmented_topk_finalize_filter_kernelINS2_26policy_selector_from_typesIsllLl8388608EEELNS1_4topk6selectE1EN4cuda3__417constant_iteratorIPKslEENSA_IPslEENSA_INS9_17counting_iteratorIjlLi0ELi0ELi0EEElEENS9_18transform_iteratorINS2_26per_segment_indexed_out_opINSA_IPKllEENSA_IPllEEEENSG_IlnLi0ELi0ELi0EEEEENS1_6params13uniform_paramIlLl0ELl268435456EEENSU_IlLl1ELl8388608EEENSU_IlLl1ELl1EEESO_jPyNS1_21identity_decomposer_tEjjsEEvT1_T2_T3_T4_T5_T6_T7_T8_PKT9_PNS6_7counterIT14_T12_T13_EEPS1D_PS1C_PNS8_3std3__415iterator_traitsINS1L_IS12_vE10value_typeEvE10value_typeES1I_S1Q_T10_S1D_S1D_iiT11_b' for 'sm_100'
ptxas info    : Function properties for _ZN3cub17_V_300500_SM_10006detail12batched_topk44device_segmented_topk_finalize_filter_kernelINS2_26policy_selector_from_typesIsllLl8388608EEELNS1_4topk6selectE1EN4cuda3__417constant_iteratorIPKslEENSA_IPslEENSA_INS9_17counting_iteratorIjlLi0ELi0ELi0EEElEENS9_18transform_iteratorINS2_26per_segment_indexed_out_opINSA_IPKllEENSA_IPllEEEENSG_IlnLi0ELi0ELi0EEEEENS1_6params13uniform_paramIlLl0ELl268435456EEENSU_IlLl1ELl8388608EEENSU_IlLl1ELl1EEESO_jPyNS1_21identity_decomposer_tEjjsEEvT1_T2_T3_T4_T5_T6_T7_T8_PKT9_PNS6_7counterIT14_T12_T13_EEPS1D_PS1C_PNS8_3std3__415iterator_traitsINS1L_IS12_vE10value_typeEvE10value_typeES1I_S1Q_T10_S1D_S1D_iiT11_b
    0 bytes stack frame, 0 bytes spill stores, 0 bytes spill loads
ptxas info    : Used 64 registers, used 1 barriers, 8208 bytes smem
ptxas info    : Compile time = 46.795 ms
ptxas info    : Compiling entry function '_ZN3cub17_V_300500_SM_10006detail12batched_topk40device_segmented_topk_last_filter_kernelINS2_26policy_selector_from_typesIsllLl8388608EEELNS1_4topk6selectE1EN4cuda3__417constant_iteratorIPKslEENSA_IPslEENSA_INS9_17counting_iteratorIjlLi0ELi0ELi0EEElEENS9_18transform_iteratorINS2_26per_segment_indexed_out_opINSA_IPKllEENSA_IPllEEEENSG_IlnLi0ELi0ELi0EEEEENS1_6params13uniform_paramIlLl0ELl268435456EEENSU_IlLl1ELl8388608EEENSU_IlLl1ELl1EEESO_jPyNS1_21identity_decomposer_tEjjEEvT1_T2_T3_T4_T5_T6_T7_T8_PKT9_PNS6_7counterINS8_3std3__415iterator_traitsINS1E_IS10_vE10value_typeEvE10value_typeET12_T13_EEPS1I_PNS1E_INS1E_IS12_vE10value_typeEvE10value_typeES1J_T10_iiT11_' for 'sm_100'
ptxas info    : Function properties for _ZN3cub17_V_300500_SM_10006detail12batched_topk40device_segmented_topk_last_filter_kernelINS2_26policy_selector_from_typesIsllLl8388608EEELNS1_4topk6selectE1EN4cuda3__417constant_iteratorIPKslEENSA_IPslEENSA_INS9_17counting_iteratorIjlLi0ELi0ELi0EEElEENS9_18transform_iteratorINS2_26per_segment_indexed_out_opINSA_IPKllEENSA_IPllEEEENSG_IlnLi0ELi0ELi0EEEEENS1_6params13uniform_paramIlLl0ELl268435456EEENSU_IlLl1ELl8388608EEENSU_IlLl1ELl1EEESO_jPyNS1_21identity_decomposer_tEjjEEvT1_T2_T3_T4_T5_T6_T7_T8_PKT9_PNS6_7counterINS8_3std3__415iterator_traitsINS1E_IS10_vE10value_typeEvE10value_typeET12_T13_EEPS1I_PNS1E_INS1E_IS12_vE10value_typeEvE10value_typeES1J_T10_iiT11_
    0 bytes stack frame, 0 bytes spill stores, 0 bytes spill loads
ptxas info    : Used 56 registers, used 0 barriers
ptxas info    : Compile time = 58.586 ms
ptxas info    : Compiling entry function '_ZN3cub17_V_300500_SM_10006detail12batched_topk35device_segmented_topk_filter_kernelINS2_26policy_selector_from_typesIsllLl8388608EEELNS1_4topk6selectE1EN4cuda3__417constant_iteratorIPKslEENSA_IPslEENSA_INS9_17counting_iteratorIjlLi0ELi0ELi0EEElEENS9_18transform_iteratorINS2_26per_segment_indexed_out_opINSA_IPKllEENSA_IPllEEEENSG_IlnLi0ELi0ELi0EEEEENS1_6params13uniform_paramIlLl0ELl268435456EEENSU_IlLl1ELl8388608EEENSU_IlLl1ELl1EEESO_jPyNS1_21identity_decomposer_tEjjEEvT1_T2_T3_T4_T5_T6_T7_T8_PKT9_PNS6_7counterINS8_3std3__415iterator_traitsINS1E_IS10_vE10value_typeEvE10value_typeET12_T13_EEPS1J_PS1I_PNS1E_INS1E_IS12_vE10value_typeEvE10value_typeES1O_S1T_S1J_S1J_T10_iibT11_' for 'sm_100'
ptxas info    : Function properties for _ZN3cub17_V_300500_SM_10006detail12batched_topk35device_segmented_topk_filter_kernelINS2_26policy_selector_from_typesIsllLl8388608EEELNS1_4topk6selectE1EN4cuda3__417constant_iteratorIPKslEENSA_IPslEENSA_INS9_17counting_iteratorIjlLi0ELi0ELi0EEElEENS9_18transform_iteratorINS2_26per_segment_indexed_out_opINSA_IPKllEENSA_IPllEEEENSG_IlnLi0ELi0ELi0EEEEENS1_6params13uniform_paramIlLl0ELl268435456EEENSU_IlLl1ELl8388608EEENSU_IlLl1ELl1EEESO_jPyNS1_21identity_decomposer_tEjjEEvT1_T2_T3_T4_T5_T6_T7_T8_PKT9_PNS6_7counterINS8_3std3__415iterator_traitsINS1E_IS10_vE10value_typeEvE10value_typeET12_T13_EEPS1J_PS1I_PNS1E_INS1E_IS12_vE10value_typeEvE10value_typeES1O_S1T_S1J_S1J_T10_iibT11_
    0 bytes stack frame, 0 bytes spill stores, 0 bytes spill loads
ptxas info    : Used 58 registers, used 1 barriers, 8196 bytes smem
ptxas info    : Compile time = 43.896 ms
ptxas info    : Compiling entry function '_ZN3cub17_V_300500_SM_10006detail12batched_topk47device_segmented_topk_finalize_histogram_kernelINS2_26policy_selector_from_typesIsllLl8388608EEEN4cuda3__417constant_iteratorIPKslEENS1_6params13uniform_paramIlLl0ELl268435456EEENSD_IlLl1ELl8388608EEENSD_IlLl1ELl1EEEPlPyNS1_4topk16extract_bin_op_tIsLNSJ_6selectE1ELi11ENS1_21identity_decomposer_tELb1EEEjjsEEvT0_T1_T2_T3_T4_PNSJ_7counterIT9_T7_T8_EEPSV_T5_T6_ib' for 'sm_100'
ptxas info    : Function properties for _ZN3cub17_V_300500_SM_10006detail12batched_topk47device_segmented_topk_finalize_histogram_kernelINS2_26policy_selector_from_typesIsllLl8388608EEEN4cuda3__417constant_iteratorIPKslEENS1_6params13uniform_paramIlLl0ELl268435456EEENSD_IlLl1ELl8388608EEENSD_IlLl1ELl1EEEPlPyNS1_4topk16extract_bin_op_tIsLNSJ_6selectE1ELi11ENS1_21identity_decomposer_tELb1EEEjjsEEvT0_T1_T2_T3_T4_PNSJ_7counterIT9_T7_T8_EEPSV_T5_T6_ib
    0 bytes stack frame, 0 bytes spill stores, 0 bytes spill loads
ptxas info    : Used 32 registers, used 1 barriers, 8192 bytes smem
ptxas info    : Compile time = 10.687 ms
ptxas info    : Compiling entry function '_ZN3cub17_V_300500_SM_10006detail12batched_topk38device_segmented_topk_histogram_kernelINS2_26policy_selector_from_typesIsllLl8388608EEEN4cuda3__417constant_iteratorIPKslEENS1_6params13uniform_paramIlLl0ELl268435456EEENSD_IlLl1ELl8388608EEENSD_IlLl1ELl1EEEPljPyNS1_4topk16extract_bin_op_tIsLNSJ_6selectE1ELi11ENS1_21identity_decomposer_tELb1EEEjjjEEvT0_T1_T2_T3_T4_PKT5_PNSJ_7counterINS6_3std3__415iterator_traitsINSZ_ISO_vE10value_typeEvE10value_typeET8_T9_EEPS14_T6_T7_' for 'sm_100'
ptxas info    : Function properties for _ZN3cub17_V_300500_SM_10006detail12batched_topk38device_segmented_topk_histogram_kernelINS2_26policy_selector_from_typesIsllLl8388608EEEN4cuda3__417constant_iteratorIPKslEENS1_6params13uniform_paramIlLl0ELl268435456EEENSD_IlLl1ELl8388608EEENSD_IlLl1ELl1EEEPljPyNS1_4topk16extract_bin_op_tIsLNSJ_6selectE1ELi11ENS1_21identity_decomposer_tELb1EEEjjjEEvT0_T1_T2_T3_T4_PKT5_PNSJ_7counterINS6_3std3__415iterator_traitsINSZ_ISO_vE10value_typeEvE10value_typeET8_T9_EEPS14_T6_T7_
    0 bytes stack frame, 0 bytes spill stores, 0 bytes spill loads
ptxas info    : Used 28 registers, used 1 barriers, 8240 bytes smem
ptxas info    : Compile time = 38.573 ms
ptxas info    : Compiling entry function '_ZN3cub17_V_300500_SM_10006detail12batched_topk44device_segmented_topk_finalize_filter_kernelINS2_26policy_selector_from_typesIsllLl8388608EEELNS1_4topk6selectE0EN4cuda3__417constant_iteratorIPKslEENSA_IPslEENSA_INS9_17counting_iteratorIjlLi0ELi0ELi0EEElEENS9_18transform_iteratorINS2_26per_segment_indexed_out_opINSA_IPKllEENSA_IPllEEEENSG_IlnLi0ELi0ELi0EEEEENS1_6params13uniform_paramIlLl0ELl268435456EEENSU_IlLl1ELl8388608EEENSU_IlLl1ELl1EEESO_jPyNS1_21identity_decomposer_tEjjsEEvT1_T2_T3_T4_T5_T6_T7_T8_PKT9_PNS6_7counterIT14_T12_T13_EEPS1D_PS1C_PNS8_3std3__415iterator_traitsINS1L_IS12_vE10value_typeEvE10value_typeES1I_S1Q_T10_S1D_S1D_iiT11_b' for 'sm_100'
ptxas info    : Function properties for _ZN3cub17_V_300500_SM_10006detail12batched_topk44device_segmented_topk_finalize_filter_kernelINS2_26policy_selector_from_typesIsllLl8388608EEELNS1_4topk6selectE0EN4cuda3__417constant_iteratorIPKslEENSA_IPslEENSA_INS9_17counting_iteratorIjlLi0ELi0ELi0EEElEENS9_18transform_iteratorINS2_26per_segment_indexed_out_opINSA_IPKllEENSA_IPllEEEENSG_IlnLi0ELi0ELi0EEEEENS1_6params13uniform_paramIlLl0ELl268435456EEENSU_IlLl1ELl8388608EEENSU_IlLl1ELl1EEESO_jPyNS1_21identity_decomposer_tEjjsEEvT1_T2_T3_T4_T5_T6_T7_T8_PKT9_PNS6_7counterIT14_T12_T13_EEPS1D_PS1C_PNS8_3std3__415iterator_traitsINS1L_IS12_vE10value_typeEvE10value_typeES1I_S1Q_T10_S1D_S1D_iiT11_b
    0 bytes stack frame, 0 bytes spill stores, 0 bytes spill loads
ptxas info    : Used 64 registers, used 1 barriers, 8208 bytes smem
ptxas info    : Compile time = 46.698 ms
ptxas info    : Compiling entry function '_ZN3cub17_V_300500_SM_10006detail12batched_topk40device_segmented_topk_last_filter_kernelINS2_26policy_selector_from_typesIsllLl8388608EEELNS1_4topk6selectE0EN4cuda3__417constant_iteratorIPKslEENSA_IPslEENSA_INS9_17counting_iteratorIjlLi0ELi0ELi0EEElEENS9_18transform_iteratorINS2_26per_segment_indexed_out_opINSA_IPKllEENSA_IPllEEEENSG_IlnLi0ELi0ELi0EEEEENS1_6params13uniform_paramIlLl0ELl268435456EEENSU_IlLl1ELl8388608EEENSU_IlLl1ELl1EEESO_jPyNS1_21identity_decomposer_tEjjEEvT1_T2_T3_T4_T5_T6_T7_T8_PKT9_PNS6_7counterINS8_3std3__415iterator_traitsINS1E_IS10_vE10value_typeEvE10value_typeET12_T13_EEPS1I_PNS1E_INS1E_IS12_vE10value_typeEvE10value_typeES1J_T10_iiT11_' for 'sm_100'
ptxas info    : Function properties for _ZN3cub17_V_300500_SM_10006detail12batched_topk40device_segmented_topk_last_filter_kernelINS2_26policy_selector_from_typesIsllLl8388608EEELNS1_4topk6selectE0EN4cuda3__417constant_iteratorIPKslEENSA_IPslEENSA_INS9_17counting_iteratorIjlLi0ELi0ELi0EEElEENS9_18transform_iteratorINS2_26per_segment_indexed_out_opINSA_IPKllEENSA_IPllEEEENSG_IlnLi0ELi0ELi0EEEEENS1_6params13uniform_paramIlLl0ELl268435456EEENSU_IlLl1ELl8388608EEENSU_IlLl1ELl1EEESO_jPyNS1_21identity_decomposer_tEjjEEvT1_T2_T3_T4_T5_T6_T7_T8_PKT9_PNS6_7counterINS8_3std3__415iterator_traitsINS1E_IS10_vE10value_typeEvE10value_typeET12_T13_EEPS1I_PNS1E_INS1E_IS12_vE10value_typeEvE10value_typeES1J_T10_iiT11_
    0 bytes stack frame, 0 bytes spill stores, 0 bytes spill loads
ptxas info    : Used 56 registers, used 0 barriers
ptxas info    : Compile time = 58.267 ms
ptxas info    : Compiling entry function '_ZN3cub17_V_300500_SM_10006detail12batched_topk35device_segmented_topk_filter_kernelINS2_26policy_selector_from_typesIsllLl8388608EEELNS1_4topk6selectE0EN4cuda3__417constant_iteratorIPKslEENSA_IPslEENSA_INS9_17counting_iteratorIjlLi0ELi0ELi0EEElEENS9_18transform_iteratorINS2_26per_segment_indexed_out_opINSA_IPKllEENSA_IPllEEEENSG_IlnLi0ELi0ELi0EEEEENS1_6params13uniform_paramIlLl0ELl268435456EEENSU_IlLl1ELl8388608EEENSU_IlLl1ELl1EEESO_jPyNS1_21identity_decomposer_tEjjEEvT1_T2_T3_T4_T5_T6_T7_T8_PKT9_PNS6_7counterINS8_3std3__415iterator_traitsINS1E_IS10_vE10value_typeEvE10value_typeET12_T13_EEPS1J_PS1I_PNS1E_INS1E_IS12_vE10value_typeEvE10value_typeES1O_S1T_S1J_S1J_T10_iibT11_' for 'sm_100'
ptxas info    : Function properties for _ZN3cub17_V_300500_SM_10006detail12batched_topk35device_segmented_topk_filter_kernelINS2_26policy_selector_from_typesIsllLl8388608EEELNS1_4topk6selectE0EN4cuda3__417constant_iteratorIPKslEENSA_IPslEENSA_INS9_17counting_iteratorIjlLi0ELi0ELi0EEElEENS9_18transform_iteratorINS2_26per_segment_indexed_out_opINSA_IPKllEENSA_IPllEEEENSG_IlnLi0ELi0ELi0EEEEENS1_6params13uniform_paramIlLl0ELl268435456EEENSU_IlLl1ELl8388608EEENSU_IlLl1ELl1EEESO_jPyNS1_21identity_decomposer_tEjjEEvT1_T2_T3_T4_T5_T6_T7_T8_PKT9_PNS6_7counterINS8_3std3__415iterator_traitsINS1E_IS10_vE10value_typeEvE10value_typeET12_T13_EEPS1J_PS1I_PNS1E_INS1E_IS12_vE10value_typeEvE10value_typeES1O_S1T_S1J_S1J_T10_iibT11_
    0 bytes stack frame, 0 bytes spill stores, 0 bytes spill loads
ptxas info    : Used 58 registers, used 1 barriers, 8196 bytes smem
ptxas info    : Compile time = 43.615 ms
ptxas info    : Compiling entry function '_ZN3cub17_V_300500_SM_10006detail12batched_topk47device_segmented_topk_finalize_histogram_kernelINS2_26policy_selector_from_typesIsllLl8388608EEEN4cuda3__417constant_iteratorIPKslEENS1_6params13uniform_paramIlLl0ELl268435456EEENSD_IlLl1ELl8388608EEENSD_IlLl1ELl1EEEPlPyNS1_4topk16extract_bin_op_tIsLNSJ_6selectE0ELi11ENS1_21identity_decomposer_tELb1EEEjjsEEvT0_T1_T2_T3_T4_PNSJ_7counterIT9_T7_T8_EEPSV_T5_T6_ib' for 'sm_100'
ptxas info    : Function properties for _ZN3cub17_V_300500_SM_10006detail12batched_topk47device_segmented_topk_finalize_histogram_kernelINS2_26policy_selector_from_typesIsllLl8388608EEEN4cuda3__417constant_iteratorIPKslEENS1_6params13uniform_paramIlLl0ELl268435456EEENSD_IlLl1ELl8388608EEENSD_IlLl1ELl1EEEPlPyNS1_4topk16extract_bin_op_tIsLNSJ_6selectE0ELi11ENS1_21identity_decomposer_tELb1EEEjjsEEvT0_T1_T2_T3_T4_PNSJ_7counterIT9_T7_T8_EEPSV_T5_T6_ib
    0 bytes stack frame, 0 bytes spill stores, 0 bytes spill loads
ptxas info    : Used 32 registers, used 1 barriers, 8192 bytes smem
ptxas info    : Compile time = 10.670 ms
ptxas info    : Compiling entry function '_ZN3cub17_V_300500_SM_10006detail12batched_topk38device_segmented_topk_histogram_kernelINS2_26policy_selector_from_typesIsllLl8388608EEEN4cuda3__417constant_iteratorIPKslEENS1_6params13uniform_paramIlLl0ELl268435456EEENSD_IlLl1ELl8388608EEENSD_IlLl1ELl1EEEPljPyNS1_4topk16extract_bin_op_tIsLNSJ_6selectE0ELi11ENS1_21identity_decomposer_tELb1EEEjjjEEvT0_T1_T2_T3_T4_PKT5_PNSJ_7counterINS6_3std3__415iterator_traitsINSZ_ISO_vE10value_typeEvE10value_typeET8_T9_EEPS14_T6_T7_' for 'sm_100'
ptxas info    : Function properties for _ZN3cub17_V_300500_SM_10006detail12batched_topk38device_segmented_topk_histogram_kernelINS2_26policy_selector_from_typesIsllLl8388608EEEN4cuda3__417constant_iteratorIPKslEENS1_6params13uniform_paramIlLl0ELl268435456EEENSD_IlLl1ELl8388608EEENSD_IlLl1ELl1EEEPljPyNS1_4topk16extract_bin_op_tIsLNSJ_6selectE0ELi11ENS1_21identity_decomposer_tELb1EEEjjjEEvT0_T1_T2_T3_T4_PKT5_PNSJ_7counterINS6_3std3__415iterator_traitsINSZ_ISO_vE10value_typeEvE10value_typeET8_T9_EEPS14_T6_T7_
    0 bytes stack frame, 0 bytes spill stores, 0 bytes spill loads
ptxas info    : Used 28 registers, used 1 barriers, 8240 bytes smem
ptxas info    : Compile time = 38.488 ms
ptxas info    : Compiling entry function '_ZN3cub17_V_300500_SM_10006detail12batched_topk28device_segmented_topk_kernelINS2_26policy_selector_from_typesIsllLl8388608EEEN4cuda3__417constant_iteratorIPKslEENS8_IPslEENS8_IPKllEENS8_IPllEENS1_6params13uniform_paramIlLl0ELl268435456EEENSK_IlLl1ELl8388608EEENSJ_22uniform_discrete_paramINS1_4topk6selectEJLSP_1EEEENSK_IlLl1ELl1EEEjEEvT0_T1_T2_T3_T4_T5_T6_T7_PNS2_21batched_topk_countersINSZ_10value_typeEEEPS11_PT8_' for 'sm_100'
ptxas info    : Function properties for _ZN3cub17_V_300500_SM_10006detail12batched_topk28device_segmented_topk_kernelINS2_26policy_selector_from_typesIsllLl8388608EEEN4cuda3__417constant_iteratorIPKslEENS8_IPslEENS8_IPKllEENS8_IPllEENS1_6params13uniform_paramIlLl0ELl268435456EEENSK_IlLl1ELl8388608EEENSJ_22uniform_discrete_paramINS1_4topk6selectEJLSP_1EEEENSK_IlLl1ELl1EEEjEEvT0_T1_T2_T3_T4_T5_T6_T7_PNS2_21batched_topk_countersINSZ_10value_typeEEEPS11_PT8_
    0 bytes stack frame, 0 bytes spill stores, 0 bytes spill loads
ptxas info    : Used 196 registers, used 1 barriers, 33808 bytes smem
ptxas info    : Compile time = 63.892 ms
ptxas info    : Compiling entry function '_ZN3cub17_V_300500_SM_10006detail12batched_topk44device_segmented_topk_finalize_filter_kernelINS2_26policy_selector_from_typesIsilLl8388608EEELNS1_4topk6selectE1EN4cuda3__417constant_iteratorIPKslEENSA_IPslEENSA_INS9_17counting_iteratorIjlLi0ELi0ELi0EEElEENS9_18transform_iteratorINS2_26per_segment_indexed_out_opINSA_IPKilEENSA_IPilEEEENSG_IlnLi0ELi0ELi0EEEEENS1_6params13uniform_paramIlLl0ELl268435456EEENSU_IlLl1ELl8388608EEENSU_IlLl1ELl1EEEPljPyNS1_21identity_decomposer_tEjjsEEvT1_T2_T3_T4_T5_T6_T7_T8_PKT9_PNS6_7counterIT14_T12_T13_EEPS1E_PS1D_PNS8_3std3__415iterator_traitsINS1M_IS13_vE10value_typeEvE10value_typeES1J_S1R_T10_S1E_S1E_iiT11_b' for 'sm_100'
ptxas info    : Function properties for _ZN3cub17_V_300500_SM_10006detail12batched_topk44device_segmented_topk_finalize_filter_kernelINS2_26policy_selector_from_typesIsilLl8388608EEELNS1_4topk6selectE1EN4cuda3__417constant_iteratorIPKslEENSA_IPslEENSA_INS9_17counting_iteratorIjlLi0ELi0ELi0EEElEENS9_18transform_iteratorINS2_26per_segment_indexed_out_opINSA_IPKilEENSA_IPilEEEENSG_IlnLi0ELi0ELi0EEEEENS1_6params13uniform_paramIlLl0ELl268435456EEENSU_IlLl1ELl8388608EEENSU_IlLl1ELl1EEEPljPyNS1_21identity_decomposer_tEjjsEEvT1_T2_T3_T4_T5_T6_T7_T8_PKT9_PNS6_7counterIT14_T12_T13_EEPS1E_PS1D_PNS8_3std3__415iterator_traitsINS1M_IS13_vE10value_typeEvE10value_typeES1J_S1R_T10_S1E_S1E_iiT11_b
    0 bytes stack frame, 0 bytes spill stores, 0 bytes spill loads
ptxas info    : Used 64 registers, used 1 barriers, 8208 bytes smem
ptxas info    : Compile time = 46.697 ms
ptxas info    : Compiling entry function '_ZN3cub17_V_300500_SM_10006detail12batched_topk40device_segmented_topk_last_filter_kernelINS2_26policy_selector_from_typesIsilLl8388608EEELNS1_4topk6selectE1EN4cuda3__417constant_iteratorIPKslEENSA_IPslEENSA_INS9_17counting_iteratorIjlLi0ELi0ELi0EEElEENS9_18transform_iteratorINS2_26per_segment_indexed_out_opINSA_IPKilEENSA_IPilEEEENSG_IlnLi0ELi0ELi0EEEEENS1_6params13uniform_paramIlLl0ELl268435456EEENSU_IlLl1ELl8388608EEENSU_IlLl1ELl1EEEPljPyNS1_21identity_decomposer_tEjjEEvT1_T2_T3_T4_T5_T6_T7_T8_PKT9_PNS6_7counterINS8_3std3__415iterator_traitsINS1F_IS11_vE10value_typeEvE10value_typeET12_T13_EEPS1J_PNS1F_INS1F_IS13_vE10value_typeEvE10value_typeES1K_T10_iiT11_' for 'sm_100'
ptxas info    : Function properties for _ZN3cub17_V_300500_SM_10006detail12batched_topk40device_segmented_topk_last_filter_kernelINS2_26policy_selector_from_typesIsilLl8388608EEELNS1_4topk6selectE1EN4cuda3__417constant_iteratorIPKslEENSA_IPslEENSA_INS9_17counting_iteratorIjlLi0ELi0ELi0EEElEENS9_18transform_iteratorINS2_26per_segment_indexed_out_opINSA_IPKilEENSA_IPilEEEENSG_IlnLi0ELi0ELi0EEEEENS1_6params13uniform_paramIlLl0ELl268435456EEENSU_IlLl1ELl8388608EEENSU_IlLl1ELl1EEEPljPyNS1_21identity_decomposer_tEjjEEvT1_T2_T3_T4_T5_T6_T7_T8_PKT9_PNS6_7counterINS8_3std3__415iterator_traitsINS1F_IS11_vE10value_typeEvE10value_typeET12_T13_EEPS1J_PNS1F_INS1F_IS13_vE10value_typeEvE10value_typeES1K_T10_iiT11_
    0 bytes stack frame, 0 bytes spill stores, 0 bytes spill loads
ptxas info    : Used 56 registers, used 0 barriers
ptxas info    : Compile time = 58.787 ms
ptxas info    : Compiling entry function '_ZN3cub17_V_300500_SM_10006detail12batched_topk35device_segmented_topk_filter_kernelINS2_26policy_selector_from_typesIsilLl8388608EEELNS1_4topk6selectE1EN4cuda3__417constant_iteratorIPKslEENSA_IPslEENSA_INS9_17counting_iteratorIjlLi0ELi0ELi0EEElEENS9_18transform_iteratorINS2_26per_segment_indexed_out_opINSA_IPKilEENSA_IPilEEEENSG_IlnLi0ELi0ELi0EEEEENS1_6params13uniform_paramIlLl0ELl268435456EEENSU_IlLl1ELl8388608EEENSU_IlLl1ELl1EEEPljPyNS1_21identity_decomposer_tEjjEEvT1_T2_T3_T4_T5_T6_T7_T8_PKT9_PNS6_7counterINS8_3std3__415iterator_traitsINS1F_IS11_vE10value_typeEvE10value_typeET12_T13_EEPS1K_PS1J_PNS1F_INS1F_IS13_vE10value_typeEvE10value_typeES1P_S1U_S1K_S1K_T10_iibT11_' for 'sm_100'
ptxas info    : Function properties for _ZN3cub17_V_300500_SM_10006detail12batched_topk35device_segmented_topk_filter_kernelINS2_26policy_selector_from_typesIsilLl8388608EEELNS1_4topk6selectE1EN4cuda3__417constant_iteratorIPKslEENSA_IPslEENSA_INS9_17counting_iteratorIjlLi0ELi0ELi0EEElEENS9_18transform_iteratorINS2_26per_segment_indexed_out_opINSA_IPKilEENSA_IPilEEEENSG_IlnLi0ELi0ELi0EEEEENS1_6params13uniform_paramIlLl0ELl268435456EEENSU_IlLl1ELl8388608EEENSU_IlLl1ELl1EEEPljPyNS1_21identity_decomposer_tEjjEEvT1_T2_T3_T4_T5_T6_T7_T8_PKT9_PNS6_7counterINS8_3std3__415iterator_traitsINS1F_IS11_vE10value_typeEvE10value_typeET12_T13_EEPS1K_PS1J_PNS1F_INS1F_IS13_vE10value_typeEvE10value_typeES1P_S1U_S1K_S1K_T10_iibT11_
    0 bytes stack frame, 0 bytes spill stores, 0 bytes spill loads
ptxas info    : Used 58 registers, used 1 barriers, 8196 bytes smem
ptxas info    : Compile time = 43.659 ms
ptxas info    : Compiling entry function '_ZN3cub17_V_300500_SM_10006detail12batched_topk47device_segmented_topk_finalize_histogram_kernelINS2_26policy_selector_from_typesIsilLl8388608EEEN4cuda3__417constant_iteratorIPKslEENS1_6params13uniform_paramIlLl0ELl268435456EEENSD_IlLl1ELl8388608EEENSD_IlLl1ELl1EEEPlPyNS1_4topk16extract_bin_op_tIsLNSJ_6selectE1ELi11ENS1_21identity_decomposer_tELb1EEEjjsEEvT0_T1_T2_T3_T4_PNSJ_7counterIT9_T7_T8_EEPSV_T5_T6_ib' for 'sm_100'
ptxas info    : Function properties for _ZN3cub17_V_300500_SM_10006detail12batched_topk47device_segmented_topk_finalize_histogram_kernelINS2_26policy_selector_from_typesIsilLl8388608EEEN4cuda3__417constant_iteratorIPKslEENS1_6params13uniform_paramIlLl0ELl268435456EEENSD_IlLl1ELl8388608EEENSD_IlLl1ELl1EEEPlPyNS1_4topk16extract_bin_op_tIsLNSJ_6selectE1ELi11ENS1_21identity_decomposer_tELb1EEEjjsEEvT0_T1_T2_T3_T4_PNSJ_7counterIT9_T7_T8_EEPSV_T5_T6_ib
    0 bytes stack frame, 0 bytes spill stores, 0 bytes spill loads
ptxas info    : Used 32 registers, used 1 barriers, 8192 bytes smem
ptxas info    : Compile time = 10.651 ms
ptxas info    : Compiling entry function '_ZN3cub17_V_300500_SM_10006detail12batched_topk38device_segmented_topk_histogram_kernelINS2_26policy_selector_from_typesIsilLl8388608EEEN4cuda3__417constant_iteratorIPKslEENS1_6params13uniform_paramIlLl0ELl268435456EEENSD_IlLl1ELl8388608EEENSD_IlLl1ELl1EEEPljPyNS1_4topk16extract_bin_op_tIsLNSJ_6selectE1ELi11ENS1_21identity_decomposer_tELb1EEEjjjEEvT0_T1_T2_T3_T4_PKT5_PNSJ_7counterINS6_3std3__415iterator_traitsINSZ_ISO_vE10value_typeEvE10value_typeET8_T9_EEPS14_T6_T7_' for 'sm_100'
ptxas info    : Function properties for _ZN3cub17_V_300500_SM_10006detail12batched_topk38device_segmented_topk_histogram_kernelINS2_26policy_selector_from_typesIsilLl8388608EEEN4cuda3__417constant_iteratorIPKslEENS1_6params13uniform_paramIlLl0ELl268435456EEENSD_IlLl1ELl8388608EEENSD_IlLl1ELl1EEEPljPyNS1_4topk16extract_bin_op_tIsLNSJ_6selectE1ELi11ENS1_21identity_decomposer_tELb1EEEjjjEEvT0_T1_T2_T3_T4_PKT5_PNSJ_7counterINS6_3std3__415iterator_traitsINSZ_ISO_vE10value_typeEvE10value_typeET8_T9_EEPS14_T6_T7_
    0 bytes stack frame, 0 bytes spill stores, 0 bytes spill loads
ptxas info    : Used 28 registers, used 1 barriers, 8240 bytes smem
ptxas info    : Compile time = 38.455 ms
ptxas info    : Compiling entry function '_ZN3cub17_V_300500_SM_10006detail12batched_topk44device_segmented_topk_finalize_filter_kernelINS2_26policy_selector_from_typesIsilLl8388608EEELNS1_4topk6selectE0EN4cuda3__417constant_iteratorIPKslEENSA_IPslEENSA_INS9_17counting_iteratorIjlLi0ELi0ELi0EEElEENS9_18transform_iteratorINS2_26per_segment_indexed_out_opINSA_IPKilEENSA_IPilEEEENSG_IlnLi0ELi0ELi0EEEEENS1_6params13uniform_paramIlLl0ELl268435456EEENSU_IlLl1ELl8388608EEENSU_IlLl1ELl1EEEPljPyNS1_21identity_decomposer_tEjjsEEvT1_T2_T3_T4_T5_T6_T7_T8_PKT9_PNS6_7counterIT14_T12_T13_EEPS1E_PS1D_PNS8_3std3__415iterator_traitsINS1M_IS13_vE10value_typeEvE10value_typeES1J_S1R_T10_S1E_S1E_iiT11_b' for 'sm_100'
ptxas info    : Function properties for _ZN3cub17_V_300500_SM_10006detail12batched_topk44device_segmented_topk_finalize_filter_kernelINS2_26policy_selector_from_typesIsilLl8388608EEELNS1_4topk6selectE0EN4cuda3__417constant_iteratorIPKslEENSA_IPslEENSA_INS9_17counting_iteratorIjlLi0ELi0ELi0EEElEENS9_18transform_iteratorINS2_26per_segment_indexed_out_opINSA_IPKilEENSA_IPilEEEENSG_IlnLi0ELi0ELi0EEEEENS1_6params13uniform_paramIlLl0ELl268435456EEENSU_IlLl1ELl8388608EEENSU_IlLl1ELl1EEEPljPyNS1_21identity_decomposer_tEjjsEEvT1_T2_T3_T4_T5_T6_T7_T8_PKT9_PNS6_7counterIT14_T12_T13_EEPS1E_PS1D_PNS8_3std3__415iterator_traitsINS1M_IS13_vE10value_typeEvE10value_typeES1J_S1R_T10_S1E_S1E_iiT11_b
    0 bytes stack frame, 0 bytes spill stores, 0 bytes spill loads
ptxas info    : Used 64 registers, used 1 barriers, 8208 bytes smem
ptxas info    : Compile time = 46.664 ms
ptxas info    : Compiling entry function '_ZN3cub17_V_300500_SM_10006detail12batched_topk40device_segmented_topk_last_filter_kernelINS2_26policy_selector_from_typesIsilLl8388608EEELNS1_4topk6selectE0EN4cuda3__417constant_iteratorIPKslEENSA_IPslEENSA_INS9_17counting_iteratorIjlLi0ELi0ELi0EEElEENS9_18transform_iteratorINS2_26per_segment_indexed_out_opINSA_IPKilEENSA_IPilEEEENSG_IlnLi0ELi0ELi0EEEEENS1_6params13uniform_paramIlLl0ELl268435456EEENSU_IlLl1ELl8388608EEENSU_IlLl1ELl1EEEPljPyNS1_21identity_decomposer_tEjjEEvT1_T2_T3_T4_T5_T6_T7_T8_PKT9_PNS6_7counterINS8_3std3__415iterator_traitsINS1F_IS11_vE10value_typeEvE10value_typeET12_T13_EEPS1J_PNS1F_INS1F_IS13_vE10value_typeEvE10value_typeES1K_T10_iiT11_' for 'sm_100'
ptxas info    : Function properties for _ZN3cub17_V_300500_SM_10006detail12batched_topk40device_segmented_topk_last_filter_kernelINS2_26policy_selector_from_typesIsilLl8388608EEELNS1_4topk6selectE0EN4cuda3__417constant_iteratorIPKslEENSA_IPslEENSA_INS9_17counting_iteratorIjlLi0ELi0ELi0EEElEENS9_18transform_iteratorINS2_26per_segment_indexed_out_opINSA_IPKilEENSA_IPilEEEENSG_IlnLi0ELi0ELi0EEEEENS1_6params13uniform_paramIlLl0ELl268435456EEENSU_IlLl1ELl8388608EEENSU_IlLl1ELl1EEEPljPyNS1_21identity_decomposer_tEjjEEvT1_T2_T3_T4_T5_T6_T7_T8_PKT9_PNS6_7counterINS8_3std3__415iterator_traitsINS1F_IS11_vE10value_typeEvE10value_typeET12_T13_EEPS1J_PNS1F_INS1F_IS13_vE10value_typeEvE10value_typeES1K_T10_iiT11_
    0 bytes stack frame, 0 bytes spill stores, 0 bytes spill loads
ptxas info    : Used 56 registers, used 0 barriers
ptxas info    : Compile time = 58.878 ms
ptxas info    : Compiling entry function '_ZN3cub17_V_300500_SM_10006detail12batched_topk35device_segmented_topk_filter_kernelINS2_26policy_selector_from_typesIsilLl8388608EEELNS1_4topk6selectE0EN4cuda3__417constant_iteratorIPKslEENSA_IPslEENSA_INS9_17counting_iteratorIjlLi0ELi0ELi0EEElEENS9_18transform_iteratorINS2_26per_segment_indexed_out_opINSA_IPKilEENSA_IPilEEEENSG_IlnLi0ELi0ELi0EEEEENS1_6params13uniform_paramIlLl0ELl268435456EEENSU_IlLl1ELl8388608EEENSU_IlLl1ELl1EEEPljPyNS1_21identity_decomposer_tEjjEEvT1_T2_T3_T4_T5_T6_T7_T8_PKT9_PNS6_7counterINS8_3std3__415iterator_traitsINS1F_IS11_vE10value_typeEvE10value_typeET12_T13_EEPS1K_PS1J_PNS1F_INS1F_IS13_vE10value_typeEvE10value_typeES1P_S1U_S1K_S1K_T10_iibT11_' for 'sm_100'
ptxas info    : Function properties for _ZN3cub17_V_300500_SM_10006detail12batched_topk35device_segmented_topk_filter_kernelINS2_26policy_selector_from_typesIsilLl8388608EEELNS1_4topk6selectE0EN4cuda3__417constant_iteratorIPKslEENSA_IPslEENSA_INS9_17counting_iteratorIjlLi0ELi0ELi0EEElEENS9_18transform_iteratorINS2_26per_segment_indexed_out_opINSA_IPKilEENSA_IPilEEEENSG_IlnLi0ELi0ELi0EEEEENS1_6params13uniform_paramIlLl0ELl268435456EEENSU_IlLl1ELl8388608EEENSU_IlLl1ELl1EEEPljPyNS1_21identity_decomposer_tEjjEEvT1_T2_T3_T4_T5_T6_T7_T8_PKT9_PNS6_7counterINS8_3std3__415iterator_traitsINS1F_IS11_vE10value_typeEvE10value_typeET12_T13_EEPS1K_PS1J_PNS1F_INS1F_IS13_vE10value_typeEvE10value_typeES1P_S1U_S1K_S1K_T10_iibT11_
    0 bytes stack frame, 0 bytes spill stores, 0 bytes spill loads
ptxas info    : Used 58 registers, used 1 barriers, 8196 bytes smem
ptxas info    : Compile time = 43.753 ms
ptxas info    : Compiling entry function '_ZN3cub17_V_300500_SM_10006detail12batched_topk47device_segmented_topk_finalize_histogram_kernelINS2_26policy_selector_from_typesIsilLl8388608EEEN4cuda3__417constant_iteratorIPKslEENS1_6params13uniform_paramIlLl0ELl268435456EEENSD_IlLl1ELl8388608EEENSD_IlLl1ELl1EEEPlPyNS1_4topk16extract_bin_op_tIsLNSJ_6selectE0ELi11ENS1_21identity_decomposer_tELb1EEEjjsEEvT0_T1_T2_T3_T4_PNSJ_7counterIT9_T7_T8_EEPSV_T5_T6_ib' for 'sm_100'
ptxas info    : Function properties for _ZN3cub17_V_300500_SM_10006detail12batched_topk47device_segmented_topk_finalize_histogram_kernelINS2_26policy_selector_from_typesIsilLl8388608EEEN4cuda3__417constant_iteratorIPKslEENS1_6params13uniform_paramIlLl0ELl268435456EEENSD_IlLl1ELl8388608EEENSD_IlLl1ELl1EEEPlPyNS1_4topk16extract_bin_op_tIsLNSJ_6selectE0ELi11ENS1_21identity_decomposer_tELb1EEEjjsEEvT0_T1_T2_T3_T4_PNSJ_7counterIT9_T7_T8_EEPSV_T5_T6_ib
    0 bytes stack frame, 0 bytes spill stores, 0 bytes spill loads
ptxas info    : Used 32 registers, used 1 barriers, 8192 bytes smem
ptxas info    : Compile time = 10.670 ms
ptxas info    : Compiling entry function '_ZN3cub17_V_300500_SM_10006detail12batched_topk38device_segmented_topk_histogram_kernelINS2_26policy_selector_from_typesIsilLl8388608EEEN4cuda3__417constant_iteratorIPKslEENS1_6params13uniform_paramIlLl0ELl268435456EEENSD_IlLl1ELl8388608EEENSD_IlLl1ELl1EEEPljPyNS1_4topk16extract_bin_op_tIsLNSJ_6selectE0ELi11ENS1_21identity_decomposer_tELb1EEEjjjEEvT0_T1_T2_T3_T4_PKT5_PNSJ_7counterINS6_3std3__415iterator_traitsINSZ_ISO_vE10value_typeEvE10value_typeET8_T9_EEPS14_T6_T7_' for 'sm_100'
ptxas info    : Function properties for _ZN3cub17_V_300500_SM_10006detail12batched_topk38device_segmented_topk_histogram_kernelINS2_26policy_selector_from_typesIsilLl8388608EEEN4cuda3__417constant_iteratorIPKslEENS1_6params13uniform_paramIlLl0ELl268435456EEENSD_IlLl1ELl8388608EEENSD_IlLl1ELl1EEEPljPyNS1_4topk16extract_bin_op_tIsLNSJ_6selectE0ELi11ENS1_21identity_decomposer_tELb1EEEjjjEEvT0_T1_T2_T3_T4_PKT5_PNSJ_7counterINS6_3std3__415iterator_traitsINSZ_ISO_vE10value_typeEvE10value_typeET8_T9_EEPS14_T6_T7_
    0 bytes stack frame, 0 bytes spill stores, 0 bytes spill loads
ptxas info    : Used 28 registers, used 1 barriers, 8240 bytes smem
ptxas info    : Compile time = 38.590 ms
ptxas info    : Compiling entry function '_ZN3cub17_V_300500_SM_10006detail12batched_topk28device_segmented_topk_kernelINS2_26policy_selector_from_typesIsilLl8388608EEEN4cuda3__417constant_iteratorIPKslEENS8_IPslEENS8_IPKilEENS8_IPilEENS1_6params13uniform_paramIlLl0ELl268435456EEENSK_IlLl1ELl8388608EEENSJ_22uniform_discrete_paramINS1_4topk6selectEJLSP_1EEEENSK_IlLl1ELl1EEEjEEvT0_T1_T2_T3_T4_T5_T6_T7_PNS2_21batched_topk_countersINSZ_10value_typeEEEPS11_PT8_' for 'sm_100'
ptxas info    : Function properties for _ZN3cub17_V_300500_SM_10006detail12batched_topk28device_segmented_topk_kernelINS2_26policy_selector_from_typesIsilLl8388608EEEN4cuda3__417constant_iteratorIPKslEENS8_IPslEENS8_IPKilEENS8_IPilEENS1_6params13uniform_paramIlLl0ELl268435456EEENSK_IlLl1ELl8388608EEENSJ_22uniform_discrete_paramINS1_4topk6selectEJLSP_1EEEENSK_IlLl1ELl1EEEjEEvT0_T1_T2_T3_T4_T5_T6_T7_PNS2_21batched_topk_countersINSZ_10value_typeEEEPS11_PT8_
    128 bytes stack frame, 124 bytes spill stores, 124 bytes spill loads
ptxas info    : Used 255 registers, used 1 barriers, 128 bytes cumulative stack size, 33808 bytes smem
ptxas info    : Compile time = 131.932 ms
ptxas info    : Compiling entry function '_ZN3cub17_V_300500_SM_10006detail12batched_topk44device_segmented_topk_finalize_filter_kernelINS2_26policy_selector_from_typesIsslLl8388608EEELNS1_4topk6selectE1EN4cuda3__417constant_iteratorIPKslEENSA_IPslEENSA_INS9_17counting_iteratorIjlLi0ELi0ELi0EEElEENS9_18transform_iteratorINS2_26per_segment_indexed_out_opISD_SF_EENSG_IlnLi0ELi0ELi0EEEEENS1_6params13uniform_paramIlLl0ELl268435456EEENSP_IlLl1ELl8388608EEENSP_IlLl1ELl1EEEPljPyNS1_21identity_decomposer_tEjjsEEvT1_T2_T3_T4_T5_T6_T7_T8_PKT9_PNS6_7counterIT14_T12_T13_EEPS19_PS18_PNS8_3std3__415iterator_traitsINS1H_ISY_vE10value_typeEvE10value_typeES1E_S1M_T10_S19_S19_iiT11_b' for 'sm_100'
ptxas info    : Function properties for _ZN3cub17_V_300500_SM_10006detail12batched_topk44device_segmented_topk_finalize_filter_kernelINS2_26policy_selector_from_typesIsslLl8388608EEELNS1_4topk6selectE1EN4cuda3__417constant_iteratorIPKslEENSA_IPslEENSA_INS9_17counting_iteratorIjlLi0ELi0ELi0EEElEENS9_18transform_iteratorINS2_26per_segment_indexed_out_opISD_SF_EENSG_IlnLi0ELi0ELi0EEEEENS1_6params13uniform_paramIlLl0ELl268435456EEENSP_IlLl1ELl8388608EEENSP_IlLl1ELl1EEEPljPyNS1_21identity_decomposer_tEjjsEEvT1_T2_T3_T4_T5_T6_T7_T8_PKT9_PNS6_7counterIT14_T12_T13_EEPS19_PS18_PNS8_3std3__415iterator_traitsINS1H_ISY_vE10value_typeEvE10value_typeES1E_S1M_T10_S19_S19_iiT11_b
    0 bytes stack frame, 0 bytes spill stores, 0 bytes spill loads
ptxas info    : Used 64 registers, used 1 barriers, 8208 bytes smem
ptxas info    : Compile time = 48.887 ms
ptxas info    : Compiling entry function '_ZN3cub17_V_300500_SM_10006detail12batched_topk40device_segmented_topk_last_filter_kernelINS2_26policy_selector_from_typesIsslLl8388608EEELNS1_4topk6selectE1EN4cuda3__417constant_iteratorIPKslEENSA_IPslEENSA_INS9_17counting_iteratorIjlLi0ELi0ELi0EEElEENS9_18transform_iteratorINS2_26per_segment_indexed_out_opISD_SF_EENSG_IlnLi0ELi0ELi0EEEEENS1_6params13uniform_paramIlLl0ELl268435456EEENSP_IlLl1ELl8388608EEENSP_IlLl1ELl1EEEPljPyNS1_21identity_decomposer_tEjjEEvT1_T2_T3_T4_T5_T6_T7_T8_PKT9_PNS6_7counterINS8_3std3__415iterator_traitsINS1A_ISW_vE10value_typeEvE10value_typeET12_T13_EEPS1E_PNS1A_INS1A_ISY_vE10value_typeEvE10value_typeES1F_T10_iiT11_' for 'sm_100'
ptxas info    : Function properties for _ZN3cub17_V_300500_SM_10006detail12batched_topk40device_segmented_topk_last_filter_kernelINS2_26policy_selector_from_typesIsslLl8388608EEELNS1_4topk6selectE1EN4cuda3__417constant_iteratorIPKslEENSA_IPslEENSA_INS9_17counting_iteratorIjlLi0ELi0ELi0EEElEENS9_18transform_iteratorINS2_26per_segment_indexed_out_opISD_SF_EENSG_IlnLi0ELi0ELi0EEEEENS1_6params13uniform_paramIlLl0ELl268435456EEENSP_IlLl1ELl8388608EEENSP_IlLl1ELl1EEEPljPyNS1_21identity_decomposer_tEjjEEvT1_T2_T3_T4_T5_T6_T7_T8_PKT9_PNS6_7counterINS8_3std3__415iterator_traitsINS1A_ISW_vE10value_typeEvE10value_typeET12_T13_EEPS1E_PNS1A_INS1A_ISY_vE10value_typeEvE10value_typeES1F_T10_iiT11_
    0 bytes stack frame, 0 bytes spill stores, 0 bytes spill loads
ptxas info    : Used 56 registers, used 0 barriers
ptxas info    : Compile time = 59.938 ms
ptxas info    : Compiling entry function '_ZN3cub17_V_300500_SM_10006detail12batched_topk35device_segmented_topk_filter_kernelINS2_26policy_selector_from_typesIsslLl8388608EEELNS1_4topk6selectE1EN4cuda3__417constant_iteratorIPKslEENSA_IPslEENSA_INS9_17counting_iteratorIjlLi0ELi0ELi0EEElEENS9_18transform_iteratorINS2_26per_segment_indexed_out_opISD_SF_EENSG_IlnLi0ELi0ELi0EEEEENS1_6params13uniform_paramIlLl0ELl268435456EEENSP_IlLl1ELl8388608EEENSP_IlLl1ELl1EEEPljPyNS1_21identity_decomposer_tEjjEEvT1_T2_T3_T4_T5_T6_T7_T8_PKT9_PNS6_7counterINS8_3std3__415iterator_traitsINS1A_ISW_vE10value_typeEvE10value_typeET12_T13_EEPS1F_PS1E_PNS1A_INS1A_ISY_vE10value_typeEvE10value_typeES1K_S1P_S1F_S1F_T10_iibT11_' for 'sm_100'
ptxas info    : Function properties for _ZN3cub17_V_300500_SM_10006detail12batched_topk35device_segmented_topk_filter_kernelINS2_26policy_selector_from_typesIsslLl8388608EEELNS1_4topk6selectE1EN4cuda3__417constant_iteratorIPKslEENSA_IPslEENSA_INS9_17counting_iteratorIjlLi0ELi0ELi0EEElEENS9_18transform_iteratorINS2_26per_segment_indexed_out_opISD_SF_EENSG_IlnLi0ELi0ELi0EEEEENS1_6params13uniform_paramIlLl0ELl268435456EEENSP_IlLl1ELl8388608EEENSP_IlLl1ELl1EEEPljPyNS1_21identity_decomposer_tEjjEEvT1_T2_T3_T4_T5_T6_T7_T8_PKT9_PNS6_7counterINS8_3std3__415iterator_traitsINS1A_ISW_vE10value_typeEvE10value_typeET12_T13_EEPS1F_PS1E_PNS1A_INS1A_ISY_vE10value_typeEvE10value_typeES1K_S1P_S1F_S1F_T10_iibT11_
    0 bytes stack frame, 0 bytes spill stores, 0 bytes spill loads
ptxas info    : Used 58 registers, used 1 barriers, 8196 bytes smem
ptxas info    : Compile time = 43.833 ms
ptxas info    : Compiling entry function '_ZN3cub17_V_300500_SM_10006detail12batched_topk47device_segmented_topk_finalize_histogram_kernelINS2_26policy_selector_from_typesIsslLl8388608EEEN4cuda3__417constant_iteratorIPKslEENS1_6params13uniform_paramIlLl0ELl268435456EEENSD_IlLl1ELl8388608EEENSD_IlLl1ELl1EEEPlPyNS1_4topk16extract_bin_op_tIsLNSJ_6selectE1ELi11ENS1_21identity_decomposer_tELb1EEEjjsEEvT0_T1_T2_T3_T4_PNSJ_7counterIT9_T7_T8_EEPSV_T5_T6_ib' for 'sm_100'
ptxas info    : Function properties for _ZN3cub17_V_300500_SM_10006detail12batched_topk47device_segmented_topk_finalize_histogram_kernelINS2_26policy_selector_from_typesIsslLl8388608EEEN4cuda3__417constant_iteratorIPKslEENS1_6params13uniform_paramIlLl0ELl268435456EEENSD_IlLl1ELl8388608EEENSD_IlLl1ELl1EEEPlPyNS1_4topk16extract_bin_op_tIsLNSJ_6selectE1ELi11ENS1_21identity_decomposer_tELb1EEEjjsEEvT0_T1_T2_T3_T4_PNSJ_7counterIT9_T7_T8_EEPSV_T5_T6_ib
    0 bytes stack frame, 0 bytes spill stores, 0 bytes spill loads
ptxas info    : Used 32 registers, used 1 barriers, 8192 bytes smem
ptxas info    : Compile time = 10.681 ms
ptxas info    : Compiling entry function '_ZN3cub17_V_300500_SM_10006detail12batched_topk38device_segmented_topk_histogram_kernelINS2_26policy_selector_from_typesIsslLl8388608EEEN4cuda3__417constant_iteratorIPKslEENS1_6params13uniform_paramIlLl0ELl268435456EEENSD_IlLl1ELl8388608EEENSD_IlLl1ELl1EEEPljPyNS1_4topk16extract_bin_op_tIsLNSJ_6selectE1ELi11ENS1_21identity_decomposer_tELb1EEEjjjEEvT0_T1_T2_T3_T4_PKT5_PNSJ_7counterINS6_3std3__415iterator_traitsINSZ_ISO_vE10value_typeEvE10value_typeET8_T9_EEPS14_T6_T7_' for 'sm_100'
ptxas info    : Function properties for _ZN3cub17_V_300500_SM_10006detail12batched_topk38device_segmented_topk_histogram_kernelINS2_26policy_selector_from_typesIsslLl8388608EEEN4cuda3__417constant_iteratorIPKslEENS1_6params13uniform_paramIlLl0ELl268435456EEENSD_IlLl1ELl8388608EEENSD_IlLl1ELl1EEEPljPyNS1_4topk16extract_bin_op_tIsLNSJ_6selectE1ELi11ENS1_21identity_decomposer_tELb1EEEjjjEEvT0_T1_T2_T3_T4_PKT5_PNSJ_7counterINS6_3std3__415iterator_traitsINSZ_ISO_vE10value_typeEvE10value_typeET8_T9_EEPS14_T6_T7_
    0 bytes stack frame, 0 bytes spill stores, 0 bytes spill loads
ptxas info    : Used 28 registers, used 1 barriers, 8240 bytes smem
ptxas info    : Compile time = 38.555 ms
ptxas info    : Compiling entry function '_ZN3cub17_V_300500_SM_10006detail12batched_topk44device_segmented_topk_finalize_filter_kernelINS2_26policy_selector_from_typesIsslLl8388608EEELNS1_4topk6selectE0EN4cuda3__417constant_iteratorIPKslEENSA_IPslEENSA_INS9_17counting_iteratorIjlLi0ELi0ELi0EEElEENS9_18transform_iteratorINS2_26per_segment_indexed_out_opISD_SF_EENSG_IlnLi0ELi0ELi0EEEEENS1_6params13uniform_paramIlLl0ELl268435456EEENSP_IlLl1ELl8388608EEENSP_IlLl1ELl1EEEPljPyNS1_21identity_decomposer_tEjjsEEvT1_T2_T3_T4_T5_T6_T7_T8_PKT9_PNS6_7counterIT14_T12_T13_EEPS19_PS18_PNS8_3std3__415iterator_traitsINS1H_ISY_vE10value_typeEvE10value_typeES1E_S1M_T10_S19_S19_iiT11_b' for 'sm_100'
ptxas info    : Function properties for _ZN3cub17_V_300500_SM_10006detail12batched_topk44device_segmented_topk_finalize_filter_kernelINS2_26policy_selector_from_typesIsslLl8388608EEELNS1_4topk6selectE0EN4cuda3__417constant_iteratorIPKslEENSA_IPslEENSA_INS9_17counting_iteratorIjlLi0ELi0ELi0EEElEENS9_18transform_iteratorINS2_26per_segment_indexed_out_opISD_SF_EENSG_IlnLi0ELi0ELi0EEEEENS1_6params13uniform_paramIlLl0ELl268435456EEENSP_IlLl1ELl8388608EEENSP_IlLl1ELl1EEEPljPyNS1_21identity_decomposer_tEjjsEEvT1_T2_T3_T4_T5_T6_T7_T8_PKT9_PNS6_7counterIT14_T12_T13_EEPS19_PS18_PNS8_3std3__415iterator_traitsINS1H_ISY_vE10value_typeEvE10value_typeES1E_S1M_T10_S19_S19_iiT11_b
    0 bytes stack frame, 0 bytes spill stores, 0 bytes spill loads
ptxas info    : Used 64 registers, used 1 barriers, 8208 bytes smem
ptxas info    : Compile time = 46.834 ms
ptxas info    : Compiling entry function '_ZN3cub17_V_300500_SM_10006detail12batched_topk40device_segmented_topk_last_filter_kernelINS2_26policy_selector_from_typesIsslLl8388608EEELNS1_4topk6selectE0EN4cuda3__417constant_iteratorIPKslEENSA_IPslEENSA_INS9_17counting_iteratorIjlLi0ELi0ELi0EEElEENS9_18transform_iteratorINS2_26per_segment_indexed_out_opISD_SF_EENSG_IlnLi0ELi0ELi0EEEEENS1_6params13uniform_paramIlLl0ELl268435456EEENSP_IlLl1ELl8388608EEENSP_IlLl1ELl1EEEPljPyNS1_21identity_decomposer_tEjjEEvT1_T2_T3_T4_T5_T6_T7_T8_PKT9_PNS6_7counterINS8_3std3__415iterator_traitsINS1A_ISW_vE10value_typeEvE10value_typeET12_T13_EEPS1E_PNS1A_INS1A_ISY_vE10value_typeEvE10value_typeES1F_T10_iiT11_' for 'sm_100'
ptxas info    : Function properties for _ZN3cub17_V_300500_SM_10006detail12batched_topk40device_segmented_topk_last_filter_kernelINS2_26policy_selector_from_typesIsslLl8388608EEELNS1_4topk6selectE0EN4cuda3__417constant_iteratorIPKslEENSA_IPslEENSA_INS9_17counting_iteratorIjlLi0ELi0ELi0EEElEENS9_18transform_iteratorINS2_26per_segment_indexed_out_opISD_SF_EENSG_IlnLi0ELi0ELi0EEEEENS1_6params13uniform_paramIlLl0ELl268435456EEENSP_IlLl1ELl8388608EEENSP_IlLl1ELl1EEEPljPyNS1_21identity_decomposer_tEjjEEvT1_T2_T3_T4_T5_T6_T7_T8_PKT9_PNS6_7counterINS8_3std3__415iterator_traitsINS1A_ISW_vE10value_typeEvE10value_typeET12_T13_EEPS1E_PNS1A_INS1A_ISY_vE10value_typeEvE10value_typeES1F_T10_iiT11_
    0 bytes stack frame, 0 bytes spill stores, 0 bytes spill loads
ptxas info    : Used 56 registers, used 0 barriers
ptxas info    : Compile time = 59.263 ms
ptxas info    : Compiling entry function '_ZN3cub17_V_300500_SM_10006detail12batched_topk35device_segmented_topk_filter_kernelINS2_26policy_selector_from_typesIsslLl8388608EEELNS1_4topk6selectE0EN4cuda3__417constant_iteratorIPKslEENSA_IPslEENSA_INS9_17counting_iteratorIjlLi0ELi0ELi0EEElEENS9_18transform_iteratorINS2_26per_segment_indexed_out_opISD_SF_EENSG_IlnLi0ELi0ELi0EEEEENS1_6params13uniform_paramIlLl0ELl268435456EEENSP_IlLl1ELl8388608EEENSP_IlLl1ELl1EEEPljPyNS1_21identity_decomposer_tEjjEEvT1_T2_T3_T4_T5_T6_T7_T8_PKT9_PNS6_7counterINS8_3std3__415iterator_traitsINS1A_ISW_vE10value_typeEvE10value_typeET12_T13_EEPS1F_PS1E_PNS1A_INS1A_ISY_vE10value_typeEvE10value_typeES1K_S1P_S1F_S1F_T10_iibT11_' for 'sm_100'
ptxas info    : Function properties for _ZN3cub17_V_300500_SM_10006detail12batched_topk35device_segmented_topk_filter_kernelINS2_26policy_selector_from_typesIsslLl8388608EEELNS1_4topk6selectE0EN4cuda3__417constant_iteratorIPKslEENSA_IPslEENSA_INS9_17counting_iteratorIjlLi0ELi0ELi0EEElEENS9_18transform_iteratorINS2_26per_segment_indexed_out_opISD_SF_EENSG_IlnLi0ELi0ELi0EEEEENS1_6params13uniform_paramIlLl0ELl268435456EEENSP_IlLl1ELl8388608EEENSP_IlLl1ELl1EEEPljPyNS1_21identity_decomposer_tEjjEEvT1_T2_T3_T4_T5_T6_T7_T8_PKT9_PNS6_7counterINS8_3std3__415iterator_traitsINS1A_ISW_vE10value_typeEvE10value_typeET12_T13_EEPS1F_PS1E_PNS1A_INS1A_ISY_vE10value_typeEvE10value_typeES1K_S1P_S1F_S1F_T10_iibT11_
    0 bytes stack frame, 0 bytes spill stores, 0 bytes spill loads
ptxas info    : Used 58 registers, used 1 barriers, 8196 bytes smem
ptxas info    : Compile time = 43.868 ms
ptxas info    : Compiling entry function '_ZN3cub17_V_300500_SM_10006detail12batched_topk47device_segmented_topk_finalize_histogram_kernelINS2_26policy_selector_from_typesIsslLl8388608EEEN4cuda3__417constant_iteratorIPKslEENS1_6params13uniform_paramIlLl0ELl268435456EEENSD_IlLl1ELl8388608EEENSD_IlLl1ELl1EEEPlPyNS1_4topk16extract_bin_op_tIsLNSJ_6selectE0ELi11ENS1_21identity_decomposer_tELb1EEEjjsEEvT0_T1_T2_T3_T4_PNSJ_7counterIT9_T7_T8_EEPSV_T5_T6_ib' for 'sm_100'
ptxas info    : Function properties for _ZN3cub17_V_300500_SM_10006detail12batched_topk47device_segmented_topk_finalize_histogram_kernelINS2_26policy_selector_from_typesIsslLl8388608EEEN4cuda3__417constant_iteratorIPKslEENS1_6params13uniform_paramIlLl0ELl268435456EEENSD_IlLl1ELl8388608EEENSD_IlLl1ELl1EEEPlPyNS1_4topk16extract_bin_op_tIsLNSJ_6selectE0ELi11ENS1_21identity_decomposer_tELb1EEEjjsEEvT0_T1_T2_T3_T4_PNSJ_7counterIT9_T7_T8_EEPSV_T5_T6_ib
    0 bytes stack frame, 0 bytes spill stores, 0 bytes spill loads
ptxas info    : Used 32 registers, used 1 barriers, 8192 bytes smem
ptxas info    : Compile time = 10.660 ms
ptxas info    : Compiling entry function '_ZN3cub17_V_300500_SM_10006detail12batched_topk38device_segmented_topk_histogram_kernelINS2_26policy_selector_from_typesIsslLl8388608EEEN4cuda3__417constant_iteratorIPKslEENS1_6params13uniform_paramIlLl0ELl268435456EEENSD_IlLl1ELl8388608EEENSD_IlLl1ELl1EEEPljPyNS1_4topk16extract_bin_op_tIsLNSJ_6selectE0ELi11ENS1_21identity_decomposer_tELb1EEEjjjEEvT0_T1_T2_T3_T4_PKT5_PNSJ_7counterINS6_3std3__415iterator_traitsINSZ_ISO_vE10value_typeEvE10value_typeET8_T9_EEPS14_T6_T7_' for 'sm_100'
ptxas info    : Function properties for _ZN3cub17_V_300500_SM_10006detail12batched_topk38device_segmented_topk_histogram_kernelINS2_26policy_selector_from_typesIsslLl8388608EEEN4cuda3__417constant_iteratorIPKslEENS1_6params13uniform_paramIlLl0ELl268435456EEENSD_IlLl1ELl8388608EEENSD_IlLl1ELl1EEEPljPyNS1_4topk16extract_bin_op_tIsLNSJ_6selectE0ELi11ENS1_21identity_decomposer_tELb1EEEjjjEEvT0_T1_T2_T3_T4_PKT5_PNSJ_7counterINS6_3std3__415iterator_traitsINSZ_ISO_vE10value_typeEvE10value_typeET8_T9_EEPS14_T6_T7_
    0 bytes stack frame, 0 bytes spill stores, 0 bytes spill loads
ptxas info    : Used 28 registers, used 1 barriers, 8240 bytes smem
ptxas info    : Compile time = 38.662 ms
ptxas info    : Compiling entry function '_ZN3cub17_V_300500_SM_10006detail12batched_topk28device_segmented_topk_kernelINS2_26policy_selector_from_typesIsslLl8388608EEEN4cuda3__417constant_iteratorIPKslEENS8_IPslEESB_SD_NS1_6params13uniform_paramIlLl0ELl268435456EEENSF_IlLl1ELl8388608EEENSE_22uniform_discrete_paramINS1_4topk6selectEJLSK_1EEEENSF_IlLl1ELl1EEEjEEvT0_T1_T2_T3_T4_T5_T6_T7_PNS2_21batched_topk_countersINSU_10value_typeEEEPSW_PT8_' for 'sm_100'
ptxas info    : Function properties for _ZN3cub17_V_300500_SM_10006detail12batched_topk28device_segmented_topk_kernelINS2_26policy_selector_from_typesIsslLl8388608EEEN4cuda3__417constant_iteratorIPKslEENS8_IPslEESB_SD_NS1_6params13uniform_paramIlLl0ELl268435456EEENSF_IlLl1ELl8388608EEENSE_22uniform_discrete_paramINS1_4topk6selectEJLSK_1EEEENSF_IlLl1ELl1EEEjEEvT0_T1_T2_T3_T4_T5_T6_T7_PNS2_21batched_topk_countersINSU_10value_typeEEEPSW_PT8_
    904 bytes stack frame, 916 bytes spill stores, 1036 bytes spill loads
ptxas info    : Used 255 registers, used 1 barriers, 904 bytes cumulative stack size, 33808 bytes smem
ptxas info    : Compile time = 344.727 ms
ptxas info    : Compiling entry function '_ZN3cub17_V_300500_SM_10006detail12batched_topk44device_segmented_topk_finalize_filter_kernelINS2_26policy_selector_from_typesIsalLl8388608EEELNS1_4topk6selectE1EN4cuda3__417constant_iteratorIPKslEENSA_IPslEENSA_INS9_17counting_iteratorIjlLi0ELi0ELi0EEElEENS9_18transform_iteratorINS2_26per_segment_indexed_out_opINSA_IPKalEENSA_IPalEEEENSG_IlnLi0ELi0ELi0EEEEENS1_6params13uniform_paramIlLl0ELl268435456EEENSU_IlLl1ELl8388608EEENSU_IlLl1ELl1EEEPljPyNS1_21identity_decomposer_tEjjsEEvT1_T2_T3_T4_T5_T6_T7_T8_PKT9_PNS6_7counterIT14_T12_T13_EEPS1E_PS1D_PNS8_3std3__415iterator_traitsINS1M_IS13_vE10value_typeEvE10value_typeES1J_S1R_T10_S1E_S1E_iiT11_b' for 'sm_100'
ptxas info    : Function properties for _ZN3cub17_V_300500_SM_10006detail12batched_topk44device_segmented_topk_finalize_filter_kernelINS2_26policy_selector_from_typesIsalLl8388608EEELNS1_4topk6selectE1EN4cuda3__417constant_iteratorIPKslEENSA_IPslEENSA_INS9_17counting_iteratorIjlLi0ELi0ELi0EEElEENS9_18transform_iteratorINS2_26per_segment_indexed_out_opINSA_IPKalEENSA_IPalEEEENSG_IlnLi0ELi0ELi0EEEEENS1_6params13uniform_paramIlLl0ELl268435456EEENSU_IlLl1ELl8388608EEENSU_IlLl1ELl1EEEPljPyNS1_21identity_decomposer_tEjjsEEvT1_T2_T3_T4_T5_T6_T7_T8_PKT9_PNS6_7counterIT14_T12_T13_EEPS1E_PS1D_PNS8_3std3__415iterator_traitsINS1M_IS13_vE10value_typeEvE10value_typeES1J_S1R_T10_S1E_S1E_iiT11_b
    0 bytes stack frame, 0 bytes spill stores, 0 bytes spill loads
ptxas info    : Used 64 registers, used 1 barriers, 8208 bytes smem
ptxas info    : Compile time = 46.332 ms
ptxas info    : Compiling entry function '_ZN3cub17_V_300500_SM_10006detail12batched_topk40device_segmented_topk_last_filter_kernelINS2_26policy_selector_from_typesIsalLl8388608EEELNS1_4topk6selectE1EN4cuda3__417constant_iteratorIPKslEENSA_IPslEENSA_INS9_17counting_iteratorIjlLi0ELi0ELi0EEElEENS9_18transform_iteratorINS2_26per_segment_indexed_out_opINSA_IPKalEENSA_IPalEEEENSG_IlnLi0ELi0ELi0EEEEENS1_6params13uniform_paramIlLl0ELl268435456EEENSU_IlLl1ELl8388608EEENSU_IlLl1ELl1EEEPljPyNS1_21identity_decomposer_tEjjEEvT1_T2_T3_T4_T5_T6_T7_T8_PKT9_PNS6_7counterINS8_3std3__415iterator_traitsINS1F_IS11_vE10value_typeEvE10value_typeET12_T13_EEPS1J_PNS1F_INS1F_IS13_vE10value_typeEvE10value_typeES1K_T10_iiT11_' for 'sm_100'
ptxas info    : Function properties for _ZN3cub17_V_300500_SM_10006detail12batched_topk40device_segmented_topk_last_filter_kernelINS2_26policy_selector_from_typesIsalLl8388608EEELNS1_4topk6selectE1EN4cuda3__417constant_iteratorIPKslEENSA_IPslEENSA_INS9_17counting_iteratorIjlLi0ELi0ELi0EEElEENS9_18transform_iteratorINS2_26per_segment_indexed_out_opINSA_IPKalEENSA_IPalEEEENSG_IlnLi0ELi0ELi0EEEEENS1_6params13uniform_paramIlLl0ELl268435456EEENSU_IlLl1ELl8388608EEENSU_IlLl1ELl1EEEPljPyNS1_21identity_decomposer_tEjjEEvT1_T2_T3_T4_T5_T6_T7_T8_PKT9_PNS6_7counterINS8_3std3__415iterator_traitsINS1F_IS11_vE10value_typeEvE10value_typeET12_T13_EEPS1J_PNS1F_INS1F_IS13_vE10value_typeEvE10value_typeES1K_T10_iiT11_
    0 bytes stack frame, 0 bytes spill stores, 0 bytes spill loads
ptxas info    : Used 54 registers, used 0 barriers
ptxas info    : Compile time = 62.878 ms
ptxas info    : Compiling entry function '_ZN3cub17_V_300500_SM_10006detail12batched_topk35device_segmented_topk_filter_kernelINS2_26policy_selector_from_typesIsalLl8388608EEELNS1_4topk6selectE1EN4cuda3__417constant_iteratorIPKslEENSA_IPslEENSA_INS9_17counting_iteratorIjlLi0ELi0ELi0EEElEENS9_18transform_iteratorINS2_26per_segment_indexed_out_opINSA_IPKalEENSA_IPalEEEENSG_IlnLi0ELi0ELi0EEEEENS1_6params13uniform_paramIlLl0ELl268435456EEENSU_IlLl1ELl8388608EEENSU_IlLl1ELl1EEEPljPyNS1_21identity_decomposer_tEjjEEvT1_T2_T3_T4_T5_T6_T7_T8_PKT9_PNS6_7counterINS8_3std3__415iterator_traitsINS1F_IS11_vE10value_typeEvE10value_typeET12_T13_EEPS1K_PS1J_PNS1F_INS1F_IS13_vE10value_typeEvE10value_typeES1P_S1U_S1K_S1K_T10_iibT11_' for 'sm_100'
ptxas info    : Function properties for _ZN3cub17_V_300500_SM_10006detail12batched_topk35device_segmented_topk_filter_kernelINS2_26policy_selector_from_typesIsalLl8388608EEELNS1_4topk6selectE1EN4cuda3__417constant_iteratorIPKslEENSA_IPslEENSA_INS9_17counting_iteratorIjlLi0ELi0ELi0EEElEENS9_18transform_iteratorINS2_26per_segment_indexed_out_opINSA_IPKalEENSA_IPalEEEENSG_IlnLi0ELi0ELi0EEEEENS1_6params13uniform_paramIlLl0ELl268435456EEENSU_IlLl1ELl8388608EEENSU_IlLl1ELl1EEEPljPyNS1_21identity_decomposer_tEjjEEvT1_T2_T3_T4_T5_T6_T7_T8_PKT9_PNS6_7counterINS8_3std3__415iterator_traitsINS1F_IS11_vE10value_typeEvE10value_typeET12_T13_EEPS1K_PS1J_PNS1F_INS1F_IS13_vE10value_typeEvE10value_typeES1P_S1U_S1K_S1K_T10_iibT11_
    0 bytes stack frame, 0 bytes spill stores, 0 bytes spill loads
ptxas info    : Used 56 registers, used 1 barriers, 8196 bytes smem
ptxas info    : Compile time = 45.038 ms
ptxas info    : Compiling entry function '_ZN3cub17_V_300500_SM_10006detail12batched_topk47device_segmented_topk_finalize_histogram_kernelINS2_26policy_selector_from_typesIsalLl8388608EEEN4cuda3__417constant_iteratorIPKslEENS1_6params13uniform_paramIlLl0ELl268435456EEENSD_IlLl1ELl8388608EEENSD_IlLl1ELl1EEEPlPyNS1_4topk16extract_bin_op_tIsLNSJ_6selectE1ELi11ENS1_21identity_decomposer_tELb1EEEjjsEEvT0_T1_T2_T3_T4_PNSJ_7counterIT9_T7_T8_EEPSV_T5_T6_ib' for 'sm_100'
ptxas info    : Function properties for _ZN3cub17_V_300500_SM_10006detail12batched_topk47device_segmented_topk_finalize_histogram_kernelINS2_26policy_selector_from_typesIsalLl8388608EEEN4cuda3__417constant_iteratorIPKslEENS1_6params13uniform_paramIlLl0ELl268435456EEENSD_IlLl1ELl8388608EEENSD_IlLl1ELl1EEEPlPyNS1_4topk16extract_bin_op_tIsLNSJ_6selectE1ELi11ENS1_21identity_decomposer_tELb1EEEjjsEEvT0_T1_T2_T3_T4_PNSJ_7counterIT9_T7_T8_EEPSV_T5_T6_ib
    0 bytes stack frame, 0 bytes spill stores, 0 bytes spill loads
ptxas info    : Used 32 registers, used 1 barriers, 8192 bytes smem
ptxas info    : Compile time = 10.654 ms
ptxas info    : Compiling entry function '_ZN3cub17_V_300500_SM_10006detail12batched_topk38device_segmented_topk_histogram_kernelINS2_26policy_selector_from_typesIsalLl8388608EEEN4cuda3__417constant_iteratorIPKslEENS1_6params13uniform_paramIlLl0ELl268435456EEENSD_IlLl1ELl8388608EEENSD_IlLl1ELl1EEEPljPyNS1_4topk16extract_bin_op_tIsLNSJ_6selectE1ELi11ENS1_21identity_decomposer_tELb1EEEjjjEEvT0_T1_T2_T3_T4_PKT5_PNSJ_7counterINS6_3std3__415iterator_traitsINSZ_ISO_vE10value_typeEvE10value_typeET8_T9_EEPS14_T6_T7_' for 'sm_100'
ptxas info    : Function properties for _ZN3cub17_V_300500_SM_10006detail12batched_topk38device_segmented_topk_histogram_kernelINS2_26policy_selector_from_typesIsalLl8388608EEEN4cuda3__417constant_iteratorIPKslEENS1_6params13uniform_paramIlLl0ELl268435456EEENSD_IlLl1ELl8388608EEENSD_IlLl1ELl1EEEPljPyNS1_4topk16extract_bin_op_tIsLNSJ_6selectE1ELi11ENS1_21identity_decomposer_tELb1EEEjjjEEvT0_T1_T2_T3_T4_PKT5_PNSJ_7counterINS6_3std3__415iterator_traitsINSZ_ISO_vE10value_typeEvE10value_typeET8_T9_EEPS14_T6_T7_
    0 bytes stack frame, 0 bytes spill stores, 0 bytes spill loads
ptxas info    : Used 28 registers, used 1 barriers, 8240 bytes smem
ptxas info    : Compile time = 38.516 ms
ptxas info    : Compiling entry function '_ZN3cub17_V_300500_SM_10006detail12batched_topk44device_segmented_topk_finalize_filter_kernelINS2_26policy_selector_from_typesIsalLl8388608EEELNS1_4topk6selectE0EN4cuda3__417constant_iteratorIPKslEENSA_IPslEENSA_INS9_17counting_iteratorIjlLi0ELi0ELi0EEElEENS9_18transform_iteratorINS2_26per_segment_indexed_out_opINSA_IPKalEENSA_IPalEEEENSG_IlnLi0ELi0ELi0EEEEENS1_6params13uniform_paramIlLl0ELl268435456EEENSU_IlLl1ELl8388608EEENSU_IlLl1ELl1EEEPljPyNS1_21identity_decomposer_tEjjsEEvT1_T2_T3_T4_T5_T6_T7_T8_PKT9_PNS6_7counterIT14_T12_T13_EEPS1E_PS1D_PNS8_3std3__415iterator_traitsINS1M_IS13_vE10value_typeEvE10value_typeES1J_S1R_T10_S1E_S1E_iiT11_b' for 'sm_100'
ptxas info    : Function properties for _ZN3cub17_V_300500_SM_10006detail12batched_topk44device_segmented_topk_finalize_filter_kernelINS2_26policy_selector_from_typesIsalLl8388608EEELNS1_4topk6selectE0EN4cuda3__417constant_iteratorIPKslEENSA_IPslEENSA_INS9_17counting_iteratorIjlLi0ELi0ELi0EEElEENS9_18transform_iteratorINS2_26per_segment_indexed_out_opINSA_IPKalEENSA_IPalEEEENSG_IlnLi0ELi0ELi0EEEEENS1_6params13uniform_paramIlLl0ELl268435456EEENSU_IlLl1ELl8388608EEENSU_IlLl1ELl1EEEPljPyNS1_21identity_decomposer_tEjjsEEvT1_T2_T3_T4_T5_T6_T7_T8_PKT9_PNS6_7counterIT14_T12_T13_EEPS1E_PS1D_PNS8_3std3__415iterator_traitsINS1M_IS13_vE10value_typeEvE10value_typeES1J_S1R_T10_S1E_S1E_iiT11_b
    0 bytes stack frame, 0 bytes spill stores, 0 bytes spill loads
ptxas info    : Used 64 registers, used 1 barriers, 8208 bytes smem
ptxas info    : Compile time = 46.581 ms
ptxas info    : Compiling entry function '_ZN3cub17_V_300500_SM_10006detail12batched_topk40device_segmented_topk_last_filter_kernelINS2_26policy_selector_from_typesIsalLl8388608EEELNS1_4topk6selectE0EN4cuda3__417constant_iteratorIPKslEENSA_IPslEENSA_INS9_17counting_iteratorIjlLi0ELi0ELi0EEElEENS9_18transform_iteratorINS2_26per_segment_indexed_out_opINSA_IPKalEENSA_IPalEEEENSG_IlnLi0ELi0ELi0EEEEENS1_6params13uniform_paramIlLl0ELl268435456EEENSU_IlLl1ELl8388608EEENSU_IlLl1ELl1EEEPljPyNS1_21identity_decomposer_tEjjEEvT1_T2_T3_T4_T5_T6_T7_T8_PKT9_PNS6_7counterINS8_3std3__415iterator_traitsINS1F_IS11_vE10value_typeEvE10value_typeET12_T13_EEPS1J_PNS1F_INS1F_IS13_vE10value_typeEvE10value_typeES1K_T10_iiT11_' for 'sm_100'
ptxas info    : Function properties for _ZN3cub17_V_300500_SM_10006detail12batched_topk40device_segmented_topk_last_filter_kernelINS2_26policy_selector_from_typesIsalLl8388608EEELNS1_4topk6selectE0EN4cuda3__417constant_iteratorIPKslEENSA_IPslEENSA_INS9_17counting_iteratorIjlLi0ELi0ELi0EEElEENS9_18transform_iteratorINS2_26per_segment_indexed_out_opINSA_IPKalEENSA_IPalEEEENSG_IlnLi0ELi0ELi0EEEEENS1_6params13uniform_paramIlLl0ELl268435456EEENSU_IlLl1ELl8388608EEENSU_IlLl1ELl1EEEPljPyNS1_21identity_decomposer_tEjjEEvT1_T2_T3_T4_T5_T6_T7_T8_PKT9_PNS6_7counterINS8_3std3__415iterator_traitsINS1F_IS11_vE10value_typeEvE10value_typeET12_T13_EEPS1J_PNS1F_INS1F_IS13_vE10value_typeEvE10value_typeES1K_T10_iiT11_
    0 bytes stack frame, 0 bytes spill stores, 0 bytes spill loads
ptxas info    : Used 54 registers, used 0 barriers
ptxas info    : Compile time = 61.338 ms
ptxas info    : Compiling entry function '_ZN3cub17_V_300500_SM_10006detail12batched_topk35device_segmented_topk_filter_kernelINS2_26policy_selector_from_typesIsalLl8388608EEELNS1_4topk6selectE0EN4cuda3__417constant_iteratorIPKslEENSA_IPslEENSA_INS9_17counting_iteratorIjlLi0ELi0ELi0EEElEENS9_18transform_iteratorINS2_26per_segment_indexed_out_opINSA_IPKalEENSA_IPalEEEENSG_IlnLi0ELi0ELi0EEEEENS1_6params13uniform_paramIlLl0ELl268435456EEENSU_IlLl1ELl8388608EEENSU_IlLl1ELl1EEEPljPyNS1_21identity_decomposer_tEjjEEvT1_T2_T3_T4_T5_T6_T7_T8_PKT9_PNS6_7counterINS8_3std3__415iterator_traitsINS1F_IS11_vE10value_typeEvE10value_typeET12_T13_EEPS1K_PS1J_PNS1F_INS1F_IS13_vE10value_typeEvE10value_typeES1P_S1U_S1K_S1K_T10_iibT11_' for 'sm_100'
ptxas info    : Function properties for _ZN3cub17_V_300500_SM_10006detail12batched_topk35device_segmented_topk_filter_kernelINS2_26policy_selector_from_typesIsalLl8388608EEELNS1_4topk6selectE0EN4cuda3__417constant_iteratorIPKslEENSA_IPslEENSA_INS9_17counting_iteratorIjlLi0ELi0ELi0EEElEENS9_18transform_iteratorINS2_26per_segment_indexed_out_opINSA_IPKalEENSA_IPalEEEENSG_IlnLi0ELi0ELi0EEEEENS1_6params13uniform_paramIlLl0ELl268435456EEENSU_IlLl1ELl8388608EEENSU_IlLl1ELl1EEEPljPyNS1_21identity_decomposer_tEjjEEvT1_T2_T3_T4_T5_T6_T7_T8_PKT9_PNS6_7counterINS8_3std3__415iterator_traitsINS1F_IS11_vE10value_typeEvE10value_typeET12_T13_EEPS1K_PS1J_PNS1F_INS1F_IS13_vE10value_typeEvE10value_typeES1P_S1U_S1K_S1K_T10_iibT11_
    0 bytes stack frame, 0 bytes spill stores, 0 bytes spill loads
ptxas info    : Used 56 registers, used 1 barriers, 8196 bytes smem
ptxas info    : Compile time = 44.902 ms
ptxas info    : Compiling entry function '_ZN3cub17_V_300500_SM_10006detail12batched_topk47device_segmented_topk_finalize_histogram_kernelINS2_26policy_selector_from_typesIsalLl8388608EEEN4cuda3__417constant_iteratorIPKslEENS1_6params13uniform_paramIlLl0ELl268435456EEENSD_IlLl1ELl8388608EEENSD_IlLl1ELl1EEEPlPyNS1_4topk16extract_bin_op_tIsLNSJ_6selectE0ELi11ENS1_21identity_decomposer_tELb1EEEjjsEEvT0_T1_T2_T3_T4_PNSJ_7counterIT9_T7_T8_EEPSV_T5_T6_ib' for 'sm_100'
ptxas info    : Function properties for _ZN3cub17_V_300500_SM_10006detail12batched_topk47device_segmented_topk_finalize_histogram_kernelINS2_26policy_selector_from_typesIsalLl8388608EEEN4cuda3__417constant_iteratorIPKslEENS1_6params13uniform_paramIlLl0ELl268435456EEENSD_IlLl1ELl8388608EEENSD_IlLl1ELl1EEEPlPyNS1_4topk16extract_bin_op_tIsLNSJ_6selectE0ELi11ENS1_21identity_decomposer_tELb1EEEjjsEEvT0_T1_T2_T3_T4_PNSJ_7counterIT9_T7_T8_EEPSV_T5_T6_ib
    0 bytes stack frame, 0 bytes spill stores, 0 bytes spill loads
ptxas info    : Used 32 registers, used 1 barriers, 8192 bytes smem
ptxas info    : Compile time = 10.643 ms
ptxas info    : Compiling entry function '_ZN3cub17_V_300500_SM_10006detail12batched_topk38device_segmented_topk_histogram_kernelINS2_26policy_selector_from_typesIsalLl8388608EEEN4cuda3__417constant_iteratorIPKslEENS1_6params13uniform_paramIlLl0ELl268435456EEENSD_IlLl1ELl8388608EEENSD_IlLl1ELl1EEEPljPyNS1_4topk16extract_bin_op_tIsLNSJ_6selectE0ELi11ENS1_21identity_decomposer_tELb1EEEjjjEEvT0_T1_T2_T3_T4_PKT5_PNSJ_7counterINS6_3std3__415iterator_traitsINSZ_ISO_vE10value_typeEvE10value_typeET8_T9_EEPS14_T6_T7_' for 'sm_100'
ptxas info    : Function properties for _ZN3cub17_V_300500_SM_10006detail12batched_topk38device_segmented_topk_histogram_kernelINS2_26policy_selector_from_typesIsalLl8388608EEEN4cuda3__417constant_iteratorIPKslEENS1_6params13uniform_paramIlLl0ELl268435456EEENSD_IlLl1ELl8388608EEENSD_IlLl1ELl1EEEPljPyNS1_4topk16extract_bin_op_tIsLNSJ_6selectE0ELi11ENS1_21identity_decomposer_tELb1EEEjjjEEvT0_T1_T2_T3_T4_PKT5_PNSJ_7counterINS6_3std3__415iterator_traitsINSZ_ISO_vE10value_typeEvE10value_typeET8_T9_EEPS14_T6_T7_
    0 bytes stack frame, 0 bytes spill stores, 0 bytes spill loads
ptxas info    : Used 28 registers, used 1 barriers, 8240 bytes smem
ptxas info    : Compile time = 38.590 ms
ptxas info    : Compiling entry function '_ZN3cub17_V_300500_SM_10006detail12batched_topk28device_segmented_topk_kernelINS2_26policy_selector_from_typesIsalLl8388608EEEN4cuda3__417constant_iteratorIPKslEENS8_IPslEENS8_IPKalEENS8_IPalEENS1_6params13uniform_paramIlLl0ELl268435456EEENSK_IlLl1ELl8388608EEENSJ_22uniform_discrete_paramINS1_4topk6selectEJLSP_1EEEENSK_IlLl1ELl1EEEjEEvT0_T1_T2_T3_T4_T5_T6_T7_PNS2_21batched_topk_countersINSZ_10value_typeEEEPS11_PT8_' for 'sm_100'
ptxas info    : Function properties for _ZN3cub17_V_300500_SM_10006detail12batched_topk28device_segmented_topk_kernelINS2_26policy_selector_from_typesIsalLl8388608EEEN4cuda3__417constant_iteratorIPKslEENS8_IPslEENS8_IPKalEENS8_IPalEENS1_6params13uniform_paramIlLl0ELl268435456EEENSK_IlLl1ELl8388608EEENSJ_22uniform_discrete_paramINS1_4topk6selectEJLSP_1EEEENSK_IlLl1ELl1EEEjEEvT0_T1_T2_T3_T4_T5_T6_T7_PNS2_21batched_topk_countersINSZ_10value_typeEEEPS11_PT8_
    1424 bytes stack frame, 1432 bytes spill stores, 1568 bytes spill loads
ptxas info    : Used 255 registers, used 1 barriers, 1424 bytes cumulative stack size, 33808 bytes smem
ptxas info    : Compile time = 397.497 ms
ptxas info    : Compiling entry function '_ZN3cub17_V_300500_SM_10006detail12batched_topk44device_segmented_topk_finalize_filter_kernelINS2_26policy_selector_from_typesIallLl8388608EEELNS1_4topk6selectE1EN4cuda3__417constant_iteratorIPKalEENSA_IPalEENSA_INS9_17counting_iteratorIjlLi0ELi0ELi0EEElEENS9_18transform_iteratorINS2_26per_segment_indexed_out_opINSA_IPKllEENSA_IPllEEEENSG_IlnLi0ELi0ELi0EEEEENS1_6params13uniform_paramIlLl0ELl268435456EEENSU_IlLl1ELl8388608EEENSU_IlLl1ELl1EEESO_jPyNS1_21identity_decomposer_tEjjaEEvT1_T2_T3_T4_T5_T6_T7_T8_PKT9_PNS6_7counterIT14_T12_T13_EEPS1D_PS1C_PNS8_3std3__415iterator_traitsINS1L_IS12_vE10value_typeEvE10value_typeES1I_S1Q_T10_S1D_S1D_iiT11_b' for 'sm_100'
ptxas info    : Function properties for _ZN3cub17_V_300500_SM_10006detail12batched_topk44device_segmented_topk_finalize_filter_kernelINS2_26policy_selector_from_typesIallLl8388608EEELNS1_4topk6selectE1EN4cuda3__417constant_iteratorIPKalEENSA_IPalEENSA_INS9_17counting_iteratorIjlLi0ELi0ELi0EEElEENS9_18transform_iteratorINS2_26per_segment_indexed_out_opINSA_IPKllEENSA_IPllEEEENSG_IlnLi0ELi0ELi0EEEEENS1_6params13uniform_paramIlLl0ELl268435456EEENSU_IlLl1ELl8388608EEENSU_IlLl1ELl1EEESO_jPyNS1_21identity_decomposer_tEjjaEEvT1_T2_T3_T4_T5_T6_T7_T8_PKT9_PNS6_7counterIT14_T12_T13_EEPS1D_PS1C_PNS8_3std3__415iterator_traitsINS1L_IS12_vE10value_typeEvE10value_typeES1I_S1Q_T10_S1D_S1D_iiT11_b
    0 bytes stack frame, 0 bytes spill stores, 0 bytes spill loads
ptxas info    : Used 118 registers, used 1 barriers, 2048 bytes smem
ptxas info    : Compile time = 68.381 ms
ptxas info    : Compiling entry function '_ZN3cub17_V_300500_SM_10006detail12batched_topk40device_segmented_topk_last_filter_kernelINS2_26policy_selector_from_typesIallLl8388608EEELNS1_4topk6selectE1EN4cuda3__417constant_iteratorIPKalEENSA_IPalEENSA_INS9_17counting_iteratorIjlLi0ELi0ELi0EEElEENS9_18transform_iteratorINS2_26per_segment_indexed_out_opINSA_IPKllEENSA_IPllEEEENSG_IlnLi0ELi0ELi0EEEEENS1_6params13uniform_paramIlLl0ELl268435456EEENSU_IlLl1ELl8388608EEENSU_IlLl1ELl1EEESO_jPyNS1_21identity_decomposer_tEjjEEvT1_T2_T3_T4_T5_T6_T7_T8_PKT9_PNS6_7counterINS8_3std3__415iterator_traitsINS1E_IS10_vE10value_typeEvE10value_typeET12_T13_EEPS1I_PNS1E_INS1E_IS12_vE10value_typeEvE10value_typeES1J_T10_iiT11_' for 'sm_100'
ptxas info    : Function properties for _ZN3cub17_V_300500_SM_10006detail12batched_topk40device_segmented_topk_last_filter_kernelINS2_26policy_selector_from_typesIallLl8388608EEELNS1_4topk6selectE1EN4cuda3__417constant_iteratorIPKalEENSA_IPalEENSA_INS9_17counting_iteratorIjlLi0ELi0ELi0EEElEENS9_18transform_iteratorINS2_26per_segment_indexed_out_opINSA_IPKllEENSA_IPllEEEENSG_IlnLi0ELi0ELi0EEEEENS1_6params13uniform_paramIlLl0ELl268435456EEENSU_IlLl1ELl8388608EEENSU_IlLl1ELl1EEESO_jPyNS1_21identity_decomposer_tEjjEEvT1_T2_T3_T4_T5_T6_T7_T8_PKT9_PNS6_7counterINS8_3std3__415iterator_traitsINS1E_IS10_vE10value_typeEvE10value_typeET12_T13_EEPS1I_PNS1E_INS1E_IS12_vE10value_typeEvE10value_typeES1J_T10_iiT11_
    0 bytes stack frame, 0 bytes spill stores, 0 bytes spill loads
ptxas info    : Used 64 registers, used 0 barriers
ptxas info    : Compile time = 138.114 ms
ptxas info    : Compiling entry function '_ZN3cub17_V_300500_SM_10006detail12batched_topk35device_segmented_topk_filter_kernelINS2_26policy_selector_from_typesIallLl8388608EEELNS1_4topk6selectE1EN4cuda3__417constant_iteratorIPKalEENSA_IPalEENSA_INS9_17counting_iteratorIjlLi0ELi0ELi0EEElEENS9_18transform_iteratorINS2_26per_segment_indexed_out_opINSA_IPKllEENSA_IPllEEEENSG_IlnLi0ELi0ELi0EEEEENS1_6params13uniform_paramIlLl0ELl268435456EEENSU_IlLl1ELl8388608EEENSU_IlLl1ELl1EEESO_jPyNS1_21identity_decomposer_tEjjEEvT1_T2_T3_T4_T5_T6_T7_T8_PKT9_PNS6_7counterINS8_3std3__415iterator_traitsINS1E_IS10_vE10value_typeEvE10value_typeET12_T13_EEPS1J_PS1I_PNS1E_INS1E_IS12_vE10value_typeEvE10value_typeES1O_S1T_S1J_S1J_T10_iibT11_' for 'sm_100'
ptxas info    : Function properties for _ZN3cub17_V_300500_SM_10006detail12batched_topk35device_segmented_topk_filter_kernelINS2_26policy_selector_from_typesIallLl8388608EEELNS1_4topk6selectE1EN4cuda3__417constant_iteratorIPKalEENSA_IPalEENSA_INS9_17counting_iteratorIjlLi0ELi0ELi0EEElEENS9_18transform_iteratorINS2_26per_segment_indexed_out_opINSA_IPKllEENSA_IPllEEEENSG_IlnLi0ELi0ELi0EEEEENS1_6params13uniform_paramIlLl0ELl268435456EEENSU_IlLl1ELl8388608EEENSU_IlLl1ELl1EEESO_jPyNS1_21identity_decomposer_tEjjEEvT1_T2_T3_T4_T5_T6_T7_T8_PKT9_PNS6_7counterINS8_3std3__415iterator_traitsINS1E_IS10_vE10value_typeEvE10value_typeET12_T13_EEPS1J_PS1I_PNS1E_INS1E_IS12_vE10value_typeEvE10value_typeES1O_S1T_S1J_S1J_T10_iibT11_
    0 bytes stack frame, 0 bytes spill stores, 0 bytes spill loads
ptxas info    : Used 64 registers, used 1 barriers, 1028 bytes smem
ptxas info    : Compile time = 78.343 ms
ptxas info    : Compiling entry function '_ZN3cub17_V_300500_SM_10006detail12batched_topk47device_segmented_topk_finalize_histogram_kernelINS2_26policy_selector_from_typesIallLl8388608EEEN4cuda3__417constant_iteratorIPKalEENS1_6params13uniform_paramIlLl0ELl268435456EEENSD_IlLl1ELl8388608EEENSD_IlLl1ELl1EEEPlPyNS1_4topk16extract_bin_op_tIaLNSJ_6selectE1ELi8ENS1_21identity_decomposer_tELb1EEEjjaEEvT0_T1_T2_T3_T4_PNSJ_7counterIT9_T7_T8_EEPSV_T5_T6_ib' for 'sm_100'
ptxas info    : Function properties for _ZN3cub17_V_300500_SM_10006detail12batched_topk47device_segmented_topk_finalize_histogram_kernelINS2_26policy_selector_from_typesIallLl8388608EEEN4cuda3__417constant_iteratorIPKalEENS1_6params13uniform_paramIlLl0ELl268435456EEENSD_IlLl1ELl8388608EEENSD_IlLl1ELl1EEEPlPyNS1_4topk16extract_bin_op_tIaLNSJ_6selectE1ELi8ENS1_21identity_decomposer_tELb1EEEjjaEEvT0_T1_T2_T3_T4_PNSJ_7counterIT9_T7_T8_EEPSV_T5_T6_ib
    0 bytes stack frame, 0 bytes spill stores, 0 bytes spill loads
ptxas info    : Used 32 registers, used 1 barriers, 2048 bytes smem
ptxas info    : Compile time = 12.640 ms
ptxas info    : Compiling entry function '_ZN3cub17_V_300500_SM_10006detail12batched_topk38device_segmented_topk_histogram_kernelINS2_26policy_selector_from_typesIallLl8388608EEEN4cuda3__417constant_iteratorIPKalEENS1_6params13uniform_paramIlLl0ELl268435456EEENSD_IlLl1ELl8388608EEENSD_IlLl1ELl1EEEPljPyNS1_4topk16extract_bin_op_tIaLNSJ_6selectE1ELi8ENS1_21identity_decomposer_tELb1EEEjjjEEvT0_T1_T2_T3_T4_PKT5_PNSJ_7counterINS6_3std3__415iterator_traitsINSZ_ISO_vE10value_typeEvE10value_typeET8_T9_EEPS14_T6_T7_' for 'sm_100'
ptxas info    : Function properties for _ZN3cub17_V_300500_SM_10006detail12batched_topk38device_segmented_topk_histogram_kernelINS2_26policy_selector_from_typesIallLl8388608EEEN4cuda3__417constant_iteratorIPKalEENS1_6params13uniform_paramIlLl0ELl268435456EEENSD_IlLl1ELl8388608EEENSD_IlLl1ELl1EEEPljPyNS1_4topk16extract_bin_op_tIaLNSJ_6selectE1ELi8ENS1_21identity_decomposer_tELb1EEEjjjEEvT0_T1_T2_T3_T4_PKT5_PNSJ_7counterINS6_3std3__415iterator_traitsINSZ_ISO_vE10value_typeEvE10value_typeET8_T9_EEPS14_T6_T7_
    0 bytes stack frame, 0 bytes spill stores, 0 bytes spill loads
ptxas info    : Used 26 registers, used 1 barriers, 1072 bytes smem
ptxas info    : Compile time = 66.727 ms
ptxas info    : Compiling entry function '_ZN3cub17_V_300500_SM_10006detail12batched_topk44device_segmented_topk_finalize_filter_kernelINS2_26policy_selector_from_typesIallLl8388608EEELNS1_4topk6selectE0EN4cuda3__417constant_iteratorIPKalEENSA_IPalEENSA_INS9_17counting_iteratorIjlLi0ELi0ELi0EEElEENS9_18transform_iteratorINS2_26per_segment_indexed_out_opINSA_IPKllEENSA_IPllEEEENSG_IlnLi0ELi0ELi0EEEEENS1_6params13uniform_paramIlLl0ELl268435456EEENSU_IlLl1ELl8388608EEENSU_IlLl1ELl1EEESO_jPyNS1_21identity_decomposer_tEjjaEEvT1_T2_T3_T4_T5_T6_T7_T8_PKT9_PNS6_7counterIT14_T12_T13_EEPS1D_PS1C_PNS8_3std3__415iterator_traitsINS1L_IS12_vE10value_typeEvE10value_typeES1I_S1Q_T10_S1D_S1D_iiT11_b' for 'sm_100'
ptxas info    : Function properties for _ZN3cub17_V_300500_SM_10006detail12batched_topk44device_segmented_topk_finalize_filter_kernelINS2_26policy_selector_from_typesIallLl8388608EEELNS1_4topk6selectE0EN4cuda3__417constant_iteratorIPKalEENSA_IPalEENSA_INS9_17counting_iteratorIjlLi0ELi0ELi0EEElEENS9_18transform_iteratorINS2_26per_segment_indexed_out_opINSA_IPKllEENSA_IPllEEEENSG_IlnLi0ELi0ELi0EEEEENS1_6params13uniform_paramIlLl0ELl268435456EEENSU_IlLl1ELl8388608EEENSU_IlLl1ELl1EEESO_jPyNS1_21identity_decomposer_tEjjaEEvT1_T2_T3_T4_T5_T6_T7_T8_PKT9_PNS6_7counterIT14_T12_T13_EEPS1D_PS1C_PNS8_3std3__415iterator_traitsINS1L_IS12_vE10value_typeEvE10value_typeES1I_S1Q_T10_S1D_S1D_iiT11_b
    0 bytes stack frame, 0 bytes spill stores, 0 bytes spill loads
ptxas info    : Used 118 registers, used 1 barriers, 2048 bytes smem
ptxas info    : Compile time = 69.443 ms
ptxas info    : Compiling entry function '_ZN3cub17_V_300500_SM_10006detail12batched_topk40device_segmented_topk_last_filter_kernelINS2_26policy_selector_from_typesIallLl8388608EEELNS1_4topk6selectE0EN4cuda3__417constant_iteratorIPKalEENSA_IPalEENSA_INS9_17counting_iteratorIjlLi0ELi0ELi0EEElEENS9_18transform_iteratorINS2_26per_segment_indexed_out_opINSA_IPKllEENSA_IPllEEEENSG_IlnLi0ELi0ELi0EEEEENS1_6params13uniform_paramIlLl0ELl268435456EEENSU_IlLl1ELl8388608EEENSU_IlLl1ELl1EEESO_jPyNS1_21identity_decomposer_tEjjEEvT1_T2_T3_T4_T5_T6_T7_T8_PKT9_PNS6_7counterINS8_3std3__415iterator_traitsINS1E_IS10_vE10value_typeEvE10value_typeET12_T13_EEPS1I_PNS1E_INS1E_IS12_vE10value_typeEvE10value_typeES1J_T10_iiT11_' for 'sm_100'
ptxas info    : Function properties for _ZN3cub17_V_300500_SM_10006detail12batched_topk40device_segmented_topk_last_filter_kernelINS2_26policy_selector_from_typesIallLl8388608EEELNS1_4topk6selectE0EN4cuda3__417constant_iteratorIPKalEENSA_IPalEENSA_INS9_17counting_iteratorIjlLi0ELi0ELi0EEElEENS9_18transform_iteratorINS2_26per_segment_indexed_out_opINSA_IPKllEENSA_IPllEEEENSG_IlnLi0ELi0ELi0EEEEENS1_6params13uniform_paramIlLl0ELl268435456EEENSU_IlLl1ELl8388608EEENSU_IlLl1ELl1EEESO_jPyNS1_21identity_decomposer_tEjjEEvT1_T2_T3_T4_T5_T6_T7_T8_PKT9_PNS6_7counterINS8_3std3__415iterator_traitsINS1E_IS10_vE10value_typeEvE10value_typeET12_T13_EEPS1I_PNS1E_INS1E_IS12_vE10value_typeEvE10value_typeES1J_T10_iiT11_
    0 bytes stack frame, 0 bytes spill stores, 0 bytes spill loads
ptxas info    : Used 64 registers, used 0 barriers
ptxas info    : Compile time = 137.324 ms
ptxas info    : Compiling entry function '_ZN3cub17_V_300500_SM_10006detail12batched_topk35device_segmented_topk_filter_kernelINS2_26policy_selector_from_typesIallLl8388608EEELNS1_4topk6selectE0EN4cuda3__417constant_iteratorIPKalEENSA_IPalEENSA_INS9_17counting_iteratorIjlLi0ELi0ELi0EEElEENS9_18transform_iteratorINS2_26per_segment_indexed_out_opINSA_IPKllEENSA_IPllEEEENSG_IlnLi0ELi0ELi0EEEEENS1_6params13uniform_paramIlLl0ELl268435456EEENSU_IlLl1ELl8388608EEENSU_IlLl1ELl1EEESO_jPyNS1_21identity_decomposer_tEjjEEvT1_T2_T3_T4_T5_T6_T7_T8_PKT9_PNS6_7counterINS8_3std3__415iterator_traitsINS1E_IS10_vE10value_typeEvE10value_typeET12_T13_EEPS1J_PS1I_PNS1E_INS1E_IS12_vE10value_typeEvE10value_typeES1O_S1T_S1J_S1J_T10_iibT11_' for 'sm_100'
ptxas info    : Function properties for _ZN3cub17_V_300500_SM_10006detail12batched_topk35device_segmented_topk_filter_kernelINS2_26policy_selector_from_typesIallLl8388608EEELNS1_4topk6selectE0EN4cuda3__417constant_iteratorIPKalEENSA_IPalEENSA_INS9_17counting_iteratorIjlLi0ELi0ELi0EEElEENS9_18transform_iteratorINS2_26per_segment_indexed_out_opINSA_IPKllEENSA_IPllEEEENSG_IlnLi0ELi0ELi0EEEEENS1_6params13uniform_paramIlLl0ELl268435456EEENSU_IlLl1ELl8388608EEENSU_IlLl1ELl1EEESO_jPyNS1_21identity_decomposer_tEjjEEvT1_T2_T3_T4_T5_T6_T7_T8_PKT9_PNS6_7counterINS8_3std3__415iterator_traitsINS1E_IS10_vE10value_typeEvE10value_typeET12_T13_EEPS1J_PS1I_PNS1E_INS1E_IS12_vE10value_typeEvE10value_typeES1O_S1T_S1J_S1J_T10_iibT11_
    0 bytes stack frame, 0 bytes spill stores, 0 bytes spill loads
ptxas info    : Used 64 registers, used 1 barriers, 1028 bytes smem
ptxas info    : Compile time = 76.602 ms
ptxas info    : Compiling entry function '_ZN3cub17_V_300500_SM_10006detail12batched_topk47device_segmented_topk_finalize_histogram_kernelINS2_26policy_selector_from_typesIallLl8388608EEEN4cuda3__417constant_iteratorIPKalEENS1_6params13uniform_paramIlLl0ELl268435456EEENSD_IlLl1ELl8388608EEENSD_IlLl1ELl1EEEPlPyNS1_4topk16extract_bin_op_tIaLNSJ_6selectE0ELi8ENS1_21identity_decomposer_tELb1EEEjjaEEvT0_T1_T2_T3_T4_PNSJ_7counterIT9_T7_T8_EEPSV_T5_T6_ib' for 'sm_100'
ptxas info    : Function properties for _ZN3cub17_V_300500_SM_10006detail12batched_topk47device_segmented_topk_finalize_histogram_kernelINS2_26policy_selector_from_typesIallLl8388608EEEN4cuda3__417constant_iteratorIPKalEENS1_6params13uniform_paramIlLl0ELl268435456EEENSD_IlLl1ELl8388608EEENSD_IlLl1ELl1EEEPlPyNS1_4topk16extract_bin_op_tIaLNSJ_6selectE0ELi8ENS1_21identity_decomposer_tELb1EEEjjaEEvT0_T1_T2_T3_T4_PNSJ_7counterIT9_T7_T8_EEPSV_T5_T6_ib
    0 bytes stack frame, 0 bytes spill stores, 0 bytes spill loads
ptxas info    : Used 32 registers, used 1 barriers, 2048 bytes smem
ptxas info    : Compile time = 11.035 ms
ptxas info    : Compiling entry function '_ZN3cub17_V_300500_SM_10006detail12batched_topk38device_segmented_topk_histogram_kernelINS2_26policy_selector_from_typesIallLl8388608EEEN4cuda3__417constant_iteratorIPKalEENS1_6params13uniform_paramIlLl0ELl268435456EEENSD_IlLl1ELl8388608EEENSD_IlLl1ELl1EEEPljPyNS1_4topk16extract_bin_op_tIaLNSJ_6selectE0ELi8ENS1_21identity_decomposer_tELb1EEEjjjEEvT0_T1_T2_T3_T4_PKT5_PNSJ_7counterINS6_3std3__415iterator_traitsINSZ_ISO_vE10value_typeEvE10value_typeET8_T9_EEPS14_T6_T7_' for 'sm_100'
ptxas info    : Function properties for _ZN3cub17_V_300500_SM_10006detail12batched_topk38device_segmented_topk_histogram_kernelINS2_26policy_selector_from_typesIallLl8388608EEEN4cuda3__417constant_iteratorIPKalEENS1_6params13uniform_paramIlLl0ELl268435456EEENSD_IlLl1ELl8388608EEENSD_IlLl1ELl1EEEPljPyNS1_4topk16extract_bin_op_tIaLNSJ_6selectE0ELi8ENS1_21identity_decomposer_tELb1EEEjjjEEvT0_T1_T2_T3_T4_PKT5_PNSJ_7counterINS6_3std3__415iterator_traitsINSZ_ISO_vE10value_typeEvE10value_typeET8_T9_EEPS14_T6_T7_
    0 bytes stack frame, 0 bytes spill stores, 0 bytes spill loads
ptxas info    : Used 26 registers, used 1 barriers, 1072 bytes smem
ptxas info    : Compile time = 67.000 ms
ptxas info    : Compiling entry function '_ZN3cub17_V_300500_SM_10006detail12batched_topk28device_segmented_topk_kernelINS2_26policy_selector_from_typesIallLl8388608EEEN4cuda3__417constant_iteratorIPKalEENS8_IPalEENS8_IPKllEENS8_IPllEENS1_6params13uniform_paramIlLl0ELl268435456EEENSK_IlLl1ELl8388608EEENSJ_22uniform_discrete_paramINS1_4topk6selectEJLSP_1EEEENSK_IlLl1ELl1EEEjEEvT0_T1_T2_T3_T4_T5_T6_T7_PNS2_21batched_topk_countersINSZ_10value_typeEEEPS11_PT8_' for 'sm_100'
ptxas info    : Function properties for _ZN3cub17_V_300500_SM_10006detail12batched_topk28device_segmented_topk_kernelINS2_26policy_selector_from_typesIallLl8388608EEEN4cuda3__417constant_iteratorIPKalEENS8_IPalEENS8_IPKllEENS8_IPllEENS1_6params13uniform_paramIlLl0ELl268435456EEENSK_IlLl1ELl8388608EEENSJ_22uniform_discrete_paramINS1_4topk6selectEJLSP_1EEEENSK_IlLl1ELl1EEEjEEvT0_T1_T2_T3_T4_T5_T6_T7_PNS2_21batched_topk_countersINSZ_10value_typeEEEPS11_PT8_
    0 bytes stack frame, 0 bytes spill stores, 0 bytes spill loads
ptxas info    : Used 128 registers, used 1 barriers, 33808 bytes smem
ptxas info    : Compile time = 57.581 ms
ptxas info    : Compiling entry function '_ZN3cub17_V_300500_SM_10006detail12batched_topk44device_segmented_topk_finalize_filter_kernelINS2_26policy_selector_from_typesIailLl8388608EEELNS1_4topk6selectE1EN4cuda3__417constant_iteratorIPKalEENSA_IPalEENSA_INS9_17counting_iteratorIjlLi0ELi0ELi0EEElEENS9_18transform_iteratorINS2_26per_segment_indexed_out_opINSA_IPKilEENSA_IPilEEEENSG_IlnLi0ELi0ELi0EEEEENS1_6params13uniform_paramIlLl0ELl268435456EEENSU_IlLl1ELl8388608EEENSU_IlLl1ELl1EEEPljPyNS1_21identity_decomposer_tEjjaEEvT1_T2_T3_T4_T5_T6_T7_T8_PKT9_PNS6_7counterIT14_T12_T13_EEPS1E_PS1D_PNS8_3std3__415iterator_traitsINS1M_IS13_vE10value_typeEvE10value_typeES1J_S1R_T10_S1E_S1E_iiT11_b' for 'sm_100'
ptxas info    : Function properties for _ZN3cub17_V_300500_SM_10006detail12batched_topk44device_segmented_topk_finalize_filter_kernelINS2_26policy_selector_from_typesIailLl8388608EEELNS1_4topk6selectE1EN4cuda3__417constant_iteratorIPKalEENSA_IPalEENSA_INS9_17counting_iteratorIjlLi0ELi0ELi0EEElEENS9_18transform_iteratorINS2_26per_segment_indexed_out_opINSA_IPKilEENSA_IPilEEEENSG_IlnLi0ELi0ELi0EEEEENS1_6params13uniform_paramIlLl0ELl268435456EEENSU_IlLl1ELl8388608EEENSU_IlLl1ELl1EEEPljPyNS1_21identity_decomposer_tEjjaEEvT1_T2_T3_T4_T5_T6_T7_T8_PKT9_PNS6_7counterIT14_T12_T13_EEPS1E_PS1D_PNS8_3std3__415iterator_traitsINS1M_IS13_vE10value_typeEvE10value_typeES1J_S1R_T10_S1E_S1E_iiT11_b
    0 bytes stack frame, 0 bytes spill stores, 0 bytes spill loads
ptxas info    : Used 118 registers, used 1 barriers, 2048 bytes smem
ptxas info    : Compile time = 67.997 ms
ptxas info    : Compiling entry function '_ZN3cub17_V_300500_SM_10006detail12batched_topk40device_segmented_topk_last_filter_kernelINS2_26policy_selector_from_typesIailLl8388608EEELNS1_4topk6selectE1EN4cuda3__417constant_iteratorIPKalEENSA_IPalEENSA_INS9_17counting_iteratorIjlLi0ELi0ELi0EEElEENS9_18transform_iteratorINS2_26per_segment_indexed_out_opINSA_IPKilEENSA_IPilEEEENSG_IlnLi0ELi0ELi0EEEEENS1_6params13uniform_paramIlLl0ELl268435456EEENSU_IlLl1ELl8388608EEENSU_IlLl1ELl1EEEPljPyNS1_21identity_decomposer_tEjjEEvT1_T2_T3_T4_T5_T6_T7_T8_PKT9_PNS6_7counterINS8_3std3__415iterator_traitsINS1F_IS11_vE10value_typeEvE10value_typeET12_T13_EEPS1J_PNS1F_INS1F_IS13_vE10value_typeEvE10value_typeES1K_T10_iiT11_' for 'sm_100'
ptxas info    : Function properties for _ZN3cub17_V_300500_SM_10006detail12batched_topk40device_segmented_topk_last_filter_kernelINS2_26policy_selector_from_typesIailLl8388608EEELNS1_4topk6selectE1EN4cuda3__417constant_iteratorIPKalEENSA_IPalEENSA_INS9_17counting_iteratorIjlLi0ELi0ELi0EEElEENS9_18transform_iteratorINS2_26per_segment_indexed_out_opINSA_IPKilEENSA_IPilEEEENSG_IlnLi0ELi0ELi0EEEEENS1_6params13uniform_paramIlLl0ELl268435456EEENSU_IlLl1ELl8388608EEENSU_IlLl1ELl1EEEPljPyNS1_21identity_decomposer_tEjjEEvT1_T2_T3_T4_T5_T6_T7_T8_PKT9_PNS6_7counterINS8_3std3__415iterator_traitsINS1F_IS11_vE10value_typeEvE10value_typeET12_T13_EEPS1J_PNS1F_INS1F_IS13_vE10value_typeEvE10value_typeES1K_T10_iiT11_
    0 bytes stack frame, 0 bytes spill stores, 0 bytes spill loads
ptxas info    : Used 64 registers, used 0 barriers
ptxas info    : Compile time = 137.320 ms
ptxas info    : Compiling entry function '_ZN3cub17_V_300500_SM_10006detail12batched_topk35device_segmented_topk_filter_kernelINS2_26policy_selector_from_typesIailLl8388608EEELNS1_4topk6selectE1EN4cuda3__417constant_iteratorIPKalEENSA_IPalEENSA_INS9_17counting_iteratorIjlLi0ELi0ELi0EEElEENS9_18transform_iteratorINS2_26per_segment_indexed_out_opINSA_IPKilEENSA_IPilEEEENSG_IlnLi0ELi0ELi0EEEEENS1_6params13uniform_paramIlLl0ELl268435456EEENSU_IlLl1ELl8388608EEENSU_IlLl1ELl1EEEPljPyNS1_21identity_decomposer_tEjjEEvT1_T2_T3_T4_T5_T6_T7_T8_PKT9_PNS6_7counterINS8_3std3__415iterator_traitsINS1F_IS11_vE10value_typeEvE10value_typeET12_T13_EEPS1K_PS1J_PNS1F_INS1F_IS13_vE10value_typeEvE10value_typeES1P_S1U_S1K_S1K_T10_iibT11_' for 'sm_100'
ptxas info    : Function properties for _ZN3cub17_V_300500_SM_10006detail12batched_topk35device_segmented_topk_filter_kernelINS2_26policy_selector_from_typesIailLl8388608EEELNS1_4topk6selectE1EN4cuda3__417constant_iteratorIPKalEENSA_IPalEENSA_INS9_17counting_iteratorIjlLi0ELi0ELi0EEElEENS9_18transform_iteratorINS2_26per_segment_indexed_out_opINSA_IPKilEENSA_IPilEEEENSG_IlnLi0ELi0ELi0EEEEENS1_6params13uniform_paramIlLl0ELl268435456EEENSU_IlLl1ELl8388608EEENSU_IlLl1ELl1EEEPljPyNS1_21identity_decomposer_tEjjEEvT1_T2_T3_T4_T5_T6_T7_T8_PKT9_PNS6_7counterINS8_3std3__415iterator_traitsINS1F_IS11_vE10value_typeEvE10value_typeET12_T13_EEPS1K_PS1J_PNS1F_INS1F_IS13_vE10value_typeEvE10value_typeES1P_S1U_S1K_S1K_T10_iibT11_
    0 bytes stack frame, 0 bytes spill stores, 0 bytes spill loads
ptxas info    : Used 64 registers, used 1 barriers, 1028 bytes smem
ptxas info    : Compile time = 75.317 ms
ptxas info    : Compiling entry function '_ZN3cub17_V_300500_SM_10006detail12batched_topk47device_segmented_topk_finalize_histogram_kernelINS2_26policy_selector_from_typesIailLl8388608EEEN4cuda3__417constant_iteratorIPKalEENS1_6params13uniform_paramIlLl0ELl268435456EEENSD_IlLl1ELl8388608EEENSD_IlLl1ELl1EEEPlPyNS1_4topk16extract_bin_op_tIaLNSJ_6selectE1ELi8ENS1_21identity_decomposer_tELb1EEEjjaEEvT0_T1_T2_T3_T4_PNSJ_7counterIT9_T7_T8_EEPSV_T5_T6_ib' for 'sm_100'
ptxas info    : Function properties for _ZN3cub17_V_300500_SM_10006detail12batched_topk47device_segmented_topk_finalize_histogram_kernelINS2_26policy_selector_from_typesIailLl8388608EEEN4cuda3__417constant_iteratorIPKalEENS1_6params13uniform_paramIlLl0ELl268435456EEENSD_IlLl1ELl8388608EEENSD_IlLl1ELl1EEEPlPyNS1_4topk16extract_bin_op_tIaLNSJ_6selectE1ELi8ENS1_21identity_decomposer_tELb1EEEjjaEEvT0_T1_T2_T3_T4_PNSJ_7counterIT9_T7_T8_EEPSV_T5_T6_ib
    0 bytes stack frame, 0 bytes spill stores, 0 bytes spill loads
ptxas info    : Used 32 registers, used 1 barriers, 2048 bytes smem
ptxas info    : Compile time = 11.048 ms
ptxas info    : Compiling entry function '_ZN3cub17_V_300500_SM_10006detail12batched_topk38device_segmented_topk_histogram_kernelINS2_26policy_selector_from_typesIailLl8388608EEEN4cuda3__417constant_iteratorIPKalEENS1_6params13uniform_paramIlLl0ELl268435456EEENSD_IlLl1ELl8388608EEENSD_IlLl1ELl1EEEPljPyNS1_4topk16extract_bin_op_tIaLNSJ_6selectE1ELi8ENS1_21identity_decomposer_tELb1EEEjjjEEvT0_T1_T2_T3_T4_PKT5_PNSJ_7counterINS6_3std3__415iterator_traitsINSZ_ISO_vE10value_typeEvE10value_typeET8_T9_EEPS14_T6_T7_' for 'sm_100'
ptxas info    : Function properties for _ZN3cub17_V_300500_SM_10006detail12batched_topk38device_segmented_topk_histogram_kernelINS2_26policy_selector_from_typesIailLl8388608EEEN4cuda3__417constant_iteratorIPKalEENS1_6params13uniform_paramIlLl0ELl268435456EEENSD_IlLl1ELl8388608EEENSD_IlLl1ELl1EEEPljPyNS1_4topk16extract_bin_op_tIaLNSJ_6selectE1ELi8ENS1_21identity_decomposer_tELb1EEEjjjEEvT0_T1_T2_T3_T4_PKT5_PNSJ_7counterINS6_3std3__415iterator_traitsINSZ_ISO_vE10value_typeEvE10value_typeET8_T9_EEPS14_T6_T7_
    0 bytes stack frame, 0 bytes spill stores, 0 bytes spill loads
ptxas info    : Used 26 registers, used 1 barriers, 1072 bytes smem
ptxas info    : Compile time = 65.957 ms
ptxas info    : Compiling entry function '_ZN3cub17_V_300500_SM_10006detail12batched_topk44device_segmented_topk_finalize_filter_kernelINS2_26policy_selector_from_typesIailLl8388608EEELNS1_4topk6selectE0EN4cuda3__417constant_iteratorIPKalEENSA_IPalEENSA_INS9_17counting_iteratorIjlLi0ELi0ELi0EEElEENS9_18transform_iteratorINS2_26per_segment_indexed_out_opINSA_IPKilEENSA_IPilEEEENSG_IlnLi0ELi0ELi0EEEEENS1_6params13uniform_paramIlLl0ELl268435456EEENSU_IlLl1ELl8388608EEENSU_IlLl1ELl1EEEPljPyNS1_21identity_decomposer_tEjjaEEvT1_T2_T3_T4_T5_T6_T7_T8_PKT9_PNS6_7counterIT14_T12_T13_EEPS1E_PS1D_PNS8_3std3__415iterator_traitsINS1M_IS13_vE10value_typeEvE10value_typeES1J_S1R_T10_S1E_S1E_iiT11_b' for 'sm_100'
ptxas info    : Function properties for _ZN3cub17_V_300500_SM_10006detail12batched_topk44device_segmented_topk_finalize_filter_kernelINS2_26policy_selector_from_typesIailLl8388608EEELNS1_4topk6selectE0EN4cuda3__417constant_iteratorIPKalEENSA_IPalEENSA_INS9_17counting_iteratorIjlLi0ELi0ELi0EEElEENS9_18transform_iteratorINS2_26per_segment_indexed_out_opINSA_IPKilEENSA_IPilEEEENSG_IlnLi0ELi0ELi0EEEEENS1_6params13uniform_paramIlLl0ELl268435456EEENSU_IlLl1ELl8388608EEENSU_IlLl1ELl1EEEPljPyNS1_21identity_decomposer_tEjjaEEvT1_T2_T3_T4_T5_T6_T7_T8_PKT9_PNS6_7counterIT14_T12_T13_EEPS1E_PS1D_PNS8_3std3__415iterator_traitsINS1M_IS13_vE10value_typeEvE10value_typeES1J_S1R_T10_S1E_S1E_iiT11_b
    0 bytes stack frame, 0 bytes spill stores, 0 bytes spill loads
ptxas info    : Used 118 registers, used 1 barriers, 2048 bytes smem
ptxas info    : Compile time = 67.582 ms
ptxas info    : Compiling entry function '_ZN3cub17_V_300500_SM_10006detail12batched_topk40device_segmented_topk_last_filter_kernelINS2_26policy_selector_from_typesIailLl8388608EEELNS1_4topk6selectE0EN4cuda3__417constant_iteratorIPKalEENSA_IPalEENSA_INS9_17counting_iteratorIjlLi0ELi0ELi0EEElEENS9_18transform_iteratorINS2_26per_segment_indexed_out_opINSA_IPKilEENSA_IPilEEEENSG_IlnLi0ELi0ELi0EEEEENS1_6params13uniform_paramIlLl0ELl268435456EEENSU_IlLl1ELl8388608EEENSU_IlLl1ELl1EEEPljPyNS1_21identity_decomposer_tEjjEEvT1_T2_T3_T4_T5_T6_T7_T8_PKT9_PNS6_7counterINS8_3std3__415iterator_traitsINS1F_IS11_vE10value_typeEvE10value_typeET12_T13_EEPS1J_PNS1F_INS1F_IS13_vE10value_typeEvE10value_typeES1K_T10_iiT11_' for 'sm_100'
ptxas info    : Function properties for _ZN3cub17_V_300500_SM_10006detail12batched_topk40device_segmented_topk_last_filter_kernelINS2_26policy_selector_from_typesIailLl8388608EEELNS1_4topk6selectE0EN4cuda3__417constant_iteratorIPKalEENSA_IPalEENSA_INS9_17counting_iteratorIjlLi0ELi0ELi0EEElEENS9_18transform_iteratorINS2_26per_segment_indexed_out_opINSA_IPKilEENSA_IPilEEEENSG_IlnLi0ELi0ELi0EEEEENS1_6params13uniform_paramIlLl0ELl268435456EEENSU_IlLl1ELl8388608EEENSU_IlLl1ELl1EEEPljPyNS1_21identity_decomposer_tEjjEEvT1_T2_T3_T4_T5_T6_T7_T8_PKT9_PNS6_7counterINS8_3std3__415iterator_traitsINS1F_IS11_vE10value_typeEvE10value_typeET12_T13_EEPS1J_PNS1F_INS1F_IS13_vE10value_typeEvE10value_typeES1K_T10_iiT11_
    0 bytes stack frame, 0 bytes spill stores, 0 bytes spill loads
ptxas info    : Used 64 registers, used 0 barriers
ptxas info    : Compile time = 136.943 ms
ptxas info    : Compiling entry function '_ZN3cub17_V_300500_SM_10006detail12batched_topk35device_segmented_topk_filter_kernelINS2_26policy_selector_from_typesIailLl8388608EEELNS1_4topk6selectE0EN4cuda3__417constant_iteratorIPKalEENSA_IPalEENSA_INS9_17counting_iteratorIjlLi0ELi0ELi0EEElEENS9_18transform_iteratorINS2_26per_segment_indexed_out_opINSA_IPKilEENSA_IPilEEEENSG_IlnLi0ELi0ELi0EEEEENS1_6params13uniform_paramIlLl0ELl268435456EEENSU_IlLl1ELl8388608EEENSU_IlLl1ELl1EEEPljPyNS1_21identity_decomposer_tEjjEEvT1_T2_T3_T4_T5_T6_T7_T8_PKT9_PNS6_7counterINS8_3std3__415iterator_traitsINS1F_IS11_vE10value_typeEvE10value_typeET12_T13_EEPS1K_PS1J_PNS1F_INS1F_IS13_vE10value_typeEvE10value_typeES1P_S1U_S1K_S1K_T10_iibT11_' for 'sm_100'
ptxas info    : Function properties for _ZN3cub17_V_300500_SM_10006detail12batched_topk35device_segmented_topk_filter_kernelINS2_26policy_selector_from_typesIailLl8388608EEELNS1_4topk6selectE0EN4cuda3__417constant_iteratorIPKalEENSA_IPalEENSA_INS9_17counting_iteratorIjlLi0ELi0ELi0EEElEENS9_18transform_iteratorINS2_26per_segment_indexed_out_opINSA_IPKilEENSA_IPilEEEENSG_IlnLi0ELi0ELi0EEEEENS1_6params13uniform_paramIlLl0ELl268435456EEENSU_IlLl1ELl8388608EEENSU_IlLl1ELl1EEEPljPyNS1_21identity_decomposer_tEjjEEvT1_T2_T3_T4_T5_T6_T7_T8_PKT9_PNS6_7counterINS8_3std3__415iterator_traitsINS1F_IS11_vE10value_typeEvE10value_typeET12_T13_EEPS1K_PS1J_PNS1F_INS1F_IS13_vE10value_typeEvE10value_typeES1P_S1U_S1K_S1K_T10_iibT11_
    0 bytes stack frame, 0 bytes spill stores, 0 bytes spill loads
ptxas info    : Used 64 registers, used 1 barriers, 1028 bytes smem
ptxas info    : Compile time = 76.604 ms
ptxas info    : Compiling entry function '_ZN3cub17_V_300500_SM_10006detail12batched_topk47device_segmented_topk_finalize_histogram_kernelINS2_26policy_selector_from_typesIailLl8388608EEEN4cuda3__417constant_iteratorIPKalEENS1_6params13uniform_paramIlLl0ELl268435456EEENSD_IlLl1ELl8388608EEENSD_IlLl1ELl1EEEPlPyNS1_4topk16extract_bin_op_tIaLNSJ_6selectE0ELi8ENS1_21identity_decomposer_tELb1EEEjjaEEvT0_T1_T2_T3_T4_PNSJ_7counterIT9_T7_T8_EEPSV_T5_T6_ib' for 'sm_100'
ptxas info    : Function properties for _ZN3cub17_V_300500_SM_10006detail12batched_topk47device_segmented_topk_finalize_histogram_kernelINS2_26policy_selector_from_typesIailLl8388608EEEN4cuda3__417constant_iteratorIPKalEENS1_6params13uniform_paramIlLl0ELl268435456EEENSD_IlLl1ELl8388608EEENSD_IlLl1ELl1EEEPlPyNS1_4topk16extract_bin_op_tIaLNSJ_6selectE0ELi8ENS1_21identity_decomposer_tELb1EEEjjaEEvT0_T1_T2_T3_T4_PNSJ_7counterIT9_T7_T8_EEPSV_T5_T6_ib
    0 bytes stack frame, 0 bytes spill stores, 0 bytes spill loads
ptxas info    : Used 32 registers, used 1 barriers, 2048 bytes smem
ptxas info    : Compile time = 11.017 ms
ptxas info    : Compiling entry function '_ZN3cub17_V_300500_SM_10006detail12batched_topk38device_segmented_topk_histogram_kernelINS2_26policy_selector_from_typesIailLl8388608EEEN4cuda3__417constant_iteratorIPKalEENS1_6params13uniform_paramIlLl0ELl268435456EEENSD_IlLl1ELl8388608EEENSD_IlLl1ELl1EEEPljPyNS1_4topk16extract_bin_op_tIaLNSJ_6selectE0ELi8ENS1_21identity_decomposer_tELb1EEEjjjEEvT0_T1_T2_T3_T4_PKT5_PNSJ_7counterINS6_3std3__415iterator_traitsINSZ_ISO_vE10value_typeEvE10value_typeET8_T9_EEPS14_T6_T7_' for 'sm_100'
ptxas info    : Function properties for _ZN3cub17_V_300500_SM_10006detail12batched_topk38device_segmented_topk_histogram_kernelINS2_26policy_selector_from_typesIailLl8388608EEEN4cuda3__417constant_iteratorIPKalEENS1_6params13uniform_paramIlLl0ELl268435456EEENSD_IlLl1ELl8388608EEENSD_IlLl1ELl1EEEPljPyNS1_4topk16extract_bin_op_tIaLNSJ_6selectE0ELi8ENS1_21identity_decomposer_tELb1EEEjjjEEvT0_T1_T2_T3_T4_PKT5_PNSJ_7counterINS6_3std3__415iterator_traitsINSZ_ISO_vE10value_typeEvE10value_typeET8_T9_EEPS14_T6_T7_
    0 bytes stack frame, 0 bytes spill stores, 0 bytes spill loads
ptxas info    : Used 26 registers, used 1 barriers, 1072 bytes smem
ptxas info    : Compile time = 66.278 ms
ptxas info    : Compiling entry function '_ZN3cub17_V_300500_SM_10006detail12batched_topk28device_segmented_topk_kernelINS2_26policy_selector_from_typesIailLl8388608EEEN4cuda3__417constant_iteratorIPKalEENS8_IPalEENS8_IPKilEENS8_IPilEENS1_6params13uniform_paramIlLl0ELl268435456EEENSK_IlLl1ELl8388608EEENSJ_22uniform_discrete_paramINS1_4topk6selectEJLSP_1EEEENSK_IlLl1ELl1EEEjEEvT0_T1_T2_T3_T4_T5_T6_T7_PNS2_21batched_topk_countersINSZ_10value_typeEEEPS11_PT8_' for 'sm_100'
ptxas info    : Function properties for _ZN3cub17_V_300500_SM_10006detail12batched_topk28device_segmented_topk_kernelINS2_26policy_selector_from_typesIailLl8388608EEEN4cuda3__417constant_iteratorIPKalEENS8_IPalEENS8_IPKilEENS8_IPilEENS1_6params13uniform_paramIlLl0ELl268435456EEENSK_IlLl1ELl8388608EEENSJ_22uniform_discrete_paramINS1_4topk6selectEJLSP_1EEEENSK_IlLl1ELl1EEEjEEvT0_T1_T2_T3_T4_T5_T6_T7_PNS2_21batched_topk_countersINSZ_10value_typeEEEPS11_PT8_
    0 bytes stack frame, 0 bytes spill stores, 0 bytes spill loads
ptxas info    : Used 255 registers, used 1 barriers, 33808 bytes smem
ptxas info    : Compile time = 119.886 ms
ptxas info    : Compiling entry function '_ZN3cub17_V_300500_SM_10006detail12batched_topk44device_segmented_topk_finalize_filter_kernelINS2_26policy_selector_from_typesIaslLl8388608EEELNS1_4topk6selectE1EN4cuda3__417constant_iteratorIPKalEENSA_IPalEENSA_INS9_17counting_iteratorIjlLi0ELi0ELi0EEElEENS9_18transform_iteratorINS2_26per_segment_indexed_out_opINSA_IPKslEENSA_IPslEEEENSG_IlnLi0ELi0ELi0EEEEENS1_6params13uniform_paramIlLl0ELl268435456EEENSU_IlLl1ELl8388608EEENSU_IlLl1ELl1EEEPljPyNS1_21identity_decomposer_tEjjaEEvT1_T2_T3_T4_T5_T6_T7_T8_PKT9_PNS6_7counterIT14_T12_T13_EEPS1E_PS1D_PNS8_3std3__415iterator_traitsINS1M_IS13_vE10value_typeEvE10value_typeES1J_S1R_T10_S1E_S1E_iiT11_b' for 'sm_100'
ptxas info    : Function properties for _ZN3cub17_V_300500_SM_10006detail12batched_topk44device_segmented_topk_finalize_filter_kernelINS2_26policy_selector_from_typesIaslLl8388608EEELNS1_4topk6selectE1EN4cuda3__417constant_iteratorIPKalEENSA_IPalEENSA_INS9_17counting_iteratorIjlLi0ELi0ELi0EEElEENS9_18transform_iteratorINS2_26per_segment_indexed_out_opINSA_IPKslEENSA_IPslEEEENSG_IlnLi0ELi0ELi0EEEEENS1_6params13uniform_paramIlLl0ELl268435456EEENSU_IlLl1ELl8388608EEENSU_IlLl1ELl1EEEPljPyNS1_21identity_decomposer_tEjjaEEvT1_T2_T3_T4_T5_T6_T7_T8_PKT9_PNS6_7counterIT14_T12_T13_EEPS1E_PS1D_PNS8_3std3__415iterator_traitsINS1M_IS13_vE10value_typeEvE10value_typeES1J_S1R_T10_S1E_S1E_iiT11_b
    0 bytes stack frame, 0 bytes spill stores, 0 bytes spill loads
ptxas info    : Used 118 registers, used 1 barriers, 2048 bytes smem
ptxas info    : Compile time = 67.877 ms
ptxas info    : Compiling entry function '_ZN3cub17_V_300500_SM_10006detail12batched_topk40device_segmented_topk_last_filter_kernelINS2_26policy_selector_from_typesIaslLl8388608EEELNS1_4topk6selectE1EN4cuda3__417constant_iteratorIPKalEENSA_IPalEENSA_INS9_17counting_iteratorIjlLi0ELi0ELi0EEElEENS9_18transform_iteratorINS2_26per_segment_indexed_out_opINSA_IPKslEENSA_IPslEEEENSG_IlnLi0ELi0ELi0EEEEENS1_6params13uniform_paramIlLl0ELl268435456EEENSU_IlLl1ELl8388608EEENSU_IlLl1ELl1EEEPljPyNS1_21identity_decomposer_tEjjEEvT1_T2_T3_T4_T5_T6_T7_T8_PKT9_PNS6_7counterINS8_3std3__415iterator_traitsINS1F_IS11_vE10value_typeEvE10value_typeET12_T13_EEPS1J_PNS1F_INS1F_IS13_vE10value_typeEvE10value_typeES1K_T10_iiT11_' for 'sm_100'
ptxas info    : Function properties for _ZN3cub17_V_300500_SM_10006detail12batched_topk40device_segmented_topk_last_filter_kernelINS2_26policy_selector_from_typesIaslLl8388608EEELNS1_4topk6selectE1EN4cuda3__417constant_iteratorIPKalEENSA_IPalEENSA_INS9_17counting_iteratorIjlLi0ELi0ELi0EEElEENS9_18transform_iteratorINS2_26per_segment_indexed_out_opINSA_IPKslEENSA_IPslEEEENSG_IlnLi0ELi0ELi0EEEEENS1_6params13uniform_paramIlLl0ELl268435456EEENSU_IlLl1ELl8388608EEENSU_IlLl1ELl1EEEPljPyNS1_21identity_decomposer_tEjjEEvT1_T2_T3_T4_T5_T6_T7_T8_PKT9_PNS6_7counterINS8_3std3__415iterator_traitsINS1F_IS11_vE10value_typeEvE10value_typeET12_T13_EEPS1J_PNS1F_INS1F_IS13_vE10value_typeEvE10value_typeES1K_T10_iiT11_
    0 bytes stack frame, 0 bytes spill stores, 0 bytes spill loads
ptxas info    : Used 64 registers, used 0 barriers
ptxas info    : Compile time = 137.361 ms
ptxas info    : Compiling entry function '_ZN3cub17_V_300500_SM_10006detail12batched_topk35device_segmented_topk_filter_kernelINS2_26policy_selector_from_typesIaslLl8388608EEELNS1_4topk6selectE1EN4cuda3__417constant_iteratorIPKalEENSA_IPalEENSA_INS9_17counting_iteratorIjlLi0ELi0ELi0EEElEENS9_18transform_iteratorINS2_26per_segment_indexed_out_opINSA_IPKslEENSA_IPslEEEENSG_IlnLi0ELi0ELi0EEEEENS1_6params13uniform_paramIlLl0ELl268435456EEENSU_IlLl1ELl8388608EEENSU_IlLl1ELl1EEEPljPyNS1_21identity_decomposer_tEjjEEvT1_T2_T3_T4_T5_T6_T7_T8_PKT9_PNS6_7counterINS8_3std3__415iterator_traitsINS1F_IS11_vE10value_typeEvE10value_typeET12_T13_EEPS1K_PS1J_PNS1F_INS1F_IS13_vE10value_typeEvE10value_typeES1P_S1U_S1K_S1K_T10_iibT11_' for 'sm_100'
ptxas info    : Function properties for _ZN3cub17_V_300500_SM_10006detail12batched_topk35device_segmented_topk_filter_kernelINS2_26policy_selector_from_typesIaslLl8388608EEELNS1_4topk6selectE1EN4cuda3__417constant_iteratorIPKalEENSA_IPalEENSA_INS9_17counting_iteratorIjlLi0ELi0ELi0EEElEENS9_18transform_iteratorINS2_26per_segment_indexed_out_opINSA_IPKslEENSA_IPslEEEENSG_IlnLi0ELi0ELi0EEEEENS1_6params13uniform_paramIlLl0ELl268435456EEENSU_IlLl1ELl8388608EEENSU_IlLl1ELl1EEEPljPyNS1_21identity_decomposer_tEjjEEvT1_T2_T3_T4_T5_T6_T7_T8_PKT9_PNS6_7counterINS8_3std3__415iterator_traitsINS1F_IS11_vE10value_typeEvE10value_typeET12_T13_EEPS1K_PS1J_PNS1F_INS1F_IS13_vE10value_typeEvE10value_typeES1P_S1U_S1K_S1K_T10_iibT11_
    0 bytes stack frame, 0 bytes spill stores, 0 bytes spill loads
ptxas info    : Used 64 registers, used 1 barriers, 1028 bytes smem
ptxas info    : Compile time = 75.549 ms
ptxas info    : Compiling entry function '_ZN3cub17_V_300500_SM_10006detail12batched_topk47device_segmented_topk_finalize_histogram_kernelINS2_26policy_selector_from_typesIaslLl8388608EEEN4cuda3__417constant_iteratorIPKalEENS1_6params13uniform_paramIlLl0ELl268435456EEENSD_IlLl1ELl8388608EEENSD_IlLl1ELl1EEEPlPyNS1_4topk16extract_bin_op_tIaLNSJ_6selectE1ELi8ENS1_21identity_decomposer_tELb1EEEjjaEEvT0_T1_T2_T3_T4_PNSJ_7counterIT9_T7_T8_EEPSV_T5_T6_ib' for 'sm_100'
ptxas info    : Function properties for _ZN3cub17_V_300500_SM_10006detail12batched_topk47device_segmented_topk_finalize_histogram_kernelINS2_26policy_selector_from_typesIaslLl8388608EEEN4cuda3__417constant_iteratorIPKalEENS1_6params13uniform_paramIlLl0ELl268435456EEENSD_IlLl1ELl8388608EEENSD_IlLl1ELl1EEEPlPyNS1_4topk16extract_bin_op_tIaLNSJ_6selectE1ELi8ENS1_21identity_decomposer_tELb1EEEjjaEEvT0_T1_T2_T3_T4_PNSJ_7counterIT9_T7_T8_EEPSV_T5_T6_ib
    0 bytes stack frame, 0 bytes spill stores, 0 bytes spill loads
ptxas info    : Used 32 registers, used 1 barriers, 2048 bytes smem
ptxas info    : Compile time = 11.045 ms
ptxas info    : Compiling entry function '_ZN3cub17_V_300500_SM_10006detail12batched_topk38device_segmented_topk_histogram_kernelINS2_26policy_selector_from_typesIaslLl8388608EEEN4cuda3__417constant_iteratorIPKalEENS1_6params13uniform_paramIlLl0ELl268435456EEENSD_IlLl1ELl8388608EEENSD_IlLl1ELl1EEEPljPyNS1_4topk16extract_bin_op_tIaLNSJ_6selectE1ELi8ENS1_21identity_decomposer_tELb1EEEjjjEEvT0_T1_T2_T3_T4_PKT5_PNSJ_7counterINS6_3std3__415iterator_traitsINSZ_ISO_vE10value_typeEvE10value_typeET8_T9_EEPS14_T6_T7_' for 'sm_100'
ptxas info    : Function properties for _ZN3cub17_V_300500_SM_10006detail12batched_topk38device_segmented_topk_histogram_kernelINS2_26policy_selector_from_typesIaslLl8388608EEEN4cuda3__417constant_iteratorIPKalEENS1_6params13uniform_paramIlLl0ELl268435456EEENSD_IlLl1ELl8388608EEENSD_IlLl1ELl1EEEPljPyNS1_4topk16extract_bin_op_tIaLNSJ_6selectE1ELi8ENS1_21identity_decomposer_tELb1EEEjjjEEvT0_T1_T2_T3_T4_PKT5_PNSJ_7counterINS6_3std3__415iterator_traitsINSZ_ISO_vE10value_typeEvE10value_typeET8_T9_EEPS14_T6_T7_
    0 bytes stack frame, 0 bytes spill stores, 0 bytes spill loads
ptxas info    : Used 26 registers, used 1 barriers, 1072 bytes smem
ptxas info    : Compile time = 65.496 ms
ptxas info    : Compiling entry function '_ZN3cub17_V_300500_SM_10006detail12batched_topk44device_segmented_topk_finalize_filter_kernelINS2_26policy_selector_from_typesIaslLl8388608EEELNS1_4topk6selectE0EN4cuda3__417constant_iteratorIPKalEENSA_IPalEENSA_INS9_17counting_iteratorIjlLi0ELi0ELi0EEElEENS9_18transform_iteratorINS2_26per_segment_indexed_out_opINSA_IPKslEENSA_IPslEEEENSG_IlnLi0ELi0ELi0EEEEENS1_6params13uniform_paramIlLl0ELl268435456EEENSU_IlLl1ELl8388608EEENSU_IlLl1ELl1EEEPljPyNS1_21identity_decomposer_tEjjaEEvT1_T2_T3_T4_T5_T6_T7_T8_PKT9_PNS6_7counterIT14_T12_T13_EEPS1E_PS1D_PNS8_3std3__415iterator_traitsINS1M_IS13_vE10value_typeEvE10value_typeES1J_S1R_T10_S1E_S1E_iiT11_b' for 'sm_100'
ptxas info    : Function properties for _ZN3cub17_V_300500_SM_10006detail12batched_topk44device_segmented_topk_finalize_filter_kernelINS2_26policy_selector_from_typesIaslLl8388608EEELNS1_4topk6selectE0EN4cuda3__417constant_iteratorIPKalEENSA_IPalEENSA_INS9_17counting_iteratorIjlLi0ELi0ELi0EEElEENS9_18transform_iteratorINS2_26per_segment_indexed_out_opINSA_IPKslEENSA_IPslEEEENSG_IlnLi0ELi0ELi0EEEEENS1_6params13uniform_paramIlLl0ELl268435456EEENSU_IlLl1ELl8388608EEENSU_IlLl1ELl1EEEPljPyNS1_21identity_decomposer_tEjjaEEvT1_T2_T3_T4_T5_T6_T7_T8_PKT9_PNS6_7counterIT14_T12_T13_EEPS1E_PS1D_PNS8_3std3__415iterator_traitsINS1M_IS13_vE10value_typeEvE10value_typeES1J_S1R_T10_S1E_S1E_iiT11_b
    0 bytes stack frame, 0 bytes spill stores, 0 bytes spill loads
ptxas info    : Used 118 registers, used 1 barriers, 2048 bytes smem
ptxas info    : Compile time = 67.856 ms
ptxas info    : Compiling entry function '_ZN3cub17_V_300500_SM_10006detail12batched_topk40device_segmented_topk_last_filter_kernelINS2_26policy_selector_from_typesIaslLl8388608EEELNS1_4topk6selectE0EN4cuda3__417constant_iteratorIPKalEENSA_IPalEENSA_INS9_17counting_iteratorIjlLi0ELi0ELi0EEElEENS9_18transform_iteratorINS2_26per_segment_indexed_out_opINSA_IPKslEENSA_IPslEEEENSG_IlnLi0ELi0ELi0EEEEENS1_6params13uniform_paramIlLl0ELl268435456EEENSU_IlLl1ELl8388608EEENSU_IlLl1ELl1EEEPljPyNS1_21identity_decomposer_tEjjEEvT1_T2_T3_T4_T5_T6_T7_T8_PKT9_PNS6_7counterINS8_3std3__415iterator_traitsINS1F_IS11_vE10value_typeEvE10value_typeET12_T13_EEPS1J_PNS1F_INS1F_IS13_vE10value_typeEvE10value_typeES1K_T10_iiT11_' for 'sm_100'
ptxas info    : Function properties for _ZN3cub17_V_300500_SM_10006detail12batched_topk40device_segmented_topk_last_filter_kernelINS2_26policy_selector_from_typesIaslLl8388608EEELNS1_4topk6selectE0EN4cuda3__417constant_iteratorIPKalEENSA_IPalEENSA_INS9_17counting_iteratorIjlLi0ELi0ELi0EEElEENS9_18transform_iteratorINS2_26per_segment_indexed_out_opINSA_IPKslEENSA_IPslEEEENSG_IlnLi0ELi0ELi0EEEEENS1_6params13uniform_paramIlLl0ELl268435456EEENSU_IlLl1ELl8388608EEENSU_IlLl1ELl1EEEPljPyNS1_21identity_decomposer_tEjjEEvT1_T2_T3_T4_T5_T6_T7_T8_PKT9_PNS6_7counterINS8_3std3__415iterator_traitsINS1F_IS11_vE10value_typeEvE10value_typeET12_T13_EEPS1J_PNS1F_INS1F_IS13_vE10value_typeEvE10value_typeES1K_T10_iiT11_
    0 bytes stack frame, 0 bytes spill stores, 0 bytes spill loads
ptxas info    : Used 64 registers, used 0 barriers
ptxas info    : Compile time = 137.520 ms
ptxas info    : Compiling entry function '_ZN3cub17_V_300500_SM_10006detail12batched_topk35device_segmented_topk_filter_kernelINS2_26policy_selector_from_typesIaslLl8388608EEELNS1_4topk6selectE0EN4cuda3__417constant_iteratorIPKalEENSA_IPalEENSA_INS9_17counting_iteratorIjlLi0ELi0ELi0EEElEENS9_18transform_iteratorINS2_26per_segment_indexed_out_opINSA_IPKslEENSA_IPslEEEENSG_IlnLi0ELi0ELi0EEEEENS1_6params13uniform_paramIlLl0ELl268435456EEENSU_IlLl1ELl8388608EEENSU_IlLl1ELl1EEEPljPyNS1_21identity_decomposer_tEjjEEvT1_T2_T3_T4_T5_T6_T7_T8_PKT9_PNS6_7counterINS8_3std3__415iterator_traitsINS1F_IS11_vE10value_typeEvE10value_typeET12_T13_EEPS1K_PS1J_PNS1F_INS1F_IS13_vE10value_typeEvE10value_typeES1P_S1U_S1K_S1K_T10_iibT11_' for 'sm_100'
ptxas info    : Function properties for _ZN3cub17_V_300500_SM_10006detail12batched_topk35device_segmented_topk_filter_kernelINS2_26policy_selector_from_typesIaslLl8388608EEELNS1_4topk6selectE0EN4cuda3__417constant_iteratorIPKalEENSA_IPalEENSA_INS9_17counting_iteratorIjlLi0ELi0ELi0EEElEENS9_18transform_iteratorINS2_26per_segment_indexed_out_opINSA_IPKslEENSA_IPslEEEENSG_IlnLi0ELi0ELi0EEEEENS1_6params13uniform_paramIlLl0ELl268435456EEENSU_IlLl1ELl8388608EEENSU_IlLl1ELl1EEEPljPyNS1_21identity_decomposer_tEjjEEvT1_T2_T3_T4_T5_T6_T7_T8_PKT9_PNS6_7counterINS8_3std3__415iterator_traitsINS1F_IS11_vE10value_typeEvE10value_typeET12_T13_EEPS1K_PS1J_PNS1F_INS1F_IS13_vE10value_typeEvE10value_typeES1P_S1U_S1K_S1K_T10_iibT11_
    0 bytes stack frame, 0 bytes spill stores, 0 bytes spill loads
ptxas info    : Used 64 registers, used 1 barriers, 1028 bytes smem
ptxas info    : Compile time = 75.795 ms
ptxas info    : Compiling entry function '_ZN3cub17_V_300500_SM_10006detail12batched_topk47device_segmented_topk_finalize_histogram_kernelINS2_26policy_selector_from_typesIaslLl8388608EEEN4cuda3__417constant_iteratorIPKalEENS1_6params13uniform_paramIlLl0ELl268435456EEENSD_IlLl1ELl8388608EEENSD_IlLl1ELl1EEEPlPyNS1_4topk16extract_bin_op_tIaLNSJ_6selectE0ELi8ENS1_21identity_decomposer_tELb1EEEjjaEEvT0_T1_T2_T3_T4_PNSJ_7counterIT9_T7_T8_EEPSV_T5_T6_ib' for 'sm_100'
ptxas info    : Function properties for _ZN3cub17_V_300500_SM_10006detail12batched_topk47device_segmented_topk_finalize_histogram_kernelINS2_26policy_selector_from_typesIaslLl8388608EEEN4cuda3__417constant_iteratorIPKalEENS1_6params13uniform_paramIlLl0ELl268435456EEENSD_IlLl1ELl8388608EEENSD_IlLl1ELl1EEEPlPyNS1_4topk16extract_bin_op_tIaLNSJ_6selectE0ELi8ENS1_21identity_decomposer_tELb1EEEjjaEEvT0_T1_T2_T3_T4_PNSJ_7counterIT9_T7_T8_EEPSV_T5_T6_ib
    0 bytes stack frame, 0 bytes spill stores, 0 bytes spill loads
ptxas info    : Used 32 registers, used 1 barriers, 2048 bytes smem
ptxas info    : Compile time = 11.048 ms
ptxas info    : Compiling entry function '_ZN3cub17_V_300500_SM_10006detail12batched_topk38device_segmented_topk_histogram_kernelINS2_26policy_selector_from_typesIaslLl8388608EEEN4cuda3__417constant_iteratorIPKalEENS1_6params13uniform_paramIlLl0ELl268435456EEENSD_IlLl1ELl8388608EEENSD_IlLl1ELl1EEEPljPyNS1_4topk16extract_bin_op_tIaLNSJ_6selectE0ELi8ENS1_21identity_decomposer_tELb1EEEjjjEEvT0_T1_T2_T3_T4_PKT5_PNSJ_7counterINS6_3std3__415iterator_traitsINSZ_ISO_vE10value_typeEvE10value_typeET8_T9_EEPS14_T6_T7_' for 'sm_100'
ptxas info    : Function properties for _ZN3cub17_V_300500_SM_10006detail12batched_topk38device_segmented_topk_histogram_kernelINS2_26policy_selector_from_typesIaslLl8388608EEEN4cuda3__417constant_iteratorIPKalEENS1_6params13uniform_paramIlLl0ELl268435456EEENSD_IlLl1ELl8388608EEENSD_IlLl1ELl1EEEPljPyNS1_4topk16extract_bin_op_tIaLNSJ_6selectE0ELi8ENS1_21identity_decomposer_tELb1EEEjjjEEvT0_T1_T2_T3_T4_PKT5_PNSJ_7counterINS6_3std3__415iterator_traitsINSZ_ISO_vE10value_typeEvE10value_typeET8_T9_EEPS14_T6_T7_
    0 bytes stack frame, 0 bytes spill stores, 0 bytes spill loads
ptxas info    : Used 26 registers, used 1 barriers, 1072 bytes smem
ptxas info    : Compile time = 66.320 ms
ptxas info    : Compiling entry function '_ZN3cub17_V_300500_SM_10006detail12batched_topk28device_segmented_topk_kernelINS2_26policy_selector_from_typesIaslLl8388608EEEN4cuda3__417constant_iteratorIPKalEENS8_IPalEENS8_IPKslEENS8_IPslEENS1_6params13uniform_paramIlLl0ELl268435456EEENSK_IlLl1ELl8388608EEENSJ_22uniform_discrete_paramINS1_4topk6selectEJLSP_1EEEENSK_IlLl1ELl1EEEjEEvT0_T1_T2_T3_T4_T5_T6_T7_PNS2_21batched_topk_countersINSZ_10value_typeEEEPS11_PT8_' for 'sm_100'
ptxas info    : Function properties for _ZN3cub17_V_300500_SM_10006detail12batched_topk28device_segmented_topk_kernelINS2_26policy_selector_from_typesIaslLl8388608EEEN4cuda3__417constant_iteratorIPKalEENS8_IPalEENS8_IPKslEENS8_IPslEENS1_6params13uniform_paramIlLl0ELl268435456EEENSK_IlLl1ELl8388608EEENSJ_22uniform_discrete_paramINS1_4topk6selectEJLSP_1EEEENSK_IlLl1ELl1EEEjEEvT0_T1_T2_T3_T4_T5_T6_T7_PNS2_21batched_topk_countersINSZ_10value_typeEEEPS11_PT8_
    672 bytes stack frame, 724 bytes spill stores, 724 bytes spill loads
ptxas info    : Used 255 registers, used 1 barriers, 672 bytes cumulative stack size, 33808 bytes smem
ptxas info    : Compile time = 458.068 ms
ptxas info    : Compiling entry function '_ZN3cub17_V_300500_SM_10006detail12batched_topk44device_segmented_topk_finalize_filter_kernelINS2_26policy_selector_from_typesIaalLl8388608EEELNS1_4topk6selectE1EN4cuda3__417constant_iteratorIPKalEENSA_IPalEENSA_INS9_17counting_iteratorIjlLi0ELi0ELi0EEElEENS9_18transform_iteratorINS2_26per_segment_indexed_out_opISD_SF_EENSG_IlnLi0ELi0ELi0EEEEENS1_6params13uniform_paramIlLl0ELl268435456EEENSP_IlLl1ELl8388608EEENSP_IlLl1ELl1EEEPljPyNS1_21identity_decomposer_tEjjaEEvT1_T2_T3_T4_T5_T6_T7_T8_PKT9_PNS6_7counterIT14_T12_T13_EEPS19_PS18_PNS8_3std3__415iterator_traitsINS1H_ISY_vE10value_typeEvE10value_typeES1E_S1M_T10_S19_S19_iiT11_b' for 'sm_100'
ptxas info    : Function properties for _ZN3cub17_V_300500_SM_10006detail12batched_topk44device_segmented_topk_finalize_filter_kernelINS2_26policy_selector_from_typesIaalLl8388608EEELNS1_4topk6selectE1EN4cuda3__417constant_iteratorIPKalEENSA_IPalEENSA_INS9_17counting_iteratorIjlLi0ELi0ELi0EEElEENS9_18transform_iteratorINS2_26per_segment_indexed_out_opISD_SF_EENSG_IlnLi0ELi0ELi0EEEEENS1_6params13uniform_paramIlLl0ELl268435456EEENSP_IlLl1ELl8388608EEENSP_IlLl1ELl1EEEPljPyNS1_21identity_decomposer_tEjjaEEvT1_T2_T3_T4_T5_T6_T7_T8_PKT9_PNS6_7counterIT14_T12_T13_EEPS19_PS18_PNS8_3std3__415iterator_traitsINS1H_ISY_vE10value_typeEvE10value_typeES1E_S1M_T10_S19_S19_iiT11_b
    0 bytes stack frame, 0 bytes spill stores, 0 bytes spill loads
ptxas info    : Used 116 registers, used 1 barriers, 2048 bytes smem
ptxas info    : Compile time = 65.087 ms
ptxas info    : Compiling entry function '_ZN3cub17_V_300500_SM_10006detail12batched_topk40device_segmented_topk_last_filter_kernelINS2_26policy_selector_from_typesIaalLl8388608EEELNS1_4topk6selectE1EN4cuda3__417constant_iteratorIPKalEENSA_IPalEENSA_INS9_17counting_iteratorIjlLi0ELi0ELi0EEElEENS9_18transform_iteratorINS2_26per_segment_indexed_out_opISD_SF_EENSG_IlnLi0ELi0ELi0EEEEENS1_6params13uniform_paramIlLl0ELl268435456EEENSP_IlLl1ELl8388608EEENSP_IlLl1ELl1EEEPljPyNS1_21identity_decomposer_tEjjEEvT1_T2_T3_T4_T5_T6_T7_T8_PKT9_PNS6_7counterINS8_3std3__415iterator_traitsINS1A_ISW_vE10value_typeEvE10value_typeET12_T13_EEPS1E_PNS1A_INS1A_ISY_vE10value_typeEvE10value_typeES1F_T10_iiT11_' for 'sm_100'
ptxas info    : Function properties for _ZN3cub17_V_300500_SM_10006detail12batched_topk40device_segmented_topk_last_filter_kernelINS2_26policy_selector_from_typesIaalLl8388608EEELNS1_4topk6selectE1EN4cuda3__417constant_iteratorIPKalEENSA_IPalEENSA_INS9_17counting_iteratorIjlLi0ELi0ELi0EEElEENS9_18transform_iteratorINS2_26per_segment_indexed_out_opISD_SF_EENSG_IlnLi0ELi0ELi0EEEEENS1_6params13uniform_paramIlLl0ELl268435456EEENSP_IlLl1ELl8388608EEENSP_IlLl1ELl1EEEPljPyNS1_21identity_decomposer_tEjjEEvT1_T2_T3_T4_T5_T6_T7_T8_PKT9_PNS6_7counterINS8_3std3__415iterator_traitsINS1A_ISW_vE10value_typeEvE10value_typeET12_T13_EEPS1E_PNS1A_INS1A_ISY_vE10value_typeEvE10value_typeES1F_T10_iiT11_
    0 bytes stack frame, 0 bytes spill stores, 0 bytes spill loads
ptxas info    : Used 64 registers, used 0 barriers
ptxas info    : Compile time = 147.636 ms
ptxas info    : Compiling entry function '_ZN3cub17_V_300500_SM_10006detail12batched_topk35device_segmented_topk_filter_kernelINS2_26policy_selector_from_typesIaalLl8388608EEELNS1_4topk6selectE1EN4cuda3__417constant_iteratorIPKalEENSA_IPalEENSA_INS9_17counting_iteratorIjlLi0ELi0ELi0EEElEENS9_18transform_iteratorINS2_26per_segment_indexed_out_opISD_SF_EENSG_IlnLi0ELi0ELi0EEEEENS1_6params13uniform_paramIlLl0ELl268435456EEENSP_IlLl1ELl8388608EEENSP_IlLl1ELl1EEEPljPyNS1_21identity_decomposer_tEjjEEvT1_T2_T3_T4_T5_T6_T7_T8_PKT9_PNS6_7counterINS8_3std3__415iterator_traitsINS1A_ISW_vE10value_typeEvE10value_typeET12_T13_EEPS1F_PS1E_PNS1A_INS1A_ISY_vE10value_typeEvE10value_typeES1K_S1P_S1F_S1F_T10_iibT11_' for 'sm_100'
ptxas info    : Function properties for _ZN3cub17_V_300500_SM_10006detail12batched_topk35device_segmented_topk_filter_kernelINS2_26policy_selector_from_typesIaalLl8388608EEELNS1_4topk6selectE1EN4cuda3__417constant_iteratorIPKalEENSA_IPalEENSA_INS9_17counting_iteratorIjlLi0ELi0ELi0EEElEENS9_18transform_iteratorINS2_26per_segment_indexed_out_opISD_SF_EENSG_IlnLi0ELi0ELi0EEEEENS1_6params13uniform_paramIlLl0ELl268435456EEENSP_IlLl1ELl8388608EEENSP_IlLl1ELl1EEEPljPyNS1_21identity_decomposer_tEjjEEvT1_T2_T3_T4_T5_T6_T7_T8_PKT9_PNS6_7counterINS8_3std3__415iterator_traitsINS1A_ISW_vE10value_typeEvE10value_typeET12_T13_EEPS1F_PS1E_PNS1A_INS1A_ISY_vE10value_typeEvE10value_typeES1K_S1P_S1F_S1F_T10_iibT11_
    0 bytes stack frame, 0 bytes spill stores, 0 bytes spill loads
ptxas info    : Used 64 registers, used 1 barriers, 1028 bytes smem
ptxas info    : Compile time = 77.894 ms
ptxas info    : Compiling entry function '_ZN3cub17_V_300500_SM_10006detail12batched_topk47device_segmented_topk_finalize_histogram_kernelINS2_26policy_selector_from_typesIaalLl8388608EEEN4cuda3__417constant_iteratorIPKalEENS1_6params13uniform_paramIlLl0ELl268435456EEENSD_IlLl1ELl8388608EEENSD_IlLl1ELl1EEEPlPyNS1_4topk16extract_bin_op_tIaLNSJ_6selectE1ELi8ENS1_21identity_decomposer_tELb1EEEjjaEEvT0_T1_T2_T3_T4_PNSJ_7counterIT9_T7_T8_EEPSV_T5_T6_ib' for 'sm_100'
ptxas info    : Function properties for _ZN3cub17_V_300500_SM_10006detail12batched_topk47device_segmented_topk_finalize_histogram_kernelINS2_26policy_selector_from_typesIaalLl8388608EEEN4cuda3__417constant_iteratorIPKalEENS1_6params13uniform_paramIlLl0ELl268435456EEENSD_IlLl1ELl8388608EEENSD_IlLl1ELl1EEEPlPyNS1_4topk16extract_bin_op_tIaLNSJ_6selectE1ELi8ENS1_21identity_decomposer_tELb1EEEjjaEEvT0_T1_T2_T3_T4_PNSJ_7counterIT9_T7_T8_EEPSV_T5_T6_ib
    0 bytes stack frame, 0 bytes spill stores, 0 bytes spill loads
ptxas info    : Used 32 registers, used 1 barriers, 2048 bytes smem
ptxas info    : Compile time = 11.063 ms
ptxas info    : Compiling entry function '_ZN3cub17_V_300500_SM_10006detail12batched_topk38device_segmented_topk_histogram_kernelINS2_26policy_selector_from_typesIaalLl8388608EEEN4cuda3__417constant_iteratorIPKalEENS1_6params13uniform_paramIlLl0ELl268435456EEENSD_IlLl1ELl8388608EEENSD_IlLl1ELl1EEEPljPyNS1_4topk16extract_bin_op_tIaLNSJ_6selectE1ELi8ENS1_21identity_decomposer_tELb1EEEjjjEEvT0_T1_T2_T3_T4_PKT5_PNSJ_7counterINS6_3std3__415iterator_traitsINSZ_ISO_vE10value_typeEvE10value_typeET8_T9_EEPS14_T6_T7_' for 'sm_100'
ptxas info    : Function properties for _ZN3cub17_V_300500_SM_10006detail12batched_topk38device_segmented_topk_histogram_kernelINS2_26policy_selector_from_typesIaalLl8388608EEEN4cuda3__417constant_iteratorIPKalEENS1_6params13uniform_paramIlLl0ELl268435456EEENSD_IlLl1ELl8388608EEENSD_IlLl1ELl1EEEPljPyNS1_4topk16extract_bin_op_tIaLNSJ_6selectE1ELi8ENS1_21identity_decomposer_tELb1EEEjjjEEvT0_T1_T2_T3_T4_PKT5_PNSJ_7counterINS6_3std3__415iterator_traitsINSZ_ISO_vE10value_typeEvE10value_typeET8_T9_EEPS14_T6_T7_
    0 bytes stack frame, 0 bytes spill stores, 0 bytes spill loads
ptxas info    : Used 26 registers, used 1 barriers, 1072 bytes smem
ptxas info    : Compile time = 65.847 ms
ptxas info    : Compiling entry function '_ZN3cub17_V_300500_SM_10006detail12batched_topk44device_segmented_topk_finalize_filter_kernelINS2_26policy_selector_from_typesIaalLl8388608EEELNS1_4topk6selectE0EN4cuda3__417constant_iteratorIPKalEENSA_IPalEENSA_INS9_17counting_iteratorIjlLi0ELi0ELi0EEElEENS9_18transform_iteratorINS2_26per_segment_indexed_out_opISD_SF_EENSG_IlnLi0ELi0ELi0EEEEENS1_6params13uniform_paramIlLl0ELl268435456EEENSP_IlLl1ELl8388608EEENSP_IlLl1ELl1EEEPljPyNS1_21identity_decomposer_tEjjaEEvT1_T2_T3_T4_T5_T6_T7_T8_PKT9_PNS6_7counterIT14_T12_T13_EEPS19_PS18_PNS8_3std3__415iterator_traitsINS1H_ISY_vE10value_typeEvE10value_typeES1E_S1M_T10_S19_S19_iiT11_b' for 'sm_100'
ptxas info    : Function properties for _ZN3cub17_V_300500_SM_10006detail12batched_topk44device_segmented_topk_finalize_filter_kernelINS2_26policy_selector_from_typesIaalLl8388608EEELNS1_4topk6selectE0EN4cuda3__417constant_iteratorIPKalEENSA_IPalEENSA_INS9_17counting_iteratorIjlLi0ELi0ELi0EEElEENS9_18transform_iteratorINS2_26per_segment_indexed_out_opISD_SF_EENSG_IlnLi0ELi0ELi0EEEEENS1_6params13uniform_paramIlLl0ELl268435456EEENSP_IlLl1ELl8388608EEENSP_IlLl1ELl1EEEPljPyNS1_21identity_decomposer_tEjjaEEvT1_T2_T3_T4_T5_T6_T7_T8_PKT9_PNS6_7counterIT14_T12_T13_EEPS19_PS18_PNS8_3std3__415iterator_traitsINS1H_ISY_vE10value_typeEvE10value_typeES1E_S1M_T10_S19_S19_iiT11_b
    0 bytes stack frame, 0 bytes spill stores, 0 bytes spill loads
ptxas info    : Used 116 registers, used 1 barriers, 2048 bytes smem
ptxas info    : Compile time = 64.434 ms
ptxas info    : Compiling entry function '_ZN3cub17_V_300500_SM_10006detail12batched_topk40device_segmented_topk_last_filter_kernelINS2_26policy_selector_from_typesIaalLl8388608EEELNS1_4topk6selectE0EN4cuda3__417constant_iteratorIPKalEENSA_IPalEENSA_INS9_17counting_iteratorIjlLi0ELi0ELi0EEElEENS9_18transform_iteratorINS2_26per_segment_indexed_out_opISD_SF_EENSG_IlnLi0ELi0ELi0EEEEENS1_6params13uniform_paramIlLl0ELl268435456EEENSP_IlLl1ELl8388608EEENSP_IlLl1ELl1EEEPljPyNS1_21identity_decomposer_tEjjEEvT1_T2_T3_T4_T5_T6_T7_T8_PKT9_PNS6_7counterINS8_3std3__415iterator_traitsINS1A_ISW_vE10value_typeEvE10value_typeET12_T13_EEPS1E_PNS1A_INS1A_ISY_vE10value_typeEvE10value_typeES1F_T10_iiT11_' for 'sm_100'
ptxas info    : Function properties for _ZN3cub17_V_300500_SM_10006detail12batched_topk40device_segmented_topk_last_filter_kernelINS2_26policy_selector_from_typesIaalLl8388608EEELNS1_4topk6selectE0EN4cuda3__417constant_iteratorIPKalEENSA_IPalEENSA_INS9_17counting_iteratorIjlLi0ELi0ELi0EEElEENS9_18transform_iteratorINS2_26per_segment_indexed_out_opISD_SF_EENSG_IlnLi0ELi0ELi0EEEEENS1_6params13uniform_paramIlLl0ELl268435456EEENSP_IlLl1ELl8388608EEENSP_IlLl1ELl1EEEPljPyNS1_21identity_decomposer_tEjjEEvT1_T2_T3_T4_T5_T6_T7_T8_PKT9_PNS6_7counterINS8_3std3__415iterator_traitsINS1A_ISW_vE10value_typeEvE10value_typeET12_T13_EEPS1E_PNS1A_INS1A_ISY_vE10value_typeEvE10value_typeES1F_T10_iiT11_
    0 bytes stack frame, 0 bytes spill stores, 0 bytes spill loads
ptxas info    : Used 64 registers, used 0 barriers
ptxas info    : Compile time = 147.078 ms
ptxas info    : Compiling entry function '_ZN3cub17_V_300500_SM_10006detail12batched_topk35device_segmented_topk_filter_kernelINS2_26policy_selector_from_typesIaalLl8388608EEELNS1_4topk6selectE0EN4cuda3__417constant_iteratorIPKalEENSA_IPalEENSA_INS9_17counting_iteratorIjlLi0ELi0ELi0EEElEENS9_18transform_iteratorINS2_26per_segment_indexed_out_opISD_SF_EENSG_IlnLi0ELi0ELi0EEEEENS1_6params13uniform_paramIlLl0ELl268435456EEENSP_IlLl1ELl8388608EEENSP_IlLl1ELl1EEEPljPyNS1_21identity_decomposer_tEjjEEvT1_T2_T3_T4_T5_T6_T7_T8_PKT9_PNS6_7counterINS8_3std3__415iterator_traitsINS1A_ISW_vE10value_typeEvE10value_typeET12_T13_EEPS1F_PS1E_PNS1A_INS1A_ISY_vE10value_typeEvE10value_typeES1K_S1P_S1F_S1F_T10_iibT11_' for 'sm_100'
ptxas info    : Function properties for _ZN3cub17_V_300500_SM_10006detail12batched_topk35device_segmented_topk_filter_kernelINS2_26policy_selector_from_typesIaalLl8388608EEELNS1_4topk6selectE0EN4cuda3__417constant_iteratorIPKalEENSA_IPalEENSA_INS9_17counting_iteratorIjlLi0ELi0ELi0EEElEENS9_18transform_iteratorINS2_26per_segment_indexed_out_opISD_SF_EENSG_IlnLi0ELi0ELi0EEEEENS1_6params13uniform_paramIlLl0ELl268435456EEENSP_IlLl1ELl8388608EEENSP_IlLl1ELl1EEEPljPyNS1_21identity_decomposer_tEjjEEvT1_T2_T3_T4_T5_T6_T7_T8_PKT9_PNS6_7counterINS8_3std3__415iterator_traitsINS1A_ISW_vE10value_typeEvE10value_typeET12_T13_EEPS1F_PS1E_PNS1A_INS1A_ISY_vE10value_typeEvE10value_typeES1K_S1P_S1F_S1F_T10_iibT11_
    0 bytes stack frame, 0 bytes spill stores, 0 bytes spill loads
ptxas info    : Used 64 registers, used 1 barriers, 1028 bytes smem
ptxas info    : Compile time = 78.983 ms
ptxas info    : Compiling entry function '_ZN3cub17_V_300500_SM_10006detail12batched_topk47device_segmented_topk_finalize_histogram_kernelINS2_26policy_selector_from_typesIaalLl8388608EEEN4cuda3__417constant_iteratorIPKalEENS1_6params13uniform_paramIlLl0ELl268435456EEENSD_IlLl1ELl8388608EEENSD_IlLl1ELl1EEEPlPyNS1_4topk16extract_bin_op_tIaLNSJ_6selectE0ELi8ENS1_21identity_decomposer_tELb1EEEjjaEEvT0_T1_T2_T3_T4_PNSJ_7counterIT9_T7_T8_EEPSV_T5_T6_ib' for 'sm_100'
ptxas info    : Function properties for _ZN3cub17_V_300500_SM_10006detail12batched_topk47device_segmented_topk_finalize_histogram_kernelINS2_26policy_selector_from_typesIaalLl8388608EEEN4cuda3__417constant_iteratorIPKalEENS1_6params13uniform_paramIlLl0ELl268435456EEENSD_IlLl1ELl8388608EEENSD_IlLl1ELl1EEEPlPyNS1_4topk16extract_bin_op_tIaLNSJ_6selectE0ELi8ENS1_21identity_decomposer_tELb1EEEjjaEEvT0_T1_T2_T3_T4_PNSJ_7counterIT9_T7_T8_EEPSV_T5_T6_ib
    0 bytes stack frame, 0 bytes spill stores, 0 bytes spill loads
ptxas info    : Used 32 registers, used 1 barriers, 2048 bytes smem
ptxas info    : Compile time = 11.060 ms
ptxas info    : Compiling entry function '_ZN3cub17_V_300500_SM_10006detail12batched_topk38device_segmented_topk_histogram_kernelINS2_26policy_selector_from_typesIaalLl8388608EEEN4cuda3__417constant_iteratorIPKalEENS1_6params13uniform_paramIlLl0ELl268435456EEENSD_IlLl1ELl8388608EEENSD_IlLl1ELl1EEEPljPyNS1_4topk16extract_bin_op_tIaLNSJ_6selectE0ELi8ENS1_21identity_decomposer_tELb1EEEjjjEEvT0_T1_T2_T3_T4_PKT5_PNSJ_7counterINS6_3std3__415iterator_traitsINSZ_ISO_vE10value_typeEvE10value_typeET8_T9_EEPS14_T6_T7_' for 'sm_100'
ptxas info    : Function properties for _ZN3cub17_V_300500_SM_10006detail12batched_topk38device_segmented_topk_histogram_kernelINS2_26policy_selector_from_typesIaalLl8388608EEEN4cuda3__417constant_iteratorIPKalEENS1_6params13uniform_paramIlLl0ELl268435456EEENSD_IlLl1ELl8388608EEENSD_IlLl1ELl1EEEPljPyNS1_4topk16extract_bin_op_tIaLNSJ_6selectE0ELi8ENS1_21identity_decomposer_tELb1EEEjjjEEvT0_T1_T2_T3_T4_PKT5_PNSJ_7counterINS6_3std3__415iterator_traitsINSZ_ISO_vE10value_typeEvE10value_typeET8_T9_EEPS14_T6_T7_
    0 bytes stack frame, 0 bytes spill stores, 0 bytes spill loads
ptxas info    : Used 26 registers, used 1 barriers, 1072 bytes smem
ptxas info    : Compile time = 66.273 ms
ptxas info    : Compiling entry function '_ZN3cub17_V_300500_SM_10006detail12batched_topk28device_segmented_topk_kernelINS2_26policy_selector_from_typesIaalLl8388608EEEN4cuda3__417constant_iteratorIPKalEENS8_IPalEESB_SD_NS1_6params13uniform_paramIlLl0ELl268435456EEENSF_IlLl1ELl8388608EEENSE_22uniform_discrete_paramINS1_4topk6selectEJLSK_1EEEENSF_IlLl1ELl1EEEjEEvT0_T1_T2_T3_T4_T5_T6_T7_PNS2_21batched_topk_countersINSU_10value_typeEEEPSW_PT8_' for 'sm_100'
ptxas info    : Function properties for _ZN3cub17_V_300500_SM_10006detail12batched_topk28device_segmented_topk_kernelINS2_26policy_selector_from_typesIaalLl8388608EEEN4cuda3__417constant_iteratorIPKalEENS8_IPalEESB_SD_NS1_6params13uniform_paramIlLl0ELl268435456EEENSF_IlLl1ELl8388608EEENSE_22uniform_discrete_paramINS1_4topk6selectEJLSK_1EEEENSF_IlLl1ELl1EEEjEEvT0_T1_T2_T3_T4_T5_T6_T7_PNS2_21batched_topk_countersINSU_10value_typeEEEPSW_PT8_
    136 bytes stack frame, 184 bytes spill stores, 184 bytes spill loads
ptxas info    : Used 255 registers, used 1 barriers, 136 bytes cumulative stack size, 33808 bytes smem
ptxas info    : Compile time = 341.200 ms
ptxas info    : Compiling entry function '_ZN3cub17_V_300500_SM_10006detail11EmptyKernelIvEEvv' for 'sm_100'
ptxas info    : Function properties for _ZN3cub17_V_300500_SM_10006detail11EmptyKernelIvEEvv
    0 bytes stack frame, 0 bytes spill stores, 0 bytes spill loads
ptxas info    : Used 4 registers, used 0 barriers
ptxas info    : Compile time = 0.478 ms
[43/44] Building CUDA object nvbench_helper/CMakeFiles/cccl.nvbench_helper.dir/nvbench_helper/nvbench_helper.cu.o
ptxas info    : 121 bytes gmem
ptxas info    : Compiling entry function '_ZN7nvbench6detail11noop_kernelIvEEvv' for 'sm_100'
ptxas info    : Function properties for _ZN7nvbench6detail11noop_kernelIvEEvv
    0 bytes stack frame, 0 bytes spill stores, 0 bytes spill loads
ptxas info    : Used 4 registers, used 0 barriers
ptxas info    : Compile time = 1.414 ms
ptxas info    : Compiling entry function '_ZN3cub17_V_300500_SM_10006detail4find11find_kernelINS2_26policy_selector_from_typesImEEPmyN6detail4ge_tImEEEEvT0_T1_PSB_T2_' for 'sm_100'
ptxas info    : Function properties for _ZN3cub17_V_300500_SM_10006detail4find11find_kernelINS2_26policy_selector_from_typesImEEPmyN6detail4ge_tImEEEEvT0_T1_PSB_T2_
    0 bytes stack frame, 0 bytes spill stores, 0 bytes spill loads
ptxas info    : Used 26 registers, used 1 barriers, 16 bytes smem
ptxas info    : Compile time = 9.289 ms
ptxas info    : Compiling entry function '_ZN3cub17_V_300500_SM_10006detail4find11find_kernelINS2_26policy_selector_from_typesImEEPmjN6detail4ge_tImEEEEvT0_T1_PSB_T2_' for 'sm_100'
ptxas info    : Function properties for _ZN3cub17_V_300500_SM_10006detail4find11find_kernelINS2_26policy_selector_from_typesImEEPmjN6detail4ge_tImEEEEvT0_T1_PSB_T2_
    0 bytes stack frame, 0 bytes spill stores, 0 bytes spill loads
ptxas info    : Used 29 registers, used 1 barriers, 16 bytes smem
ptxas info    : Compile time = 6.610 ms
ptxas info    : Compiling entry function '_ZN3cub17_V_300500_SM_10006detail4find11find_kernelINS2_26policy_selector_from_typesIlEEPlyN6detail4ge_tIlEEEEvT0_T1_PSB_T2_' for 'sm_100'
ptxas info    : Function properties for _ZN3cub17_V_300500_SM_10006detail4find11find_kernelINS2_26policy_selector_from_typesIlEEPlyN6detail4ge_tIlEEEEvT0_T1_PSB_T2_
    0 bytes stack frame, 0 bytes spill stores, 0 bytes spill loads
ptxas info    : Used 26 registers, used 1 barriers, 16 bytes smem
ptxas info    : Compile time = 8.993 ms
ptxas info    : Compiling entry function '_ZN3cub17_V_300500_SM_10006detail4find11find_kernelINS2_26policy_selector_from_typesIlEEPljN6detail4ge_tIlEEEEvT0_T1_PSB_T2_' for 'sm_100'
ptxas info    : Function properties for _ZN3cub17_V_300500_SM_10006detail4find11find_kernelINS2_26policy_selector_from_typesIlEEPljN6detail4ge_tIlEEEEvT0_T1_PSB_T2_
    0 bytes stack frame, 0 bytes spill stores, 0 bytes spill loads
ptxas info    : Used 29 registers, used 1 barriers, 16 bytes smem
ptxas info    : Compile time = 6.604 ms
ptxas info    : Compiling entry function '_ZN3cub17_V_300500_SM_10006detail4find11find_kernelINS2_26policy_selector_from_typesIjEEPjyN6detail4ge_tIjEEEEvT0_T1_PSB_T2_' for 'sm_100'
ptxas info    : Function properties for _ZN3cub17_V_300500_SM_10006detail4find11find_kernelINS2_26policy_selector_from_typesIjEEPjyN6detail4ge_tIjEEEEvT0_T1_PSB_T2_
    0 bytes stack frame, 0 bytes spill stores, 0 bytes spill loads
ptxas info    : Used 27 registers, used 1 barriers, 16 bytes smem
ptxas info    : Compile time = 11.772 ms
ptxas info    : Compiling entry function '_ZN3cub17_V_300500_SM_10006detail4find11find_kernelINS2_26policy_selector_from_typesIjEEPjjN6detail4ge_tIjEEEEvT0_T1_PSB_T2_' for 'sm_100'
ptxas info    : Function properties for _ZN3cub17_V_300500_SM_10006detail4find11find_kernelINS2_26policy_selector_from_typesIjEEPjjN6detail4ge_tIjEEEEvT0_T1_PSB_T2_
    0 bytes stack frame, 0 bytes spill stores, 0 bytes spill loads
ptxas info    : Used 30 registers, used 1 barriers, 16 bytes smem
ptxas info    : Compile time = 8.339 ms
ptxas info    : Compiling entry function '_ZN3cub17_V_300500_SM_10006detail4find22init_found_pos_pointerIyyEEvPT_T0_' for 'sm_100'
ptxas info    : Function properties for _ZN3cub17_V_300500_SM_10006detail4find22init_found_pos_pointerIyyEEvPT_T0_
    0 bytes stack frame, 0 bytes spill stores, 0 bytes spill loads
ptxas info    : Used 8 registers, used 0 barriers
ptxas info    : Compile time = 0.772 ms
ptxas info    : Compiling entry function '_ZN3cub17_V_300500_SM_10006detail4find11find_kernelINS2_26policy_selector_from_typesIiEEPiyN6detail4ge_tIiEEEEvT0_T1_PSB_T2_' for 'sm_100'
ptxas info    : Function properties for _ZN3cub17_V_300500_SM_10006detail4find11find_kernelINS2_26policy_selector_from_typesIiEEPiyN6detail4ge_tIiEEEEvT0_T1_PSB_T2_
    0 bytes stack frame, 0 bytes spill stores, 0 bytes spill loads
ptxas info    : Used 27 registers, used 1 barriers, 16 bytes smem
ptxas info    : Compile time = 11.632 ms
ptxas info    : Compiling entry function '_ZN3cub17_V_300500_SM_10006detail4find22init_found_pos_pointerIjjEEvPT_T0_' for 'sm_100'
ptxas info    : Function properties for _ZN3cub17_V_300500_SM_10006detail4find22init_found_pos_pointerIjjEEvPT_T0_
    0 bytes stack frame, 0 bytes spill stores, 0 bytes spill loads
ptxas info    : Used 8 registers, used 0 barriers
ptxas info    : Compile time = 0.768 ms
ptxas info    : Compiling entry function '_ZN3cub17_V_300500_SM_10006detail4find11find_kernelINS2_26policy_selector_from_typesIiEEPijN6detail4ge_tIiEEEEvT0_T1_PSB_T2_' for 'sm_100'
ptxas info    : Function properties for _ZN3cub17_V_300500_SM_10006detail4find11find_kernelINS2_26policy_selector_from_typesIiEEPijN6detail4ge_tIiEEEEvT0_T1_PSB_T2_
    0 bytes stack frame, 0 bytes spill stores, 0 bytes spill loads
ptxas info    : Used 30 registers, used 1 barriers, 16 bytes smem
ptxas info    : Compile time = 8.294 ms
ptxas info    : Compiling entry function '_ZN3cub17_V_300500_SM_10006detail6reduce28DeviceReduceSingleTileKernelINS2_26policy_selector_from_typesImyN4cuda3std3__44plusImEEEEPmSB_iS9_mmNS7_8identityEEEvT0_T1_T2_T3_T4_T6_' for 'sm_100'
ptxas info    : Function properties for _ZN3cub17_V_300500_SM_10006detail6reduce28DeviceReduceSingleTileKernelINS2_26policy_selector_from_typesImyN4cuda3std3__44plusImEEEEPmSB_iS9_mmNS7_8identityEEEvT0_T1_T2_T3_T4_T6_
    0 bytes stack frame, 0 bytes spill stores, 0 bytes spill loads
ptxas info    : Used 48 registers, used 1 barriers, 160 bytes smem
ptxas info    : Compile time = 18.274 ms
ptxas info    : Compiling entry function '_ZN3cub17_V_300500_SM_10006detail6reduce18DeviceReduceKernelINS2_26policy_selector_from_typesImyN4cuda3std3__44plusImEEEEPmyS9_mNS7_8identityEEEvT0_PT3_T1_NS0_13GridEvenShareISG_EET2_T4_' for 'sm_100'
ptxas info    : Function properties for _ZN3cub17_V_300500_SM_10006detail6reduce18DeviceReduceKernelINS2_26policy_selector_from_typesImyN4cuda3std3__44plusImEEEEPmyS9_mNS7_8identityEEEvT0_PT3_T1_NS0_13GridEvenShareISG_EET2_T4_
    0 bytes stack frame, 0 bytes spill stores, 0 bytes spill loads
ptxas info    : Used 32 registers, used 1 barriers, 160 bytes smem
ptxas info    : Compile time = 20.443 ms
ptxas info    : Compiling entry function '_ZN3cub17_V_300500_SM_10006detail6reduce28DeviceReduceSingleTileKernelINS2_26policy_selector_from_typesImyN4cuda3std3__44plusImEEEEPmSB_yS9_mmNS7_8identityEEEvT0_T1_T2_T3_T4_T6_' for 'sm_100'
ptxas info    : Function properties for _ZN3cub17_V_300500_SM_10006detail6reduce28DeviceReduceSingleTileKernelINS2_26policy_selector_from_typesImyN4cuda3std3__44plusImEEEEPmSB_yS9_mmNS7_8identityEEEvT0_T1_T2_T3_T4_T6_
    0 bytes stack frame, 0 bytes spill stores, 0 bytes spill loads
ptxas info    : Used 48 registers, used 1 barriers, 160 bytes smem
ptxas info    : Compile time = 18.555 ms
ptxas info    : Compiling entry function '_ZN3cub17_V_300500_SM_10006detail6reduce28DeviceReduceSingleTileKernelINS2_26policy_selector_from_typesImjN4cuda3std3__44plusImEEEEPmSB_iS9_mmNS7_8identityEEEvT0_T1_T2_T3_T4_T6_' for 'sm_100'
ptxas info    : Function properties for _ZN3cub17_V_300500_SM_10006detail6reduce28DeviceReduceSingleTileKernelINS2_26policy_selector_from_typesImjN4cuda3std3__44plusImEEEEPmSB_iS9_mmNS7_8identityEEEvT0_T1_T2_T3_T4_T6_
    0 bytes stack frame, 0 bytes spill stores, 0 bytes spill loads
ptxas info    : Used 48 registers, used 1 barriers, 160 bytes smem
ptxas info    : Compile time = 17.948 ms
ptxas info    : Compiling entry function '_ZN3cub17_V_300500_SM_10006detail6reduce18DeviceReduceKernelINS2_26policy_selector_from_typesImjN4cuda3std3__44plusImEEEEPmjS9_mNS7_8identityEEEvT0_PT3_T1_NS0_13GridEvenShareISG_EET2_T4_' for 'sm_100'
ptxas info    : Function properties for _ZN3cub17_V_300500_SM_10006detail6reduce18DeviceReduceKernelINS2_26policy_selector_from_typesImjN4cuda3std3__44plusImEEEEPmjS9_mNS7_8identityEEEvT0_PT3_T1_NS0_13GridEvenShareISG_EET2_T4_
    0 bytes stack frame, 0 bytes spill stores, 0 bytes spill loads
ptxas info    : Used 32 registers, used 1 barriers, 160 bytes smem
ptxas info    : Compile time = 15.520 ms
ptxas info    : Compiling entry function '_ZN3cub17_V_300500_SM_10006detail6reduce28DeviceReduceSingleTileKernelINS2_26policy_selector_from_typesImjN4cuda3std3__44plusImEEEEPmSB_jS9_mmNS7_8identityEEEvT0_T1_T2_T3_T4_T6_' for 'sm_100'
ptxas info    : Function properties for _ZN3cub17_V_300500_SM_10006detail6reduce28DeviceReduceSingleTileKernelINS2_26policy_selector_from_typesImjN4cuda3std3__44plusImEEEEPmSB_jS9_mmNS7_8identityEEEvT0_T1_T2_T3_T4_T6_
    0 bytes stack frame, 0 bytes spill stores, 0 bytes spill loads
ptxas info    : Used 46 registers, used 1 barriers, 160 bytes smem
ptxas info    : Compile time = 15.948 ms
ptxas info    : Compiling entry function '_ZN3cub17_V_300500_SM_10006detail6reduce18DeviceReduceKernelINS2_26policy_selector_from_typesIlyN4cuda3std3__44plusIlEEEEPlyS9_lNS7_8identityEEEvT0_PT3_T1_NS0_13GridEvenShareISG_EET2_T4_' for 'sm_100'
ptxas info    : Function properties for _ZN3cub17_V_300500_SM_10006detail6reduce18DeviceReduceKernelINS2_26policy_selector_from_typesIlyN4cuda3std3__44plusIlEEEEPlyS9_lNS7_8identityEEEvT0_PT3_T1_NS0_13GridEvenShareISG_EET2_T4_
    0 bytes stack frame, 0 bytes spill stores, 0 bytes spill loads
ptxas info    : Used 32 registers, used 1 barriers, 160 bytes smem
ptxas info    : Compile time = 20.496 ms
ptxas info    : Compiling entry function '_ZN3cub17_V_300500_SM_10006detail6reduce28DeviceReduceSingleTileKernelINS2_26policy_selector_from_typesIlyN4cuda3std3__44plusIlEEEEPlSB_yS9_llNS7_8identityEEEvT0_T1_T2_T3_T4_T6_' for 'sm_100'
ptxas info    : Function properties for _ZN3cub17_V_300500_SM_10006detail6reduce28DeviceReduceSingleTileKernelINS2_26policy_selector_from_typesIlyN4cuda3std3__44plusIlEEEEPlSB_yS9_llNS7_8identityEEEvT0_T1_T2_T3_T4_T6_
    0 bytes stack frame, 0 bytes spill stores, 0 bytes spill loads
ptxas info    : Used 48 registers, used 1 barriers, 160 bytes smem
ptxas info    : Compile time = 18.557 ms
ptxas info    : Compiling entry function '_ZN3cub17_V_300500_SM_10006detail6reduce18DeviceReduceKernelINS2_26policy_selector_from_typesIljN4cuda3std3__44plusIlEEEEPljS9_lNS7_8identityEEEvT0_PT3_T1_NS0_13GridEvenShareISG_EET2_T4_' for 'sm_100'
ptxas info    : Function properties for _ZN3cub17_V_300500_SM_10006detail6reduce18DeviceReduceKernelINS2_26policy_selector_from_typesIljN4cuda3std3__44plusIlEEEEPljS9_lNS7_8identityEEEvT0_PT3_T1_NS0_13GridEvenShareISG_EET2_T4_
    0 bytes stack frame, 0 bytes spill stores, 0 bytes spill loads
ptxas info    : Used 32 registers, used 1 barriers, 160 bytes smem
ptxas info    : Compile time = 15.159 ms
ptxas info    : Compiling entry function '_ZN3cub17_V_300500_SM_10006detail6reduce28DeviceReduceSingleTileKernelINS2_26policy_selector_from_typesIljN4cuda3std3__44plusIlEEEEPlSB_jS9_llNS7_8identityEEEvT0_T1_T2_T3_T4_T6_' for 'sm_100'
ptxas info    : Function properties for _ZN3cub17_V_300500_SM_10006detail6reduce28DeviceReduceSingleTileKernelINS2_26policy_selector_from_typesIljN4cuda3std3__44plusIlEEEEPlSB_jS9_llNS7_8identityEEEvT0_T1_T2_T3_T4_T6_
    0 bytes stack frame, 0 bytes spill stores, 0 bytes spill loads
ptxas info    : Used 46 registers, used 1 barriers, 160 bytes smem
ptxas info    : Compile time = 15.863 ms
ptxas info    : Compiling entry function '_ZN3cub17_V_300500_SM_10006detail6reduce28DeviceReduceSingleTileKernelINS2_26policy_selector_from_typesIjyN4cuda3std3__44plusIjEEEEPjSB_iS9_jjNS7_8identityEEEvT0_T1_T2_T3_T4_T6_' for 'sm_100'
ptxas info    : Function properties for _ZN3cub17_V_300500_SM_10006detail6reduce28DeviceReduceSingleTileKernelINS2_26policy_selector_from_typesIjyN4cuda3std3__44plusIjEEEEPjSB_iS9_jjNS7_8identityEEEvT0_T1_T2_T3_T4_T6_
    0 bytes stack frame, 0 bytes spill stores, 0 bytes spill loads
ptxas info    : Used 30 registers, used 1 barriers, 48 bytes smem
ptxas info    : Compile time = 23.224 ms
ptxas info    : Compiling entry function '_ZN3cub17_V_300500_SM_10006detail6reduce18DeviceReduceKernelINS2_26policy_selector_from_typesIjyN4cuda3std3__44plusIjEEEEPjyS9_jNS7_8identityEEEvT0_PT3_T1_NS0_13GridEvenShareISG_EET2_T4_' for 'sm_100'
ptxas info    : Function properties for _ZN3cub17_V_300500_SM_10006detail6reduce18DeviceReduceKernelINS2_26policy_selector_from_typesIjyN4cuda3std3__44plusIjEEEEPjyS9_jNS7_8identityEEEvT0_PT3_T1_NS0_13GridEvenShareISG_EET2_T4_
    0 bytes stack frame, 0 bytes spill stores, 0 bytes spill loads
ptxas info    : Used 29 registers, used 1 barriers, 48 bytes smem
ptxas info    : Compile time = 28.976 ms
ptxas info    : Compiling entry function '_ZN3cub17_V_300500_SM_10006detail6reduce28DeviceReduceSingleTileKernelINS2_26policy_selector_from_typesIjyN4cuda3std3__44plusIjEEEEPjSB_yS9_jjNS7_8identityEEEvT0_T1_T2_T3_T4_T6_' for 'sm_100'
ptxas info    : Function properties for _ZN3cub17_V_300500_SM_10006detail6reduce28DeviceReduceSingleTileKernelINS2_26policy_selector_from_typesIjyN4cuda3std3__44plusIjEEEEPjSB_yS9_jjNS7_8identityEEEvT0_T1_T2_T3_T4_T6_
    0 bytes stack frame, 0 bytes spill stores, 0 bytes spill loads
ptxas info    : Used 32 registers, used 1 barriers, 48 bytes smem
ptxas info    : Compile time = 24.429 ms
ptxas info    : Compiling entry function '_ZN3cub17_V_300500_SM_10006detail6reduce28DeviceReduceSingleTileKernelINS2_26policy_selector_from_typesIjjN4cuda3std3__44plusIjEEEEPjSB_iS9_jjNS7_8identityEEEvT0_T1_T2_T3_T4_T6_' for 'sm_100'
ptxas info    : Function properties for _ZN3cub17_V_300500_SM_10006detail6reduce28DeviceReduceSingleTileKernelINS2_26policy_selector_from_typesIjjN4cuda3std3__44plusIjEEEEPjSB_iS9_jjNS7_8identityEEEvT0_T1_T2_T3_T4_T6_
    0 bytes stack frame, 0 bytes spill stores, 0 bytes spill loads
ptxas info    : Used 30 registers, used 1 barriers, 48 bytes smem
ptxas info    : Compile time = 23.771 ms
ptxas info    : Compiling entry function '_ZN3cub17_V_300500_SM_10006detail6reduce18DeviceReduceKernelINS2_26policy_selector_from_typesIjjN4cuda3std3__44plusIjEEEEPjjS9_jNS7_8identityEEEvT0_PT3_T1_NS0_13GridEvenShareISG_EET2_T4_' for 'sm_100'
ptxas info    : Function properties for _ZN3cub17_V_300500_SM_10006detail6reduce18DeviceReduceKernelINS2_26policy_selector_from_typesIjjN4cuda3std3__44plusIjEEEEPjjS9_jNS7_8identityEEEvT0_PT3_T1_NS0_13GridEvenShareISG_EET2_T4_
    0 bytes stack frame, 0 bytes spill stores, 0 bytes spill loads
ptxas info    : Used 32 registers, used 1 barriers, 48 bytes smem
ptxas info    : Compile time = 19.637 ms
ptxas info    : Compiling entry function '_ZN3cub17_V_300500_SM_10006detail6reduce28DeviceReduceSingleTileKernelINS2_26policy_selector_from_typesIjjN4cuda3std3__44plusIjEEEEPjSB_jS9_jjNS7_8identityEEEvT0_T1_T2_T3_T4_T6_' for 'sm_100'
ptxas info    : Function properties for _ZN3cub17_V_300500_SM_10006detail6reduce28DeviceReduceSingleTileKernelINS2_26policy_selector_from_typesIjjN4cuda3std3__44plusIjEEEEPjSB_jS9_jjNS7_8identityEEEvT0_T1_T2_T3_T4_T6_
    0 bytes stack frame, 0 bytes spill stores, 0 bytes spill loads
ptxas info    : Used 28 registers, used 1 barriers, 48 bytes smem
ptxas info    : Compile time = 19.635 ms
ptxas info    : Compiling entry function '_ZN3cub17_V_300500_SM_10006detail6reduce28DeviceReduceSingleTileKernelINS2_26policy_selector_from_typesIiyN4cuda3std3__44plusIiEEEEPiSB_iS9_iiNS7_8identityEEEvT0_T1_T2_T3_T4_T6_' for 'sm_100'
ptxas info    : Function properties for _ZN3cub17_V_300500_SM_10006detail6reduce28DeviceReduceSingleTileKernelINS2_26policy_selector_from_typesIiyN4cuda3std3__44plusIiEEEEPiSB_iS9_iiNS7_8identityEEEvT0_T1_T2_T3_T4_T6_
    0 bytes stack frame, 0 bytes spill stores, 0 bytes spill loads
ptxas info    : Used 30 registers, used 1 barriers, 48 bytes smem
ptxas info    : Compile time = 23.775 ms
ptxas info    : Compiling entry function '_ZN3cub17_V_300500_SM_10006detail6reduce18DeviceReduceKernelINS2_26policy_selector_from_typesIiyN4cuda3std3__44plusIiEEEEPiyS9_iNS7_8identityEEEvT0_PT3_T1_NS0_13GridEvenShareISG_EET2_T4_' for 'sm_100'
ptxas info    : Function properties for _ZN3cub17_V_300500_SM_10006detail6reduce18DeviceReduceKernelINS2_26policy_selector_from_typesIiyN4cuda3std3__44plusIiEEEEPiyS9_iNS7_8identityEEEvT0_PT3_T1_NS0_13GridEvenShareISG_EET2_T4_
    0 bytes stack frame, 0 bytes spill stores, 0 bytes spill loads
ptxas info    : Used 29 registers, used 1 barriers, 48 bytes smem
ptxas info    : Compile time = 28.395 ms
ptxas info    : Compiling entry function '_ZN3cub17_V_300500_SM_10006detail6reduce28DeviceReduceSingleTileKernelINS2_26policy_selector_from_typesIiyN4cuda3std3__44plusIiEEEEPiSB_yS9_iiNS7_8identityEEEvT0_T1_T2_T3_T4_T6_' for 'sm_100'
ptxas info    : Function properties for _ZN3cub17_V_300500_SM_10006detail6reduce28DeviceReduceSingleTileKernelINS2_26policy_selector_from_typesIiyN4cuda3std3__44plusIiEEEEPiSB_yS9_iiNS7_8identityEEEvT0_T1_T2_T3_T4_T6_
    0 bytes stack frame, 0 bytes spill stores, 0 bytes spill loads
ptxas info    : Used 32 registers, used 1 barriers, 48 bytes smem
ptxas info    : Compile time = 24.423 ms
ptxas info    : Compiling entry function '_ZN3cub17_V_300500_SM_10006detail6reduce28DeviceReduceSingleTileKernelINS2_26policy_selector_from_typesIijN4cuda3std3__44plusIiEEEEPiSB_iS9_iiNS7_8identityEEEvT0_T1_T2_T3_T4_T6_' for 'sm_100'
ptxas info    : Function properties for _ZN3cub17_V_300500_SM_10006detail6reduce28DeviceReduceSingleTileKernelINS2_26policy_selector_from_typesIijN4cuda3std3__44plusIiEEEEPiSB_iS9_iiNS7_8identityEEEvT0_T1_T2_T3_T4_T6_
    0 bytes stack frame, 0 bytes spill stores, 0 bytes spill loads
ptxas info    : Used 30 registers, used 1 barriers, 48 bytes smem
ptxas info    : Compile time = 23.788 ms
ptxas info    : Compiling entry function '_ZN3cub17_V_300500_SM_10006detail6reduce18DeviceReduceKernelINS2_26policy_selector_from_typesIijN4cuda3std3__44plusIiEEEEPijS9_iNS7_8identityEEEvT0_PT3_T1_NS0_13GridEvenShareISG_EET2_T4_' for 'sm_100'
ptxas info    : Function properties for _ZN3cub17_V_300500_SM_10006detail6reduce18DeviceReduceKernelINS2_26policy_selector_from_typesIijN4cuda3std3__44plusIiEEEEPijS9_iNS7_8identityEEEvT0_PT3_T1_NS0_13GridEvenShareISG_EET2_T4_
    0 bytes stack frame, 0 bytes spill stores, 0 bytes spill loads
ptxas info    : Used 32 registers, used 1 barriers, 48 bytes smem
ptxas info    : Compile time = 19.556 ms
ptxas info    : Compiling entry function '_ZN3cub17_V_300500_SM_10006detail6reduce28DeviceReduceSingleTileKernelINS2_26policy_selector_from_typesIijN4cuda3std3__44plusIiEEEEPiSB_jS9_iiNS7_8identityEEEvT0_T1_T2_T3_T4_T6_' for 'sm_100'
ptxas info    : Function properties for _ZN3cub17_V_300500_SM_10006detail6reduce28DeviceReduceSingleTileKernelINS2_26policy_selector_from_typesIijN4cuda3std3__44plusIiEEEEPiSB_jS9_iiNS7_8identityEEEvT0_T1_T2_T3_T4_T6_
    0 bytes stack frame, 0 bytes spill stores, 0 bytes spill loads
ptxas info    : Used 28 registers, used 1 barriers, 48 bytes smem
ptxas info    : Compile time = 19.599 ms
ptxas info    : Compiling entry function '_ZN3cub17_V_300500_SM_10006detail6reduce28DeviceReduceSingleTileKernelINS2_26policy_selector_from_typesIdyN4cuda3std3__44plusIdEEEEPdSB_iS9_ddNS7_8identityEEEvT0_T1_T2_T3_T4_T6_' for 'sm_100'
ptxas info    : Function properties for _ZN3cub17_V_300500_SM_10006detail6reduce28DeviceReduceSingleTileKernelINS2_26policy_selector_from_typesIdyN4cuda3std3__44plusIdEEEEPdSB_iS9_ddNS7_8identityEEEvT0_T1_T2_T3_T4_T6_
    0 bytes stack frame, 0 bytes spill stores, 0 bytes spill loads
ptxas info    : Used 48 registers, used 1 barriers, 160 bytes smem
ptxas info    : Compile time = 16.923 ms
ptxas info    : Compiling entry function '_ZN3cub17_V_300500_SM_10006detail6reduce18DeviceReduceKernelINS2_26policy_selector_from_typesIdyN4cuda3std3__44plusIdEEEEPKdyS9_dNS7_8identityEEEvT0_PT3_T1_NS0_13GridEvenShareISH_EET2_T4_' for 'sm_100'
ptxas info    : Function properties for _ZN3cub17_V_300500_SM_10006detail6reduce18DeviceReduceKernelINS2_26policy_selector_from_typesIdyN4cuda3std3__44plusIdEEEEPKdyS9_dNS7_8identityEEEvT0_PT3_T1_NS0_13GridEvenShareISH_EET2_T4_
    0 bytes stack frame, 0 bytes spill stores, 0 bytes spill loads
ptxas info    : Used 32 registers, used 1 barriers, 160 bytes smem
ptxas info    : Compile time = 18.169 ms
ptxas info    : Compiling entry function '_ZN3cub17_V_300500_SM_10006detail6reduce28DeviceReduceSingleTileKernelINS2_26policy_selector_from_typesIdyN4cuda3std3__44plusIdEEEEPKdPdyS9_ddNS7_8identityEEEvT0_T1_T2_T3_T4_T6_' for 'sm_100'
ptxas info    : Function properties for _ZN3cub17_V_300500_SM_10006detail6reduce28DeviceReduceSingleTileKernelINS2_26policy_selector_from_typesIdyN4cuda3std3__44plusIdEEEEPKdPdyS9_ddNS7_8identityEEEvT0_T1_T2_T3_T4_T6_
    0 bytes stack frame, 0 bytes spill stores, 0 bytes spill loads
ptxas info    : Used 48 registers, used 1 barriers, 160 bytes smem
ptxas info    : Compile time = 16.739 ms
ptxas info    : Compiling entry function '_ZN3cub17_V_300500_SM_10006detail6reduce28DeviceReduceSingleTileKernelINS2_26policy_selector_from_typesIdjN4cuda3std3__44plusIdEEEEPdSB_iS9_ddNS7_8identityEEEvT0_T1_T2_T3_T4_T6_' for 'sm_100'
ptxas info    : Function properties for _ZN3cub17_V_300500_SM_10006detail6reduce28DeviceReduceSingleTileKernelINS2_26policy_selector_from_typesIdjN4cuda3std3__44plusIdEEEEPdSB_iS9_ddNS7_8identityEEEvT0_T1_T2_T3_T4_T6_
    0 bytes stack frame, 0 bytes spill stores, 0 bytes spill loads
ptxas info    : Used 48 registers, used 1 barriers, 192 bytes smem
ptxas info    : Compile time = 17.154 ms
ptxas info    : Compiling entry function '_ZN3cub17_V_300500_SM_10006detail6reduce18DeviceReduceKernelINS2_26policy_selector_from_typesIdjN4cuda3std3__44plusIdEEEEPKdjS9_dNS7_8identityEEEvT0_PT3_T1_NS0_13GridEvenShareISH_EET2_T4_' for 'sm_100'
ptxas info    : Function properties for _ZN3cub17_V_300500_SM_10006detail6reduce18DeviceReduceKernelINS2_26policy_selector_from_typesIdjN4cuda3std3__44plusIdEEEEPKdjS9_dNS7_8identityEEEvT0_PT3_T1_NS0_13GridEvenShareISH_EET2_T4_
    0 bytes stack frame, 0 bytes spill stores, 0 bytes spill loads
ptxas info    : Used 30 registers, used 1 barriers, 192 bytes smem
ptxas info    : Compile time = 14.946 ms
ptxas info    : Compiling entry function '_ZN3cub17_V_300500_SM_10006detail6reduce28DeviceReduceSingleTileKernelINS2_26policy_selector_from_typesIdjN4cuda3std3__44plusIdEEEEPKdPdjS9_ddNS7_8identityEEEvT0_T1_T2_T3_T4_T6_' for 'sm_100'
ptxas info    : Function properties for _ZN3cub17_V_300500_SM_10006detail6reduce28DeviceReduceSingleTileKernelINS2_26policy_selector_from_typesIdjN4cuda3std3__44plusIdEEEEPKdPdjS9_ddNS7_8identityEEEvT0_T1_T2_T3_T4_T6_
    0 bytes stack frame, 0 bytes spill stores, 0 bytes spill loads
ptxas info    : Used 44 registers, used 1 barriers, 192 bytes smem
ptxas info    : Compile time = 15.199 ms
ptxas info    : Compiling entry function '_ZN3cub17_V_300500_SM_10006detail6reduce28DeviceReduceSingleTileKernelINS2_26policy_selector_from_typesIlyN4cuda3std3__44plusIlEEEEPlSB_iS9_llNS7_8identityEEEvT0_T1_T2_T3_T4_T6_' for 'sm_100'
ptxas info    : Function properties for _ZN3cub17_V_300500_SM_10006detail6reduce28DeviceReduceSingleTileKernelINS2_26policy_selector_from_typesIlyN4cuda3std3__44plusIlEEEEPlSB_iS9_llNS7_8identityEEEvT0_T1_T2_T3_T4_T6_
    0 bytes stack frame, 0 bytes spill stores, 0 bytes spill loads
ptxas info    : Used 48 registers, used 1 barriers, 160 bytes smem
ptxas info    : Compile time = 17.810 ms
ptxas info    : Compiling entry function '_ZN3cub17_V_300500_SM_10006detail6reduce18DeviceReduceKernelINS2_26policy_selector_from_typesIlyN4cuda3std3__44plusIlEEEEN6thrust17_V_300500_SM_100018transform_iteratorINS5_3__414equal_to_valueIdEEPKdllEEyS9_lNS7_8identityEEEvT0_PT3_T1_NS0_13GridEvenShareISO_EET2_T4_' for 'sm_100'
ptxas info    : Function properties for _ZN3cub17_V_300500_SM_10006detail6reduce18DeviceReduceKernelINS2_26policy_selector_from_typesIlyN4cuda3std3__44plusIlEEEEN6thrust17_V_300500_SM_100018transform_iteratorINS5_3__414equal_to_valueIdEEPKdllEEyS9_lNS7_8identityEEEvT0_PT3_T1_NS0_13GridEvenShareISO_EET2_T4_
    0 bytes stack frame, 0 bytes spill stores, 0 bytes spill loads
ptxas info    : Used 32 registers, used 1 barriers, 160 bytes smem
ptxas info    : Compile time = 23.673 ms
ptxas info    : Compiling entry function '_ZN3cub17_V_300500_SM_10006detail6reduce28DeviceReduceSingleTileKernelINS2_26policy_selector_from_typesIlyN4cuda3std3__44plusIlEEEEN6thrust17_V_300500_SM_100018transform_iteratorINS5_3__414equal_to_valueIdEEPKdllEEPlyS9_llNS7_8identityEEEvT0_T1_T2_T3_T4_T6_' for 'sm_100'
ptxas info    : Function properties for _ZN3cub17_V_300500_SM_10006detail6reduce28DeviceReduceSingleTileKernelINS2_26policy_selector_from_typesIlyN4cuda3std3__44plusIlEEEEN6thrust17_V_300500_SM_100018transform_iteratorINS5_3__414equal_to_valueIdEEPKdllEEPlyS9_llNS7_8identityEEEvT0_T1_T2_T3_T4_T6_
    0 bytes stack frame, 0 bytes spill stores, 0 bytes spill loads
ptxas info    : Used 48 registers, used 1 barriers, 160 bytes smem
ptxas info    : Compile time = 22.188 ms
ptxas info    : Compiling entry function '_ZN3cub17_V_300500_SM_10006detail6reduce28DeviceReduceSingleTileKernelINS2_26policy_selector_from_typesIljN4cuda3std3__44plusIlEEEEPlSB_iS9_llNS7_8identityEEEvT0_T1_T2_T3_T4_T6_' for 'sm_100'
ptxas info    : Function properties for _ZN3cub17_V_300500_SM_10006detail6reduce28DeviceReduceSingleTileKernelINS2_26policy_selector_from_typesIljN4cuda3std3__44plusIlEEEEPlSB_iS9_llNS7_8identityEEEvT0_T1_T2_T3_T4_T6_
    0 bytes stack frame, 0 bytes spill stores, 0 bytes spill loads
ptxas info    : Used 48 registers, used 1 barriers, 160 bytes smem
ptxas info    : Compile time = 18.443 ms
ptxas info    : Compiling entry function '_ZN3cub17_V_300500_SM_10006detail6reduce18DeviceReduceKernelINS2_26policy_selector_from_typesIljN4cuda3std3__44plusIlEEEEN6thrust17_V_300500_SM_100018transform_iteratorINS5_3__414equal_to_valueIdEEPKdllEEjS9_lNS7_8identityEEEvT0_PT3_T1_NS0_13GridEvenShareISO_EET2_T4_' for 'sm_100'
ptxas info    : Function properties for _ZN3cub17_V_300500_SM_10006detail6reduce18DeviceReduceKernelINS2_26policy_selector_from_typesIljN4cuda3std3__44plusIlEEEEN6thrust17_V_300500_SM_100018transform_iteratorINS5_3__414equal_to_valueIdEEPKdllEEjS9_lNS7_8identityEEEvT0_PT3_T1_NS0_13GridEvenShareISO_EET2_T4_
    0 bytes stack frame, 0 bytes spill stores, 0 bytes spill loads
ptxas info    : Used 32 registers, used 1 barriers, 160 bytes smem
ptxas info    : Compile time = 24.095 ms
ptxas info    : Compiling entry function '_ZN3cub17_V_300500_SM_10006detail6reduce28DeviceReduceSingleTileKernelINS2_26policy_selector_from_typesIljN4cuda3std3__44plusIlEEEEN6thrust17_V_300500_SM_100018transform_iteratorINS5_3__414equal_to_valueIdEEPKdllEEPljS9_llNS7_8identityEEEvT0_T1_T2_T3_T4_T6_' for 'sm_100'
ptxas info    : Function properties for _ZN3cub17_V_300500_SM_10006detail6reduce28DeviceReduceSingleTileKernelINS2_26policy_selector_from_typesIljN4cuda3std3__44plusIlEEEEN6thrust17_V_300500_SM_100018transform_iteratorINS5_3__414equal_to_valueIdEEPKdllEEPljS9_llNS7_8identityEEEvT0_T1_T2_T3_T4_T6_
    0 bytes stack frame, 0 bytes spill stores, 0 bytes spill loads
ptxas info    : Used 47 registers, used 1 barriers, 160 bytes smem
ptxas info    : Compile time = 21.879 ms
ptxas info    : Compiling entry function '_ZN3cub17_V_300500_SM_10006detail4scan16DeviceScanKernelINS2_26policy_selector_from_typesIPmS5_mmN4cuda3std3__44plusIvEEEES5_S5_NS0_13ScanTileStateImLb1EEESA_NS1_10InputValueImS5_EEmmLb0EmEEvT0_T1_NS2_23tile_state_kernel_arg_tIT2_T6_EEiT3_T4_T5_i' for 'sm_100'
ptxas info    : Function properties for _ZN3cub17_V_300500_SM_10006detail4scan16DeviceScanKernelINS2_26policy_selector_from_typesIPmS5_mmN4cuda3std3__44plusIvEEEES5_S5_NS0_13ScanTileStateImLb1EEESA_NS1_10InputValueImS5_EEmmLb0EmEEvT0_T1_NS2_23tile_state_kernel_arg_tIT2_T6_EEiT3_T4_T5_i
    0 bytes stack frame, 0 bytes spill stores, 0 bytes spill loads
ptxas info    : Used 206 registers, used 3 barriers
ptxas info    : Compile time = 84.827 ms
ptxas info    : Compiling entry function '_ZN3cub17_V_300500_SM_10006detail4scan20DeviceScanInitKernelINS2_26policy_selector_from_typesIPmS5_mmN4cuda3std3__44plusIvEEEES5_S5_NS0_13ScanTileStateImLb1EEEmEEvNS2_23tile_state_kernel_arg_tIT2_T3_EEi' for 'sm_100'
ptxas info    : Function properties for _ZN3cub17_V_300500_SM_10006detail4scan20DeviceScanInitKernelINS2_26policy_selector_from_typesIPmS5_mmN4cuda3std3__44plusIvEEEES5_S5_NS0_13ScanTileStateImLb1EEEmEEvNS2_23tile_state_kernel_arg_tIT2_T3_EEi
    0 bytes stack frame, 0 bytes spill stores, 0 bytes spill loads
ptxas info    : Used 8 registers, used 0 barriers
ptxas info    : Compile time = 1.007 ms
ptxas info    : Compiling entry function '_ZN3cub17_V_300500_SM_10006detail4scan16DeviceScanKernelINS2_26policy_selector_from_typesIPmS5_mjN4cuda3std3__44plusIvEEEES5_S5_NS0_13ScanTileStateImLb1EEESA_NS1_10InputValueImS5_EEjmLb0EmEEvT0_T1_NS2_23tile_state_kernel_arg_tIT2_T6_EEiT3_T4_T5_i' for 'sm_100'
ptxas info    : Function properties for _ZN3cub17_V_300500_SM_10006detail4scan16DeviceScanKernelINS2_26policy_selector_from_typesIPmS5_mjN4cuda3std3__44plusIvEEEES5_S5_NS0_13ScanTileStateImLb1EEESA_NS1_10InputValueImS5_EEjmLb0EmEEvT0_T1_NS2_23tile_state_kernel_arg_tIT2_T6_EEiT3_T4_T5_i
    0 bytes stack frame, 0 bytes spill stores, 0 bytes spill loads
ptxas info    : Used 206 registers, used 3 barriers
ptxas info    : Compile time = 82.994 ms
ptxas info    : Compiling entry function '_ZN3cub17_V_300500_SM_10006detail4scan20DeviceScanInitKernelINS2_26policy_selector_from_typesIPmS5_mjN4cuda3std3__44plusIvEEEES5_S5_NS0_13ScanTileStateImLb1EEEmEEvNS2_23tile_state_kernel_arg_tIT2_T3_EEi' for 'sm_100'
ptxas info    : Function properties for _ZN3cub17_V_300500_SM_10006detail4scan20DeviceScanInitKernelINS2_26policy_selector_from_typesIPmS5_mjN4cuda3std3__44plusIvEEEES5_S5_NS0_13ScanTileStateImLb1EEEmEEvNS2_23tile_state_kernel_arg_tIT2_T3_EEi
    0 bytes stack frame, 0 bytes spill stores, 0 bytes spill loads
ptxas info    : Used 8 registers, used 0 barriers
ptxas info    : Compile time = 1.004 ms
ptxas info    : Compiling entry function '_ZN3cub17_V_300500_SM_10006detail4scan16DeviceScanKernelINS2_26policy_selector_from_typesIPlS5_lmN4cuda3std3__44plusIvEEEES5_S5_NS0_13ScanTileStateIlLb1EEESA_NS1_10InputValueIlS5_EEmlLb0ElEEvT0_T1_NS2_23tile_state_kernel_arg_tIT2_T6_EEiT3_T4_T5_i' for 'sm_100'
ptxas info    : Function properties for _ZN3cub17_V_300500_SM_10006detail4scan16DeviceScanKernelINS2_26policy_selector_from_typesIPlS5_lmN4cuda3std3__44plusIvEEEES5_S5_NS0_13ScanTileStateIlLb1EEESA_NS1_10InputValueIlS5_EEmlLb0ElEEvT0_T1_NS2_23tile_state_kernel_arg_tIT2_T6_EEiT3_T4_T5_i
    0 bytes stack frame, 0 bytes spill stores, 0 bytes spill loads
ptxas info    : Used 206 registers, used 3 barriers
ptxas info    : Compile time = 82.889 ms
ptxas info    : Compiling entry function '_ZN3cub17_V_300500_SM_10006detail4scan20DeviceScanInitKernelINS2_26policy_selector_from_typesIPlS5_lmN4cuda3std3__44plusIvEEEES5_S5_NS0_13ScanTileStateIlLb1EEElEEvNS2_23tile_state_kernel_arg_tIT2_T3_EEi' for 'sm_100'
ptxas info    : Function properties for _ZN3cub17_V_300500_SM_10006detail4scan20DeviceScanInitKernelINS2_26policy_selector_from_typesIPlS5_lmN4cuda3std3__44plusIvEEEES5_S5_NS0_13ScanTileStateIlLb1EEElEEvNS2_23tile_state_kernel_arg_tIT2_T3_EEi
    0 bytes stack frame, 0 bytes spill stores, 0 bytes spill loads
ptxas info    : Used 8 registers, used 0 barriers
ptxas info    : Compile time = 1.012 ms
ptxas info    : Compiling entry function '_ZN3cub17_V_300500_SM_10006detail4scan16DeviceScanKernelINS2_26policy_selector_from_typesIPlS5_ljN4cuda3std3__44plusIvEEEES5_S5_NS0_13ScanTileStateIlLb1EEESA_NS1_10InputValueIlS5_EEjlLb0ElEEvT0_T1_NS2_23tile_state_kernel_arg_tIT2_T6_EEiT3_T4_T5_i' for 'sm_100'
ptxas info    : Function properties for _ZN3cub17_V_300500_SM_10006detail4scan16DeviceScanKernelINS2_26policy_selector_from_typesIPlS5_ljN4cuda3std3__44plusIvEEEES5_S5_NS0_13ScanTileStateIlLb1EEESA_NS1_10InputValueIlS5_EEjlLb0ElEEvT0_T1_NS2_23tile_state_kernel_arg_tIT2_T6_EEiT3_T4_T5_i
    0 bytes stack frame, 0 bytes spill stores, 0 bytes spill loads
ptxas info    : Used 206 registers, used 3 barriers
ptxas info    : Compile time = 83.251 ms
ptxas info    : Compiling entry function '_ZN3cub17_V_300500_SM_10006detail4scan20DeviceScanInitKernelINS2_26policy_selector_from_typesIPlS5_ljN4cuda3std3__44plusIvEEEES5_S5_NS0_13ScanTileStateIlLb1EEElEEvNS2_23tile_state_kernel_arg_tIT2_T3_EEi' for 'sm_100'
ptxas info    : Function properties for _ZN3cub17_V_300500_SM_10006detail4scan20DeviceScanInitKernelINS2_26policy_selector_from_typesIPlS5_ljN4cuda3std3__44plusIvEEEES5_S5_NS0_13ScanTileStateIlLb1EEElEEvNS2_23tile_state_kernel_arg_tIT2_T3_EEi
    0 bytes stack frame, 0 bytes spill stores, 0 bytes spill loads
ptxas info    : Used 8 registers, used 0 barriers
ptxas info    : Compile time = 1.004 ms
ptxas info    : Compiling entry function '_ZN3cub17_V_300500_SM_10006detail4scan16DeviceScanKernelINS2_26policy_selector_from_typesIPjS5_jmN4cuda3std3__44plusIvEEEES5_S5_NS0_13ScanTileStateIjLb1EEESA_NS1_10InputValueIjS5_EEmjLb0EjEEvT0_T1_NS2_23tile_state_kernel_arg_tIT2_T6_EEiT3_T4_T5_i' for 'sm_100'
ptxas info    : Function properties for _ZN3cub17_V_300500_SM_10006detail4scan16DeviceScanKernelINS2_26policy_selector_from_typesIPjS5_jmN4cuda3std3__44plusIvEEEES5_S5_NS0_13ScanTileStateIjLb1EEESA_NS1_10InputValueIjS5_EEmjLb0EjEEvT0_T1_NS2_23tile_state_kernel_arg_tIT2_T6_EEiT3_T4_T5_i
    0 bytes stack frame, 0 bytes spill stores, 0 bytes spill loads
ptxas info    : Used 103 registers, used 3 barriers
ptxas info    : Compile time = 55.930 ms
ptxas info    : Compiling entry function '_ZN3cub17_V_300500_SM_10006detail4scan20DeviceScanInitKernelINS2_26policy_selector_from_typesIPjS5_jmN4cuda3std3__44plusIvEEEES5_S5_NS0_13ScanTileStateIjLb1EEEjEEvNS2_23tile_state_kernel_arg_tIT2_T3_EEi' for 'sm_100'
ptxas info    : Function properties for _ZN3cub17_V_300500_SM_10006detail4scan20DeviceScanInitKernelINS2_26policy_selector_from_typesIPjS5_jmN4cuda3std3__44plusIvEEEES5_S5_NS0_13ScanTileStateIjLb1EEEjEEvNS2_23tile_state_kernel_arg_tIT2_T3_EEi
    0 bytes stack frame, 0 bytes spill stores, 0 bytes spill loads
ptxas info    : Used 8 registers, used 0 barriers
ptxas info    : Compile time = 0.989 ms
ptxas info    : Compiling entry function '_ZN3cub17_V_300500_SM_10006detail4scan16DeviceScanKernelINS2_26policy_selector_from_typesIPjS5_jjN4cuda3std3__44plusIvEEEES5_S5_NS0_13ScanTileStateIjLb1EEESA_NS1_10InputValueIjS5_EEjjLb0EjEEvT0_T1_NS2_23tile_state_kernel_arg_tIT2_T6_EEiT3_T4_T5_i' for 'sm_100'
ptxas info    : Function properties for _ZN3cub17_V_300500_SM_10006detail4scan16DeviceScanKernelINS2_26policy_selector_from_typesIPjS5_jjN4cuda3std3__44plusIvEEEES5_S5_NS0_13ScanTileStateIjLb1EEESA_NS1_10InputValueIjS5_EEjjLb0EjEEvT0_T1_NS2_23tile_state_kernel_arg_tIT2_T6_EEiT3_T4_T5_i
    0 bytes stack frame, 0 bytes spill stores, 0 bytes spill loads
ptxas info    : Used 101 registers, used 3 barriers
ptxas info    : Compile time = 55.138 ms
ptxas info    : Compiling entry function '_ZN3cub17_V_300500_SM_10006detail4scan20DeviceScanInitKernelINS2_26policy_selector_from_typesIPjS5_jjN4cuda3std3__44plusIvEEEES5_S5_NS0_13ScanTileStateIjLb1EEEjEEvNS2_23tile_state_kernel_arg_tIT2_T3_EEi' for 'sm_100'
ptxas info    : Function properties for _ZN3cub17_V_300500_SM_10006detail4scan20DeviceScanInitKernelINS2_26policy_selector_from_typesIPjS5_jjN4cuda3std3__44plusIvEEEES5_S5_NS0_13ScanTileStateIjLb1EEEjEEvNS2_23tile_state_kernel_arg_tIT2_T3_EEi
    0 bytes stack frame, 0 bytes spill stores, 0 bytes spill loads
ptxas info    : Used 8 registers, used 0 barriers
ptxas info    : Compile time = 0.995 ms
ptxas info    : Compiling entry function '_ZN3cub17_V_300500_SM_10006detail4scan16DeviceScanKernelINS2_26policy_selector_from_typesIPiS5_imN4cuda3std3__44plusIvEEEES5_S5_NS0_13ScanTileStateIiLb1EEESA_NS1_10InputValueIiS5_EEmiLb0EiEEvT0_T1_NS2_23tile_state_kernel_arg_tIT2_T6_EEiT3_T4_T5_i' for 'sm_100'
ptxas info    : Function properties for _ZN3cub17_V_300500_SM_10006detail4scan16DeviceScanKernelINS2_26policy_selector_from_typesIPiS5_imN4cuda3std3__44plusIvEEEES5_S5_NS0_13ScanTileStateIiLb1EEESA_NS1_10InputValueIiS5_EEmiLb0EiEEvT0_T1_NS2_23tile_state_kernel_arg_tIT2_T6_EEiT3_T4_T5_i
    0 bytes stack frame, 0 bytes spill stores, 0 bytes spill loads
ptxas info    : Used 108 registers, used 3 barriers
ptxas info    : Compile time = 55.560 ms
ptxas info    : Compiling entry function '_ZN3cub17_V_300500_SM_10006detail4scan20DeviceScanInitKernelINS2_26policy_selector_from_typesIPiS5_imN4cuda3std3__44plusIvEEEES5_S5_NS0_13ScanTileStateIiLb1EEEiEEvNS2_23tile_state_kernel_arg_tIT2_T3_EEi' for 'sm_100'
ptxas info    : Function properties for _ZN3cub17_V_300500_SM_10006detail4scan20DeviceScanInitKernelINS2_26policy_selector_from_typesIPiS5_imN4cuda3std3__44plusIvEEEES5_S5_NS0_13ScanTileStateIiLb1EEEiEEvNS2_23tile_state_kernel_arg_tIT2_T3_EEi
    0 bytes stack frame, 0 bytes spill stores, 0 bytes spill loads
ptxas info    : Used 8 registers, used 0 barriers
ptxas info    : Compile time = 0.999 ms
ptxas info    : Compiling entry function '_ZN3cub17_V_300500_SM_10006detail4scan16DeviceScanKernelINS2_26policy_selector_from_typesIPiS5_ijN4cuda3std3__44plusIvEEEES5_S5_NS0_13ScanTileStateIiLb1EEESA_NS1_10InputValueIiS5_EEjiLb0EiEEvT0_T1_NS2_23tile_state_kernel_arg_tIT2_T6_EEiT3_T4_T5_i' for 'sm_100'
ptxas info    : Function properties for _ZN3cub17_V_300500_SM_10006detail4scan16DeviceScanKernelINS2_26policy_selector_from_typesIPiS5_ijN4cuda3std3__44plusIvEEEES5_S5_NS0_13ScanTileStateIiLb1EEESA_NS1_10InputValueIiS5_EEjiLb0EiEEvT0_T1_NS2_23tile_state_kernel_arg_tIT2_T6_EEiT3_T4_T5_i
    0 bytes stack frame, 0 bytes spill stores, 0 bytes spill loads
ptxas info    : Used 107 registers, used 3 barriers
ptxas info    : Compile time = 55.396 ms
ptxas info    : Compiling entry function '_ZN3cub17_V_300500_SM_10006detail4scan20DeviceScanInitKernelINS2_26policy_selector_from_typesIPiS5_ijN4cuda3std3__44plusIvEEEES5_S5_NS0_13ScanTileStateIiLb1EEEiEEvNS2_23tile_state_kernel_arg_tIT2_T3_EEi' for 'sm_100'
ptxas info    : Function properties for _ZN3cub17_V_300500_SM_10006detail4scan20DeviceScanInitKernelINS2_26policy_selector_from_typesIPiS5_ijN4cuda3std3__44plusIvEEEES5_S5_NS0_13ScanTileStateIiLb1EEEiEEvNS2_23tile_state_kernel_arg_tIT2_T3_EEi
    0 bytes stack frame, 0 bytes spill stores, 0 bytes spill loads
ptxas info    : Used 8 registers, used 0 barriers
ptxas info    : Compile time = 1.003 ms
ptxas info    : Compiling entry function '_ZN3cub17_V_300500_SM_10006detail9transform16transform_kernelINS2_26policy_selector_from_typesILb0ELb1EN4cuda3std3__45tupleIJPNS7_7complexIdEESB_EEESB_EElNS5_3__411always_trueENSE_38__callable_permitting_copied_argumentsIN6detail5and_tEEESB_JSB_SB_EEEvT0_ibT1_T2_T3_DpNS2_10kernel_argIT4_EE' for 'sm_100'
ptxas info    : Function properties for _ZN3cub17_V_300500_SM_10006detail9transform16transform_kernelINS2_26policy_selector_from_typesILb0ELb1EN4cuda3std3__45tupleIJPNS7_7complexIdEESB_EEESB_EElNS5_3__411always_trueENSE_38__callable_permitting_copied_argumentsIN6detail5and_tEEESB_JSB_SB_EEEvT0_ibT1_T2_T3_DpNS2_10kernel_argIT4_EE
    0 bytes stack frame, 0 bytes spill stores, 0 bytes spill loads
ptxas info    : Used 17 registers, used 1 barriers
ptxas info    : Compile time = 8.797 ms
ptxas info    : Compiling entry function '_ZN3cub17_V_300500_SM_10006detail9transform16transform_kernelINS2_26policy_selector_from_typesILb0ELb1EN4cuda3std3__45tupleIJPNS7_7complexIdEESB_EEESB_EEiNS5_3__411always_trueENSE_38__callable_permitting_copied_argumentsIN6detail5and_tEEESB_JSB_SB_EEEvT0_ibT1_T2_T3_DpNS2_10kernel_argIT4_EE' for 'sm_100'
ptxas info    : Function properties for _ZN3cub17_V_300500_SM_10006detail9transform16transform_kernelINS2_26policy_selector_from_typesILb0ELb1EN4cuda3std3__45tupleIJPNS7_7complexIdEESB_EEESB_EEiNS5_3__411always_trueENSE_38__callable_permitting_copied_argumentsIN6detail5and_tEEESB_JSB_SB_EEEvT0_ibT1_T2_T3_DpNS2_10kernel_argIT4_EE
    0 bytes stack frame, 0 bytes spill stores, 0 bytes spill loads
ptxas info    : Used 17 registers, used 1 barriers
ptxas info    : Compile time = 8.315 ms
ptxas info    : Compiling entry function '_ZN3cub17_V_300500_SM_10006detail9transform16transform_kernelINS2_26policy_selector_from_typesILb0ELb1EN4cuda3std3__45tupleIJEEEPNS7_7complexIdEEEElNS5_3__411always_trueENS1_17__return_constantISB_EESC_JEEEvT0_ibT1_T2_T3_DpNS2_10kernel_argIT4_EE' for 'sm_100'
ptxas info    : Function properties for _ZN3cub17_V_300500_SM_10006detail9transform16transform_kernelINS2_26policy_selector_from_typesILb0ELb1EN4cuda3std3__45tupleIJEEEPNS7_7complexIdEEEElNS5_3__411always_trueENS1_17__return_constantISB_EESC_JEEEvT0_ibT1_T2_T3_DpNS2_10kernel_argIT4_EE
    0 bytes stack frame, 0 bytes spill stores, 0 bytes spill loads
ptxas info    : Used 32 registers, used 0 barriers
ptxas info    : Compile time = 8.161 ms
ptxas info    : Compiling entry function '_ZN3cub17_V_300500_SM_10006detail9transform16transform_kernelINS2_26policy_selector_from_typesILb0ELb1EN4cuda3std3__45tupleIJEEEPNS7_7complexIdEEEEiNS5_3__411always_trueENS1_17__return_constantISB_EESC_JEEEvT0_ibT1_T2_T3_DpNS2_10kernel_argIT4_EE' for 'sm_100'
ptxas info    : Function properties for _ZN3cub17_V_300500_SM_10006detail9transform16transform_kernelINS2_26policy_selector_from_typesILb0ELb1EN4cuda3std3__45tupleIJEEEPNS7_7complexIdEEEEiNS5_3__411always_trueENS1_17__return_constantISB_EESC_JEEEvT0_ibT1_T2_T3_DpNS2_10kernel_argIT4_EE
    0 bytes stack frame, 0 bytes spill stores, 0 bytes spill loads
ptxas info    : Used 31 registers, used 0 barriers
ptxas info    : Compile time = 6.718 ms
ptxas info    : Compiling entry function '_ZN3cub17_V_300500_SM_10006detail9transform16transform_kernelINS2_26policy_selector_from_typesILb0ELb1EN4cuda3std3__45tupleIJPNS7_7complexIfEESB_EEESB_EElNS5_3__411always_trueENSE_38__callable_permitting_copied_argumentsIN6detail5and_tEEESB_JSB_SB_EEEvT0_ibT1_T2_T3_DpNS2_10kernel_argIT4_EE' for 'sm_100'
ptxas info    : Function properties for _ZN3cub17_V_300500_SM_10006detail9transform16transform_kernelINS2_26policy_selector_from_typesILb0ELb1EN4cuda3std3__45tupleIJPNS7_7complexIfEESB_EEESB_EElNS5_3__411always_trueENSE_38__callable_permitting_copied_argumentsIN6detail5and_tEEESB_JSB_SB_EEEvT0_ibT1_T2_T3_DpNS2_10kernel_argIT4_EE
    0 bytes stack frame, 0 bytes spill stores, 0 bytes spill loads
ptxas info    : Used 12 registers, used 1 barriers
ptxas info    : Compile time = 9.377 ms
ptxas info    : Compiling entry function '_ZN3cub17_V_300500_SM_10006detail9transform16transform_kernelINS2_26policy_selector_from_typesILb0ELb1EN4cuda3std3__45tupleIJPNS7_7complexIfEESB_EEESB_EEiNS5_3__411always_trueENSE_38__callable_permitting_copied_argumentsIN6detail5and_tEEESB_JSB_SB_EEEvT0_ibT1_T2_T3_DpNS2_10kernel_argIT4_EE' for 'sm_100'
ptxas info    : Function properties for _ZN3cub17_V_300500_SM_10006detail9transform16transform_kernelINS2_26policy_selector_from_typesILb0ELb1EN4cuda3std3__45tupleIJPNS7_7complexIfEESB_EEESB_EEiNS5_3__411always_trueENSE_38__callable_permitting_copied_argumentsIN6detail5and_tEEESB_JSB_SB_EEEvT0_ibT1_T2_T3_DpNS2_10kernel_argIT4_EE
    0 bytes stack frame, 0 bytes spill stores, 0 bytes spill loads
ptxas info    : Used 12 registers, used 1 barriers
ptxas info    : Compile time = 8.964 ms
ptxas info    : Compiling entry function '_ZN3cub17_V_300500_SM_10006detail9transform16transform_kernelINS2_26policy_selector_from_typesILb0ELb1EN4cuda3std3__45tupleIJEEEPNS7_7complexIfEEEElNS5_3__411always_trueENS1_17__return_constantISB_EESC_JEEEvT0_ibT1_T2_T3_DpNS2_10kernel_argIT4_EE' for 'sm_100'
ptxas info    : Function properties for _ZN3cub17_V_300500_SM_10006detail9transform16transform_kernelINS2_26policy_selector_from_typesILb0ELb1EN4cuda3std3__45tupleIJEEEPNS7_7complexIfEEEElNS5_3__411always_trueENS1_17__return_constantISB_EESC_JEEEvT0_ibT1_T2_T3_DpNS2_10kernel_argIT4_EE
    0 bytes stack frame, 0 bytes spill stores, 0 bytes spill loads
ptxas info    : Used 32 registers, used 0 barriers
ptxas info    : Compile time = 7.768 ms
ptxas info    : Compiling entry function '_ZN3cub17_V_300500_SM_10006detail9transform16transform_kernelINS2_26policy_selector_from_typesILb0ELb1EN4cuda3std3__45tupleIJEEEPNS7_7complexIfEEEEiNS5_3__411always_trueENS1_17__return_constantISB_EESC_JEEEvT0_ibT1_T2_T3_DpNS2_10kernel_argIT4_EE' for 'sm_100'
ptxas info    : Function properties for _ZN3cub17_V_300500_SM_10006detail9transform16transform_kernelINS2_26policy_selector_from_typesILb0ELb1EN4cuda3std3__45tupleIJEEEPNS7_7complexIfEEEEiNS5_3__411always_trueENS1_17__return_constantISB_EESC_JEEEvT0_ibT1_T2_T3_DpNS2_10kernel_argIT4_EE
    0 bytes stack frame, 0 bytes spill stores, 0 bytes spill loads
ptxas info    : Used 30 registers, used 0 barriers
ptxas info    : Compile time = 6.449 ms
ptxas info    : Compiling entry function '_ZN3cub17_V_300500_SM_10006detail9transform16transform_kernelINS2_26policy_selector_from_typesILb0ELb1EN4cuda3std3__45tupleIJPdS9_EEES9_EElNS5_3__411always_trueENSC_38__callable_permitting_copied_argumentsIN6detail5and_tEEES9_JS9_S9_EEEvT0_ibT1_T2_T3_DpNS2_10kernel_argIT4_EE' for 'sm_100'
ptxas info    : Function properties for _ZN3cub17_V_300500_SM_10006detail9transform16transform_kernelINS2_26policy_selector_from_typesILb0ELb1EN4cuda3std3__45tupleIJPdS9_EEES9_EElNS5_3__411always_trueENSC_38__callable_permitting_copied_argumentsIN6detail5and_tEEES9_JS9_S9_EEEvT0_ibT1_T2_T3_DpNS2_10kernel_argIT4_EE
    0 bytes stack frame, 0 bytes spill stores, 0 bytes spill loads
ptxas info    : Used 12 registers, used 1 barriers
ptxas info    : Compile time = 9.343 ms
ptxas info    : Compiling entry function '_ZN3cub17_V_300500_SM_10006detail9transform16transform_kernelINS2_26policy_selector_from_typesILb0ELb1EN4cuda3std3__45tupleIJPdS9_EEES9_EEiNS5_3__411always_trueENSC_38__callable_permitting_copied_argumentsIN6detail5and_tEEES9_JS9_S9_EEEvT0_ibT1_T2_T3_DpNS2_10kernel_argIT4_EE' for 'sm_100'
ptxas info    : Function properties for _ZN3cub17_V_300500_SM_10006detail9transform16transform_kernelINS2_26policy_selector_from_typesILb0ELb1EN4cuda3std3__45tupleIJPdS9_EEES9_EEiNS5_3__411always_trueENSC_38__callable_permitting_copied_argumentsIN6detail5and_tEEES9_JS9_S9_EEEvT0_ibT1_T2_T3_DpNS2_10kernel_argIT4_EE
    0 bytes stack frame, 0 bytes spill stores, 0 bytes spill loads
ptxas info    : Used 12 registers, used 1 barriers
ptxas info    : Compile time = 8.932 ms
ptxas info    : Compiling entry function '_ZN3cub17_V_300500_SM_10006detail9transform16transform_kernelINS2_26policy_selector_from_typesILb0ELb1EN4cuda3std3__45tupleIJPKdEEEPdEElNS5_3__411always_trueENSE_38__callable_permitting_copied_argumentsIN6detail16random_to_item_tIdEEEESC_JSA_EEEvT0_ibT1_T2_T3_DpNS2_10kernel_argIT4_EE' for 'sm_100'
ptxas info    : Function properties for _ZN3cub17_V_300500_SM_10006detail9transform16transform_kernelINS2_26policy_selector_from_typesILb0ELb1EN4cuda3std3__45tupleIJPKdEEEPdEElNS5_3__411always_trueENSE_38__callable_permitting_copied_argumentsIN6detail16random_to_item_tIdEEEESC_JSA_EEEvT0_ibT1_T2_T3_DpNS2_10kernel_argIT4_EE
    0 bytes stack frame, 0 bytes spill stores, 0 bytes spill loads
ptxas info    : Used 13 registers, used 1 barriers
ptxas info    : Compile time = 7.242 ms
ptxas info    : Compiling entry function '_ZN3cub17_V_300500_SM_10006detail9transform16transform_kernelINS2_26policy_selector_from_typesILb0ELb1EN4cuda3std3__45tupleIJPKdEEEPdEEiNS5_3__411always_trueENSE_38__callable_permitting_copied_argumentsIN6detail16random_to_item_tIdEEEESC_JSA_EEEvT0_ibT1_T2_T3_DpNS2_10kernel_argIT4_EE' for 'sm_100'
ptxas info    : Function properties for _ZN3cub17_V_300500_SM_10006detail9transform16transform_kernelINS2_26policy_selector_from_typesILb0ELb1EN4cuda3std3__45tupleIJPKdEEEPdEEiNS5_3__411always_trueENSE_38__callable_permitting_copied_argumentsIN6detail16random_to_item_tIdEEEESC_JSA_EEEvT0_ibT1_T2_T3_DpNS2_10kernel_argIT4_EE
    0 bytes stack frame, 0 bytes spill stores, 0 bytes spill loads
ptxas info    : Used 13 registers, used 1 barriers
ptxas info    : Compile time = 6.842 ms
ptxas info    : Compiling entry function '_ZN3cub17_V_300500_SM_10006detail9transform16transform_kernelINS2_26policy_selector_from_typesILb0ELb1EN4cuda3std3__45tupleIJPfS9_EEES9_EElNS5_3__411always_trueENSC_38__callable_permitting_copied_argumentsIN6detail5and_tEEES9_JS9_S9_EEEvT0_ibT1_T2_T3_DpNS2_10kernel_argIT4_EE' for 'sm_100'
ptxas info    : Function properties for _ZN3cub17_V_300500_SM_10006detail9transform16transform_kernelINS2_26policy_selector_from_typesILb0ELb1EN4cuda3std3__45tupleIJPfS9_EEES9_EElNS5_3__411always_trueENSC_38__callable_permitting_copied_argumentsIN6detail5and_tEEES9_JS9_S9_EEEvT0_ibT1_T2_T3_DpNS2_10kernel_argIT4_EE
    0 bytes stack frame, 0 bytes spill stores, 0 bytes spill loads
ptxas info    : Used 12 registers, used 1 barriers
ptxas info    : Compile time = 9.262 ms
ptxas info    : Compiling entry function '_ZN3cub17_V_300500_SM_10006detail9transform16transform_kernelINS2_26policy_selector_from_typesILb0ELb1EN4cuda3std3__45tupleIJPfS9_EEES9_EEiNS5_3__411always_trueENSC_38__callable_permitting_copied_argumentsIN6detail5and_tEEES9_JS9_S9_EEEvT0_ibT1_T2_T3_DpNS2_10kernel_argIT4_EE' for 'sm_100'
ptxas info    : Function properties for _ZN3cub17_V_300500_SM_10006detail9transform16transform_kernelINS2_26policy_selector_from_typesILb0ELb1EN4cuda3std3__45tupleIJPfS9_EEES9_EEiNS5_3__411always_trueENSC_38__callable_permitting_copied_argumentsIN6detail5and_tEEES9_JS9_S9_EEEvT0_ibT1_T2_T3_DpNS2_10kernel_argIT4_EE
    0 bytes stack frame, 0 bytes spill stores, 0 bytes spill loads
ptxas info    : Used 12 registers, used 1 barriers
ptxas info    : Compile time = 8.827 ms
ptxas info    : Compiling entry function '_ZN3cub17_V_300500_SM_10006detail9transform16transform_kernelINS2_26policy_selector_from_typesILb0ELb1EN4cuda3std3__45tupleIJEEEPfEElNS5_3__411always_trueENS1_17__return_constantIfEESA_JEEEvT0_ibT1_T2_T3_DpNS2_10kernel_argIT4_EE' for 'sm_100'
ptxas info    : Function properties for _ZN3cub17_V_300500_SM_10006detail9transform16transform_kernelINS2_26policy_selector_from_typesILb0ELb1EN4cuda3std3__45tupleIJEEEPfEElNS5_3__411always_trueENS1_17__return_constantIfEESA_JEEEvT0_ibT1_T2_T3_DpNS2_10kernel_argIT4_EE
    0 bytes stack frame, 0 bytes spill stores, 0 bytes spill loads
ptxas info    : Used 32 registers, used 0 barriers
ptxas info    : Compile time = 7.648 ms
ptxas info    : Compiling entry function '_ZN3cub17_V_300500_SM_10006detail9transform16transform_kernelINS2_26policy_selector_from_typesILb0ELb1EN4cuda3std3__45tupleIJEEEPfEEiNS5_3__411always_trueENS1_17__return_constantIfEESA_JEEEvT0_ibT1_T2_T3_DpNS2_10kernel_argIT4_EE' for 'sm_100'
ptxas info    : Function properties for _ZN3cub17_V_300500_SM_10006detail9transform16transform_kernelINS2_26policy_selector_from_typesILb0ELb1EN4cuda3std3__45tupleIJEEEPfEEiNS5_3__411always_trueENS1_17__return_constantIfEESA_JEEEvT0_ibT1_T2_T3_DpNS2_10kernel_argIT4_EE
    0 bytes stack frame, 0 bytes spill stores, 0 bytes spill loads
ptxas info    : Used 32 registers, used 0 barriers
ptxas info    : Compile time = 6.293 ms
ptxas info    : Compiling entry function '_ZN3cub17_V_300500_SM_10006detail9transform16transform_kernelINS2_26policy_selector_from_typesILb0ELb1EN4cuda3std3__45tupleIJPKdEEEPfEElNS5_3__411always_trueENSE_38__callable_permitting_copied_argumentsIN6detail16random_to_item_tIfEEEESC_JSA_EEEvT0_ibT1_T2_T3_DpNS2_10kernel_argIT4_EE' for 'sm_100'
ptxas info    : Function properties for _ZN3cub17_V_300500_SM_10006detail9transform16transform_kernelINS2_26policy_selector_from_typesILb0ELb1EN4cuda3std3__45tupleIJPKdEEEPfEElNS5_3__411always_trueENSE_38__callable_permitting_copied_argumentsIN6detail16random_to_item_tIfEEEESC_JSA_EEEvT0_ibT1_T2_T3_DpNS2_10kernel_argIT4_EE
    0 bytes stack frame, 0 bytes spill stores, 0 bytes spill loads
ptxas info    : Used 12 registers, used 1 barriers
ptxas info    : Compile time = 7.371 ms
ptxas info    : Compiling entry function '_ZN3cub17_V_300500_SM_10006detail9transform16transform_kernelINS2_26policy_selector_from_typesILb0ELb1EN4cuda3std3__45tupleIJPKdEEEPfEEiNS5_3__411always_trueENSE_38__callable_permitting_copied_argumentsIN6detail16random_to_item_tIfEEEESC_JSA_EEEvT0_ibT1_T2_T3_DpNS2_10kernel_argIT4_EE' for 'sm_100'
ptxas info    : Function properties for _ZN3cub17_V_300500_SM_10006detail9transform16transform_kernelINS2_26policy_selector_from_typesILb0ELb1EN4cuda3std3__45tupleIJPKdEEEPfEEiNS5_3__411always_trueENSE_38__callable_permitting_copied_argumentsIN6detail16random_to_item_tIfEEEESC_JSA_EEEvT0_ibT1_T2_T3_DpNS2_10kernel_argIT4_EE
    0 bytes stack frame, 0 bytes spill stores, 0 bytes spill loads
ptxas info    : Used 12 registers, used 1 barriers
ptxas info    : Compile time = 6.938 ms
ptxas info    : Compiling entry function '_ZN3cub17_V_300500_SM_10006detail9transform16transform_kernelINS2_26policy_selector_from_typesILb0ELb1EN4cuda3std3__45tupleIJPoS9_EEES9_EElNS5_3__411always_trueENSC_38__callable_permitting_copied_argumentsIN6detail5and_tEEES9_JS9_S9_EEEvT0_ibT1_T2_T3_DpNS2_10kernel_argIT4_EE' for 'sm_100'
ptxas info    : Function properties for _ZN3cub17_V_300500_SM_10006detail9transform16transform_kernelINS2_26policy_selector_from_typesILb0ELb1EN4cuda3std3__45tupleIJPoS9_EEES9_EElNS5_3__411always_trueENSC_38__callable_permitting_copied_argumentsIN6detail5and_tEEES9_JS9_S9_EEEvT0_ibT1_T2_T3_DpNS2_10kernel_argIT4_EE
    0 bytes stack frame, 0 bytes spill stores, 0 bytes spill loads
ptxas info    : Used 17 registers, used 1 barriers
ptxas info    : Compile time = 8.809 ms
ptxas info    : Compiling entry function '_ZN3cub17_V_300500_SM_10006detail9transform16transform_kernelINS2_26policy_selector_from_typesILb0ELb1EN4cuda3std3__45tupleIJPoS9_EEES9_EEiNS5_3__411always_trueENSC_38__callable_permitting_copied_argumentsIN6detail5and_tEEES9_JS9_S9_EEEvT0_ibT1_T2_T3_DpNS2_10kernel_argIT4_EE' for 'sm_100'
ptxas info    : Function properties for _ZN3cub17_V_300500_SM_10006detail9transform16transform_kernelINS2_26policy_selector_from_typesILb0ELb1EN4cuda3std3__45tupleIJPoS9_EEES9_EEiNS5_3__411always_trueENSC_38__callable_permitting_copied_argumentsIN6detail5and_tEEES9_JS9_S9_EEEvT0_ibT1_T2_T3_DpNS2_10kernel_argIT4_EE
    0 bytes stack frame, 0 bytes spill stores, 0 bytes spill loads
ptxas info    : Used 17 registers, used 1 barriers
ptxas info    : Compile time = 8.316 ms
ptxas info    : Compiling entry function '_ZN3cub17_V_300500_SM_10006detail9transform16transform_kernelINS2_26policy_selector_from_typesILb0ELb1EN4cuda3std3__45tupleIJEEEPoEElNS5_3__411always_trueENS1_17__return_constantIoEESA_JEEEvT0_ibT1_T2_T3_DpNS2_10kernel_argIT4_EE' for 'sm_100'
ptxas info    : Function properties for _ZN3cub17_V_300500_SM_10006detail9transform16transform_kernelINS2_26policy_selector_from_typesILb0ELb1EN4cuda3std3__45tupleIJEEEPoEElNS5_3__411always_trueENS1_17__return_constantIoEESA_JEEEvT0_ibT1_T2_T3_DpNS2_10kernel_argIT4_EE
    0 bytes stack frame, 0 bytes spill stores, 0 bytes spill loads
ptxas info    : Used 32 registers, used 0 barriers
ptxas info    : Compile time = 8.158 ms
ptxas info    : Compiling entry function '_ZN3cub17_V_300500_SM_10006detail9transform16transform_kernelINS2_26policy_selector_from_typesILb0ELb1EN4cuda3std3__45tupleIJEEEPoEEiNS5_3__411always_trueENS1_17__return_constantIoEESA_JEEEvT0_ibT1_T2_T3_DpNS2_10kernel_argIT4_EE' for 'sm_100'
ptxas info    : Function properties for _ZN3cub17_V_300500_SM_10006detail9transform16transform_kernelINS2_26policy_selector_from_typesILb0ELb1EN4cuda3std3__45tupleIJEEEPoEEiNS5_3__411always_trueENS1_17__return_constantIoEESA_JEEEvT0_ibT1_T2_T3_DpNS2_10kernel_argIT4_EE
    0 bytes stack frame, 0 bytes spill stores, 0 bytes spill loads
ptxas info    : Used 31 registers, used 0 barriers
ptxas info    : Compile time = 6.708 ms
ptxas info    : Compiling entry function '_ZN3cub17_V_300500_SM_10006detail9transform16transform_kernelINS2_26policy_selector_from_typesILb0ELb1EN4cuda3std3__45tupleIJPKdEEEPoEElNS5_3__411always_trueENSE_38__callable_permitting_copied_argumentsIN6detail16random_to_item_tIoEEEESC_JSA_EEEvT0_ibT1_T2_T3_DpNS2_10kernel_argIT4_EE' for 'sm_100'
ptxas info    : Function properties for _ZN3cub17_V_300500_SM_10006detail9transform16transform_kernelINS2_26policy_selector_from_typesILb0ELb1EN4cuda3std3__45tupleIJPKdEEEPoEElNS5_3__411always_trueENSE_38__callable_permitting_copied_argumentsIN6detail16random_to_item_tIoEEEESC_JSA_EEEvT0_ibT1_T2_T3_DpNS2_10kernel_argIT4_EE
    0 bytes stack frame, 0 bytes spill stores, 0 bytes spill loads
ptxas info    : Used 17 registers, used 1 barriers
ptxas info    : Compile time = 9.739 ms
ptxas info    : Compiling entry function '_ZN3cub17_V_300500_SM_10006detail9transform16transform_kernelINS2_26policy_selector_from_typesILb0ELb1EN4cuda3std3__45tupleIJPKdEEEPoEEiNS5_3__411always_trueENSE_38__callable_permitting_copied_argumentsIN6detail16random_to_item_tIoEEEESC_JSA_EEEvT0_ibT1_T2_T3_DpNS2_10kernel_argIT4_EE' for 'sm_100'
ptxas info    : Function properties for _ZN3cub17_V_300500_SM_10006detail9transform16transform_kernelINS2_26policy_selector_from_typesILb0ELb1EN4cuda3std3__45tupleIJPKdEEEPoEEiNS5_3__411always_trueENSE_38__callable_permitting_copied_argumentsIN6detail16random_to_item_tIoEEEESC_JSA_EEEvT0_ibT1_T2_T3_DpNS2_10kernel_argIT4_EE
    0 bytes stack frame, 0 bytes spill stores, 0 bytes spill loads
ptxas info    : Used 16 registers, used 1 barriers
ptxas info    : Compile time = 9.319 ms
ptxas info    : Compiling entry function '_ZN3cub17_V_300500_SM_10006detail9transform16transform_kernelINS2_26policy_selector_from_typesILb0ELb1EN4cuda3std3__45tupleIJPnS9_EEES9_EElNS5_3__411always_trueENSC_38__callable_permitting_copied_argumentsIN6detail5and_tEEES9_JS9_S9_EEEvT0_ibT1_T2_T3_DpNS2_10kernel_argIT4_EE' for 'sm_100'
ptxas info    : Function properties for _ZN3cub17_V_300500_SM_10006detail9transform16transform_kernelINS2_26policy_selector_from_typesILb0ELb1EN4cuda3std3__45tupleIJPnS9_EEES9_EElNS5_3__411always_trueENSC_38__callable_permitting_copied_argumentsIN6detail5and_tEEES9_JS9_S9_EEEvT0_ibT1_T2_T3_DpNS2_10kernel_argIT4_EE
    0 bytes stack frame, 0 bytes spill stores, 0 bytes spill loads
ptxas info    : Used 17 registers, used 1 barriers
ptxas info    : Compile time = 8.802 ms
ptxas info    : Compiling entry function '_ZN3cub17_V_300500_SM_10006detail9transform16transform_kernelINS2_26policy_selector_from_typesILb0ELb1EN4cuda3std3__45tupleIJPnS9_EEES9_EEiNS5_3__411always_trueENSC_38__callable_permitting_copied_argumentsIN6detail5and_tEEES9_JS9_S9_EEEvT0_ibT1_T2_T3_DpNS2_10kernel_argIT4_EE' for 'sm_100'
ptxas info    : Function properties for _ZN3cub17_V_300500_SM_10006detail9transform16transform_kernelINS2_26policy_selector_from_typesILb0ELb1EN4cuda3std3__45tupleIJPnS9_EEES9_EEiNS5_3__411always_trueENSC_38__callable_permitting_copied_argumentsIN6detail5and_tEEES9_JS9_S9_EEEvT0_ibT1_T2_T3_DpNS2_10kernel_argIT4_EE
    0 bytes stack frame, 0 bytes spill stores, 0 bytes spill loads
ptxas info    : Used 17 registers, used 1 barriers
ptxas info    : Compile time = 8.322 ms
ptxas info    : Compiling entry function '_ZN3cub17_V_300500_SM_10006detail9transform16transform_kernelINS2_26policy_selector_from_typesILb0ELb1EN4cuda3std3__45tupleIJEEEPnEElNS5_3__411always_trueENS1_17__return_constantInEESA_JEEEvT0_ibT1_T2_T3_DpNS2_10kernel_argIT4_EE' for 'sm_100'
ptxas info    : Function properties for _ZN3cub17_V_300500_SM_10006detail9transform16transform_kernelINS2_26policy_selector_from_typesILb0ELb1EN4cuda3std3__45tupleIJEEEPnEElNS5_3__411always_trueENS1_17__return_constantInEESA_JEEEvT0_ibT1_T2_T3_DpNS2_10kernel_argIT4_EE
    0 bytes stack frame, 0 bytes spill stores, 0 bytes spill loads
ptxas info    : Used 32 registers, used 0 barriers
ptxas info    : Compile time = 8.169 ms
ptxas info    : Compiling entry function '_ZN3cub17_V_300500_SM_10006detail9transform16transform_kernelINS2_26policy_selector_from_typesILb0ELb1EN4cuda3std3__45tupleIJEEEPnEEiNS5_3__411always_trueENS1_17__return_constantInEESA_JEEEvT0_ibT1_T2_T3_DpNS2_10kernel_argIT4_EE' for 'sm_100'
ptxas info    : Function properties for _ZN3cub17_V_300500_SM_10006detail9transform16transform_kernelINS2_26policy_selector_from_typesILb0ELb1EN4cuda3std3__45tupleIJEEEPnEEiNS5_3__411always_trueENS1_17__return_constantInEESA_JEEEvT0_ibT1_T2_T3_DpNS2_10kernel_argIT4_EE
    0 bytes stack frame, 0 bytes spill stores, 0 bytes spill loads
ptxas info    : Used 31 registers, used 0 barriers
ptxas info    : Compile time = 6.715 ms
ptxas info    : Compiling entry function '_ZN3cub17_V_300500_SM_10006detail9transform16transform_kernelINS2_26policy_selector_from_typesILb0ELb1EN4cuda3std3__45tupleIJPKdEEEPnEElNS5_3__411always_trueENSE_38__callable_permitting_copied_argumentsIN6detail16random_to_item_tInEEEESC_JSA_EEEvT0_ibT1_T2_T3_DpNS2_10kernel_argIT4_EE' for 'sm_100'
ptxas info    : Function properties for _ZN3cub17_V_300500_SM_10006detail9transform16transform_kernelINS2_26policy_selector_from_typesILb0ELb1EN4cuda3std3__45tupleIJPKdEEEPnEElNS5_3__411always_trueENSE_38__callable_permitting_copied_argumentsIN6detail16random_to_item_tInEEEESC_JSA_EEEvT0_ibT1_T2_T3_DpNS2_10kernel_argIT4_EE
    0 bytes stack frame, 0 bytes spill stores, 0 bytes spill loads
ptxas info    : Used 17 registers, used 1 barriers
ptxas info    : Compile time = 10.675 ms
ptxas info    : Compiling entry function '_ZN3cub17_V_300500_SM_10006detail9transform16transform_kernelINS2_26policy_selector_from_typesILb0ELb1EN4cuda3std3__45tupleIJPKdEEEPnEEiNS5_3__411always_trueENSE_38__callable_permitting_copied_argumentsIN6detail16random_to_item_tInEEEESC_JSA_EEEvT0_ibT1_T2_T3_DpNS2_10kernel_argIT4_EE' for 'sm_100'
ptxas info    : Function properties for _ZN3cub17_V_300500_SM_10006detail9transform16transform_kernelINS2_26policy_selector_from_typesILb0ELb1EN4cuda3std3__45tupleIJPKdEEEPnEEiNS5_3__411always_trueENSE_38__callable_permitting_copied_argumentsIN6detail16random_to_item_tInEEEESC_JSA_EEEvT0_ibT1_T2_T3_DpNS2_10kernel_argIT4_EE
    0 bytes stack frame, 0 bytes spill stores, 0 bytes spill loads
ptxas info    : Used 17 registers, used 1 barriers
ptxas info    : Compile time = 10.200 ms
ptxas info    : Compiling entry function '_ZN3cub17_V_300500_SM_10006detail9transform16transform_kernelINS2_26policy_selector_from_typesILb0ELb1EN4cuda3std3__45tupleIJPsS9_EEES9_EElNS5_3__411always_trueENSC_38__callable_permitting_copied_argumentsIN6detail5and_tEEES9_JS9_S9_EEEvT0_ibT1_T2_T3_DpNS2_10kernel_argIT4_EE' for 'sm_100'
ptxas info    : Function properties for _ZN3cub17_V_300500_SM_10006detail9transform16transform_kernelINS2_26policy_selector_from_typesILb0ELb1EN4cuda3std3__45tupleIJPsS9_EEES9_EElNS5_3__411always_trueENSC_38__callable_permitting_copied_argumentsIN6detail5and_tEEES9_JS9_S9_EEEvT0_ibT1_T2_T3_DpNS2_10kernel_argIT4_EE
    0 bytes stack frame, 0 bytes spill stores, 0 bytes spill loads
ptxas info    : Used 12 registers, used 1 barriers
ptxas info    : Compile time = 9.270 ms
ptxas info    : Compiling entry function '_ZN3cub17_V_300500_SM_10006detail9transform16transform_kernelINS2_26policy_selector_from_typesILb0ELb1EN4cuda3std3__45tupleIJPsS9_EEES9_EEiNS5_3__411always_trueENSC_38__callable_permitting_copied_argumentsIN6detail5and_tEEES9_JS9_S9_EEEvT0_ibT1_T2_T3_DpNS2_10kernel_argIT4_EE' for 'sm_100'
ptxas info    : Function properties for _ZN3cub17_V_300500_SM_10006detail9transform16transform_kernelINS2_26policy_selector_from_typesILb0ELb1EN4cuda3std3__45tupleIJPsS9_EEES9_EEiNS5_3__411always_trueENSC_38__callable_permitting_copied_argumentsIN6detail5and_tEEES9_JS9_S9_EEEvT0_ibT1_T2_T3_DpNS2_10kernel_argIT4_EE
    0 bytes stack frame, 0 bytes spill stores, 0 bytes spill loads
ptxas info    : Used 12 registers, used 1 barriers
ptxas info    : Compile time = 8.836 ms
ptxas info    : Compiling entry function '_ZN3cub17_V_300500_SM_10006detail9transform16transform_kernelINS2_26policy_selector_from_typesILb0ELb1EN4cuda3std3__45tupleIJEEEPsEElNS5_3__411always_trueENS1_17__return_constantIsEESA_JEEEvT0_ibT1_T2_T3_DpNS2_10kernel_argIT4_EE' for 'sm_100'
ptxas info    : Function properties for _ZN3cub17_V_300500_SM_10006detail9transform16transform_kernelINS2_26policy_selector_from_typesILb0ELb1EN4cuda3std3__45tupleIJEEEPsEElNS5_3__411always_trueENS1_17__return_constantIsEESA_JEEEvT0_ibT1_T2_T3_DpNS2_10kernel_argIT4_EE
    0 bytes stack frame, 0 bytes spill stores, 0 bytes spill loads
ptxas info    : Used 32 registers, used 0 barriers
ptxas info    : Compile time = 7.530 ms
ptxas info    : Compiling entry function '_ZN3cub17_V_300500_SM_10006detail9transform16transform_kernelINS2_26policy_selector_from_typesILb0ELb1EN4cuda3std3__45tupleIJEEEPsEEiNS5_3__411always_trueENS1_17__return_constantIsEESA_JEEEvT0_ibT1_T2_T3_DpNS2_10kernel_argIT4_EE' for 'sm_100'
ptxas info    : Function properties for _ZN3cub17_V_300500_SM_10006detail9transform16transform_kernelINS2_26policy_selector_from_typesILb0ELb1EN4cuda3std3__45tupleIJEEEPsEEiNS5_3__411always_trueENS1_17__return_constantIsEESA_JEEEvT0_ibT1_T2_T3_DpNS2_10kernel_argIT4_EE
    0 bytes stack frame, 0 bytes spill stores, 0 bytes spill loads
ptxas info    : Used 32 registers, used 0 barriers
ptxas info    : Compile time = 6.166 ms
ptxas info    : Compiling entry function '_ZN3cub17_V_300500_SM_10006detail9transform16transform_kernelINS2_26policy_selector_from_typesILb0ELb1EN4cuda3std3__45tupleIJPKdEEEPsEElNS5_3__411always_trueENSE_38__callable_permitting_copied_argumentsIN6detail16random_to_item_tIsEEEESC_JSA_EEEvT0_ibT1_T2_T3_DpNS2_10kernel_argIT4_EE' for 'sm_100'
ptxas info    : Function properties for _ZN3cub17_V_300500_SM_10006detail9transform16transform_kernelINS2_26policy_selector_from_typesILb0ELb1EN4cuda3std3__45tupleIJPKdEEEPsEElNS5_3__411always_trueENSE_38__callable_permitting_copied_argumentsIN6detail16random_to_item_tIsEEEESC_JSA_EEEvT0_ibT1_T2_T3_DpNS2_10kernel_argIT4_EE
    0 bytes stack frame, 0 bytes spill stores, 0 bytes spill loads
ptxas info    : Used 12 registers, used 1 barriers
ptxas info    : Compile time = 7.398 ms
ptxas info    : Compiling entry function '_ZN3cub17_V_300500_SM_10006detail9transform16transform_kernelINS2_26policy_selector_from_typesILb0ELb1EN4cuda3std3__45tupleIJPKdEEEPsEEiNS5_3__411always_trueENSE_38__callable_permitting_copied_argumentsIN6detail16random_to_item_tIsEEEESC_JSA_EEEvT0_ibT1_T2_T3_DpNS2_10kernel_argIT4_EE' for 'sm_100'
ptxas info    : Function properties for _ZN3cub17_V_300500_SM_10006detail9transform16transform_kernelINS2_26policy_selector_from_typesILb0ELb1EN4cuda3std3__45tupleIJPKdEEEPsEEiNS5_3__411always_trueENSE_38__callable_permitting_copied_argumentsIN6detail16random_to_item_tIsEEEESC_JSA_EEEvT0_ibT1_T2_T3_DpNS2_10kernel_argIT4_EE
    0 bytes stack frame, 0 bytes spill stores, 0 bytes spill loads
ptxas info    : Used 12 registers, used 1 barriers
ptxas info    : Compile time = 6.974 ms
ptxas info    : Compiling entry function '_ZN3cub17_V_300500_SM_10006detail9transform16transform_kernelINS2_26policy_selector_from_typesILb0ELb1EN4cuda3std3__45tupleIJPaS9_EEES9_EElNS5_3__411always_trueENSC_38__callable_permitting_copied_argumentsIN6detail5and_tEEES9_JS9_S9_EEEvT0_ibT1_T2_T3_DpNS2_10kernel_argIT4_EE' for 'sm_100'
ptxas info    : Function properties for _ZN3cub17_V_300500_SM_10006detail9transform16transform_kernelINS2_26policy_selector_from_typesILb0ELb1EN4cuda3std3__45tupleIJPaS9_EEES9_EElNS5_3__411always_trueENSC_38__callable_permitting_copied_argumentsIN6detail5and_tEEES9_JS9_S9_EEEvT0_ibT1_T2_T3_DpNS2_10kernel_argIT4_EE
    0 bytes stack frame, 0 bytes spill stores, 0 bytes spill loads
ptxas info    : Used 12 registers, used 1 barriers
ptxas info    : Compile time = 9.079 ms
ptxas info    : Compiling entry function '_ZN3cub17_V_300500_SM_10006detail9transform16transform_kernelINS2_26policy_selector_from_typesILb0ELb1EN4cuda3std3__45tupleIJPaS9_EEES9_EEiNS5_3__411always_trueENSC_38__callable_permitting_copied_argumentsIN6detail5and_tEEES9_JS9_S9_EEEvT0_ibT1_T2_T3_DpNS2_10kernel_argIT4_EE' for 'sm_100'
ptxas info    : Function properties for _ZN3cub17_V_300500_SM_10006detail9transform16transform_kernelINS2_26policy_selector_from_typesILb0ELb1EN4cuda3std3__45tupleIJPaS9_EEES9_EEiNS5_3__411always_trueENSC_38__callable_permitting_copied_argumentsIN6detail5and_tEEES9_JS9_S9_EEEvT0_ibT1_T2_T3_DpNS2_10kernel_argIT4_EE
    0 bytes stack frame, 0 bytes spill stores, 0 bytes spill loads
ptxas info    : Used 12 registers, used 1 barriers
ptxas info    : Compile time = 8.890 ms
ptxas info    : Compiling entry function '_ZN3cub17_V_300500_SM_10006detail9transform16transform_kernelINS2_26policy_selector_from_typesILb0ELb1EN4cuda3std3__45tupleIJEEEPaEElNS5_3__411always_trueENS1_17__return_constantIaEESA_JEEEvT0_ibT1_T2_T3_DpNS2_10kernel_argIT4_EE' for 'sm_100'
ptxas info    : Function properties for _ZN3cub17_V_300500_SM_10006detail9transform16transform_kernelINS2_26policy_selector_from_typesILb0ELb1EN4cuda3std3__45tupleIJEEEPaEElNS5_3__411always_trueENS1_17__return_constantIaEESA_JEEEvT0_ibT1_T2_T3_DpNS2_10kernel_argIT4_EE
    0 bytes stack frame, 0 bytes spill stores, 0 bytes spill loads
ptxas info    : Used 24 registers, used 0 barriers
ptxas info    : Compile time = 7.895 ms
ptxas info    : Compiling entry function '_ZN3cub17_V_300500_SM_10006detail9transform16transform_kernelINS2_26policy_selector_from_typesILb0ELb1EN4cuda3std3__45tupleIJEEEPaEEiNS5_3__411always_trueENS1_17__return_constantIaEESA_JEEEvT0_ibT1_T2_T3_DpNS2_10kernel_argIT4_EE' for 'sm_100'
ptxas info    : Function properties for _ZN3cub17_V_300500_SM_10006detail9transform16transform_kernelINS2_26policy_selector_from_typesILb0ELb1EN4cuda3std3__45tupleIJEEEPaEEiNS5_3__411always_trueENS1_17__return_constantIaEESA_JEEEvT0_ibT1_T2_T3_DpNS2_10kernel_argIT4_EE
    0 bytes stack frame, 0 bytes spill stores, 0 bytes spill loads
ptxas info    : Used 22 registers, used 0 barriers
ptxas info    : Compile time = 6.539 ms
ptxas info    : Compiling entry function '_ZN3cub17_V_300500_SM_10006detail9transform16transform_kernelINS2_26policy_selector_from_typesILb0ELb1EN4cuda3std3__45tupleIJPKdEEEPaEElNS5_3__411always_trueENSE_38__callable_permitting_copied_argumentsIN6detail16random_to_item_tIaEEEESC_JSA_EEEvT0_ibT1_T2_T3_DpNS2_10kernel_argIT4_EE' for 'sm_100'
ptxas info    : Function properties for _ZN3cub17_V_300500_SM_10006detail9transform16transform_kernelINS2_26policy_selector_from_typesILb0ELb1EN4cuda3std3__45tupleIJPKdEEEPaEElNS5_3__411always_trueENSE_38__callable_permitting_copied_argumentsIN6detail16random_to_item_tIaEEEESC_JSA_EEEvT0_ibT1_T2_T3_DpNS2_10kernel_argIT4_EE
    0 bytes stack frame, 0 bytes spill stores, 0 bytes spill loads
ptxas info    : Used 12 registers, used 1 barriers
ptxas info    : Compile time = 7.406 ms
ptxas info    : Compiling entry function '_ZN3cub17_V_300500_SM_10006detail9transform16transform_kernelINS2_26policy_selector_from_typesILb0ELb1EN4cuda3std3__45tupleIJPKdEEEPaEEiNS5_3__411always_trueENSE_38__callable_permitting_copied_argumentsIN6detail16random_to_item_tIaEEEESC_JSA_EEEvT0_ibT1_T2_T3_DpNS2_10kernel_argIT4_EE' for 'sm_100'
ptxas info    : Function properties for _ZN3cub17_V_300500_SM_10006detail9transform16transform_kernelINS2_26policy_selector_from_typesILb0ELb1EN4cuda3std3__45tupleIJPKdEEEPaEEiNS5_3__411always_trueENSE_38__callable_permitting_copied_argumentsIN6detail16random_to_item_tIaEEEESC_JSA_EEEvT0_ibT1_T2_T3_DpNS2_10kernel_argIT4_EE
    0 bytes stack frame, 0 bytes spill stores, 0 bytes spill loads
ptxas info    : Used 12 registers, used 1 barriers
ptxas info    : Compile time = 7.127 ms
ptxas info    : Compiling entry function '_ZN3cub17_V_300500_SM_10006detail9transform16transform_kernelINS2_26policy_selector_from_typesILb0ELb1EN4cuda3std3__45tupleIJPtS9_EEES9_EElNS5_3__411always_trueENSC_38__callable_permitting_copied_argumentsIN6detail5and_tEEES9_JS9_S9_EEEvT0_ibT1_T2_T3_DpNS2_10kernel_argIT4_EE' for 'sm_100'
ptxas info    : Function properties for _ZN3cub17_V_300500_SM_10006detail9transform16transform_kernelINS2_26policy_selector_from_typesILb0ELb1EN4cuda3std3__45tupleIJPtS9_EEES9_EElNS5_3__411always_trueENSC_38__callable_permitting_copied_argumentsIN6detail5and_tEEES9_JS9_S9_EEEvT0_ibT1_T2_T3_DpNS2_10kernel_argIT4_EE
    0 bytes stack frame, 0 bytes spill stores, 0 bytes spill loads
ptxas info    : Used 12 registers, used 1 barriers
ptxas info    : Compile time = 9.269 ms
ptxas info    : Compiling entry function '_ZN3cub17_V_300500_SM_10006detail9transform16transform_kernelINS2_26policy_selector_from_typesILb0ELb1EN4cuda3std3__45tupleIJPtS9_EEES9_EEiNS5_3__411always_trueENSC_38__callable_permitting_copied_argumentsIN6detail5and_tEEES9_JS9_S9_EEEvT0_ibT1_T2_T3_DpNS2_10kernel_argIT4_EE' for 'sm_100'
ptxas info    : Function properties for _ZN3cub17_V_300500_SM_10006detail9transform16transform_kernelINS2_26policy_selector_from_typesILb0ELb1EN4cuda3std3__45tupleIJPtS9_EEES9_EEiNS5_3__411always_trueENSC_38__callable_permitting_copied_argumentsIN6detail5and_tEEES9_JS9_S9_EEEvT0_ibT1_T2_T3_DpNS2_10kernel_argIT4_EE
    0 bytes stack frame, 0 bytes spill stores, 0 bytes spill loads
ptxas info    : Used 12 registers, used 1 barriers
ptxas info    : Compile time = 8.854 ms
ptxas info    : Compiling entry function '_ZN3cub17_V_300500_SM_10006detail9transform16transform_kernelINS2_26policy_selector_from_typesILb0ELb1EN4cuda3std3__45tupleIJEEEPtEElNS5_3__411always_trueENS1_17__return_constantItEESA_JEEEvT0_ibT1_T2_T3_DpNS2_10kernel_argIT4_EE' for 'sm_100'
ptxas info    : Function properties for _ZN3cub17_V_300500_SM_10006detail9transform16transform_kernelINS2_26policy_selector_from_typesILb0ELb1EN4cuda3std3__45tupleIJEEEPtEElNS5_3__411always_trueENS1_17__return_constantItEESA_JEEEvT0_ibT1_T2_T3_DpNS2_10kernel_argIT4_EE
    0 bytes stack frame, 0 bytes spill stores, 0 bytes spill loads
ptxas info    : Used 32 registers, used 0 barriers
ptxas info    : Compile time = 7.514 ms
ptxas info    : Compiling entry function '_ZN3cub17_V_300500_SM_10006detail9transform16transform_kernelINS2_26policy_selector_from_typesILb0ELb1EN4cuda3std3__45tupleIJEEEPtEEiNS5_3__411always_trueENS1_17__return_constantItEESA_JEEEvT0_ibT1_T2_T3_DpNS2_10kernel_argIT4_EE' for 'sm_100'
ptxas info    : Function properties for _ZN3cub17_V_300500_SM_10006detail9transform16transform_kernelINS2_26policy_selector_from_typesILb0ELb1EN4cuda3std3__45tupleIJEEEPtEEiNS5_3__411always_trueENS1_17__return_constantItEESA_JEEEvT0_ibT1_T2_T3_DpNS2_10kernel_argIT4_EE
    0 bytes stack frame, 0 bytes spill stores, 0 bytes spill loads
ptxas info    : Used 32 registers, used 0 barriers
ptxas info    : Compile time = 6.177 ms
ptxas info    : Compiling entry function '_ZN3cub17_V_300500_SM_10006detail9transform16transform_kernelINS2_26policy_selector_from_typesILb0ELb1EN4cuda3std3__45tupleIJPKdEEEPtEElNS5_3__411always_trueENSE_38__callable_permitting_copied_argumentsIN6detail16random_to_item_tItEEEESC_JSA_EEEvT0_ibT1_T2_T3_DpNS2_10kernel_argIT4_EE' for 'sm_100'
ptxas info    : Function properties for _ZN3cub17_V_300500_SM_10006detail9transform16transform_kernelINS2_26policy_selector_from_typesILb0ELb1EN4cuda3std3__45tupleIJPKdEEEPtEElNS5_3__411always_trueENSE_38__callable_permitting_copied_argumentsIN6detail16random_to_item_tItEEEESC_JSA_EEEvT0_ibT1_T2_T3_DpNS2_10kernel_argIT4_EE
    0 bytes stack frame, 0 bytes spill stores, 0 bytes spill loads
ptxas info    : Used 12 registers, used 1 barriers
ptxas info    : Compile time = 7.397 ms
ptxas info    : Compiling entry function '_ZN3cub17_V_300500_SM_10006detail9transform16transform_kernelINS2_26policy_selector_from_typesILb0ELb1EN4cuda3std3__45tupleIJPKdEEEPtEEiNS5_3__411always_trueENSE_38__callable_permitting_copied_argumentsIN6detail16random_to_item_tItEEEESC_JSA_EEEvT0_ibT1_T2_T3_DpNS2_10kernel_argIT4_EE' for 'sm_100'
ptxas info    : Function properties for _ZN3cub17_V_300500_SM_10006detail9transform16transform_kernelINS2_26policy_selector_from_typesILb0ELb1EN4cuda3std3__45tupleIJPKdEEEPtEEiNS5_3__411always_trueENSE_38__callable_permitting_copied_argumentsIN6detail16random_to_item_tItEEEESC_JSA_EEEvT0_ibT1_T2_T3_DpNS2_10kernel_argIT4_EE
    0 bytes stack frame, 0 bytes spill stores, 0 bytes spill loads
ptxas info    : Used 12 registers, used 1 barriers
ptxas info    : Compile time = 6.994 ms
ptxas info    : Compiling entry function '_ZN3cub17_V_300500_SM_10006detail9transform16transform_kernelINS2_26policy_selector_from_typesILb0ELb1EN4cuda3std3__45tupleIJPhS9_EEES9_EElNS5_3__411always_trueENSC_38__callable_permitting_copied_argumentsIN6detail5and_tEEES9_JS9_S9_EEEvT0_ibT1_T2_T3_DpNS2_10kernel_argIT4_EE' for 'sm_100'
ptxas info    : Function properties for _ZN3cub17_V_300500_SM_10006detail9transform16transform_kernelINS2_26policy_selector_from_typesILb0ELb1EN4cuda3std3__45tupleIJPhS9_EEES9_EElNS5_3__411always_trueENSC_38__callable_permitting_copied_argumentsIN6detail5and_tEEES9_JS9_S9_EEEvT0_ibT1_T2_T3_DpNS2_10kernel_argIT4_EE
    0 bytes stack frame, 0 bytes spill stores, 0 bytes spill loads
ptxas info    : Used 12 registers, used 1 barriers
ptxas info    : Compile time = 9.083 ms
ptxas info    : Compiling entry function '_ZN3cub17_V_300500_SM_10006detail9transform16transform_kernelINS2_26policy_selector_from_typesILb0ELb1EN4cuda3std3__45tupleIJPhS9_EEES9_EEiNS5_3__411always_trueENSC_38__callable_permitting_copied_argumentsIN6detail5and_tEEES9_JS9_S9_EEEvT0_ibT1_T2_T3_DpNS2_10kernel_argIT4_EE' for 'sm_100'
ptxas info    : Function properties for _ZN3cub17_V_300500_SM_10006detail9transform16transform_kernelINS2_26policy_selector_from_typesILb0ELb1EN4cuda3std3__45tupleIJPhS9_EEES9_EEiNS5_3__411always_trueENSC_38__callable_permitting_copied_argumentsIN6detail5and_tEEES9_JS9_S9_EEEvT0_ibT1_T2_T3_DpNS2_10kernel_argIT4_EE
    0 bytes stack frame, 0 bytes spill stores, 0 bytes spill loads
ptxas info    : Used 12 registers, used 1 barriers
ptxas info    : Compile time = 8.874 ms
ptxas info    : Compiling entry function '_ZN3cub17_V_300500_SM_10006detail9transform16transform_kernelINS2_26policy_selector_from_typesILb0ELb1EN4cuda3std3__45tupleIJEEEPhEElNS5_3__411always_trueENS1_17__return_constantIhEESA_JEEEvT0_ibT1_T2_T3_DpNS2_10kernel_argIT4_EE' for 'sm_100'
ptxas info    : Function properties for _ZN3cub17_V_300500_SM_10006detail9transform16transform_kernelINS2_26policy_selector_from_typesILb0ELb1EN4cuda3std3__45tupleIJEEEPhEElNS5_3__411always_trueENS1_17__return_constantIhEESA_JEEEvT0_ibT1_T2_T3_DpNS2_10kernel_argIT4_EE
    0 bytes stack frame, 0 bytes spill stores, 0 bytes spill loads
ptxas info    : Used 24 registers, used 0 barriers
ptxas info    : Compile time = 7.880 ms
ptxas info    : Compiling entry function '_ZN3cub17_V_300500_SM_10006detail9transform16transform_kernelINS2_26policy_selector_from_typesILb0ELb1EN4cuda3std3__45tupleIJEEEPhEEiNS5_3__411always_trueENS1_17__return_constantIhEESA_JEEEvT0_ibT1_T2_T3_DpNS2_10kernel_argIT4_EE' for 'sm_100'
ptxas info    : Function properties for _ZN3cub17_V_300500_SM_10006detail9transform16transform_kernelINS2_26policy_selector_from_typesILb0ELb1EN4cuda3std3__45tupleIJEEEPhEEiNS5_3__411always_trueENS1_17__return_constantIhEESA_JEEEvT0_ibT1_T2_T3_DpNS2_10kernel_argIT4_EE
    0 bytes stack frame, 0 bytes spill stores, 0 bytes spill loads
ptxas info    : Used 22 registers, used 0 barriers
ptxas info    : Compile time = 6.501 ms
ptxas info    : Compiling entry function '_ZN3cub17_V_300500_SM_10006detail9transform16transform_kernelINS2_26policy_selector_from_typesILb0ELb1EN4cuda3std3__45tupleIJPKdEEEPhEElNS5_3__411always_trueENSE_38__callable_permitting_copied_argumentsIN6detail16random_to_item_tIhEEEESC_JSA_EEEvT0_ibT1_T2_T3_DpNS2_10kernel_argIT4_EE' for 'sm_100'
ptxas info    : Function properties for _ZN3cub17_V_300500_SM_10006detail9transform16transform_kernelINS2_26policy_selector_from_typesILb0ELb1EN4cuda3std3__45tupleIJPKdEEEPhEElNS5_3__411always_trueENSE_38__callable_permitting_copied_argumentsIN6detail16random_to_item_tIhEEEESC_JSA_EEEvT0_ibT1_T2_T3_DpNS2_10kernel_argIT4_EE
    0 bytes stack frame, 0 bytes spill stores, 0 bytes spill loads
ptxas info    : Used 12 registers, used 1 barriers
ptxas info    : Compile time = 7.401 ms
ptxas info    : Compiling entry function '_ZN3cub17_V_300500_SM_10006detail9transform16transform_kernelINS2_26policy_selector_from_typesILb0ELb1EN4cuda3std3__45tupleIJPKdEEEPhEEiNS5_3__411always_trueENSE_38__callable_permitting_copied_argumentsIN6detail16random_to_item_tIhEEEESC_JSA_EEEvT0_ibT1_T2_T3_DpNS2_10kernel_argIT4_EE' for 'sm_100'
ptxas info    : Function properties for _ZN3cub17_V_300500_SM_10006detail9transform16transform_kernelINS2_26policy_selector_from_typesILb0ELb1EN4cuda3std3__45tupleIJPKdEEEPhEEiNS5_3__411always_trueENSE_38__callable_permitting_copied_argumentsIN6detail16random_to_item_tIhEEEESC_JSA_EEEvT0_ibT1_T2_T3_DpNS2_10kernel_argIT4_EE
    0 bytes stack frame, 0 bytes spill stores, 0 bytes spill loads
ptxas info    : Used 12 registers, used 1 barriers
ptxas info    : Compile time = 7.620 ms
ptxas info    : Compiling entry function '_ZN3cub17_V_300500_SM_10006detail9transform16transform_kernelINS2_26policy_selector_from_typesILb0ELb1EN4cuda3std3__45tupleIJPKdEEEPbEElNS5_3__411always_trueENSE_38__callable_permitting_copied_argumentsIN6detail23random_to_probability_tEEESC_JSA_EEEvT0_ibT1_T2_T3_DpNS2_10kernel_argIT4_EE' for 'sm_100'
ptxas info    : Function properties for _ZN3cub17_V_300500_SM_10006detail9transform16transform_kernelINS2_26policy_selector_from_typesILb0ELb1EN4cuda3std3__45tupleIJPKdEEEPbEElNS5_3__411always_trueENSE_38__callable_permitting_copied_argumentsIN6detail23random_to_probability_tEEESC_JSA_EEEvT0_ibT1_T2_T3_DpNS2_10kernel_argIT4_EE
    0 bytes stack frame, 0 bytes spill stores, 0 bytes spill loads
ptxas info    : Used 13 registers, used 1 barriers
ptxas info    : Compile time = 7.205 ms
ptxas info    : Compiling entry function '_ZN3cub17_V_300500_SM_10006detail9transform16transform_kernelINS2_26policy_selector_from_typesILb0ELb1EN4cuda3std3__45tupleIJPKdEEEPbEEiNS5_3__411always_trueENSE_38__callable_permitting_copied_argumentsIN6detail23random_to_probability_tEEESC_JSA_EEEvT0_ibT1_T2_T3_DpNS2_10kernel_argIT4_EE' for 'sm_100'
ptxas info    : Function properties for _ZN3cub17_V_300500_SM_10006detail9transform16transform_kernelINS2_26policy_selector_from_typesILb0ELb1EN4cuda3std3__45tupleIJPKdEEEPbEEiNS5_3__411always_trueENSE_38__callable_permitting_copied_argumentsIN6detail23random_to_probability_tEEESC_JSA_EEEvT0_ibT1_T2_T3_DpNS2_10kernel_argIT4_EE
    0 bytes stack frame, 0 bytes spill stores, 0 bytes spill loads
ptxas info    : Used 13 registers, used 1 barriers
ptxas info    : Compile time = 6.907 ms
ptxas info    : Compiling entry function '_ZN3cub17_V_300500_SM_10006detail9transform16transform_kernelINS2_26policy_selector_from_typesILb0ELb1EN4cuda3std3__45tupleIJEEEPbEElNS5_3__411always_trueENS1_17__return_constantIbEESA_JEEEvT0_ibT1_T2_T3_DpNS2_10kernel_argIT4_EE' for 'sm_100'
ptxas info    : Function properties for _ZN3cub17_V_300500_SM_10006detail9transform16transform_kernelINS2_26policy_selector_from_typesILb0ELb1EN4cuda3std3__45tupleIJEEEPbEElNS5_3__411always_trueENS1_17__return_constantIbEESA_JEEEvT0_ibT1_T2_T3_DpNS2_10kernel_argIT4_EE
    0 bytes stack frame, 0 bytes spill stores, 0 bytes spill loads
ptxas info    : Used 24 registers, used 0 barriers
ptxas info    : Compile time = 7.889 ms
ptxas info    : Compiling entry function '_ZN3cub17_V_300500_SM_10006detail9transform16transform_kernelINS2_26policy_selector_from_typesILb0ELb1EN4cuda3std3__45tupleIJEEEPbEEiNS5_3__411always_trueENS1_17__return_constantIbEESA_JEEEvT0_ibT1_T2_T3_DpNS2_10kernel_argIT4_EE' for 'sm_100'
ptxas info    : Function properties for _ZN3cub17_V_300500_SM_10006detail9transform16transform_kernelINS2_26policy_selector_from_typesILb0ELb1EN4cuda3std3__45tupleIJEEEPbEEiNS5_3__411always_trueENS1_17__return_constantIbEESA_JEEEvT0_ibT1_T2_T3_DpNS2_10kernel_argIT4_EE
    0 bytes stack frame, 0 bytes spill stores, 0 bytes spill loads
ptxas info    : Used 22 registers, used 0 barriers
ptxas info    : Compile time = 6.524 ms
ptxas info    : Compiling entry function '_ZN3cub17_V_300500_SM_10006detail9transform16transform_kernelINS2_26policy_selector_from_typesILb0ELb1EN4cuda3std3__45tupleIJPmS9_EEES9_EElNS5_3__411always_trueENSC_38__callable_permitting_copied_argumentsIN6detail5and_tEEES9_JS9_S9_EEEvT0_ibT1_T2_T3_DpNS2_10kernel_argIT4_EE' for 'sm_100'
ptxas info    : Function properties for _ZN3cub17_V_300500_SM_10006detail9transform16transform_kernelINS2_26policy_selector_from_typesILb0ELb1EN4cuda3std3__45tupleIJPmS9_EEES9_EElNS5_3__411always_trueENSC_38__callable_permitting_copied_argumentsIN6detail5and_tEEES9_JS9_S9_EEEvT0_ibT1_T2_T3_DpNS2_10kernel_argIT4_EE
    0 bytes stack frame, 0 bytes spill stores, 0 bytes spill loads
ptxas info    : Used 12 registers, used 1 barriers
ptxas info    : Compile time = 9.359 ms
ptxas info    : Compiling entry function '_ZN3cub17_V_300500_SM_10006detail9transform16transform_kernelINS2_26policy_selector_from_typesILb0ELb1EN4cuda3std3__45tupleIJPmS9_EEES9_EEiNS5_3__411always_trueENSC_38__callable_permitting_copied_argumentsIN6detail5and_tEEES9_JS9_S9_EEEvT0_ibT1_T2_T3_DpNS2_10kernel_argIT4_EE' for 'sm_100'
ptxas info    : Function properties for _ZN3cub17_V_300500_SM_10006detail9transform16transform_kernelINS2_26policy_selector_from_typesILb0ELb1EN4cuda3std3__45tupleIJPmS9_EEES9_EEiNS5_3__411always_trueENSC_38__callable_permitting_copied_argumentsIN6detail5and_tEEES9_JS9_S9_EEEvT0_ibT1_T2_T3_DpNS2_10kernel_argIT4_EE
    0 bytes stack frame, 0 bytes spill stores, 0 bytes spill loads
ptxas info    : Used 12 registers, used 1 barriers
ptxas info    : Compile time = 8.927 ms
ptxas info    : Compiling entry function '_ZN3cub17_V_300500_SM_10006detail9transform16transform_kernelINS2_26policy_selector_from_typesILb0ELb1EN4cuda3std3__45tupleIJEEEPmEElNS5_3__411always_trueENS1_17__return_constantImEESA_JEEEvT0_ibT1_T2_T3_DpNS2_10kernel_argIT4_EE' for 'sm_100'
ptxas info    : Function properties for _ZN3cub17_V_300500_SM_10006detail9transform16transform_kernelINS2_26policy_selector_from_typesILb0ELb1EN4cuda3std3__45tupleIJEEEPmEElNS5_3__411always_trueENS1_17__return_constantImEESA_JEEEvT0_ibT1_T2_T3_DpNS2_10kernel_argIT4_EE
    0 bytes stack frame, 0 bytes spill stores, 0 bytes spill loads
ptxas info    : Used 32 registers, used 0 barriers
ptxas info    : Compile time = 7.523 ms
ptxas info    : Compiling entry function '_ZN3cub17_V_300500_SM_10006detail9transform16transform_kernelINS2_26policy_selector_from_typesILb0ELb1EN4cuda3std3__45tupleIJEEEPmEEiNS5_3__411always_trueENS1_17__return_constantImEESA_JEEEvT0_ibT1_T2_T3_DpNS2_10kernel_argIT4_EE' for 'sm_100'
ptxas info    : Function properties for _ZN3cub17_V_300500_SM_10006detail9transform16transform_kernelINS2_26policy_selector_from_typesILb0ELb1EN4cuda3std3__45tupleIJEEEPmEEiNS5_3__411always_trueENS1_17__return_constantImEESA_JEEEvT0_ibT1_T2_T3_DpNS2_10kernel_argIT4_EE
    0 bytes stack frame, 0 bytes spill stores, 0 bytes spill loads
ptxas info    : Used 30 registers, used 0 barriers
ptxas info    : Compile time = 6.122 ms
ptxas info    : Compiling entry function '_ZN3cub17_V_300500_SM_10006detail9transform16transform_kernelINS2_26policy_selector_from_typesILb0ELb1EN4cuda3std3__45tupleIJPKdEEEPmEElNS5_3__411always_trueENSE_38__callable_permitting_copied_argumentsIN6detail16random_to_item_tImEEEESC_JSA_EEEvT0_ibT1_T2_T3_DpNS2_10kernel_argIT4_EE' for 'sm_100'
ptxas info    : Function properties for _ZN3cub17_V_300500_SM_10006detail9transform16transform_kernelINS2_26policy_selector_from_typesILb0ELb1EN4cuda3std3__45tupleIJPKdEEEPmEElNS5_3__411always_trueENSE_38__callable_permitting_copied_argumentsIN6detail16random_to_item_tImEEEESC_JSA_EEEvT0_ibT1_T2_T3_DpNS2_10kernel_argIT4_EE
    0 bytes stack frame, 0 bytes spill stores, 0 bytes spill loads
ptxas info    : Used 12 registers, used 1 barriers
ptxas info    : Compile time = 7.591 ms
ptxas info    : Compiling entry function '_ZN3cub17_V_300500_SM_10006detail9transform16transform_kernelINS2_26policy_selector_from_typesILb0ELb1EN4cuda3std3__45tupleIJPKdEEEPmEEiNS5_3__411always_trueENSE_38__callable_permitting_copied_argumentsIN6detail16random_to_item_tImEEEESC_JSA_EEEvT0_ibT1_T2_T3_DpNS2_10kernel_argIT4_EE' for 'sm_100'
ptxas info    : Function properties for _ZN3cub17_V_300500_SM_10006detail9transform16transform_kernelINS2_26policy_selector_from_typesILb0ELb1EN4cuda3std3__45tupleIJPKdEEEPmEEiNS5_3__411always_trueENSE_38__callable_permitting_copied_argumentsIN6detail16random_to_item_tImEEEESC_JSA_EEEvT0_ibT1_T2_T3_DpNS2_10kernel_argIT4_EE
    0 bytes stack frame, 0 bytes spill stores, 0 bytes spill loads
ptxas info    : Used 12 registers, used 1 barriers
ptxas info    : Compile time = 6.980 ms
ptxas info    : Compiling entry function '_ZN3cub17_V_300500_SM_10006detail9transform16transform_kernelINS2_26policy_selector_from_typesILb0ELb1EN4cuda3std3__45tupleIJNS5_3__417counting_iteratorIlnLi0ELi0ELi0EEEEEEPmEElNS9_11always_trueENS9_38__callable_permitting_copied_argumentsIN6detail18lognormal_adjust_tImEEEESD_JSB_EEEvT0_ibT1_T2_T3_DpNS2_10kernel_argIT4_EE' for 'sm_100'
ptxas info    : Function properties for _ZN3cub17_V_300500_SM_10006detail9transform16transform_kernelINS2_26policy_selector_from_typesILb0ELb1EN4cuda3std3__45tupleIJNS5_3__417counting_iteratorIlnLi0ELi0ELi0EEEEEEPmEElNS9_11always_trueENS9_38__callable_permitting_copied_argumentsIN6detail18lognormal_adjust_tImEEEESD_JSB_EEEvT0_ibT1_T2_T3_DpNS2_10kernel_argIT4_EE
    0 bytes stack frame, 0 bytes spill stores, 0 bytes spill loads
ptxas info    : Used 32 registers, used 0 barriers
ptxas info    : Compile time = 16.876 ms
ptxas info    : Compiling entry function '_ZN3cub17_V_300500_SM_10006detail9transform16transform_kernelINS2_26policy_selector_from_typesILb0ELb1EN4cuda3std3__45tupleIJNS5_3__417counting_iteratorIlnLi0ELi0ELi0EEEEEEPmEEiNS9_11always_trueENS9_38__callable_permitting_copied_argumentsIN6detail18lognormal_adjust_tImEEEESD_JSB_EEEvT0_ibT1_T2_T3_DpNS2_10kernel_argIT4_EE' for 'sm_100'
ptxas info    : Function properties for _ZN3cub17_V_300500_SM_10006detail9transform16transform_kernelINS2_26policy_selector_from_typesILb0ELb1EN4cuda3std3__45tupleIJNS5_3__417counting_iteratorIlnLi0ELi0ELi0EEEEEEPmEEiNS9_11always_trueENS9_38__callable_permitting_copied_argumentsIN6detail18lognormal_adjust_tImEEEESD_JSB_EEEvT0_ibT1_T2_T3_DpNS2_10kernel_argIT4_EE
    0 bytes stack frame, 0 bytes spill stores, 0 bytes spill loads
ptxas info    : Used 32 registers, used 0 barriers
ptxas info    : Compile time = 14.030 ms
ptxas info    : Compiling entry function '_ZN3cub17_V_300500_SM_10006detail9transform16transform_kernelINS2_26policy_selector_from_typesILb0ELb1EN4cuda3std3__45tupleIJPKdEEEPmEElNS5_3__411always_trueENSE_38__callable_permitting_copied_argumentsIN6detail23lognormal_transformer_tImEEEESC_JSA_EEEvT0_ibT1_T2_T3_DpNS2_10kernel_argIT4_EE' for 'sm_100'
ptxas info    : Function properties for _ZN3cub17_V_300500_SM_10006detail9transform16transform_kernelINS2_26policy_selector_from_typesILb0ELb1EN4cuda3std3__45tupleIJPKdEEEPmEElNS5_3__411always_trueENSE_38__callable_permitting_copied_argumentsIN6detail23lognormal_transformer_tImEEEESC_JSA_EEEvT0_ibT1_T2_T3_DpNS2_10kernel_argIT4_EE
    0 bytes stack frame, 0 bytes spill stores, 0 bytes spill loads
ptxas info    : Used 30 registers, used 1 barriers
ptxas info    : Compile time = 13.086 ms
ptxas info    : Compiling entry function '_ZN3cub17_V_300500_SM_10006detail9transform16transform_kernelINS2_26policy_selector_from_typesILb0ELb1EN4cuda3std3__45tupleIJPKdEEEPmEEiNS5_3__411always_trueENSE_38__callable_permitting_copied_argumentsIN6detail23lognormal_transformer_tImEEEESC_JSA_EEEvT0_ibT1_T2_T3_DpNS2_10kernel_argIT4_EE' for 'sm_100'
ptxas info    : Function properties for _ZN3cub17_V_300500_SM_10006detail9transform16transform_kernelINS2_26policy_selector_from_typesILb0ELb1EN4cuda3std3__45tupleIJPKdEEEPmEEiNS5_3__411always_trueENSE_38__callable_permitting_copied_argumentsIN6detail23lognormal_transformer_tImEEEESC_JSA_EEEvT0_ibT1_T2_T3_DpNS2_10kernel_argIT4_EE
    0 bytes stack frame, 0 bytes spill stores, 0 bytes spill loads
ptxas info    : Used 30 registers, used 1 barriers
ptxas info    : Compile time = 12.553 ms
ptxas info    : Compiling entry function '_ZN3cub17_V_300500_SM_10006detail9transform16transform_kernelINS2_26policy_selector_from_typesILb0ELb1EN4cuda3std3__45tupleIJPlS9_EEES9_EElNS5_3__411always_trueENSC_38__callable_permitting_copied_argumentsIN6detail5and_tEEES9_JS9_S9_EEEvT0_ibT1_T2_T3_DpNS2_10kernel_argIT4_EE' for 'sm_100'
ptxas info    : Function properties for _ZN3cub17_V_300500_SM_10006detail9transform16transform_kernelINS2_26policy_selector_from_typesILb0ELb1EN4cuda3std3__45tupleIJPlS9_EEES9_EElNS5_3__411always_trueENSC_38__callable_permitting_copied_argumentsIN6detail5and_tEEES9_JS9_S9_EEEvT0_ibT1_T2_T3_DpNS2_10kernel_argIT4_EE
    0 bytes stack frame, 0 bytes spill stores, 0 bytes spill loads
ptxas info    : Used 12 registers, used 1 barriers
ptxas info    : Compile time = 9.352 ms
ptxas info    : Compiling entry function '_ZN3cub17_V_300500_SM_10006detail9transform16transform_kernelINS2_26policy_selector_from_typesILb0ELb1EN4cuda3std3__45tupleIJPlS9_EEES9_EEiNS5_3__411always_trueENSC_38__callable_permitting_copied_argumentsIN6detail5and_tEEES9_JS9_S9_EEEvT0_ibT1_T2_T3_DpNS2_10kernel_argIT4_EE' for 'sm_100'
ptxas info    : Function properties for _ZN3cub17_V_300500_SM_10006detail9transform16transform_kernelINS2_26policy_selector_from_typesILb0ELb1EN4cuda3std3__45tupleIJPlS9_EEES9_EEiNS5_3__411always_trueENSC_38__callable_permitting_copied_argumentsIN6detail5and_tEEES9_JS9_S9_EEEvT0_ibT1_T2_T3_DpNS2_10kernel_argIT4_EE
    0 bytes stack frame, 0 bytes spill stores, 0 bytes spill loads
ptxas info    : Used 12 registers, used 1 barriers
ptxas info    : Compile time = 8.957 ms
ptxas info    : Compiling entry function '_ZN3cub17_V_300500_SM_10006detail9transform16transform_kernelINS2_26policy_selector_from_typesILb0ELb1EN4cuda3std3__45tupleIJEEEPlEElNS5_3__411always_trueENS1_17__return_constantIlEESA_JEEEvT0_ibT1_T2_T3_DpNS2_10kernel_argIT4_EE' for 'sm_100'
ptxas info    : Function properties for _ZN3cub17_V_300500_SM_10006detail9transform16transform_kernelINS2_26policy_selector_from_typesILb0ELb1EN4cuda3std3__45tupleIJEEEPlEElNS5_3__411always_trueENS1_17__return_constantIlEESA_JEEEvT0_ibT1_T2_T3_DpNS2_10kernel_argIT4_EE
    0 bytes stack frame, 0 bytes spill stores, 0 bytes spill loads
ptxas info    : Used 32 registers, used 0 barriers
ptxas info    : Compile time = 7.522 ms
ptxas info    : Compiling entry function '_ZN3cub17_V_300500_SM_10006detail9transform16transform_kernelINS2_26policy_selector_from_typesILb0ELb1EN4cuda3std3__45tupleIJEEEPlEEiNS5_3__411always_trueENS1_17__return_constantIlEESA_JEEEvT0_ibT1_T2_T3_DpNS2_10kernel_argIT4_EE' for 'sm_100'
ptxas info    : Function properties for _ZN3cub17_V_300500_SM_10006detail9transform16transform_kernelINS2_26policy_selector_from_typesILb0ELb1EN4cuda3std3__45tupleIJEEEPlEEiNS5_3__411always_trueENS1_17__return_constantIlEESA_JEEEvT0_ibT1_T2_T3_DpNS2_10kernel_argIT4_EE
    0 bytes stack frame, 0 bytes spill stores, 0 bytes spill loads
ptxas info    : Used 30 registers, used 0 barriers
ptxas info    : Compile time = 6.140 ms
ptxas info    : Compiling entry function '_ZN3cub17_V_300500_SM_10006detail9transform16transform_kernelINS2_26policy_selector_from_typesILb0ELb1EN4cuda3std3__45tupleIJPKdEEEPlEElNS5_3__411always_trueENSE_38__callable_permitting_copied_argumentsIN6detail16random_to_item_tIlEEEESC_JSA_EEEvT0_ibT1_T2_T3_DpNS2_10kernel_argIT4_EE' for 'sm_100'
ptxas info    : Function properties for _ZN3cub17_V_300500_SM_10006detail9transform16transform_kernelINS2_26policy_selector_from_typesILb0ELb1EN4cuda3std3__45tupleIJPKdEEEPlEElNS5_3__411always_trueENSE_38__callable_permitting_copied_argumentsIN6detail16random_to_item_tIlEEEESC_JSA_EEEvT0_ibT1_T2_T3_DpNS2_10kernel_argIT4_EE
    0 bytes stack frame, 0 bytes spill stores, 0 bytes spill loads
ptxas info    : Used 12 registers, used 1 barriers
ptxas info    : Compile time = 7.388 ms
ptxas info    : Compiling entry function '_ZN3cub17_V_300500_SM_10006detail9transform16transform_kernelINS2_26policy_selector_from_typesILb0ELb1EN4cuda3std3__45tupleIJPKdEEEPlEEiNS5_3__411always_trueENSE_38__callable_permitting_copied_argumentsIN6detail16random_to_item_tIlEEEESC_JSA_EEEvT0_ibT1_T2_T3_DpNS2_10kernel_argIT4_EE' for 'sm_100'
ptxas info    : Function properties for _ZN3cub17_V_300500_SM_10006detail9transform16transform_kernelINS2_26policy_selector_from_typesILb0ELb1EN4cuda3std3__45tupleIJPKdEEEPlEEiNS5_3__411always_trueENSE_38__callable_permitting_copied_argumentsIN6detail16random_to_item_tIlEEEESC_JSA_EEEvT0_ibT1_T2_T3_DpNS2_10kernel_argIT4_EE
    0 bytes stack frame, 0 bytes spill stores, 0 bytes spill loads
ptxas info    : Used 12 registers, used 1 barriers
ptxas info    : Compile time = 6.969 ms
ptxas info    : Compiling entry function '_ZN3cub17_V_300500_SM_10006detail9transform16transform_kernelINS2_26policy_selector_from_typesILb0ELb1EN4cuda3std3__45tupleIJNS5_3__417counting_iteratorIlnLi0ELi0ELi0EEEEEEPlEElNS9_11always_trueENS9_38__callable_permitting_copied_argumentsIN6detail18lognormal_adjust_tIlEEEESD_JSB_EEEvT0_ibT1_T2_T3_DpNS2_10kernel_argIT4_EE' for 'sm_100'
ptxas info    : Function properties for _ZN3cub17_V_300500_SM_10006detail9transform16transform_kernelINS2_26policy_selector_from_typesILb0ELb1EN4cuda3std3__45tupleIJNS5_3__417counting_iteratorIlnLi0ELi0ELi0EEEEEEPlEElNS9_11always_trueENS9_38__callable_permitting_copied_argumentsIN6detail18lognormal_adjust_tIlEEEESD_JSB_EEEvT0_ibT1_T2_T3_DpNS2_10kernel_argIT4_EE
    0 bytes stack frame, 0 bytes spill stores, 0 bytes spill loads
ptxas info    : Used 32 registers, used 0 barriers
ptxas info    : Compile time = 16.998 ms
ptxas info    : Compiling entry function '_ZN3cub17_V_300500_SM_10006detail9transform16transform_kernelINS2_26policy_selector_from_typesILb0ELb1EN4cuda3std3__45tupleIJNS5_3__417counting_iteratorIlnLi0ELi0ELi0EEEEEEPlEEiNS9_11always_trueENS9_38__callable_permitting_copied_argumentsIN6detail18lognormal_adjust_tIlEEEESD_JSB_EEEvT0_ibT1_T2_T3_DpNS2_10kernel_argIT4_EE' for 'sm_100'
ptxas info    : Function properties for _ZN3cub17_V_300500_SM_10006detail9transform16transform_kernelINS2_26policy_selector_from_typesILb0ELb1EN4cuda3std3__45tupleIJNS5_3__417counting_iteratorIlnLi0ELi0ELi0EEEEEEPlEEiNS9_11always_trueENS9_38__callable_permitting_copied_argumentsIN6detail18lognormal_adjust_tIlEEEESD_JSB_EEEvT0_ibT1_T2_T3_DpNS2_10kernel_argIT4_EE
    0 bytes stack frame, 0 bytes spill stores, 0 bytes spill loads
ptxas info    : Used 32 registers, used 0 barriers
ptxas info    : Compile time = 14.033 ms
ptxas info    : Compiling entry function '_ZN3cub17_V_300500_SM_10006detail9transform16transform_kernelINS2_26policy_selector_from_typesILb0ELb1EN4cuda3std3__45tupleIJPKdEEEPlEElNS5_3__411always_trueENSE_38__callable_permitting_copied_argumentsIN6detail23lognormal_transformer_tIlEEEESC_JSA_EEEvT0_ibT1_T2_T3_DpNS2_10kernel_argIT4_EE' for 'sm_100'
ptxas info    : Function properties for _ZN3cub17_V_300500_SM_10006detail9transform16transform_kernelINS2_26policy_selector_from_typesILb0ELb1EN4cuda3std3__45tupleIJPKdEEEPlEElNS5_3__411always_trueENSE_38__callable_permitting_copied_argumentsIN6detail23lognormal_transformer_tIlEEEESC_JSA_EEEvT0_ibT1_T2_T3_DpNS2_10kernel_argIT4_EE
    0 bytes stack frame, 0 bytes spill stores, 0 bytes spill loads
ptxas info    : Used 30 registers, used 1 barriers
ptxas info    : Compile time = 13.070 ms
ptxas info    : Compiling entry function '_ZN3cub17_V_300500_SM_10006detail9transform16transform_kernelINS2_26policy_selector_from_typesILb0ELb1EN4cuda3std3__45tupleIJPKdEEEPlEEiNS5_3__411always_trueENSE_38__callable_permitting_copied_argumentsIN6detail23lognormal_transformer_tIlEEEESC_JSA_EEEvT0_ibT1_T2_T3_DpNS2_10kernel_argIT4_EE' for 'sm_100'
ptxas info    : Function properties for _ZN3cub17_V_300500_SM_10006detail9transform16transform_kernelINS2_26policy_selector_from_typesILb0ELb1EN4cuda3std3__45tupleIJPKdEEEPlEEiNS5_3__411always_trueENSE_38__callable_permitting_copied_argumentsIN6detail23lognormal_transformer_tIlEEEESC_JSA_EEEvT0_ibT1_T2_T3_DpNS2_10kernel_argIT4_EE
    0 bytes stack frame, 0 bytes spill stores, 0 bytes spill loads
ptxas info    : Used 30 registers, used 1 barriers
ptxas info    : Compile time = 12.648 ms
ptxas info    : Compiling entry function '_ZN3cub17_V_300500_SM_10006detail9transform16transform_kernelINS2_26policy_selector_from_typesILb0ELb1EN4cuda3std3__45tupleIJPjS9_EEES9_EElNS5_3__411always_trueENSC_38__callable_permitting_copied_argumentsIN6detail5and_tEEES9_JS9_S9_EEEvT0_ibT1_T2_T3_DpNS2_10kernel_argIT4_EE' for 'sm_100'
ptxas info    : Function properties for _ZN3cub17_V_300500_SM_10006detail9transform16transform_kernelINS2_26policy_selector_from_typesILb0ELb1EN4cuda3std3__45tupleIJPjS9_EEES9_EElNS5_3__411always_trueENSC_38__callable_permitting_copied_argumentsIN6detail5and_tEEES9_JS9_S9_EEEvT0_ibT1_T2_T3_DpNS2_10kernel_argIT4_EE
    0 bytes stack frame, 0 bytes spill stores, 0 bytes spill loads
ptxas info    : Used 12 registers, used 1 barriers
ptxas info    : Compile time = 9.289 ms
ptxas info    : Compiling entry function '_ZN3cub17_V_300500_SM_10006detail9transform16transform_kernelINS2_26policy_selector_from_typesILb0ELb1EN4cuda3std3__45tupleIJPjS9_EEES9_EEiNS5_3__411always_trueENSC_38__callable_permitting_copied_argumentsIN6detail5and_tEEES9_JS9_S9_EEEvT0_ibT1_T2_T3_DpNS2_10kernel_argIT4_EE' for 'sm_100'
ptxas info    : Function properties for _ZN3cub17_V_300500_SM_10006detail9transform16transform_kernelINS2_26policy_selector_from_typesILb0ELb1EN4cuda3std3__45tupleIJPjS9_EEES9_EEiNS5_3__411always_trueENSC_38__callable_permitting_copied_argumentsIN6detail5and_tEEES9_JS9_S9_EEEvT0_ibT1_T2_T3_DpNS2_10kernel_argIT4_EE
    0 bytes stack frame, 0 bytes spill stores, 0 bytes spill loads
ptxas info    : Used 12 registers, used 1 barriers
ptxas info    : Compile time = 8.829 ms
ptxas info    : Compiling entry function '_ZN3cub17_V_300500_SM_10006detail9transform16transform_kernelINS2_26policy_selector_from_typesILb0ELb1EN4cuda3std3__45tupleIJEEEPjEElNS5_3__411always_trueENS1_17__return_constantIjEESA_JEEEvT0_ibT1_T2_T3_DpNS2_10kernel_argIT4_EE' for 'sm_100'
ptxas info    : Function properties for _ZN3cub17_V_300500_SM_10006detail9transform16transform_kernelINS2_26policy_selector_from_typesILb0ELb1EN4cuda3std3__45tupleIJEEEPjEElNS5_3__411always_trueENS1_17__return_constantIjEESA_JEEEvT0_ibT1_T2_T3_DpNS2_10kernel_argIT4_EE
    0 bytes stack frame, 0 bytes spill stores, 0 bytes spill loads
ptxas info    : Used 32 registers, used 0 barriers
ptxas info    : Compile time = 7.719 ms
ptxas info    : Compiling entry function '_ZN3cub17_V_300500_SM_10006detail9transform16transform_kernelINS2_26policy_selector_from_typesILb0ELb1EN4cuda3std3__45tupleIJEEEPjEEiNS5_3__411always_trueENS1_17__return_constantIjEESA_JEEEvT0_ibT1_T2_T3_DpNS2_10kernel_argIT4_EE' for 'sm_100'
ptxas info    : Function properties for _ZN3cub17_V_300500_SM_10006detail9transform16transform_kernelINS2_26policy_selector_from_typesILb0ELb1EN4cuda3std3__45tupleIJEEEPjEEiNS5_3__411always_trueENS1_17__return_constantIjEESA_JEEEvT0_ibT1_T2_T3_DpNS2_10kernel_argIT4_EE
    0 bytes stack frame, 0 bytes spill stores, 0 bytes spill loads
ptxas info    : Used 32 registers, used 0 barriers
ptxas info    : Compile time = 6.299 ms
ptxas info    : Compiling entry function '_ZN3cub17_V_300500_SM_10006detail9transform16transform_kernelINS2_26policy_selector_from_typesILb0ELb1EN4cuda3std3__45tupleIJPKdEEEPjEElNS5_3__411always_trueENSE_38__callable_permitting_copied_argumentsIN6detail16random_to_item_tIjEEEESC_JSA_EEEvT0_ibT1_T2_T3_DpNS2_10kernel_argIT4_EE' for 'sm_100'
ptxas info    : Function properties for _ZN3cub17_V_300500_SM_10006detail9transform16transform_kernelINS2_26policy_selector_from_typesILb0ELb1EN4cuda3std3__45tupleIJPKdEEEPjEElNS5_3__411always_trueENSE_38__callable_permitting_copied_argumentsIN6detail16random_to_item_tIjEEEESC_JSA_EEEvT0_ibT1_T2_T3_DpNS2_10kernel_argIT4_EE
    0 bytes stack frame, 0 bytes spill stores, 0 bytes spill loads
ptxas info    : Used 12 registers, used 1 barriers
ptxas info    : Compile time = 7.415 ms
ptxas info    : Compiling entry function '_ZN3cub17_V_300500_SM_10006detail9transform16transform_kernelINS2_26policy_selector_from_typesILb0ELb1EN4cuda3std3__45tupleIJPKdEEEPjEEiNS5_3__411always_trueENSE_38__callable_permitting_copied_argumentsIN6detail16random_to_item_tIjEEEESC_JSA_EEEvT0_ibT1_T2_T3_DpNS2_10kernel_argIT4_EE' for 'sm_100'
ptxas info    : Function properties for _ZN3cub17_V_300500_SM_10006detail9transform16transform_kernelINS2_26policy_selector_from_typesILb0ELb1EN4cuda3std3__45tupleIJPKdEEEPjEEiNS5_3__411always_trueENSE_38__callable_permitting_copied_argumentsIN6detail16random_to_item_tIjEEEESC_JSA_EEEvT0_ibT1_T2_T3_DpNS2_10kernel_argIT4_EE
    0 bytes stack frame, 0 bytes spill stores, 0 bytes spill loads
ptxas info    : Used 12 registers, used 1 barriers
ptxas info    : Compile time = 6.972 ms
ptxas info    : Compiling entry function '_ZN3cub17_V_300500_SM_10006detail9transform16transform_kernelINS2_26policy_selector_from_typesILb0ELb1EN4cuda3std3__45tupleIJNS5_3__417counting_iteratorIlnLi0ELi0ELi0EEEEEEPjEElNS9_11always_trueENS9_38__callable_permitting_copied_argumentsIN6detail18lognormal_adjust_tIjEEEESD_JSB_EEEvT0_ibT1_T2_T3_DpNS2_10kernel_argIT4_EE' for 'sm_100'
ptxas info    : Function properties for _ZN3cub17_V_300500_SM_10006detail9transform16transform_kernelINS2_26policy_selector_from_typesILb0ELb1EN4cuda3std3__45tupleIJNS5_3__417counting_iteratorIlnLi0ELi0ELi0EEEEEEPjEElNS9_11always_trueENS9_38__callable_permitting_copied_argumentsIN6detail18lognormal_adjust_tIjEEEESD_JSB_EEEvT0_ibT1_T2_T3_DpNS2_10kernel_argIT4_EE
    0 bytes stack frame, 0 bytes spill stores, 0 bytes spill loads
ptxas info    : Used 30 registers, used 0 barriers
ptxas info    : Compile time = 17.160 ms
ptxas info    : Compiling entry function '_ZN3cub17_V_300500_SM_10006detail9transform16transform_kernelINS2_26policy_selector_from_typesILb0ELb1EN4cuda3std3__45tupleIJNS5_3__417counting_iteratorIlnLi0ELi0ELi0EEEEEEPjEEiNS9_11always_trueENS9_38__callable_permitting_copied_argumentsIN6detail18lognormal_adjust_tIjEEEESD_JSB_EEEvT0_ibT1_T2_T3_DpNS2_10kernel_argIT4_EE' for 'sm_100'
ptxas info    : Function properties for _ZN3cub17_V_300500_SM_10006detail9transform16transform_kernelINS2_26policy_selector_from_typesILb0ELb1EN4cuda3std3__45tupleIJNS5_3__417counting_iteratorIlnLi0ELi0ELi0EEEEEEPjEEiNS9_11always_trueENS9_38__callable_permitting_copied_argumentsIN6detail18lognormal_adjust_tIjEEEESD_JSB_EEEvT0_ibT1_T2_T3_DpNS2_10kernel_argIT4_EE
    0 bytes stack frame, 0 bytes spill stores, 0 bytes spill loads
ptxas info    : Used 30 registers, used 0 barriers
ptxas info    : Compile time = 14.604 ms
ptxas info    : Compiling entry function '_ZN3cub17_V_300500_SM_10006detail9transform16transform_kernelINS2_26policy_selector_from_typesILb0ELb1EN4cuda3std3__45tupleIJPKdEEEPjEElNS5_3__411always_trueENSE_38__callable_permitting_copied_argumentsIN6detail23lognormal_transformer_tIjEEEESC_JSA_EEEvT0_ibT1_T2_T3_DpNS2_10kernel_argIT4_EE' for 'sm_100'
ptxas info    : Function properties for _ZN3cub17_V_300500_SM_10006detail9transform16transform_kernelINS2_26policy_selector_from_typesILb0ELb1EN4cuda3std3__45tupleIJPKdEEEPjEElNS5_3__411always_trueENSE_38__callable_permitting_copied_argumentsIN6detail23lognormal_transformer_tIjEEEESC_JSA_EEEvT0_ibT1_T2_T3_DpNS2_10kernel_argIT4_EE
    0 bytes stack frame, 0 bytes spill stores, 0 bytes spill loads
ptxas info    : Used 30 registers, used 1 barriers
ptxas info    : Compile time = 13.127 ms
ptxas info    : Compiling entry function '_ZN3cub17_V_300500_SM_10006detail9transform16transform_kernelINS2_26policy_selector_from_typesILb0ELb1EN4cuda3std3__45tupleIJPKdEEEPjEEiNS5_3__411always_trueENSE_38__callable_permitting_copied_argumentsIN6detail23lognormal_transformer_tIjEEEESC_JSA_EEEvT0_ibT1_T2_T3_DpNS2_10kernel_argIT4_EE' for 'sm_100'
ptxas info    : Function properties for _ZN3cub17_V_300500_SM_10006detail9transform16transform_kernelINS2_26policy_selector_from_typesILb0ELb1EN4cuda3std3__45tupleIJPKdEEEPjEEiNS5_3__411always_trueENSE_38__callable_permitting_copied_argumentsIN6detail23lognormal_transformer_tIjEEEESC_JSA_EEEvT0_ibT1_T2_T3_DpNS2_10kernel_argIT4_EE
    0 bytes stack frame, 0 bytes spill stores, 0 bytes spill loads
ptxas info    : Used 30 registers, used 1 barriers
ptxas info    : Compile time = 12.561 ms
ptxas info    : Compiling entry function '_ZN3cub17_V_300500_SM_10006detail9transform16transform_kernelINS2_26policy_selector_from_typesILb0ELb1EN4cuda3std3__45tupleIJPiS9_EEES9_EElNS5_3__411always_trueENSC_38__callable_permitting_copied_argumentsIN6detail5and_tEEES9_JS9_S9_EEEvT0_ibT1_T2_T3_DpNS2_10kernel_argIT4_EE' for 'sm_100'
ptxas info    : Function properties for _ZN3cub17_V_300500_SM_10006detail9transform16transform_kernelINS2_26policy_selector_from_typesILb0ELb1EN4cuda3std3__45tupleIJPiS9_EEES9_EElNS5_3__411always_trueENSC_38__callable_permitting_copied_argumentsIN6detail5and_tEEES9_JS9_S9_EEEvT0_ibT1_T2_T3_DpNS2_10kernel_argIT4_EE
    0 bytes stack frame, 0 bytes spill stores, 0 bytes spill loads
ptxas info    : Used 12 registers, used 1 barriers
ptxas info    : Compile time = 9.300 ms
ptxas info    : Compiling entry function '_ZN3cub17_V_300500_SM_10006detail9transform16transform_kernelINS2_26policy_selector_from_typesILb0ELb1EN4cuda3std3__45tupleIJPiS9_EEES9_EEiNS5_3__411always_trueENSC_38__callable_permitting_copied_argumentsIN6detail5and_tEEES9_JS9_S9_EEEvT0_ibT1_T2_T3_DpNS2_10kernel_argIT4_EE' for 'sm_100'
ptxas info    : Function properties for _ZN3cub17_V_300500_SM_10006detail9transform16transform_kernelINS2_26policy_selector_from_typesILb0ELb1EN4cuda3std3__45tupleIJPiS9_EEES9_EEiNS5_3__411always_trueENSC_38__callable_permitting_copied_argumentsIN6detail5and_tEEES9_JS9_S9_EEEvT0_ibT1_T2_T3_DpNS2_10kernel_argIT4_EE
    0 bytes stack frame, 0 bytes spill stores, 0 bytes spill loads
ptxas info    : Used 12 registers, used 1 barriers
ptxas info    : Compile time = 8.850 ms
ptxas info    : Compiling entry function '_ZN3cub17_V_300500_SM_10006detail9transform16transform_kernelINS2_26policy_selector_from_typesILb0ELb1EN4cuda3std3__45tupleIJEEEPiEElNS5_3__411always_trueENS1_17__return_constantIiEESA_JEEEvT0_ibT1_T2_T3_DpNS2_10kernel_argIT4_EE' for 'sm_100'
ptxas info    : Function properties for _ZN3cub17_V_300500_SM_10006detail9transform16transform_kernelINS2_26policy_selector_from_typesILb0ELb1EN4cuda3std3__45tupleIJEEEPiEElNS5_3__411always_trueENS1_17__return_constantIiEESA_JEEEvT0_ibT1_T2_T3_DpNS2_10kernel_argIT4_EE
    0 bytes stack frame, 0 bytes spill stores, 0 bytes spill loads
ptxas info    : Used 32 registers, used 0 barriers
ptxas info    : Compile time = 7.653 ms
ptxas info    : Compiling entry function '_ZN3cub17_V_300500_SM_10006detail9transform16transform_kernelINS2_26policy_selector_from_typesILb0ELb1EN4cuda3std3__45tupleIJEEEPiEEiNS5_3__411always_trueENS1_17__return_constantIiEESA_JEEEvT0_ibT1_T2_T3_DpNS2_10kernel_argIT4_EE' for 'sm_100'
ptxas info    : Function properties for _ZN3cub17_V_300500_SM_10006detail9transform16transform_kernelINS2_26policy_selector_from_typesILb0ELb1EN4cuda3std3__45tupleIJEEEPiEEiNS5_3__411always_trueENS1_17__return_constantIiEESA_JEEEvT0_ibT1_T2_T3_DpNS2_10kernel_argIT4_EE
    0 bytes stack frame, 0 bytes spill stores, 0 bytes spill loads
ptxas info    : Used 32 registers, used 0 barriers
ptxas info    : Compile time = 6.315 ms
ptxas info    : Compiling entry function '_ZN3cub17_V_300500_SM_10006detail9transform16transform_kernelINS2_26policy_selector_from_typesILb0ELb1EN4cuda3std3__45tupleIJPKdEEEPiEElNS5_3__411always_trueENSE_38__callable_permitting_copied_argumentsIN6detail16random_to_item_tIiEEEESC_JSA_EEEvT0_ibT1_T2_T3_DpNS2_10kernel_argIT4_EE' for 'sm_100'
ptxas info    : Function properties for _ZN3cub17_V_300500_SM_10006detail9transform16transform_kernelINS2_26policy_selector_from_typesILb0ELb1EN4cuda3std3__45tupleIJPKdEEEPiEElNS5_3__411always_trueENSE_38__callable_permitting_copied_argumentsIN6detail16random_to_item_tIiEEEESC_JSA_EEEvT0_ibT1_T2_T3_DpNS2_10kernel_argIT4_EE
    0 bytes stack frame, 0 bytes spill stores, 0 bytes spill loads
ptxas info    : Used 12 registers, used 1 barriers
ptxas info    : Compile time = 7.407 ms
ptxas info    : Compiling entry function '_ZN3cub17_V_300500_SM_10006detail9transform16transform_kernelINS2_26policy_selector_from_typesILb0ELb1EN4cuda3std3__45tupleIJPKdEEEPiEEiNS5_3__411always_trueENSE_38__callable_permitting_copied_argumentsIN6detail16random_to_item_tIiEEEESC_JSA_EEEvT0_ibT1_T2_T3_DpNS2_10kernel_argIT4_EE' for 'sm_100'
ptxas info    : Function properties for _ZN3cub17_V_300500_SM_10006detail9transform16transform_kernelINS2_26policy_selector_from_typesILb0ELb1EN4cuda3std3__45tupleIJPKdEEEPiEEiNS5_3__411always_trueENSE_38__callable_permitting_copied_argumentsIN6detail16random_to_item_tIiEEEESC_JSA_EEEvT0_ibT1_T2_T3_DpNS2_10kernel_argIT4_EE
    0 bytes stack frame, 0 bytes spill stores, 0 bytes spill loads
ptxas info    : Used 12 registers, used 1 barriers
ptxas info    : Compile time = 6.959 ms
ptxas info    : Compiling entry function '_ZN3cub17_V_300500_SM_10006detail9transform16transform_kernelINS2_26policy_selector_from_typesILb0ELb1EN4cuda3std3__45tupleIJNS5_3__417counting_iteratorIlnLi0ELi0ELi0EEEEEEPiEElNS9_11always_trueENS9_38__callable_permitting_copied_argumentsIN6detail18lognormal_adjust_tIiEEEESD_JSB_EEEvT0_ibT1_T2_T3_DpNS2_10kernel_argIT4_EE' for 'sm_100'
ptxas info    : Function properties for _ZN3cub17_V_300500_SM_10006detail9transform16transform_kernelINS2_26policy_selector_from_typesILb0ELb1EN4cuda3std3__45tupleIJNS5_3__417counting_iteratorIlnLi0ELi0ELi0EEEEEEPiEElNS9_11always_trueENS9_38__callable_permitting_copied_argumentsIN6detail18lognormal_adjust_tIiEEEESD_JSB_EEEvT0_ibT1_T2_T3_DpNS2_10kernel_argIT4_EE
    0 bytes stack frame, 0 bytes spill stores, 0 bytes spill loads
ptxas info    : Used 30 registers, used 0 barriers
ptxas info    : Compile time = 17.150 ms
ptxas info    : Compiling entry function '_ZN3cub17_V_300500_SM_10006detail9transform16transform_kernelINS2_26policy_selector_from_typesILb0ELb1EN4cuda3std3__45tupleIJNS5_3__417counting_iteratorIlnLi0ELi0ELi0EEEEEEPiEEiNS9_11always_trueENS9_38__callable_permitting_copied_argumentsIN6detail18lognormal_adjust_tIiEEEESD_JSB_EEEvT0_ibT1_T2_T3_DpNS2_10kernel_argIT4_EE' for 'sm_100'
ptxas info    : Function properties for _ZN3cub17_V_300500_SM_10006detail9transform16transform_kernelINS2_26policy_selector_from_typesILb0ELb1EN4cuda3std3__45tupleIJNS5_3__417counting_iteratorIlnLi0ELi0ELi0EEEEEEPiEEiNS9_11always_trueENS9_38__callable_permitting_copied_argumentsIN6detail18lognormal_adjust_tIiEEEESD_JSB_EEEvT0_ibT1_T2_T3_DpNS2_10kernel_argIT4_EE
    0 bytes stack frame, 0 bytes spill stores, 0 bytes spill loads
ptxas info    : Used 30 registers, used 0 barriers
ptxas info    : Compile time = 14.874 ms
ptxas info    : Compiling entry function '_ZN3cub17_V_300500_SM_10006detail9transform16transform_kernelINS2_26policy_selector_from_typesILb0ELb1EN4cuda3std3__45tupleIJPKdEEEPiEElNS5_3__411always_trueENSE_38__callable_permitting_copied_argumentsIN6detail23lognormal_transformer_tIiEEEESC_JSA_EEEvT0_ibT1_T2_T3_DpNS2_10kernel_argIT4_EE' for 'sm_100'
ptxas info    : Function properties for _ZN3cub17_V_300500_SM_10006detail9transform16transform_kernelINS2_26policy_selector_from_typesILb0ELb1EN4cuda3std3__45tupleIJPKdEEEPiEElNS5_3__411always_trueENSE_38__callable_permitting_copied_argumentsIN6detail23lognormal_transformer_tIiEEEESC_JSA_EEEvT0_ibT1_T2_T3_DpNS2_10kernel_argIT4_EE
    0 bytes stack frame, 0 bytes spill stores, 0 bytes spill loads
ptxas info    : Used 30 registers, used 1 barriers
ptxas info    : Compile time = 13.098 ms
ptxas info    : Compiling entry function '_ZN3cub17_V_300500_SM_10006detail9transform16transform_kernelINS2_26policy_selector_from_typesILb0ELb1EN4cuda3std3__45tupleIJPKdEEEPiEEiNS5_3__411always_trueENSE_38__callable_permitting_copied_argumentsIN6detail23lognormal_transformer_tIiEEEESC_JSA_EEEvT0_ibT1_T2_T3_DpNS2_10kernel_argIT4_EE' for 'sm_100'
ptxas info    : Function properties for _ZN3cub17_V_300500_SM_10006detail9transform16transform_kernelINS2_26policy_selector_from_typesILb0ELb1EN4cuda3std3__45tupleIJPKdEEEPiEEiNS5_3__411always_trueENSE_38__callable_permitting_copied_argumentsIN6detail23lognormal_transformer_tIiEEEESC_JSA_EEEvT0_ibT1_T2_T3_DpNS2_10kernel_argIT4_EE
    0 bytes stack frame, 0 bytes spill stores, 0 bytes spill loads
ptxas info    : Used 30 registers, used 1 barriers
ptxas info    : Compile time = 12.604 ms
ptxas info    : Compiling entry function '_ZN3cub17_V_300500_SM_10006detail9transform16transform_kernelINS2_26policy_selector_from_typesILb0ELb1EN4cuda3std3__45tupleIJEEEPdEElNS5_3__411always_trueENS1_17__return_constantIdEESA_JEEEvT0_ibT1_T2_T3_DpNS2_10kernel_argIT4_EE' for 'sm_100'
ptxas info    : Function properties for _ZN3cub17_V_300500_SM_10006detail9transform16transform_kernelINS2_26policy_selector_from_typesILb0ELb1EN4cuda3std3__45tupleIJEEEPdEElNS5_3__411always_trueENS1_17__return_constantIdEESA_JEEEvT0_ibT1_T2_T3_DpNS2_10kernel_argIT4_EE
    0 bytes stack frame, 0 bytes spill stores, 0 bytes spill loads
ptxas info    : Used 32 registers, used 0 barriers
ptxas info    : Compile time = 7.421 ms
ptxas info    : Compiling entry function '_ZN3cub17_V_300500_SM_10006detail9transform16transform_kernelINS2_26policy_selector_from_typesILb0ELb1EN4cuda3std3__45tupleIJEEEPdEEiNS5_3__411always_trueENS1_17__return_constantIdEESA_JEEEvT0_ibT1_T2_T3_DpNS2_10kernel_argIT4_EE' for 'sm_100'
ptxas info    : Function properties for _ZN3cub17_V_300500_SM_10006detail9transform16transform_kernelINS2_26policy_selector_from_typesILb0ELb1EN4cuda3std3__45tupleIJEEEPdEEiNS5_3__411always_trueENS1_17__return_constantIdEESA_JEEEvT0_ibT1_T2_T3_DpNS2_10kernel_argIT4_EE
    0 bytes stack frame, 0 bytes spill stores, 0 bytes spill loads
ptxas info    : Used 30 registers, used 0 barriers
ptxas info    : Compile time = 6.156 ms
ptxas info    : Compiling entry function '_ZN3cub17_V_300500_SM_10006detail8for_each13static_kernelINS2_15policy_selectorEmNS0_9DeviceFor14__op_wrapper_tImN6thrust17_V_300500_SM_10006detail24construct1_via_allocatorINS8_16device_allocatorIN4cuda3std3__47complexIdEEEEEENS8_10device_ptrISG_EEEEEEvT0_T1_' for 'sm_100'
ptxas info    : Function properties for _ZN3cub17_V_300500_SM_10006detail8for_each13static_kernelINS2_15policy_selectorEmNS0_9DeviceFor14__op_wrapper_tImN6thrust17_V_300500_SM_10006detail24construct1_via_allocatorINS8_16device_allocatorIN4cuda3std3__47complexIdEEEEEENS8_10device_ptrISG_EEEEEEvT0_T1_
    0 bytes stack frame, 0 bytes spill stores, 0 bytes spill loads
ptxas info    : Used 7 registers, used 0 barriers
ptxas info    : Compile time = 1.710 ms
ptxas info    : Compiling entry function '_ZN3cub17_V_300500_SM_10006detail8for_each13static_kernelINS2_15policy_selectorEmNS0_9DeviceFor14__op_wrapper_tImN6detail10set_imag_tIdEEN6thrust17_V_300500_SM_100017counting_iteratorImNSB_11use_defaultESD_SD_NSB_20__compile_time_valueILi1EEEEEEEEEvT0_T1_' for 'sm_100'
ptxas info    : Function properties for _ZN3cub17_V_300500_SM_10006detail8for_each13static_kernelINS2_15policy_selectorEmNS0_9DeviceFor14__op_wrapper_tImN6detail10set_imag_tIdEEN6thrust17_V_300500_SM_100017counting_iteratorImNSB_11use_defaultESD_SD_NSB_20__compile_time_valueILi1EEEEEEEEEvT0_T1_
    0 bytes stack frame, 0 bytes spill stores, 0 bytes spill loads
ptxas info    : Used 18 registers, used 0 barriers
ptxas info    : Compile time = 2.756 ms
ptxas info    : Compiling entry function '_ZN3cub17_V_300500_SM_10006detail8for_each13static_kernelINS2_15policy_selectorEmNS0_9DeviceFor14__op_wrapper_tImN6detail10set_real_tIdEEN6thrust17_V_300500_SM_100017counting_iteratorImNSB_11use_defaultESD_SD_NSB_20__compile_time_valueILi1EEEEEEEEEvT0_T1_' for 'sm_100'
ptxas info    : Function properties for _ZN3cub17_V_300500_SM_10006detail8for_each13static_kernelINS2_15policy_selectorEmNS0_9DeviceFor14__op_wrapper_tImN6detail10set_real_tIdEEN6thrust17_V_300500_SM_100017counting_iteratorImNSB_11use_defaultESD_SD_NSB_20__compile_time_valueILi1EEEEEEEEEvT0_T1_
    0 bytes stack frame, 0 bytes spill stores, 0 bytes spill loads
ptxas info    : Used 18 registers, used 0 barriers
ptxas info    : Compile time = 2.746 ms
ptxas info    : Compiling entry function '_ZN3cub17_V_300500_SM_10006detail8for_each13static_kernelINS2_15policy_selectorEmNS0_9DeviceFor14__op_wrapper_tImN6thrust17_V_300500_SM_10006detail24construct1_via_allocatorINS8_16device_allocatorIN4cuda3std3__47complexIfEEEEEENS8_10device_ptrISG_EEEEEEvT0_T1_' for 'sm_100'
ptxas info    : Function properties for _ZN3cub17_V_300500_SM_10006detail8for_each13static_kernelINS2_15policy_selectorEmNS0_9DeviceFor14__op_wrapper_tImN6thrust17_V_300500_SM_10006detail24construct1_via_allocatorINS8_16device_allocatorIN4cuda3std3__47complexIfEEEEEENS8_10device_ptrISG_EEEEEEvT0_T1_
    0 bytes stack frame, 0 bytes spill stores, 0 bytes spill loads
ptxas info    : Used 7 registers, used 0 barriers
ptxas info    : Compile time = 1.705 ms
ptxas info    : Compiling entry function '_ZN3cub17_V_300500_SM_10006detail8for_each13static_kernelINS2_15policy_selectorEmNS0_9DeviceFor14__op_wrapper_tImN6detail10set_imag_tIfEEN6thrust17_V_300500_SM_100017counting_iteratorImNSB_11use_defaultESD_SD_NSB_20__compile_time_valueILi1EEEEEEEEEvT0_T1_' for 'sm_100'
ptxas info    : Function properties for _ZN3cub17_V_300500_SM_10006detail8for_each13static_kernelINS2_15policy_selectorEmNS0_9DeviceFor14__op_wrapper_tImN6detail10set_imag_tIfEEN6thrust17_V_300500_SM_100017counting_iteratorImNSB_11use_defaultESD_SD_NSB_20__compile_time_valueILi1EEEEEEEEEvT0_T1_
    0 bytes stack frame, 0 bytes spill stores, 0 bytes spill loads
ptxas info    : Used 18 registers, used 0 barriers
ptxas info    : Compile time = 3.031 ms
ptxas info    : Compiling entry function '_ZN3cub17_V_300500_SM_10006detail8for_each13static_kernelINS2_15policy_selectorEmNS0_9DeviceFor14__op_wrapper_tImN6detail10set_real_tIfEEN6thrust17_V_300500_SM_100017counting_iteratorImNSB_11use_defaultESD_SD_NSB_20__compile_time_valueILi1EEEEEEEEEvT0_T1_' for 'sm_100'
ptxas info    : Function properties for _ZN3cub17_V_300500_SM_10006detail8for_each13static_kernelINS2_15policy_selectorEmNS0_9DeviceFor14__op_wrapper_tImN6detail10set_real_tIfEEN6thrust17_V_300500_SM_100017counting_iteratorImNSB_11use_defaultESD_SD_NSB_20__compile_time_valueILi1EEEEEEEEEvT0_T1_
    0 bytes stack frame, 0 bytes spill stores, 0 bytes spill loads
ptxas info    : Used 18 registers, used 0 barriers
ptxas info    : Compile time = 3.007 ms
ptxas info    : Compiling entry function '_ZN3cub17_V_300500_SM_10006detail8for_each13static_kernelINS2_15policy_selectorEmN6thrust17_V_300500_SM_10008cuda_cub20__uninitialized_fill7functorINS6_10device_ptrIfEEfEEEEvT0_T1_' for 'sm_100'
ptxas info    : Function properties for _ZN3cub17_V_300500_SM_10006detail8for_each13static_kernelINS2_15policy_selectorEmN6thrust17_V_300500_SM_10008cuda_cub20__uninitialized_fill7functorINS6_10device_ptrIfEEfEEEEvT0_T1_
    0 bytes stack frame, 0 bytes spill stores, 0 bytes spill loads
ptxas info    : Used 8 registers, used 0 barriers
ptxas info    : Compile time = 1.778 ms
ptxas info    : Compiling entry function '_ZN3cub17_V_300500_SM_10006detail8for_each13static_kernelINS2_15policy_selectorEmN6thrust17_V_300500_SM_10008cuda_cub20__uninitialized_fill7functorINS6_10device_ptrIoEEoEEEEvT0_T1_' for 'sm_100'
ptxas info    : Function properties for _ZN3cub17_V_300500_SM_10006detail8for_each13static_kernelINS2_15policy_selectorEmN6thrust17_V_300500_SM_10008cuda_cub20__uninitialized_fill7functorINS6_10device_ptrIoEEoEEEEvT0_T1_
    0 bytes stack frame, 0 bytes spill stores, 0 bytes spill loads
ptxas info    : Used 11 registers, used 0 barriers
ptxas info    : Compile time = 1.851 ms
ptxas info    : Compiling entry function '_ZN3cub17_V_300500_SM_10006detail8for_each13static_kernelINS2_15policy_selectorEmN6thrust17_V_300500_SM_10008cuda_cub20__uninitialized_fill7functorINS6_10device_ptrInEEnEEEEvT0_T1_' for 'sm_100'
ptxas info    : Function properties for _ZN3cub17_V_300500_SM_10006detail8for_each13static_kernelINS2_15policy_selectorEmN6thrust17_V_300500_SM_10008cuda_cub20__uninitialized_fill7functorINS6_10device_ptrInEEnEEEEvT0_T1_
    0 bytes stack frame, 0 bytes spill stores, 0 bytes spill loads
ptxas info    : Used 11 registers, used 0 barriers
ptxas info    : Compile time = 1.841 ms
ptxas info    : Compiling entry function '_ZN3cub17_V_300500_SM_10006detail8for_each13static_kernelINS2_15policy_selectorEmN6thrust17_V_300500_SM_10008cuda_cub20__uninitialized_fill7functorINS6_10device_ptrIsEEsEEEEvT0_T1_' for 'sm_100'
ptxas info    : Function properties for _ZN3cub17_V_300500_SM_10006detail8for_each13static_kernelINS2_15policy_selectorEmN6thrust17_V_300500_SM_10008cuda_cub20__uninitialized_fill7functorINS6_10device_ptrIsEEsEEEEvT0_T1_
    0 bytes stack frame, 0 bytes spill stores, 0 bytes spill loads
ptxas info    : Used 8 registers, used 0 barriers
ptxas info    : Compile time = 1.775 ms
ptxas info    : Compiling entry function '_ZN3cub17_V_300500_SM_10006detail8for_each13static_kernelINS2_15policy_selectorEmN6thrust17_V_300500_SM_10008cuda_cub20__uninitialized_fill7functorINS6_10device_ptrIaEEaEEEEvT0_T1_' for 'sm_100'
ptxas info    : Function properties for _ZN3cub17_V_300500_SM_10006detail8for_each13static_kernelINS2_15policy_selectorEmN6thrust17_V_300500_SM_10008cuda_cub20__uninitialized_fill7functorINS6_10device_ptrIaEEaEEEEvT0_T1_
    0 bytes stack frame, 0 bytes spill stores, 0 bytes spill loads
ptxas info    : Used 10 registers, used 0 barriers
ptxas info    : Compile time = 1.686 ms
ptxas info    : Compiling entry function '_ZN3cub17_V_300500_SM_10006detail8for_each13static_kernelINS2_15policy_selectorEmN6thrust17_V_300500_SM_10008cuda_cub20__uninitialized_fill7functorINS6_10device_ptrItEEtEEEEvT0_T1_' for 'sm_100'
ptxas info    : Function properties for _ZN3cub17_V_300500_SM_10006detail8for_each13static_kernelINS2_15policy_selectorEmN6thrust17_V_300500_SM_10008cuda_cub20__uninitialized_fill7functorINS6_10device_ptrItEEtEEEEvT0_T1_
    0 bytes stack frame, 0 bytes spill stores, 0 bytes spill loads
ptxas info    : Used 8 registers, used 0 barriers
ptxas info    : Compile time = 1.786 ms
ptxas info    : Compiling entry function '_ZN3cub17_V_300500_SM_10006detail8for_each13static_kernelINS2_15policy_selectorEmN6thrust17_V_300500_SM_10008cuda_cub20__uninitialized_fill7functorINS6_10device_ptrIhEEhEEEEvT0_T1_' for 'sm_100'
ptxas info    : Function properties for _ZN3cub17_V_300500_SM_10006detail8for_each13static_kernelINS2_15policy_selectorEmN6thrust17_V_300500_SM_10008cuda_cub20__uninitialized_fill7functorINS6_10device_ptrIhEEhEEEEvT0_T1_
    0 bytes stack frame, 0 bytes spill stores, 0 bytes spill loads
ptxas info    : Used 10 registers, used 0 barriers
ptxas info    : Compile time = 1.693 ms
ptxas info    : Compiling entry function '_ZN3cub17_V_300500_SM_10006detail8for_each13static_kernelINS2_15policy_selectorEmN6thrust17_V_300500_SM_10008cuda_cub20__uninitialized_fill7functorINS6_10device_ptrImEEmEEEEvT0_T1_' for 'sm_100'
ptxas info    : Function properties for _ZN3cub17_V_300500_SM_10006detail8for_each13static_kernelINS2_15policy_selectorEmN6thrust17_V_300500_SM_10008cuda_cub20__uninitialized_fill7functorINS6_10device_ptrImEEmEEEEvT0_T1_
    0 bytes stack frame, 0 bytes spill stores, 0 bytes spill loads
ptxas info    : Used 9 registers, used 0 barriers
ptxas info    : Compile time = 1.787 ms
ptxas info    : Compiling entry function '_ZN3cub17_V_300500_SM_10006detail8for_each13static_kernelINS2_15policy_selectorEmN6thrust17_V_300500_SM_10008cuda_cub20__uninitialized_fill7functorINS6_10device_ptrIlEElEEEEvT0_T1_' for 'sm_100'
ptxas info    : Function properties for _ZN3cub17_V_300500_SM_10006detail8for_each13static_kernelINS2_15policy_selectorEmN6thrust17_V_300500_SM_10008cuda_cub20__uninitialized_fill7functorINS6_10device_ptrIlEElEEEEvT0_T1_
    0 bytes stack frame, 0 bytes spill stores, 0 bytes spill loads
ptxas info    : Used 9 registers, used 0 barriers
ptxas info    : Compile time = 1.781 ms
ptxas info    : Compiling entry function '_ZN3cub17_V_300500_SM_10006detail8for_each13static_kernelINS2_15policy_selectorEmN6thrust17_V_300500_SM_10008cuda_cub20__uninitialized_fill7functorINS6_10device_ptrIjEEjEEEEvT0_T1_' for 'sm_100'
ptxas info    : Function properties for _ZN3cub17_V_300500_SM_10006detail8for_each13static_kernelINS2_15policy_selectorEmN6thrust17_V_300500_SM_10008cuda_cub20__uninitialized_fill7functorINS6_10device_ptrIjEEjEEEEvT0_T1_
    0 bytes stack frame, 0 bytes spill stores, 0 bytes spill loads
ptxas info    : Used 8 registers, used 0 barriers
ptxas info    : Compile time = 1.784 ms
ptxas info    : Compiling entry function '_ZN3cub17_V_300500_SM_10006detail8for_each13static_kernelINS2_15policy_selectorEmN6thrust17_V_300500_SM_10008cuda_cub20__uninitialized_fill7functorINS6_10device_ptrIiEEiEEEEvT0_T1_' for 'sm_100'
ptxas info    : Function properties for _ZN3cub17_V_300500_SM_10006detail8for_each13static_kernelINS2_15policy_selectorEmN6thrust17_V_300500_SM_10008cuda_cub20__uninitialized_fill7functorINS6_10device_ptrIiEEiEEEEvT0_T1_
    0 bytes stack frame, 0 bytes spill stores, 0 bytes spill loads
ptxas info    : Used 8 registers, used 0 barriers
ptxas info    : Compile time = 1.789 ms
ptxas info    : Compiling entry function '_ZN3cub17_V_300500_SM_10006detail8for_each13static_kernelINS2_15policy_selectorEmN6thrust17_V_300500_SM_10008cuda_cub20__uninitialized_fill7functorINS6_10device_ptrIdEEdEEEEvT0_T1_' for 'sm_100'
ptxas info    : Function properties for _ZN3cub17_V_300500_SM_10006detail8for_each13static_kernelINS2_15policy_selectorEmN6thrust17_V_300500_SM_10008cuda_cub20__uninitialized_fill7functorINS6_10device_ptrIdEEdEEEEvT0_T1_
    0 bytes stack frame, 0 bytes spill stores, 0 bytes spill loads
ptxas info    : Used 9 registers, used 0 barriers
ptxas info    : Compile time = 1.779 ms
ptxas info    : Compiling entry function '_ZN3cub17_V_300500_SM_10006detail12batch_memcpy27MultiBlockBatchMemcpyKernelINS2_15policy_selectorEjPN4cuda3__417constant_iteratorINS5_3std3__47complexIdEElEEPPSB_PmPjNS0_13ScanTileStateIjLb1EEEjLNS0_7CopyAlgE1EEEvT1_T2_T3_T4_T5_T6_' for 'sm_100'
ptxas info    : Function properties for _ZN3cub17_V_300500_SM_10006detail12batch_memcpy27MultiBlockBatchMemcpyKernelINS2_15policy_selectorEjPN4cuda3__417constant_iteratorINS5_3std3__47complexIdEElEEPPSB_PmPjNS0_13ScanTileStateIjLb1EEEjLNS0_7CopyAlgE1EEEvT1_T2_T3_T4_T5_T6_
    0 bytes stack frame, 0 bytes spill stores, 0 bytes spill loads
ptxas info    : Used 29 registers, used 1 barriers, 16 bytes smem
ptxas info    : Compile time = 17.217 ms
ptxas info    : Compiling entry function '_ZN3cub17_V_300500_SM_10006detail12batch_memcpy17BatchMemcpyKernelINS2_15policy_selectorEN6thrust17_V_300500_SM_100018transform_iteratorIN6detail14repeat_index_tIN4cuda3std3__47complexIdEEEENS6_17counting_iteratorIiNS6_11use_defaultESH_SH_NS6_20__compile_time_valueILi1EEEEESH_SH_EENS7_INS8_20offset_to_iterator_tISE_EEPmSH_SH_EENS7_INS8_16offset_to_size_tESK_SH_SH_EEjPNSA_3__417constant_iteratorISE_lEEPPSE_SO_PjjNS0_13ScanTileStateIjLb1EEES10_LNS0_7CopyAlgE1EEEvT0_T1_T2_T3_T4_T5_T6_T7_T9_T10_' for 'sm_100'
ptxas info    : Function properties for _ZN3cub17_V_300500_SM_10006detail12batch_memcpy17BatchMemcpyKernelINS2_15policy_selectorEN6thrust17_V_300500_SM_100018transform_iteratorIN6detail14repeat_index_tIN4cuda3std3__47complexIdEEEENS6_17counting_iteratorIiNS6_11use_defaultESH_SH_NS6_20__compile_time_valueILi1EEEEESH_SH_EENS7_INS8_20offset_to_iterator_tISE_EEPmSH_SH_EENS7_INS8_16offset_to_size_tESK_SH_SH_EEjPNSA_3__417constant_iteratorISE_lEEPPSE_SO_PjjNS0_13ScanTileStateIjLb1EEES10_LNS0_7CopyAlgE1EEEvT0_T1_T2_T3_T4_T5_T6_T7_T9_T10_
    0 bytes stack frame, 0 bytes spill stores, 0 bytes spill loads
ptxas info    : Used 40 registers, used 1 barriers, 9360 bytes smem
ptxas info    : Compile time = 58.901 ms
ptxas info    : Compiling entry function '_ZN3cub17_V_300500_SM_10006detail12batch_memcpy27MultiBlockBatchMemcpyKernelINS2_15policy_selectorEjPN4cuda3__417constant_iteratorINS5_3std3__47complexIfEElEEPPSB_PmPjNS0_13ScanTileStateIjLb1EEEjLNS0_7CopyAlgE1EEEvT1_T2_T3_T4_T5_T6_' for 'sm_100'
ptxas info    : Function properties for _ZN3cub17_V_300500_SM_10006detail12batch_memcpy27MultiBlockBatchMemcpyKernelINS2_15policy_selectorEjPN4cuda3__417constant_iteratorINS5_3std3__47complexIfEElEEPPSB_PmPjNS0_13ScanTileStateIjLb1EEEjLNS0_7CopyAlgE1EEEvT1_T2_T3_T4_T5_T6_
    0 bytes stack frame, 0 bytes spill stores, 0 bytes spill loads
ptxas info    : Used 22 registers, used 1 barriers, 16 bytes smem
ptxas info    : Compile time = 17.161 ms
ptxas info    : Compiling entry function '_ZN3cub17_V_300500_SM_10006detail12batch_memcpy17BatchMemcpyKernelINS2_15policy_selectorEN6thrust17_V_300500_SM_100018transform_iteratorIN6detail14repeat_index_tIN4cuda3std3__47complexIfEEEENS6_17counting_iteratorIiNS6_11use_defaultESH_SH_NS6_20__compile_time_valueILi1EEEEESH_SH_EENS7_INS8_20offset_to_iterator_tISE_EEPmSH_SH_EENS7_INS8_16offset_to_size_tESK_SH_SH_EEjPNSA_3__417constant_iteratorISE_lEEPPSE_SO_PjjNS0_13ScanTileStateIjLb1EEES10_LNS0_7CopyAlgE1EEEvT0_T1_T2_T3_T4_T5_T6_T7_T9_T10_' for 'sm_100'
ptxas info    : Function properties for _ZN3cub17_V_300500_SM_10006detail12batch_memcpy17BatchMemcpyKernelINS2_15policy_selectorEN6thrust17_V_300500_SM_100018transform_iteratorIN6detail14repeat_index_tIN4cuda3std3__47complexIfEEEENS6_17counting_iteratorIiNS6_11use_defaultESH_SH_NS6_20__compile_time_valueILi1EEEEESH_SH_EENS7_INS8_20offset_to_iterator_tISE_EEPmSH_SH_EENS7_INS8_16offset_to_size_tESK_SH_SH_EEjPNSA_3__417constant_iteratorISE_lEEPPSE_SO_PjjNS0_13ScanTileStateIjLb1EEES10_LNS0_7CopyAlgE1EEEvT0_T1_T2_T3_T4_T5_T6_T7_T9_T10_
    0 bytes stack frame, 0 bytes spill stores, 0 bytes spill loads
ptxas info    : Used 48 registers, used 1 barriers, 9360 bytes smem
ptxas info    : Compile time = 56.862 ms
ptxas info    : Compiling entry function '_ZN3cub17_V_300500_SM_10006detail12batch_memcpy27MultiBlockBatchMemcpyKernelINS2_15policy_selectorEjPN4cuda3__417constant_iteratorIdlEEPPdPmPjNS0_13ScanTileStateIjLb1EEEjLNS0_7CopyAlgE1EEEvT1_T2_T3_T4_T5_T6_' for 'sm_100'
ptxas info    : Function properties for _ZN3cub17_V_300500_SM_10006detail12batch_memcpy27MultiBlockBatchMemcpyKernelINS2_15policy_selectorEjPN4cuda3__417constant_iteratorIdlEEPPdPmPjNS0_13ScanTileStateIjLb1EEEjLNS0_7CopyAlgE1EEEvT1_T2_T3_T4_T5_T6_
    0 bytes stack frame, 0 bytes spill stores, 0 bytes spill loads
ptxas info    : Used 22 registers, used 1 barriers, 16 bytes smem
ptxas info    : Compile time = 16.733 ms
ptxas info    : Compiling entry function '_ZN3cub17_V_300500_SM_10006detail12batch_memcpy17BatchMemcpyKernelINS2_15policy_selectorEN6thrust17_V_300500_SM_100018transform_iteratorIN6detail14repeat_index_tIdEENS6_17counting_iteratorIiNS6_11use_defaultESC_SC_NS6_20__compile_time_valueILi1EEEEESC_SC_EENS7_INS8_20offset_to_iterator_tIdEEPmSC_SC_EENS7_INS8_16offset_to_size_tESF_SC_SC_EEjPN4cuda3__417constant_iteratorIdlEEPPdSJ_PjjNS0_13ScanTileStateIjLb1EEESW_LNS0_7CopyAlgE1EEEvT0_T1_T2_T3_T4_T5_T6_T7_T9_T10_' for 'sm_100'
ptxas info    : Function properties for _ZN3cub17_V_300500_SM_10006detail12batch_memcpy17BatchMemcpyKernelINS2_15policy_selectorEN6thrust17_V_300500_SM_100018transform_iteratorIN6detail14repeat_index_tIdEENS6_17counting_iteratorIiNS6_11use_defaultESC_SC_NS6_20__compile_time_valueILi1EEEEESC_SC_EENS7_INS8_20offset_to_iterator_tIdEEPmSC_SC_EENS7_INS8_16offset_to_size_tESF_SC_SC_EEjPN4cuda3__417constant_iteratorIdlEEPPdSJ_PjjNS0_13ScanTileStateIjLb1EEESW_LNS0_7CopyAlgE1EEEvT0_T1_T2_T3_T4_T5_T6_T7_T9_T10_
    0 bytes stack frame, 0 bytes spill stores, 0 bytes spill loads
ptxas info    : Used 40 registers, used 1 barriers, 9360 bytes smem
ptxas info    : Compile time = 55.700 ms
ptxas info    : Compiling entry function '_ZN3cub17_V_300500_SM_10006detail12batch_memcpy27MultiBlockBatchMemcpyKernelINS2_15policy_selectorEjPN4cuda3__417constant_iteratorIflEEPPfPmPjNS0_13ScanTileStateIjLb1EEEjLNS0_7CopyAlgE1EEEvT1_T2_T3_T4_T5_T6_' for 'sm_100'
ptxas info    : Function properties for _ZN3cub17_V_300500_SM_10006detail12batch_memcpy27MultiBlockBatchMemcpyKernelINS2_15policy_selectorEjPN4cuda3__417constant_iteratorIflEEPPfPmPjNS0_13ScanTileStateIjLb1EEEjLNS0_7CopyAlgE1EEEvT1_T2_T3_T4_T5_T6_
    0 bytes stack frame, 0 bytes spill stores, 0 bytes spill loads
ptxas info    : Used 21 registers, used 1 barriers, 16 bytes smem
ptxas info    : Compile time = 16.073 ms
ptxas info    : Compiling entry function '_ZN3cub17_V_300500_SM_10006detail12batch_memcpy17BatchMemcpyKernelINS2_15policy_selectorEN6thrust17_V_300500_SM_100018transform_iteratorIN6detail14repeat_index_tIfEENS6_17counting_iteratorIiNS6_11use_defaultESC_SC_NS6_20__compile_time_valueILi1EEEEESC_SC_EENS7_INS8_20offset_to_iterator_tIfEEPmSC_SC_EENS7_INS8_16offset_to_size_tESF_SC_SC_EEjPN4cuda3__417constant_iteratorIflEEPPfSJ_PjjNS0_13ScanTileStateIjLb1EEESW_LNS0_7CopyAlgE1EEEvT0_T1_T2_T3_T4_T5_T6_T7_T9_T10_' for 'sm_100'
ptxas info    : Function properties for _ZN3cub17_V_300500_SM_10006detail12batch_memcpy17BatchMemcpyKernelINS2_15policy_selectorEN6thrust17_V_300500_SM_100018transform_iteratorIN6detail14repeat_index_tIfEENS6_17counting_iteratorIiNS6_11use_defaultESC_SC_NS6_20__compile_time_valueILi1EEEEESC_SC_EENS7_INS8_20offset_to_iterator_tIfEEPmSC_SC_EENS7_INS8_16offset_to_size_tESF_SC_SC_EEjPN4cuda3__417constant_iteratorIflEEPPfSJ_PjjNS0_13ScanTileStateIjLb1EEESW_LNS0_7CopyAlgE1EEEvT0_T1_T2_T3_T4_T5_T6_T7_T9_T10_
    0 bytes stack frame, 0 bytes spill stores, 0 bytes spill loads
ptxas info    : Used 48 registers, used 1 barriers, 9360 bytes smem
ptxas info    : Compile time = 54.744 ms
ptxas info    : Compiling entry function '_ZN3cub17_V_300500_SM_10006detail12batch_memcpy27MultiBlockBatchMemcpyKernelINS2_15policy_selectorEjPN4cuda3__417constant_iteratorIolEEPPoPmPjNS0_13ScanTileStateIjLb1EEEjLNS0_7CopyAlgE1EEEvT1_T2_T3_T4_T5_T6_' for 'sm_100'
ptxas info    : Function properties for _ZN3cub17_V_300500_SM_10006detail12batch_memcpy27MultiBlockBatchMemcpyKernelINS2_15policy_selectorEjPN4cuda3__417constant_iteratorIolEEPPoPmPjNS0_13ScanTileStateIjLb1EEEjLNS0_7CopyAlgE1EEEvT1_T2_T3_T4_T5_T6_
    0 bytes stack frame, 0 bytes spill stores, 0 bytes spill loads
ptxas info    : Used 29 registers, used 1 barriers, 16 bytes smem
ptxas info    : Compile time = 9.751 ms
ptxas info    : Compiling entry function '_ZN3cub17_V_300500_SM_10006detail12batch_memcpy17BatchMemcpyKernelINS2_15policy_selectorEN6thrust17_V_300500_SM_100018transform_iteratorIN6detail14repeat_index_tIoEENS6_17counting_iteratorIiNS6_11use_defaultESC_SC_NS6_20__compile_time_valueILi1EEEEESC_SC_EENS7_INS8_20offset_to_iterator_tIoEEPmSC_SC_EENS7_INS8_16offset_to_size_tESF_SC_SC_EEjPN4cuda3__417constant_iteratorIolEEPPoSJ_PjjNS0_13ScanTileStateIjLb1EEESW_LNS0_7CopyAlgE1EEEvT0_T1_T2_T3_T4_T5_T6_T7_T9_T10_' for 'sm_100'
ptxas info    : Function properties for _ZN3cub17_V_300500_SM_10006detail12batch_memcpy17BatchMemcpyKernelINS2_15policy_selectorEN6thrust17_V_300500_SM_100018transform_iteratorIN6detail14repeat_index_tIoEENS6_17counting_iteratorIiNS6_11use_defaultESC_SC_NS6_20__compile_time_valueILi1EEEEESC_SC_EENS7_INS8_20offset_to_iterator_tIoEEPmSC_SC_EENS7_INS8_16offset_to_size_tESF_SC_SC_EEjPN4cuda3__417constant_iteratorIolEEPPoSJ_PjjNS0_13ScanTileStateIjLb1EEESW_LNS0_7CopyAlgE1EEEvT0_T1_T2_T3_T4_T5_T6_T7_T9_T10_
    0 bytes stack frame, 0 bytes spill stores, 0 bytes spill loads
ptxas info    : Used 48 registers, used 1 barriers, 9360 bytes smem
ptxas info    : Compile time = 56.625 ms
ptxas info    : Compiling entry function '_ZN3cub17_V_300500_SM_10006detail12batch_memcpy27MultiBlockBatchMemcpyKernelINS2_15policy_selectorEjPN4cuda3__417constant_iteratorInlEEPPnPmPjNS0_13ScanTileStateIjLb1EEEjLNS0_7CopyAlgE1EEEvT1_T2_T3_T4_T5_T6_' for 'sm_100'
ptxas info    : Function properties for _ZN3cub17_V_300500_SM_10006detail12batch_memcpy27MultiBlockBatchMemcpyKernelINS2_15policy_selectorEjPN4cuda3__417constant_iteratorInlEEPPnPmPjNS0_13ScanTileStateIjLb1EEEjLNS0_7CopyAlgE1EEEvT1_T2_T3_T4_T5_T6_
    0 bytes stack frame, 0 bytes spill stores, 0 bytes spill loads
ptxas info    : Used 29 registers, used 1 barriers, 16 bytes smem
ptxas info    : Compile time = 9.747 ms
ptxas info    : Compiling entry function '_ZN3cub17_V_300500_SM_10006detail12batch_memcpy17BatchMemcpyKernelINS2_15policy_selectorEN6thrust17_V_300500_SM_100018transform_iteratorIN6detail14repeat_index_tInEENS6_17counting_iteratorIiNS6_11use_defaultESC_SC_NS6_20__compile_time_valueILi1EEEEESC_SC_EENS7_INS8_20offset_to_iterator_tInEEPmSC_SC_EENS7_INS8_16offset_to_size_tESF_SC_SC_EEjPN4cuda3__417constant_iteratorInlEEPPnSJ_PjjNS0_13ScanTileStateIjLb1EEESW_LNS0_7CopyAlgE1EEEvT0_T1_T2_T3_T4_T5_T6_T7_T9_T10_' for 'sm_100'
ptxas info    : Function properties for _ZN3cub17_V_300500_SM_10006detail12batch_memcpy17BatchMemcpyKernelINS2_15policy_selectorEN6thrust17_V_300500_SM_100018transform_iteratorIN6detail14repeat_index_tInEENS6_17counting_iteratorIiNS6_11use_defaultESC_SC_NS6_20__compile_time_valueILi1EEEEESC_SC_EENS7_INS8_20offset_to_iterator_tInEEPmSC_SC_EENS7_INS8_16offset_to_size_tESF_SC_SC_EEjPN4cuda3__417constant_iteratorInlEEPPnSJ_PjjNS0_13ScanTileStateIjLb1EEESW_LNS0_7CopyAlgE1EEEvT0_T1_T2_T3_T4_T5_T6_T7_T9_T10_
    0 bytes stack frame, 0 bytes spill stores, 0 bytes spill loads
ptxas info    : Used 48 registers, used 1 barriers, 9360 bytes smem
ptxas info    : Compile time = 56.614 ms
ptxas info    : Compiling entry function '_ZN3cub17_V_300500_SM_10006detail12batch_memcpy27MultiBlockBatchMemcpyKernelINS2_15policy_selectorEjPN4cuda3__417constant_iteratorIllEEPPlPmPjNS0_13ScanTileStateIjLb1EEEjLNS0_7CopyAlgE1EEEvT1_T2_T3_T4_T5_T6_' for 'sm_100'
ptxas info    : Function properties for _ZN3cub17_V_300500_SM_10006detail12batch_memcpy27MultiBlockBatchMemcpyKernelINS2_15policy_selectorEjPN4cuda3__417constant_iteratorIllEEPPlPmPjNS0_13ScanTileStateIjLb1EEEjLNS0_7CopyAlgE1EEEvT1_T2_T3_T4_T5_T6_
    0 bytes stack frame, 0 bytes spill stores, 0 bytes spill loads
ptxas info    : Used 22 registers, used 1 barriers, 16 bytes smem
ptxas info    : Compile time = 16.363 ms
ptxas info    : Compiling entry function '_ZN3cub17_V_300500_SM_10006detail12batch_memcpy17BatchMemcpyKernelINS2_15policy_selectorEN6thrust17_V_300500_SM_100018transform_iteratorIN6detail14repeat_index_tIlEENS6_17counting_iteratorIiNS6_11use_defaultESC_SC_NS6_20__compile_time_valueILi1EEEEESC_SC_EENS7_INS8_20offset_to_iterator_tIlEEPmSC_SC_EENS7_INS8_16offset_to_size_tESF_SC_SC_EEjPN4cuda3__417constant_iteratorIllEEPPlSJ_PjjNS0_13ScanTileStateIjLb1EEESW_LNS0_7CopyAlgE1EEEvT0_T1_T2_T3_T4_T5_T6_T7_T9_T10_' for 'sm_100'
ptxas info    : Function properties for _ZN3cub17_V_300500_SM_10006detail12batch_memcpy17BatchMemcpyKernelINS2_15policy_selectorEN6thrust17_V_300500_SM_100018transform_iteratorIN6detail14repeat_index_tIlEENS6_17counting_iteratorIiNS6_11use_defaultESC_SC_NS6_20__compile_time_valueILi1EEEEESC_SC_EENS7_INS8_20offset_to_iterator_tIlEEPmSC_SC_EENS7_INS8_16offset_to_size_tESF_SC_SC_EEjPN4cuda3__417constant_iteratorIllEEPPlSJ_PjjNS0_13ScanTileStateIjLb1EEESW_LNS0_7CopyAlgE1EEEvT0_T1_T2_T3_T4_T5_T6_T7_T9_T10_
    0 bytes stack frame, 0 bytes spill stores, 0 bytes spill loads
ptxas info    : Used 40 registers, used 1 barriers, 9360 bytes smem
ptxas info    : Compile time = 53.610 ms
ptxas info    : Compiling entry function '_ZN3cub17_V_300500_SM_10006detail12batch_memcpy27MultiBlockBatchMemcpyKernelINS2_15policy_selectorEjPN4cuda3__417constant_iteratorIilEEPPiPmPjNS0_13ScanTileStateIjLb1EEEjLNS0_7CopyAlgE1EEEvT1_T2_T3_T4_T5_T6_' for 'sm_100'
ptxas info    : Function properties for _ZN3cub17_V_300500_SM_10006detail12batch_memcpy27MultiBlockBatchMemcpyKernelINS2_15policy_selectorEjPN4cuda3__417constant_iteratorIilEEPPiPmPjNS0_13ScanTileStateIjLb1EEEjLNS0_7CopyAlgE1EEEvT1_T2_T3_T4_T5_T6_
    0 bytes stack frame, 0 bytes spill stores, 0 bytes spill loads
ptxas info    : Used 21 registers, used 1 barriers, 16 bytes smem
ptxas info    : Compile time = 16.140 ms
ptxas info    : Compiling entry function '_ZN3cub17_V_300500_SM_10006detail12batch_memcpy17BatchMemcpyKernelINS2_15policy_selectorEN6thrust17_V_300500_SM_100018transform_iteratorIN6detail14repeat_index_tIiEENS6_17counting_iteratorIiNS6_11use_defaultESC_SC_NS6_20__compile_time_valueILi1EEEEESC_SC_EENS7_INS8_20offset_to_iterator_tIiEEPmSC_SC_EENS7_INS8_16offset_to_size_tESF_SC_SC_EEjPN4cuda3__417constant_iteratorIilEEPPiSJ_PjjNS0_13ScanTileStateIjLb1EEESW_LNS0_7CopyAlgE1EEEvT0_T1_T2_T3_T4_T5_T6_T7_T9_T10_' for 'sm_100'
ptxas info    : Function properties for _ZN3cub17_V_300500_SM_10006detail12batch_memcpy17BatchMemcpyKernelINS2_15policy_selectorEN6thrust17_V_300500_SM_100018transform_iteratorIN6detail14repeat_index_tIiEENS6_17counting_iteratorIiNS6_11use_defaultESC_SC_NS6_20__compile_time_valueILi1EEEEESC_SC_EENS7_INS8_20offset_to_iterator_tIiEEPmSC_SC_EENS7_INS8_16offset_to_size_tESF_SC_SC_EEjPN4cuda3__417constant_iteratorIilEEPPiSJ_PjjNS0_13ScanTileStateIjLb1EEESW_LNS0_7CopyAlgE1EEEvT0_T1_T2_T3_T4_T5_T6_T7_T9_T10_
    0 bytes stack frame, 0 bytes spill stores, 0 bytes spill loads
ptxas info    : Used 48 registers, used 1 barriers, 9360 bytes smem
ptxas info    : Compile time = 56.231 ms
ptxas info    : Compiling entry function '_ZN3cub17_V_300500_SM_10006detail12batch_memcpy27MultiBlockBatchMemcpyKernelINS2_15policy_selectorEjPN4cuda3__417constant_iteratorIslEEPPsPmPjNS0_13ScanTileStateIjLb1EEEjLNS0_7CopyAlgE1EEEvT1_T2_T3_T4_T5_T6_' for 'sm_100'
ptxas info    : Function properties for _ZN3cub17_V_300500_SM_10006detail12batch_memcpy27MultiBlockBatchMemcpyKernelINS2_15policy_selectorEjPN4cuda3__417constant_iteratorIslEEPPsPmPjNS0_13ScanTileStateIjLb1EEEjLNS0_7CopyAlgE1EEEvT1_T2_T3_T4_T5_T6_
    0 bytes stack frame, 0 bytes spill stores, 0 bytes spill loads
ptxas info    : Used 21 registers, used 1 barriers, 16 bytes smem
ptxas info    : Compile time = 16.126 ms
ptxas info    : Compiling entry function '_ZN3cub17_V_300500_SM_10006detail12batch_memcpy17BatchMemcpyKernelINS2_15policy_selectorEN6thrust17_V_300500_SM_100018transform_iteratorIN6detail14repeat_index_tIsEENS6_17counting_iteratorIiNS6_11use_defaultESC_SC_NS6_20__compile_time_valueILi1EEEEESC_SC_EENS7_INS8_20offset_to_iterator_tIsEEPmSC_SC_EENS7_INS8_16offset_to_size_tESF_SC_SC_EEjPN4cuda3__417constant_iteratorIslEEPPsSJ_PjjNS0_13ScanTileStateIjLb1EEESW_LNS0_7CopyAlgE1EEEvT0_T1_T2_T3_T4_T5_T6_T7_T9_T10_' for 'sm_100'
ptxas info    : Function properties for _ZN3cub17_V_300500_SM_10006detail12batch_memcpy17BatchMemcpyKernelINS2_15policy_selectorEN6thrust17_V_300500_SM_100018transform_iteratorIN6detail14repeat_index_tIsEENS6_17counting_iteratorIiNS6_11use_defaultESC_SC_NS6_20__compile_time_valueILi1EEEEESC_SC_EENS7_INS8_20offset_to_iterator_tIsEEPmSC_SC_EENS7_INS8_16offset_to_size_tESF_SC_SC_EEjPN4cuda3__417constant_iteratorIslEEPPsSJ_PjjNS0_13ScanTileStateIjLb1EEESW_LNS0_7CopyAlgE1EEEvT0_T1_T2_T3_T4_T5_T6_T7_T9_T10_
    0 bytes stack frame, 0 bytes spill stores, 0 bytes spill loads
ptxas info    : Used 48 registers, used 1 barriers, 9360 bytes smem
ptxas info    : Compile time = 54.804 ms
ptxas info    : Compiling entry function '_ZN3cub17_V_300500_SM_10006detail12batch_memcpy27MultiBlockBatchMemcpyKernelINS2_15policy_selectorEjPN4cuda3__417constant_iteratorIalEEPPaPmPjNS0_13ScanTileStateIjLb1EEEjLNS0_7CopyAlgE1EEEvT1_T2_T3_T4_T5_T6_' for 'sm_100'
ptxas info    : Function properties for _ZN3cub17_V_300500_SM_10006detail12batch_memcpy27MultiBlockBatchMemcpyKernelINS2_15policy_selectorEjPN4cuda3__417constant_iteratorIalEEPPaPmPjNS0_13ScanTileStateIjLb1EEEjLNS0_7CopyAlgE1EEEvT1_T2_T3_T4_T5_T6_
    0 bytes stack frame, 0 bytes spill stores, 0 bytes spill loads
ptxas info    : Used 21 registers, used 1 barriers, 16 bytes smem
ptxas info    : Compile time = 15.795 ms
ptxas info    : Compiling entry function '_ZN3cub17_V_300500_SM_10006detail12batch_memcpy17BatchMemcpyKernelINS2_15policy_selectorEN6thrust17_V_300500_SM_100018transform_iteratorIN6detail14repeat_index_tIaEENS6_17counting_iteratorIiNS6_11use_defaultESC_SC_NS6_20__compile_time_valueILi1EEEEESC_SC_EENS7_INS8_20offset_to_iterator_tIaEEPmSC_SC_EENS7_INS8_16offset_to_size_tESF_SC_SC_EEjPN4cuda3__417constant_iteratorIalEEPPaSJ_PjjNS0_13ScanTileStateIjLb1EEESW_LNS0_7CopyAlgE1EEEvT0_T1_T2_T3_T4_T5_T6_T7_T9_T10_' for 'sm_100'
ptxas info    : Function properties for _ZN3cub17_V_300500_SM_10006detail12batch_memcpy17BatchMemcpyKernelINS2_15policy_selectorEN6thrust17_V_300500_SM_100018transform_iteratorIN6detail14repeat_index_tIaEENS6_17counting_iteratorIiNS6_11use_defaultESC_SC_NS6_20__compile_time_valueILi1EEEEESC_SC_EENS7_INS8_20offset_to_iterator_tIaEEPmSC_SC_EENS7_INS8_16offset_to_size_tESF_SC_SC_EEjPN4cuda3__417constant_iteratorIalEEPPaSJ_PjjNS0_13ScanTileStateIjLb1EEESW_LNS0_7CopyAlgE1EEEvT0_T1_T2_T3_T4_T5_T6_T7_T9_T10_
    0 bytes stack frame, 0 bytes spill stores, 0 bytes spill loads
ptxas info    : Used 48 registers, used 1 barriers, 9360 bytes smem
ptxas info    : Compile time = 52.220 ms
ptxas info    : Compiling entry function '_ZN3cub17_V_300500_SM_10006detail12batch_memcpy27MultiBlockBatchMemcpyKernelINS2_15policy_selectorEjPN4cuda3__417constant_iteratorImlEEPPmSA_PjNS0_13ScanTileStateIjLb1EEEjLNS0_7CopyAlgE1EEEvT1_T2_T3_T4_T5_T6_' for 'sm_100'
ptxas info    : Function properties for _ZN3cub17_V_300500_SM_10006detail12batch_memcpy27MultiBlockBatchMemcpyKernelINS2_15policy_selectorEjPN4cuda3__417constant_iteratorImlEEPPmSA_PjNS0_13ScanTileStateIjLb1EEEjLNS0_7CopyAlgE1EEEvT1_T2_T3_T4_T5_T6_
    0 bytes stack frame, 0 bytes spill stores, 0 bytes spill loads
ptxas info    : Used 22 registers, used 1 barriers, 16 bytes smem
ptxas info    : Compile time = 16.045 ms
ptxas info    : Compiling entry function '_ZN3cub17_V_300500_SM_10006detail12batch_memcpy17BatchMemcpyKernelINS2_15policy_selectorEN6thrust17_V_300500_SM_100018transform_iteratorIN6detail14repeat_index_tImEENS6_17counting_iteratorIiNS6_11use_defaultESC_SC_NS6_20__compile_time_valueILi1EEEEESC_SC_EENS7_INS8_20offset_to_iterator_tImEEPmSC_SC_EENS7_INS8_16offset_to_size_tESF_SC_SC_EEjPN4cuda3__417constant_iteratorImlEEPSJ_SJ_PjjNS0_13ScanTileStateIjLb1EEESV_LNS0_7CopyAlgE1EEEvT0_T1_T2_T3_T4_T5_T6_T7_T9_T10_' for 'sm_100'
ptxas info    : Function properties for _ZN3cub17_V_300500_SM_10006detail12batch_memcpy17BatchMemcpyKernelINS2_15policy_selectorEN6thrust17_V_300500_SM_100018transform_iteratorIN6detail14repeat_index_tImEENS6_17counting_iteratorIiNS6_11use_defaultESC_SC_NS6_20__compile_time_valueILi1EEEEESC_SC_EENS7_INS8_20offset_to_iterator_tImEEPmSC_SC_EENS7_INS8_16offset_to_size_tESF_SC_SC_EEjPN4cuda3__417constant_iteratorImlEEPSJ_SJ_PjjNS0_13ScanTileStateIjLb1EEESV_LNS0_7CopyAlgE1EEEvT0_T1_T2_T3_T4_T5_T6_T7_T9_T10_
    0 bytes stack frame, 0 bytes spill stores, 0 bytes spill loads
ptxas info    : Used 40 registers, used 1 barriers, 9360 bytes smem
ptxas info    : Compile time = 53.602 ms
ptxas info    : Compiling entry function '_ZN3cub17_V_300500_SM_10006detail12batch_memcpy27MultiBlockBatchMemcpyKernelINS2_15policy_selectorEjPN4cuda3__417constant_iteratorIjlEEPPjPmSA_NS0_13ScanTileStateIjLb1EEEjLNS0_7CopyAlgE1EEEvT1_T2_T3_T4_T5_T6_' for 'sm_100'
ptxas info    : Function properties for _ZN3cub17_V_300500_SM_10006detail12batch_memcpy27MultiBlockBatchMemcpyKernelINS2_15policy_selectorEjPN4cuda3__417constant_iteratorIjlEEPPjPmSA_NS0_13ScanTileStateIjLb1EEEjLNS0_7CopyAlgE1EEEvT1_T2_T3_T4_T5_T6_
    0 bytes stack frame, 0 bytes spill stores, 0 bytes spill loads
ptxas info    : Used 21 registers, used 1 barriers, 16 bytes smem
ptxas info    : Compile time = 16.094 ms
ptxas info    : Compiling entry function '_ZN3cub17_V_300500_SM_10006detail12batch_memcpy17BatchMemcpyKernelINS2_15policy_selectorEN6thrust17_V_300500_SM_100018transform_iteratorIN6detail14repeat_index_tIjEENS6_17counting_iteratorIiNS6_11use_defaultESC_SC_NS6_20__compile_time_valueILi1EEEEESC_SC_EENS7_INS8_20offset_to_iterator_tIjEEPmSC_SC_EENS7_INS8_16offset_to_size_tESF_SC_SC_EEjPN4cuda3__417constant_iteratorIjlEEPPjSJ_SS_jNS0_13ScanTileStateIjLb1EEESV_LNS0_7CopyAlgE1EEEvT0_T1_T2_T3_T4_T5_T6_T7_T9_T10_' for 'sm_100'
ptxas info    : Function properties for _ZN3cub17_V_300500_SM_10006detail12batch_memcpy17BatchMemcpyKernelINS2_15policy_selectorEN6thrust17_V_300500_SM_100018transform_iteratorIN6detail14repeat_index_tIjEENS6_17counting_iteratorIiNS6_11use_defaultESC_SC_NS6_20__compile_time_valueILi1EEEEESC_SC_EENS7_INS8_20offset_to_iterator_tIjEEPmSC_SC_EENS7_INS8_16offset_to_size_tESF_SC_SC_EEjPN4cuda3__417constant_iteratorIjlEEPPjSJ_SS_jNS0_13ScanTileStateIjLb1EEESV_LNS0_7CopyAlgE1EEEvT0_T1_T2_T3_T4_T5_T6_T7_T9_T10_
    0 bytes stack frame, 0 bytes spill stores, 0 bytes spill loads
ptxas info    : Used 48 registers, used 1 barriers, 9360 bytes smem
ptxas info    : Compile time = 52.999 ms
ptxas info    : Compiling entry function '_ZN3cub17_V_300500_SM_10006detail12batch_memcpy27MultiBlockBatchMemcpyKernelINS2_15policy_selectorEjPN4cuda3__417constant_iteratorItlEEPPtPmPjNS0_13ScanTileStateIjLb1EEEjLNS0_7CopyAlgE1EEEvT1_T2_T3_T4_T5_T6_' for 'sm_100'
ptxas info    : Function properties for _ZN3cub17_V_300500_SM_10006detail12batch_memcpy27MultiBlockBatchMemcpyKernelINS2_15policy_selectorEjPN4cuda3__417constant_iteratorItlEEPPtPmPjNS0_13ScanTileStateIjLb1EEEjLNS0_7CopyAlgE1EEEvT1_T2_T3_T4_T5_T6_
    0 bytes stack frame, 0 bytes spill stores, 0 bytes spill loads
ptxas info    : Used 21 registers, used 1 barriers, 16 bytes smem
ptxas info    : Compile time = 16.155 ms
ptxas info    : Compiling entry function '_ZN3cub17_V_300500_SM_10006detail12batch_memcpy17BatchMemcpyKernelINS2_15policy_selectorEN6thrust17_V_300500_SM_100018transform_iteratorIN6detail14repeat_index_tItEENS6_17counting_iteratorIiNS6_11use_defaultESC_SC_NS6_20__compile_time_valueILi1EEEEESC_SC_EENS7_INS8_20offset_to_iterator_tItEEPmSC_SC_EENS7_INS8_16offset_to_size_tESF_SC_SC_EEjPN4cuda3__417constant_iteratorItlEEPPtSJ_PjjNS0_13ScanTileStateIjLb1EEESW_LNS0_7CopyAlgE1EEEvT0_T1_T2_T3_T4_T5_T6_T7_T9_T10_' for 'sm_100'
ptxas info    : Function properties for _ZN3cub17_V_300500_SM_10006detail12batch_memcpy17BatchMemcpyKernelINS2_15policy_selectorEN6thrust17_V_300500_SM_100018transform_iteratorIN6detail14repeat_index_tItEENS6_17counting_iteratorIiNS6_11use_defaultESC_SC_NS6_20__compile_time_valueILi1EEEEESC_SC_EENS7_INS8_20offset_to_iterator_tItEEPmSC_SC_EENS7_INS8_16offset_to_size_tESF_SC_SC_EEjPN4cuda3__417constant_iteratorItlEEPPtSJ_PjjNS0_13ScanTileStateIjLb1EEESW_LNS0_7CopyAlgE1EEEvT0_T1_T2_T3_T4_T5_T6_T7_T9_T10_
    0 bytes stack frame, 0 bytes spill stores, 0 bytes spill loads
ptxas info    : Used 48 registers, used 1 barriers, 9360 bytes smem
ptxas info    : Compile time = 53.530 ms
ptxas info    : Compiling entry function '_ZN3cub17_V_300500_SM_10006detail12batch_memcpy27MultiBlockBatchMemcpyKernelINS2_15policy_selectorEjPN4cuda3__417constant_iteratorIhlEEPPhPmPjNS0_13ScanTileStateIjLb1EEEjLNS0_7CopyAlgE1EEEvT1_T2_T3_T4_T5_T6_' for 'sm_100'
ptxas info    : Function properties for _ZN3cub17_V_300500_SM_10006detail12batch_memcpy27MultiBlockBatchMemcpyKernelINS2_15policy_selectorEjPN4cuda3__417constant_iteratorIhlEEPPhPmPjNS0_13ScanTileStateIjLb1EEEjLNS0_7CopyAlgE1EEEvT1_T2_T3_T4_T5_T6_
    0 bytes stack frame, 0 bytes spill stores, 0 bytes spill loads
ptxas info    : Used 21 registers, used 1 barriers, 16 bytes smem
ptxas info    : Compile time = 15.760 ms
ptxas info    : Compiling entry function '_ZN3cub17_V_300500_SM_10006detail12batch_memcpy17BatchMemcpyKernelINS2_15policy_selectorEN6thrust17_V_300500_SM_100018transform_iteratorIN6detail14repeat_index_tIhEENS6_17counting_iteratorIiNS6_11use_defaultESC_SC_NS6_20__compile_time_valueILi1EEEEESC_SC_EENS7_INS8_20offset_to_iterator_tIhEEPmSC_SC_EENS7_INS8_16offset_to_size_tESF_SC_SC_EEjPN4cuda3__417constant_iteratorIhlEEPPhSJ_PjjNS0_13ScanTileStateIjLb1EEESW_LNS0_7CopyAlgE1EEEvT0_T1_T2_T3_T4_T5_T6_T7_T9_T10_' for 'sm_100'
ptxas info    : Function properties for _ZN3cub17_V_300500_SM_10006detail12batch_memcpy17BatchMemcpyKernelINS2_15policy_selectorEN6thrust17_V_300500_SM_100018transform_iteratorIN6detail14repeat_index_tIhEENS6_17counting_iteratorIiNS6_11use_defaultESC_SC_NS6_20__compile_time_valueILi1EEEEESC_SC_EENS7_INS8_20offset_to_iterator_tIhEEPmSC_SC_EENS7_INS8_16offset_to_size_tESF_SC_SC_EEjPN4cuda3__417constant_iteratorIhlEEPPhSJ_PjjNS0_13ScanTileStateIjLb1EEESW_LNS0_7CopyAlgE1EEEvT0_T1_T2_T3_T4_T5_T6_T7_T9_T10_
    0 bytes stack frame, 0 bytes spill stores, 0 bytes spill loads
ptxas info    : Used 48 registers, used 1 barriers, 9360 bytes smem
ptxas info    : Compile time = 52.206 ms
ptxas info    : Compiling entry function '_ZN3cub17_V_300500_SM_10006detail12batch_memcpy27MultiBlockBatchMemcpyKernelINS2_15policy_selectorEjPN4cuda3__417constant_iteratorIblEEPPbPmPjNS0_13ScanTileStateIjLb1EEEjLNS0_7CopyAlgE1EEEvT1_T2_T3_T4_T5_T6_' for 'sm_100'
ptxas info    : Function properties for _ZN3cub17_V_300500_SM_10006detail12batch_memcpy27MultiBlockBatchMemcpyKernelINS2_15policy_selectorEjPN4cuda3__417constant_iteratorIblEEPPbPmPjNS0_13ScanTileStateIjLb1EEEjLNS0_7CopyAlgE1EEEvT1_T2_T3_T4_T5_T6_
    0 bytes stack frame, 0 bytes spill stores, 0 bytes spill loads
ptxas info    : Used 21 registers, used 1 barriers, 16 bytes smem
ptxas info    : Compile time = 15.813 ms
ptxas info    : Compiling entry function '_ZN3cub17_V_300500_SM_10006detail12batch_memcpy17BatchMemcpyKernelINS2_15policy_selectorEN6thrust17_V_300500_SM_100018transform_iteratorIN6detail14repeat_index_tIbEENS6_17counting_iteratorIiNS6_11use_defaultESC_SC_NS6_20__compile_time_valueILi1EEEEESC_SC_EENS7_INS8_20offset_to_iterator_tIbEEPmSC_SC_EENS7_INS8_16offset_to_size_tESF_SC_SC_EEjPN4cuda3__417constant_iteratorIblEEPPbSJ_PjjNS0_13ScanTileStateIjLb1EEESW_LNS0_7CopyAlgE1EEEvT0_T1_T2_T3_T4_T5_T6_T7_T9_T10_' for 'sm_100'
ptxas info    : Function properties for _ZN3cub17_V_300500_SM_10006detail12batch_memcpy17BatchMemcpyKernelINS2_15policy_selectorEN6thrust17_V_300500_SM_100018transform_iteratorIN6detail14repeat_index_tIbEENS6_17counting_iteratorIiNS6_11use_defaultESC_SC_NS6_20__compile_time_valueILi1EEEEESC_SC_EENS7_INS8_20offset_to_iterator_tIbEEPmSC_SC_EENS7_INS8_16offset_to_size_tESF_SC_SC_EEjPN4cuda3__417constant_iteratorIblEEPPbSJ_PjjNS0_13ScanTileStateIjLb1EEESW_LNS0_7CopyAlgE1EEEvT0_T1_T2_T3_T4_T5_T6_T7_T9_T10_
    0 bytes stack frame, 0 bytes spill stores, 0 bytes spill loads
ptxas info    : Used 48 registers, used 1 barriers, 9360 bytes smem
ptxas info    : Compile time = 52.902 ms
ptxas info    : Compiling entry function '_ZN3cub17_V_300500_SM_10006detail12batch_memcpy19InitTileStateKernelINS0_13ScanTileStateIjLb1EEES5_jEEvT_T0_T1_' for 'sm_100'
ptxas info    : Function properties for _ZN3cub17_V_300500_SM_10006detail12batch_memcpy19InitTileStateKernelINS0_13ScanTileStateIjLb1EEES5_jEEvT_T0_T1_
    0 bytes stack frame, 0 bytes spill stores, 0 bytes spill loads
ptxas info    : Used 16 registers, used 0 barriers
ptxas info    : Compile time = 1.458 ms
ptxas info    : Compiling entry function '_ZN3cub17_V_300500_SM_10006detail11EmptyKernelIvEEvv' for 'sm_100'
ptxas info    : Function properties for _ZN3cub17_V_300500_SM_10006detail11EmptyKernelIvEEvv
    0 bytes stack frame, 0 bytes spill stores, 0 bytes spill loads
ptxas info    : Used 4 registers, used 0 barriers
ptxas info    : Compile time = 0.447 ms
[44/44] Linking CUDA executable bin/cub.bench.topk.pairs.base
