[0/2] Re-checking globbed directories...
[1/44] Generate git revision file for nvbench_git_revision
[2/44] Building CXX object _deps/nvbench-build/nvbench/CMakeFiles/nvbench.dir/axis_base.cxx.o
[3/44] Building CXX object _deps/nvbench-build/nvbench/CMakeFiles/nvbench.dir/printer_base.cxx.o
[4/44] Building CXX object _deps/nvbench-build/nvbench/CMakeFiles/nvbench.dir/printer_multiplex.cxx.o
[5/44] Building CXX object _deps/fmt-build/CMakeFiles/fmt.dir/src/os.cc.o
[6/44] Building CXX object _deps/nvbench-build/nvbench/CMakeFiles/nvbench.dir/type_strings.cxx.o
[7/44] Building CXX object _deps/nvbench-build/nvbench/CMakeFiles/nvbench.dir/float64_axis.cxx.o
[8/44] Building CXX object _deps/nvbench-build/nvbench/CMakeFiles/nvbench.dir/int64_axis.cxx.o
[9/44] Building CXX object _deps/nvbench-build/nvbench/CMakeFiles/nvbench.dir/stopping_criterion.cxx.o
[10/44] Building CXX object _deps/nvbench-build/nvbench/CMakeFiles/nvbench.dir/string_axis.cxx.o
[11/44] Building CXX object _deps/nvbench-build/nvbench/CMakeFiles/nvbench.dir/detail/entropy_criterion.cxx.o
[12/44] Building CXX object _deps/nvbench-build/nvbench/CMakeFiles/nvbench.dir/detail/gpu_frequency.cxx.o
[13/44] Building CXX object _deps/nvbench-build/nvbench/CMakeFiles/nvbench.dir/runner.cxx.o
[14/44] Building CXX object _deps/nvbench-build/nvbench/CMakeFiles/nvbench.dir/internal/nvml.cxx.o
[15/44] Building CXX object _deps/nvbench-build/nvbench/CMakeFiles/nvbench.dir/benchmark_manager.cxx.o
[16/44] Building CXX object _deps/nvbench-build/nvbench/CMakeFiles/nvbench.dir/detail/stdrel_criterion.cxx.o
[17/44] Building CXX object _deps/nvbench-build/nvbench/CMakeFiles/nvbench.dir/named_values.cxx.o
[18/44] Building CXX object _deps/nvbench-build/nvbench/CMakeFiles/nvbench.dir/criterion_manager.cxx.o
[19/44] Building CXX object _deps/nvbench-build/nvbench/CMakeFiles/nvbench.dir/type_axis.cxx.o
[20/44] Building CXX object _deps/nvbench-build/nvbench/CMakeFiles/nvbench.dir/detail/measure_cpu_only.cxx.o
[21/44] Building CXX object _deps/nvbench-build/nvbench/CMakeFiles/nvbench.dir/benchmark_base.cxx.o
[22/44] Building CXX object _deps/nvbench-build/nvbench/CMakeFiles/nvbench.dir/axes_metadata.cxx.o
[23/44] Building CUDA object _deps/nvbench-build/nvbench/CMakeFiles/nvbench.dir/cuda_call.cu.o
ptxas info    : 0 bytes gmem
[24/44] Building CUDA object _deps/nvbench-build/nvbench/CMakeFiles/nvbench.dir/device_manager.cu.o
ptxas info    : 0 bytes gmem
ptxas info    : Compiling entry function '_ZN7nvbench6detail11noop_kernelIvEEvv' for 'sm_100'
ptxas info    : Function properties for _ZN7nvbench6detail11noop_kernelIvEEvv
    0 bytes stack frame, 0 bytes spill stores, 0 bytes spill loads
ptxas info    : Used 4 registers, used 0 barriers
ptxas info    : Compile time = 1.413 ms
[25/44] Building CUDA object _deps/nvbench-build/nvbench/CMakeFiles/nvbench.dir/device_info.cu.o
ptxas info    : 0 bytes gmem
ptxas info    : Compiling entry function '_ZN7nvbench6detail11noop_kernelIvEEvv' for 'sm_100'
ptxas info    : Function properties for _ZN7nvbench6detail11noop_kernelIvEEvv
    0 bytes stack frame, 0 bytes spill stores, 0 bytes spill loads
ptxas info    : Used 4 registers, used 0 barriers
ptxas info    : Compile time = 1.018 ms
[26/44] Building CXX object _deps/nvbench-build/nvbench/CMakeFiles/nvbench.dir/cupti_profiler_host.cxx.o
[27/44] Building CUDA object _deps/nvbench-build/nvbench/CMakeFiles/nvbench.dir/detail/timestamps_kernel.cu.o
ptxas info    : 0 bytes gmem
ptxas info    : Compiling entry function '_ZN53_GLOBAL__N__2faae272_20_timestamps_kernel_cu_605b294321get_timestamps_kernelEPmS0_' for 'sm_100'
ptxas info    : Function properties for _ZN53_GLOBAL__N__2faae272_20_timestamps_kernel_cu_605b294321get_timestamps_kernelEPmS0_
    0 bytes stack frame, 0 bytes spill stores, 0 bytes spill loads
ptxas info    : Used 12 registers, used 0 barriers
ptxas info    : Compile time = 1.638 ms
ptxas info    : Compiling entry function '_ZN7nvbench6detail11noop_kernelIvEEvv' for 'sm_100'
ptxas info    : Function properties for _ZN7nvbench6detail11noop_kernelIvEEvv
    0 bytes stack frame, 0 bytes spill stores, 0 bytes spill loads
ptxas info    : Used 4 registers, used 0 barriers
ptxas info    : Compile time = 0.439 ms
[28/44] Building CXX object _deps/nvbench-build/nvbench/CMakeFiles/nvbench.dir/detail/state_generator.cxx.o
[29/44] Building CXX object _deps/nvbench-build/nvbench/CMakeFiles/nvbench.dir/state.cxx.o
[30/44] Building CUDA object _deps/nvbench-build/nvbench/CMakeFiles/nvbench.main.dir/main.cu.o
ptxas info    : 0 bytes gmem
ptxas info    : Compiling entry function '_ZN7nvbench6detail11noop_kernelIvEEvv' for 'sm_100'
ptxas info    : Function properties for _ZN7nvbench6detail11noop_kernelIvEEvv
    0 bytes stack frame, 0 bytes spill stores, 0 bytes spill loads
ptxas info    : Used 4 registers, used 0 barriers
ptxas info    : Compile time = 1.158 ms
[31/44] Building CUDA object _deps/nvbench-build/nvbench/CMakeFiles/nvbench.dir/blocking_kernel.cu.o
ptxas info    : 1231 bytes gmem
ptxas info    : Compiling entry function '_ZN51_GLOBAL__N__7fe3fc9e_18_blocking_kernel_cu_86d27a5812block_streamEPVKiPVid' for 'sm_100'
ptxas info    : Function properties for _ZN51_GLOBAL__N__7fe3fc9e_18_blocking_kernel_cu_86d27a5812block_streamEPVKiPVid
    8 bytes stack frame, 0 bytes spill stores, 0 bytes spill loads
ptxas info    : Used 24 registers, used 0 barriers, 8 bytes cumulative stack size
ptxas info    : Compile time = 3.150 ms
ptxas info    : Compiling entry function '_ZN7nvbench6detail11noop_kernelIvEEvv' for 'sm_100'
ptxas info    : Function properties for _ZN7nvbench6detail11noop_kernelIvEEvv
    0 bytes stack frame, 0 bytes spill stores, 0 bytes spill loads
ptxas info    : Used 4 registers, used 0 barriers
ptxas info    : Compile time = 0.462 ms
[32/44] Building CXX object _deps/fmt-build/CMakeFiles/fmt.dir/src/format.cc.o
[33/44] Linking CXX static library _deps/fmt-build/libfmt.a
[34/44] Building CUDA object _deps/nvbench-build/nvbench/CMakeFiles/nvbench.dir/detail/measure_hot.cu.o
ptxas info    : 0 bytes gmem
ptxas info    : Compiling entry function '_ZN7nvbench6detail11noop_kernelIvEEvv' for 'sm_100'
ptxas info    : Function properties for _ZN7nvbench6detail11noop_kernelIvEEvv
    0 bytes stack frame, 0 bytes spill stores, 0 bytes spill loads
ptxas info    : Used 4 registers, used 0 barriers
ptxas info    : Compile time = 0.842 ms
[35/44] Building CUDA object _deps/nvbench-build/nvbench/CMakeFiles/nvbench.dir/csv_printer.cu.o
ptxas info    : 0 bytes gmem
ptxas info    : Compiling entry function '_ZN7nvbench6detail11noop_kernelIvEEvv' for 'sm_100'
ptxas info    : Function properties for _ZN7nvbench6detail11noop_kernelIvEEvv
    0 bytes stack frame, 0 bytes spill stores, 0 bytes spill loads
ptxas info    : Used 4 registers, used 0 barriers
ptxas info    : Compile time = 0.979 ms
[36/44] Building CUDA object _deps/nvbench-build/nvbench/CMakeFiles/nvbench.dir/detail/measure_cupti.cu.o
ptxas info    : 0 bytes gmem
ptxas info    : Compiling entry function '_ZN7nvbench6detail11noop_kernelIvEEvv' for 'sm_100'
ptxas info    : Function properties for _ZN7nvbench6detail11noop_kernelIvEEvv
    0 bytes stack frame, 0 bytes spill stores, 0 bytes spill loads
ptxas info    : Used 4 registers, used 0 barriers
ptxas info    : Compile time = 1.149 ms
[37/44] Building CUDA object _deps/nvbench-build/nvbench/CMakeFiles/nvbench.dir/detail/measure_cold.cu.o
ptxas info    : 0 bytes gmem
ptxas info    : Compiling entry function '_ZN7nvbench6detail11noop_kernelIvEEvv' for 'sm_100'
ptxas info    : Function properties for _ZN7nvbench6detail11noop_kernelIvEEvv
    0 bytes stack frame, 0 bytes spill stores, 0 bytes spill loads
ptxas info    : Used 4 registers, used 0 barriers
ptxas info    : Compile time = 1.023 ms
[38/44] Building CUDA object _deps/nvbench-build/nvbench/CMakeFiles/nvbench.dir/markdown_printer.cu.o
ptxas info    : 0 bytes gmem
ptxas info    : Compiling entry function '_ZN7nvbench6detail11noop_kernelIvEEvv' for 'sm_100'
ptxas info    : Function properties for _ZN7nvbench6detail11noop_kernelIvEEvv
    0 bytes stack frame, 0 bytes spill stores, 0 bytes spill loads
ptxas info    : Used 4 registers, used 0 barriers
ptxas info    : Compile time = 1.161 ms
[39/44] Building CUDA object _deps/nvbench-build/nvbench/CMakeFiles/nvbench.dir/option_parser.cu.o
ptxas info    : 0 bytes gmem
ptxas info    : Compiling entry function '_ZN7nvbench6detail11noop_kernelIvEEvv' for 'sm_100'
ptxas info    : Function properties for _ZN7nvbench6detail11noop_kernelIvEEvv
    0 bytes stack frame, 0 bytes spill stores, 0 bytes spill loads
ptxas info    : Used 4 registers, used 0 barriers
ptxas info    : Compile time = 1.178 ms
[40/44] Building CUDA object _deps/nvbench-build/nvbench/CMakeFiles/nvbench.dir/json_printer.cu.o
ptxas info    : 0 bytes gmem
ptxas info    : Compiling entry function '_ZN7nvbench6detail11noop_kernelIvEEvv' for 'sm_100'
ptxas info    : Function properties for _ZN7nvbench6detail11noop_kernelIvEEvv
    0 bytes stack frame, 0 bytes spill stores, 0 bytes spill loads
ptxas info    : Used 4 registers, used 0 barriers
ptxas info    : Compile time = 1.167 ms
[41/44] Linking CXX shared library lib/libnvbench.so
[42/44] Building CUDA object cub/benchmarks/CMakeFiles/cub.bench.topk.pairs.base.dir/bench/topk/pairs.cu.o
ptxas info    : 124 bytes gmem
ptxas info    : Compiling entry function '_ZN7nvbench6detail11noop_kernelIvEEvv' for 'sm_100'
ptxas info    : Function properties for _ZN7nvbench6detail11noop_kernelIvEEvv
    0 bytes stack frame, 0 bytes spill stores, 0 bytes spill loads
ptxas info    : Used 4 registers, used 0 barriers
ptxas info    : Compile time = 1.611 ms
ptxas info    : Compiling entry function '_ZN3cub17_V_300500_SM_10006detail8for_each13static_kernelINS2_15policy_selectorEmN6thrust17_V_300500_SM_10008cuda_cub20__uninitialized_fill7functorINS6_10device_ptrIlEElEEEEvT0_T1_' for 'sm_100'
ptxas info    : Function properties for _ZN3cub17_V_300500_SM_10006detail8for_each13static_kernelINS2_15policy_selectorEmN6thrust17_V_300500_SM_10008cuda_cub20__uninitialized_fill7functorINS6_10device_ptrIlEElEEEEvT0_T1_
    0 bytes stack frame, 0 bytes spill stores, 0 bytes spill loads
ptxas info    : Used 9 registers, used 0 barriers
ptxas info    : Compile time = 2.189 ms
ptxas info    : Compiling entry function '_ZN3cub17_V_300500_SM_10006detail8for_each13static_kernelINS2_15policy_selectorEmN6thrust17_V_300500_SM_10008cuda_cub20__uninitialized_fill7functorINS6_10device_ptrIiEEiEEEEvT0_T1_' for 'sm_100'
ptxas info    : Function properties for _ZN3cub17_V_300500_SM_10006detail8for_each13static_kernelINS2_15policy_selectorEmN6thrust17_V_300500_SM_10008cuda_cub20__uninitialized_fill7functorINS6_10device_ptrIiEEiEEEEvT0_T1_
    0 bytes stack frame, 0 bytes spill stores, 0 bytes spill loads
ptxas info    : Used 8 registers, used 0 barriers
ptxas info    : Compile time = 1.827 ms
ptxas info    : Compiling entry function '_ZN3cub17_V_300500_SM_10006detail8for_each13static_kernelINS2_15policy_selectorEmN6thrust17_V_300500_SM_10008cuda_cub20__uninitialized_fill7functorINS6_10device_ptrIsEEsEEEEvT0_T1_' for 'sm_100'
ptxas info    : Function properties for _ZN3cub17_V_300500_SM_10006detail8for_each13static_kernelINS2_15policy_selectorEmN6thrust17_V_300500_SM_10008cuda_cub20__uninitialized_fill7functorINS6_10device_ptrIsEEsEEEEvT0_T1_
    0 bytes stack frame, 0 bytes spill stores, 0 bytes spill loads
ptxas info    : Used 8 registers, used 0 barriers
ptxas info    : Compile time = 1.956 ms
ptxas info    : Compiling entry function '_ZN3cub17_V_300500_SM_10006detail8for_each13static_kernelINS2_15policy_selectorEmN6thrust17_V_300500_SM_10008cuda_cub20__uninitialized_fill7functorINS6_10device_ptrIaEEaEEEEvT0_T1_' for 'sm_100'
ptxas info    : Function properties for _ZN3cub17_V_300500_SM_10006detail8for_each13static_kernelINS2_15policy_selectorEmN6thrust17_V_300500_SM_10008cuda_cub20__uninitialized_fill7functorINS6_10device_ptrIaEEaEEEEvT0_T1_
    0 bytes stack frame, 0 bytes spill stores, 0 bytes spill loads
ptxas info    : Used 10 registers, used 0 barriers
ptxas info    : Compile time = 1.758 ms
ptxas info    : Compiling entry function '_ZN3cub17_V_300500_SM_10006detail12batched_topk44device_segmented_topk_finalize_filter_kernelINS2_26policy_selector_from_typesIlllLl8388608EEELNS1_4topk6selectE1EN4cuda3__417constant_iteratorIPKllEENSA_IPllEENSA_INS9_17counting_iteratorIjlLi0ELi0ELi0EEElEENS9_18transform_iteratorINS2_26per_segment_indexed_out_opISD_SF_EENSG_IlnLi0ELi0ELi0EEEEENS1_6params13uniform_paramIlLl0ELl268435456EEENSP_IlLl1ELl8388608EEENSP_IlLl1ELl1EEESE_jPyNS1_21identity_decomposer_tEjjlEEvT1_T2_T3_T4_T5_T6_T7_T8_PKT9_PNS6_7counterIT14_T12_T13_EEPS18_PS17_PNS8_3std3__415iterator_traitsINS1G_ISX_vE10value_typeEvE10value_typeES1D_S1L_T10_S18_S18_iiT11_b' for 'sm_100'
ptxas info    : Function properties for _ZN3cub17_V_300500_SM_10006detail12batched_topk44device_segmented_topk_finalize_filter_kernelINS2_26policy_selector_from_typesIlllLl8388608EEELNS1_4topk6selectE1EN4cuda3__417constant_iteratorIPKllEENSA_IPllEENSA_INS9_17counting_iteratorIjlLi0ELi0ELi0EEElEENS9_18transform_iteratorINS2_26per_segment_indexed_out_opISD_SF_EENSG_IlnLi0ELi0ELi0EEEEENS1_6params13uniform_paramIlLl0ELl268435456EEENSP_IlLl1ELl8388608EEENSP_IlLl1ELl1EEESE_jPyNS1_21identity_decomposer_tEjjlEEvT1_T2_T3_T4_T5_T6_T7_T8_PKT9_PNS6_7counterIT14_T12_T13_EEPS18_PS17_PNS8_3std3__415iterator_traitsINS1G_ISX_vE10value_typeEvE10value_typeES1D_S1L_T10_S18_S18_iiT11_b
    0 bytes stack frame, 0 bytes spill stores, 0 bytes spill loads
ptxas info    : Used 54 registers, used 1 barriers, 8208 bytes smem
ptxas info    : Compile time = 25.435 ms
ptxas info    : Compiling entry function '_ZN3cub17_V_300500_SM_10006detail12batched_topk40device_segmented_topk_last_filter_kernelINS2_26policy_selector_from_typesIlllLl8388608EEELNS1_4topk6selectE1EN4cuda3__417constant_iteratorIPKllEENSA_IPllEENSA_INS9_17counting_iteratorIjlLi0ELi0ELi0EEElEENS9_18transform_iteratorINS2_26per_segment_indexed_out_opISD_SF_EENSG_IlnLi0ELi0ELi0EEEEENS1_6params13uniform_paramIlLl0ELl268435456EEENSP_IlLl1ELl8388608EEENSP_IlLl1ELl1EEESE_jPyNS1_21identity_decomposer_tEjjEEvT1_T2_T3_T4_T5_T6_T7_T8_PKT9_PNS6_7counterINS8_3std3__415iterator_traitsINS19_ISV_vE10value_typeEvE10value_typeET12_T13_EEPS1D_PNS19_INS19_ISX_vE10value_typeEvE10value_typeES1E_T10_iiT11_' for 'sm_100'
ptxas info    : Function properties for _ZN3cub17_V_300500_SM_10006detail12batched_topk40device_segmented_topk_last_filter_kernelINS2_26policy_selector_from_typesIlllLl8388608EEELNS1_4topk6selectE1EN4cuda3__417constant_iteratorIPKllEENSA_IPllEENSA_INS9_17counting_iteratorIjlLi0ELi0ELi0EEElEENS9_18transform_iteratorINS2_26per_segment_indexed_out_opISD_SF_EENSG_IlnLi0ELi0ELi0EEEEENS1_6params13uniform_paramIlLl0ELl268435456EEENSP_IlLl1ELl8388608EEENSP_IlLl1ELl1EEESE_jPyNS1_21identity_decomposer_tEjjEEvT1_T2_T3_T4_T5_T6_T7_T8_PKT9_PNS6_7counterINS8_3std3__415iterator_traitsINS19_ISV_vE10value_typeEvE10value_typeET12_T13_EEPS1D_PNS19_INS19_ISX_vE10value_typeEvE10value_typeES1E_T10_iiT11_
    0 bytes stack frame, 0 bytes spill stores, 0 bytes spill loads
ptxas info    : Used 40 registers, used 0 barriers
ptxas info    : Compile time = 24.435 ms
ptxas info    : Compiling entry function '_ZN3cub17_V_300500_SM_10006detail12batched_topk35device_segmented_topk_filter_kernelINS2_26policy_selector_from_typesIlllLl8388608EEELNS1_4topk6selectE1EN4cuda3__417constant_iteratorIPKllEENSA_IPllEENSA_INS9_17counting_iteratorIjlLi0ELi0ELi0EEElEENS9_18transform_iteratorINS2_26per_segment_indexed_out_opISD_SF_EENSG_IlnLi0ELi0ELi0EEEEENS1_6params13uniform_paramIlLl0ELl268435456EEENSP_IlLl1ELl8388608EEENSP_IlLl1ELl1EEESE_jPyNS1_21identity_decomposer_tEjjEEvT1_T2_T3_T4_T5_T6_T7_T8_PKT9_PNS6_7counterINS8_3std3__415iterator_traitsINS19_ISV_vE10value_typeEvE10value_typeET12_T13_EEPS1E_PS1D_PNS19_INS19_ISX_vE10value_typeEvE10value_typeES1J_S1O_S1E_S1E_T10_iibT11_' for 'sm_100'
ptxas info    : Function properties for _ZN3cub17_V_300500_SM_10006detail12batched_topk35device_segmented_topk_filter_kernelINS2_26policy_selector_from_typesIlllLl8388608EEELNS1_4topk6selectE1EN4cuda3__417constant_iteratorIPKllEENSA_IPllEENSA_INS9_17counting_iteratorIjlLi0ELi0ELi0EEElEENS9_18transform_iteratorINS2_26per_segment_indexed_out_opISD_SF_EENSG_IlnLi0ELi0ELi0EEEEENS1_6params13uniform_paramIlLl0ELl268435456EEENSP_IlLl1ELl8388608EEENSP_IlLl1ELl1EEESE_jPyNS1_21identity_decomposer_tEjjEEvT1_T2_T3_T4_T5_T6_T7_T8_PKT9_PNS6_7counterINS8_3std3__415iterator_traitsINS19_ISV_vE10value_typeEvE10value_typeET12_T13_EEPS1E_PS1D_PNS19_INS19_ISX_vE10value_typeEvE10value_typeES1J_S1O_S1E_S1E_T10_iibT11_
    0 bytes stack frame, 0 bytes spill stores, 0 bytes spill loads
ptxas info    : Used 40 registers, used 1 barriers, 8196 bytes smem
ptxas info    : Compile time = 24.074 ms
ptxas info    : Compiling entry function '_ZN3cub17_V_300500_SM_10006detail12batched_topk47device_segmented_topk_finalize_histogram_kernelINS2_26policy_selector_from_typesIlllLl8388608EEEN4cuda3__417constant_iteratorIPKllEENS1_6params13uniform_paramIlLl0ELl268435456EEENSD_IlLl1ELl8388608EEENSD_IlLl1ELl1EEEPlPyNS1_4topk16extract_bin_op_tIlLNSJ_6selectE1ELi11ENS1_21identity_decomposer_tELb1EEEjjlEEvT0_T1_T2_T3_T4_PNSJ_7counterIT9_T7_T8_EEPSV_T5_T6_ib' for 'sm_100'
ptxas info    : Function properties for _ZN3cub17_V_300500_SM_10006detail12batched_topk47device_segmented_topk_finalize_histogram_kernelINS2_26policy_selector_from_typesIlllLl8388608EEEN4cuda3__417constant_iteratorIPKllEENS1_6params13uniform_paramIlLl0ELl268435456EEENSD_IlLl1ELl8388608EEENSD_IlLl1ELl1EEEPlPyNS1_4topk16extract_bin_op_tIlLNSJ_6selectE1ELi11ENS1_21identity_decomposer_tELb1EEEjjlEEvT0_T1_T2_T3_T4_PNSJ_7counterIT9_T7_T8_EEPSV_T5_T6_ib
    0 bytes stack frame, 0 bytes spill stores, 0 bytes spill loads
ptxas info    : Used 40 registers, used 1 barriers, 8192 bytes smem
ptxas info    : Compile time = 9.380 ms
ptxas info    : Compiling entry function '_ZN3cub17_V_300500_SM_10006detail12batched_topk38device_segmented_topk_histogram_kernelINS2_26policy_selector_from_typesIlllLl8388608EEEN4cuda3__417constant_iteratorIPKllEENS1_6params13uniform_paramIlLl0ELl268435456EEENSD_IlLl1ELl8388608EEENSD_IlLl1ELl1EEEPljPyNS1_4topk16extract_bin_op_tIlLNSJ_6selectE1ELi11ENS1_21identity_decomposer_tELb1EEEjjjEEvT0_T1_T2_T3_T4_PKT5_PNSJ_7counterINS6_3std3__415iterator_traitsINSZ_ISO_vE10value_typeEvE10value_typeET8_T9_EEPS14_T6_T7_' for 'sm_100'
ptxas info    : Function properties for _ZN3cub17_V_300500_SM_10006detail12batched_topk38device_segmented_topk_histogram_kernelINS2_26policy_selector_from_typesIlllLl8388608EEEN4cuda3__417constant_iteratorIPKllEENS1_6params13uniform_paramIlLl0ELl268435456EEENSD_IlLl1ELl8388608EEENSD_IlLl1ELl1EEEPljPyNS1_4topk16extract_bin_op_tIlLNSJ_6selectE1ELi11ENS1_21identity_decomposer_tELb1EEEjjjEEvT0_T1_T2_T3_T4_PKT5_PNSJ_7counterINS6_3std3__415iterator_traitsINSZ_ISO_vE10value_typeEvE10value_typeET8_T9_EEPS14_T6_T7_
    0 bytes stack frame, 0 bytes spill stores, 0 bytes spill loads
ptxas info    : Used 30 registers, used 1 barriers, 8240 bytes smem
ptxas info    : Compile time = 19.789 ms
ptxas info    : Compiling entry function '_ZN3cub17_V_300500_SM_10006detail12batched_topk44device_segmented_topk_finalize_filter_kernelINS2_26policy_selector_from_typesIlllLl8388608EEELNS1_4topk6selectE0EN4cuda3__417constant_iteratorIPKllEENSA_IPllEENSA_INS9_17counting_iteratorIjlLi0ELi0ELi0EEElEENS9_18transform_iteratorINS2_26per_segment_indexed_out_opISD_SF_EENSG_IlnLi0ELi0ELi0EEEEENS1_6params13uniform_paramIlLl0ELl268435456EEENSP_IlLl1ELl8388608EEENSP_IlLl1ELl1EEESE_jPyNS1_21identity_decomposer_tEjjlEEvT1_T2_T3_T4_T5_T6_T7_T8_PKT9_PNS6_7counterIT14_T12_T13_EEPS18_PS17_PNS8_3std3__415iterator_traitsINS1G_ISX_vE10value_typeEvE10value_typeES1D_S1L_T10_S18_S18_iiT11_b' for 'sm_100'
ptxas info    : Function properties for _ZN3cub17_V_300500_SM_10006detail12batched_topk44device_segmented_topk_finalize_filter_kernelINS2_26policy_selector_from_typesIlllLl8388608EEELNS1_4topk6selectE0EN4cuda3__417constant_iteratorIPKllEENSA_IPllEENSA_INS9_17counting_iteratorIjlLi0ELi0ELi0EEElEENS9_18transform_iteratorINS2_26per_segment_indexed_out_opISD_SF_EENSG_IlnLi0ELi0ELi0EEEEENS1_6params13uniform_paramIlLl0ELl268435456EEENSP_IlLl1ELl8388608EEENSP_IlLl1ELl1EEESE_jPyNS1_21identity_decomposer_tEjjlEEvT1_T2_T3_T4_T5_T6_T7_T8_PKT9_PNS6_7counterIT14_T12_T13_EEPS18_PS17_PNS8_3std3__415iterator_traitsINS1G_ISX_vE10value_typeEvE10value_typeES1D_S1L_T10_S18_S18_iiT11_b
    0 bytes stack frame, 0 bytes spill stores, 0 bytes spill loads
ptxas info    : Used 54 registers, used 1 barriers, 8208 bytes smem
ptxas info    : Compile time = 24.174 ms
ptxas info    : Compiling entry function '_ZN3cub17_V_300500_SM_10006detail12batched_topk40device_segmented_topk_last_filter_kernelINS2_26policy_selector_from_typesIlllLl8388608EEELNS1_4topk6selectE0EN4cuda3__417constant_iteratorIPKllEENSA_IPllEENSA_INS9_17counting_iteratorIjlLi0ELi0ELi0EEElEENS9_18transform_iteratorINS2_26per_segment_indexed_out_opISD_SF_EENSG_IlnLi0ELi0ELi0EEEEENS1_6params13uniform_paramIlLl0ELl268435456EEENSP_IlLl1ELl8388608EEENSP_IlLl1ELl1EEESE_jPyNS1_21identity_decomposer_tEjjEEvT1_T2_T3_T4_T5_T6_T7_T8_PKT9_PNS6_7counterINS8_3std3__415iterator_traitsINS19_ISV_vE10value_typeEvE10value_typeET12_T13_EEPS1D_PNS19_INS19_ISX_vE10value_typeEvE10value_typeES1E_T10_iiT11_' for 'sm_100'
ptxas info    : Function properties for _ZN3cub17_V_300500_SM_10006detail12batched_topk40device_segmented_topk_last_filter_kernelINS2_26policy_selector_from_typesIlllLl8388608EEELNS1_4topk6selectE0EN4cuda3__417constant_iteratorIPKllEENSA_IPllEENSA_INS9_17counting_iteratorIjlLi0ELi0ELi0EEElEENS9_18transform_iteratorINS2_26per_segment_indexed_out_opISD_SF_EENSG_IlnLi0ELi0ELi0EEEEENS1_6params13uniform_paramIlLl0ELl268435456EEENSP_IlLl1ELl8388608EEENSP_IlLl1ELl1EEESE_jPyNS1_21identity_decomposer_tEjjEEvT1_T2_T3_T4_T5_T6_T7_T8_PKT9_PNS6_7counterINS8_3std3__415iterator_traitsINS19_ISV_vE10value_typeEvE10value_typeET12_T13_EEPS1D_PNS19_INS19_ISX_vE10value_typeEvE10value_typeES1E_T10_iiT11_
    0 bytes stack frame, 0 bytes spill stores, 0 bytes spill loads
ptxas info    : Used 40 registers, used 0 barriers
ptxas info    : Compile time = 24.334 ms
ptxas info    : Compiling entry function '_ZN3cub17_V_300500_SM_10006detail12batched_topk35device_segmented_topk_filter_kernelINS2_26policy_selector_from_typesIlllLl8388608EEELNS1_4topk6selectE0EN4cuda3__417constant_iteratorIPKllEENSA_IPllEENSA_INS9_17counting_iteratorIjlLi0ELi0ELi0EEElEENS9_18transform_iteratorINS2_26per_segment_indexed_out_opISD_SF_EENSG_IlnLi0ELi0ELi0EEEEENS1_6params13uniform_paramIlLl0ELl268435456EEENSP_IlLl1ELl8388608EEENSP_IlLl1ELl1EEESE_jPyNS1_21identity_decomposer_tEjjEEvT1_T2_T3_T4_T5_T6_T7_T8_PKT9_PNS6_7counterINS8_3std3__415iterator_traitsINS19_ISV_vE10value_typeEvE10value_typeET12_T13_EEPS1E_PS1D_PNS19_INS19_ISX_vE10value_typeEvE10value_typeES1J_S1O_S1E_S1E_T10_iibT11_' for 'sm_100'
ptxas info    : Function properties for _ZN3cub17_V_300500_SM_10006detail12batched_topk35device_segmented_topk_filter_kernelINS2_26policy_selector_from_typesIlllLl8388608EEELNS1_4topk6selectE0EN4cuda3__417constant_iteratorIPKllEENSA_IPllEENSA_INS9_17counting_iteratorIjlLi0ELi0ELi0EEElEENS9_18transform_iteratorINS2_26per_segment_indexed_out_opISD_SF_EENSG_IlnLi0ELi0ELi0EEEEENS1_6params13uniform_paramIlLl0ELl268435456EEENSP_IlLl1ELl8388608EEENSP_IlLl1ELl1EEESE_jPyNS1_21identity_decomposer_tEjjEEvT1_T2_T3_T4_T5_T6_T7_T8_PKT9_PNS6_7counterINS8_3std3__415iterator_traitsINS19_ISV_vE10value_typeEvE10value_typeET12_T13_EEPS1E_PS1D_PNS19_INS19_ISX_vE10value_typeEvE10value_typeES1J_S1O_S1E_S1E_T10_iibT11_
    0 bytes stack frame, 0 bytes spill stores, 0 bytes spill loads
ptxas info    : Used 40 registers, used 1 barriers, 8196 bytes smem
ptxas info    : Compile time = 24.071 ms
ptxas info    : Compiling entry function '_ZN3cub17_V_300500_SM_10006detail12batched_topk47device_segmented_topk_finalize_histogram_kernelINS2_26policy_selector_from_typesIlllLl8388608EEEN4cuda3__417constant_iteratorIPKllEENS1_6params13uniform_paramIlLl0ELl268435456EEENSD_IlLl1ELl8388608EEENSD_IlLl1ELl1EEEPlPyNS1_4topk16extract_bin_op_tIlLNSJ_6selectE0ELi11ENS1_21identity_decomposer_tELb1EEEjjlEEvT0_T1_T2_T3_T4_PNSJ_7counterIT9_T7_T8_EEPSV_T5_T6_ib' for 'sm_100'
ptxas info    : Function properties for _ZN3cub17_V_300500_SM_10006detail12batched_topk47device_segmented_topk_finalize_histogram_kernelINS2_26policy_selector_from_typesIlllLl8388608EEEN4cuda3__417constant_iteratorIPKllEENS1_6params13uniform_paramIlLl0ELl268435456EEENSD_IlLl1ELl8388608EEENSD_IlLl1ELl1EEEPlPyNS1_4topk16extract_bin_op_tIlLNSJ_6selectE0ELi11ENS1_21identity_decomposer_tELb1EEEjjlEEvT0_T1_T2_T3_T4_PNSJ_7counterIT9_T7_T8_EEPSV_T5_T6_ib
    0 bytes stack frame, 0 bytes spill stores, 0 bytes spill loads
ptxas info    : Used 40 registers, used 1 barriers, 8192 bytes smem
ptxas info    : Compile time = 9.306 ms
ptxas info    : Compiling entry function '_ZN3cub17_V_300500_SM_10006detail12batched_topk38device_segmented_topk_histogram_kernelINS2_26policy_selector_from_typesIlllLl8388608EEEN4cuda3__417constant_iteratorIPKllEENS1_6params13uniform_paramIlLl0ELl268435456EEENSD_IlLl1ELl8388608EEENSD_IlLl1ELl1EEEPljPyNS1_4topk16extract_bin_op_tIlLNSJ_6selectE0ELi11ENS1_21identity_decomposer_tELb1EEEjjjEEvT0_T1_T2_T3_T4_PKT5_PNSJ_7counterINS6_3std3__415iterator_traitsINSZ_ISO_vE10value_typeEvE10value_typeET8_T9_EEPS14_T6_T7_' for 'sm_100'
ptxas info    : Function properties for _ZN3cub17_V_300500_SM_10006detail12batched_topk38device_segmented_topk_histogram_kernelINS2_26policy_selector_from_typesIlllLl8388608EEEN4cuda3__417constant_iteratorIPKllEENS1_6params13uniform_paramIlLl0ELl268435456EEENSD_IlLl1ELl8388608EEENSD_IlLl1ELl1EEEPljPyNS1_4topk16extract_bin_op_tIlLNSJ_6selectE0ELi11ENS1_21identity_decomposer_tELb1EEEjjjEEvT0_T1_T2_T3_T4_PKT5_PNSJ_7counterINS6_3std3__415iterator_traitsINSZ_ISO_vE10value_typeEvE10value_typeET8_T9_EEPS14_T6_T7_
    0 bytes stack frame, 0 bytes spill stores, 0 bytes spill loads
ptxas info    : Used 30 registers, used 1 barriers, 8240 bytes smem
ptxas info    : Compile time = 19.383 ms
ptxas info    : Compiling entry function '_ZN3cub17_V_300500_SM_10006detail12batched_topk28device_segmented_topk_kernelINS2_26policy_selector_from_typesIlllLl8388608EEEN4cuda3__417constant_iteratorIPKllEENS8_IPllEESB_SD_NS1_6params13uniform_paramIlLl0ELl268435456EEENSF_IlLl1ELl8388608EEENSE_22uniform_discrete_paramINS1_4topk6selectEJLSK_1EEEENSF_IlLl1ELl1EEEjEEvT0_T1_T2_T3_T4_T5_T6_T7_PNS2_21batched_topk_countersINSU_10value_typeEEEPSW_PT8_' for 'sm_100'
ptxas info    : Function properties for _ZN3cub17_V_300500_SM_10006detail12batched_topk28device_segmented_topk_kernelINS2_26policy_selector_from_typesIlllLl8388608EEEN4cuda3__417constant_iteratorIPKllEENS8_IPllEESB_SD_NS1_6params13uniform_paramIlLl0ELl268435456EEENSF_IlLl1ELl8388608EEENSE_22uniform_discrete_paramINS1_4topk6selectEJLSK_1EEEENSF_IlLl1ELl1EEEjEEvT0_T1_T2_T3_T4_T5_T6_T7_PNS2_21batched_topk_countersINSU_10value_typeEEEPSW_PT8_
    0 bytes stack frame, 0 bytes spill stores, 0 bytes spill loads
ptxas info    : Used 156 registers, used 1 barriers, 33808 bytes smem
ptxas info    : Compile time = 64.856 ms
ptxas info    : Compiling entry function '_ZN3cub17_V_300500_SM_10006detail12batched_topk44device_segmented_topk_finalize_filter_kernelINS2_26policy_selector_from_typesIlilLl8388608EEELNS1_4topk6selectE1EN4cuda3__417constant_iteratorIPKllEENSA_IPllEENSA_INS9_17counting_iteratorIjlLi0ELi0ELi0EEElEENS9_18transform_iteratorINS2_26per_segment_indexed_out_opINSA_IPKilEENSA_IPilEEEENSG_IlnLi0ELi0ELi0EEEEENS1_6params13uniform_paramIlLl0ELl268435456EEENSU_IlLl1ELl8388608EEENSU_IlLl1ELl1EEESE_jPyNS1_21identity_decomposer_tEjjlEEvT1_T2_T3_T4_T5_T6_T7_T8_PKT9_PNS6_7counterIT14_T12_T13_EEPS1D_PS1C_PNS8_3std3__415iterator_traitsINS1L_IS12_vE10value_typeEvE10value_typeES1I_S1Q_T10_S1D_S1D_iiT11_b' for 'sm_100'
ptxas info    : Function properties for _ZN3cub17_V_300500_SM_10006detail12batched_topk44device_segmented_topk_finalize_filter_kernelINS2_26policy_selector_from_typesIlilLl8388608EEELNS1_4topk6selectE1EN4cuda3__417constant_iteratorIPKllEENSA_IPllEENSA_INS9_17counting_iteratorIjlLi0ELi0ELi0EEElEENS9_18transform_iteratorINS2_26per_segment_indexed_out_opINSA_IPKilEENSA_IPilEEEENSG_IlnLi0ELi0ELi0EEEEENS1_6params13uniform_paramIlLl0ELl268435456EEENSU_IlLl1ELl8388608EEENSU_IlLl1ELl1EEESE_jPyNS1_21identity_decomposer_tEjjlEEvT1_T2_T3_T4_T5_T6_T7_T8_PKT9_PNS6_7counterIT14_T12_T13_EEPS1D_PS1C_PNS8_3std3__415iterator_traitsINS1L_IS12_vE10value_typeEvE10value_typeES1I_S1Q_T10_S1D_S1D_iiT11_b
    0 bytes stack frame, 0 bytes spill stores, 0 bytes spill loads
ptxas info    : Used 54 registers, used 1 barriers, 8208 bytes smem
ptxas info    : Compile time = 23.975 ms
ptxas info    : Compiling entry function '_ZN3cub17_V_300500_SM_10006detail12batched_topk40device_segmented_topk_last_filter_kernelINS2_26policy_selector_from_typesIlilLl8388608EEELNS1_4topk6selectE1EN4cuda3__417constant_iteratorIPKllEENSA_IPllEENSA_INS9_17counting_iteratorIjlLi0ELi0ELi0EEElEENS9_18transform_iteratorINS2_26per_segment_indexed_out_opINSA_IPKilEENSA_IPilEEEENSG_IlnLi0ELi0ELi0EEEEENS1_6params13uniform_paramIlLl0ELl268435456EEENSU_IlLl1ELl8388608EEENSU_IlLl1ELl1EEESE_jPyNS1_21identity_decomposer_tEjjEEvT1_T2_T3_T4_T5_T6_T7_T8_PKT9_PNS6_7counterINS8_3std3__415iterator_traitsINS1E_IS10_vE10value_typeEvE10value_typeET12_T13_EEPS1I_PNS1E_INS1E_IS12_vE10value_typeEvE10value_typeES1J_T10_iiT11_' for 'sm_100'
ptxas info    : Function properties for _ZN3cub17_V_300500_SM_10006detail12batched_topk40device_segmented_topk_last_filter_kernelINS2_26policy_selector_from_typesIlilLl8388608EEELNS1_4topk6selectE1EN4cuda3__417constant_iteratorIPKllEENSA_IPllEENSA_INS9_17counting_iteratorIjlLi0ELi0ELi0EEElEENS9_18transform_iteratorINS2_26per_segment_indexed_out_opINSA_IPKilEENSA_IPilEEEENSG_IlnLi0ELi0ELi0EEEEENS1_6params13uniform_paramIlLl0ELl268435456EEENSU_IlLl1ELl8388608EEENSU_IlLl1ELl1EEESE_jPyNS1_21identity_decomposer_tEjjEEvT1_T2_T3_T4_T5_T6_T7_T8_PKT9_PNS6_7counterINS8_3std3__415iterator_traitsINS1E_IS10_vE10value_typeEvE10value_typeET12_T13_EEPS1I_PNS1E_INS1E_IS12_vE10value_typeEvE10value_typeES1J_T10_iiT11_
    0 bytes stack frame, 0 bytes spill stores, 0 bytes spill loads
ptxas info    : Used 40 registers, used 0 barriers
ptxas info    : Compile time = 24.089 ms
ptxas info    : Compiling entry function '_ZN3cub17_V_300500_SM_10006detail12batched_topk35device_segmented_topk_filter_kernelINS2_26policy_selector_from_typesIlilLl8388608EEELNS1_4topk6selectE1EN4cuda3__417constant_iteratorIPKllEENSA_IPllEENSA_INS9_17counting_iteratorIjlLi0ELi0ELi0EEElEENS9_18transform_iteratorINS2_26per_segment_indexed_out_opINSA_IPKilEENSA_IPilEEEENSG_IlnLi0ELi0ELi0EEEEENS1_6params13uniform_paramIlLl0ELl268435456EEENSU_IlLl1ELl8388608EEENSU_IlLl1ELl1EEESE_jPyNS1_21identity_decomposer_tEjjEEvT1_T2_T3_T4_T5_T6_T7_T8_PKT9_PNS6_7counterINS8_3std3__415iterator_traitsINS1E_IS10_vE10value_typeEvE10value_typeET12_T13_EEPS1J_PS1I_PNS1E_INS1E_IS12_vE10value_typeEvE10value_typeES1O_S1T_S1J_S1J_T10_iibT11_' for 'sm_100'
ptxas info    : Function properties for _ZN3cub17_V_300500_SM_10006detail12batched_topk35device_segmented_topk_filter_kernelINS2_26policy_selector_from_typesIlilLl8388608EEELNS1_4topk6selectE1EN4cuda3__417constant_iteratorIPKllEENSA_IPllEENSA_INS9_17counting_iteratorIjlLi0ELi0ELi0EEElEENS9_18transform_iteratorINS2_26per_segment_indexed_out_opINSA_IPKilEENSA_IPilEEEENSG_IlnLi0ELi0ELi0EEEEENS1_6params13uniform_paramIlLl0ELl268435456EEENSU_IlLl1ELl8388608EEENSU_IlLl1ELl1EEESE_jPyNS1_21identity_decomposer_tEjjEEvT1_T2_T3_T4_T5_T6_T7_T8_PKT9_PNS6_7counterINS8_3std3__415iterator_traitsINS1E_IS10_vE10value_typeEvE10value_typeET12_T13_EEPS1J_PS1I_PNS1E_INS1E_IS12_vE10value_typeEvE10value_typeES1O_S1T_S1J_S1J_T10_iibT11_
    0 bytes stack frame, 0 bytes spill stores, 0 bytes spill loads
ptxas info    : Used 40 registers, used 1 barriers, 8196 bytes smem
ptxas info    : Compile time = 23.802 ms
ptxas info    : Compiling entry function '_ZN3cub17_V_300500_SM_10006detail12batched_topk47device_segmented_topk_finalize_histogram_kernelINS2_26policy_selector_from_typesIlilLl8388608EEEN4cuda3__417constant_iteratorIPKllEENS1_6params13uniform_paramIlLl0ELl268435456EEENSD_IlLl1ELl8388608EEENSD_IlLl1ELl1EEEPlPyNS1_4topk16extract_bin_op_tIlLNSJ_6selectE1ELi11ENS1_21identity_decomposer_tELb1EEEjjlEEvT0_T1_T2_T3_T4_PNSJ_7counterIT9_T7_T8_EEPSV_T5_T6_ib' for 'sm_100'
ptxas info    : Function properties for _ZN3cub17_V_300500_SM_10006detail12batched_topk47device_segmented_topk_finalize_histogram_kernelINS2_26policy_selector_from_typesIlilLl8388608EEEN4cuda3__417constant_iteratorIPKllEENS1_6params13uniform_paramIlLl0ELl268435456EEENSD_IlLl1ELl8388608EEENSD_IlLl1ELl1EEEPlPyNS1_4topk16extract_bin_op_tIlLNSJ_6selectE1ELi11ENS1_21identity_decomposer_tELb1EEEjjlEEvT0_T1_T2_T3_T4_PNSJ_7counterIT9_T7_T8_EEPSV_T5_T6_ib
    0 bytes stack frame, 0 bytes spill stores, 0 bytes spill loads
ptxas info    : Used 40 registers, used 1 barriers, 8192 bytes smem
ptxas info    : Compile time = 9.224 ms
ptxas info    : Compiling entry function '_ZN3cub17_V_300500_SM_10006detail12batched_topk38device_segmented_topk_histogram_kernelINS2_26policy_selector_from_typesIlilLl8388608EEEN4cuda3__417constant_iteratorIPKllEENS1_6params13uniform_paramIlLl0ELl268435456EEENSD_IlLl1ELl8388608EEENSD_IlLl1ELl1EEEPljPyNS1_4topk16extract_bin_op_tIlLNSJ_6selectE1ELi11ENS1_21identity_decomposer_tELb1EEEjjjEEvT0_T1_T2_T3_T4_PKT5_PNSJ_7counterINS6_3std3__415iterator_traitsINSZ_ISO_vE10value_typeEvE10value_typeET8_T9_EEPS14_T6_T7_' for 'sm_100'
ptxas info    : Function properties for _ZN3cub17_V_300500_SM_10006detail12batched_topk38device_segmented_topk_histogram_kernelINS2_26policy_selector_from_typesIlilLl8388608EEEN4cuda3__417constant_iteratorIPKllEENS1_6params13uniform_paramIlLl0ELl268435456EEENSD_IlLl1ELl8388608EEENSD_IlLl1ELl1EEEPljPyNS1_4topk16extract_bin_op_tIlLNSJ_6selectE1ELi11ENS1_21identity_decomposer_tELb1EEEjjjEEvT0_T1_T2_T3_T4_PKT5_PNSJ_7counterINS6_3std3__415iterator_traitsINSZ_ISO_vE10value_typeEvE10value_typeET8_T9_EEPS14_T6_T7_
    0 bytes stack frame, 0 bytes spill stores, 0 bytes spill loads
ptxas info    : Used 30 registers, used 1 barriers, 8240 bytes smem
ptxas info    : Compile time = 19.530 ms
ptxas info    : Compiling entry function '_ZN3cub17_V_300500_SM_10006detail12batched_topk44device_segmented_topk_finalize_filter_kernelINS2_26policy_selector_from_typesIlilLl8388608EEELNS1_4topk6selectE0EN4cuda3__417constant_iteratorIPKllEENSA_IPllEENSA_INS9_17counting_iteratorIjlLi0ELi0ELi0EEElEENS9_18transform_iteratorINS2_26per_segment_indexed_out_opINSA_IPKilEENSA_IPilEEEENSG_IlnLi0ELi0ELi0EEEEENS1_6params13uniform_paramIlLl0ELl268435456EEENSU_IlLl1ELl8388608EEENSU_IlLl1ELl1EEESE_jPyNS1_21identity_decomposer_tEjjlEEvT1_T2_T3_T4_T5_T6_T7_T8_PKT9_PNS6_7counterIT14_T12_T13_EEPS1D_PS1C_PNS8_3std3__415iterator_traitsINS1L_IS12_vE10value_typeEvE10value_typeES1I_S1Q_T10_S1D_S1D_iiT11_b' for 'sm_100'
ptxas info    : Function properties for _ZN3cub17_V_300500_SM_10006detail12batched_topk44device_segmented_topk_finalize_filter_kernelINS2_26policy_selector_from_typesIlilLl8388608EEELNS1_4topk6selectE0EN4cuda3__417constant_iteratorIPKllEENSA_IPllEENSA_INS9_17counting_iteratorIjlLi0ELi0ELi0EEElEENS9_18transform_iteratorINS2_26per_segment_indexed_out_opINSA_IPKilEENSA_IPilEEEENSG_IlnLi0ELi0ELi0EEEEENS1_6params13uniform_paramIlLl0ELl268435456EEENSU_IlLl1ELl8388608EEENSU_IlLl1ELl1EEESE_jPyNS1_21identity_decomposer_tEjjlEEvT1_T2_T3_T4_T5_T6_T7_T8_PKT9_PNS6_7counterIT14_T12_T13_EEPS1D_PS1C_PNS8_3std3__415iterator_traitsINS1L_IS12_vE10value_typeEvE10value_typeES1I_S1Q_T10_S1D_S1D_iiT11_b
    0 bytes stack frame, 0 bytes spill stores, 0 bytes spill loads
ptxas info    : Used 54 registers, used 1 barriers, 8208 bytes smem
ptxas info    : Compile time = 23.904 ms
ptxas info    : Compiling entry function '_ZN3cub17_V_300500_SM_10006detail12batched_topk40device_segmented_topk_last_filter_kernelINS2_26policy_selector_from_typesIlilLl8388608EEELNS1_4topk6selectE0EN4cuda3__417constant_iteratorIPKllEENSA_IPllEENSA_INS9_17counting_iteratorIjlLi0ELi0ELi0EEElEENS9_18transform_iteratorINS2_26per_segment_indexed_out_opINSA_IPKilEENSA_IPilEEEENSG_IlnLi0ELi0ELi0EEEEENS1_6params13uniform_paramIlLl0ELl268435456EEENSU_IlLl1ELl8388608EEENSU_IlLl1ELl1EEESE_jPyNS1_21identity_decomposer_tEjjEEvT1_T2_T3_T4_T5_T6_T7_T8_PKT9_PNS6_7counterINS8_3std3__415iterator_traitsINS1E_IS10_vE10value_typeEvE10value_typeET12_T13_EEPS1I_PNS1E_INS1E_IS12_vE10value_typeEvE10value_typeES1J_T10_iiT11_' for 'sm_100'
ptxas info    : Function properties for _ZN3cub17_V_300500_SM_10006detail12batched_topk40device_segmented_topk_last_filter_kernelINS2_26policy_selector_from_typesIlilLl8388608EEELNS1_4topk6selectE0EN4cuda3__417constant_iteratorIPKllEENSA_IPllEENSA_INS9_17counting_iteratorIjlLi0ELi0ELi0EEElEENS9_18transform_iteratorINS2_26per_segment_indexed_out_opINSA_IPKilEENSA_IPilEEEENSG_IlnLi0ELi0ELi0EEEEENS1_6params13uniform_paramIlLl0ELl268435456EEENSU_IlLl1ELl8388608EEENSU_IlLl1ELl1EEESE_jPyNS1_21identity_decomposer_tEjjEEvT1_T2_T3_T4_T5_T6_T7_T8_PKT9_PNS6_7counterINS8_3std3__415iterator_traitsINS1E_IS10_vE10value_typeEvE10value_typeET12_T13_EEPS1I_PNS1E_INS1E_IS12_vE10value_typeEvE10value_typeES1J_T10_iiT11_
    0 bytes stack frame, 0 bytes spill stores, 0 bytes spill loads
ptxas info    : Used 40 registers, used 0 barriers
ptxas info    : Compile time = 24.072 ms
ptxas info    : Compiling entry function '_ZN3cub17_V_300500_SM_10006detail12batched_topk35device_segmented_topk_filter_kernelINS2_26policy_selector_from_typesIlilLl8388608EEELNS1_4topk6selectE0EN4cuda3__417constant_iteratorIPKllEENSA_IPllEENSA_INS9_17counting_iteratorIjlLi0ELi0ELi0EEElEENS9_18transform_iteratorINS2_26per_segment_indexed_out_opINSA_IPKilEENSA_IPilEEEENSG_IlnLi0ELi0ELi0EEEEENS1_6params13uniform_paramIlLl0ELl268435456EEENSU_IlLl1ELl8388608EEENSU_IlLl1ELl1EEESE_jPyNS1_21identity_decomposer_tEjjEEvT1_T2_T3_T4_T5_T6_T7_T8_PKT9_PNS6_7counterINS8_3std3__415iterator_traitsINS1E_IS10_vE10value_typeEvE10value_typeET12_T13_EEPS1J_PS1I_PNS1E_INS1E_IS12_vE10value_typeEvE10value_typeES1O_S1T_S1J_S1J_T10_iibT11_' for 'sm_100'
ptxas info    : Function properties for _ZN3cub17_V_300500_SM_10006detail12batched_topk35device_segmented_topk_filter_kernelINS2_26policy_selector_from_typesIlilLl8388608EEELNS1_4topk6selectE0EN4cuda3__417constant_iteratorIPKllEENSA_IPllEENSA_INS9_17counting_iteratorIjlLi0ELi0ELi0EEElEENS9_18transform_iteratorINS2_26per_segment_indexed_out_opINSA_IPKilEENSA_IPilEEEENSG_IlnLi0ELi0ELi0EEEEENS1_6params13uniform_paramIlLl0ELl268435456EEENSU_IlLl1ELl8388608EEENSU_IlLl1ELl1EEESE_jPyNS1_21identity_decomposer_tEjjEEvT1_T2_T3_T4_T5_T6_T7_T8_PKT9_PNS6_7counterINS8_3std3__415iterator_traitsINS1E_IS10_vE10value_typeEvE10value_typeET12_T13_EEPS1J_PS1I_PNS1E_INS1E_IS12_vE10value_typeEvE10value_typeES1O_S1T_S1J_S1J_T10_iibT11_
    0 bytes stack frame, 0 bytes spill stores, 0 bytes spill loads
ptxas info    : Used 40 registers, used 1 barriers, 8196 bytes smem
ptxas info    : Compile time = 23.730 ms
ptxas info    : Compiling entry function '_ZN3cub17_V_300500_SM_10006detail12batched_topk47device_segmented_topk_finalize_histogram_kernelINS2_26policy_selector_from_typesIlilLl8388608EEEN4cuda3__417constant_iteratorIPKllEENS1_6params13uniform_paramIlLl0ELl268435456EEENSD_IlLl1ELl8388608EEENSD_IlLl1ELl1EEEPlPyNS1_4topk16extract_bin_op_tIlLNSJ_6selectE0ELi11ENS1_21identity_decomposer_tELb1EEEjjlEEvT0_T1_T2_T3_T4_PNSJ_7counterIT9_T7_T8_EEPSV_T5_T6_ib' for 'sm_100'
ptxas info    : Function properties for _ZN3cub17_V_300500_SM_10006detail12batched_topk47device_segmented_topk_finalize_histogram_kernelINS2_26policy_selector_from_typesIlilLl8388608EEEN4cuda3__417constant_iteratorIPKllEENS1_6params13uniform_paramIlLl0ELl268435456EEENSD_IlLl1ELl8388608EEENSD_IlLl1ELl1EEEPlPyNS1_4topk16extract_bin_op_tIlLNSJ_6selectE0ELi11ENS1_21identity_decomposer_tELb1EEEjjlEEvT0_T1_T2_T3_T4_PNSJ_7counterIT9_T7_T8_EEPSV_T5_T6_ib
    0 bytes stack frame, 0 bytes spill stores, 0 bytes spill loads
ptxas info    : Used 40 registers, used 1 barriers, 8192 bytes smem
ptxas info    : Compile time = 9.174 ms
ptxas info    : Compiling entry function '_ZN3cub17_V_300500_SM_10006detail12batched_topk38device_segmented_topk_histogram_kernelINS2_26policy_selector_from_typesIlilLl8388608EEEN4cuda3__417constant_iteratorIPKllEENS1_6params13uniform_paramIlLl0ELl268435456EEENSD_IlLl1ELl8388608EEENSD_IlLl1ELl1EEEPljPyNS1_4topk16extract_bin_op_tIlLNSJ_6selectE0ELi11ENS1_21identity_decomposer_tELb1EEEjjjEEvT0_T1_T2_T3_T4_PKT5_PNSJ_7counterINS6_3std3__415iterator_traitsINSZ_ISO_vE10value_typeEvE10value_typeET8_T9_EEPS14_T6_T7_' for 'sm_100'
ptxas info    : Function properties for _ZN3cub17_V_300500_SM_10006detail12batched_topk38device_segmented_topk_histogram_kernelINS2_26policy_selector_from_typesIlilLl8388608EEEN4cuda3__417constant_iteratorIPKllEENS1_6params13uniform_paramIlLl0ELl268435456EEENSD_IlLl1ELl8388608EEENSD_IlLl1ELl1EEEPljPyNS1_4topk16extract_bin_op_tIlLNSJ_6selectE0ELi11ENS1_21identity_decomposer_tELb1EEEjjjEEvT0_T1_T2_T3_T4_PKT5_PNSJ_7counterINS6_3std3__415iterator_traitsINSZ_ISO_vE10value_typeEvE10value_typeET8_T9_EEPS14_T6_T7_
    0 bytes stack frame, 0 bytes spill stores, 0 bytes spill loads
ptxas info    : Used 30 registers, used 1 barriers, 8240 bytes smem
ptxas info    : Compile time = 19.133 ms
ptxas info    : Compiling entry function '_ZN3cub17_V_300500_SM_10006detail12batched_topk28device_segmented_topk_kernelINS2_26policy_selector_from_typesIlilLl8388608EEEN4cuda3__417constant_iteratorIPKllEENS8_IPllEENS8_IPKilEENS8_IPilEENS1_6params13uniform_paramIlLl0ELl268435456EEENSK_IlLl1ELl8388608EEENSJ_22uniform_discrete_paramINS1_4topk6selectEJLSP_1EEEENSK_IlLl1ELl1EEEjEEvT0_T1_T2_T3_T4_T5_T6_T7_PNS2_21batched_topk_countersINSZ_10value_typeEEEPS11_PT8_' for 'sm_100'
ptxas info    : Function properties for _ZN3cub17_V_300500_SM_10006detail12batched_topk28device_segmented_topk_kernelINS2_26policy_selector_from_typesIlilLl8388608EEEN4cuda3__417constant_iteratorIPKllEENS8_IPllEENS8_IPKilEENS8_IPilEENS1_6params13uniform_paramIlLl0ELl268435456EEENSK_IlLl1ELl8388608EEENSJ_22uniform_discrete_paramINS1_4topk6selectEJLSP_1EEEENSK_IlLl1ELl1EEEjEEvT0_T1_T2_T3_T4_T5_T6_T7_PNS2_21batched_topk_countersINSZ_10value_typeEEEPS11_PT8_
    0 bytes stack frame, 0 bytes spill stores, 0 bytes spill loads
ptxas info    : Used 183 registers, used 1 barriers, 33808 bytes smem
ptxas info    : Compile time = 67.724 ms
ptxas info    : Compiling entry function '_ZN3cub17_V_300500_SM_10006detail12batched_topk44device_segmented_topk_finalize_filter_kernelINS2_26policy_selector_from_typesIlslLl8388608EEELNS1_4topk6selectE1EN4cuda3__417constant_iteratorIPKllEENSA_IPllEENSA_INS9_17counting_iteratorIjlLi0ELi0ELi0EEElEENS9_18transform_iteratorINS2_26per_segment_indexed_out_opINSA_IPKslEENSA_IPslEEEENSG_IlnLi0ELi0ELi0EEEEENS1_6params13uniform_paramIlLl0ELl268435456EEENSU_IlLl1ELl8388608EEENSU_IlLl1ELl1EEESE_jPyNS1_21identity_decomposer_tEjjlEEvT1_T2_T3_T4_T5_T6_T7_T8_PKT9_PNS6_7counterIT14_T12_T13_EEPS1D_PS1C_PNS8_3std3__415iterator_traitsINS1L_IS12_vE10value_typeEvE10value_typeES1I_S1Q_T10_S1D_S1D_iiT11_b' for 'sm_100'
ptxas info    : Function properties for _ZN3cub17_V_300500_SM_10006detail12batched_topk44device_segmented_topk_finalize_filter_kernelINS2_26policy_selector_from_typesIlslLl8388608EEELNS1_4topk6selectE1EN4cuda3__417constant_iteratorIPKllEENSA_IPllEENSA_INS9_17counting_iteratorIjlLi0ELi0ELi0EEElEENS9_18transform_iteratorINS2_26per_segment_indexed_out_opINSA_IPKslEENSA_IPslEEEENSG_IlnLi0ELi0ELi0EEEEENS1_6params13uniform_paramIlLl0ELl268435456EEENSU_IlLl1ELl8388608EEENSU_IlLl1ELl1EEESE_jPyNS1_21identity_decomposer_tEjjlEEvT1_T2_T3_T4_T5_T6_T7_T8_PKT9_PNS6_7counterIT14_T12_T13_EEPS1D_PS1C_PNS8_3std3__415iterator_traitsINS1L_IS12_vE10value_typeEvE10value_typeES1I_S1Q_T10_S1D_S1D_iiT11_b
    0 bytes stack frame, 0 bytes spill stores, 0 bytes spill loads
ptxas info    : Used 54 registers, used 1 barriers, 8208 bytes smem
ptxas info    : Compile time = 23.995 ms
ptxas info    : Compiling entry function '_ZN3cub17_V_300500_SM_10006detail12batched_topk40device_segmented_topk_last_filter_kernelINS2_26policy_selector_from_typesIlslLl8388608EEELNS1_4topk6selectE1EN4cuda3__417constant_iteratorIPKllEENSA_IPllEENSA_INS9_17counting_iteratorIjlLi0ELi0ELi0EEElEENS9_18transform_iteratorINS2_26per_segment_indexed_out_opINSA_IPKslEENSA_IPslEEEENSG_IlnLi0ELi0ELi0EEEEENS1_6params13uniform_paramIlLl0ELl268435456EEENSU_IlLl1ELl8388608EEENSU_IlLl1ELl1EEESE_jPyNS1_21identity_decomposer_tEjjEEvT1_T2_T3_T4_T5_T6_T7_T8_PKT9_PNS6_7counterINS8_3std3__415iterator_traitsINS1E_IS10_vE10value_typeEvE10value_typeET12_T13_EEPS1I_PNS1E_INS1E_IS12_vE10value_typeEvE10value_typeES1J_T10_iiT11_' for 'sm_100'
ptxas info    : Function properties for _ZN3cub17_V_300500_SM_10006detail12batched_topk40device_segmented_topk_last_filter_kernelINS2_26policy_selector_from_typesIlslLl8388608EEELNS1_4topk6selectE1EN4cuda3__417constant_iteratorIPKllEENSA_IPllEENSA_INS9_17counting_iteratorIjlLi0ELi0ELi0EEElEENS9_18transform_iteratorINS2_26per_segment_indexed_out_opINSA_IPKslEENSA_IPslEEEENSG_IlnLi0ELi0ELi0EEEEENS1_6params13uniform_paramIlLl0ELl268435456EEENSU_IlLl1ELl8388608EEENSU_IlLl1ELl1EEESE_jPyNS1_21identity_decomposer_tEjjEEvT1_T2_T3_T4_T5_T6_T7_T8_PKT9_PNS6_7counterINS8_3std3__415iterator_traitsINS1E_IS10_vE10value_typeEvE10value_typeET12_T13_EEPS1I_PNS1E_INS1E_IS12_vE10value_typeEvE10value_typeES1J_T10_iiT11_
    0 bytes stack frame, 0 bytes spill stores, 0 bytes spill loads
ptxas info    : Used 40 registers, used 0 barriers
ptxas info    : Compile time = 24.078 ms
ptxas info    : Compiling entry function '_ZN3cub17_V_300500_SM_10006detail12batched_topk35device_segmented_topk_filter_kernelINS2_26policy_selector_from_typesIlslLl8388608EEELNS1_4topk6selectE1EN4cuda3__417constant_iteratorIPKllEENSA_IPllEENSA_INS9_17counting_iteratorIjlLi0ELi0ELi0EEElEENS9_18transform_iteratorINS2_26per_segment_indexed_out_opINSA_IPKslEENSA_IPslEEEENSG_IlnLi0ELi0ELi0EEEEENS1_6params13uniform_paramIlLl0ELl268435456EEENSU_IlLl1ELl8388608EEENSU_IlLl1ELl1EEESE_jPyNS1_21identity_decomposer_tEjjEEvT1_T2_T3_T4_T5_T6_T7_T8_PKT9_PNS6_7counterINS8_3std3__415iterator_traitsINS1E_IS10_vE10value_typeEvE10value_typeET12_T13_EEPS1J_PS1I_PNS1E_INS1E_IS12_vE10value_typeEvE10value_typeES1O_S1T_S1J_S1J_T10_iibT11_' for 'sm_100'
ptxas info    : Function properties for _ZN3cub17_V_300500_SM_10006detail12batched_topk35device_segmented_topk_filter_kernelINS2_26policy_selector_from_typesIlslLl8388608EEELNS1_4topk6selectE1EN4cuda3__417constant_iteratorIPKllEENSA_IPllEENSA_INS9_17counting_iteratorIjlLi0ELi0ELi0EEElEENS9_18transform_iteratorINS2_26per_segment_indexed_out_opINSA_IPKslEENSA_IPslEEEENSG_IlnLi0ELi0ELi0EEEEENS1_6params13uniform_paramIlLl0ELl268435456EEENSU_IlLl1ELl8388608EEENSU_IlLl1ELl1EEESE_jPyNS1_21identity_decomposer_tEjjEEvT1_T2_T3_T4_T5_T6_T7_T8_PKT9_PNS6_7counterINS8_3std3__415iterator_traitsINS1E_IS10_vE10value_typeEvE10value_typeET12_T13_EEPS1J_PS1I_PNS1E_INS1E_IS12_vE10value_typeEvE10value_typeES1O_S1T_S1J_S1J_T10_iibT11_
    0 bytes stack frame, 0 bytes spill stores, 0 bytes spill loads
ptxas info    : Used 40 registers, used 1 barriers, 8196 bytes smem
ptxas info    : Compile time = 23.817 ms
ptxas info    : Compiling entry function '_ZN3cub17_V_300500_SM_10006detail12batched_topk47device_segmented_topk_finalize_histogram_kernelINS2_26policy_selector_from_typesIlslLl8388608EEEN4cuda3__417constant_iteratorIPKllEENS1_6params13uniform_paramIlLl0ELl268435456EEENSD_IlLl1ELl8388608EEENSD_IlLl1ELl1EEEPlPyNS1_4topk16extract_bin_op_tIlLNSJ_6selectE1ELi11ENS1_21identity_decomposer_tELb1EEEjjlEEvT0_T1_T2_T3_T4_PNSJ_7counterIT9_T7_T8_EEPSV_T5_T6_ib' for 'sm_100'
ptxas info    : Function properties for _ZN3cub17_V_300500_SM_10006detail12batched_topk47device_segmented_topk_finalize_histogram_kernelINS2_26policy_selector_from_typesIlslLl8388608EEEN4cuda3__417constant_iteratorIPKllEENS1_6params13uniform_paramIlLl0ELl268435456EEENSD_IlLl1ELl8388608EEENSD_IlLl1ELl1EEEPlPyNS1_4topk16extract_bin_op_tIlLNSJ_6selectE1ELi11ENS1_21identity_decomposer_tELb1EEEjjlEEvT0_T1_T2_T3_T4_PNSJ_7counterIT9_T7_T8_EEPSV_T5_T6_ib
    0 bytes stack frame, 0 bytes spill stores, 0 bytes spill loads
ptxas info    : Used 40 registers, used 1 barriers, 8192 bytes smem
ptxas info    : Compile time = 9.227 ms
ptxas info    : Compiling entry function '_ZN3cub17_V_300500_SM_10006detail12batched_topk38device_segmented_topk_histogram_kernelINS2_26policy_selector_from_typesIlslLl8388608EEEN4cuda3__417constant_iteratorIPKllEENS1_6params13uniform_paramIlLl0ELl268435456EEENSD_IlLl1ELl8388608EEENSD_IlLl1ELl1EEEPljPyNS1_4topk16extract_bin_op_tIlLNSJ_6selectE1ELi11ENS1_21identity_decomposer_tELb1EEEjjjEEvT0_T1_T2_T3_T4_PKT5_PNSJ_7counterINS6_3std3__415iterator_traitsINSZ_ISO_vE10value_typeEvE10value_typeET8_T9_EEPS14_T6_T7_' for 'sm_100'
ptxas info    : Function properties for _ZN3cub17_V_300500_SM_10006detail12batched_topk38device_segmented_topk_histogram_kernelINS2_26policy_selector_from_typesIlslLl8388608EEEN4cuda3__417constant_iteratorIPKllEENS1_6params13uniform_paramIlLl0ELl268435456EEENSD_IlLl1ELl8388608EEENSD_IlLl1ELl1EEEPljPyNS1_4topk16extract_bin_op_tIlLNSJ_6selectE1ELi11ENS1_21identity_decomposer_tELb1EEEjjjEEvT0_T1_T2_T3_T4_PKT5_PNSJ_7counterINS6_3std3__415iterator_traitsINSZ_ISO_vE10value_typeEvE10value_typeET8_T9_EEPS14_T6_T7_
    0 bytes stack frame, 0 bytes spill stores, 0 bytes spill loads
ptxas info    : Used 30 registers, used 1 barriers, 8240 bytes smem
ptxas info    : Compile time = 19.526 ms
ptxas info    : Compiling entry function '_ZN3cub17_V_300500_SM_10006detail12batched_topk44device_segmented_topk_finalize_filter_kernelINS2_26policy_selector_from_typesIlslLl8388608EEELNS1_4topk6selectE0EN4cuda3__417constant_iteratorIPKllEENSA_IPllEENSA_INS9_17counting_iteratorIjlLi0ELi0ELi0EEElEENS9_18transform_iteratorINS2_26per_segment_indexed_out_opINSA_IPKslEENSA_IPslEEEENSG_IlnLi0ELi0ELi0EEEEENS1_6params13uniform_paramIlLl0ELl268435456EEENSU_IlLl1ELl8388608EEENSU_IlLl1ELl1EEESE_jPyNS1_21identity_decomposer_tEjjlEEvT1_T2_T3_T4_T5_T6_T7_T8_PKT9_PNS6_7counterIT14_T12_T13_EEPS1D_PS1C_PNS8_3std3__415iterator_traitsINS1L_IS12_vE10value_typeEvE10value_typeES1I_S1Q_T10_S1D_S1D_iiT11_b' for 'sm_100'
ptxas info    : Function properties for _ZN3cub17_V_300500_SM_10006detail12batched_topk44device_segmented_topk_finalize_filter_kernelINS2_26policy_selector_from_typesIlslLl8388608EEELNS1_4topk6selectE0EN4cuda3__417constant_iteratorIPKllEENSA_IPllEENSA_INS9_17counting_iteratorIjlLi0ELi0ELi0EEElEENS9_18transform_iteratorINS2_26per_segment_indexed_out_opINSA_IPKslEENSA_IPslEEEENSG_IlnLi0ELi0ELi0EEEEENS1_6params13uniform_paramIlLl0ELl268435456EEENSU_IlLl1ELl8388608EEENSU_IlLl1ELl1EEESE_jPyNS1_21identity_decomposer_tEjjlEEvT1_T2_T3_T4_T5_T6_T7_T8_PKT9_PNS6_7counterIT14_T12_T13_EEPS1D_PS1C_PNS8_3std3__415iterator_traitsINS1L_IS12_vE10value_typeEvE10value_typeES1I_S1Q_T10_S1D_S1D_iiT11_b
    0 bytes stack frame, 0 bytes spill stores, 0 bytes spill loads
ptxas info    : Used 54 registers, used 1 barriers, 8208 bytes smem
ptxas info    : Compile time = 23.883 ms
ptxas info    : Compiling entry function '_ZN3cub17_V_300500_SM_10006detail12batched_topk40device_segmented_topk_last_filter_kernelINS2_26policy_selector_from_typesIlslLl8388608EEELNS1_4topk6selectE0EN4cuda3__417constant_iteratorIPKllEENSA_IPllEENSA_INS9_17counting_iteratorIjlLi0ELi0ELi0EEElEENS9_18transform_iteratorINS2_26per_segment_indexed_out_opINSA_IPKslEENSA_IPslEEEENSG_IlnLi0ELi0ELi0EEEEENS1_6params13uniform_paramIlLl0ELl268435456EEENSU_IlLl1ELl8388608EEENSU_IlLl1ELl1EEESE_jPyNS1_21identity_decomposer_tEjjEEvT1_T2_T3_T4_T5_T6_T7_T8_PKT9_PNS6_7counterINS8_3std3__415iterator_traitsINS1E_IS10_vE10value_typeEvE10value_typeET12_T13_EEPS1I_PNS1E_INS1E_IS12_vE10value_typeEvE10value_typeES1J_T10_iiT11_' for 'sm_100'
ptxas info    : Function properties for _ZN3cub17_V_300500_SM_10006detail12batched_topk40device_segmented_topk_last_filter_kernelINS2_26policy_selector_from_typesIlslLl8388608EEELNS1_4topk6selectE0EN4cuda3__417constant_iteratorIPKllEENSA_IPllEENSA_INS9_17counting_iteratorIjlLi0ELi0ELi0EEElEENS9_18transform_iteratorINS2_26per_segment_indexed_out_opINSA_IPKslEENSA_IPslEEEENSG_IlnLi0ELi0ELi0EEEEENS1_6params13uniform_paramIlLl0ELl268435456EEENSU_IlLl1ELl8388608EEENSU_IlLl1ELl1EEESE_jPyNS1_21identity_decomposer_tEjjEEvT1_T2_T3_T4_T5_T6_T7_T8_PKT9_PNS6_7counterINS8_3std3__415iterator_traitsINS1E_IS10_vE10value_typeEvE10value_typeET12_T13_EEPS1I_PNS1E_INS1E_IS12_vE10value_typeEvE10value_typeES1J_T10_iiT11_
    0 bytes stack frame, 0 bytes spill stores, 0 bytes spill loads
ptxas info    : Used 40 registers, used 0 barriers
ptxas info    : Compile time = 24.041 ms
ptxas info    : Compiling entry function '_ZN3cub17_V_300500_SM_10006detail12batched_topk35device_segmented_topk_filter_kernelINS2_26policy_selector_from_typesIlslLl8388608EEELNS1_4topk6selectE0EN4cuda3__417constant_iteratorIPKllEENSA_IPllEENSA_INS9_17counting_iteratorIjlLi0ELi0ELi0EEElEENS9_18transform_iteratorINS2_26per_segment_indexed_out_opINSA_IPKslEENSA_IPslEEEENSG_IlnLi0ELi0ELi0EEEEENS1_6params13uniform_paramIlLl0ELl268435456EEENSU_IlLl1ELl8388608EEENSU_IlLl1ELl1EEESE_jPyNS1_21identity_decomposer_tEjjEEvT1_T2_T3_T4_T5_T6_T7_T8_PKT9_PNS6_7counterINS8_3std3__415iterator_traitsINS1E_IS10_vE10value_typeEvE10value_typeET12_T13_EEPS1J_PS1I_PNS1E_INS1E_IS12_vE10value_typeEvE10value_typeES1O_S1T_S1J_S1J_T10_iibT11_' for 'sm_100'
ptxas info    : Function properties for _ZN3cub17_V_300500_SM_10006detail12batched_topk35device_segmented_topk_filter_kernelINS2_26policy_selector_from_typesIlslLl8388608EEELNS1_4topk6selectE0EN4cuda3__417constant_iteratorIPKllEENSA_IPllEENSA_INS9_17counting_iteratorIjlLi0ELi0ELi0EEElEENS9_18transform_iteratorINS2_26per_segment_indexed_out_opINSA_IPKslEENSA_IPslEEEENSG_IlnLi0ELi0ELi0EEEEENS1_6params13uniform_paramIlLl0ELl268435456EEENSU_IlLl1ELl8388608EEENSU_IlLl1ELl1EEESE_jPyNS1_21identity_decomposer_tEjjEEvT1_T2_T3_T4_T5_T6_T7_T8_PKT9_PNS6_7counterINS8_3std3__415iterator_traitsINS1E_IS10_vE10value_typeEvE10value_typeET12_T13_EEPS1J_PS1I_PNS1E_INS1E_IS12_vE10value_typeEvE10value_typeES1O_S1T_S1J_S1J_T10_iibT11_
    0 bytes stack frame, 0 bytes spill stores, 0 bytes spill loads
ptxas info    : Used 40 registers, used 1 barriers, 8196 bytes smem
ptxas info    : Compile time = 23.726 ms
ptxas info    : Compiling entry function '_ZN3cub17_V_300500_SM_10006detail12batched_topk47device_segmented_topk_finalize_histogram_kernelINS2_26policy_selector_from_typesIlslLl8388608EEEN4cuda3__417constant_iteratorIPKllEENS1_6params13uniform_paramIlLl0ELl268435456EEENSD_IlLl1ELl8388608EEENSD_IlLl1ELl1EEEPlPyNS1_4topk16extract_bin_op_tIlLNSJ_6selectE0ELi11ENS1_21identity_decomposer_tELb1EEEjjlEEvT0_T1_T2_T3_T4_PNSJ_7counterIT9_T7_T8_EEPSV_T5_T6_ib' for 'sm_100'
ptxas info    : Function properties for _ZN3cub17_V_300500_SM_10006detail12batched_topk47device_segmented_topk_finalize_histogram_kernelINS2_26policy_selector_from_typesIlslLl8388608EEEN4cuda3__417constant_iteratorIPKllEENS1_6params13uniform_paramIlLl0ELl268435456EEENSD_IlLl1ELl8388608EEENSD_IlLl1ELl1EEEPlPyNS1_4topk16extract_bin_op_tIlLNSJ_6selectE0ELi11ENS1_21identity_decomposer_tELb1EEEjjlEEvT0_T1_T2_T3_T4_PNSJ_7counterIT9_T7_T8_EEPSV_T5_T6_ib
    0 bytes stack frame, 0 bytes spill stores, 0 bytes spill loads
ptxas info    : Used 40 registers, used 1 barriers, 8192 bytes smem
ptxas info    : Compile time = 9.356 ms
ptxas info    : Compiling entry function '_ZN3cub17_V_300500_SM_10006detail12batched_topk38device_segmented_topk_histogram_kernelINS2_26policy_selector_from_typesIlslLl8388608EEEN4cuda3__417constant_iteratorIPKllEENS1_6params13uniform_paramIlLl0ELl268435456EEENSD_IlLl1ELl8388608EEENSD_IlLl1ELl1EEEPljPyNS1_4topk16extract_bin_op_tIlLNSJ_6selectE0ELi11ENS1_21identity_decomposer_tELb1EEEjjjEEvT0_T1_T2_T3_T4_PKT5_PNSJ_7counterINS6_3std3__415iterator_traitsINSZ_ISO_vE10value_typeEvE10value_typeET8_T9_EEPS14_T6_T7_' for 'sm_100'
ptxas info    : Function properties for _ZN3cub17_V_300500_SM_10006detail12batched_topk38device_segmented_topk_histogram_kernelINS2_26policy_selector_from_typesIlslLl8388608EEEN4cuda3__417constant_iteratorIPKllEENS1_6params13uniform_paramIlLl0ELl268435456EEENSD_IlLl1ELl8388608EEENSD_IlLl1ELl1EEEPljPyNS1_4topk16extract_bin_op_tIlLNSJ_6selectE0ELi11ENS1_21identity_decomposer_tELb1EEEjjjEEvT0_T1_T2_T3_T4_PKT5_PNSJ_7counterINS6_3std3__415iterator_traitsINSZ_ISO_vE10value_typeEvE10value_typeET8_T9_EEPS14_T6_T7_
    0 bytes stack frame, 0 bytes spill stores, 0 bytes spill loads
ptxas info    : Used 30 registers, used 1 barriers, 8240 bytes smem
ptxas info    : Compile time = 19.278 ms
ptxas info    : Compiling entry function '_ZN3cub17_V_300500_SM_10006detail12batched_topk28device_segmented_topk_kernelINS2_26policy_selector_from_typesIlslLl8388608EEEN4cuda3__417constant_iteratorIPKllEENS8_IPllEENS8_IPKslEENS8_IPslEENS1_6params13uniform_paramIlLl0ELl268435456EEENSK_IlLl1ELl8388608EEENSJ_22uniform_discrete_paramINS1_4topk6selectEJLSP_1EEEENSK_IlLl1ELl1EEEjEEvT0_T1_T2_T3_T4_T5_T6_T7_PNS2_21batched_topk_countersINSZ_10value_typeEEEPS11_PT8_' for 'sm_100'
ptxas info    : Function properties for _ZN3cub17_V_300500_SM_10006detail12batched_topk28device_segmented_topk_kernelINS2_26policy_selector_from_typesIlslLl8388608EEEN4cuda3__417constant_iteratorIPKllEENS8_IPllEENS8_IPKslEENS8_IPslEENS1_6params13uniform_paramIlLl0ELl268435456EEENSK_IlLl1ELl8388608EEENSJ_22uniform_discrete_paramINS1_4topk6selectEJLSP_1EEEENSK_IlLl1ELl1EEEjEEvT0_T1_T2_T3_T4_T5_T6_T7_PNS2_21batched_topk_countersINSZ_10value_typeEEEPS11_PT8_
    0 bytes stack frame, 0 bytes spill stores, 0 bytes spill loads
ptxas info    : Used 183 registers, used 1 barriers, 33808 bytes smem
ptxas info    : Compile time = 70.943 ms
ptxas info    : Compiling entry function '_ZN3cub17_V_300500_SM_10006detail12batched_topk44device_segmented_topk_finalize_filter_kernelINS2_26policy_selector_from_typesIlalLl8388608EEELNS1_4topk6selectE1EN4cuda3__417constant_iteratorIPKllEENSA_IPllEENSA_INS9_17counting_iteratorIjlLi0ELi0ELi0EEElEENS9_18transform_iteratorINS2_26per_segment_indexed_out_opINSA_IPKalEENSA_IPalEEEENSG_IlnLi0ELi0ELi0EEEEENS1_6params13uniform_paramIlLl0ELl268435456EEENSU_IlLl1ELl8388608EEENSU_IlLl1ELl1EEESE_jPyNS1_21identity_decomposer_tEjjlEEvT1_T2_T3_T4_T5_T6_T7_T8_PKT9_PNS6_7counterIT14_T12_T13_EEPS1D_PS1C_PNS8_3std3__415iterator_traitsINS1L_IS12_vE10value_typeEvE10value_typeES1I_S1Q_T10_S1D_S1D_iiT11_b' for 'sm_100'
ptxas info    : Function properties for _ZN3cub17_V_300500_SM_10006detail12batched_topk44device_segmented_topk_finalize_filter_kernelINS2_26policy_selector_from_typesIlalLl8388608EEELNS1_4topk6selectE1EN4cuda3__417constant_iteratorIPKllEENSA_IPllEENSA_INS9_17counting_iteratorIjlLi0ELi0ELi0EEElEENS9_18transform_iteratorINS2_26per_segment_indexed_out_opINSA_IPKalEENSA_IPalEEEENSG_IlnLi0ELi0ELi0EEEEENS1_6params13uniform_paramIlLl0ELl268435456EEENSU_IlLl1ELl8388608EEENSU_IlLl1ELl1EEESE_jPyNS1_21identity_decomposer_tEjjlEEvT1_T2_T3_T4_T5_T6_T7_T8_PKT9_PNS6_7counterIT14_T12_T13_EEPS1D_PS1C_PNS8_3std3__415iterator_traitsINS1L_IS12_vE10value_typeEvE10value_typeES1I_S1Q_T10_S1D_S1D_iiT11_b
    0 bytes stack frame, 0 bytes spill stores, 0 bytes spill loads
ptxas info    : Used 54 registers, used 1 barriers, 8208 bytes smem
ptxas info    : Compile time = 24.255 ms
ptxas info    : Compiling entry function '_ZN3cub17_V_300500_SM_10006detail12batched_topk40device_segmented_topk_last_filter_kernelINS2_26policy_selector_from_typesIlalLl8388608EEELNS1_4topk6selectE1EN4cuda3__417constant_iteratorIPKllEENSA_IPllEENSA_INS9_17counting_iteratorIjlLi0ELi0ELi0EEElEENS9_18transform_iteratorINS2_26per_segment_indexed_out_opINSA_IPKalEENSA_IPalEEEENSG_IlnLi0ELi0ELi0EEEEENS1_6params13uniform_paramIlLl0ELl268435456EEENSU_IlLl1ELl8388608EEENSU_IlLl1ELl1EEESE_jPyNS1_21identity_decomposer_tEjjEEvT1_T2_T3_T4_T5_T6_T7_T8_PKT9_PNS6_7counterINS8_3std3__415iterator_traitsINS1E_IS10_vE10value_typeEvE10value_typeET12_T13_EEPS1I_PNS1E_INS1E_IS12_vE10value_typeEvE10value_typeES1J_T10_iiT11_' for 'sm_100'
ptxas info    : Function properties for _ZN3cub17_V_300500_SM_10006detail12batched_topk40device_segmented_topk_last_filter_kernelINS2_26policy_selector_from_typesIlalLl8388608EEELNS1_4topk6selectE1EN4cuda3__417constant_iteratorIPKllEENSA_IPllEENSA_INS9_17counting_iteratorIjlLi0ELi0ELi0EEElEENS9_18transform_iteratorINS2_26per_segment_indexed_out_opINSA_IPKalEENSA_IPalEEEENSG_IlnLi0ELi0ELi0EEEEENS1_6params13uniform_paramIlLl0ELl268435456EEENSU_IlLl1ELl8388608EEENSU_IlLl1ELl1EEESE_jPyNS1_21identity_decomposer_tEjjEEvT1_T2_T3_T4_T5_T6_T7_T8_PKT9_PNS6_7counterINS8_3std3__415iterator_traitsINS1E_IS10_vE10value_typeEvE10value_typeET12_T13_EEPS1I_PNS1E_INS1E_IS12_vE10value_typeEvE10value_typeES1J_T10_iiT11_
    0 bytes stack frame, 0 bytes spill stores, 0 bytes spill loads
ptxas info    : Used 40 registers, used 0 barriers
ptxas info    : Compile time = 24.952 ms
ptxas info    : Compiling entry function '_ZN3cub17_V_300500_SM_10006detail12batched_topk35device_segmented_topk_filter_kernelINS2_26policy_selector_from_typesIlalLl8388608EEELNS1_4topk6selectE1EN4cuda3__417constant_iteratorIPKllEENSA_IPllEENSA_INS9_17counting_iteratorIjlLi0ELi0ELi0EEElEENS9_18transform_iteratorINS2_26per_segment_indexed_out_opINSA_IPKalEENSA_IPalEEEENSG_IlnLi0ELi0ELi0EEEEENS1_6params13uniform_paramIlLl0ELl268435456EEENSU_IlLl1ELl8388608EEENSU_IlLl1ELl1EEESE_jPyNS1_21identity_decomposer_tEjjEEvT1_T2_T3_T4_T5_T6_T7_T8_PKT9_PNS6_7counterINS8_3std3__415iterator_traitsINS1E_IS10_vE10value_typeEvE10value_typeET12_T13_EEPS1J_PS1I_PNS1E_INS1E_IS12_vE10value_typeEvE10value_typeES1O_S1T_S1J_S1J_T10_iibT11_' for 'sm_100'
ptxas info    : Function properties for _ZN3cub17_V_300500_SM_10006detail12batched_topk35device_segmented_topk_filter_kernelINS2_26policy_selector_from_typesIlalLl8388608EEELNS1_4topk6selectE1EN4cuda3__417constant_iteratorIPKllEENSA_IPllEENSA_INS9_17counting_iteratorIjlLi0ELi0ELi0EEElEENS9_18transform_iteratorINS2_26per_segment_indexed_out_opINSA_IPKalEENSA_IPalEEEENSG_IlnLi0ELi0ELi0EEEEENS1_6params13uniform_paramIlLl0ELl268435456EEENSU_IlLl1ELl8388608EEENSU_IlLl1ELl1EEESE_jPyNS1_21identity_decomposer_tEjjEEvT1_T2_T3_T4_T5_T6_T7_T8_PKT9_PNS6_7counterINS8_3std3__415iterator_traitsINS1E_IS10_vE10value_typeEvE10value_typeET12_T13_EEPS1J_PS1I_PNS1E_INS1E_IS12_vE10value_typeEvE10value_typeES1O_S1T_S1J_S1J_T10_iibT11_
    0 bytes stack frame, 0 bytes spill stores, 0 bytes spill loads
ptxas info    : Used 40 registers, used 1 barriers, 8196 bytes smem
ptxas info    : Compile time = 24.153 ms
ptxas info    : Compiling entry function '_ZN3cub17_V_300500_SM_10006detail12batched_topk47device_segmented_topk_finalize_histogram_kernelINS2_26policy_selector_from_typesIlalLl8388608EEEN4cuda3__417constant_iteratorIPKllEENS1_6params13uniform_paramIlLl0ELl268435456EEENSD_IlLl1ELl8388608EEENSD_IlLl1ELl1EEEPlPyNS1_4topk16extract_bin_op_tIlLNSJ_6selectE1ELi11ENS1_21identity_decomposer_tELb1EEEjjlEEvT0_T1_T2_T3_T4_PNSJ_7counterIT9_T7_T8_EEPSV_T5_T6_ib' for 'sm_100'
ptxas info    : Function properties for _ZN3cub17_V_300500_SM_10006detail12batched_topk47device_segmented_topk_finalize_histogram_kernelINS2_26policy_selector_from_typesIlalLl8388608EEEN4cuda3__417constant_iteratorIPKllEENS1_6params13uniform_paramIlLl0ELl268435456EEENSD_IlLl1ELl8388608EEENSD_IlLl1ELl1EEEPlPyNS1_4topk16extract_bin_op_tIlLNSJ_6selectE1ELi11ENS1_21identity_decomposer_tELb1EEEjjlEEvT0_T1_T2_T3_T4_PNSJ_7counterIT9_T7_T8_EEPSV_T5_T6_ib
    0 bytes stack frame, 0 bytes spill stores, 0 bytes spill loads
ptxas info    : Used 40 registers, used 1 barriers, 8192 bytes smem
ptxas info    : Compile time = 9.205 ms
ptxas info    : Compiling entry function '_ZN3cub17_V_300500_SM_10006detail12batched_topk38device_segmented_topk_histogram_kernelINS2_26policy_selector_from_typesIlalLl8388608EEEN4cuda3__417constant_iteratorIPKllEENS1_6params13uniform_paramIlLl0ELl268435456EEENSD_IlLl1ELl8388608EEENSD_IlLl1ELl1EEEPljPyNS1_4topk16extract_bin_op_tIlLNSJ_6selectE1ELi11ENS1_21identity_decomposer_tELb1EEEjjjEEvT0_T1_T2_T3_T4_PKT5_PNSJ_7counterINS6_3std3__415iterator_traitsINSZ_ISO_vE10value_typeEvE10value_typeET8_T9_EEPS14_T6_T7_' for 'sm_100'
ptxas info    : Function properties for _ZN3cub17_V_300500_SM_10006detail12batched_topk38device_segmented_topk_histogram_kernelINS2_26policy_selector_from_typesIlalLl8388608EEEN4cuda3__417constant_iteratorIPKllEENS1_6params13uniform_paramIlLl0ELl268435456EEENSD_IlLl1ELl8388608EEENSD_IlLl1ELl1EEEPljPyNS1_4topk16extract_bin_op_tIlLNSJ_6selectE1ELi11ENS1_21identity_decomposer_tELb1EEEjjjEEvT0_T1_T2_T3_T4_PKT5_PNSJ_7counterINS6_3std3__415iterator_traitsINSZ_ISO_vE10value_typeEvE10value_typeET8_T9_EEPS14_T6_T7_
    0 bytes stack frame, 0 bytes spill stores, 0 bytes spill loads
ptxas info    : Used 30 registers, used 1 barriers, 8240 bytes smem
ptxas info    : Compile time = 19.515 ms
ptxas info    : Compiling entry function '_ZN3cub17_V_300500_SM_10006detail12batched_topk44device_segmented_topk_finalize_filter_kernelINS2_26policy_selector_from_typesIlalLl8388608EEELNS1_4topk6selectE0EN4cuda3__417constant_iteratorIPKllEENSA_IPllEENSA_INS9_17counting_iteratorIjlLi0ELi0ELi0EEElEENS9_18transform_iteratorINS2_26per_segment_indexed_out_opINSA_IPKalEENSA_IPalEEEENSG_IlnLi0ELi0ELi0EEEEENS1_6params13uniform_paramIlLl0ELl268435456EEENSU_IlLl1ELl8388608EEENSU_IlLl1ELl1EEESE_jPyNS1_21identity_decomposer_tEjjlEEvT1_T2_T3_T4_T5_T6_T7_T8_PKT9_PNS6_7counterIT14_T12_T13_EEPS1D_PS1C_PNS8_3std3__415iterator_traitsINS1L_IS12_vE10value_typeEvE10value_typeES1I_S1Q_T10_S1D_S1D_iiT11_b' for 'sm_100'
ptxas info    : Function properties for _ZN3cub17_V_300500_SM_10006detail12batched_topk44device_segmented_topk_finalize_filter_kernelINS2_26policy_selector_from_typesIlalLl8388608EEELNS1_4topk6selectE0EN4cuda3__417constant_iteratorIPKllEENSA_IPllEENSA_INS9_17counting_iteratorIjlLi0ELi0ELi0EEElEENS9_18transform_iteratorINS2_26per_segment_indexed_out_opINSA_IPKalEENSA_IPalEEEENSG_IlnLi0ELi0ELi0EEEEENS1_6params13uniform_paramIlLl0ELl268435456EEENSU_IlLl1ELl8388608EEENSU_IlLl1ELl1EEESE_jPyNS1_21identity_decomposer_tEjjlEEvT1_T2_T3_T4_T5_T6_T7_T8_PKT9_PNS6_7counterIT14_T12_T13_EEPS1D_PS1C_PNS8_3std3__415iterator_traitsINS1L_IS12_vE10value_typeEvE10value_typeES1I_S1Q_T10_S1D_S1D_iiT11_b
    0 bytes stack frame, 0 bytes spill stores, 0 bytes spill loads
ptxas info    : Used 54 registers, used 1 barriers, 8208 bytes smem
ptxas info    : Compile time = 24.005 ms
ptxas info    : Compiling entry function '_ZN3cub17_V_300500_SM_10006detail12batched_topk40device_segmented_topk_last_filter_kernelINS2_26policy_selector_from_typesIlalLl8388608EEELNS1_4topk6selectE0EN4cuda3__417constant_iteratorIPKllEENSA_IPllEENSA_INS9_17counting_iteratorIjlLi0ELi0ELi0EEElEENS9_18transform_iteratorINS2_26per_segment_indexed_out_opINSA_IPKalEENSA_IPalEEEENSG_IlnLi0ELi0ELi0EEEEENS1_6params13uniform_paramIlLl0ELl268435456EEENSU_IlLl1ELl8388608EEENSU_IlLl1ELl1EEESE_jPyNS1_21identity_decomposer_tEjjEEvT1_T2_T3_T4_T5_T6_T7_T8_PKT9_PNS6_7counterINS8_3std3__415iterator_traitsINS1E_IS10_vE10value_typeEvE10value_typeET12_T13_EEPS1I_PNS1E_INS1E_IS12_vE10value_typeEvE10value_typeES1J_T10_iiT11_' for 'sm_100'
ptxas info    : Function properties for _ZN3cub17_V_300500_SM_10006detail12batched_topk40device_segmented_topk_last_filter_kernelINS2_26policy_selector_from_typesIlalLl8388608EEELNS1_4topk6selectE0EN4cuda3__417constant_iteratorIPKllEENSA_IPllEENSA_INS9_17counting_iteratorIjlLi0ELi0ELi0EEElEENS9_18transform_iteratorINS2_26per_segment_indexed_out_opINSA_IPKalEENSA_IPalEEEENSG_IlnLi0ELi0ELi0EEEEENS1_6params13uniform_paramIlLl0ELl268435456EEENSU_IlLl1ELl8388608EEENSU_IlLl1ELl1EEESE_jPyNS1_21identity_decomposer_tEjjEEvT1_T2_T3_T4_T5_T6_T7_T8_PKT9_PNS6_7counterINS8_3std3__415iterator_traitsINS1E_IS10_vE10value_typeEvE10value_typeET12_T13_EEPS1I_PNS1E_INS1E_IS12_vE10value_typeEvE10value_typeES1J_T10_iiT11_
    0 bytes stack frame, 0 bytes spill stores, 0 bytes spill loads
ptxas info    : Used 40 registers, used 0 barriers
ptxas info    : Compile time = 24.688 ms
ptxas info    : Compiling entry function '_ZN3cub17_V_300500_SM_10006detail12batched_topk35device_segmented_topk_filter_kernelINS2_26policy_selector_from_typesIlalLl8388608EEELNS1_4topk6selectE0EN4cuda3__417constant_iteratorIPKllEENSA_IPllEENSA_INS9_17counting_iteratorIjlLi0ELi0ELi0EEElEENS9_18transform_iteratorINS2_26per_segment_indexed_out_opINSA_IPKalEENSA_IPalEEEENSG_IlnLi0ELi0ELi0EEEEENS1_6params13uniform_paramIlLl0ELl268435456EEENSU_IlLl1ELl8388608EEENSU_IlLl1ELl1EEESE_jPyNS1_21identity_decomposer_tEjjEEvT1_T2_T3_T4_T5_T6_T7_T8_PKT9_PNS6_7counterINS8_3std3__415iterator_traitsINS1E_IS10_vE10value_typeEvE10value_typeET12_T13_EEPS1J_PS1I_PNS1E_INS1E_IS12_vE10value_typeEvE10value_typeES1O_S1T_S1J_S1J_T10_iibT11_' for 'sm_100'
ptxas info    : Function properties for _ZN3cub17_V_300500_SM_10006detail12batched_topk35device_segmented_topk_filter_kernelINS2_26policy_selector_from_typesIlalLl8388608EEELNS1_4topk6selectE0EN4cuda3__417constant_iteratorIPKllEENSA_IPllEENSA_INS9_17counting_iteratorIjlLi0ELi0ELi0EEElEENS9_18transform_iteratorINS2_26per_segment_indexed_out_opINSA_IPKalEENSA_IPalEEEENSG_IlnLi0ELi0ELi0EEEEENS1_6params13uniform_paramIlLl0ELl268435456EEENSU_IlLl1ELl8388608EEENSU_IlLl1ELl1EEESE_jPyNS1_21identity_decomposer_tEjjEEvT1_T2_T3_T4_T5_T6_T7_T8_PKT9_PNS6_7counterINS8_3std3__415iterator_traitsINS1E_IS10_vE10value_typeEvE10value_typeET12_T13_EEPS1J_PS1I_PNS1E_INS1E_IS12_vE10value_typeEvE10value_typeES1O_S1T_S1J_S1J_T10_iibT11_
    0 bytes stack frame, 0 bytes spill stores, 0 bytes spill loads
ptxas info    : Used 40 registers, used 1 barriers, 8196 bytes smem
ptxas info    : Compile time = 24.053 ms
ptxas info    : Compiling entry function '_ZN3cub17_V_300500_SM_10006detail12batched_topk47device_segmented_topk_finalize_histogram_kernelINS2_26policy_selector_from_typesIlalLl8388608EEEN4cuda3__417constant_iteratorIPKllEENS1_6params13uniform_paramIlLl0ELl268435456EEENSD_IlLl1ELl8388608EEENSD_IlLl1ELl1EEEPlPyNS1_4topk16extract_bin_op_tIlLNSJ_6selectE0ELi11ENS1_21identity_decomposer_tELb1EEEjjlEEvT0_T1_T2_T3_T4_PNSJ_7counterIT9_T7_T8_EEPSV_T5_T6_ib' for 'sm_100'
ptxas info    : Function properties for _ZN3cub17_V_300500_SM_10006detail12batched_topk47device_segmented_topk_finalize_histogram_kernelINS2_26policy_selector_from_typesIlalLl8388608EEEN4cuda3__417constant_iteratorIPKllEENS1_6params13uniform_paramIlLl0ELl268435456EEENSD_IlLl1ELl8388608EEENSD_IlLl1ELl1EEEPlPyNS1_4topk16extract_bin_op_tIlLNSJ_6selectE0ELi11ENS1_21identity_decomposer_tELb1EEEjjlEEvT0_T1_T2_T3_T4_PNSJ_7counterIT9_T7_T8_EEPSV_T5_T6_ib
    0 bytes stack frame, 0 bytes spill stores, 0 bytes spill loads
ptxas info    : Used 40 registers, used 1 barriers, 8192 bytes smem
ptxas info    : Compile time = 9.160 ms
ptxas info    : Compiling entry function '_ZN3cub17_V_300500_SM_10006detail12batched_topk38device_segmented_topk_histogram_kernelINS2_26policy_selector_from_typesIlalLl8388608EEEN4cuda3__417constant_iteratorIPKllEENS1_6params13uniform_paramIlLl0ELl268435456EEENSD_IlLl1ELl8388608EEENSD_IlLl1ELl1EEEPljPyNS1_4topk16extract_bin_op_tIlLNSJ_6selectE0ELi11ENS1_21identity_decomposer_tELb1EEEjjjEEvT0_T1_T2_T3_T4_PKT5_PNSJ_7counterINS6_3std3__415iterator_traitsINSZ_ISO_vE10value_typeEvE10value_typeET8_T9_EEPS14_T6_T7_' for 'sm_100'
ptxas info    : Function properties for _ZN3cub17_V_300500_SM_10006detail12batched_topk38device_segmented_topk_histogram_kernelINS2_26policy_selector_from_typesIlalLl8388608EEEN4cuda3__417constant_iteratorIPKllEENS1_6params13uniform_paramIlLl0ELl268435456EEENSD_IlLl1ELl8388608EEENSD_IlLl1ELl1EEEPljPyNS1_4topk16extract_bin_op_tIlLNSJ_6selectE0ELi11ENS1_21identity_decomposer_tELb1EEEjjjEEvT0_T1_T2_T3_T4_PKT5_PNSJ_7counterINS6_3std3__415iterator_traitsINSZ_ISO_vE10value_typeEvE10value_typeET8_T9_EEPS14_T6_T7_
    0 bytes stack frame, 0 bytes spill stores, 0 bytes spill loads
ptxas info    : Used 30 registers, used 1 barriers, 8240 bytes smem
ptxas info    : Compile time = 19.145 ms
ptxas info    : Compiling entry function '_ZN3cub17_V_300500_SM_10006detail12batched_topk28device_segmented_topk_kernelINS2_26policy_selector_from_typesIlalLl8388608EEEN4cuda3__417constant_iteratorIPKllEENS8_IPllEENS8_IPKalEENS8_IPalEENS1_6params13uniform_paramIlLl0ELl268435456EEENSK_IlLl1ELl8388608EEENSJ_22uniform_discrete_paramINS1_4topk6selectEJLSP_1EEEENSK_IlLl1ELl1EEEjEEvT0_T1_T2_T3_T4_T5_T6_T7_PNS2_21batched_topk_countersINSZ_10value_typeEEEPS11_PT8_' for 'sm_100'
ptxas info    : Function properties for _ZN3cub17_V_300500_SM_10006detail12batched_topk28device_segmented_topk_kernelINS2_26policy_selector_from_typesIlalLl8388608EEEN4cuda3__417constant_iteratorIPKllEENS8_IPllEENS8_IPKalEENS8_IPalEENS1_6params13uniform_paramIlLl0ELl268435456EEENSK_IlLl1ELl8388608EEENSJ_22uniform_discrete_paramINS1_4topk6selectEJLSP_1EEEENSK_IlLl1ELl1EEEjEEvT0_T1_T2_T3_T4_T5_T6_T7_PNS2_21batched_topk_countersINSZ_10value_typeEEEPS11_PT8_
    0 bytes stack frame, 0 bytes spill stores, 0 bytes spill loads
ptxas info    : Used 183 registers, used 1 barriers, 33808 bytes smem
ptxas info    : Compile time = 67.557 ms
ptxas info    : Compiling entry function '_ZN3cub17_V_300500_SM_10006detail12batched_topk44device_segmented_topk_finalize_filter_kernelINS2_26policy_selector_from_typesIillLl8388608EEELNS1_4topk6selectE1EN4cuda3__417constant_iteratorIPKilEENSA_IPilEENSA_INS9_17counting_iteratorIjlLi0ELi0ELi0EEElEENS9_18transform_iteratorINS2_26per_segment_indexed_out_opINSA_IPKllEENSA_IPllEEEENSG_IlnLi0ELi0ELi0EEEEENS1_6params13uniform_paramIlLl0ELl268435456EEENSU_IlLl1ELl8388608EEENSU_IlLl1ELl1EEESO_jPyNS1_21identity_decomposer_tEjjiEEvT1_T2_T3_T4_T5_T6_T7_T8_PKT9_PNS6_7counterIT14_T12_T13_EEPS1D_PS1C_PNS8_3std3__415iterator_traitsINS1L_IS12_vE10value_typeEvE10value_typeES1I_S1Q_T10_S1D_S1D_iiT11_b' for 'sm_100'
ptxas info    : Function properties for _ZN3cub17_V_300500_SM_10006detail12batched_topk44device_segmented_topk_finalize_filter_kernelINS2_26policy_selector_from_typesIillLl8388608EEELNS1_4topk6selectE1EN4cuda3__417constant_iteratorIPKilEENSA_IPilEENSA_INS9_17counting_iteratorIjlLi0ELi0ELi0EEElEENS9_18transform_iteratorINS2_26per_segment_indexed_out_opINSA_IPKllEENSA_IPllEEEENSG_IlnLi0ELi0ELi0EEEEENS1_6params13uniform_paramIlLl0ELl268435456EEENSU_IlLl1ELl8388608EEENSU_IlLl1ELl1EEESO_jPyNS1_21identity_decomposer_tEjjiEEvT1_T2_T3_T4_T5_T6_T7_T8_PKT9_PNS6_7counterIT14_T12_T13_EEPS1D_PS1C_PNS8_3std3__415iterator_traitsINS1L_IS12_vE10value_typeEvE10value_typeES1I_S1Q_T10_S1D_S1D_iiT11_b
    0 bytes stack frame, 0 bytes spill stores, 0 bytes spill loads
ptxas info    : Used 52 registers, used 1 barriers, 8208 bytes smem
ptxas info    : Compile time = 30.010 ms
ptxas info    : Compiling entry function '_ZN3cub17_V_300500_SM_10006detail12batched_topk40device_segmented_topk_last_filter_kernelINS2_26policy_selector_from_typesIillLl8388608EEELNS1_4topk6selectE1EN4cuda3__417constant_iteratorIPKilEENSA_IPilEENSA_INS9_17counting_iteratorIjlLi0ELi0ELi0EEElEENS9_18transform_iteratorINS2_26per_segment_indexed_out_opINSA_IPKllEENSA_IPllEEEENSG_IlnLi0ELi0ELi0EEEEENS1_6params13uniform_paramIlLl0ELl268435456EEENSU_IlLl1ELl8388608EEENSU_IlLl1ELl1EEESO_jPyNS1_21identity_decomposer_tEjjEEvT1_T2_T3_T4_T5_T6_T7_T8_PKT9_PNS6_7counterINS8_3std3__415iterator_traitsINS1E_IS10_vE10value_typeEvE10value_typeET12_T13_EEPS1I_PNS1E_INS1E_IS12_vE10value_typeEvE10value_typeES1J_T10_iiT11_' for 'sm_100'
ptxas info    : Function properties for _ZN3cub17_V_300500_SM_10006detail12batched_topk40device_segmented_topk_last_filter_kernelINS2_26policy_selector_from_typesIillLl8388608EEELNS1_4topk6selectE1EN4cuda3__417constant_iteratorIPKilEENSA_IPilEENSA_INS9_17counting_iteratorIjlLi0ELi0ELi0EEElEENS9_18transform_iteratorINS2_26per_segment_indexed_out_opINSA_IPKllEENSA_IPllEEEENSG_IlnLi0ELi0ELi0EEEEENS1_6params13uniform_paramIlLl0ELl268435456EEENSU_IlLl1ELl8388608EEENSU_IlLl1ELl1EEESO_jPyNS1_21identity_decomposer_tEjjEEvT1_T2_T3_T4_T5_T6_T7_T8_PKT9_PNS6_7counterINS8_3std3__415iterator_traitsINS1E_IS10_vE10value_typeEvE10value_typeET12_T13_EEPS1I_PNS1E_INS1E_IS12_vE10value_typeEvE10value_typeES1J_T10_iiT11_
    0 bytes stack frame, 0 bytes spill stores, 0 bytes spill loads
ptxas info    : Used 40 registers, used 0 barriers
ptxas info    : Compile time = 31.628 ms
ptxas info    : Compiling entry function '_ZN3cub17_V_300500_SM_10006detail12batched_topk35device_segmented_topk_filter_kernelINS2_26policy_selector_from_typesIillLl8388608EEELNS1_4topk6selectE1EN4cuda3__417constant_iteratorIPKilEENSA_IPilEENSA_INS9_17counting_iteratorIjlLi0ELi0ELi0EEElEENS9_18transform_iteratorINS2_26per_segment_indexed_out_opINSA_IPKllEENSA_IPllEEEENSG_IlnLi0ELi0ELi0EEEEENS1_6params13uniform_paramIlLl0ELl268435456EEENSU_IlLl1ELl8388608EEENSU_IlLl1ELl1EEESO_jPyNS1_21identity_decomposer_tEjjEEvT1_T2_T3_T4_T5_T6_T7_T8_PKT9_PNS6_7counterINS8_3std3__415iterator_traitsINS1E_IS10_vE10value_typeEvE10value_typeET12_T13_EEPS1J_PS1I_PNS1E_INS1E_IS12_vE10value_typeEvE10value_typeES1O_S1T_S1J_S1J_T10_iibT11_' for 'sm_100'
ptxas info    : Function properties for _ZN3cub17_V_300500_SM_10006detail12batched_topk35device_segmented_topk_filter_kernelINS2_26policy_selector_from_typesIillLl8388608EEELNS1_4topk6selectE1EN4cuda3__417constant_iteratorIPKilEENSA_IPilEENSA_INS9_17counting_iteratorIjlLi0ELi0ELi0EEElEENS9_18transform_iteratorINS2_26per_segment_indexed_out_opINSA_IPKllEENSA_IPllEEEENSG_IlnLi0ELi0ELi0EEEEENS1_6params13uniform_paramIlLl0ELl268435456EEENSU_IlLl1ELl8388608EEENSU_IlLl1ELl1EEESO_jPyNS1_21identity_decomposer_tEjjEEvT1_T2_T3_T4_T5_T6_T7_T8_PKT9_PNS6_7counterINS8_3std3__415iterator_traitsINS1E_IS10_vE10value_typeEvE10value_typeET12_T13_EEPS1J_PS1I_PNS1E_INS1E_IS12_vE10value_typeEvE10value_typeES1O_S1T_S1J_S1J_T10_iibT11_
    0 bytes stack frame, 0 bytes spill stores, 0 bytes spill loads
ptxas info    : Used 40 registers, used 1 barriers, 8196 bytes smem
ptxas info    : Compile time = 28.620 ms
ptxas info    : Compiling entry function '_ZN3cub17_V_300500_SM_10006detail12batched_topk47device_segmented_topk_finalize_histogram_kernelINS2_26policy_selector_from_typesIillLl8388608EEEN4cuda3__417constant_iteratorIPKilEENS1_6params13uniform_paramIlLl0ELl268435456EEENSD_IlLl1ELl8388608EEENSD_IlLl1ELl1EEEPlPyNS1_4topk16extract_bin_op_tIiLNSJ_6selectE1ELi11ENS1_21identity_decomposer_tELb1EEEjjiEEvT0_T1_T2_T3_T4_PNSJ_7counterIT9_T7_T8_EEPSV_T5_T6_ib' for 'sm_100'
ptxas info    : Function properties for _ZN3cub17_V_300500_SM_10006detail12batched_topk47device_segmented_topk_finalize_histogram_kernelINS2_26policy_selector_from_typesIillLl8388608EEEN4cuda3__417constant_iteratorIPKilEENS1_6params13uniform_paramIlLl0ELl268435456EEENSD_IlLl1ELl8388608EEENSD_IlLl1ELl1EEEPlPyNS1_4topk16extract_bin_op_tIiLNSJ_6selectE1ELi11ENS1_21identity_decomposer_tELb1EEEjjiEEvT0_T1_T2_T3_T4_PNSJ_7counterIT9_T7_T8_EEPSV_T5_T6_ib
    0 bytes stack frame, 0 bytes spill stores, 0 bytes spill loads
ptxas info    : Used 40 registers, used 1 barriers, 8192 bytes smem
ptxas info    : Compile time = 9.430 ms
ptxas info    : Compiling entry function '_ZN3cub17_V_300500_SM_10006detail12batched_topk38device_segmented_topk_histogram_kernelINS2_26policy_selector_from_typesIillLl8388608EEEN4cuda3__417constant_iteratorIPKilEENS1_6params13uniform_paramIlLl0ELl268435456EEENSD_IlLl1ELl8388608EEENSD_IlLl1ELl1EEEPljPyNS1_4topk16extract_bin_op_tIiLNSJ_6selectE1ELi11ENS1_21identity_decomposer_tELb1EEEjjjEEvT0_T1_T2_T3_T4_PKT5_PNSJ_7counterINS6_3std3__415iterator_traitsINSZ_ISO_vE10value_typeEvE10value_typeET8_T9_EEPS14_T6_T7_' for 'sm_100'
ptxas info    : Function properties for _ZN3cub17_V_300500_SM_10006detail12batched_topk38device_segmented_topk_histogram_kernelINS2_26policy_selector_from_typesIillLl8388608EEEN4cuda3__417constant_iteratorIPKilEENS1_6params13uniform_paramIlLl0ELl268435456EEENSD_IlLl1ELl8388608EEENSD_IlLl1ELl1EEEPljPyNS1_4topk16extract_bin_op_tIiLNSJ_6selectE1ELi11ENS1_21identity_decomposer_tELb1EEEjjjEEvT0_T1_T2_T3_T4_PKT5_PNSJ_7counterINS6_3std3__415iterator_traitsINSZ_ISO_vE10value_typeEvE10value_typeET8_T9_EEPS14_T6_T7_
    0 bytes stack frame, 0 bytes spill stores, 0 bytes spill loads
ptxas info    : Used 30 registers, used 1 barriers, 8240 bytes smem
ptxas info    : Compile time = 23.740 ms
ptxas info    : Compiling entry function '_ZN3cub17_V_300500_SM_10006detail12batched_topk44device_segmented_topk_finalize_filter_kernelINS2_26policy_selector_from_typesIillLl8388608EEELNS1_4topk6selectE0EN4cuda3__417constant_iteratorIPKilEENSA_IPilEENSA_INS9_17counting_iteratorIjlLi0ELi0ELi0EEElEENS9_18transform_iteratorINS2_26per_segment_indexed_out_opINSA_IPKllEENSA_IPllEEEENSG_IlnLi0ELi0ELi0EEEEENS1_6params13uniform_paramIlLl0ELl268435456EEENSU_IlLl1ELl8388608EEENSU_IlLl1ELl1EEESO_jPyNS1_21identity_decomposer_tEjjiEEvT1_T2_T3_T4_T5_T6_T7_T8_PKT9_PNS6_7counterIT14_T12_T13_EEPS1D_PS1C_PNS8_3std3__415iterator_traitsINS1L_IS12_vE10value_typeEvE10value_typeES1I_S1Q_T10_S1D_S1D_iiT11_b' for 'sm_100'
ptxas info    : Function properties for _ZN3cub17_V_300500_SM_10006detail12batched_topk44device_segmented_topk_finalize_filter_kernelINS2_26policy_selector_from_typesIillLl8388608EEELNS1_4topk6selectE0EN4cuda3__417constant_iteratorIPKilEENSA_IPilEENSA_INS9_17counting_iteratorIjlLi0ELi0ELi0EEElEENS9_18transform_iteratorINS2_26per_segment_indexed_out_opINSA_IPKllEENSA_IPllEEEENSG_IlnLi0ELi0ELi0EEEEENS1_6params13uniform_paramIlLl0ELl268435456EEENSU_IlLl1ELl8388608EEENSU_IlLl1ELl1EEESO_jPyNS1_21identity_decomposer_tEjjiEEvT1_T2_T3_T4_T5_T6_T7_T8_PKT9_PNS6_7counterIT14_T12_T13_EEPS1D_PS1C_PNS8_3std3__415iterator_traitsINS1L_IS12_vE10value_typeEvE10value_typeES1I_S1Q_T10_S1D_S1D_iiT11_b
    0 bytes stack frame, 0 bytes spill stores, 0 bytes spill loads
ptxas info    : Used 52 registers, used 1 barriers, 8208 bytes smem
ptxas info    : Compile time = 30.087 ms
ptxas info    : Compiling entry function '_ZN3cub17_V_300500_SM_10006detail12batched_topk40device_segmented_topk_last_filter_kernelINS2_26policy_selector_from_typesIillLl8388608EEELNS1_4topk6selectE0EN4cuda3__417constant_iteratorIPKilEENSA_IPilEENSA_INS9_17counting_iteratorIjlLi0ELi0ELi0EEElEENS9_18transform_iteratorINS2_26per_segment_indexed_out_opINSA_IPKllEENSA_IPllEEEENSG_IlnLi0ELi0ELi0EEEEENS1_6params13uniform_paramIlLl0ELl268435456EEENSU_IlLl1ELl8388608EEENSU_IlLl1ELl1EEESO_jPyNS1_21identity_decomposer_tEjjEEvT1_T2_T3_T4_T5_T6_T7_T8_PKT9_PNS6_7counterINS8_3std3__415iterator_traitsINS1E_IS10_vE10value_typeEvE10value_typeET12_T13_EEPS1I_PNS1E_INS1E_IS12_vE10value_typeEvE10value_typeES1J_T10_iiT11_' for 'sm_100'
ptxas info    : Function properties for _ZN3cub17_V_300500_SM_10006detail12batched_topk40device_segmented_topk_last_filter_kernelINS2_26policy_selector_from_typesIillLl8388608EEELNS1_4topk6selectE0EN4cuda3__417constant_iteratorIPKilEENSA_IPilEENSA_INS9_17counting_iteratorIjlLi0ELi0ELi0EEElEENS9_18transform_iteratorINS2_26per_segment_indexed_out_opINSA_IPKllEENSA_IPllEEEENSG_IlnLi0ELi0ELi0EEEEENS1_6params13uniform_paramIlLl0ELl268435456EEENSU_IlLl1ELl8388608EEENSU_IlLl1ELl1EEESO_jPyNS1_21identity_decomposer_tEjjEEvT1_T2_T3_T4_T5_T6_T7_T8_PKT9_PNS6_7counterINS8_3std3__415iterator_traitsINS1E_IS10_vE10value_typeEvE10value_typeET12_T13_EEPS1I_PNS1E_INS1E_IS12_vE10value_typeEvE10value_typeES1J_T10_iiT11_
    0 bytes stack frame, 0 bytes spill stores, 0 bytes spill loads
ptxas info    : Used 40 registers, used 0 barriers
ptxas info    : Compile time = 31.678 ms
ptxas info    : Compiling entry function '_ZN3cub17_V_300500_SM_10006detail12batched_topk35device_segmented_topk_filter_kernelINS2_26policy_selector_from_typesIillLl8388608EEELNS1_4topk6selectE0EN4cuda3__417constant_iteratorIPKilEENSA_IPilEENSA_INS9_17counting_iteratorIjlLi0ELi0ELi0EEElEENS9_18transform_iteratorINS2_26per_segment_indexed_out_opINSA_IPKllEENSA_IPllEEEENSG_IlnLi0ELi0ELi0EEEEENS1_6params13uniform_paramIlLl0ELl268435456EEENSU_IlLl1ELl8388608EEENSU_IlLl1ELl1EEESO_jPyNS1_21identity_decomposer_tEjjEEvT1_T2_T3_T4_T5_T6_T7_T8_PKT9_PNS6_7counterINS8_3std3__415iterator_traitsINS1E_IS10_vE10value_typeEvE10value_typeET12_T13_EEPS1J_PS1I_PNS1E_INS1E_IS12_vE10value_typeEvE10value_typeES1O_S1T_S1J_S1J_T10_iibT11_' for 'sm_100'
ptxas info    : Function properties for _ZN3cub17_V_300500_SM_10006detail12batched_topk35device_segmented_topk_filter_kernelINS2_26policy_selector_from_typesIillLl8388608EEELNS1_4topk6selectE0EN4cuda3__417constant_iteratorIPKilEENSA_IPilEENSA_INS9_17counting_iteratorIjlLi0ELi0ELi0EEElEENS9_18transform_iteratorINS2_26per_segment_indexed_out_opINSA_IPKllEENSA_IPllEEEENSG_IlnLi0ELi0ELi0EEEEENS1_6params13uniform_paramIlLl0ELl268435456EEENSU_IlLl1ELl8388608EEENSU_IlLl1ELl1EEESO_jPyNS1_21identity_decomposer_tEjjEEvT1_T2_T3_T4_T5_T6_T7_T8_PKT9_PNS6_7counterINS8_3std3__415iterator_traitsINS1E_IS10_vE10value_typeEvE10value_typeET12_T13_EEPS1J_PS1I_PNS1E_INS1E_IS12_vE10value_typeEvE10value_typeES1O_S1T_S1J_S1J_T10_iibT11_
    0 bytes stack frame, 0 bytes spill stores, 0 bytes spill loads
ptxas info    : Used 40 registers, used 1 barriers, 8196 bytes smem
ptxas info    : Compile time = 28.649 ms
ptxas info    : Compiling entry function '_ZN3cub17_V_300500_SM_10006detail12batched_topk47device_segmented_topk_finalize_histogram_kernelINS2_26policy_selector_from_typesIillLl8388608EEEN4cuda3__417constant_iteratorIPKilEENS1_6params13uniform_paramIlLl0ELl268435456EEENSD_IlLl1ELl8388608EEENSD_IlLl1ELl1EEEPlPyNS1_4topk16extract_bin_op_tIiLNSJ_6selectE0ELi11ENS1_21identity_decomposer_tELb1EEEjjiEEvT0_T1_T2_T3_T4_PNSJ_7counterIT9_T7_T8_EEPSV_T5_T6_ib' for 'sm_100'
ptxas info    : Function properties for _ZN3cub17_V_300500_SM_10006detail12batched_topk47device_segmented_topk_finalize_histogram_kernelINS2_26policy_selector_from_typesIillLl8388608EEEN4cuda3__417constant_iteratorIPKilEENS1_6params13uniform_paramIlLl0ELl268435456EEENSD_IlLl1ELl8388608EEENSD_IlLl1ELl1EEEPlPyNS1_4topk16extract_bin_op_tIiLNSJ_6selectE0ELi11ENS1_21identity_decomposer_tELb1EEEjjiEEvT0_T1_T2_T3_T4_PNSJ_7counterIT9_T7_T8_EEPSV_T5_T6_ib
    0 bytes stack frame, 0 bytes spill stores, 0 bytes spill loads
ptxas info    : Used 40 registers, used 1 barriers, 8192 bytes smem
ptxas info    : Compile time = 9.422 ms
ptxas info    : Compiling entry function '_ZN3cub17_V_300500_SM_10006detail12batched_topk38device_segmented_topk_histogram_kernelINS2_26policy_selector_from_typesIillLl8388608EEEN4cuda3__417constant_iteratorIPKilEENS1_6params13uniform_paramIlLl0ELl268435456EEENSD_IlLl1ELl8388608EEENSD_IlLl1ELl1EEEPljPyNS1_4topk16extract_bin_op_tIiLNSJ_6selectE0ELi11ENS1_21identity_decomposer_tELb1EEEjjjEEvT0_T1_T2_T3_T4_PKT5_PNSJ_7counterINS6_3std3__415iterator_traitsINSZ_ISO_vE10value_typeEvE10value_typeET8_T9_EEPS14_T6_T7_' for 'sm_100'
ptxas info    : Function properties for _ZN3cub17_V_300500_SM_10006detail12batched_topk38device_segmented_topk_histogram_kernelINS2_26policy_selector_from_typesIillLl8388608EEEN4cuda3__417constant_iteratorIPKilEENS1_6params13uniform_paramIlLl0ELl268435456EEENSD_IlLl1ELl8388608EEENSD_IlLl1ELl1EEEPljPyNS1_4topk16extract_bin_op_tIiLNSJ_6selectE0ELi11ENS1_21identity_decomposer_tELb1EEEjjjEEvT0_T1_T2_T3_T4_PKT5_PNSJ_7counterINS6_3std3__415iterator_traitsINSZ_ISO_vE10value_typeEvE10value_typeET8_T9_EEPS14_T6_T7_
    0 bytes stack frame, 0 bytes spill stores, 0 bytes spill loads
ptxas info    : Used 30 registers, used 1 barriers, 8240 bytes smem
ptxas info    : Compile time = 25.260 ms
ptxas info    : Compiling entry function '_ZN3cub17_V_300500_SM_10006detail12batched_topk28device_segmented_topk_kernelINS2_26policy_selector_from_typesIillLl8388608EEEN4cuda3__417constant_iteratorIPKilEENS8_IPilEENS8_IPKllEENS8_IPllEENS1_6params13uniform_paramIlLl0ELl268435456EEENSK_IlLl1ELl8388608EEENSJ_22uniform_discrete_paramINS1_4topk6selectEJLSP_1EEEENSK_IlLl1ELl1EEEjEEvT0_T1_T2_T3_T4_T5_T6_T7_PNS2_21batched_topk_countersINSZ_10value_typeEEEPS11_PT8_' for 'sm_100'
ptxas info    : Function properties for _ZN3cub17_V_300500_SM_10006detail12batched_topk28device_segmented_topk_kernelINS2_26policy_selector_from_typesIillLl8388608EEEN4cuda3__417constant_iteratorIPKilEENS8_IPilEENS8_IPKllEENS8_IPllEENS1_6params13uniform_paramIlLl0ELl268435456EEENSK_IlLl1ELl8388608EEENSJ_22uniform_discrete_paramINS1_4topk6selectEJLSP_1EEEENSK_IlLl1ELl1EEEjEEvT0_T1_T2_T3_T4_T5_T6_T7_PNS2_21batched_topk_countersINSZ_10value_typeEEEPS11_PT8_
    0 bytes stack frame, 0 bytes spill stores, 0 bytes spill loads
ptxas info    : Used 196 registers, used 1 barriers, 33808 bytes smem
ptxas info    : Compile time = 60.499 ms
ptxas info    : Compiling entry function '_ZN3cub17_V_300500_SM_10006detail12batched_topk44device_segmented_topk_finalize_filter_kernelINS2_26policy_selector_from_typesIiilLl8388608EEELNS1_4topk6selectE1EN4cuda3__417constant_iteratorIPKilEENSA_IPilEENSA_INS9_17counting_iteratorIjlLi0ELi0ELi0EEElEENS9_18transform_iteratorINS2_26per_segment_indexed_out_opISD_SF_EENSG_IlnLi0ELi0ELi0EEEEENS1_6params13uniform_paramIlLl0ELl268435456EEENSP_IlLl1ELl8388608EEENSP_IlLl1ELl1EEEPljPyNS1_21identity_decomposer_tEjjiEEvT1_T2_T3_T4_T5_T6_T7_T8_PKT9_PNS6_7counterIT14_T12_T13_EEPS19_PS18_PNS8_3std3__415iterator_traitsINS1H_ISY_vE10value_typeEvE10value_typeES1E_S1M_T10_S19_S19_iiT11_b' for 'sm_100'
ptxas info    : Function properties for _ZN3cub17_V_300500_SM_10006detail12batched_topk44device_segmented_topk_finalize_filter_kernelINS2_26policy_selector_from_typesIiilLl8388608EEELNS1_4topk6selectE1EN4cuda3__417constant_iteratorIPKilEENSA_IPilEENSA_INS9_17counting_iteratorIjlLi0ELi0ELi0EEElEENS9_18transform_iteratorINS2_26per_segment_indexed_out_opISD_SF_EENSG_IlnLi0ELi0ELi0EEEEENS1_6params13uniform_paramIlLl0ELl268435456EEENSP_IlLl1ELl8388608EEENSP_IlLl1ELl1EEEPljPyNS1_21identity_decomposer_tEjjiEEvT1_T2_T3_T4_T5_T6_T7_T8_PKT9_PNS6_7counterIT14_T12_T13_EEPS19_PS18_PNS8_3std3__415iterator_traitsINS1H_ISY_vE10value_typeEvE10value_typeES1E_S1M_T10_S19_S19_iiT11_b
    0 bytes stack frame, 0 bytes spill stores, 0 bytes spill loads
ptxas info    : Used 52 registers, used 1 barriers, 8208 bytes smem
ptxas info    : Compile time = 30.049 ms
ptxas info    : Compiling entry function '_ZN3cub17_V_300500_SM_10006detail12batched_topk40device_segmented_topk_last_filter_kernelINS2_26policy_selector_from_typesIiilLl8388608EEELNS1_4topk6selectE1EN4cuda3__417constant_iteratorIPKilEENSA_IPilEENSA_INS9_17counting_iteratorIjlLi0ELi0ELi0EEElEENS9_18transform_iteratorINS2_26per_segment_indexed_out_opISD_SF_EENSG_IlnLi0ELi0ELi0EEEEENS1_6params13uniform_paramIlLl0ELl268435456EEENSP_IlLl1ELl8388608EEENSP_IlLl1ELl1EEEPljPyNS1_21identity_decomposer_tEjjEEvT1_T2_T3_T4_T5_T6_T7_T8_PKT9_PNS6_7counterINS8_3std3__415iterator_traitsINS1A_ISW_vE10value_typeEvE10value_typeET12_T13_EEPS1E_PNS1A_INS1A_ISY_vE10value_typeEvE10value_typeES1F_T10_iiT11_' for 'sm_100'
ptxas info    : Function properties for _ZN3cub17_V_300500_SM_10006detail12batched_topk40device_segmented_topk_last_filter_kernelINS2_26policy_selector_from_typesIiilLl8388608EEELNS1_4topk6selectE1EN4cuda3__417constant_iteratorIPKilEENSA_IPilEENSA_INS9_17counting_iteratorIjlLi0ELi0ELi0EEElEENS9_18transform_iteratorINS2_26per_segment_indexed_out_opISD_SF_EENSG_IlnLi0ELi0ELi0EEEEENS1_6params13uniform_paramIlLl0ELl268435456EEENSP_IlLl1ELl8388608EEENSP_IlLl1ELl1EEEPljPyNS1_21identity_decomposer_tEjjEEvT1_T2_T3_T4_T5_T6_T7_T8_PKT9_PNS6_7counterINS8_3std3__415iterator_traitsINS1A_ISW_vE10value_typeEvE10value_typeET12_T13_EEPS1E_PNS1A_INS1A_ISY_vE10value_typeEvE10value_typeES1F_T10_iiT11_
    0 bytes stack frame, 0 bytes spill stores, 0 bytes spill loads
ptxas info    : Used 40 registers, used 0 barriers
ptxas info    : Compile time = 31.661 ms
ptxas info    : Compiling entry function '_ZN3cub17_V_300500_SM_10006detail12batched_topk35device_segmented_topk_filter_kernelINS2_26policy_selector_from_typesIiilLl8388608EEELNS1_4topk6selectE1EN4cuda3__417constant_iteratorIPKilEENSA_IPilEENSA_INS9_17counting_iteratorIjlLi0ELi0ELi0EEElEENS9_18transform_iteratorINS2_26per_segment_indexed_out_opISD_SF_EENSG_IlnLi0ELi0ELi0EEEEENS1_6params13uniform_paramIlLl0ELl268435456EEENSP_IlLl1ELl8388608EEENSP_IlLl1ELl1EEEPljPyNS1_21identity_decomposer_tEjjEEvT1_T2_T3_T4_T5_T6_T7_T8_PKT9_PNS6_7counterINS8_3std3__415iterator_traitsINS1A_ISW_vE10value_typeEvE10value_typeET12_T13_EEPS1F_PS1E_PNS1A_INS1A_ISY_vE10value_typeEvE10value_typeES1K_S1P_S1F_S1F_T10_iibT11_' for 'sm_100'
ptxas info    : Function properties for _ZN3cub17_V_300500_SM_10006detail12batched_topk35device_segmented_topk_filter_kernelINS2_26policy_selector_from_typesIiilLl8388608EEELNS1_4topk6selectE1EN4cuda3__417constant_iteratorIPKilEENSA_IPilEENSA_INS9_17counting_iteratorIjlLi0ELi0ELi0EEElEENS9_18transform_iteratorINS2_26per_segment_indexed_out_opISD_SF_EENSG_IlnLi0ELi0ELi0EEEEENS1_6params13uniform_paramIlLl0ELl268435456EEENSP_IlLl1ELl8388608EEENSP_IlLl1ELl1EEEPljPyNS1_21identity_decomposer_tEjjEEvT1_T2_T3_T4_T5_T6_T7_T8_PKT9_PNS6_7counterINS8_3std3__415iterator_traitsINS1A_ISW_vE10value_typeEvE10value_typeET12_T13_EEPS1F_PS1E_PNS1A_INS1A_ISY_vE10value_typeEvE10value_typeES1K_S1P_S1F_S1F_T10_iibT11_
    0 bytes stack frame, 0 bytes spill stores, 0 bytes spill loads
ptxas info    : Used 40 registers, used 1 barriers, 8196 bytes smem
ptxas info    : Compile time = 28.585 ms
ptxas info    : Compiling entry function '_ZN3cub17_V_300500_SM_10006detail12batched_topk47device_segmented_topk_finalize_histogram_kernelINS2_26policy_selector_from_typesIiilLl8388608EEEN4cuda3__417constant_iteratorIPKilEENS1_6params13uniform_paramIlLl0ELl268435456EEENSD_IlLl1ELl8388608EEENSD_IlLl1ELl1EEEPlPyNS1_4topk16extract_bin_op_tIiLNSJ_6selectE1ELi11ENS1_21identity_decomposer_tELb1EEEjjiEEvT0_T1_T2_T3_T4_PNSJ_7counterIT9_T7_T8_EEPSV_T5_T6_ib' for 'sm_100'
ptxas info    : Function properties for _ZN3cub17_V_300500_SM_10006detail12batched_topk47device_segmented_topk_finalize_histogram_kernelINS2_26policy_selector_from_typesIiilLl8388608EEEN4cuda3__417constant_iteratorIPKilEENS1_6params13uniform_paramIlLl0ELl268435456EEENSD_IlLl1ELl8388608EEENSD_IlLl1ELl1EEEPlPyNS1_4topk16extract_bin_op_tIiLNSJ_6selectE1ELi11ENS1_21identity_decomposer_tELb1EEEjjiEEvT0_T1_T2_T3_T4_PNSJ_7counterIT9_T7_T8_EEPSV_T5_T6_ib
    0 bytes stack frame, 0 bytes spill stores, 0 bytes spill loads
ptxas info    : Used 40 registers, used 1 barriers, 8192 bytes smem
ptxas info    : Compile time = 9.422 ms
ptxas info    : Compiling entry function '_ZN3cub17_V_300500_SM_10006detail12batched_topk38device_segmented_topk_histogram_kernelINS2_26policy_selector_from_typesIiilLl8388608EEEN4cuda3__417constant_iteratorIPKilEENS1_6params13uniform_paramIlLl0ELl268435456EEENSD_IlLl1ELl8388608EEENSD_IlLl1ELl1EEEPljPyNS1_4topk16extract_bin_op_tIiLNSJ_6selectE1ELi11ENS1_21identity_decomposer_tELb1EEEjjjEEvT0_T1_T2_T3_T4_PKT5_PNSJ_7counterINS6_3std3__415iterator_traitsINSZ_ISO_vE10value_typeEvE10value_typeET8_T9_EEPS14_T6_T7_' for 'sm_100'
ptxas info    : Function properties for _ZN3cub17_V_300500_SM_10006detail12batched_topk38device_segmented_topk_histogram_kernelINS2_26policy_selector_from_typesIiilLl8388608EEEN4cuda3__417constant_iteratorIPKilEENS1_6params13uniform_paramIlLl0ELl268435456EEENSD_IlLl1ELl8388608EEENSD_IlLl1ELl1EEEPljPyNS1_4topk16extract_bin_op_tIiLNSJ_6selectE1ELi11ENS1_21identity_decomposer_tELb1EEEjjjEEvT0_T1_T2_T3_T4_PKT5_PNSJ_7counterINS6_3std3__415iterator_traitsINSZ_ISO_vE10value_typeEvE10value_typeET8_T9_EEPS14_T6_T7_
    0 bytes stack frame, 0 bytes spill stores, 0 bytes spill loads
ptxas info    : Used 30 registers, used 1 barriers, 8240 bytes smem
ptxas info    : Compile time = 23.719 ms
ptxas info    : Compiling entry function '_ZN3cub17_V_300500_SM_10006detail12batched_topk44device_segmented_topk_finalize_filter_kernelINS2_26policy_selector_from_typesIiilLl8388608EEELNS1_4topk6selectE0EN4cuda3__417constant_iteratorIPKilEENSA_IPilEENSA_INS9_17counting_iteratorIjlLi0ELi0ELi0EEElEENS9_18transform_iteratorINS2_26per_segment_indexed_out_opISD_SF_EENSG_IlnLi0ELi0ELi0EEEEENS1_6params13uniform_paramIlLl0ELl268435456EEENSP_IlLl1ELl8388608EEENSP_IlLl1ELl1EEEPljPyNS1_21identity_decomposer_tEjjiEEvT1_T2_T3_T4_T5_T6_T7_T8_PKT9_PNS6_7counterIT14_T12_T13_EEPS19_PS18_PNS8_3std3__415iterator_traitsINS1H_ISY_vE10value_typeEvE10value_typeES1E_S1M_T10_S19_S19_iiT11_b' for 'sm_100'
ptxas info    : Function properties for _ZN3cub17_V_300500_SM_10006detail12batched_topk44device_segmented_topk_finalize_filter_kernelINS2_26policy_selector_from_typesIiilLl8388608EEELNS1_4topk6selectE0EN4cuda3__417constant_iteratorIPKilEENSA_IPilEENSA_INS9_17counting_iteratorIjlLi0ELi0ELi0EEElEENS9_18transform_iteratorINS2_26per_segment_indexed_out_opISD_SF_EENSG_IlnLi0ELi0ELi0EEEEENS1_6params13uniform_paramIlLl0ELl268435456EEENSP_IlLl1ELl8388608EEENSP_IlLl1ELl1EEEPljPyNS1_21identity_decomposer_tEjjiEEvT1_T2_T3_T4_T5_T6_T7_T8_PKT9_PNS6_7counterIT14_T12_T13_EEPS19_PS18_PNS8_3std3__415iterator_traitsINS1H_ISY_vE10value_typeEvE10value_typeES1E_S1M_T10_S19_S19_iiT11_b
    0 bytes stack frame, 0 bytes spill stores, 0 bytes spill loads
ptxas info    : Used 52 registers, used 1 barriers, 8208 bytes smem
ptxas info    : Compile time = 29.956 ms
ptxas info    : Compiling entry function '_ZN3cub17_V_300500_SM_10006detail12batched_topk40device_segmented_topk_last_filter_kernelINS2_26policy_selector_from_typesIiilLl8388608EEELNS1_4topk6selectE0EN4cuda3__417constant_iteratorIPKilEENSA_IPilEENSA_INS9_17counting_iteratorIjlLi0ELi0ELi0EEElEENS9_18transform_iteratorINS2_26per_segment_indexed_out_opISD_SF_EENSG_IlnLi0ELi0ELi0EEEEENS1_6params13uniform_paramIlLl0ELl268435456EEENSP_IlLl1ELl8388608EEENSP_IlLl1ELl1EEEPljPyNS1_21identity_decomposer_tEjjEEvT1_T2_T3_T4_T5_T6_T7_T8_PKT9_PNS6_7counterINS8_3std3__415iterator_traitsINS1A_ISW_vE10value_typeEvE10value_typeET12_T13_EEPS1E_PNS1A_INS1A_ISY_vE10value_typeEvE10value_typeES1F_T10_iiT11_' for 'sm_100'
ptxas info    : Function properties for _ZN3cub17_V_300500_SM_10006detail12batched_topk40device_segmented_topk_last_filter_kernelINS2_26policy_selector_from_typesIiilLl8388608EEELNS1_4topk6selectE0EN4cuda3__417constant_iteratorIPKilEENSA_IPilEENSA_INS9_17counting_iteratorIjlLi0ELi0ELi0EEElEENS9_18transform_iteratorINS2_26per_segment_indexed_out_opISD_SF_EENSG_IlnLi0ELi0ELi0EEEEENS1_6params13uniform_paramIlLl0ELl268435456EEENSP_IlLl1ELl8388608EEENSP_IlLl1ELl1EEEPljPyNS1_21identity_decomposer_tEjjEEvT1_T2_T3_T4_T5_T6_T7_T8_PKT9_PNS6_7counterINS8_3std3__415iterator_traitsINS1A_ISW_vE10value_typeEvE10value_typeET12_T13_EEPS1E_PNS1A_INS1A_ISY_vE10value_typeEvE10value_typeES1F_T10_iiT11_
    0 bytes stack frame, 0 bytes spill stores, 0 bytes spill loads
ptxas info    : Used 40 registers, used 0 barriers
ptxas info    : Compile time = 31.502 ms
ptxas info    : Compiling entry function '_ZN3cub17_V_300500_SM_10006detail12batched_topk35device_segmented_topk_filter_kernelINS2_26policy_selector_from_typesIiilLl8388608EEELNS1_4topk6selectE0EN4cuda3__417constant_iteratorIPKilEENSA_IPilEENSA_INS9_17counting_iteratorIjlLi0ELi0ELi0EEElEENS9_18transform_iteratorINS2_26per_segment_indexed_out_opISD_SF_EENSG_IlnLi0ELi0ELi0EEEEENS1_6params13uniform_paramIlLl0ELl268435456EEENSP_IlLl1ELl8388608EEENSP_IlLl1ELl1EEEPljPyNS1_21identity_decomposer_tEjjEEvT1_T2_T3_T4_T5_T6_T7_T8_PKT9_PNS6_7counterINS8_3std3__415iterator_traitsINS1A_ISW_vE10value_typeEvE10value_typeET12_T13_EEPS1F_PS1E_PNS1A_INS1A_ISY_vE10value_typeEvE10value_typeES1K_S1P_S1F_S1F_T10_iibT11_' for 'sm_100'
ptxas info    : Function properties for _ZN3cub17_V_300500_SM_10006detail12batched_topk35device_segmented_topk_filter_kernelINS2_26policy_selector_from_typesIiilLl8388608EEELNS1_4topk6selectE0EN4cuda3__417constant_iteratorIPKilEENSA_IPilEENSA_INS9_17counting_iteratorIjlLi0ELi0ELi0EEElEENS9_18transform_iteratorINS2_26per_segment_indexed_out_opISD_SF_EENSG_IlnLi0ELi0ELi0EEEEENS1_6params13uniform_paramIlLl0ELl268435456EEENSP_IlLl1ELl8388608EEENSP_IlLl1ELl1EEEPljPyNS1_21identity_decomposer_tEjjEEvT1_T2_T3_T4_T5_T6_T7_T8_PKT9_PNS6_7counterINS8_3std3__415iterator_traitsINS1A_ISW_vE10value_typeEvE10value_typeET12_T13_EEPS1F_PS1E_PNS1A_INS1A_ISY_vE10value_typeEvE10value_typeES1K_S1P_S1F_S1F_T10_iibT11_
    0 bytes stack frame, 0 bytes spill stores, 0 bytes spill loads
ptxas info    : Used 40 registers, used 1 barriers, 8196 bytes smem
ptxas info    : Compile time = 28.525 ms
ptxas info    : Compiling entry function '_ZN3cub17_V_300500_SM_10006detail12batched_topk47device_segmented_topk_finalize_histogram_kernelINS2_26policy_selector_from_typesIiilLl8388608EEEN4cuda3__417constant_iteratorIPKilEENS1_6params13uniform_paramIlLl0ELl268435456EEENSD_IlLl1ELl8388608EEENSD_IlLl1ELl1EEEPlPyNS1_4topk16extract_bin_op_tIiLNSJ_6selectE0ELi11ENS1_21identity_decomposer_tELb1EEEjjiEEvT0_T1_T2_T3_T4_PNSJ_7counterIT9_T7_T8_EEPSV_T5_T6_ib' for 'sm_100'
ptxas info    : Function properties for _ZN3cub17_V_300500_SM_10006detail12batched_topk47device_segmented_topk_finalize_histogram_kernelINS2_26policy_selector_from_typesIiilLl8388608EEEN4cuda3__417constant_iteratorIPKilEENS1_6params13uniform_paramIlLl0ELl268435456EEENSD_IlLl1ELl8388608EEENSD_IlLl1ELl1EEEPlPyNS1_4topk16extract_bin_op_tIiLNSJ_6selectE0ELi11ENS1_21identity_decomposer_tELb1EEEjjiEEvT0_T1_T2_T3_T4_PNSJ_7counterIT9_T7_T8_EEPSV_T5_T6_ib
    0 bytes stack frame, 0 bytes spill stores, 0 bytes spill loads
ptxas info    : Used 40 registers, used 1 barriers, 8192 bytes smem
ptxas info    : Compile time = 9.405 ms
ptxas info    : Compiling entry function '_ZN3cub17_V_300500_SM_10006detail12batched_topk38device_segmented_topk_histogram_kernelINS2_26policy_selector_from_typesIiilLl8388608EEEN4cuda3__417constant_iteratorIPKilEENS1_6params13uniform_paramIlLl0ELl268435456EEENSD_IlLl1ELl8388608EEENSD_IlLl1ELl1EEEPljPyNS1_4topk16extract_bin_op_tIiLNSJ_6selectE0ELi11ENS1_21identity_decomposer_tELb1EEEjjjEEvT0_T1_T2_T3_T4_PKT5_PNSJ_7counterINS6_3std3__415iterator_traitsINSZ_ISO_vE10value_typeEvE10value_typeET8_T9_EEPS14_T6_T7_' for 'sm_100'
ptxas info    : Function properties for _ZN3cub17_V_300500_SM_10006detail12batched_topk38device_segmented_topk_histogram_kernelINS2_26policy_selector_from_typesIiilLl8388608EEEN4cuda3__417constant_iteratorIPKilEENS1_6params13uniform_paramIlLl0ELl268435456EEENSD_IlLl1ELl8388608EEENSD_IlLl1ELl1EEEPljPyNS1_4topk16extract_bin_op_tIiLNSJ_6selectE0ELi11ENS1_21identity_decomposer_tELb1EEEjjjEEvT0_T1_T2_T3_T4_PKT5_PNSJ_7counterINS6_3std3__415iterator_traitsINSZ_ISO_vE10value_typeEvE10value_typeET8_T9_EEPS14_T6_T7_
    0 bytes stack frame, 0 bytes spill stores, 0 bytes spill loads
ptxas info    : Used 30 registers, used 1 barriers, 8240 bytes smem
ptxas info    : Compile time = 23.744 ms
ptxas info    : Compiling entry function '_ZN3cub17_V_300500_SM_10006detail12batched_topk28device_segmented_topk_kernelINS2_26policy_selector_from_typesIiilLl8388608EEEN4cuda3__417constant_iteratorIPKilEENS8_IPilEESB_SD_NS1_6params13uniform_paramIlLl0ELl268435456EEENSF_IlLl1ELl8388608EEENSE_22uniform_discrete_paramINS1_4topk6selectEJLSK_1EEEENSF_IlLl1ELl1EEEjEEvT0_T1_T2_T3_T4_T5_T6_T7_PNS2_21batched_topk_countersINSU_10value_typeEEEPSW_PT8_' for 'sm_100'
ptxas info    : Function properties for _ZN3cub17_V_300500_SM_10006detail12batched_topk28device_segmented_topk_kernelINS2_26policy_selector_from_typesIiilLl8388608EEEN4cuda3__417constant_iteratorIPKilEENS8_IPilEESB_SD_NS1_6params13uniform_paramIlLl0ELl268435456EEENSF_IlLl1ELl8388608EEENSE_22uniform_discrete_paramINS1_4topk6selectEJLSK_1EEEENSF_IlLl1ELl1EEEjEEvT0_T1_T2_T3_T4_T5_T6_T7_PNS2_21batched_topk_countersINSU_10value_typeEEEPSW_PT8_
    0 bytes stack frame, 0 bytes spill stores, 0 bytes spill loads
ptxas info    : Used 254 registers, used 1 barriers, 33808 bytes smem
ptxas info    : Compile time = 110.896 ms
ptxas info    : Compiling entry function '_ZN3cub17_V_300500_SM_10006detail12batched_topk44device_segmented_topk_finalize_filter_kernelINS2_26policy_selector_from_typesIislLl8388608EEELNS1_4topk6selectE1EN4cuda3__417constant_iteratorIPKilEENSA_IPilEENSA_INS9_17counting_iteratorIjlLi0ELi0ELi0EEElEENS9_18transform_iteratorINS2_26per_segment_indexed_out_opINSA_IPKslEENSA_IPslEEEENSG_IlnLi0ELi0ELi0EEEEENS1_6params13uniform_paramIlLl0ELl268435456EEENSU_IlLl1ELl8388608EEENSU_IlLl1ELl1EEEPljPyNS1_21identity_decomposer_tEjjiEEvT1_T2_T3_T4_T5_T6_T7_T8_PKT9_PNS6_7counterIT14_T12_T13_EEPS1E_PS1D_PNS8_3std3__415iterator_traitsINS1M_IS13_vE10value_typeEvE10value_typeES1J_S1R_T10_S1E_S1E_iiT11_b' for 'sm_100'
ptxas info    : Function properties for _ZN3cub17_V_300500_SM_10006detail12batched_topk44device_segmented_topk_finalize_filter_kernelINS2_26policy_selector_from_typesIislLl8388608EEELNS1_4topk6selectE1EN4cuda3__417constant_iteratorIPKilEENSA_IPilEENSA_INS9_17counting_iteratorIjlLi0ELi0ELi0EEElEENS9_18transform_iteratorINS2_26per_segment_indexed_out_opINSA_IPKslEENSA_IPslEEEENSG_IlnLi0ELi0ELi0EEEEENS1_6params13uniform_paramIlLl0ELl268435456EEENSU_IlLl1ELl8388608EEENSU_IlLl1ELl1EEEPljPyNS1_21identity_decomposer_tEjjiEEvT1_T2_T3_T4_T5_T6_T7_T8_PKT9_PNS6_7counterIT14_T12_T13_EEPS1E_PS1D_PNS8_3std3__415iterator_traitsINS1M_IS13_vE10value_typeEvE10value_typeES1J_S1R_T10_S1E_S1E_iiT11_b
    0 bytes stack frame, 0 bytes spill stores, 0 bytes spill loads
ptxas info    : Used 52 registers, used 1 barriers, 8208 bytes smem
ptxas info    : Compile time = 30.037 ms
ptxas info    : Compiling entry function '_ZN3cub17_V_300500_SM_10006detail12batched_topk40device_segmented_topk_last_filter_kernelINS2_26policy_selector_from_typesIislLl8388608EEELNS1_4topk6selectE1EN4cuda3__417constant_iteratorIPKilEENSA_IPilEENSA_INS9_17counting_iteratorIjlLi0ELi0ELi0EEElEENS9_18transform_iteratorINS2_26per_segment_indexed_out_opINSA_IPKslEENSA_IPslEEEENSG_IlnLi0ELi0ELi0EEEEENS1_6params13uniform_paramIlLl0ELl268435456EEENSU_IlLl1ELl8388608EEENSU_IlLl1ELl1EEEPljPyNS1_21identity_decomposer_tEjjEEvT1_T2_T3_T4_T5_T6_T7_T8_PKT9_PNS6_7counterINS8_3std3__415iterator_traitsINS1F_IS11_vE10value_typeEvE10value_typeET12_T13_EEPS1J_PNS1F_INS1F_IS13_vE10value_typeEvE10value_typeES1K_T10_iiT11_' for 'sm_100'
ptxas info    : Function properties for _ZN3cub17_V_300500_SM_10006detail12batched_topk40device_segmented_topk_last_filter_kernelINS2_26policy_selector_from_typesIislLl8388608EEELNS1_4topk6selectE1EN4cuda3__417constant_iteratorIPKilEENSA_IPilEENSA_INS9_17counting_iteratorIjlLi0ELi0ELi0EEElEENS9_18transform_iteratorINS2_26per_segment_indexed_out_opINSA_IPKslEENSA_IPslEEEENSG_IlnLi0ELi0ELi0EEEEENS1_6params13uniform_paramIlLl0ELl268435456EEENSU_IlLl1ELl8388608EEENSU_IlLl1ELl1EEEPljPyNS1_21identity_decomposer_tEjjEEvT1_T2_T3_T4_T5_T6_T7_T8_PKT9_PNS6_7counterINS8_3std3__415iterator_traitsINS1F_IS11_vE10value_typeEvE10value_typeET12_T13_EEPS1J_PNS1F_INS1F_IS13_vE10value_typeEvE10value_typeES1K_T10_iiT11_
    0 bytes stack frame, 0 bytes spill stores, 0 bytes spill loads
ptxas info    : Used 40 registers, used 0 barriers
ptxas info    : Compile time = 31.621 ms
ptxas info    : Compiling entry function '_ZN3cub17_V_300500_SM_10006detail12batched_topk35device_segmented_topk_filter_kernelINS2_26policy_selector_from_typesIislLl8388608EEELNS1_4topk6selectE1EN4cuda3__417constant_iteratorIPKilEENSA_IPilEENSA_INS9_17counting_iteratorIjlLi0ELi0ELi0EEElEENS9_18transform_iteratorINS2_26per_segment_indexed_out_opINSA_IPKslEENSA_IPslEEEENSG_IlnLi0ELi0ELi0EEEEENS1_6params13uniform_paramIlLl0ELl268435456EEENSU_IlLl1ELl8388608EEENSU_IlLl1ELl1EEEPljPyNS1_21identity_decomposer_tEjjEEvT1_T2_T3_T4_T5_T6_T7_T8_PKT9_PNS6_7counterINS8_3std3__415iterator_traitsINS1F_IS11_vE10value_typeEvE10value_typeET12_T13_EEPS1K_PS1J_PNS1F_INS1F_IS13_vE10value_typeEvE10value_typeES1P_S1U_S1K_S1K_T10_iibT11_' for 'sm_100'
ptxas info    : Function properties for _ZN3cub17_V_300500_SM_10006detail12batched_topk35device_segmented_topk_filter_kernelINS2_26policy_selector_from_typesIislLl8388608EEELNS1_4topk6selectE1EN4cuda3__417constant_iteratorIPKilEENSA_IPilEENSA_INS9_17counting_iteratorIjlLi0ELi0ELi0EEElEENS9_18transform_iteratorINS2_26per_segment_indexed_out_opINSA_IPKslEENSA_IPslEEEENSG_IlnLi0ELi0ELi0EEEEENS1_6params13uniform_paramIlLl0ELl268435456EEENSU_IlLl1ELl8388608EEENSU_IlLl1ELl1EEEPljPyNS1_21identity_decomposer_tEjjEEvT1_T2_T3_T4_T5_T6_T7_T8_PKT9_PNS6_7counterINS8_3std3__415iterator_traitsINS1F_IS11_vE10value_typeEvE10value_typeET12_T13_EEPS1K_PS1J_PNS1F_INS1F_IS13_vE10value_typeEvE10value_typeES1P_S1U_S1K_S1K_T10_iibT11_
    0 bytes stack frame, 0 bytes spill stores, 0 bytes spill loads
ptxas info    : Used 40 registers, used 1 barriers, 8196 bytes smem
ptxas info    : Compile time = 28.620 ms
ptxas info    : Compiling entry function '_ZN3cub17_V_300500_SM_10006detail12batched_topk47device_segmented_topk_finalize_histogram_kernelINS2_26policy_selector_from_typesIislLl8388608EEEN4cuda3__417constant_iteratorIPKilEENS1_6params13uniform_paramIlLl0ELl268435456EEENSD_IlLl1ELl8388608EEENSD_IlLl1ELl1EEEPlPyNS1_4topk16extract_bin_op_tIiLNSJ_6selectE1ELi11ENS1_21identity_decomposer_tELb1EEEjjiEEvT0_T1_T2_T3_T4_PNSJ_7counterIT9_T7_T8_EEPSV_T5_T6_ib' for 'sm_100'
ptxas info    : Function properties for _ZN3cub17_V_300500_SM_10006detail12batched_topk47device_segmented_topk_finalize_histogram_kernelINS2_26policy_selector_from_typesIislLl8388608EEEN4cuda3__417constant_iteratorIPKilEENS1_6params13uniform_paramIlLl0ELl268435456EEENSD_IlLl1ELl8388608EEENSD_IlLl1ELl1EEEPlPyNS1_4topk16extract_bin_op_tIiLNSJ_6selectE1ELi11ENS1_21identity_decomposer_tELb1EEEjjiEEvT0_T1_T2_T3_T4_PNSJ_7counterIT9_T7_T8_EEPSV_T5_T6_ib
    0 bytes stack frame, 0 bytes spill stores, 0 bytes spill loads
ptxas info    : Used 40 registers, used 1 barriers, 8192 bytes smem
ptxas info    : Compile time = 9.408 ms
ptxas info    : Compiling entry function '_ZN3cub17_V_300500_SM_10006detail12batched_topk38device_segmented_topk_histogram_kernelINS2_26policy_selector_from_typesIislLl8388608EEEN4cuda3__417constant_iteratorIPKilEENS1_6params13uniform_paramIlLl0ELl268435456EEENSD_IlLl1ELl8388608EEENSD_IlLl1ELl1EEEPljPyNS1_4topk16extract_bin_op_tIiLNSJ_6selectE1ELi11ENS1_21identity_decomposer_tELb1EEEjjjEEvT0_T1_T2_T3_T4_PKT5_PNSJ_7counterINS6_3std3__415iterator_traitsINSZ_ISO_vE10value_typeEvE10value_typeET8_T9_EEPS14_T6_T7_' for 'sm_100'
ptxas info    : Function properties for _ZN3cub17_V_300500_SM_10006detail12batched_topk38device_segmented_topk_histogram_kernelINS2_26policy_selector_from_typesIislLl8388608EEEN4cuda3__417constant_iteratorIPKilEENS1_6params13uniform_paramIlLl0ELl268435456EEENSD_IlLl1ELl8388608EEENSD_IlLl1ELl1EEEPljPyNS1_4topk16extract_bin_op_tIiLNSJ_6selectE1ELi11ENS1_21identity_decomposer_tELb1EEEjjjEEvT0_T1_T2_T3_T4_PKT5_PNSJ_7counterINS6_3std3__415iterator_traitsINSZ_ISO_vE10value_typeEvE10value_typeET8_T9_EEPS14_T6_T7_
    0 bytes stack frame, 0 bytes spill stores, 0 bytes spill loads
ptxas info    : Used 30 registers, used 1 barriers, 8240 bytes smem
ptxas info    : Compile time = 23.759 ms
ptxas info    : Compiling entry function '_ZN3cub17_V_300500_SM_10006detail12batched_topk44device_segmented_topk_finalize_filter_kernelINS2_26policy_selector_from_typesIislLl8388608EEELNS1_4topk6selectE0EN4cuda3__417constant_iteratorIPKilEENSA_IPilEENSA_INS9_17counting_iteratorIjlLi0ELi0ELi0EEElEENS9_18transform_iteratorINS2_26per_segment_indexed_out_opINSA_IPKslEENSA_IPslEEEENSG_IlnLi0ELi0ELi0EEEEENS1_6params13uniform_paramIlLl0ELl268435456EEENSU_IlLl1ELl8388608EEENSU_IlLl1ELl1EEEPljPyNS1_21identity_decomposer_tEjjiEEvT1_T2_T3_T4_T5_T6_T7_T8_PKT9_PNS6_7counterIT14_T12_T13_EEPS1E_PS1D_PNS8_3std3__415iterator_traitsINS1M_IS13_vE10value_typeEvE10value_typeES1J_S1R_T10_S1E_S1E_iiT11_b' for 'sm_100'
ptxas info    : Function properties for _ZN3cub17_V_300500_SM_10006detail12batched_topk44device_segmented_topk_finalize_filter_kernelINS2_26policy_selector_from_typesIislLl8388608EEELNS1_4topk6selectE0EN4cuda3__417constant_iteratorIPKilEENSA_IPilEENSA_INS9_17counting_iteratorIjlLi0ELi0ELi0EEElEENS9_18transform_iteratorINS2_26per_segment_indexed_out_opINSA_IPKslEENSA_IPslEEEENSG_IlnLi0ELi0ELi0EEEEENS1_6params13uniform_paramIlLl0ELl268435456EEENSU_IlLl1ELl8388608EEENSU_IlLl1ELl1EEEPljPyNS1_21identity_decomposer_tEjjiEEvT1_T2_T3_T4_T5_T6_T7_T8_PKT9_PNS6_7counterIT14_T12_T13_EEPS1E_PS1D_PNS8_3std3__415iterator_traitsINS1M_IS13_vE10value_typeEvE10value_typeES1J_S1R_T10_S1E_S1E_iiT11_b
    0 bytes stack frame, 0 bytes spill stores, 0 bytes spill loads
ptxas info    : Used 52 registers, used 1 barriers, 8208 bytes smem
ptxas info    : Compile time = 30.013 ms
ptxas info    : Compiling entry function '_ZN3cub17_V_300500_SM_10006detail12batched_topk40device_segmented_topk_last_filter_kernelINS2_26policy_selector_from_typesIislLl8388608EEELNS1_4topk6selectE0EN4cuda3__417constant_iteratorIPKilEENSA_IPilEENSA_INS9_17counting_iteratorIjlLi0ELi0ELi0EEElEENS9_18transform_iteratorINS2_26per_segment_indexed_out_opINSA_IPKslEENSA_IPslEEEENSG_IlnLi0ELi0ELi0EEEEENS1_6params13uniform_paramIlLl0ELl268435456EEENSU_IlLl1ELl8388608EEENSU_IlLl1ELl1EEEPljPyNS1_21identity_decomposer_tEjjEEvT1_T2_T3_T4_T5_T6_T7_T8_PKT9_PNS6_7counterINS8_3std3__415iterator_traitsINS1F_IS11_vE10value_typeEvE10value_typeET12_T13_EEPS1J_PNS1F_INS1F_IS13_vE10value_typeEvE10value_typeES1K_T10_iiT11_' for 'sm_100'
ptxas info    : Function properties for _ZN3cub17_V_300500_SM_10006detail12batched_topk40device_segmented_topk_last_filter_kernelINS2_26policy_selector_from_typesIislLl8388608EEELNS1_4topk6selectE0EN4cuda3__417constant_iteratorIPKilEENSA_IPilEENSA_INS9_17counting_iteratorIjlLi0ELi0ELi0EEElEENS9_18transform_iteratorINS2_26per_segment_indexed_out_opINSA_IPKslEENSA_IPslEEEENSG_IlnLi0ELi0ELi0EEEEENS1_6params13uniform_paramIlLl0ELl268435456EEENSU_IlLl1ELl8388608EEENSU_IlLl1ELl1EEEPljPyNS1_21identity_decomposer_tEjjEEvT1_T2_T3_T4_T5_T6_T7_T8_PKT9_PNS6_7counterINS8_3std3__415iterator_traitsINS1F_IS11_vE10value_typeEvE10value_typeET12_T13_EEPS1J_PNS1F_INS1F_IS13_vE10value_typeEvE10value_typeES1K_T10_iiT11_
    0 bytes stack frame, 0 bytes spill stores, 0 bytes spill loads
ptxas info    : Used 40 registers, used 0 barriers
ptxas info    : Compile time = 31.626 ms
ptxas info    : Compiling entry function '_ZN3cub17_V_300500_SM_10006detail12batched_topk35device_segmented_topk_filter_kernelINS2_26policy_selector_from_typesIislLl8388608EEELNS1_4topk6selectE0EN4cuda3__417constant_iteratorIPKilEENSA_IPilEENSA_INS9_17counting_iteratorIjlLi0ELi0ELi0EEElEENS9_18transform_iteratorINS2_26per_segment_indexed_out_opINSA_IPKslEENSA_IPslEEEENSG_IlnLi0ELi0ELi0EEEEENS1_6params13uniform_paramIlLl0ELl268435456EEENSU_IlLl1ELl8388608EEENSU_IlLl1ELl1EEEPljPyNS1_21identity_decomposer_tEjjEEvT1_T2_T3_T4_T5_T6_T7_T8_PKT9_PNS6_7counterINS8_3std3__415iterator_traitsINS1F_IS11_vE10value_typeEvE10value_typeET12_T13_EEPS1K_PS1J_PNS1F_INS1F_IS13_vE10value_typeEvE10value_typeES1P_S1U_S1K_S1K_T10_iibT11_' for 'sm_100'
ptxas info    : Function properties for _ZN3cub17_V_300500_SM_10006detail12batched_topk35device_segmented_topk_filter_kernelINS2_26policy_selector_from_typesIislLl8388608EEELNS1_4topk6selectE0EN4cuda3__417constant_iteratorIPKilEENSA_IPilEENSA_INS9_17counting_iteratorIjlLi0ELi0ELi0EEElEENS9_18transform_iteratorINS2_26per_segment_indexed_out_opINSA_IPKslEENSA_IPslEEEENSG_IlnLi0ELi0ELi0EEEEENS1_6params13uniform_paramIlLl0ELl268435456EEENSU_IlLl1ELl8388608EEENSU_IlLl1ELl1EEEPljPyNS1_21identity_decomposer_tEjjEEvT1_T2_T3_T4_T5_T6_T7_T8_PKT9_PNS6_7counterINS8_3std3__415iterator_traitsINS1F_IS11_vE10value_typeEvE10value_typeET12_T13_EEPS1K_PS1J_PNS1F_INS1F_IS13_vE10value_typeEvE10value_typeES1P_S1U_S1K_S1K_T10_iibT11_
    0 bytes stack frame, 0 bytes spill stores, 0 bytes spill loads
ptxas info    : Used 40 registers, used 1 barriers, 8196 bytes smem
ptxas info    : Compile time = 28.579 ms
ptxas info    : Compiling entry function '_ZN3cub17_V_300500_SM_10006detail12batched_topk47device_segmented_topk_finalize_histogram_kernelINS2_26policy_selector_from_typesIislLl8388608EEEN4cuda3__417constant_iteratorIPKilEENS1_6params13uniform_paramIlLl0ELl268435456EEENSD_IlLl1ELl8388608EEENSD_IlLl1ELl1EEEPlPyNS1_4topk16extract_bin_op_tIiLNSJ_6selectE0ELi11ENS1_21identity_decomposer_tELb1EEEjjiEEvT0_T1_T2_T3_T4_PNSJ_7counterIT9_T7_T8_EEPSV_T5_T6_ib' for 'sm_100'
ptxas info    : Function properties for _ZN3cub17_V_300500_SM_10006detail12batched_topk47device_segmented_topk_finalize_histogram_kernelINS2_26policy_selector_from_typesIislLl8388608EEEN4cuda3__417constant_iteratorIPKilEENS1_6params13uniform_paramIlLl0ELl268435456EEENSD_IlLl1ELl8388608EEENSD_IlLl1ELl1EEEPlPyNS1_4topk16extract_bin_op_tIiLNSJ_6selectE0ELi11ENS1_21identity_decomposer_tELb1EEEjjiEEvT0_T1_T2_T3_T4_PNSJ_7counterIT9_T7_T8_EEPSV_T5_T6_ib
    0 bytes stack frame, 0 bytes spill stores, 0 bytes spill loads
ptxas info    : Used 40 registers, used 1 barriers, 8192 bytes smem
ptxas info    : Compile time = 9.422 ms
ptxas info    : Compiling entry function '_ZN3cub17_V_300500_SM_10006detail12batched_topk38device_segmented_topk_histogram_kernelINS2_26policy_selector_from_typesIislLl8388608EEEN4cuda3__417constant_iteratorIPKilEENS1_6params13uniform_paramIlLl0ELl268435456EEENSD_IlLl1ELl8388608EEENSD_IlLl1ELl1EEEPljPyNS1_4topk16extract_bin_op_tIiLNSJ_6selectE0ELi11ENS1_21identity_decomposer_tELb1EEEjjjEEvT0_T1_T2_T3_T4_PKT5_PNSJ_7counterINS6_3std3__415iterator_traitsINSZ_ISO_vE10value_typeEvE10value_typeET8_T9_EEPS14_T6_T7_' for 'sm_100'
ptxas info    : Function properties for _ZN3cub17_V_300500_SM_10006detail12batched_topk38device_segmented_topk_histogram_kernelINS2_26policy_selector_from_typesIislLl8388608EEEN4cuda3__417constant_iteratorIPKilEENS1_6params13uniform_paramIlLl0ELl268435456EEENSD_IlLl1ELl8388608EEENSD_IlLl1ELl1EEEPljPyNS1_4topk16extract_bin_op_tIiLNSJ_6selectE0ELi11ENS1_21identity_decomposer_tELb1EEEjjjEEvT0_T1_T2_T3_T4_PKT5_PNSJ_7counterINS6_3std3__415iterator_traitsINSZ_ISO_vE10value_typeEvE10value_typeET8_T9_EEPS14_T6_T7_
    0 bytes stack frame, 0 bytes spill stores, 0 bytes spill loads
ptxas info    : Used 30 registers, used 1 barriers, 8240 bytes smem
ptxas info    : Compile time = 23.759 ms
ptxas info    : Compiling entry function '_ZN3cub17_V_300500_SM_10006detail12batched_topk28device_segmented_topk_kernelINS2_26policy_selector_from_typesIislLl8388608EEEN4cuda3__417constant_iteratorIPKilEENS8_IPilEENS8_IPKslEENS8_IPslEENS1_6params13uniform_paramIlLl0ELl268435456EEENSK_IlLl1ELl8388608EEENSJ_22uniform_discrete_paramINS1_4topk6selectEJLSP_1EEEENSK_IlLl1ELl1EEEjEEvT0_T1_T2_T3_T4_T5_T6_T7_PNS2_21batched_topk_countersINSZ_10value_typeEEEPS11_PT8_' for 'sm_100'
ptxas info    : Function properties for _ZN3cub17_V_300500_SM_10006detail12batched_topk28device_segmented_topk_kernelINS2_26policy_selector_from_typesIislLl8388608EEEN4cuda3__417constant_iteratorIPKilEENS8_IPilEENS8_IPKslEENS8_IPslEENS1_6params13uniform_paramIlLl0ELl268435456EEENSK_IlLl1ELl8388608EEENSJ_22uniform_discrete_paramINS1_4topk6selectEJLSP_1EEEENSK_IlLl1ELl1EEEjEEvT0_T1_T2_T3_T4_T5_T6_T7_PNS2_21batched_topk_countersINSZ_10value_typeEEEPS11_PT8_
    56 bytes stack frame, 52 bytes spill stores, 52 bytes spill loads
ptxas info    : Used 255 registers, used 1 barriers, 56 bytes cumulative stack size, 33808 bytes smem
ptxas info    : Compile time = 131.538 ms
ptxas info    : Compiling entry function '_ZN3cub17_V_300500_SM_10006detail12batched_topk44device_segmented_topk_finalize_filter_kernelINS2_26policy_selector_from_typesIialLl8388608EEELNS1_4topk6selectE1EN4cuda3__417constant_iteratorIPKilEENSA_IPilEENSA_INS9_17counting_iteratorIjlLi0ELi0ELi0EEElEENS9_18transform_iteratorINS2_26per_segment_indexed_out_opINSA_IPKalEENSA_IPalEEEENSG_IlnLi0ELi0ELi0EEEEENS1_6params13uniform_paramIlLl0ELl268435456EEENSU_IlLl1ELl8388608EEENSU_IlLl1ELl1EEEPljPyNS1_21identity_decomposer_tEjjiEEvT1_T2_T3_T4_T5_T6_T7_T8_PKT9_PNS6_7counterIT14_T12_T13_EEPS1E_PS1D_PNS8_3std3__415iterator_traitsINS1M_IS13_vE10value_typeEvE10value_typeES1J_S1R_T10_S1E_S1E_iiT11_b' for 'sm_100'
ptxas info    : Function properties for _ZN3cub17_V_300500_SM_10006detail12batched_topk44device_segmented_topk_finalize_filter_kernelINS2_26policy_selector_from_typesIialLl8388608EEELNS1_4topk6selectE1EN4cuda3__417constant_iteratorIPKilEENSA_IPilEENSA_INS9_17counting_iteratorIjlLi0ELi0ELi0EEElEENS9_18transform_iteratorINS2_26per_segment_indexed_out_opINSA_IPKalEENSA_IPalEEEENSG_IlnLi0ELi0ELi0EEEEENS1_6params13uniform_paramIlLl0ELl268435456EEENSU_IlLl1ELl8388608EEENSU_IlLl1ELl1EEEPljPyNS1_21identity_decomposer_tEjjiEEvT1_T2_T3_T4_T5_T6_T7_T8_PKT9_PNS6_7counterIT14_T12_T13_EEPS1E_PS1D_PNS8_3std3__415iterator_traitsINS1M_IS13_vE10value_typeEvE10value_typeES1J_S1R_T10_S1E_S1E_iiT11_b
    0 bytes stack frame, 0 bytes spill stores, 0 bytes spill loads
ptxas info    : Used 52 registers, used 1 barriers, 8208 bytes smem
ptxas info    : Compile time = 30.039 ms
ptxas info    : Compiling entry function '_ZN3cub17_V_300500_SM_10006detail12batched_topk40device_segmented_topk_last_filter_kernelINS2_26policy_selector_from_typesIialLl8388608EEELNS1_4topk6selectE1EN4cuda3__417constant_iteratorIPKilEENSA_IPilEENSA_INS9_17counting_iteratorIjlLi0ELi0ELi0EEElEENS9_18transform_iteratorINS2_26per_segment_indexed_out_opINSA_IPKalEENSA_IPalEEEENSG_IlnLi0ELi0ELi0EEEEENS1_6params13uniform_paramIlLl0ELl268435456EEENSU_IlLl1ELl8388608EEENSU_IlLl1ELl1EEEPljPyNS1_21identity_decomposer_tEjjEEvT1_T2_T3_T4_T5_T6_T7_T8_PKT9_PNS6_7counterINS8_3std3__415iterator_traitsINS1F_IS11_vE10value_typeEvE10value_typeET12_T13_EEPS1J_PNS1F_INS1F_IS13_vE10value_typeEvE10value_typeES1K_T10_iiT11_' for 'sm_100'
ptxas info    : Function properties for _ZN3cub17_V_300500_SM_10006detail12batched_topk40device_segmented_topk_last_filter_kernelINS2_26policy_selector_from_typesIialLl8388608EEELNS1_4topk6selectE1EN4cuda3__417constant_iteratorIPKilEENSA_IPilEENSA_INS9_17counting_iteratorIjlLi0ELi0ELi0EEElEENS9_18transform_iteratorINS2_26per_segment_indexed_out_opINSA_IPKalEENSA_IPalEEEENSG_IlnLi0ELi0ELi0EEEEENS1_6params13uniform_paramIlLl0ELl268435456EEENSU_IlLl1ELl8388608EEENSU_IlLl1ELl1EEEPljPyNS1_21identity_decomposer_tEjjEEvT1_T2_T3_T4_T5_T6_T7_T8_PKT9_PNS6_7counterINS8_3std3__415iterator_traitsINS1F_IS11_vE10value_typeEvE10value_typeET12_T13_EEPS1J_PNS1F_INS1F_IS13_vE10value_typeEvE10value_typeES1K_T10_iiT11_
    0 bytes stack frame, 0 bytes spill stores, 0 bytes spill loads
ptxas info    : Used 40 registers, used 0 barriers
ptxas info    : Compile time = 32.227 ms
ptxas info    : Compiling entry function '_ZN3cub17_V_300500_SM_10006detail12batched_topk35device_segmented_topk_filter_kernelINS2_26policy_selector_from_typesIialLl8388608EEELNS1_4topk6selectE1EN4cuda3__417constant_iteratorIPKilEENSA_IPilEENSA_INS9_17counting_iteratorIjlLi0ELi0ELi0EEElEENS9_18transform_iteratorINS2_26per_segment_indexed_out_opINSA_IPKalEENSA_IPalEEEENSG_IlnLi0ELi0ELi0EEEEENS1_6params13uniform_paramIlLl0ELl268435456EEENSU_IlLl1ELl8388608EEENSU_IlLl1ELl1EEEPljPyNS1_21identity_decomposer_tEjjEEvT1_T2_T3_T4_T5_T6_T7_T8_PKT9_PNS6_7counterINS8_3std3__415iterator_traitsINS1F_IS11_vE10value_typeEvE10value_typeET12_T13_EEPS1K_PS1J_PNS1F_INS1F_IS13_vE10value_typeEvE10value_typeES1P_S1U_S1K_S1K_T10_iibT11_' for 'sm_100'
ptxas info    : Function properties for _ZN3cub17_V_300500_SM_10006detail12batched_topk35device_segmented_topk_filter_kernelINS2_26policy_selector_from_typesIialLl8388608EEELNS1_4topk6selectE1EN4cuda3__417constant_iteratorIPKilEENSA_IPilEENSA_INS9_17counting_iteratorIjlLi0ELi0ELi0EEElEENS9_18transform_iteratorINS2_26per_segment_indexed_out_opINSA_IPKalEENSA_IPalEEEENSG_IlnLi0ELi0ELi0EEEEENS1_6params13uniform_paramIlLl0ELl268435456EEENSU_IlLl1ELl8388608EEENSU_IlLl1ELl1EEEPljPyNS1_21identity_decomposer_tEjjEEvT1_T2_T3_T4_T5_T6_T7_T8_PKT9_PNS6_7counterINS8_3std3__415iterator_traitsINS1F_IS11_vE10value_typeEvE10value_typeET12_T13_EEPS1K_PS1J_PNS1F_INS1F_IS13_vE10value_typeEvE10value_typeES1P_S1U_S1K_S1K_T10_iibT11_
    0 bytes stack frame, 0 bytes spill stores, 0 bytes spill loads
ptxas info    : Used 40 registers, used 1 barriers, 8196 bytes smem
ptxas info    : Compile time = 29.115 ms
ptxas info    : Compiling entry function '_ZN3cub17_V_300500_SM_10006detail12batched_topk47device_segmented_topk_finalize_histogram_kernelINS2_26policy_selector_from_typesIialLl8388608EEEN4cuda3__417constant_iteratorIPKilEENS1_6params13uniform_paramIlLl0ELl268435456EEENSD_IlLl1ELl8388608EEENSD_IlLl1ELl1EEEPlPyNS1_4topk16extract_bin_op_tIiLNSJ_6selectE1ELi11ENS1_21identity_decomposer_tELb1EEEjjiEEvT0_T1_T2_T3_T4_PNSJ_7counterIT9_T7_T8_EEPSV_T5_T6_ib' for 'sm_100'
ptxas info    : Function properties for _ZN3cub17_V_300500_SM_10006detail12batched_topk47device_segmented_topk_finalize_histogram_kernelINS2_26policy_selector_from_typesIialLl8388608EEEN4cuda3__417constant_iteratorIPKilEENS1_6params13uniform_paramIlLl0ELl268435456EEENSD_IlLl1ELl8388608EEENSD_IlLl1ELl1EEEPlPyNS1_4topk16extract_bin_op_tIiLNSJ_6selectE1ELi11ENS1_21identity_decomposer_tELb1EEEjjiEEvT0_T1_T2_T3_T4_PNSJ_7counterIT9_T7_T8_EEPSV_T5_T6_ib
    0 bytes stack frame, 0 bytes spill stores, 0 bytes spill loads
ptxas info    : Used 40 registers, used 1 barriers, 8192 bytes smem
ptxas info    : Compile time = 9.471 ms
ptxas info    : Compiling entry function '_ZN3cub17_V_300500_SM_10006detail12batched_topk38device_segmented_topk_histogram_kernelINS2_26policy_selector_from_typesIialLl8388608EEEN4cuda3__417constant_iteratorIPKilEENS1_6params13uniform_paramIlLl0ELl268435456EEENSD_IlLl1ELl8388608EEENSD_IlLl1ELl1EEEPljPyNS1_4topk16extract_bin_op_tIiLNSJ_6selectE1ELi11ENS1_21identity_decomposer_tELb1EEEjjjEEvT0_T1_T2_T3_T4_PKT5_PNSJ_7counterINS6_3std3__415iterator_traitsINSZ_ISO_vE10value_typeEvE10value_typeET8_T9_EEPS14_T6_T7_' for 'sm_100'
ptxas info    : Function properties for _ZN3cub17_V_300500_SM_10006detail12batched_topk38device_segmented_topk_histogram_kernelINS2_26policy_selector_from_typesIialLl8388608EEEN4cuda3__417constant_iteratorIPKilEENS1_6params13uniform_paramIlLl0ELl268435456EEENSD_IlLl1ELl8388608EEENSD_IlLl1ELl1EEEPljPyNS1_4topk16extract_bin_op_tIiLNSJ_6selectE1ELi11ENS1_21identity_decomposer_tELb1EEEjjjEEvT0_T1_T2_T3_T4_PKT5_PNSJ_7counterINS6_3std3__415iterator_traitsINSZ_ISO_vE10value_typeEvE10value_typeET8_T9_EEPS14_T6_T7_
    0 bytes stack frame, 0 bytes spill stores, 0 bytes spill loads
ptxas info    : Used 30 registers, used 1 barriers, 8240 bytes smem
ptxas info    : Compile time = 24.524 ms
ptxas info    : Compiling entry function '_ZN3cub17_V_300500_SM_10006detail12batched_topk44device_segmented_topk_finalize_filter_kernelINS2_26policy_selector_from_typesIialLl8388608EEELNS1_4topk6selectE0EN4cuda3__417constant_iteratorIPKilEENSA_IPilEENSA_INS9_17counting_iteratorIjlLi0ELi0ELi0EEElEENS9_18transform_iteratorINS2_26per_segment_indexed_out_opINSA_IPKalEENSA_IPalEEEENSG_IlnLi0ELi0ELi0EEEEENS1_6params13uniform_paramIlLl0ELl268435456EEENSU_IlLl1ELl8388608EEENSU_IlLl1ELl1EEEPljPyNS1_21identity_decomposer_tEjjiEEvT1_T2_T3_T4_T5_T6_T7_T8_PKT9_PNS6_7counterIT14_T12_T13_EEPS1E_PS1D_PNS8_3std3__415iterator_traitsINS1M_IS13_vE10value_typeEvE10value_typeES1J_S1R_T10_S1E_S1E_iiT11_b' for 'sm_100'
ptxas info    : Function properties for _ZN3cub17_V_300500_SM_10006detail12batched_topk44device_segmented_topk_finalize_filter_kernelINS2_26policy_selector_from_typesIialLl8388608EEELNS1_4topk6selectE0EN4cuda3__417constant_iteratorIPKilEENSA_IPilEENSA_INS9_17counting_iteratorIjlLi0ELi0ELi0EEElEENS9_18transform_iteratorINS2_26per_segment_indexed_out_opINSA_IPKalEENSA_IPalEEEENSG_IlnLi0ELi0ELi0EEEEENS1_6params13uniform_paramIlLl0ELl268435456EEENSU_IlLl1ELl8388608EEENSU_IlLl1ELl1EEEPljPyNS1_21identity_decomposer_tEjjiEEvT1_T2_T3_T4_T5_T6_T7_T8_PKT9_PNS6_7counterIT14_T12_T13_EEPS1E_PS1D_PNS8_3std3__415iterator_traitsINS1M_IS13_vE10value_typeEvE10value_typeES1J_S1R_T10_S1E_S1E_iiT11_b
    0 bytes stack frame, 0 bytes spill stores, 0 bytes spill loads
ptxas info    : Used 52 registers, used 1 barriers, 8208 bytes smem
ptxas info    : Compile time = 30.081 ms
ptxas info    : Compiling entry function '_ZN3cub17_V_300500_SM_10006detail12batched_topk40device_segmented_topk_last_filter_kernelINS2_26policy_selector_from_typesIialLl8388608EEELNS1_4topk6selectE0EN4cuda3__417constant_iteratorIPKilEENSA_IPilEENSA_INS9_17counting_iteratorIjlLi0ELi0ELi0EEElEENS9_18transform_iteratorINS2_26per_segment_indexed_out_opINSA_IPKalEENSA_IPalEEEENSG_IlnLi0ELi0ELi0EEEEENS1_6params13uniform_paramIlLl0ELl268435456EEENSU_IlLl1ELl8388608EEENSU_IlLl1ELl1EEEPljPyNS1_21identity_decomposer_tEjjEEvT1_T2_T3_T4_T5_T6_T7_T8_PKT9_PNS6_7counterINS8_3std3__415iterator_traitsINS1F_IS11_vE10value_typeEvE10value_typeET12_T13_EEPS1J_PNS1F_INS1F_IS13_vE10value_typeEvE10value_typeES1K_T10_iiT11_' for 'sm_100'
ptxas info    : Function properties for _ZN3cub17_V_300500_SM_10006detail12batched_topk40device_segmented_topk_last_filter_kernelINS2_26policy_selector_from_typesIialLl8388608EEELNS1_4topk6selectE0EN4cuda3__417constant_iteratorIPKilEENSA_IPilEENSA_INS9_17counting_iteratorIjlLi0ELi0ELi0EEElEENS9_18transform_iteratorINS2_26per_segment_indexed_out_opINSA_IPKalEENSA_IPalEEEENSG_IlnLi0ELi0ELi0EEEEENS1_6params13uniform_paramIlLl0ELl268435456EEENSU_IlLl1ELl8388608EEENSU_IlLl1ELl1EEEPljPyNS1_21identity_decomposer_tEjjEEvT1_T2_T3_T4_T5_T6_T7_T8_PKT9_PNS6_7counterINS8_3std3__415iterator_traitsINS1F_IS11_vE10value_typeEvE10value_typeET12_T13_EEPS1J_PNS1F_INS1F_IS13_vE10value_typeEvE10value_typeES1K_T10_iiT11_
    0 bytes stack frame, 0 bytes spill stores, 0 bytes spill loads
ptxas info    : Used 40 registers, used 0 barriers
ptxas info    : Compile time = 32.254 ms
ptxas info    : Compiling entry function '_ZN3cub17_V_300500_SM_10006detail12batched_topk35device_segmented_topk_filter_kernelINS2_26policy_selector_from_typesIialLl8388608EEELNS1_4topk6selectE0EN4cuda3__417constant_iteratorIPKilEENSA_IPilEENSA_INS9_17counting_iteratorIjlLi0ELi0ELi0EEElEENS9_18transform_iteratorINS2_26per_segment_indexed_out_opINSA_IPKalEENSA_IPalEEEENSG_IlnLi0ELi0ELi0EEEEENS1_6params13uniform_paramIlLl0ELl268435456EEENSU_IlLl1ELl8388608EEENSU_IlLl1ELl1EEEPljPyNS1_21identity_decomposer_tEjjEEvT1_T2_T3_T4_T5_T6_T7_T8_PKT9_PNS6_7counterINS8_3std3__415iterator_traitsINS1F_IS11_vE10value_typeEvE10value_typeET12_T13_EEPS1K_PS1J_PNS1F_INS1F_IS13_vE10value_typeEvE10value_typeES1P_S1U_S1K_S1K_T10_iibT11_' for 'sm_100'
ptxas info    : Function properties for _ZN3cub17_V_300500_SM_10006detail12batched_topk35device_segmented_topk_filter_kernelINS2_26policy_selector_from_typesIialLl8388608EEELNS1_4topk6selectE0EN4cuda3__417constant_iteratorIPKilEENSA_IPilEENSA_INS9_17counting_iteratorIjlLi0ELi0ELi0EEElEENS9_18transform_iteratorINS2_26per_segment_indexed_out_opINSA_IPKalEENSA_IPalEEEENSG_IlnLi0ELi0ELi0EEEEENS1_6params13uniform_paramIlLl0ELl268435456EEENSU_IlLl1ELl8388608EEENSU_IlLl1ELl1EEEPljPyNS1_21identity_decomposer_tEjjEEvT1_T2_T3_T4_T5_T6_T7_T8_PKT9_PNS6_7counterINS8_3std3__415iterator_traitsINS1F_IS11_vE10value_typeEvE10value_typeET12_T13_EEPS1K_PS1J_PNS1F_INS1F_IS13_vE10value_typeEvE10value_typeES1P_S1U_S1K_S1K_T10_iibT11_
    0 bytes stack frame, 0 bytes spill stores, 0 bytes spill loads
ptxas info    : Used 40 registers, used 1 barriers, 8196 bytes smem
ptxas info    : Compile time = 29.088 ms
ptxas info    : Compiling entry function '_ZN3cub17_V_300500_SM_10006detail12batched_topk47device_segmented_topk_finalize_histogram_kernelINS2_26policy_selector_from_typesIialLl8388608EEEN4cuda3__417constant_iteratorIPKilEENS1_6params13uniform_paramIlLl0ELl268435456EEENSD_IlLl1ELl8388608EEENSD_IlLl1ELl1EEEPlPyNS1_4topk16extract_bin_op_tIiLNSJ_6selectE0ELi11ENS1_21identity_decomposer_tELb1EEEjjiEEvT0_T1_T2_T3_T4_PNSJ_7counterIT9_T7_T8_EEPSV_T5_T6_ib' for 'sm_100'
ptxas info    : Function properties for _ZN3cub17_V_300500_SM_10006detail12batched_topk47device_segmented_topk_finalize_histogram_kernelINS2_26policy_selector_from_typesIialLl8388608EEEN4cuda3__417constant_iteratorIPKilEENS1_6params13uniform_paramIlLl0ELl268435456EEENSD_IlLl1ELl8388608EEENSD_IlLl1ELl1EEEPlPyNS1_4topk16extract_bin_op_tIiLNSJ_6selectE0ELi11ENS1_21identity_decomposer_tELb1EEEjjiEEvT0_T1_T2_T3_T4_PNSJ_7counterIT9_T7_T8_EEPSV_T5_T6_ib
    0 bytes stack frame, 0 bytes spill stores, 0 bytes spill loads
ptxas info    : Used 40 registers, used 1 barriers, 8192 bytes smem
ptxas info    : Compile time = 10.845 ms
ptxas info    : Compiling entry function '_ZN3cub17_V_300500_SM_10006detail12batched_topk38device_segmented_topk_histogram_kernelINS2_26policy_selector_from_typesIialLl8388608EEEN4cuda3__417constant_iteratorIPKilEENS1_6params13uniform_paramIlLl0ELl268435456EEENSD_IlLl1ELl8388608EEENSD_IlLl1ELl1EEEPljPyNS1_4topk16extract_bin_op_tIiLNSJ_6selectE0ELi11ENS1_21identity_decomposer_tELb1EEEjjjEEvT0_T1_T2_T3_T4_PKT5_PNSJ_7counterINS6_3std3__415iterator_traitsINSZ_ISO_vE10value_typeEvE10value_typeET8_T9_EEPS14_T6_T7_' for 'sm_100'
ptxas info    : Function properties for _ZN3cub17_V_300500_SM_10006detail12batched_topk38device_segmented_topk_histogram_kernelINS2_26policy_selector_from_typesIialLl8388608EEEN4cuda3__417constant_iteratorIPKilEENS1_6params13uniform_paramIlLl0ELl268435456EEENSD_IlLl1ELl8388608EEENSD_IlLl1ELl1EEEPljPyNS1_4topk16extract_bin_op_tIiLNSJ_6selectE0ELi11ENS1_21identity_decomposer_tELb1EEEjjjEEvT0_T1_T2_T3_T4_PKT5_PNSJ_7counterINS6_3std3__415iterator_traitsINSZ_ISO_vE10value_typeEvE10value_typeET8_T9_EEPS14_T6_T7_
    0 bytes stack frame, 0 bytes spill stores, 0 bytes spill loads
ptxas info    : Used 30 registers, used 1 barriers, 8240 bytes smem
ptxas info    : Compile time = 23.743 ms
ptxas info    : Compiling entry function '_ZN3cub17_V_300500_SM_10006detail12batched_topk28device_segmented_topk_kernelINS2_26policy_selector_from_typesIialLl8388608EEEN4cuda3__417constant_iteratorIPKilEENS8_IPilEENS8_IPKalEENS8_IPalEENS1_6params13uniform_paramIlLl0ELl268435456EEENSK_IlLl1ELl8388608EEENSJ_22uniform_discrete_paramINS1_4topk6selectEJLSP_1EEEENSK_IlLl1ELl1EEEjEEvT0_T1_T2_T3_T4_T5_T6_T7_PNS2_21batched_topk_countersINSZ_10value_typeEEEPS11_PT8_' for 'sm_100'
ptxas info    : Function properties for _ZN3cub17_V_300500_SM_10006detail12batched_topk28device_segmented_topk_kernelINS2_26policy_selector_from_typesIialLl8388608EEEN4cuda3__417constant_iteratorIPKilEENS8_IPilEENS8_IPKalEENS8_IPalEENS1_6params13uniform_paramIlLl0ELl268435456EEENSK_IlLl1ELl8388608EEENSJ_22uniform_discrete_paramINS1_4topk6selectEJLSP_1EEEENSK_IlLl1ELl1EEEjEEvT0_T1_T2_T3_T4_T5_T6_T7_PNS2_21batched_topk_countersINSZ_10value_typeEEEPS11_PT8_
    32 bytes stack frame, 28 bytes spill stores, 28 bytes spill loads
ptxas info    : Used 255 registers, used 1 barriers, 32 bytes cumulative stack size, 33808 bytes smem
ptxas info    : Compile time = 126.521 ms
ptxas info    : Compiling entry function '_ZN3cub17_V_300500_SM_10006detail12batched_topk44device_segmented_topk_finalize_filter_kernelINS2_26policy_selector_from_typesIsllLl8388608EEELNS1_4topk6selectE1EN4cuda3__417constant_iteratorIPKslEENSA_IPslEENSA_INS9_17counting_iteratorIjlLi0ELi0ELi0EEElEENS9_18transform_iteratorINS2_26per_segment_indexed_out_opINSA_IPKllEENSA_IPllEEEENSG_IlnLi0ELi0ELi0EEEEENS1_6params13uniform_paramIlLl0ELl268435456EEENSU_IlLl1ELl8388608EEENSU_IlLl1ELl1EEESO_jPyNS1_21identity_decomposer_tEjjsEEvT1_T2_T3_T4_T5_T6_T7_T8_PKT9_PNS6_7counterIT14_T12_T13_EEPS1D_PS1C_PNS8_3std3__415iterator_traitsINS1L_IS12_vE10value_typeEvE10value_typeES1I_S1Q_T10_S1D_S1D_iiT11_b' for 'sm_100'
ptxas info    : Function properties for _ZN3cub17_V_300500_SM_10006detail12batched_topk44device_segmented_topk_finalize_filter_kernelINS2_26policy_selector_from_typesIsllLl8388608EEELNS1_4topk6selectE1EN4cuda3__417constant_iteratorIPKslEENSA_IPslEENSA_INS9_17counting_iteratorIjlLi0ELi0ELi0EEElEENS9_18transform_iteratorINS2_26per_segment_indexed_out_opINSA_IPKllEENSA_IPllEEEENSG_IlnLi0ELi0ELi0EEEEENS1_6params13uniform_paramIlLl0ELl268435456EEENSU_IlLl1ELl8388608EEENSU_IlLl1ELl1EEESO_jPyNS1_21identity_decomposer_tEjjsEEvT1_T2_T3_T4_T5_T6_T7_T8_PKT9_PNS6_7counterIT14_T12_T13_EEPS1D_PS1C_PNS8_3std3__415iterator_traitsINS1L_IS12_vE10value_typeEvE10value_typeES1I_S1Q_T10_S1D_S1D_iiT11_b
    0 bytes stack frame, 0 bytes spill stores, 0 bytes spill loads
ptxas info    : Used 64 registers, used 1 barriers, 8208 bytes smem
ptxas info    : Compile time = 46.550 ms
ptxas info    : Compiling entry function '_ZN3cub17_V_300500_SM_10006detail12batched_topk40device_segmented_topk_last_filter_kernelINS2_26policy_selector_from_typesIsllLl8388608EEELNS1_4topk6selectE1EN4cuda3__417constant_iteratorIPKslEENSA_IPslEENSA_INS9_17counting_iteratorIjlLi0ELi0ELi0EEElEENS9_18transform_iteratorINS2_26per_segment_indexed_out_opINSA_IPKllEENSA_IPllEEEENSG_IlnLi0ELi0ELi0EEEEENS1_6params13uniform_paramIlLl0ELl268435456EEENSU_IlLl1ELl8388608EEENSU_IlLl1ELl1EEESO_jPyNS1_21identity_decomposer_tEjjEEvT1_T2_T3_T4_T5_T6_T7_T8_PKT9_PNS6_7counterINS8_3std3__415iterator_traitsINS1E_IS10_vE10value_typeEvE10value_typeET12_T13_EEPS1I_PNS1E_INS1E_IS12_vE10value_typeEvE10value_typeES1J_T10_iiT11_' for 'sm_100'
ptxas info    : Function properties for _ZN3cub17_V_300500_SM_10006detail12batched_topk40device_segmented_topk_last_filter_kernelINS2_26policy_selector_from_typesIsllLl8388608EEELNS1_4topk6selectE1EN4cuda3__417constant_iteratorIPKslEENSA_IPslEENSA_INS9_17counting_iteratorIjlLi0ELi0ELi0EEElEENS9_18transform_iteratorINS2_26per_segment_indexed_out_opINSA_IPKllEENSA_IPllEEEENSG_IlnLi0ELi0ELi0EEEEENS1_6params13uniform_paramIlLl0ELl268435456EEENSU_IlLl1ELl8388608EEENSU_IlLl1ELl1EEESO_jPyNS1_21identity_decomposer_tEjjEEvT1_T2_T3_T4_T5_T6_T7_T8_PKT9_PNS6_7counterINS8_3std3__415iterator_traitsINS1E_IS10_vE10value_typeEvE10value_typeET12_T13_EEPS1I_PNS1E_INS1E_IS12_vE10value_typeEvE10value_typeES1J_T10_iiT11_
    0 bytes stack frame, 0 bytes spill stores, 0 bytes spill loads
ptxas info    : Used 56 registers, used 0 barriers
ptxas info    : Compile time = 58.038 ms
ptxas info    : Compiling entry function '_ZN3cub17_V_300500_SM_10006detail12batched_topk35device_segmented_topk_filter_kernelINS2_26policy_selector_from_typesIsllLl8388608EEELNS1_4topk6selectE1EN4cuda3__417constant_iteratorIPKslEENSA_IPslEENSA_INS9_17counting_iteratorIjlLi0ELi0ELi0EEElEENS9_18transform_iteratorINS2_26per_segment_indexed_out_opINSA_IPKllEENSA_IPllEEEENSG_IlnLi0ELi0ELi0EEEEENS1_6params13uniform_paramIlLl0ELl268435456EEENSU_IlLl1ELl8388608EEENSU_IlLl1ELl1EEESO_jPyNS1_21identity_decomposer_tEjjEEvT1_T2_T3_T4_T5_T6_T7_T8_PKT9_PNS6_7counterINS8_3std3__415iterator_traitsINS1E_IS10_vE10value_typeEvE10value_typeET12_T13_EEPS1J_PS1I_PNS1E_INS1E_IS12_vE10value_typeEvE10value_typeES1O_S1T_S1J_S1J_T10_iibT11_' for 'sm_100'
ptxas info    : Function properties for _ZN3cub17_V_300500_SM_10006detail12batched_topk35device_segmented_topk_filter_kernelINS2_26policy_selector_from_typesIsllLl8388608EEELNS1_4topk6selectE1EN4cuda3__417constant_iteratorIPKslEENSA_IPslEENSA_INS9_17counting_iteratorIjlLi0ELi0ELi0EEElEENS9_18transform_iteratorINS2_26per_segment_indexed_out_opINSA_IPKllEENSA_IPllEEEENSG_IlnLi0ELi0ELi0EEEEENS1_6params13uniform_paramIlLl0ELl268435456EEENSU_IlLl1ELl8388608EEENSU_IlLl1ELl1EEESO_jPyNS1_21identity_decomposer_tEjjEEvT1_T2_T3_T4_T5_T6_T7_T8_PKT9_PNS6_7counterINS8_3std3__415iterator_traitsINS1E_IS10_vE10value_typeEvE10value_typeET12_T13_EEPS1J_PS1I_PNS1E_INS1E_IS12_vE10value_typeEvE10value_typeES1O_S1T_S1J_S1J_T10_iibT11_
    0 bytes stack frame, 0 bytes spill stores, 0 bytes spill loads
ptxas info    : Used 58 registers, used 1 barriers, 8196 bytes smem
ptxas info    : Compile time = 43.580 ms
ptxas info    : Compiling entry function '_ZN3cub17_V_300500_SM_10006detail12batched_topk47device_segmented_topk_finalize_histogram_kernelINS2_26policy_selector_from_typesIsllLl8388608EEEN4cuda3__417constant_iteratorIPKslEENS1_6params13uniform_paramIlLl0ELl268435456EEENSD_IlLl1ELl8388608EEENSD_IlLl1ELl1EEEPlPyNS1_4topk16extract_bin_op_tIsLNSJ_6selectE1ELi11ENS1_21identity_decomposer_tELb1EEEjjsEEvT0_T1_T2_T3_T4_PNSJ_7counterIT9_T7_T8_EEPSV_T5_T6_ib' for 'sm_100'
ptxas info    : Function properties for _ZN3cub17_V_300500_SM_10006detail12batched_topk47device_segmented_topk_finalize_histogram_kernelINS2_26policy_selector_from_typesIsllLl8388608EEEN4cuda3__417constant_iteratorIPKslEENS1_6params13uniform_paramIlLl0ELl268435456EEENSD_IlLl1ELl8388608EEENSD_IlLl1ELl1EEEPlPyNS1_4topk16extract_bin_op_tIsLNSJ_6selectE1ELi11ENS1_21identity_decomposer_tELb1EEEjjsEEvT0_T1_T2_T3_T4_PNSJ_7counterIT9_T7_T8_EEPSV_T5_T6_ib
    0 bytes stack frame, 0 bytes spill stores, 0 bytes spill loads
ptxas info    : Used 32 registers, used 1 barriers, 8192 bytes smem
ptxas info    : Compile time = 10.656 ms
ptxas info    : Compiling entry function '_ZN3cub17_V_300500_SM_10006detail12batched_topk38device_segmented_topk_histogram_kernelINS2_26policy_selector_from_typesIsllLl8388608EEEN4cuda3__417constant_iteratorIPKslEENS1_6params13uniform_paramIlLl0ELl268435456EEENSD_IlLl1ELl8388608EEENSD_IlLl1ELl1EEEPljPyNS1_4topk16extract_bin_op_tIsLNSJ_6selectE1ELi11ENS1_21identity_decomposer_tELb1EEEjjjEEvT0_T1_T2_T3_T4_PKT5_PNSJ_7counterINS6_3std3__415iterator_traitsINSZ_ISO_vE10value_typeEvE10value_typeET8_T9_EEPS14_T6_T7_' for 'sm_100'
ptxas info    : Function properties for _ZN3cub17_V_300500_SM_10006detail12batched_topk38device_segmented_topk_histogram_kernelINS2_26policy_selector_from_typesIsllLl8388608EEEN4cuda3__417constant_iteratorIPKslEENS1_6params13uniform_paramIlLl0ELl268435456EEENSD_IlLl1ELl8388608EEENSD_IlLl1ELl1EEEPljPyNS1_4topk16extract_bin_op_tIsLNSJ_6selectE1ELi11ENS1_21identity_decomposer_tELb1EEEjjjEEvT0_T1_T2_T3_T4_PKT5_PNSJ_7counterINS6_3std3__415iterator_traitsINSZ_ISO_vE10value_typeEvE10value_typeET8_T9_EEPS14_T6_T7_
    0 bytes stack frame, 0 bytes spill stores, 0 bytes spill loads
ptxas info    : Used 28 registers, used 1 barriers, 8240 bytes smem
ptxas info    : Compile time = 38.713 ms
ptxas info    : Compiling entry function '_ZN3cub17_V_300500_SM_10006detail12batched_topk44device_segmented_topk_finalize_filter_kernelINS2_26policy_selector_from_typesIsllLl8388608EEELNS1_4topk6selectE0EN4cuda3__417constant_iteratorIPKslEENSA_IPslEENSA_INS9_17counting_iteratorIjlLi0ELi0ELi0EEElEENS9_18transform_iteratorINS2_26per_segment_indexed_out_opINSA_IPKllEENSA_IPllEEEENSG_IlnLi0ELi0ELi0EEEEENS1_6params13uniform_paramIlLl0ELl268435456EEENSU_IlLl1ELl8388608EEENSU_IlLl1ELl1EEESO_jPyNS1_21identity_decomposer_tEjjsEEvT1_T2_T3_T4_T5_T6_T7_T8_PKT9_PNS6_7counterIT14_T12_T13_EEPS1D_PS1C_PNS8_3std3__415iterator_traitsINS1L_IS12_vE10value_typeEvE10value_typeES1I_S1Q_T10_S1D_S1D_iiT11_b' for 'sm_100'
ptxas info    : Function properties for _ZN3cub17_V_300500_SM_10006detail12batched_topk44device_segmented_topk_finalize_filter_kernelINS2_26policy_selector_from_typesIsllLl8388608EEELNS1_4topk6selectE0EN4cuda3__417constant_iteratorIPKslEENSA_IPslEENSA_INS9_17counting_iteratorIjlLi0ELi0ELi0EEElEENS9_18transform_iteratorINS2_26per_segment_indexed_out_opINSA_IPKllEENSA_IPllEEEENSG_IlnLi0ELi0ELi0EEEEENS1_6params13uniform_paramIlLl0ELl268435456EEENSU_IlLl1ELl8388608EEENSU_IlLl1ELl1EEESO_jPyNS1_21identity_decomposer_tEjjsEEvT1_T2_T3_T4_T5_T6_T7_T8_PKT9_PNS6_7counterIT14_T12_T13_EEPS1D_PS1C_PNS8_3std3__415iterator_traitsINS1L_IS12_vE10value_typeEvE10value_typeES1I_S1Q_T10_S1D_S1D_iiT11_b
    0 bytes stack frame, 0 bytes spill stores, 0 bytes spill loads
ptxas info    : Used 64 registers, used 1 barriers, 8208 bytes smem
ptxas info    : Compile time = 46.770 ms
ptxas info    : Compiling entry function '_ZN3cub17_V_300500_SM_10006detail12batched_topk40device_segmented_topk_last_filter_kernelINS2_26policy_selector_from_typesIsllLl8388608EEELNS1_4topk6selectE0EN4cuda3__417constant_iteratorIPKslEENSA_IPslEENSA_INS9_17counting_iteratorIjlLi0ELi0ELi0EEElEENS9_18transform_iteratorINS2_26per_segment_indexed_out_opINSA_IPKllEENSA_IPllEEEENSG_IlnLi0ELi0ELi0EEEEENS1_6params13uniform_paramIlLl0ELl268435456EEENSU_IlLl1ELl8388608EEENSU_IlLl1ELl1EEESO_jPyNS1_21identity_decomposer_tEjjEEvT1_T2_T3_T4_T5_T6_T7_T8_PKT9_PNS6_7counterINS8_3std3__415iterator_traitsINS1E_IS10_vE10value_typeEvE10value_typeET12_T13_EEPS1I_PNS1E_INS1E_IS12_vE10value_typeEvE10value_typeES1J_T10_iiT11_' for 'sm_100'
ptxas info    : Function properties for _ZN3cub17_V_300500_SM_10006detail12batched_topk40device_segmented_topk_last_filter_kernelINS2_26policy_selector_from_typesIsllLl8388608EEELNS1_4topk6selectE0EN4cuda3__417constant_iteratorIPKslEENSA_IPslEENSA_INS9_17counting_iteratorIjlLi0ELi0ELi0EEElEENS9_18transform_iteratorINS2_26per_segment_indexed_out_opINSA_IPKllEENSA_IPllEEEENSG_IlnLi0ELi0ELi0EEEEENS1_6params13uniform_paramIlLl0ELl268435456EEENSU_IlLl1ELl8388608EEENSU_IlLl1ELl1EEESO_jPyNS1_21identity_decomposer_tEjjEEvT1_T2_T3_T4_T5_T6_T7_T8_PKT9_PNS6_7counterINS8_3std3__415iterator_traitsINS1E_IS10_vE10value_typeEvE10value_typeET12_T13_EEPS1I_PNS1E_INS1E_IS12_vE10value_typeEvE10value_typeES1J_T10_iiT11_
    0 bytes stack frame, 0 bytes spill stores, 0 bytes spill loads
ptxas info    : Used 56 registers, used 0 barriers
ptxas info    : Compile time = 58.488 ms
ptxas info    : Compiling entry function '_ZN3cub17_V_300500_SM_10006detail12batched_topk35device_segmented_topk_filter_kernelINS2_26policy_selector_from_typesIsllLl8388608EEELNS1_4topk6selectE0EN4cuda3__417constant_iteratorIPKslEENSA_IPslEENSA_INS9_17counting_iteratorIjlLi0ELi0ELi0EEElEENS9_18transform_iteratorINS2_26per_segment_indexed_out_opINSA_IPKllEENSA_IPllEEEENSG_IlnLi0ELi0ELi0EEEEENS1_6params13uniform_paramIlLl0ELl268435456EEENSU_IlLl1ELl8388608EEENSU_IlLl1ELl1EEESO_jPyNS1_21identity_decomposer_tEjjEEvT1_T2_T3_T4_T5_T6_T7_T8_PKT9_PNS6_7counterINS8_3std3__415iterator_traitsINS1E_IS10_vE10value_typeEvE10value_typeET12_T13_EEPS1J_PS1I_PNS1E_INS1E_IS12_vE10value_typeEvE10value_typeES1O_S1T_S1J_S1J_T10_iibT11_' for 'sm_100'
ptxas info    : Function properties for _ZN3cub17_V_300500_SM_10006detail12batched_topk35device_segmented_topk_filter_kernelINS2_26policy_selector_from_typesIsllLl8388608EEELNS1_4topk6selectE0EN4cuda3__417constant_iteratorIPKslEENSA_IPslEENSA_INS9_17counting_iteratorIjlLi0ELi0ELi0EEElEENS9_18transform_iteratorINS2_26per_segment_indexed_out_opINSA_IPKllEENSA_IPllEEEENSG_IlnLi0ELi0ELi0EEEEENS1_6params13uniform_paramIlLl0ELl268435456EEENSU_IlLl1ELl8388608EEENSU_IlLl1ELl1EEESO_jPyNS1_21identity_decomposer_tEjjEEvT1_T2_T3_T4_T5_T6_T7_T8_PKT9_PNS6_7counterINS8_3std3__415iterator_traitsINS1E_IS10_vE10value_typeEvE10value_typeET12_T13_EEPS1J_PS1I_PNS1E_INS1E_IS12_vE10value_typeEvE10value_typeES1O_S1T_S1J_S1J_T10_iibT11_
    0 bytes stack frame, 0 bytes spill stores, 0 bytes spill loads
ptxas info    : Used 58 registers, used 1 barriers, 8196 bytes smem
ptxas info    : Compile time = 44.027 ms
ptxas info    : Compiling entry function '_ZN3cub17_V_300500_SM_10006detail12batched_topk47device_segmented_topk_finalize_histogram_kernelINS2_26policy_selector_from_typesIsllLl8388608EEEN4cuda3__417constant_iteratorIPKslEENS1_6params13uniform_paramIlLl0ELl268435456EEENSD_IlLl1ELl8388608EEENSD_IlLl1ELl1EEEPlPyNS1_4topk16extract_bin_op_tIsLNSJ_6selectE0ELi11ENS1_21identity_decomposer_tELb1EEEjjsEEvT0_T1_T2_T3_T4_PNSJ_7counterIT9_T7_T8_EEPSV_T5_T6_ib' for 'sm_100'
ptxas info    : Function properties for _ZN3cub17_V_300500_SM_10006detail12batched_topk47device_segmented_topk_finalize_histogram_kernelINS2_26policy_selector_from_typesIsllLl8388608EEEN4cuda3__417constant_iteratorIPKslEENS1_6params13uniform_paramIlLl0ELl268435456EEENSD_IlLl1ELl8388608EEENSD_IlLl1ELl1EEEPlPyNS1_4topk16extract_bin_op_tIsLNSJ_6selectE0ELi11ENS1_21identity_decomposer_tELb1EEEjjsEEvT0_T1_T2_T3_T4_PNSJ_7counterIT9_T7_T8_EEPSV_T5_T6_ib
    0 bytes stack frame, 0 bytes spill stores, 0 bytes spill loads
ptxas info    : Used 32 registers, used 1 barriers, 8192 bytes smem
ptxas info    : Compile time = 10.675 ms
ptxas info    : Compiling entry function '_ZN3cub17_V_300500_SM_10006detail12batched_topk38device_segmented_topk_histogram_kernelINS2_26policy_selector_from_typesIsllLl8388608EEEN4cuda3__417constant_iteratorIPKslEENS1_6params13uniform_paramIlLl0ELl268435456EEENSD_IlLl1ELl8388608EEENSD_IlLl1ELl1EEEPljPyNS1_4topk16extract_bin_op_tIsLNSJ_6selectE0ELi11ENS1_21identity_decomposer_tELb1EEEjjjEEvT0_T1_T2_T3_T4_PKT5_PNSJ_7counterINS6_3std3__415iterator_traitsINSZ_ISO_vE10value_typeEvE10value_typeET8_T9_EEPS14_T6_T7_' for 'sm_100'
ptxas info    : Function properties for _ZN3cub17_V_300500_SM_10006detail12batched_topk38device_segmented_topk_histogram_kernelINS2_26policy_selector_from_typesIsllLl8388608EEEN4cuda3__417constant_iteratorIPKslEENS1_6params13uniform_paramIlLl0ELl268435456EEENSD_IlLl1ELl8388608EEENSD_IlLl1ELl1EEEPljPyNS1_4topk16extract_bin_op_tIsLNSJ_6selectE0ELi11ENS1_21identity_decomposer_tELb1EEEjjjEEvT0_T1_T2_T3_T4_PKT5_PNSJ_7counterINS6_3std3__415iterator_traitsINSZ_ISO_vE10value_typeEvE10value_typeET8_T9_EEPS14_T6_T7_
    0 bytes stack frame, 0 bytes spill stores, 0 bytes spill loads
ptxas info    : Used 28 registers, used 1 barriers, 8240 bytes smem
ptxas info    : Compile time = 38.437 ms
ptxas info    : Compiling entry function '_ZN3cub17_V_300500_SM_10006detail12batched_topk28device_segmented_topk_kernelINS2_26policy_selector_from_typesIsllLl8388608EEEN4cuda3__417constant_iteratorIPKslEENS8_IPslEENS8_IPKllEENS8_IPllEENS1_6params13uniform_paramIlLl0ELl268435456EEENSK_IlLl1ELl8388608EEENSJ_22uniform_discrete_paramINS1_4topk6selectEJLSP_1EEEENSK_IlLl1ELl1EEEjEEvT0_T1_T2_T3_T4_T5_T6_T7_PNS2_21batched_topk_countersINSZ_10value_typeEEEPS11_PT8_' for 'sm_100'
ptxas info    : Function properties for _ZN3cub17_V_300500_SM_10006detail12batched_topk28device_segmented_topk_kernelINS2_26policy_selector_from_typesIsllLl8388608EEEN4cuda3__417constant_iteratorIPKslEENS8_IPslEENS8_IPKllEENS8_IPllEENS1_6params13uniform_paramIlLl0ELl268435456EEENSK_IlLl1ELl8388608EEENSJ_22uniform_discrete_paramINS1_4topk6selectEJLSP_1EEEENSK_IlLl1ELl1EEEjEEvT0_T1_T2_T3_T4_T5_T6_T7_PNS2_21batched_topk_countersINSZ_10value_typeEEEPS11_PT8_
    0 bytes stack frame, 0 bytes spill stores, 0 bytes spill loads
ptxas info    : Used 196 registers, used 1 barriers, 33808 bytes smem
ptxas info    : Compile time = 63.811 ms
ptxas info    : Compiling entry function '_ZN3cub17_V_300500_SM_10006detail12batched_topk44device_segmented_topk_finalize_filter_kernelINS2_26policy_selector_from_typesIsilLl8388608EEELNS1_4topk6selectE1EN4cuda3__417constant_iteratorIPKslEENSA_IPslEENSA_INS9_17counting_iteratorIjlLi0ELi0ELi0EEElEENS9_18transform_iteratorINS2_26per_segment_indexed_out_opINSA_IPKilEENSA_IPilEEEENSG_IlnLi0ELi0ELi0EEEEENS1_6params13uniform_paramIlLl0ELl268435456EEENSU_IlLl1ELl8388608EEENSU_IlLl1ELl1EEEPljPyNS1_21identity_decomposer_tEjjsEEvT1_T2_T3_T4_T5_T6_T7_T8_PKT9_PNS6_7counterIT14_T12_T13_EEPS1E_PS1D_PNS8_3std3__415iterator_traitsINS1M_IS13_vE10value_typeEvE10value_typeES1J_S1R_T10_S1E_S1E_iiT11_b' for 'sm_100'
ptxas info    : Function properties for _ZN3cub17_V_300500_SM_10006detail12batched_topk44device_segmented_topk_finalize_filter_kernelINS2_26policy_selector_from_typesIsilLl8388608EEELNS1_4topk6selectE1EN4cuda3__417constant_iteratorIPKslEENSA_IPslEENSA_INS9_17counting_iteratorIjlLi0ELi0ELi0EEElEENS9_18transform_iteratorINS2_26per_segment_indexed_out_opINSA_IPKilEENSA_IPilEEEENSG_IlnLi0ELi0ELi0EEEEENS1_6params13uniform_paramIlLl0ELl268435456EEENSU_IlLl1ELl8388608EEENSU_IlLl1ELl1EEEPljPyNS1_21identity_decomposer_tEjjsEEvT1_T2_T3_T4_T5_T6_T7_T8_PKT9_PNS6_7counterIT14_T12_T13_EEPS1E_PS1D_PNS8_3std3__415iterator_traitsINS1M_IS13_vE10value_typeEvE10value_typeES1J_S1R_T10_S1E_S1E_iiT11_b
    0 bytes stack frame, 0 bytes spill stores, 0 bytes spill loads
ptxas info    : Used 64 registers, used 1 barriers, 8208 bytes smem
ptxas info    : Compile time = 46.657 ms
ptxas info    : Compiling entry function '_ZN3cub17_V_300500_SM_10006detail12batched_topk40device_segmented_topk_last_filter_kernelINS2_26policy_selector_from_typesIsilLl8388608EEELNS1_4topk6selectE1EN4cuda3__417constant_iteratorIPKslEENSA_IPslEENSA_INS9_17counting_iteratorIjlLi0ELi0ELi0EEElEENS9_18transform_iteratorINS2_26per_segment_indexed_out_opINSA_IPKilEENSA_IPilEEEENSG_IlnLi0ELi0ELi0EEEEENS1_6params13uniform_paramIlLl0ELl268435456EEENSU_IlLl1ELl8388608EEENSU_IlLl1ELl1EEEPljPyNS1_21identity_decomposer_tEjjEEvT1_T2_T3_T4_T5_T6_T7_T8_PKT9_PNS6_7counterINS8_3std3__415iterator_traitsINS1F_IS11_vE10value_typeEvE10value_typeET12_T13_EEPS1J_PNS1F_INS1F_IS13_vE10value_typeEvE10value_typeES1K_T10_iiT11_' for 'sm_100'
ptxas info    : Function properties for _ZN3cub17_V_300500_SM_10006detail12batched_topk40device_segmented_topk_last_filter_kernelINS2_26policy_selector_from_typesIsilLl8388608EEELNS1_4topk6selectE1EN4cuda3__417constant_iteratorIPKslEENSA_IPslEENSA_INS9_17counting_iteratorIjlLi0ELi0ELi0EEElEENS9_18transform_iteratorINS2_26per_segment_indexed_out_opINSA_IPKilEENSA_IPilEEEENSG_IlnLi0ELi0ELi0EEEEENS1_6params13uniform_paramIlLl0ELl268435456EEENSU_IlLl1ELl8388608EEENSU_IlLl1ELl1EEEPljPyNS1_21identity_decomposer_tEjjEEvT1_T2_T3_T4_T5_T6_T7_T8_PKT9_PNS6_7counterINS8_3std3__415iterator_traitsINS1F_IS11_vE10value_typeEvE10value_typeET12_T13_EEPS1J_PNS1F_INS1F_IS13_vE10value_typeEvE10value_typeES1K_T10_iiT11_
    0 bytes stack frame, 0 bytes spill stores, 0 bytes spill loads
ptxas info    : Used 56 registers, used 0 barriers
ptxas info    : Compile time = 58.165 ms
ptxas info    : Compiling entry function '_ZN3cub17_V_300500_SM_10006detail12batched_topk35device_segmented_topk_filter_kernelINS2_26policy_selector_from_typesIsilLl8388608EEELNS1_4topk6selectE1EN4cuda3__417constant_iteratorIPKslEENSA_IPslEENSA_INS9_17counting_iteratorIjlLi0ELi0ELi0EEElEENS9_18transform_iteratorINS2_26per_segment_indexed_out_opINSA_IPKilEENSA_IPilEEEENSG_IlnLi0ELi0ELi0EEEEENS1_6params13uniform_paramIlLl0ELl268435456EEENSU_IlLl1ELl8388608EEENSU_IlLl1ELl1EEEPljPyNS1_21identity_decomposer_tEjjEEvT1_T2_T3_T4_T5_T6_T7_T8_PKT9_PNS6_7counterINS8_3std3__415iterator_traitsINS1F_IS11_vE10value_typeEvE10value_typeET12_T13_EEPS1K_PS1J_PNS1F_INS1F_IS13_vE10value_typeEvE10value_typeES1P_S1U_S1K_S1K_T10_iibT11_' for 'sm_100'
ptxas info    : Function properties for _ZN3cub17_V_300500_SM_10006detail12batched_topk35device_segmented_topk_filter_kernelINS2_26policy_selector_from_typesIsilLl8388608EEELNS1_4topk6selectE1EN4cuda3__417constant_iteratorIPKslEENSA_IPslEENSA_INS9_17counting_iteratorIjlLi0ELi0ELi0EEElEENS9_18transform_iteratorINS2_26per_segment_indexed_out_opINSA_IPKilEENSA_IPilEEEENSG_IlnLi0ELi0ELi0EEEEENS1_6params13uniform_paramIlLl0ELl268435456EEENSU_IlLl1ELl8388608EEENSU_IlLl1ELl1EEEPljPyNS1_21identity_decomposer_tEjjEEvT1_T2_T3_T4_T5_T6_T7_T8_PKT9_PNS6_7counterINS8_3std3__415iterator_traitsINS1F_IS11_vE10value_typeEvE10value_typeET12_T13_EEPS1K_PS1J_PNS1F_INS1F_IS13_vE10value_typeEvE10value_typeES1P_S1U_S1K_S1K_T10_iibT11_
    0 bytes stack frame, 0 bytes spill stores, 0 bytes spill loads
ptxas info    : Used 58 registers, used 1 barriers, 8196 bytes smem
ptxas info    : Compile time = 43.543 ms
ptxas info    : Compiling entry function '_ZN3cub17_V_300500_SM_10006detail12batched_topk47device_segmented_topk_finalize_histogram_kernelINS2_26policy_selector_from_typesIsilLl8388608EEEN4cuda3__417constant_iteratorIPKslEENS1_6params13uniform_paramIlLl0ELl268435456EEENSD_IlLl1ELl8388608EEENSD_IlLl1ELl1EEEPlPyNS1_4topk16extract_bin_op_tIsLNSJ_6selectE1ELi11ENS1_21identity_decomposer_tELb1EEEjjsEEvT0_T1_T2_T3_T4_PNSJ_7counterIT9_T7_T8_EEPSV_T5_T6_ib' for 'sm_100'
ptxas info    : Function properties for _ZN3cub17_V_300500_SM_10006detail12batched_topk47device_segmented_topk_finalize_histogram_kernelINS2_26policy_selector_from_typesIsilLl8388608EEEN4cuda3__417constant_iteratorIPKslEENS1_6params13uniform_paramIlLl0ELl268435456EEENSD_IlLl1ELl8388608EEENSD_IlLl1ELl1EEEPlPyNS1_4topk16extract_bin_op_tIsLNSJ_6selectE1ELi11ENS1_21identity_decomposer_tELb1EEEjjsEEvT0_T1_T2_T3_T4_PNSJ_7counterIT9_T7_T8_EEPSV_T5_T6_ib
    0 bytes stack frame, 0 bytes spill stores, 0 bytes spill loads
ptxas info    : Used 32 registers, used 1 barriers, 8192 bytes smem
ptxas info    : Compile time = 10.664 ms
ptxas info    : Compiling entry function '_ZN3cub17_V_300500_SM_10006detail12batched_topk38device_segmented_topk_histogram_kernelINS2_26policy_selector_from_typesIsilLl8388608EEEN4cuda3__417constant_iteratorIPKslEENS1_6params13uniform_paramIlLl0ELl268435456EEENSD_IlLl1ELl8388608EEENSD_IlLl1ELl1EEEPljPyNS1_4topk16extract_bin_op_tIsLNSJ_6selectE1ELi11ENS1_21identity_decomposer_tELb1EEEjjjEEvT0_T1_T2_T3_T4_PKT5_PNSJ_7counterINS6_3std3__415iterator_traitsINSZ_ISO_vE10value_typeEvE10value_typeET8_T9_EEPS14_T6_T7_' for 'sm_100'
ptxas info    : Function properties for _ZN3cub17_V_300500_SM_10006detail12batched_topk38device_segmented_topk_histogram_kernelINS2_26policy_selector_from_typesIsilLl8388608EEEN4cuda3__417constant_iteratorIPKslEENS1_6params13uniform_paramIlLl0ELl268435456EEENSD_IlLl1ELl8388608EEENSD_IlLl1ELl1EEEPljPyNS1_4topk16extract_bin_op_tIsLNSJ_6selectE1ELi11ENS1_21identity_decomposer_tELb1EEEjjjEEvT0_T1_T2_T3_T4_PKT5_PNSJ_7counterINS6_3std3__415iterator_traitsINSZ_ISO_vE10value_typeEvE10value_typeET8_T9_EEPS14_T6_T7_
    0 bytes stack frame, 0 bytes spill stores, 0 bytes spill loads
ptxas info    : Used 28 registers, used 1 barriers, 8240 bytes smem
ptxas info    : Compile time = 38.427 ms
ptxas info    : Compiling entry function '_ZN3cub17_V_300500_SM_10006detail12batched_topk44device_segmented_topk_finalize_filter_kernelINS2_26policy_selector_from_typesIsilLl8388608EEELNS1_4topk6selectE0EN4cuda3__417constant_iteratorIPKslEENSA_IPslEENSA_INS9_17counting_iteratorIjlLi0ELi0ELi0EEElEENS9_18transform_iteratorINS2_26per_segment_indexed_out_opINSA_IPKilEENSA_IPilEEEENSG_IlnLi0ELi0ELi0EEEEENS1_6params13uniform_paramIlLl0ELl268435456EEENSU_IlLl1ELl8388608EEENSU_IlLl1ELl1EEEPljPyNS1_21identity_decomposer_tEjjsEEvT1_T2_T3_T4_T5_T6_T7_T8_PKT9_PNS6_7counterIT14_T12_T13_EEPS1E_PS1D_PNS8_3std3__415iterator_traitsINS1M_IS13_vE10value_typeEvE10value_typeES1J_S1R_T10_S1E_S1E_iiT11_b' for 'sm_100'
ptxas info    : Function properties for _ZN3cub17_V_300500_SM_10006detail12batched_topk44device_segmented_topk_finalize_filter_kernelINS2_26policy_selector_from_typesIsilLl8388608EEELNS1_4topk6selectE0EN4cuda3__417constant_iteratorIPKslEENSA_IPslEENSA_INS9_17counting_iteratorIjlLi0ELi0ELi0EEElEENS9_18transform_iteratorINS2_26per_segment_indexed_out_opINSA_IPKilEENSA_IPilEEEENSG_IlnLi0ELi0ELi0EEEEENS1_6params13uniform_paramIlLl0ELl268435456EEENSU_IlLl1ELl8388608EEENSU_IlLl1ELl1EEEPljPyNS1_21identity_decomposer_tEjjsEEvT1_T2_T3_T4_T5_T6_T7_T8_PKT9_PNS6_7counterIT14_T12_T13_EEPS1E_PS1D_PNS8_3std3__415iterator_traitsINS1M_IS13_vE10value_typeEvE10value_typeES1J_S1R_T10_S1E_S1E_iiT11_b
    0 bytes stack frame, 0 bytes spill stores, 0 bytes spill loads
ptxas info    : Used 64 registers, used 1 barriers, 8208 bytes smem
ptxas info    : Compile time = 46.574 ms
ptxas info    : Compiling entry function '_ZN3cub17_V_300500_SM_10006detail12batched_topk40device_segmented_topk_last_filter_kernelINS2_26policy_selector_from_typesIsilLl8388608EEELNS1_4topk6selectE0EN4cuda3__417constant_iteratorIPKslEENSA_IPslEENSA_INS9_17counting_iteratorIjlLi0ELi0ELi0EEElEENS9_18transform_iteratorINS2_26per_segment_indexed_out_opINSA_IPKilEENSA_IPilEEEENSG_IlnLi0ELi0ELi0EEEEENS1_6params13uniform_paramIlLl0ELl268435456EEENSU_IlLl1ELl8388608EEENSU_IlLl1ELl1EEEPljPyNS1_21identity_decomposer_tEjjEEvT1_T2_T3_T4_T5_T6_T7_T8_PKT9_PNS6_7counterINS8_3std3__415iterator_traitsINS1F_IS11_vE10value_typeEvE10value_typeET12_T13_EEPS1J_PNS1F_INS1F_IS13_vE10value_typeEvE10value_typeES1K_T10_iiT11_' for 'sm_100'
ptxas info    : Function properties for _ZN3cub17_V_300500_SM_10006detail12batched_topk40device_segmented_topk_last_filter_kernelINS2_26policy_selector_from_typesIsilLl8388608EEELNS1_4topk6selectE0EN4cuda3__417constant_iteratorIPKslEENSA_IPslEENSA_INS9_17counting_iteratorIjlLi0ELi0ELi0EEElEENS9_18transform_iteratorINS2_26per_segment_indexed_out_opINSA_IPKilEENSA_IPilEEEENSG_IlnLi0ELi0ELi0EEEEENS1_6params13uniform_paramIlLl0ELl268435456EEENSU_IlLl1ELl8388608EEENSU_IlLl1ELl1EEEPljPyNS1_21identity_decomposer_tEjjEEvT1_T2_T3_T4_T5_T6_T7_T8_PKT9_PNS6_7counterINS8_3std3__415iterator_traitsINS1F_IS11_vE10value_typeEvE10value_typeET12_T13_EEPS1J_PNS1F_INS1F_IS13_vE10value_typeEvE10value_typeES1K_T10_iiT11_
    0 bytes stack frame, 0 bytes spill stores, 0 bytes spill loads
ptxas info    : Used 56 registers, used 0 barriers
ptxas info    : Compile time = 58.185 ms
ptxas info    : Compiling entry function '_ZN3cub17_V_300500_SM_10006detail12batched_topk35device_segmented_topk_filter_kernelINS2_26policy_selector_from_typesIsilLl8388608EEELNS1_4topk6selectE0EN4cuda3__417constant_iteratorIPKslEENSA_IPslEENSA_INS9_17counting_iteratorIjlLi0ELi0ELi0EEElEENS9_18transform_iteratorINS2_26per_segment_indexed_out_opINSA_IPKilEENSA_IPilEEEENSG_IlnLi0ELi0ELi0EEEEENS1_6params13uniform_paramIlLl0ELl268435456EEENSU_IlLl1ELl8388608EEENSU_IlLl1ELl1EEEPljPyNS1_21identity_decomposer_tEjjEEvT1_T2_T3_T4_T5_T6_T7_T8_PKT9_PNS6_7counterINS8_3std3__415iterator_traitsINS1F_IS11_vE10value_typeEvE10value_typeET12_T13_EEPS1K_PS1J_PNS1F_INS1F_IS13_vE10value_typeEvE10value_typeES1P_S1U_S1K_S1K_T10_iibT11_' for 'sm_100'
ptxas info    : Function properties for _ZN3cub17_V_300500_SM_10006detail12batched_topk35device_segmented_topk_filter_kernelINS2_26policy_selector_from_typesIsilLl8388608EEELNS1_4topk6selectE0EN4cuda3__417constant_iteratorIPKslEENSA_IPslEENSA_INS9_17counting_iteratorIjlLi0ELi0ELi0EEElEENS9_18transform_iteratorINS2_26per_segment_indexed_out_opINSA_IPKilEENSA_IPilEEEENSG_IlnLi0ELi0ELi0EEEEENS1_6params13uniform_paramIlLl0ELl268435456EEENSU_IlLl1ELl8388608EEENSU_IlLl1ELl1EEEPljPyNS1_21identity_decomposer_tEjjEEvT1_T2_T3_T4_T5_T6_T7_T8_PKT9_PNS6_7counterINS8_3std3__415iterator_traitsINS1F_IS11_vE10value_typeEvE10value_typeET12_T13_EEPS1K_PS1J_PNS1F_INS1F_IS13_vE10value_typeEvE10value_typeES1P_S1U_S1K_S1K_T10_iibT11_
    0 bytes stack frame, 0 bytes spill stores, 0 bytes spill loads
ptxas info    : Used 58 registers, used 1 barriers, 8196 bytes smem
ptxas info    : Compile time = 43.632 ms
ptxas info    : Compiling entry function '_ZN3cub17_V_300500_SM_10006detail12batched_topk47device_segmented_topk_finalize_histogram_kernelINS2_26policy_selector_from_typesIsilLl8388608EEEN4cuda3__417constant_iteratorIPKslEENS1_6params13uniform_paramIlLl0ELl268435456EEENSD_IlLl1ELl8388608EEENSD_IlLl1ELl1EEEPlPyNS1_4topk16extract_bin_op_tIsLNSJ_6selectE0ELi11ENS1_21identity_decomposer_tELb1EEEjjsEEvT0_T1_T2_T3_T4_PNSJ_7counterIT9_T7_T8_EEPSV_T5_T6_ib' for 'sm_100'
ptxas info    : Function properties for _ZN3cub17_V_300500_SM_10006detail12batched_topk47device_segmented_topk_finalize_histogram_kernelINS2_26policy_selector_from_typesIsilLl8388608EEEN4cuda3__417constant_iteratorIPKslEENS1_6params13uniform_paramIlLl0ELl268435456EEENSD_IlLl1ELl8388608EEENSD_IlLl1ELl1EEEPlPyNS1_4topk16extract_bin_op_tIsLNSJ_6selectE0ELi11ENS1_21identity_decomposer_tELb1EEEjjsEEvT0_T1_T2_T3_T4_PNSJ_7counterIT9_T7_T8_EEPSV_T5_T6_ib
    0 bytes stack frame, 0 bytes spill stores, 0 bytes spill loads
ptxas info    : Used 32 registers, used 1 barriers, 8192 bytes smem
ptxas info    : Compile time = 10.694 ms
ptxas info    : Compiling entry function '_ZN3cub17_V_300500_SM_10006detail12batched_topk38device_segmented_topk_histogram_kernelINS2_26policy_selector_from_typesIsilLl8388608EEEN4cuda3__417constant_iteratorIPKslEENS1_6params13uniform_paramIlLl0ELl268435456EEENSD_IlLl1ELl8388608EEENSD_IlLl1ELl1EEEPljPyNS1_4topk16extract_bin_op_tIsLNSJ_6selectE0ELi11ENS1_21identity_decomposer_tELb1EEEjjjEEvT0_T1_T2_T3_T4_PKT5_PNSJ_7counterINS6_3std3__415iterator_traitsINSZ_ISO_vE10value_typeEvE10value_typeET8_T9_EEPS14_T6_T7_' for 'sm_100'
ptxas info    : Function properties for _ZN3cub17_V_300500_SM_10006detail12batched_topk38device_segmented_topk_histogram_kernelINS2_26policy_selector_from_typesIsilLl8388608EEEN4cuda3__417constant_iteratorIPKslEENS1_6params13uniform_paramIlLl0ELl268435456EEENSD_IlLl1ELl8388608EEENSD_IlLl1ELl1EEEPljPyNS1_4topk16extract_bin_op_tIsLNSJ_6selectE0ELi11ENS1_21identity_decomposer_tELb1EEEjjjEEvT0_T1_T2_T3_T4_PKT5_PNSJ_7counterINS6_3std3__415iterator_traitsINSZ_ISO_vE10value_typeEvE10value_typeET8_T9_EEPS14_T6_T7_
    0 bytes stack frame, 0 bytes spill stores, 0 bytes spill loads
ptxas info    : Used 28 registers, used 1 barriers, 8240 bytes smem
ptxas info    : Compile time = 38.508 ms
ptxas info    : Compiling entry function '_ZN3cub17_V_300500_SM_10006detail12batched_topk28device_segmented_topk_kernelINS2_26policy_selector_from_typesIsilLl8388608EEEN4cuda3__417constant_iteratorIPKslEENS8_IPslEENS8_IPKilEENS8_IPilEENS1_6params13uniform_paramIlLl0ELl268435456EEENSK_IlLl1ELl8388608EEENSJ_22uniform_discrete_paramINS1_4topk6selectEJLSP_1EEEENSK_IlLl1ELl1EEEjEEvT0_T1_T2_T3_T4_T5_T6_T7_PNS2_21batched_topk_countersINSZ_10value_typeEEEPS11_PT8_' for 'sm_100'
ptxas info    : Function properties for _ZN3cub17_V_300500_SM_10006detail12batched_topk28device_segmented_topk_kernelINS2_26policy_selector_from_typesIsilLl8388608EEEN4cuda3__417constant_iteratorIPKslEENS8_IPslEENS8_IPKilEENS8_IPilEENS1_6params13uniform_paramIlLl0ELl268435456EEENSK_IlLl1ELl8388608EEENSJ_22uniform_discrete_paramINS1_4topk6selectEJLSP_1EEEENSK_IlLl1ELl1EEEjEEvT0_T1_T2_T3_T4_T5_T6_T7_PNS2_21batched_topk_countersINSZ_10value_typeEEEPS11_PT8_
    128 bytes stack frame, 124 bytes spill stores, 124 bytes spill loads
ptxas info    : Used 255 registers, used 1 barriers, 128 bytes cumulative stack size, 33808 bytes smem
ptxas info    : Compile time = 133.821 ms
ptxas info    : Compiling entry function '_ZN3cub17_V_300500_SM_10006detail12batched_topk44device_segmented_topk_finalize_filter_kernelINS2_26policy_selector_from_typesIsslLl8388608EEELNS1_4topk6selectE1EN4cuda3__417constant_iteratorIPKslEENSA_IPslEENSA_INS9_17counting_iteratorIjlLi0ELi0ELi0EEElEENS9_18transform_iteratorINS2_26per_segment_indexed_out_opISD_SF_EENSG_IlnLi0ELi0ELi0EEEEENS1_6params13uniform_paramIlLl0ELl268435456EEENSP_IlLl1ELl8388608EEENSP_IlLl1ELl1EEEPljPyNS1_21identity_decomposer_tEjjsEEvT1_T2_T3_T4_T5_T6_T7_T8_PKT9_PNS6_7counterIT14_T12_T13_EEPS19_PS18_PNS8_3std3__415iterator_traitsINS1H_ISY_vE10value_typeEvE10value_typeES1E_S1M_T10_S19_S19_iiT11_b' for 'sm_100'
ptxas info    : Function properties for _ZN3cub17_V_300500_SM_10006detail12batched_topk44device_segmented_topk_finalize_filter_kernelINS2_26policy_selector_from_typesIsslLl8388608EEELNS1_4topk6selectE1EN4cuda3__417constant_iteratorIPKslEENSA_IPslEENSA_INS9_17counting_iteratorIjlLi0ELi0ELi0EEElEENS9_18transform_iteratorINS2_26per_segment_indexed_out_opISD_SF_EENSG_IlnLi0ELi0ELi0EEEEENS1_6params13uniform_paramIlLl0ELl268435456EEENSP_IlLl1ELl8388608EEENSP_IlLl1ELl1EEEPljPyNS1_21identity_decomposer_tEjjsEEvT1_T2_T3_T4_T5_T6_T7_T8_PKT9_PNS6_7counterIT14_T12_T13_EEPS19_PS18_PNS8_3std3__415iterator_traitsINS1H_ISY_vE10value_typeEvE10value_typeES1E_S1M_T10_S19_S19_iiT11_b
    0 bytes stack frame, 0 bytes spill stores, 0 bytes spill loads
ptxas info    : Used 64 registers, used 1 barriers, 8208 bytes smem
ptxas info    : Compile time = 48.570 ms
ptxas info    : Compiling entry function '_ZN3cub17_V_300500_SM_10006detail12batched_topk40device_segmented_topk_last_filter_kernelINS2_26policy_selector_from_typesIsslLl8388608EEELNS1_4topk6selectE1EN4cuda3__417constant_iteratorIPKslEENSA_IPslEENSA_INS9_17counting_iteratorIjlLi0ELi0ELi0EEElEENS9_18transform_iteratorINS2_26per_segment_indexed_out_opISD_SF_EENSG_IlnLi0ELi0ELi0EEEEENS1_6params13uniform_paramIlLl0ELl268435456EEENSP_IlLl1ELl8388608EEENSP_IlLl1ELl1EEEPljPyNS1_21identity_decomposer_tEjjEEvT1_T2_T3_T4_T5_T6_T7_T8_PKT9_PNS6_7counterINS8_3std3__415iterator_traitsINS1A_ISW_vE10value_typeEvE10value_typeET12_T13_EEPS1E_PNS1A_INS1A_ISY_vE10value_typeEvE10value_typeES1F_T10_iiT11_' for 'sm_100'
ptxas info    : Function properties for _ZN3cub17_V_300500_SM_10006detail12batched_topk40device_segmented_topk_last_filter_kernelINS2_26policy_selector_from_typesIsslLl8388608EEELNS1_4topk6selectE1EN4cuda3__417constant_iteratorIPKslEENSA_IPslEENSA_INS9_17counting_iteratorIjlLi0ELi0ELi0EEElEENS9_18transform_iteratorINS2_26per_segment_indexed_out_opISD_SF_EENSG_IlnLi0ELi0ELi0EEEEENS1_6params13uniform_paramIlLl0ELl268435456EEENSP_IlLl1ELl8388608EEENSP_IlLl1ELl1EEEPljPyNS1_21identity_decomposer_tEjjEEvT1_T2_T3_T4_T5_T6_T7_T8_PKT9_PNS6_7counterINS8_3std3__415iterator_traitsINS1A_ISW_vE10value_typeEvE10value_typeET12_T13_EEPS1E_PNS1A_INS1A_ISY_vE10value_typeEvE10value_typeES1F_T10_iiT11_
    0 bytes stack frame, 0 bytes spill stores, 0 bytes spill loads
ptxas info    : Used 56 registers, used 0 barriers
ptxas info    : Compile time = 58.569 ms
ptxas info    : Compiling entry function '_ZN3cub17_V_300500_SM_10006detail12batched_topk35device_segmented_topk_filter_kernelINS2_26policy_selector_from_typesIsslLl8388608EEELNS1_4topk6selectE1EN4cuda3__417constant_iteratorIPKslEENSA_IPslEENSA_INS9_17counting_iteratorIjlLi0ELi0ELi0EEElEENS9_18transform_iteratorINS2_26per_segment_indexed_out_opISD_SF_EENSG_IlnLi0ELi0ELi0EEEEENS1_6params13uniform_paramIlLl0ELl268435456EEENSP_IlLl1ELl8388608EEENSP_IlLl1ELl1EEEPljPyNS1_21identity_decomposer_tEjjEEvT1_T2_T3_T4_T5_T6_T7_T8_PKT9_PNS6_7counterINS8_3std3__415iterator_traitsINS1A_ISW_vE10value_typeEvE10value_typeET12_T13_EEPS1F_PS1E_PNS1A_INS1A_ISY_vE10value_typeEvE10value_typeES1K_S1P_S1F_S1F_T10_iibT11_' for 'sm_100'
ptxas info    : Function properties for _ZN3cub17_V_300500_SM_10006detail12batched_topk35device_segmented_topk_filter_kernelINS2_26policy_selector_from_typesIsslLl8388608EEELNS1_4topk6selectE1EN4cuda3__417constant_iteratorIPKslEENSA_IPslEENSA_INS9_17counting_iteratorIjlLi0ELi0ELi0EEElEENS9_18transform_iteratorINS2_26per_segment_indexed_out_opISD_SF_EENSG_IlnLi0ELi0ELi0EEEEENS1_6params13uniform_paramIlLl0ELl268435456EEENSP_IlLl1ELl8388608EEENSP_IlLl1ELl1EEEPljPyNS1_21identity_decomposer_tEjjEEvT1_T2_T3_T4_T5_T6_T7_T8_PKT9_PNS6_7counterINS8_3std3__415iterator_traitsINS1A_ISW_vE10value_typeEvE10value_typeET12_T13_EEPS1F_PS1E_PNS1A_INS1A_ISY_vE10value_typeEvE10value_typeES1K_S1P_S1F_S1F_T10_iibT11_
    0 bytes stack frame, 0 bytes spill stores, 0 bytes spill loads
ptxas info    : Used 58 registers, used 1 barriers, 8196 bytes smem
ptxas info    : Compile time = 43.561 ms
ptxas info    : Compiling entry function '_ZN3cub17_V_300500_SM_10006detail12batched_topk47device_segmented_topk_finalize_histogram_kernelINS2_26policy_selector_from_typesIsslLl8388608EEEN4cuda3__417constant_iteratorIPKslEENS1_6params13uniform_paramIlLl0ELl268435456EEENSD_IlLl1ELl8388608EEENSD_IlLl1ELl1EEEPlPyNS1_4topk16extract_bin_op_tIsLNSJ_6selectE1ELi11ENS1_21identity_decomposer_tELb1EEEjjsEEvT0_T1_T2_T3_T4_PNSJ_7counterIT9_T7_T8_EEPSV_T5_T6_ib' for 'sm_100'
ptxas info    : Function properties for _ZN3cub17_V_300500_SM_10006detail12batched_topk47device_segmented_topk_finalize_histogram_kernelINS2_26policy_selector_from_typesIsslLl8388608EEEN4cuda3__417constant_iteratorIPKslEENS1_6params13uniform_paramIlLl0ELl268435456EEENSD_IlLl1ELl8388608EEENSD_IlLl1ELl1EEEPlPyNS1_4topk16extract_bin_op_tIsLNSJ_6selectE1ELi11ENS1_21identity_decomposer_tELb1EEEjjsEEvT0_T1_T2_T3_T4_PNSJ_7counterIT9_T7_T8_EEPSV_T5_T6_ib
    0 bytes stack frame, 0 bytes spill stores, 0 bytes spill loads
ptxas info    : Used 32 registers, used 1 barriers, 8192 bytes smem
ptxas info    : Compile time = 10.690 ms
ptxas info    : Compiling entry function '_ZN3cub17_V_300500_SM_10006detail12batched_topk38device_segmented_topk_histogram_kernelINS2_26policy_selector_from_typesIsslLl8388608EEEN4cuda3__417constant_iteratorIPKslEENS1_6params13uniform_paramIlLl0ELl268435456EEENSD_IlLl1ELl8388608EEENSD_IlLl1ELl1EEEPljPyNS1_4topk16extract_bin_op_tIsLNSJ_6selectE1ELi11ENS1_21identity_decomposer_tELb1EEEjjjEEvT0_T1_T2_T3_T4_PKT5_PNSJ_7counterINS6_3std3__415iterator_traitsINSZ_ISO_vE10value_typeEvE10value_typeET8_T9_EEPS14_T6_T7_' for 'sm_100'
ptxas info    : Function properties for _ZN3cub17_V_300500_SM_10006detail12batched_topk38device_segmented_topk_histogram_kernelINS2_26policy_selector_from_typesIsslLl8388608EEEN4cuda3__417constant_iteratorIPKslEENS1_6params13uniform_paramIlLl0ELl268435456EEENSD_IlLl1ELl8388608EEENSD_IlLl1ELl1EEEPljPyNS1_4topk16extract_bin_op_tIsLNSJ_6selectE1ELi11ENS1_21identity_decomposer_tELb1EEEjjjEEvT0_T1_T2_T3_T4_PKT5_PNSJ_7counterINS6_3std3__415iterator_traitsINSZ_ISO_vE10value_typeEvE10value_typeET8_T9_EEPS14_T6_T7_
    0 bytes stack frame, 0 bytes spill stores, 0 bytes spill loads
ptxas info    : Used 28 registers, used 1 barriers, 8240 bytes smem
ptxas info    : Compile time = 38.437 ms
ptxas info    : Compiling entry function '_ZN3cub17_V_300500_SM_10006detail12batched_topk44device_segmented_topk_finalize_filter_kernelINS2_26policy_selector_from_typesIsslLl8388608EEELNS1_4topk6selectE0EN4cuda3__417constant_iteratorIPKslEENSA_IPslEENSA_INS9_17counting_iteratorIjlLi0ELi0ELi0EEElEENS9_18transform_iteratorINS2_26per_segment_indexed_out_opISD_SF_EENSG_IlnLi0ELi0ELi0EEEEENS1_6params13uniform_paramIlLl0ELl268435456EEENSP_IlLl1ELl8388608EEENSP_IlLl1ELl1EEEPljPyNS1_21identity_decomposer_tEjjsEEvT1_T2_T3_T4_T5_T6_T7_T8_PKT9_PNS6_7counterIT14_T12_T13_EEPS19_PS18_PNS8_3std3__415iterator_traitsINS1H_ISY_vE10value_typeEvE10value_typeES1E_S1M_T10_S19_S19_iiT11_b' for 'sm_100'
ptxas info    : Function properties for _ZN3cub17_V_300500_SM_10006detail12batched_topk44device_segmented_topk_finalize_filter_kernelINS2_26policy_selector_from_typesIsslLl8388608EEELNS1_4topk6selectE0EN4cuda3__417constant_iteratorIPKslEENSA_IPslEENSA_INS9_17counting_iteratorIjlLi0ELi0ELi0EEElEENS9_18transform_iteratorINS2_26per_segment_indexed_out_opISD_SF_EENSG_IlnLi0ELi0ELi0EEEEENS1_6params13uniform_paramIlLl0ELl268435456EEENSP_IlLl1ELl8388608EEENSP_IlLl1ELl1EEEPljPyNS1_21identity_decomposer_tEjjsEEvT1_T2_T3_T4_T5_T6_T7_T8_PKT9_PNS6_7counterIT14_T12_T13_EEPS19_PS18_PNS8_3std3__415iterator_traitsINS1H_ISY_vE10value_typeEvE10value_typeES1E_S1M_T10_S19_S19_iiT11_b
    0 bytes stack frame, 0 bytes spill stores, 0 bytes spill loads
ptxas info    : Used 64 registers, used 1 barriers, 8208 bytes smem
ptxas info    : Compile time = 46.565 ms
ptxas info    : Compiling entry function '_ZN3cub17_V_300500_SM_10006detail12batched_topk40device_segmented_topk_last_filter_kernelINS2_26policy_selector_from_typesIsslLl8388608EEELNS1_4topk6selectE0EN4cuda3__417constant_iteratorIPKslEENSA_IPslEENSA_INS9_17counting_iteratorIjlLi0ELi0ELi0EEElEENS9_18transform_iteratorINS2_26per_segment_indexed_out_opISD_SF_EENSG_IlnLi0ELi0ELi0EEEEENS1_6params13uniform_paramIlLl0ELl268435456EEENSP_IlLl1ELl8388608EEENSP_IlLl1ELl1EEEPljPyNS1_21identity_decomposer_tEjjEEvT1_T2_T3_T4_T5_T6_T7_T8_PKT9_PNS6_7counterINS8_3std3__415iterator_traitsINS1A_ISW_vE10value_typeEvE10value_typeET12_T13_EEPS1E_PNS1A_INS1A_ISY_vE10value_typeEvE10value_typeES1F_T10_iiT11_' for 'sm_100'
ptxas info    : Function properties for _ZN3cub17_V_300500_SM_10006detail12batched_topk40device_segmented_topk_last_filter_kernelINS2_26policy_selector_from_typesIsslLl8388608EEELNS1_4topk6selectE0EN4cuda3__417constant_iteratorIPKslEENSA_IPslEENSA_INS9_17counting_iteratorIjlLi0ELi0ELi0EEElEENS9_18transform_iteratorINS2_26per_segment_indexed_out_opISD_SF_EENSG_IlnLi0ELi0ELi0EEEEENS1_6params13uniform_paramIlLl0ELl268435456EEENSP_IlLl1ELl8388608EEENSP_IlLl1ELl1EEEPljPyNS1_21identity_decomposer_tEjjEEvT1_T2_T3_T4_T5_T6_T7_T8_PKT9_PNS6_7counterINS8_3std3__415iterator_traitsINS1A_ISW_vE10value_typeEvE10value_typeET12_T13_EEPS1E_PNS1A_INS1A_ISY_vE10value_typeEvE10value_typeES1F_T10_iiT11_
    0 bytes stack frame, 0 bytes spill stores, 0 bytes spill loads
ptxas info    : Used 56 registers, used 0 barriers
ptxas info    : Compile time = 58.501 ms
ptxas info    : Compiling entry function '_ZN3cub17_V_300500_SM_10006detail12batched_topk35device_segmented_topk_filter_kernelINS2_26policy_selector_from_typesIsslLl8388608EEELNS1_4topk6selectE0EN4cuda3__417constant_iteratorIPKslEENSA_IPslEENSA_INS9_17counting_iteratorIjlLi0ELi0ELi0EEElEENS9_18transform_iteratorINS2_26per_segment_indexed_out_opISD_SF_EENSG_IlnLi0ELi0ELi0EEEEENS1_6params13uniform_paramIlLl0ELl268435456EEENSP_IlLl1ELl8388608EEENSP_IlLl1ELl1EEEPljPyNS1_21identity_decomposer_tEjjEEvT1_T2_T3_T4_T5_T6_T7_T8_PKT9_PNS6_7counterINS8_3std3__415iterator_traitsINS1A_ISW_vE10value_typeEvE10value_typeET12_T13_EEPS1F_PS1E_PNS1A_INS1A_ISY_vE10value_typeEvE10value_typeES1K_S1P_S1F_S1F_T10_iibT11_' for 'sm_100'
ptxas info    : Function properties for _ZN3cub17_V_300500_SM_10006detail12batched_topk35device_segmented_topk_filter_kernelINS2_26policy_selector_from_typesIsslLl8388608EEELNS1_4topk6selectE0EN4cuda3__417constant_iteratorIPKslEENSA_IPslEENSA_INS9_17counting_iteratorIjlLi0ELi0ELi0EEElEENS9_18transform_iteratorINS2_26per_segment_indexed_out_opISD_SF_EENSG_IlnLi0ELi0ELi0EEEEENS1_6params13uniform_paramIlLl0ELl268435456EEENSP_IlLl1ELl8388608EEENSP_IlLl1ELl1EEEPljPyNS1_21identity_decomposer_tEjjEEvT1_T2_T3_T4_T5_T6_T7_T8_PKT9_PNS6_7counterINS8_3std3__415iterator_traitsINS1A_ISW_vE10value_typeEvE10value_typeET12_T13_EEPS1F_PS1E_PNS1A_INS1A_ISY_vE10value_typeEvE10value_typeES1K_S1P_S1F_S1F_T10_iibT11_
    0 bytes stack frame, 0 bytes spill stores, 0 bytes spill loads
ptxas info    : Used 58 registers, used 1 barriers, 8196 bytes smem
ptxas info    : Compile time = 43.572 ms
ptxas info    : Compiling entry function '_ZN3cub17_V_300500_SM_10006detail12batched_topk47device_segmented_topk_finalize_histogram_kernelINS2_26policy_selector_from_typesIsslLl8388608EEEN4cuda3__417constant_iteratorIPKslEENS1_6params13uniform_paramIlLl0ELl268435456EEENSD_IlLl1ELl8388608EEENSD_IlLl1ELl1EEEPlPyNS1_4topk16extract_bin_op_tIsLNSJ_6selectE0ELi11ENS1_21identity_decomposer_tELb1EEEjjsEEvT0_T1_T2_T3_T4_PNSJ_7counterIT9_T7_T8_EEPSV_T5_T6_ib' for 'sm_100'
ptxas info    : Function properties for _ZN3cub17_V_300500_SM_10006detail12batched_topk47device_segmented_topk_finalize_histogram_kernelINS2_26policy_selector_from_typesIsslLl8388608EEEN4cuda3__417constant_iteratorIPKslEENS1_6params13uniform_paramIlLl0ELl268435456EEENSD_IlLl1ELl8388608EEENSD_IlLl1ELl1EEEPlPyNS1_4topk16extract_bin_op_tIsLNSJ_6selectE0ELi11ENS1_21identity_decomposer_tELb1EEEjjsEEvT0_T1_T2_T3_T4_PNSJ_7counterIT9_T7_T8_EEPSV_T5_T6_ib
    0 bytes stack frame, 0 bytes spill stores, 0 bytes spill loads
ptxas info    : Used 32 registers, used 1 barriers, 8192 bytes smem
ptxas info    : Compile time = 10.931 ms
ptxas info    : Compiling entry function '_ZN3cub17_V_300500_SM_10006detail12batched_topk38device_segmented_topk_histogram_kernelINS2_26policy_selector_from_typesIsslLl8388608EEEN4cuda3__417constant_iteratorIPKslEENS1_6params13uniform_paramIlLl0ELl268435456EEENSD_IlLl1ELl8388608EEENSD_IlLl1ELl1EEEPljPyNS1_4topk16extract_bin_op_tIsLNSJ_6selectE0ELi11ENS1_21identity_decomposer_tELb1EEEjjjEEvT0_T1_T2_T3_T4_PKT5_PNSJ_7counterINS6_3std3__415iterator_traitsINSZ_ISO_vE10value_typeEvE10value_typeET8_T9_EEPS14_T6_T7_' for 'sm_100'
ptxas info    : Function properties for _ZN3cub17_V_300500_SM_10006detail12batched_topk38device_segmented_topk_histogram_kernelINS2_26policy_selector_from_typesIsslLl8388608EEEN4cuda3__417constant_iteratorIPKslEENS1_6params13uniform_paramIlLl0ELl268435456EEENSD_IlLl1ELl8388608EEENSD_IlLl1ELl1EEEPljPyNS1_4topk16extract_bin_op_tIsLNSJ_6selectE0ELi11ENS1_21identity_decomposer_tELb1EEEjjjEEvT0_T1_T2_T3_T4_PKT5_PNSJ_7counterINS6_3std3__415iterator_traitsINSZ_ISO_vE10value_typeEvE10value_typeET8_T9_EEPS14_T6_T7_
    0 bytes stack frame, 0 bytes spill stores, 0 bytes spill loads
ptxas info    : Used 28 registers, used 1 barriers, 8240 bytes smem
ptxas info    : Compile time = 38.459 ms
ptxas info    : Compiling entry function '_ZN3cub17_V_300500_SM_10006detail12batched_topk28device_segmented_topk_kernelINS2_26policy_selector_from_typesIsslLl8388608EEEN4cuda3__417constant_iteratorIPKslEENS8_IPslEESB_SD_NS1_6params13uniform_paramIlLl0ELl268435456EEENSF_IlLl1ELl8388608EEENSE_22uniform_discrete_paramINS1_4topk6selectEJLSK_1EEEENSF_IlLl1ELl1EEEjEEvT0_T1_T2_T3_T4_T5_T6_T7_PNS2_21batched_topk_countersINSU_10value_typeEEEPSW_PT8_' for 'sm_100'
ptxas info    : Function properties for _ZN3cub17_V_300500_SM_10006detail12batched_topk28device_segmented_topk_kernelINS2_26policy_selector_from_typesIsslLl8388608EEEN4cuda3__417constant_iteratorIPKslEENS8_IPslEESB_SD_NS1_6params13uniform_paramIlLl0ELl268435456EEENSF_IlLl1ELl8388608EEENSE_22uniform_discrete_paramINS1_4topk6selectEJLSK_1EEEENSF_IlLl1ELl1EEEjEEvT0_T1_T2_T3_T4_T5_T6_T7_PNS2_21batched_topk_countersINSU_10value_typeEEEPSW_PT8_
    904 bytes stack frame, 916 bytes spill stores, 1036 bytes spill loads
ptxas info    : Used 255 registers, used 1 barriers, 904 bytes cumulative stack size, 33808 bytes smem
ptxas info    : Compile time = 349.865 ms
ptxas info    : Compiling entry function '_ZN3cub17_V_300500_SM_10006detail12batched_topk44device_segmented_topk_finalize_filter_kernelINS2_26policy_selector_from_typesIsalLl8388608EEELNS1_4topk6selectE1EN4cuda3__417constant_iteratorIPKslEENSA_IPslEENSA_INS9_17counting_iteratorIjlLi0ELi0ELi0EEElEENS9_18transform_iteratorINS2_26per_segment_indexed_out_opINSA_IPKalEENSA_IPalEEEENSG_IlnLi0ELi0ELi0EEEEENS1_6params13uniform_paramIlLl0ELl268435456EEENSU_IlLl1ELl8388608EEENSU_IlLl1ELl1EEEPljPyNS1_21identity_decomposer_tEjjsEEvT1_T2_T3_T4_T5_T6_T7_T8_PKT9_PNS6_7counterIT14_T12_T13_EEPS1E_PS1D_PNS8_3std3__415iterator_traitsINS1M_IS13_vE10value_typeEvE10value_typeES1J_S1R_T10_S1E_S1E_iiT11_b' for 'sm_100'
ptxas info    : Function properties for _ZN3cub17_V_300500_SM_10006detail12batched_topk44device_segmented_topk_finalize_filter_kernelINS2_26policy_selector_from_typesIsalLl8388608EEELNS1_4topk6selectE1EN4cuda3__417constant_iteratorIPKslEENSA_IPslEENSA_INS9_17counting_iteratorIjlLi0ELi0ELi0EEElEENS9_18transform_iteratorINS2_26per_segment_indexed_out_opINSA_IPKalEENSA_IPalEEEENSG_IlnLi0ELi0ELi0EEEEENS1_6params13uniform_paramIlLl0ELl268435456EEENSU_IlLl1ELl8388608EEENSU_IlLl1ELl1EEEPljPyNS1_21identity_decomposer_tEjjsEEvT1_T2_T3_T4_T5_T6_T7_T8_PKT9_PNS6_7counterIT14_T12_T13_EEPS1E_PS1D_PNS8_3std3__415iterator_traitsINS1M_IS13_vE10value_typeEvE10value_typeES1J_S1R_T10_S1E_S1E_iiT11_b
    0 bytes stack frame, 0 bytes spill stores, 0 bytes spill loads
ptxas info    : Used 64 registers, used 1 barriers, 8208 bytes smem
ptxas info    : Compile time = 46.615 ms
ptxas info    : Compiling entry function '_ZN3cub17_V_300500_SM_10006detail12batched_topk40device_segmented_topk_last_filter_kernelINS2_26policy_selector_from_typesIsalLl8388608EEELNS1_4topk6selectE1EN4cuda3__417constant_iteratorIPKslEENSA_IPslEENSA_INS9_17counting_iteratorIjlLi0ELi0ELi0EEElEENS9_18transform_iteratorINS2_26per_segment_indexed_out_opINSA_IPKalEENSA_IPalEEEENSG_IlnLi0ELi0ELi0EEEEENS1_6params13uniform_paramIlLl0ELl268435456EEENSU_IlLl1ELl8388608EEENSU_IlLl1ELl1EEEPljPyNS1_21identity_decomposer_tEjjEEvT1_T2_T3_T4_T5_T6_T7_T8_PKT9_PNS6_7counterINS8_3std3__415iterator_traitsINS1F_IS11_vE10value_typeEvE10value_typeET12_T13_EEPS1J_PNS1F_INS1F_IS13_vE10value_typeEvE10value_typeES1K_T10_iiT11_' for 'sm_100'
ptxas info    : Function properties for _ZN3cub17_V_300500_SM_10006detail12batched_topk40device_segmented_topk_last_filter_kernelINS2_26policy_selector_from_typesIsalLl8388608EEELNS1_4topk6selectE1EN4cuda3__417constant_iteratorIPKslEENSA_IPslEENSA_INS9_17counting_iteratorIjlLi0ELi0ELi0EEElEENS9_18transform_iteratorINS2_26per_segment_indexed_out_opINSA_IPKalEENSA_IPalEEEENSG_IlnLi0ELi0ELi0EEEEENS1_6params13uniform_paramIlLl0ELl268435456EEENSU_IlLl1ELl8388608EEENSU_IlLl1ELl1EEEPljPyNS1_21identity_decomposer_tEjjEEvT1_T2_T3_T4_T5_T6_T7_T8_PKT9_PNS6_7counterINS8_3std3__415iterator_traitsINS1F_IS11_vE10value_typeEvE10value_typeET12_T13_EEPS1J_PNS1F_INS1F_IS13_vE10value_typeEvE10value_typeES1K_T10_iiT11_
    0 bytes stack frame, 0 bytes spill stores, 0 bytes spill loads
ptxas info    : Used 54 registers, used 0 barriers
ptxas info    : Compile time = 61.824 ms
ptxas info    : Compiling entry function '_ZN3cub17_V_300500_SM_10006detail12batched_topk35device_segmented_topk_filter_kernelINS2_26policy_selector_from_typesIsalLl8388608EEELNS1_4topk6selectE1EN4cuda3__417constant_iteratorIPKslEENSA_IPslEENSA_INS9_17counting_iteratorIjlLi0ELi0ELi0EEElEENS9_18transform_iteratorINS2_26per_segment_indexed_out_opINSA_IPKalEENSA_IPalEEEENSG_IlnLi0ELi0ELi0EEEEENS1_6params13uniform_paramIlLl0ELl268435456EEENSU_IlLl1ELl8388608EEENSU_IlLl1ELl1EEEPljPyNS1_21identity_decomposer_tEjjEEvT1_T2_T3_T4_T5_T6_T7_T8_PKT9_PNS6_7counterINS8_3std3__415iterator_traitsINS1F_IS11_vE10value_typeEvE10value_typeET12_T13_EEPS1K_PS1J_PNS1F_INS1F_IS13_vE10value_typeEvE10value_typeES1P_S1U_S1K_S1K_T10_iibT11_' for 'sm_100'
ptxas info    : Function properties for _ZN3cub17_V_300500_SM_10006detail12batched_topk35device_segmented_topk_filter_kernelINS2_26policy_selector_from_typesIsalLl8388608EEELNS1_4topk6selectE1EN4cuda3__417constant_iteratorIPKslEENSA_IPslEENSA_INS9_17counting_iteratorIjlLi0ELi0ELi0EEElEENS9_18transform_iteratorINS2_26per_segment_indexed_out_opINSA_IPKalEENSA_IPalEEEENSG_IlnLi0ELi0ELi0EEEEENS1_6params13uniform_paramIlLl0ELl268435456EEENSU_IlLl1ELl8388608EEENSU_IlLl1ELl1EEEPljPyNS1_21identity_decomposer_tEjjEEvT1_T2_T3_T4_T5_T6_T7_T8_PKT9_PNS6_7counterINS8_3std3__415iterator_traitsINS1F_IS11_vE10value_typeEvE10value_typeET12_T13_EEPS1K_PS1J_PNS1F_INS1F_IS13_vE10value_typeEvE10value_typeES1P_S1U_S1K_S1K_T10_iibT11_
    0 bytes stack frame, 0 bytes spill stores, 0 bytes spill loads
ptxas info    : Used 56 registers, used 1 barriers, 8196 bytes smem
ptxas info    : Compile time = 45.116 ms
ptxas info    : Compiling entry function '_ZN3cub17_V_300500_SM_10006detail12batched_topk47device_segmented_topk_finalize_histogram_kernelINS2_26policy_selector_from_typesIsalLl8388608EEEN4cuda3__417constant_iteratorIPKslEENS1_6params13uniform_paramIlLl0ELl268435456EEENSD_IlLl1ELl8388608EEENSD_IlLl1ELl1EEEPlPyNS1_4topk16extract_bin_op_tIsLNSJ_6selectE1ELi11ENS1_21identity_decomposer_tELb1EEEjjsEEvT0_T1_T2_T3_T4_PNSJ_7counterIT9_T7_T8_EEPSV_T5_T6_ib' for 'sm_100'
ptxas info    : Function properties for _ZN3cub17_V_300500_SM_10006detail12batched_topk47device_segmented_topk_finalize_histogram_kernelINS2_26policy_selector_from_typesIsalLl8388608EEEN4cuda3__417constant_iteratorIPKslEENS1_6params13uniform_paramIlLl0ELl268435456EEENSD_IlLl1ELl8388608EEENSD_IlLl1ELl1EEEPlPyNS1_4topk16extract_bin_op_tIsLNSJ_6selectE1ELi11ENS1_21identity_decomposer_tELb1EEEjjsEEvT0_T1_T2_T3_T4_PNSJ_7counterIT9_T7_T8_EEPSV_T5_T6_ib
    0 bytes stack frame, 0 bytes spill stores, 0 bytes spill loads
ptxas info    : Used 32 registers, used 1 barriers, 8192 bytes smem
ptxas info    : Compile time = 10.640 ms
ptxas info    : Compiling entry function '_ZN3cub17_V_300500_SM_10006detail12batched_topk38device_segmented_topk_histogram_kernelINS2_26policy_selector_from_typesIsalLl8388608EEEN4cuda3__417constant_iteratorIPKslEENS1_6params13uniform_paramIlLl0ELl268435456EEENSD_IlLl1ELl8388608EEENSD_IlLl1ELl1EEEPljPyNS1_4topk16extract_bin_op_tIsLNSJ_6selectE1ELi11ENS1_21identity_decomposer_tELb1EEEjjjEEvT0_T1_T2_T3_T4_PKT5_PNSJ_7counterINS6_3std3__415iterator_traitsINSZ_ISO_vE10value_typeEvE10value_typeET8_T9_EEPS14_T6_T7_' for 'sm_100'
ptxas info    : Function properties for _ZN3cub17_V_300500_SM_10006detail12batched_topk38device_segmented_topk_histogram_kernelINS2_26policy_selector_from_typesIsalLl8388608EEEN4cuda3__417constant_iteratorIPKslEENS1_6params13uniform_paramIlLl0ELl268435456EEENSD_IlLl1ELl8388608EEENSD_IlLl1ELl1EEEPljPyNS1_4topk16extract_bin_op_tIsLNSJ_6selectE1ELi11ENS1_21identity_decomposer_tELb1EEEjjjEEvT0_T1_T2_T3_T4_PKT5_PNSJ_7counterINS6_3std3__415iterator_traitsINSZ_ISO_vE10value_typeEvE10value_typeET8_T9_EEPS14_T6_T7_
    0 bytes stack frame, 0 bytes spill stores, 0 bytes spill loads
ptxas info    : Used 28 registers, used 1 barriers, 8240 bytes smem
ptxas info    : Compile time = 38.531 ms
ptxas info    : Compiling entry function '_ZN3cub17_V_300500_SM_10006detail12batched_topk44device_segmented_topk_finalize_filter_kernelINS2_26policy_selector_from_typesIsalLl8388608EEELNS1_4topk6selectE0EN4cuda3__417constant_iteratorIPKslEENSA_IPslEENSA_INS9_17counting_iteratorIjlLi0ELi0ELi0EEElEENS9_18transform_iteratorINS2_26per_segment_indexed_out_opINSA_IPKalEENSA_IPalEEEENSG_IlnLi0ELi0ELi0EEEEENS1_6params13uniform_paramIlLl0ELl268435456EEENSU_IlLl1ELl8388608EEENSU_IlLl1ELl1EEEPljPyNS1_21identity_decomposer_tEjjsEEvT1_T2_T3_T4_T5_T6_T7_T8_PKT9_PNS6_7counterIT14_T12_T13_EEPS1E_PS1D_PNS8_3std3__415iterator_traitsINS1M_IS13_vE10value_typeEvE10value_typeES1J_S1R_T10_S1E_S1E_iiT11_b' for 'sm_100'
ptxas info    : Function properties for _ZN3cub17_V_300500_SM_10006detail12batched_topk44device_segmented_topk_finalize_filter_kernelINS2_26policy_selector_from_typesIsalLl8388608EEELNS1_4topk6selectE0EN4cuda3__417constant_iteratorIPKslEENSA_IPslEENSA_INS9_17counting_iteratorIjlLi0ELi0ELi0EEElEENS9_18transform_iteratorINS2_26per_segment_indexed_out_opINSA_IPKalEENSA_IPalEEEENSG_IlnLi0ELi0ELi0EEEEENS1_6params13uniform_paramIlLl0ELl268435456EEENSU_IlLl1ELl8388608EEENSU_IlLl1ELl1EEEPljPyNS1_21identity_decomposer_tEjjsEEvT1_T2_T3_T4_T5_T6_T7_T8_PKT9_PNS6_7counterIT14_T12_T13_EEPS1E_PS1D_PNS8_3std3__415iterator_traitsINS1M_IS13_vE10value_typeEvE10value_typeES1J_S1R_T10_S1E_S1E_iiT11_b
    0 bytes stack frame, 0 bytes spill stores, 0 bytes spill loads
ptxas info    : Used 64 registers, used 1 barriers, 8208 bytes smem
ptxas info    : Compile time = 46.071 ms
ptxas info    : Compiling entry function '_ZN3cub17_V_300500_SM_10006detail12batched_topk40device_segmented_topk_last_filter_kernelINS2_26policy_selector_from_typesIsalLl8388608EEELNS1_4topk6selectE0EN4cuda3__417constant_iteratorIPKslEENSA_IPslEENSA_INS9_17counting_iteratorIjlLi0ELi0ELi0EEElEENS9_18transform_iteratorINS2_26per_segment_indexed_out_opINSA_IPKalEENSA_IPalEEEENSG_IlnLi0ELi0ELi0EEEEENS1_6params13uniform_paramIlLl0ELl268435456EEENSU_IlLl1ELl8388608EEENSU_IlLl1ELl1EEEPljPyNS1_21identity_decomposer_tEjjEEvT1_T2_T3_T4_T5_T6_T7_T8_PKT9_PNS6_7counterINS8_3std3__415iterator_traitsINS1F_IS11_vE10value_typeEvE10value_typeET12_T13_EEPS1J_PNS1F_INS1F_IS13_vE10value_typeEvE10value_typeES1K_T10_iiT11_' for 'sm_100'
ptxas info    : Function properties for _ZN3cub17_V_300500_SM_10006detail12batched_topk40device_segmented_topk_last_filter_kernelINS2_26policy_selector_from_typesIsalLl8388608EEELNS1_4topk6selectE0EN4cuda3__417constant_iteratorIPKslEENSA_IPslEENSA_INS9_17counting_iteratorIjlLi0ELi0ELi0EEElEENS9_18transform_iteratorINS2_26per_segment_indexed_out_opINSA_IPKalEENSA_IPalEEEENSG_IlnLi0ELi0ELi0EEEEENS1_6params13uniform_paramIlLl0ELl268435456EEENSU_IlLl1ELl8388608EEENSU_IlLl1ELl1EEEPljPyNS1_21identity_decomposer_tEjjEEvT1_T2_T3_T4_T5_T6_T7_T8_PKT9_PNS6_7counterINS8_3std3__415iterator_traitsINS1F_IS11_vE10value_typeEvE10value_typeET12_T13_EEPS1J_PNS1F_INS1F_IS13_vE10value_typeEvE10value_typeES1K_T10_iiT11_
    0 bytes stack frame, 0 bytes spill stores, 0 bytes spill loads
ptxas info    : Used 54 registers, used 0 barriers
ptxas info    : Compile time = 61.010 ms
ptxas info    : Compiling entry function '_ZN3cub17_V_300500_SM_10006detail12batched_topk35device_segmented_topk_filter_kernelINS2_26policy_selector_from_typesIsalLl8388608EEELNS1_4topk6selectE0EN4cuda3__417constant_iteratorIPKslEENSA_IPslEENSA_INS9_17counting_iteratorIjlLi0ELi0ELi0EEElEENS9_18transform_iteratorINS2_26per_segment_indexed_out_opINSA_IPKalEENSA_IPalEEEENSG_IlnLi0ELi0ELi0EEEEENS1_6params13uniform_paramIlLl0ELl268435456EEENSU_IlLl1ELl8388608EEENSU_IlLl1ELl1EEEPljPyNS1_21identity_decomposer_tEjjEEvT1_T2_T3_T4_T5_T6_T7_T8_PKT9_PNS6_7counterINS8_3std3__415iterator_traitsINS1F_IS11_vE10value_typeEvE10value_typeET12_T13_EEPS1K_PS1J_PNS1F_INS1F_IS13_vE10value_typeEvE10value_typeES1P_S1U_S1K_S1K_T10_iibT11_' for 'sm_100'
ptxas info    : Function properties for _ZN3cub17_V_300500_SM_10006detail12batched_topk35device_segmented_topk_filter_kernelINS2_26policy_selector_from_typesIsalLl8388608EEELNS1_4topk6selectE0EN4cuda3__417constant_iteratorIPKslEENSA_IPslEENSA_INS9_17counting_iteratorIjlLi0ELi0ELi0EEElEENS9_18transform_iteratorINS2_26per_segment_indexed_out_opINSA_IPKalEENSA_IPalEEEENSG_IlnLi0ELi0ELi0EEEEENS1_6params13uniform_paramIlLl0ELl268435456EEENSU_IlLl1ELl8388608EEENSU_IlLl1ELl1EEEPljPyNS1_21identity_decomposer_tEjjEEvT1_T2_T3_T4_T5_T6_T7_T8_PKT9_PNS6_7counterINS8_3std3__415iterator_traitsINS1F_IS11_vE10value_typeEvE10value_typeET12_T13_EEPS1K_PS1J_PNS1F_INS1F_IS13_vE10value_typeEvE10value_typeES1P_S1U_S1K_S1K_T10_iibT11_
    0 bytes stack frame, 0 bytes spill stores, 0 bytes spill loads
ptxas info    : Used 56 registers, used 1 barriers, 8196 bytes smem
ptxas info    : Compile time = 45.056 ms
ptxas info    : Compiling entry function '_ZN3cub17_V_300500_SM_10006detail12batched_topk47device_segmented_topk_finalize_histogram_kernelINS2_26policy_selector_from_typesIsalLl8388608EEEN4cuda3__417constant_iteratorIPKslEENS1_6params13uniform_paramIlLl0ELl268435456EEENSD_IlLl1ELl8388608EEENSD_IlLl1ELl1EEEPlPyNS1_4topk16extract_bin_op_tIsLNSJ_6selectE0ELi11ENS1_21identity_decomposer_tELb1EEEjjsEEvT0_T1_T2_T3_T4_PNSJ_7counterIT9_T7_T8_EEPSV_T5_T6_ib' for 'sm_100'
ptxas info    : Function properties for _ZN3cub17_V_300500_SM_10006detail12batched_topk47device_segmented_topk_finalize_histogram_kernelINS2_26policy_selector_from_typesIsalLl8388608EEEN4cuda3__417constant_iteratorIPKslEENS1_6params13uniform_paramIlLl0ELl268435456EEENSD_IlLl1ELl8388608EEENSD_IlLl1ELl1EEEPlPyNS1_4topk16extract_bin_op_tIsLNSJ_6selectE0ELi11ENS1_21identity_decomposer_tELb1EEEjjsEEvT0_T1_T2_T3_T4_PNSJ_7counterIT9_T7_T8_EEPSV_T5_T6_ib
    0 bytes stack frame, 0 bytes spill stores, 0 bytes spill loads
ptxas info    : Used 32 registers, used 1 barriers, 8192 bytes smem
ptxas info    : Compile time = 10.658 ms
ptxas info    : Compiling entry function '_ZN3cub17_V_300500_SM_10006detail12batched_topk38device_segmented_topk_histogram_kernelINS2_26policy_selector_from_typesIsalLl8388608EEEN4cuda3__417constant_iteratorIPKslEENS1_6params13uniform_paramIlLl0ELl268435456EEENSD_IlLl1ELl8388608EEENSD_IlLl1ELl1EEEPljPyNS1_4topk16extract_bin_op_tIsLNSJ_6selectE0ELi11ENS1_21identity_decomposer_tELb1EEEjjjEEvT0_T1_T2_T3_T4_PKT5_PNSJ_7counterINS6_3std3__415iterator_traitsINSZ_ISO_vE10value_typeEvE10value_typeET8_T9_EEPS14_T6_T7_' for 'sm_100'
ptxas info    : Function properties for _ZN3cub17_V_300500_SM_10006detail12batched_topk38device_segmented_topk_histogram_kernelINS2_26policy_selector_from_typesIsalLl8388608EEEN4cuda3__417constant_iteratorIPKslEENS1_6params13uniform_paramIlLl0ELl268435456EEENSD_IlLl1ELl8388608EEENSD_IlLl1ELl1EEEPljPyNS1_4topk16extract_bin_op_tIsLNSJ_6selectE0ELi11ENS1_21identity_decomposer_tELb1EEEjjjEEvT0_T1_T2_T3_T4_PKT5_PNSJ_7counterINS6_3std3__415iterator_traitsINSZ_ISO_vE10value_typeEvE10value_typeET8_T9_EEPS14_T6_T7_
    0 bytes stack frame, 0 bytes spill stores, 0 bytes spill loads
ptxas info    : Used 28 registers, used 1 barriers, 8240 bytes smem
ptxas info    : Compile time = 38.482 ms
ptxas info    : Compiling entry function '_ZN3cub17_V_300500_SM_10006detail12batched_topk28device_segmented_topk_kernelINS2_26policy_selector_from_typesIsalLl8388608EEEN4cuda3__417constant_iteratorIPKslEENS8_IPslEENS8_IPKalEENS8_IPalEENS1_6params13uniform_paramIlLl0ELl268435456EEENSK_IlLl1ELl8388608EEENSJ_22uniform_discrete_paramINS1_4topk6selectEJLSP_1EEEENSK_IlLl1ELl1EEEjEEvT0_T1_T2_T3_T4_T5_T6_T7_PNS2_21batched_topk_countersINSZ_10value_typeEEEPS11_PT8_' for 'sm_100'
ptxas info    : Function properties for _ZN3cub17_V_300500_SM_10006detail12batched_topk28device_segmented_topk_kernelINS2_26policy_selector_from_typesIsalLl8388608EEEN4cuda3__417constant_iteratorIPKslEENS8_IPslEENS8_IPKalEENS8_IPalEENS1_6params13uniform_paramIlLl0ELl268435456EEENSK_IlLl1ELl8388608EEENSJ_22uniform_discrete_paramINS1_4topk6selectEJLSP_1EEEENSK_IlLl1ELl1EEEjEEvT0_T1_T2_T3_T4_T5_T6_T7_PNS2_21batched_topk_countersINSZ_10value_typeEEEPS11_PT8_
    1424 bytes stack frame, 1432 bytes spill stores, 1568 bytes spill loads
ptxas info    : Used 255 registers, used 1 barriers, 1424 bytes cumulative stack size, 33808 bytes smem
ptxas info    : Compile time = 402.221 ms
ptxas info    : Compiling entry function '_ZN3cub17_V_300500_SM_10006detail12batched_topk44device_segmented_topk_finalize_filter_kernelINS2_26policy_selector_from_typesIallLl8388608EEELNS1_4topk6selectE1EN4cuda3__417constant_iteratorIPKalEENSA_IPalEENSA_INS9_17counting_iteratorIjlLi0ELi0ELi0EEElEENS9_18transform_iteratorINS2_26per_segment_indexed_out_opINSA_IPKllEENSA_IPllEEEENSG_IlnLi0ELi0ELi0EEEEENS1_6params13uniform_paramIlLl0ELl268435456EEENSU_IlLl1ELl8388608EEENSU_IlLl1ELl1EEESO_jPyNS1_21identity_decomposer_tEjjaEEvT1_T2_T3_T4_T5_T6_T7_T8_PKT9_PNS6_7counterIT14_T12_T13_EEPS1D_PS1C_PNS8_3std3__415iterator_traitsINS1L_IS12_vE10value_typeEvE10value_typeES1I_S1Q_T10_S1D_S1D_iiT11_b' for 'sm_100'
ptxas info    : Function properties for _ZN3cub17_V_300500_SM_10006detail12batched_topk44device_segmented_topk_finalize_filter_kernelINS2_26policy_selector_from_typesIallLl8388608EEELNS1_4topk6selectE1EN4cuda3__417constant_iteratorIPKalEENSA_IPalEENSA_INS9_17counting_iteratorIjlLi0ELi0ELi0EEElEENS9_18transform_iteratorINS2_26per_segment_indexed_out_opINSA_IPKllEENSA_IPllEEEENSG_IlnLi0ELi0ELi0EEEEENS1_6params13uniform_paramIlLl0ELl268435456EEENSU_IlLl1ELl8388608EEENSU_IlLl1ELl1EEESO_jPyNS1_21identity_decomposer_tEjjaEEvT1_T2_T3_T4_T5_T6_T7_T8_PKT9_PNS6_7counterIT14_T12_T13_EEPS1D_PS1C_PNS8_3std3__415iterator_traitsINS1L_IS12_vE10value_typeEvE10value_typeES1I_S1Q_T10_S1D_S1D_iiT11_b
    0 bytes stack frame, 0 bytes spill stores, 0 bytes spill loads
ptxas info    : Used 118 registers, used 1 barriers, 2048 bytes smem
ptxas info    : Compile time = 68.619 ms
ptxas info    : Compiling entry function '_ZN3cub17_V_300500_SM_10006detail12batched_topk40device_segmented_topk_last_filter_kernelINS2_26policy_selector_from_typesIallLl8388608EEELNS1_4topk6selectE1EN4cuda3__417constant_iteratorIPKalEENSA_IPalEENSA_INS9_17counting_iteratorIjlLi0ELi0ELi0EEElEENS9_18transform_iteratorINS2_26per_segment_indexed_out_opINSA_IPKllEENSA_IPllEEEENSG_IlnLi0ELi0ELi0EEEEENS1_6params13uniform_paramIlLl0ELl268435456EEENSU_IlLl1ELl8388608EEENSU_IlLl1ELl1EEESO_jPyNS1_21identity_decomposer_tEjjEEvT1_T2_T3_T4_T5_T6_T7_T8_PKT9_PNS6_7counterINS8_3std3__415iterator_traitsINS1E_IS10_vE10value_typeEvE10value_typeET12_T13_EEPS1I_PNS1E_INS1E_IS12_vE10value_typeEvE10value_typeES1J_T10_iiT11_' for 'sm_100'
ptxas info    : Function properties for _ZN3cub17_V_300500_SM_10006detail12batched_topk40device_segmented_topk_last_filter_kernelINS2_26policy_selector_from_typesIallLl8388608EEELNS1_4topk6selectE1EN4cuda3__417constant_iteratorIPKalEENSA_IPalEENSA_INS9_17counting_iteratorIjlLi0ELi0ELi0EEElEENS9_18transform_iteratorINS2_26per_segment_indexed_out_opINSA_IPKllEENSA_IPllEEEENSG_IlnLi0ELi0ELi0EEEEENS1_6params13uniform_paramIlLl0ELl268435456EEENSU_IlLl1ELl8388608EEENSU_IlLl1ELl1EEESO_jPyNS1_21identity_decomposer_tEjjEEvT1_T2_T3_T4_T5_T6_T7_T8_PKT9_PNS6_7counterINS8_3std3__415iterator_traitsINS1E_IS10_vE10value_typeEvE10value_typeET12_T13_EEPS1I_PNS1E_INS1E_IS12_vE10value_typeEvE10value_typeES1J_T10_iiT11_
    0 bytes stack frame, 0 bytes spill stores, 0 bytes spill loads
ptxas info    : Used 64 registers, used 0 barriers
ptxas info    : Compile time = 141.633 ms
ptxas info    : Compiling entry function '_ZN3cub17_V_300500_SM_10006detail12batched_topk35device_segmented_topk_filter_kernelINS2_26policy_selector_from_typesIallLl8388608EEELNS1_4topk6selectE1EN4cuda3__417constant_iteratorIPKalEENSA_IPalEENSA_INS9_17counting_iteratorIjlLi0ELi0ELi0EEElEENS9_18transform_iteratorINS2_26per_segment_indexed_out_opINSA_IPKllEENSA_IPllEEEENSG_IlnLi0ELi0ELi0EEEEENS1_6params13uniform_paramIlLl0ELl268435456EEENSU_IlLl1ELl8388608EEENSU_IlLl1ELl1EEESO_jPyNS1_21identity_decomposer_tEjjEEvT1_T2_T3_T4_T5_T6_T7_T8_PKT9_PNS6_7counterINS8_3std3__415iterator_traitsINS1E_IS10_vE10value_typeEvE10value_typeET12_T13_EEPS1J_PS1I_PNS1E_INS1E_IS12_vE10value_typeEvE10value_typeES1O_S1T_S1J_S1J_T10_iibT11_' for 'sm_100'
ptxas info    : Function properties for _ZN3cub17_V_300500_SM_10006detail12batched_topk35device_segmented_topk_filter_kernelINS2_26policy_selector_from_typesIallLl8388608EEELNS1_4topk6selectE1EN4cuda3__417constant_iteratorIPKalEENSA_IPalEENSA_INS9_17counting_iteratorIjlLi0ELi0ELi0EEElEENS9_18transform_iteratorINS2_26per_segment_indexed_out_opINSA_IPKllEENSA_IPllEEEENSG_IlnLi0ELi0ELi0EEEEENS1_6params13uniform_paramIlLl0ELl268435456EEENSU_IlLl1ELl8388608EEENSU_IlLl1ELl1EEESO_jPyNS1_21identity_decomposer_tEjjEEvT1_T2_T3_T4_T5_T6_T7_T8_PKT9_PNS6_7counterINS8_3std3__415iterator_traitsINS1E_IS10_vE10value_typeEvE10value_typeET12_T13_EEPS1J_PS1I_PNS1E_INS1E_IS12_vE10value_typeEvE10value_typeES1O_S1T_S1J_S1J_T10_iibT11_
    0 bytes stack frame, 0 bytes spill stores, 0 bytes spill loads
ptxas info    : Used 64 registers, used 1 barriers, 1028 bytes smem
ptxas info    : Compile time = 77.265 ms
ptxas info    : Compiling entry function '_ZN3cub17_V_300500_SM_10006detail12batched_topk47device_segmented_topk_finalize_histogram_kernelINS2_26policy_selector_from_typesIallLl8388608EEEN4cuda3__417constant_iteratorIPKalEENS1_6params13uniform_paramIlLl0ELl268435456EEENSD_IlLl1ELl8388608EEENSD_IlLl1ELl1EEEPlPyNS1_4topk16extract_bin_op_tIaLNSJ_6selectE1ELi8ENS1_21identity_decomposer_tELb1EEEjjaEEvT0_T1_T2_T3_T4_PNSJ_7counterIT9_T7_T8_EEPSV_T5_T6_ib' for 'sm_100'
ptxas info    : Function properties for _ZN3cub17_V_300500_SM_10006detail12batched_topk47device_segmented_topk_finalize_histogram_kernelINS2_26policy_selector_from_typesIallLl8388608EEEN4cuda3__417constant_iteratorIPKalEENS1_6params13uniform_paramIlLl0ELl268435456EEENSD_IlLl1ELl8388608EEENSD_IlLl1ELl1EEEPlPyNS1_4topk16extract_bin_op_tIaLNSJ_6selectE1ELi8ENS1_21identity_decomposer_tELb1EEEjjaEEvT0_T1_T2_T3_T4_PNSJ_7counterIT9_T7_T8_EEPSV_T5_T6_ib
    0 bytes stack frame, 0 bytes spill stores, 0 bytes spill loads
ptxas info    : Used 32 registers, used 1 barriers, 2048 bytes smem
ptxas info    : Compile time = 11.042 ms
ptxas info    : Compiling entry function '_ZN3cub17_V_300500_SM_10006detail12batched_topk38device_segmented_topk_histogram_kernelINS2_26policy_selector_from_typesIallLl8388608EEEN4cuda3__417constant_iteratorIPKalEENS1_6params13uniform_paramIlLl0ELl268435456EEENSD_IlLl1ELl8388608EEENSD_IlLl1ELl1EEEPljPyNS1_4topk16extract_bin_op_tIaLNSJ_6selectE1ELi8ENS1_21identity_decomposer_tELb1EEEjjjEEvT0_T1_T2_T3_T4_PKT5_PNSJ_7counterINS6_3std3__415iterator_traitsINSZ_ISO_vE10value_typeEvE10value_typeET8_T9_EEPS14_T6_T7_' for 'sm_100'
ptxas info    : Function properties for _ZN3cub17_V_300500_SM_10006detail12batched_topk38device_segmented_topk_histogram_kernelINS2_26policy_selector_from_typesIallLl8388608EEEN4cuda3__417constant_iteratorIPKalEENS1_6params13uniform_paramIlLl0ELl268435456EEENSD_IlLl1ELl8388608EEENSD_IlLl1ELl1EEEPljPyNS1_4topk16extract_bin_op_tIaLNSJ_6selectE1ELi8ENS1_21identity_decomposer_tELb1EEEjjjEEvT0_T1_T2_T3_T4_PKT5_PNSJ_7counterINS6_3std3__415iterator_traitsINSZ_ISO_vE10value_typeEvE10value_typeET8_T9_EEPS14_T6_T7_
    0 bytes stack frame, 0 bytes spill stores, 0 bytes spill loads
ptxas info    : Used 26 registers, used 1 barriers, 1072 bytes smem
ptxas info    : Compile time = 72.356 ms
ptxas info    : Compiling entry function '_ZN3cub17_V_300500_SM_10006detail12batched_topk44device_segmented_topk_finalize_filter_kernelINS2_26policy_selector_from_typesIallLl8388608EEELNS1_4topk6selectE0EN4cuda3__417constant_iteratorIPKalEENSA_IPalEENSA_INS9_17counting_iteratorIjlLi0ELi0ELi0EEElEENS9_18transform_iteratorINS2_26per_segment_indexed_out_opINSA_IPKllEENSA_IPllEEEENSG_IlnLi0ELi0ELi0EEEEENS1_6params13uniform_paramIlLl0ELl268435456EEENSU_IlLl1ELl8388608EEENSU_IlLl1ELl1EEESO_jPyNS1_21identity_decomposer_tEjjaEEvT1_T2_T3_T4_T5_T6_T7_T8_PKT9_PNS6_7counterIT14_T12_T13_EEPS1D_PS1C_PNS8_3std3__415iterator_traitsINS1L_IS12_vE10value_typeEvE10value_typeES1I_S1Q_T10_S1D_S1D_iiT11_b' for 'sm_100'
ptxas info    : Function properties for _ZN3cub17_V_300500_SM_10006detail12batched_topk44device_segmented_topk_finalize_filter_kernelINS2_26policy_selector_from_typesIallLl8388608EEELNS1_4topk6selectE0EN4cuda3__417constant_iteratorIPKalEENSA_IPalEENSA_INS9_17counting_iteratorIjlLi0ELi0ELi0EEElEENS9_18transform_iteratorINS2_26per_segment_indexed_out_opINSA_IPKllEENSA_IPllEEEENSG_IlnLi0ELi0ELi0EEEEENS1_6params13uniform_paramIlLl0ELl268435456EEENSU_IlLl1ELl8388608EEENSU_IlLl1ELl1EEESO_jPyNS1_21identity_decomposer_tEjjaEEvT1_T2_T3_T4_T5_T6_T7_T8_PKT9_PNS6_7counterIT14_T12_T13_EEPS1D_PS1C_PNS8_3std3__415iterator_traitsINS1L_IS12_vE10value_typeEvE10value_typeES1I_S1Q_T10_S1D_S1D_iiT11_b
    0 bytes stack frame, 0 bytes spill stores, 0 bytes spill loads
ptxas info    : Used 118 registers, used 1 barriers, 2048 bytes smem
ptxas info    : Compile time = 70.357 ms
ptxas info    : Compiling entry function '_ZN3cub17_V_300500_SM_10006detail12batched_topk40device_segmented_topk_last_filter_kernelINS2_26policy_selector_from_typesIallLl8388608EEELNS1_4topk6selectE0EN4cuda3__417constant_iteratorIPKalEENSA_IPalEENSA_INS9_17counting_iteratorIjlLi0ELi0ELi0EEElEENS9_18transform_iteratorINS2_26per_segment_indexed_out_opINSA_IPKllEENSA_IPllEEEENSG_IlnLi0ELi0ELi0EEEEENS1_6params13uniform_paramIlLl0ELl268435456EEENSU_IlLl1ELl8388608EEENSU_IlLl1ELl1EEESO_jPyNS1_21identity_decomposer_tEjjEEvT1_T2_T3_T4_T5_T6_T7_T8_PKT9_PNS6_7counterINS8_3std3__415iterator_traitsINS1E_IS10_vE10value_typeEvE10value_typeET12_T13_EEPS1I_PNS1E_INS1E_IS12_vE10value_typeEvE10value_typeES1J_T10_iiT11_' for 'sm_100'
ptxas info    : Function properties for _ZN3cub17_V_300500_SM_10006detail12batched_topk40device_segmented_topk_last_filter_kernelINS2_26policy_selector_from_typesIallLl8388608EEELNS1_4topk6selectE0EN4cuda3__417constant_iteratorIPKalEENSA_IPalEENSA_INS9_17counting_iteratorIjlLi0ELi0ELi0EEElEENS9_18transform_iteratorINS2_26per_segment_indexed_out_opINSA_IPKllEENSA_IPllEEEENSG_IlnLi0ELi0ELi0EEEEENS1_6params13uniform_paramIlLl0ELl268435456EEENSU_IlLl1ELl8388608EEENSU_IlLl1ELl1EEESO_jPyNS1_21identity_decomposer_tEjjEEvT1_T2_T3_T4_T5_T6_T7_T8_PKT9_PNS6_7counterINS8_3std3__415iterator_traitsINS1E_IS10_vE10value_typeEvE10value_typeET12_T13_EEPS1I_PNS1E_INS1E_IS12_vE10value_typeEvE10value_typeES1J_T10_iiT11_
    0 bytes stack frame, 0 bytes spill stores, 0 bytes spill loads
ptxas info    : Used 64 registers, used 0 barriers
ptxas info    : Compile time = 142.936 ms
ptxas info    : Compiling entry function '_ZN3cub17_V_300500_SM_10006detail12batched_topk35device_segmented_topk_filter_kernelINS2_26policy_selector_from_typesIallLl8388608EEELNS1_4topk6selectE0EN4cuda3__417constant_iteratorIPKalEENSA_IPalEENSA_INS9_17counting_iteratorIjlLi0ELi0ELi0EEElEENS9_18transform_iteratorINS2_26per_segment_indexed_out_opINSA_IPKllEENSA_IPllEEEENSG_IlnLi0ELi0ELi0EEEEENS1_6params13uniform_paramIlLl0ELl268435456EEENSU_IlLl1ELl8388608EEENSU_IlLl1ELl1EEESO_jPyNS1_21identity_decomposer_tEjjEEvT1_T2_T3_T4_T5_T6_T7_T8_PKT9_PNS6_7counterINS8_3std3__415iterator_traitsINS1E_IS10_vE10value_typeEvE10value_typeET12_T13_EEPS1J_PS1I_PNS1E_INS1E_IS12_vE10value_typeEvE10value_typeES1O_S1T_S1J_S1J_T10_iibT11_' for 'sm_100'
ptxas info    : Function properties for _ZN3cub17_V_300500_SM_10006detail12batched_topk35device_segmented_topk_filter_kernelINS2_26policy_selector_from_typesIallLl8388608EEELNS1_4topk6selectE0EN4cuda3__417constant_iteratorIPKalEENSA_IPalEENSA_INS9_17counting_iteratorIjlLi0ELi0ELi0EEElEENS9_18transform_iteratorINS2_26per_segment_indexed_out_opINSA_IPKllEENSA_IPllEEEENSG_IlnLi0ELi0ELi0EEEEENS1_6params13uniform_paramIlLl0ELl268435456EEENSU_IlLl1ELl8388608EEENSU_IlLl1ELl1EEESO_jPyNS1_21identity_decomposer_tEjjEEvT1_T2_T3_T4_T5_T6_T7_T8_PKT9_PNS6_7counterINS8_3std3__415iterator_traitsINS1E_IS10_vE10value_typeEvE10value_typeET12_T13_EEPS1J_PS1I_PNS1E_INS1E_IS12_vE10value_typeEvE10value_typeES1O_S1T_S1J_S1J_T10_iibT11_
    0 bytes stack frame, 0 bytes spill stores, 0 bytes spill loads
ptxas info    : Used 64 registers, used 1 barriers, 1028 bytes smem
ptxas info    : Compile time = 81.933 ms
ptxas info    : Compiling entry function '_ZN3cub17_V_300500_SM_10006detail12batched_topk47device_segmented_topk_finalize_histogram_kernelINS2_26policy_selector_from_typesIallLl8388608EEEN4cuda3__417constant_iteratorIPKalEENS1_6params13uniform_paramIlLl0ELl268435456EEENSD_IlLl1ELl8388608EEENSD_IlLl1ELl1EEEPlPyNS1_4topk16extract_bin_op_tIaLNSJ_6selectE0ELi8ENS1_21identity_decomposer_tELb1EEEjjaEEvT0_T1_T2_T3_T4_PNSJ_7counterIT9_T7_T8_EEPSV_T5_T6_ib' for 'sm_100'
ptxas info    : Function properties for _ZN3cub17_V_300500_SM_10006detail12batched_topk47device_segmented_topk_finalize_histogram_kernelINS2_26policy_selector_from_typesIallLl8388608EEEN4cuda3__417constant_iteratorIPKalEENS1_6params13uniform_paramIlLl0ELl268435456EEENSD_IlLl1ELl8388608EEENSD_IlLl1ELl1EEEPlPyNS1_4topk16extract_bin_op_tIaLNSJ_6selectE0ELi8ENS1_21identity_decomposer_tELb1EEEjjaEEvT0_T1_T2_T3_T4_PNSJ_7counterIT9_T7_T8_EEPSV_T5_T6_ib
    0 bytes stack frame, 0 bytes spill stores, 0 bytes spill loads
ptxas info    : Used 32 registers, used 1 barriers, 2048 bytes smem
ptxas info    : Compile time = 11.055 ms
ptxas info    : Compiling entry function '_ZN3cub17_V_300500_SM_10006detail12batched_topk38device_segmented_topk_histogram_kernelINS2_26policy_selector_from_typesIallLl8388608EEEN4cuda3__417constant_iteratorIPKalEENS1_6params13uniform_paramIlLl0ELl268435456EEENSD_IlLl1ELl8388608EEENSD_IlLl1ELl1EEEPljPyNS1_4topk16extract_bin_op_tIaLNSJ_6selectE0ELi8ENS1_21identity_decomposer_tELb1EEEjjjEEvT0_T1_T2_T3_T4_PKT5_PNSJ_7counterINS6_3std3__415iterator_traitsINSZ_ISO_vE10value_typeEvE10value_typeET8_T9_EEPS14_T6_T7_' for 'sm_100'
ptxas info    : Function properties for _ZN3cub17_V_300500_SM_10006detail12batched_topk38device_segmented_topk_histogram_kernelINS2_26policy_selector_from_typesIallLl8388608EEEN4cuda3__417constant_iteratorIPKalEENS1_6params13uniform_paramIlLl0ELl268435456EEENSD_IlLl1ELl8388608EEENSD_IlLl1ELl1EEEPljPyNS1_4topk16extract_bin_op_tIaLNSJ_6selectE0ELi8ENS1_21identity_decomposer_tELb1EEEjjjEEvT0_T1_T2_T3_T4_PKT5_PNSJ_7counterINS6_3std3__415iterator_traitsINSZ_ISO_vE10value_typeEvE10value_typeET8_T9_EEPS14_T6_T7_
    0 bytes stack frame, 0 bytes spill stores, 0 bytes spill loads
ptxas info    : Used 26 registers, used 1 barriers, 1072 bytes smem
ptxas info    : Compile time = 69.851 ms
ptxas info    : Compiling entry function '_ZN3cub17_V_300500_SM_10006detail12batched_topk28device_segmented_topk_kernelINS2_26policy_selector_from_typesIallLl8388608EEEN4cuda3__417constant_iteratorIPKalEENS8_IPalEENS8_IPKllEENS8_IPllEENS1_6params13uniform_paramIlLl0ELl268435456EEENSK_IlLl1ELl8388608EEENSJ_22uniform_discrete_paramINS1_4topk6selectEJLSP_1EEEENSK_IlLl1ELl1EEEjEEvT0_T1_T2_T3_T4_T5_T6_T7_PNS2_21batched_topk_countersINSZ_10value_typeEEEPS11_PT8_' for 'sm_100'
ptxas info    : Function properties for _ZN3cub17_V_300500_SM_10006detail12batched_topk28device_segmented_topk_kernelINS2_26policy_selector_from_typesIallLl8388608EEEN4cuda3__417constant_iteratorIPKalEENS8_IPalEENS8_IPKllEENS8_IPllEENS1_6params13uniform_paramIlLl0ELl268435456EEENSK_IlLl1ELl8388608EEENSJ_22uniform_discrete_paramINS1_4topk6selectEJLSP_1EEEENSK_IlLl1ELl1EEEjEEvT0_T1_T2_T3_T4_T5_T6_T7_PNS2_21batched_topk_countersINSZ_10value_typeEEEPS11_PT8_
    0 bytes stack frame, 0 bytes spill stores, 0 bytes spill loads
ptxas info    : Used 128 registers, used 1 barriers, 33808 bytes smem
ptxas info    : Compile time = 59.108 ms
ptxas info    : Compiling entry function '_ZN3cub17_V_300500_SM_10006detail12batched_topk44device_segmented_topk_finalize_filter_kernelINS2_26policy_selector_from_typesIailLl8388608EEELNS1_4topk6selectE1EN4cuda3__417constant_iteratorIPKalEENSA_IPalEENSA_INS9_17counting_iteratorIjlLi0ELi0ELi0EEElEENS9_18transform_iteratorINS2_26per_segment_indexed_out_opINSA_IPKilEENSA_IPilEEEENSG_IlnLi0ELi0ELi0EEEEENS1_6params13uniform_paramIlLl0ELl268435456EEENSU_IlLl1ELl8388608EEENSU_IlLl1ELl1EEEPljPyNS1_21identity_decomposer_tEjjaEEvT1_T2_T3_T4_T5_T6_T7_T8_PKT9_PNS6_7counterIT14_T12_T13_EEPS1E_PS1D_PNS8_3std3__415iterator_traitsINS1M_IS13_vE10value_typeEvE10value_typeES1J_S1R_T10_S1E_S1E_iiT11_b' for 'sm_100'
ptxas info    : Function properties for _ZN3cub17_V_300500_SM_10006detail12batched_topk44device_segmented_topk_finalize_filter_kernelINS2_26policy_selector_from_typesIailLl8388608EEELNS1_4topk6selectE1EN4cuda3__417constant_iteratorIPKalEENSA_IPalEENSA_INS9_17counting_iteratorIjlLi0ELi0ELi0EEElEENS9_18transform_iteratorINS2_26per_segment_indexed_out_opINSA_IPKilEENSA_IPilEEEENSG_IlnLi0ELi0ELi0EEEEENS1_6params13uniform_paramIlLl0ELl268435456EEENSU_IlLl1ELl8388608EEENSU_IlLl1ELl1EEEPljPyNS1_21identity_decomposer_tEjjaEEvT1_T2_T3_T4_T5_T6_T7_T8_PKT9_PNS6_7counterIT14_T12_T13_EEPS1E_PS1D_PNS8_3std3__415iterator_traitsINS1M_IS13_vE10value_typeEvE10value_typeES1J_S1R_T10_S1E_S1E_iiT11_b
    0 bytes stack frame, 0 bytes spill stores, 0 bytes spill loads
ptxas info    : Used 118 registers, used 1 barriers, 2048 bytes smem
ptxas info    : Compile time = 68.053 ms
ptxas info    : Compiling entry function '_ZN3cub17_V_300500_SM_10006detail12batched_topk40device_segmented_topk_last_filter_kernelINS2_26policy_selector_from_typesIailLl8388608EEELNS1_4topk6selectE1EN4cuda3__417constant_iteratorIPKalEENSA_IPalEENSA_INS9_17counting_iteratorIjlLi0ELi0ELi0EEElEENS9_18transform_iteratorINS2_26per_segment_indexed_out_opINSA_IPKilEENSA_IPilEEEENSG_IlnLi0ELi0ELi0EEEEENS1_6params13uniform_paramIlLl0ELl268435456EEENSU_IlLl1ELl8388608EEENSU_IlLl1ELl1EEEPljPyNS1_21identity_decomposer_tEjjEEvT1_T2_T3_T4_T5_T6_T7_T8_PKT9_PNS6_7counterINS8_3std3__415iterator_traitsINS1F_IS11_vE10value_typeEvE10value_typeET12_T13_EEPS1J_PNS1F_INS1F_IS13_vE10value_typeEvE10value_typeES1K_T10_iiT11_' for 'sm_100'
ptxas info    : Function properties for _ZN3cub17_V_300500_SM_10006detail12batched_topk40device_segmented_topk_last_filter_kernelINS2_26policy_selector_from_typesIailLl8388608EEELNS1_4topk6selectE1EN4cuda3__417constant_iteratorIPKalEENSA_IPalEENSA_INS9_17counting_iteratorIjlLi0ELi0ELi0EEElEENS9_18transform_iteratorINS2_26per_segment_indexed_out_opINSA_IPKilEENSA_IPilEEEENSG_IlnLi0ELi0ELi0EEEEENS1_6params13uniform_paramIlLl0ELl268435456EEENSU_IlLl1ELl8388608EEENSU_IlLl1ELl1EEEPljPyNS1_21identity_decomposer_tEjjEEvT1_T2_T3_T4_T5_T6_T7_T8_PKT9_PNS6_7counterINS8_3std3__415iterator_traitsINS1F_IS11_vE10value_typeEvE10value_typeET12_T13_EEPS1J_PNS1F_INS1F_IS13_vE10value_typeEvE10value_typeES1K_T10_iiT11_
    0 bytes stack frame, 0 bytes spill stores, 0 bytes spill loads
ptxas info    : Used 64 registers, used 0 barriers
ptxas info    : Compile time = 143.051 ms
ptxas info    : Compiling entry function '_ZN3cub17_V_300500_SM_10006detail12batched_topk35device_segmented_topk_filter_kernelINS2_26policy_selector_from_typesIailLl8388608EEELNS1_4topk6selectE1EN4cuda3__417constant_iteratorIPKalEENSA_IPalEENSA_INS9_17counting_iteratorIjlLi0ELi0ELi0EEElEENS9_18transform_iteratorINS2_26per_segment_indexed_out_opINSA_IPKilEENSA_IPilEEEENSG_IlnLi0ELi0ELi0EEEEENS1_6params13uniform_paramIlLl0ELl268435456EEENSU_IlLl1ELl8388608EEENSU_IlLl1ELl1EEEPljPyNS1_21identity_decomposer_tEjjEEvT1_T2_T3_T4_T5_T6_T7_T8_PKT9_PNS6_7counterINS8_3std3__415iterator_traitsINS1F_IS11_vE10value_typeEvE10value_typeET12_T13_EEPS1K_PS1J_PNS1F_INS1F_IS13_vE10value_typeEvE10value_typeES1P_S1U_S1K_S1K_T10_iibT11_' for 'sm_100'
ptxas info    : Function properties for _ZN3cub17_V_300500_SM_10006detail12batched_topk35device_segmented_topk_filter_kernelINS2_26policy_selector_from_typesIailLl8388608EEELNS1_4topk6selectE1EN4cuda3__417constant_iteratorIPKalEENSA_IPalEENSA_INS9_17counting_iteratorIjlLi0ELi0ELi0EEElEENS9_18transform_iteratorINS2_26per_segment_indexed_out_opINSA_IPKilEENSA_IPilEEEENSG_IlnLi0ELi0ELi0EEEEENS1_6params13uniform_paramIlLl0ELl268435456EEENSU_IlLl1ELl8388608EEENSU_IlLl1ELl1EEEPljPyNS1_21identity_decomposer_tEjjEEvT1_T2_T3_T4_T5_T6_T7_T8_PKT9_PNS6_7counterINS8_3std3__415iterator_traitsINS1F_IS11_vE10value_typeEvE10value_typeET12_T13_EEPS1K_PS1J_PNS1F_INS1F_IS13_vE10value_typeEvE10value_typeES1P_S1U_S1K_S1K_T10_iibT11_
    0 bytes stack frame, 0 bytes spill stores, 0 bytes spill loads
ptxas info    : Used 64 registers, used 1 barriers, 1028 bytes smem
ptxas info    : Compile time = 77.155 ms
ptxas info    : Compiling entry function '_ZN3cub17_V_300500_SM_10006detail12batched_topk47device_segmented_topk_finalize_histogram_kernelINS2_26policy_selector_from_typesIailLl8388608EEEN4cuda3__417constant_iteratorIPKalEENS1_6params13uniform_paramIlLl0ELl268435456EEENSD_IlLl1ELl8388608EEENSD_IlLl1ELl1EEEPlPyNS1_4topk16extract_bin_op_tIaLNSJ_6selectE1ELi8ENS1_21identity_decomposer_tELb1EEEjjaEEvT0_T1_T2_T3_T4_PNSJ_7counterIT9_T7_T8_EEPSV_T5_T6_ib' for 'sm_100'
ptxas info    : Function properties for _ZN3cub17_V_300500_SM_10006detail12batched_topk47device_segmented_topk_finalize_histogram_kernelINS2_26policy_selector_from_typesIailLl8388608EEEN4cuda3__417constant_iteratorIPKalEENS1_6params13uniform_paramIlLl0ELl268435456EEENSD_IlLl1ELl8388608EEENSD_IlLl1ELl1EEEPlPyNS1_4topk16extract_bin_op_tIaLNSJ_6selectE1ELi8ENS1_21identity_decomposer_tELb1EEEjjaEEvT0_T1_T2_T3_T4_PNSJ_7counterIT9_T7_T8_EEPSV_T5_T6_ib
    0 bytes stack frame, 0 bytes spill stores, 0 bytes spill loads
ptxas info    : Used 32 registers, used 1 barriers, 2048 bytes smem
ptxas info    : Compile time = 11.032 ms
ptxas info    : Compiling entry function '_ZN3cub17_V_300500_SM_10006detail12batched_topk38device_segmented_topk_histogram_kernelINS2_26policy_selector_from_typesIailLl8388608EEEN4cuda3__417constant_iteratorIPKalEENS1_6params13uniform_paramIlLl0ELl268435456EEENSD_IlLl1ELl8388608EEENSD_IlLl1ELl1EEEPljPyNS1_4topk16extract_bin_op_tIaLNSJ_6selectE1ELi8ENS1_21identity_decomposer_tELb1EEEjjjEEvT0_T1_T2_T3_T4_PKT5_PNSJ_7counterINS6_3std3__415iterator_traitsINSZ_ISO_vE10value_typeEvE10value_typeET8_T9_EEPS14_T6_T7_' for 'sm_100'
ptxas info    : Function properties for _ZN3cub17_V_300500_SM_10006detail12batched_topk38device_segmented_topk_histogram_kernelINS2_26policy_selector_from_typesIailLl8388608EEEN4cuda3__417constant_iteratorIPKalEENS1_6params13uniform_paramIlLl0ELl268435456EEENSD_IlLl1ELl8388608EEENSD_IlLl1ELl1EEEPljPyNS1_4topk16extract_bin_op_tIaLNSJ_6selectE1ELi8ENS1_21identity_decomposer_tELb1EEEjjjEEvT0_T1_T2_T3_T4_PKT5_PNSJ_7counterINS6_3std3__415iterator_traitsINSZ_ISO_vE10value_typeEvE10value_typeET8_T9_EEPS14_T6_T7_
    0 bytes stack frame, 0 bytes spill stores, 0 bytes spill loads
ptxas info    : Used 26 registers, used 1 barriers, 1072 bytes smem
ptxas info    : Compile time = 67.810 ms
ptxas info    : Compiling entry function '_ZN3cub17_V_300500_SM_10006detail12batched_topk44device_segmented_topk_finalize_filter_kernelINS2_26policy_selector_from_typesIailLl8388608EEELNS1_4topk6selectE0EN4cuda3__417constant_iteratorIPKalEENSA_IPalEENSA_INS9_17counting_iteratorIjlLi0ELi0ELi0EEElEENS9_18transform_iteratorINS2_26per_segment_indexed_out_opINSA_IPKilEENSA_IPilEEEENSG_IlnLi0ELi0ELi0EEEEENS1_6params13uniform_paramIlLl0ELl268435456EEENSU_IlLl1ELl8388608EEENSU_IlLl1ELl1EEEPljPyNS1_21identity_decomposer_tEjjaEEvT1_T2_T3_T4_T5_T6_T7_T8_PKT9_PNS6_7counterIT14_T12_T13_EEPS1E_PS1D_PNS8_3std3__415iterator_traitsINS1M_IS13_vE10value_typeEvE10value_typeES1J_S1R_T10_S1E_S1E_iiT11_b' for 'sm_100'
ptxas info    : Function properties for _ZN3cub17_V_300500_SM_10006detail12batched_topk44device_segmented_topk_finalize_filter_kernelINS2_26policy_selector_from_typesIailLl8388608EEELNS1_4topk6selectE0EN4cuda3__417constant_iteratorIPKalEENSA_IPalEENSA_INS9_17counting_iteratorIjlLi0ELi0ELi0EEElEENS9_18transform_iteratorINS2_26per_segment_indexed_out_opINSA_IPKilEENSA_IPilEEEENSG_IlnLi0ELi0ELi0EEEEENS1_6params13uniform_paramIlLl0ELl268435456EEENSU_IlLl1ELl8388608EEENSU_IlLl1ELl1EEEPljPyNS1_21identity_decomposer_tEjjaEEvT1_T2_T3_T4_T5_T6_T7_T8_PKT9_PNS6_7counterIT14_T12_T13_EEPS1E_PS1D_PNS8_3std3__415iterator_traitsINS1M_IS13_vE10value_typeEvE10value_typeES1J_S1R_T10_S1E_S1E_iiT11_b
    0 bytes stack frame, 0 bytes spill stores, 0 bytes spill loads
ptxas info    : Used 118 registers, used 1 barriers, 2048 bytes smem
ptxas info    : Compile time = 69.260 ms
ptxas info    : Compiling entry function '_ZN3cub17_V_300500_SM_10006detail12batched_topk40device_segmented_topk_last_filter_kernelINS2_26policy_selector_from_typesIailLl8388608EEELNS1_4topk6selectE0EN4cuda3__417constant_iteratorIPKalEENSA_IPalEENSA_INS9_17counting_iteratorIjlLi0ELi0ELi0EEElEENS9_18transform_iteratorINS2_26per_segment_indexed_out_opINSA_IPKilEENSA_IPilEEEENSG_IlnLi0ELi0ELi0EEEEENS1_6params13uniform_paramIlLl0ELl268435456EEENSU_IlLl1ELl8388608EEENSU_IlLl1ELl1EEEPljPyNS1_21identity_decomposer_tEjjEEvT1_T2_T3_T4_T5_T6_T7_T8_PKT9_PNS6_7counterINS8_3std3__415iterator_traitsINS1F_IS11_vE10value_typeEvE10value_typeET12_T13_EEPS1J_PNS1F_INS1F_IS13_vE10value_typeEvE10value_typeES1K_T10_iiT11_' for 'sm_100'
ptxas info    : Function properties for _ZN3cub17_V_300500_SM_10006detail12batched_topk40device_segmented_topk_last_filter_kernelINS2_26policy_selector_from_typesIailLl8388608EEELNS1_4topk6selectE0EN4cuda3__417constant_iteratorIPKalEENSA_IPalEENSA_INS9_17counting_iteratorIjlLi0ELi0ELi0EEElEENS9_18transform_iteratorINS2_26per_segment_indexed_out_opINSA_IPKilEENSA_IPilEEEENSG_IlnLi0ELi0ELi0EEEEENS1_6params13uniform_paramIlLl0ELl268435456EEENSU_IlLl1ELl8388608EEENSU_IlLl1ELl1EEEPljPyNS1_21identity_decomposer_tEjjEEvT1_T2_T3_T4_T5_T6_T7_T8_PKT9_PNS6_7counterINS8_3std3__415iterator_traitsINS1F_IS11_vE10value_typeEvE10value_typeET12_T13_EEPS1J_PNS1F_INS1F_IS13_vE10value_typeEvE10value_typeES1K_T10_iiT11_
    0 bytes stack frame, 0 bytes spill stores, 0 bytes spill loads
ptxas info    : Used 64 registers, used 0 barriers
ptxas info    : Compile time = 141.232 ms
ptxas info    : Compiling entry function '_ZN3cub17_V_300500_SM_10006detail12batched_topk35device_segmented_topk_filter_kernelINS2_26policy_selector_from_typesIailLl8388608EEELNS1_4topk6selectE0EN4cuda3__417constant_iteratorIPKalEENSA_IPalEENSA_INS9_17counting_iteratorIjlLi0ELi0ELi0EEElEENS9_18transform_iteratorINS2_26per_segment_indexed_out_opINSA_IPKilEENSA_IPilEEEENSG_IlnLi0ELi0ELi0EEEEENS1_6params13uniform_paramIlLl0ELl268435456EEENSU_IlLl1ELl8388608EEENSU_IlLl1ELl1EEEPljPyNS1_21identity_decomposer_tEjjEEvT1_T2_T3_T4_T5_T6_T7_T8_PKT9_PNS6_7counterINS8_3std3__415iterator_traitsINS1F_IS11_vE10value_typeEvE10value_typeET12_T13_EEPS1K_PS1J_PNS1F_INS1F_IS13_vE10value_typeEvE10value_typeES1P_S1U_S1K_S1K_T10_iibT11_' for 'sm_100'
ptxas info    : Function properties for _ZN3cub17_V_300500_SM_10006detail12batched_topk35device_segmented_topk_filter_kernelINS2_26policy_selector_from_typesIailLl8388608EEELNS1_4topk6selectE0EN4cuda3__417constant_iteratorIPKalEENSA_IPalEENSA_INS9_17counting_iteratorIjlLi0ELi0ELi0EEElEENS9_18transform_iteratorINS2_26per_segment_indexed_out_opINSA_IPKilEENSA_IPilEEEENSG_IlnLi0ELi0ELi0EEEEENS1_6params13uniform_paramIlLl0ELl268435456EEENSU_IlLl1ELl8388608EEENSU_IlLl1ELl1EEEPljPyNS1_21identity_decomposer_tEjjEEvT1_T2_T3_T4_T5_T6_T7_T8_PKT9_PNS6_7counterINS8_3std3__415iterator_traitsINS1F_IS11_vE10value_typeEvE10value_typeET12_T13_EEPS1K_PS1J_PNS1F_INS1F_IS13_vE10value_typeEvE10value_typeES1P_S1U_S1K_S1K_T10_iibT11_
    0 bytes stack frame, 0 bytes spill stores, 0 bytes spill loads
ptxas info    : Used 64 registers, used 1 barriers, 1028 bytes smem
ptxas info    : Compile time = 77.980 ms
ptxas info    : Compiling entry function '_ZN3cub17_V_300500_SM_10006detail12batched_topk47device_segmented_topk_finalize_histogram_kernelINS2_26policy_selector_from_typesIailLl8388608EEEN4cuda3__417constant_iteratorIPKalEENS1_6params13uniform_paramIlLl0ELl268435456EEENSD_IlLl1ELl8388608EEENSD_IlLl1ELl1EEEPlPyNS1_4topk16extract_bin_op_tIaLNSJ_6selectE0ELi8ENS1_21identity_decomposer_tELb1EEEjjaEEvT0_T1_T2_T3_T4_PNSJ_7counterIT9_T7_T8_EEPSV_T5_T6_ib' for 'sm_100'
ptxas info    : Function properties for _ZN3cub17_V_300500_SM_10006detail12batched_topk47device_segmented_topk_finalize_histogram_kernelINS2_26policy_selector_from_typesIailLl8388608EEEN4cuda3__417constant_iteratorIPKalEENS1_6params13uniform_paramIlLl0ELl268435456EEENSD_IlLl1ELl8388608EEENSD_IlLl1ELl1EEEPlPyNS1_4topk16extract_bin_op_tIaLNSJ_6selectE0ELi8ENS1_21identity_decomposer_tELb1EEEjjaEEvT0_T1_T2_T3_T4_PNSJ_7counterIT9_T7_T8_EEPSV_T5_T6_ib
    0 bytes stack frame, 0 bytes spill stores, 0 bytes spill loads
ptxas info    : Used 32 registers, used 1 barriers, 2048 bytes smem
ptxas info    : Compile time = 11.043 ms
ptxas info    : Compiling entry function '_ZN3cub17_V_300500_SM_10006detail12batched_topk38device_segmented_topk_histogram_kernelINS2_26policy_selector_from_typesIailLl8388608EEEN4cuda3__417constant_iteratorIPKalEENS1_6params13uniform_paramIlLl0ELl268435456EEENSD_IlLl1ELl8388608EEENSD_IlLl1ELl1EEEPljPyNS1_4topk16extract_bin_op_tIaLNSJ_6selectE0ELi8ENS1_21identity_decomposer_tELb1EEEjjjEEvT0_T1_T2_T3_T4_PKT5_PNSJ_7counterINS6_3std3__415iterator_traitsINSZ_ISO_vE10value_typeEvE10value_typeET8_T9_EEPS14_T6_T7_' for 'sm_100'
ptxas info    : Function properties for _ZN3cub17_V_300500_SM_10006detail12batched_topk38device_segmented_topk_histogram_kernelINS2_26policy_selector_from_typesIailLl8388608EEEN4cuda3__417constant_iteratorIPKalEENS1_6params13uniform_paramIlLl0ELl268435456EEENSD_IlLl1ELl8388608EEENSD_IlLl1ELl1EEEPljPyNS1_4topk16extract_bin_op_tIaLNSJ_6selectE0ELi8ENS1_21identity_decomposer_tELb1EEEjjjEEvT0_T1_T2_T3_T4_PKT5_PNSJ_7counterINS6_3std3__415iterator_traitsINSZ_ISO_vE10value_typeEvE10value_typeET8_T9_EEPS14_T6_T7_
    0 bytes stack frame, 0 bytes spill stores, 0 bytes spill loads
ptxas info    : Used 26 registers, used 1 barriers, 1072 bytes smem
ptxas info    : Compile time = 67.616 ms
ptxas info    : Compiling entry function '_ZN3cub17_V_300500_SM_10006detail12batched_topk28device_segmented_topk_kernelINS2_26policy_selector_from_typesIailLl8388608EEEN4cuda3__417constant_iteratorIPKalEENS8_IPalEENS8_IPKilEENS8_IPilEENS1_6params13uniform_paramIlLl0ELl268435456EEENSK_IlLl1ELl8388608EEENSJ_22uniform_discrete_paramINS1_4topk6selectEJLSP_1EEEENSK_IlLl1ELl1EEEjEEvT0_T1_T2_T3_T4_T5_T6_T7_PNS2_21batched_topk_countersINSZ_10value_typeEEEPS11_PT8_' for 'sm_100'
ptxas info    : Function properties for _ZN3cub17_V_300500_SM_10006detail12batched_topk28device_segmented_topk_kernelINS2_26policy_selector_from_typesIailLl8388608EEEN4cuda3__417constant_iteratorIPKalEENS8_IPalEENS8_IPKilEENS8_IPilEENS1_6params13uniform_paramIlLl0ELl268435456EEENSK_IlLl1ELl8388608EEENSJ_22uniform_discrete_paramINS1_4topk6selectEJLSP_1EEEENSK_IlLl1ELl1EEEjEEvT0_T1_T2_T3_T4_T5_T6_T7_PNS2_21batched_topk_countersINSZ_10value_typeEEEPS11_PT8_
    0 bytes stack frame, 0 bytes spill stores, 0 bytes spill loads
ptxas info    : Used 255 registers, used 1 barriers, 33808 bytes smem
ptxas info    : Compile time = 122.645 ms
ptxas info    : Compiling entry function '_ZN3cub17_V_300500_SM_10006detail12batched_topk44device_segmented_topk_finalize_filter_kernelINS2_26policy_selector_from_typesIaslLl8388608EEELNS1_4topk6selectE1EN4cuda3__417constant_iteratorIPKalEENSA_IPalEENSA_INS9_17counting_iteratorIjlLi0ELi0ELi0EEElEENS9_18transform_iteratorINS2_26per_segment_indexed_out_opINSA_IPKslEENSA_IPslEEEENSG_IlnLi0ELi0ELi0EEEEENS1_6params13uniform_paramIlLl0ELl268435456EEENSU_IlLl1ELl8388608EEENSU_IlLl1ELl1EEEPljPyNS1_21identity_decomposer_tEjjaEEvT1_T2_T3_T4_T5_T6_T7_T8_PKT9_PNS6_7counterIT14_T12_T13_EEPS1E_PS1D_PNS8_3std3__415iterator_traitsINS1M_IS13_vE10value_typeEvE10value_typeES1J_S1R_T10_S1E_S1E_iiT11_b' for 'sm_100'
ptxas info    : Function properties for _ZN3cub17_V_300500_SM_10006detail12batched_topk44device_segmented_topk_finalize_filter_kernelINS2_26policy_selector_from_typesIaslLl8388608EEELNS1_4topk6selectE1EN4cuda3__417constant_iteratorIPKalEENSA_IPalEENSA_INS9_17counting_iteratorIjlLi0ELi0ELi0EEElEENS9_18transform_iteratorINS2_26per_segment_indexed_out_opINSA_IPKslEENSA_IPslEEEENSG_IlnLi0ELi0ELi0EEEEENS1_6params13uniform_paramIlLl0ELl268435456EEENSU_IlLl1ELl8388608EEENSU_IlLl1ELl1EEEPljPyNS1_21identity_decomposer_tEjjaEEvT1_T2_T3_T4_T5_T6_T7_T8_PKT9_PNS6_7counterIT14_T12_T13_EEPS1E_PS1D_PNS8_3std3__415iterator_traitsINS1M_IS13_vE10value_typeEvE10value_typeES1J_S1R_T10_S1E_S1E_iiT11_b
    0 bytes stack frame, 0 bytes spill stores, 0 bytes spill loads
ptxas info    : Used 118 registers, used 1 barriers, 2048 bytes smem
ptxas info    : Compile time = 68.844 ms
ptxas info    : Compiling entry function '_ZN3cub17_V_300500_SM_10006detail12batched_topk40device_segmented_topk_last_filter_kernelINS2_26policy_selector_from_typesIaslLl8388608EEELNS1_4topk6selectE1EN4cuda3__417constant_iteratorIPKalEENSA_IPalEENSA_INS9_17counting_iteratorIjlLi0ELi0ELi0EEElEENS9_18transform_iteratorINS2_26per_segment_indexed_out_opINSA_IPKslEENSA_IPslEEEENSG_IlnLi0ELi0ELi0EEEEENS1_6params13uniform_paramIlLl0ELl268435456EEENSU_IlLl1ELl8388608EEENSU_IlLl1ELl1EEEPljPyNS1_21identity_decomposer_tEjjEEvT1_T2_T3_T4_T5_T6_T7_T8_PKT9_PNS6_7counterINS8_3std3__415iterator_traitsINS1F_IS11_vE10value_typeEvE10value_typeET12_T13_EEPS1J_PNS1F_INS1F_IS13_vE10value_typeEvE10value_typeES1K_T10_iiT11_' for 'sm_100'
ptxas info    : Function properties for _ZN3cub17_V_300500_SM_10006detail12batched_topk40device_segmented_topk_last_filter_kernelINS2_26policy_selector_from_typesIaslLl8388608EEELNS1_4topk6selectE1EN4cuda3__417constant_iteratorIPKalEENSA_IPalEENSA_INS9_17counting_iteratorIjlLi0ELi0ELi0EEElEENS9_18transform_iteratorINS2_26per_segment_indexed_out_opINSA_IPKslEENSA_IPslEEEENSG_IlnLi0ELi0ELi0EEEEENS1_6params13uniform_paramIlLl0ELl268435456EEENSU_IlLl1ELl8388608EEENSU_IlLl1ELl1EEEPljPyNS1_21identity_decomposer_tEjjEEvT1_T2_T3_T4_T5_T6_T7_T8_PKT9_PNS6_7counterINS8_3std3__415iterator_traitsINS1F_IS11_vE10value_typeEvE10value_typeET12_T13_EEPS1J_PNS1F_INS1F_IS13_vE10value_typeEvE10value_typeES1K_T10_iiT11_
    0 bytes stack frame, 0 bytes spill stores, 0 bytes spill loads
ptxas info    : Used 64 registers, used 0 barriers
ptxas info    : Compile time = 142.454 ms
ptxas info    : Compiling entry function '_ZN3cub17_V_300500_SM_10006detail12batched_topk35device_segmented_topk_filter_kernelINS2_26policy_selector_from_typesIaslLl8388608EEELNS1_4topk6selectE1EN4cuda3__417constant_iteratorIPKalEENSA_IPalEENSA_INS9_17counting_iteratorIjlLi0ELi0ELi0EEElEENS9_18transform_iteratorINS2_26per_segment_indexed_out_opINSA_IPKslEENSA_IPslEEEENSG_IlnLi0ELi0ELi0EEEEENS1_6params13uniform_paramIlLl0ELl268435456EEENSU_IlLl1ELl8388608EEENSU_IlLl1ELl1EEEPljPyNS1_21identity_decomposer_tEjjEEvT1_T2_T3_T4_T5_T6_T7_T8_PKT9_PNS6_7counterINS8_3std3__415iterator_traitsINS1F_IS11_vE10value_typeEvE10value_typeET12_T13_EEPS1K_PS1J_PNS1F_INS1F_IS13_vE10value_typeEvE10value_typeES1P_S1U_S1K_S1K_T10_iibT11_' for 'sm_100'
ptxas info    : Function properties for _ZN3cub17_V_300500_SM_10006detail12batched_topk35device_segmented_topk_filter_kernelINS2_26policy_selector_from_typesIaslLl8388608EEELNS1_4topk6selectE1EN4cuda3__417constant_iteratorIPKalEENSA_IPalEENSA_INS9_17counting_iteratorIjlLi0ELi0ELi0EEElEENS9_18transform_iteratorINS2_26per_segment_indexed_out_opINSA_IPKslEENSA_IPslEEEENSG_IlnLi0ELi0ELi0EEEEENS1_6params13uniform_paramIlLl0ELl268435456EEENSU_IlLl1ELl8388608EEENSU_IlLl1ELl1EEEPljPyNS1_21identity_decomposer_tEjjEEvT1_T2_T3_T4_T5_T6_T7_T8_PKT9_PNS6_7counterINS8_3std3__415iterator_traitsINS1F_IS11_vE10value_typeEvE10value_typeET12_T13_EEPS1K_PS1J_PNS1F_INS1F_IS13_vE10value_typeEvE10value_typeES1P_S1U_S1K_S1K_T10_iibT11_
    0 bytes stack frame, 0 bytes spill stores, 0 bytes spill loads
ptxas info    : Used 64 registers, used 1 barriers, 1028 bytes smem
ptxas info    : Compile time = 78.052 ms
ptxas info    : Compiling entry function '_ZN3cub17_V_300500_SM_10006detail12batched_topk47device_segmented_topk_finalize_histogram_kernelINS2_26policy_selector_from_typesIaslLl8388608EEEN4cuda3__417constant_iteratorIPKalEENS1_6params13uniform_paramIlLl0ELl268435456EEENSD_IlLl1ELl8388608EEENSD_IlLl1ELl1EEEPlPyNS1_4topk16extract_bin_op_tIaLNSJ_6selectE1ELi8ENS1_21identity_decomposer_tELb1EEEjjaEEvT0_T1_T2_T3_T4_PNSJ_7counterIT9_T7_T8_EEPSV_T5_T6_ib' for 'sm_100'
ptxas info    : Function properties for _ZN3cub17_V_300500_SM_10006detail12batched_topk47device_segmented_topk_finalize_histogram_kernelINS2_26policy_selector_from_typesIaslLl8388608EEEN4cuda3__417constant_iteratorIPKalEENS1_6params13uniform_paramIlLl0ELl268435456EEENSD_IlLl1ELl8388608EEENSD_IlLl1ELl1EEEPlPyNS1_4topk16extract_bin_op_tIaLNSJ_6selectE1ELi8ENS1_21identity_decomposer_tELb1EEEjjaEEvT0_T1_T2_T3_T4_PNSJ_7counterIT9_T7_T8_EEPSV_T5_T6_ib
    0 bytes stack frame, 0 bytes spill stores, 0 bytes spill loads
ptxas info    : Used 32 registers, used 1 barriers, 2048 bytes smem
ptxas info    : Compile time = 11.041 ms
ptxas info    : Compiling entry function '_ZN3cub17_V_300500_SM_10006detail12batched_topk38device_segmented_topk_histogram_kernelINS2_26policy_selector_from_typesIaslLl8388608EEEN4cuda3__417constant_iteratorIPKalEENS1_6params13uniform_paramIlLl0ELl268435456EEENSD_IlLl1ELl8388608EEENSD_IlLl1ELl1EEEPljPyNS1_4topk16extract_bin_op_tIaLNSJ_6selectE1ELi8ENS1_21identity_decomposer_tELb1EEEjjjEEvT0_T1_T2_T3_T4_PKT5_PNSJ_7counterINS6_3std3__415iterator_traitsINSZ_ISO_vE10value_typeEvE10value_typeET8_T9_EEPS14_T6_T7_' for 'sm_100'
ptxas info    : Function properties for _ZN3cub17_V_300500_SM_10006detail12batched_topk38device_segmented_topk_histogram_kernelINS2_26policy_selector_from_typesIaslLl8388608EEEN4cuda3__417constant_iteratorIPKalEENS1_6params13uniform_paramIlLl0ELl268435456EEENSD_IlLl1ELl8388608EEENSD_IlLl1ELl1EEEPljPyNS1_4topk16extract_bin_op_tIaLNSJ_6selectE1ELi8ENS1_21identity_decomposer_tELb1EEEjjjEEvT0_T1_T2_T3_T4_PKT5_PNSJ_7counterINS6_3std3__415iterator_traitsINSZ_ISO_vE10value_typeEvE10value_typeET8_T9_EEPS14_T6_T7_
    0 bytes stack frame, 0 bytes spill stores, 0 bytes spill loads
ptxas info    : Used 26 registers, used 1 barriers, 1072 bytes smem
ptxas info    : Compile time = 70.472 ms
ptxas info    : Compiling entry function '_ZN3cub17_V_300500_SM_10006detail12batched_topk44device_segmented_topk_finalize_filter_kernelINS2_26policy_selector_from_typesIaslLl8388608EEELNS1_4topk6selectE0EN4cuda3__417constant_iteratorIPKalEENSA_IPalEENSA_INS9_17counting_iteratorIjlLi0ELi0ELi0EEElEENS9_18transform_iteratorINS2_26per_segment_indexed_out_opINSA_IPKslEENSA_IPslEEEENSG_IlnLi0ELi0ELi0EEEEENS1_6params13uniform_paramIlLl0ELl268435456EEENSU_IlLl1ELl8388608EEENSU_IlLl1ELl1EEEPljPyNS1_21identity_decomposer_tEjjaEEvT1_T2_T3_T4_T5_T6_T7_T8_PKT9_PNS6_7counterIT14_T12_T13_EEPS1E_PS1D_PNS8_3std3__415iterator_traitsINS1M_IS13_vE10value_typeEvE10value_typeES1J_S1R_T10_S1E_S1E_iiT11_b' for 'sm_100'
ptxas info    : Function properties for _ZN3cub17_V_300500_SM_10006detail12batched_topk44device_segmented_topk_finalize_filter_kernelINS2_26policy_selector_from_typesIaslLl8388608EEELNS1_4topk6selectE0EN4cuda3__417constant_iteratorIPKalEENSA_IPalEENSA_INS9_17counting_iteratorIjlLi0ELi0ELi0EEElEENS9_18transform_iteratorINS2_26per_segment_indexed_out_opINSA_IPKslEENSA_IPslEEEENSG_IlnLi0ELi0ELi0EEEEENS1_6params13uniform_paramIlLl0ELl268435456EEENSU_IlLl1ELl8388608EEENSU_IlLl1ELl1EEEPljPyNS1_21identity_decomposer_tEjjaEEvT1_T2_T3_T4_T5_T6_T7_T8_PKT9_PNS6_7counterIT14_T12_T13_EEPS1E_PS1D_PNS8_3std3__415iterator_traitsINS1M_IS13_vE10value_typeEvE10value_typeES1J_S1R_T10_S1E_S1E_iiT11_b
    0 bytes stack frame, 0 bytes spill stores, 0 bytes spill loads
ptxas info    : Used 118 registers, used 1 barriers, 2048 bytes smem
ptxas info    : Compile time = 71.022 ms
ptxas info    : Compiling entry function '_ZN3cub17_V_300500_SM_10006detail12batched_topk40device_segmented_topk_last_filter_kernelINS2_26policy_selector_from_typesIaslLl8388608EEELNS1_4topk6selectE0EN4cuda3__417constant_iteratorIPKalEENSA_IPalEENSA_INS9_17counting_iteratorIjlLi0ELi0ELi0EEElEENS9_18transform_iteratorINS2_26per_segment_indexed_out_opINSA_IPKslEENSA_IPslEEEENSG_IlnLi0ELi0ELi0EEEEENS1_6params13uniform_paramIlLl0ELl268435456EEENSU_IlLl1ELl8388608EEENSU_IlLl1ELl1EEEPljPyNS1_21identity_decomposer_tEjjEEvT1_T2_T3_T4_T5_T6_T7_T8_PKT9_PNS6_7counterINS8_3std3__415iterator_traitsINS1F_IS11_vE10value_typeEvE10value_typeET12_T13_EEPS1J_PNS1F_INS1F_IS13_vE10value_typeEvE10value_typeES1K_T10_iiT11_' for 'sm_100'
ptxas info    : Function properties for _ZN3cub17_V_300500_SM_10006detail12batched_topk40device_segmented_topk_last_filter_kernelINS2_26policy_selector_from_typesIaslLl8388608EEELNS1_4topk6selectE0EN4cuda3__417constant_iteratorIPKalEENSA_IPalEENSA_INS9_17counting_iteratorIjlLi0ELi0ELi0EEElEENS9_18transform_iteratorINS2_26per_segment_indexed_out_opINSA_IPKslEENSA_IPslEEEENSG_IlnLi0ELi0ELi0EEEEENS1_6params13uniform_paramIlLl0ELl268435456EEENSU_IlLl1ELl8388608EEENSU_IlLl1ELl1EEEPljPyNS1_21identity_decomposer_tEjjEEvT1_T2_T3_T4_T5_T6_T7_T8_PKT9_PNS6_7counterINS8_3std3__415iterator_traitsINS1F_IS11_vE10value_typeEvE10value_typeET12_T13_EEPS1J_PNS1F_INS1F_IS13_vE10value_typeEvE10value_typeES1K_T10_iiT11_
    0 bytes stack frame, 0 bytes spill stores, 0 bytes spill loads
ptxas info    : Used 64 registers, used 0 barriers
ptxas info    : Compile time = 140.838 ms
ptxas info    : Compiling entry function '_ZN3cub17_V_300500_SM_10006detail12batched_topk35device_segmented_topk_filter_kernelINS2_26policy_selector_from_typesIaslLl8388608EEELNS1_4topk6selectE0EN4cuda3__417constant_iteratorIPKalEENSA_IPalEENSA_INS9_17counting_iteratorIjlLi0ELi0ELi0EEElEENS9_18transform_iteratorINS2_26per_segment_indexed_out_opINSA_IPKslEENSA_IPslEEEENSG_IlnLi0ELi0ELi0EEEEENS1_6params13uniform_paramIlLl0ELl268435456EEENSU_IlLl1ELl8388608EEENSU_IlLl1ELl1EEEPljPyNS1_21identity_decomposer_tEjjEEvT1_T2_T3_T4_T5_T6_T7_T8_PKT9_PNS6_7counterINS8_3std3__415iterator_traitsINS1F_IS11_vE10value_typeEvE10value_typeET12_T13_EEPS1K_PS1J_PNS1F_INS1F_IS13_vE10value_typeEvE10value_typeES1P_S1U_S1K_S1K_T10_iibT11_' for 'sm_100'
ptxas info    : Function properties for _ZN3cub17_V_300500_SM_10006detail12batched_topk35device_segmented_topk_filter_kernelINS2_26policy_selector_from_typesIaslLl8388608EEELNS1_4topk6selectE0EN4cuda3__417constant_iteratorIPKalEENSA_IPalEENSA_INS9_17counting_iteratorIjlLi0ELi0ELi0EEElEENS9_18transform_iteratorINS2_26per_segment_indexed_out_opINSA_IPKslEENSA_IPslEEEENSG_IlnLi0ELi0ELi0EEEEENS1_6params13uniform_paramIlLl0ELl268435456EEENSU_IlLl1ELl8388608EEENSU_IlLl1ELl1EEEPljPyNS1_21identity_decomposer_tEjjEEvT1_T2_T3_T4_T5_T6_T7_T8_PKT9_PNS6_7counterINS8_3std3__415iterator_traitsINS1F_IS11_vE10value_typeEvE10value_typeET12_T13_EEPS1K_PS1J_PNS1F_INS1F_IS13_vE10value_typeEvE10value_typeES1P_S1U_S1K_S1K_T10_iibT11_
    0 bytes stack frame, 0 bytes spill stores, 0 bytes spill loads
ptxas info    : Used 64 registers, used 1 barriers, 1028 bytes smem
ptxas info    : Compile time = 80.930 ms
ptxas info    : Compiling entry function '_ZN3cub17_V_300500_SM_10006detail12batched_topk47device_segmented_topk_finalize_histogram_kernelINS2_26policy_selector_from_typesIaslLl8388608EEEN4cuda3__417constant_iteratorIPKalEENS1_6params13uniform_paramIlLl0ELl268435456EEENSD_IlLl1ELl8388608EEENSD_IlLl1ELl1EEEPlPyNS1_4topk16extract_bin_op_tIaLNSJ_6selectE0ELi8ENS1_21identity_decomposer_tELb1EEEjjaEEvT0_T1_T2_T3_T4_PNSJ_7counterIT9_T7_T8_EEPSV_T5_T6_ib' for 'sm_100'
ptxas info    : Function properties for _ZN3cub17_V_300500_SM_10006detail12batched_topk47device_segmented_topk_finalize_histogram_kernelINS2_26policy_selector_from_typesIaslLl8388608EEEN4cuda3__417constant_iteratorIPKalEENS1_6params13uniform_paramIlLl0ELl268435456EEENSD_IlLl1ELl8388608EEENSD_IlLl1ELl1EEEPlPyNS1_4topk16extract_bin_op_tIaLNSJ_6selectE0ELi8ENS1_21identity_decomposer_tELb1EEEjjaEEvT0_T1_T2_T3_T4_PNSJ_7counterIT9_T7_T8_EEPSV_T5_T6_ib
    0 bytes stack frame, 0 bytes spill stores, 0 bytes spill loads
ptxas info    : Used 32 registers, used 1 barriers, 2048 bytes smem
ptxas info    : Compile time = 11.044 ms
ptxas info    : Compiling entry function '_ZN3cub17_V_300500_SM_10006detail12batched_topk38device_segmented_topk_histogram_kernelINS2_26policy_selector_from_typesIaslLl8388608EEEN4cuda3__417constant_iteratorIPKalEENS1_6params13uniform_paramIlLl0ELl268435456EEENSD_IlLl1ELl8388608EEENSD_IlLl1ELl1EEEPljPyNS1_4topk16extract_bin_op_tIaLNSJ_6selectE0ELi8ENS1_21identity_decomposer_tELb1EEEjjjEEvT0_T1_T2_T3_T4_PKT5_PNSJ_7counterINS6_3std3__415iterator_traitsINSZ_ISO_vE10value_typeEvE10value_typeET8_T9_EEPS14_T6_T7_' for 'sm_100'
ptxas info    : Function properties for _ZN3cub17_V_300500_SM_10006detail12batched_topk38device_segmented_topk_histogram_kernelINS2_26policy_selector_from_typesIaslLl8388608EEEN4cuda3__417constant_iteratorIPKalEENS1_6params13uniform_paramIlLl0ELl268435456EEENSD_IlLl1ELl8388608EEENSD_IlLl1ELl1EEEPljPyNS1_4topk16extract_bin_op_tIaLNSJ_6selectE0ELi8ENS1_21identity_decomposer_tELb1EEEjjjEEvT0_T1_T2_T3_T4_PKT5_PNSJ_7counterINS6_3std3__415iterator_traitsINSZ_ISO_vE10value_typeEvE10value_typeET8_T9_EEPS14_T6_T7_
    0 bytes stack frame, 0 bytes spill stores, 0 bytes spill loads
ptxas info    : Used 26 registers, used 1 barriers, 1072 bytes smem
ptxas info    : Compile time = 69.845 ms
ptxas info    : Compiling entry function '_ZN3cub17_V_300500_SM_10006detail12batched_topk28device_segmented_topk_kernelINS2_26policy_selector_from_typesIaslLl8388608EEEN4cuda3__417constant_iteratorIPKalEENS8_IPalEENS8_IPKslEENS8_IPslEENS1_6params13uniform_paramIlLl0ELl268435456EEENSK_IlLl1ELl8388608EEENSJ_22uniform_discrete_paramINS1_4topk6selectEJLSP_1EEEENSK_IlLl1ELl1EEEjEEvT0_T1_T2_T3_T4_T5_T6_T7_PNS2_21batched_topk_countersINSZ_10value_typeEEEPS11_PT8_' for 'sm_100'
ptxas info    : Function properties for _ZN3cub17_V_300500_SM_10006detail12batched_topk28device_segmented_topk_kernelINS2_26policy_selector_from_typesIaslLl8388608EEEN4cuda3__417constant_iteratorIPKalEENS8_IPalEENS8_IPKslEENS8_IPslEENS1_6params13uniform_paramIlLl0ELl268435456EEENSK_IlLl1ELl8388608EEENSJ_22uniform_discrete_paramINS1_4topk6selectEJLSP_1EEEENSK_IlLl1ELl1EEEjEEvT0_T1_T2_T3_T4_T5_T6_T7_PNS2_21batched_topk_countersINSZ_10value_typeEEEPS11_PT8_
    672 bytes stack frame, 724 bytes spill stores, 724 bytes spill loads
ptxas info    : Used 255 registers, used 1 barriers, 672 bytes cumulative stack size, 33808 bytes smem
ptxas info    : Compile time = 469.307 ms
ptxas info    : Compiling entry function '_ZN3cub17_V_300500_SM_10006detail12batched_topk44device_segmented_topk_finalize_filter_kernelINS2_26policy_selector_from_typesIaalLl8388608EEELNS1_4topk6selectE1EN4cuda3__417constant_iteratorIPKalEENSA_IPalEENSA_INS9_17counting_iteratorIjlLi0ELi0ELi0EEElEENS9_18transform_iteratorINS2_26per_segment_indexed_out_opISD_SF_EENSG_IlnLi0ELi0ELi0EEEEENS1_6params13uniform_paramIlLl0ELl268435456EEENSP_IlLl1ELl8388608EEENSP_IlLl1ELl1EEEPljPyNS1_21identity_decomposer_tEjjaEEvT1_T2_T3_T4_T5_T6_T7_T8_PKT9_PNS6_7counterIT14_T12_T13_EEPS19_PS18_PNS8_3std3__415iterator_traitsINS1H_ISY_vE10value_typeEvE10value_typeES1E_S1M_T10_S19_S19_iiT11_b' for 'sm_100'
ptxas info    : Function properties for _ZN3cub17_V_300500_SM_10006detail12batched_topk44device_segmented_topk_finalize_filter_kernelINS2_26policy_selector_from_typesIaalLl8388608EEELNS1_4topk6selectE1EN4cuda3__417constant_iteratorIPKalEENSA_IPalEENSA_INS9_17counting_iteratorIjlLi0ELi0ELi0EEElEENS9_18transform_iteratorINS2_26per_segment_indexed_out_opISD_SF_EENSG_IlnLi0ELi0ELi0EEEEENS1_6params13uniform_paramIlLl0ELl268435456EEENSP_IlLl1ELl8388608EEENSP_IlLl1ELl1EEEPljPyNS1_21identity_decomposer_tEjjaEEvT1_T2_T3_T4_T5_T6_T7_T8_PKT9_PNS6_7counterIT14_T12_T13_EEPS19_PS18_PNS8_3std3__415iterator_traitsINS1H_ISY_vE10value_typeEvE10value_typeES1E_S1M_T10_S19_S19_iiT11_b
    0 bytes stack frame, 0 bytes spill stores, 0 bytes spill loads
ptxas info    : Used 116 registers, used 1 barriers, 2048 bytes smem
ptxas info    : Compile time = 67.290 ms
ptxas info    : Compiling entry function '_ZN3cub17_V_300500_SM_10006detail12batched_topk40device_segmented_topk_last_filter_kernelINS2_26policy_selector_from_typesIaalLl8388608EEELNS1_4topk6selectE1EN4cuda3__417constant_iteratorIPKalEENSA_IPalEENSA_INS9_17counting_iteratorIjlLi0ELi0ELi0EEElEENS9_18transform_iteratorINS2_26per_segment_indexed_out_opISD_SF_EENSG_IlnLi0ELi0ELi0EEEEENS1_6params13uniform_paramIlLl0ELl268435456EEENSP_IlLl1ELl8388608EEENSP_IlLl1ELl1EEEPljPyNS1_21identity_decomposer_tEjjEEvT1_T2_T3_T4_T5_T6_T7_T8_PKT9_PNS6_7counterINS8_3std3__415iterator_traitsINS1A_ISW_vE10value_typeEvE10value_typeET12_T13_EEPS1E_PNS1A_INS1A_ISY_vE10value_typeEvE10value_typeES1F_T10_iiT11_' for 'sm_100'
ptxas info    : Function properties for _ZN3cub17_V_300500_SM_10006detail12batched_topk40device_segmented_topk_last_filter_kernelINS2_26policy_selector_from_typesIaalLl8388608EEELNS1_4topk6selectE1EN4cuda3__417constant_iteratorIPKalEENSA_IPalEENSA_INS9_17counting_iteratorIjlLi0ELi0ELi0EEElEENS9_18transform_iteratorINS2_26per_segment_indexed_out_opISD_SF_EENSG_IlnLi0ELi0ELi0EEEEENS1_6params13uniform_paramIlLl0ELl268435456EEENSP_IlLl1ELl8388608EEENSP_IlLl1ELl1EEEPljPyNS1_21identity_decomposer_tEjjEEvT1_T2_T3_T4_T5_T6_T7_T8_PKT9_PNS6_7counterINS8_3std3__415iterator_traitsINS1A_ISW_vE10value_typeEvE10value_typeET12_T13_EEPS1E_PNS1A_INS1A_ISY_vE10value_typeEvE10value_typeES1F_T10_iiT11_
    0 bytes stack frame, 0 bytes spill stores, 0 bytes spill loads
ptxas info    : Used 64 registers, used 0 barriers
ptxas info    : Compile time = 149.575 ms
ptxas info    : Compiling entry function '_ZN3cub17_V_300500_SM_10006detail12batched_topk35device_segmented_topk_filter_kernelINS2_26policy_selector_from_typesIaalLl8388608EEELNS1_4topk6selectE1EN4cuda3__417constant_iteratorIPKalEENSA_IPalEENSA_INS9_17counting_iteratorIjlLi0ELi0ELi0EEElEENS9_18transform_iteratorINS2_26per_segment_indexed_out_opISD_SF_EENSG_IlnLi0ELi0ELi0EEEEENS1_6params13uniform_paramIlLl0ELl268435456EEENSP_IlLl1ELl8388608EEENSP_IlLl1ELl1EEEPljPyNS1_21identity_decomposer_tEjjEEvT1_T2_T3_T4_T5_T6_T7_T8_PKT9_PNS6_7counterINS8_3std3__415iterator_traitsINS1A_ISW_vE10value_typeEvE10value_typeET12_T13_EEPS1F_PS1E_PNS1A_INS1A_ISY_vE10value_typeEvE10value_typeES1K_S1P_S1F_S1F_T10_iibT11_' for 'sm_100'
ptxas info    : Function properties for _ZN3cub17_V_300500_SM_10006detail12batched_topk35device_segmented_topk_filter_kernelINS2_26policy_selector_from_typesIaalLl8388608EEELNS1_4topk6selectE1EN4cuda3__417constant_iteratorIPKalEENSA_IPalEENSA_INS9_17counting_iteratorIjlLi0ELi0ELi0EEElEENS9_18transform_iteratorINS2_26per_segment_indexed_out_opISD_SF_EENSG_IlnLi0ELi0ELi0EEEEENS1_6params13uniform_paramIlLl0ELl268435456EEENSP_IlLl1ELl8388608EEENSP_IlLl1ELl1EEEPljPyNS1_21identity_decomposer_tEjjEEvT1_T2_T3_T4_T5_T6_T7_T8_PKT9_PNS6_7counterINS8_3std3__415iterator_traitsINS1A_ISW_vE10value_typeEvE10value_typeET12_T13_EEPS1F_PS1E_PNS1A_INS1A_ISY_vE10value_typeEvE10value_typeES1K_S1P_S1F_S1F_T10_iibT11_
    0 bytes stack frame, 0 bytes spill stores, 0 bytes spill loads
ptxas info    : Used 64 registers, used 1 barriers, 1028 bytes smem
ptxas info    : Compile time = 81.561 ms
ptxas info    : Compiling entry function '_ZN3cub17_V_300500_SM_10006detail12batched_topk47device_segmented_topk_finalize_histogram_kernelINS2_26policy_selector_from_typesIaalLl8388608EEEN4cuda3__417constant_iteratorIPKalEENS1_6params13uniform_paramIlLl0ELl268435456EEENSD_IlLl1ELl8388608EEENSD_IlLl1ELl1EEEPlPyNS1_4topk16extract_bin_op_tIaLNSJ_6selectE1ELi8ENS1_21identity_decomposer_tELb1EEEjjaEEvT0_T1_T2_T3_T4_PNSJ_7counterIT9_T7_T8_EEPSV_T5_T6_ib' for 'sm_100'
ptxas info    : Function properties for _ZN3cub17_V_300500_SM_10006detail12batched_topk47device_segmented_topk_finalize_histogram_kernelINS2_26policy_selector_from_typesIaalLl8388608EEEN4cuda3__417constant_iteratorIPKalEENS1_6params13uniform_paramIlLl0ELl268435456EEENSD_IlLl1ELl8388608EEENSD_IlLl1ELl1EEEPlPyNS1_4topk16extract_bin_op_tIaLNSJ_6selectE1ELi8ENS1_21identity_decomposer_tELb1EEEjjaEEvT0_T1_T2_T3_T4_PNSJ_7counterIT9_T7_T8_EEPSV_T5_T6_ib
    0 bytes stack frame, 0 bytes spill stores, 0 bytes spill loads
ptxas info    : Used 32 registers, used 1 barriers, 2048 bytes smem
ptxas info    : Compile time = 11.040 ms
ptxas info    : Compiling entry function '_ZN3cub17_V_300500_SM_10006detail12batched_topk38device_segmented_topk_histogram_kernelINS2_26policy_selector_from_typesIaalLl8388608EEEN4cuda3__417constant_iteratorIPKalEENS1_6params13uniform_paramIlLl0ELl268435456EEENSD_IlLl1ELl8388608EEENSD_IlLl1ELl1EEEPljPyNS1_4topk16extract_bin_op_tIaLNSJ_6selectE1ELi8ENS1_21identity_decomposer_tELb1EEEjjjEEvT0_T1_T2_T3_T4_PKT5_PNSJ_7counterINS6_3std3__415iterator_traitsINSZ_ISO_vE10value_typeEvE10value_typeET8_T9_EEPS14_T6_T7_' for 'sm_100'
ptxas info    : Function properties for _ZN3cub17_V_300500_SM_10006detail12batched_topk38device_segmented_topk_histogram_kernelINS2_26policy_selector_from_typesIaalLl8388608EEEN4cuda3__417constant_iteratorIPKalEENS1_6params13uniform_paramIlLl0ELl268435456EEENSD_IlLl1ELl8388608EEENSD_IlLl1ELl1EEEPljPyNS1_4topk16extract_bin_op_tIaLNSJ_6selectE1ELi8ENS1_21identity_decomposer_tELb1EEEjjjEEvT0_T1_T2_T3_T4_PKT5_PNSJ_7counterINS6_3std3__415iterator_traitsINSZ_ISO_vE10value_typeEvE10value_typeET8_T9_EEPS14_T6_T7_
    0 bytes stack frame, 0 bytes spill stores, 0 bytes spill loads
ptxas info    : Used 26 registers, used 1 barriers, 1072 bytes smem
ptxas info    : Compile time = 67.773 ms
ptxas info    : Compiling entry function '_ZN3cub17_V_300500_SM_10006detail12batched_topk44device_segmented_topk_finalize_filter_kernelINS2_26policy_selector_from_typesIaalLl8388608EEELNS1_4topk6selectE0EN4cuda3__417constant_iteratorIPKalEENSA_IPalEENSA_INS9_17counting_iteratorIjlLi0ELi0ELi0EEElEENS9_18transform_iteratorINS2_26per_segment_indexed_out_opISD_SF_EENSG_IlnLi0ELi0ELi0EEEEENS1_6params13uniform_paramIlLl0ELl268435456EEENSP_IlLl1ELl8388608EEENSP_IlLl1ELl1EEEPljPyNS1_21identity_decomposer_tEjjaEEvT1_T2_T3_T4_T5_T6_T7_T8_PKT9_PNS6_7counterIT14_T12_T13_EEPS19_PS18_PNS8_3std3__415iterator_traitsINS1H_ISY_vE10value_typeEvE10value_typeES1E_S1M_T10_S19_S19_iiT11_b' for 'sm_100'
ptxas info    : Function properties for _ZN3cub17_V_300500_SM_10006detail12batched_topk44device_segmented_topk_finalize_filter_kernelINS2_26policy_selector_from_typesIaalLl8388608EEELNS1_4topk6selectE0EN4cuda3__417constant_iteratorIPKalEENSA_IPalEENSA_INS9_17counting_iteratorIjlLi0ELi0ELi0EEElEENS9_18transform_iteratorINS2_26per_segment_indexed_out_opISD_SF_EENSG_IlnLi0ELi0ELi0EEEEENS1_6params13uniform_paramIlLl0ELl268435456EEENSP_IlLl1ELl8388608EEENSP_IlLl1ELl1EEEPljPyNS1_21identity_decomposer_tEjjaEEvT1_T2_T3_T4_T5_T6_T7_T8_PKT9_PNS6_7counterIT14_T12_T13_EEPS19_PS18_PNS8_3std3__415iterator_traitsINS1H_ISY_vE10value_typeEvE10value_typeES1E_S1M_T10_S19_S19_iiT11_b
    0 bytes stack frame, 0 bytes spill stores, 0 bytes spill loads
ptxas info    : Used 116 registers, used 1 barriers, 2048 bytes smem
ptxas info    : Compile time = 66.833 ms
ptxas info    : Compiling entry function '_ZN3cub17_V_300500_SM_10006detail12batched_topk40device_segmented_topk_last_filter_kernelINS2_26policy_selector_from_typesIaalLl8388608EEELNS1_4topk6selectE0EN4cuda3__417constant_iteratorIPKalEENSA_IPalEENSA_INS9_17counting_iteratorIjlLi0ELi0ELi0EEElEENS9_18transform_iteratorINS2_26per_segment_indexed_out_opISD_SF_EENSG_IlnLi0ELi0ELi0EEEEENS1_6params13uniform_paramIlLl0ELl268435456EEENSP_IlLl1ELl8388608EEENSP_IlLl1ELl1EEEPljPyNS1_21identity_decomposer_tEjjEEvT1_T2_T3_T4_T5_T6_T7_T8_PKT9_PNS6_7counterINS8_3std3__415iterator_traitsINS1A_ISW_vE10value_typeEvE10value_typeET12_T13_EEPS1E_PNS1A_INS1A_ISY_vE10value_typeEvE10value_typeES1F_T10_iiT11_' for 'sm_100'
ptxas info    : Function properties for _ZN3cub17_V_300500_SM_10006detail12batched_topk40device_segmented_topk_last_filter_kernelINS2_26policy_selector_from_typesIaalLl8388608EEELNS1_4topk6selectE0EN4cuda3__417constant_iteratorIPKalEENSA_IPalEENSA_INS9_17counting_iteratorIjlLi0ELi0ELi0EEElEENS9_18transform_iteratorINS2_26per_segment_indexed_out_opISD_SF_EENSG_IlnLi0ELi0ELi0EEEEENS1_6params13uniform_paramIlLl0ELl268435456EEENSP_IlLl1ELl8388608EEENSP_IlLl1ELl1EEEPljPyNS1_21identity_decomposer_tEjjEEvT1_T2_T3_T4_T5_T6_T7_T8_PKT9_PNS6_7counterINS8_3std3__415iterator_traitsINS1A_ISW_vE10value_typeEvE10value_typeET12_T13_EEPS1E_PNS1A_INS1A_ISY_vE10value_typeEvE10value_typeES1F_T10_iiT11_
    0 bytes stack frame, 0 bytes spill stores, 0 bytes spill loads
ptxas info    : Used 64 registers, used 0 barriers
ptxas info    : Compile time = 148.858 ms
ptxas info    : Compiling entry function '_ZN3cub17_V_300500_SM_10006detail12batched_topk35device_segmented_topk_filter_kernelINS2_26policy_selector_from_typesIaalLl8388608EEELNS1_4topk6selectE0EN4cuda3__417constant_iteratorIPKalEENSA_IPalEENSA_INS9_17counting_iteratorIjlLi0ELi0ELi0EEElEENS9_18transform_iteratorINS2_26per_segment_indexed_out_opISD_SF_EENSG_IlnLi0ELi0ELi0EEEEENS1_6params13uniform_paramIlLl0ELl268435456EEENSP_IlLl1ELl8388608EEENSP_IlLl1ELl1EEEPljPyNS1_21identity_decomposer_tEjjEEvT1_T2_T3_T4_T5_T6_T7_T8_PKT9_PNS6_7counterINS8_3std3__415iterator_traitsINS1A_ISW_vE10value_typeEvE10value_typeET12_T13_EEPS1F_PS1E_PNS1A_INS1A_ISY_vE10value_typeEvE10value_typeES1K_S1P_S1F_S1F_T10_iibT11_' for 'sm_100'
ptxas info    : Function properties for _ZN3cub17_V_300500_SM_10006detail12batched_topk35device_segmented_topk_filter_kernelINS2_26policy_selector_from_typesIaalLl8388608EEELNS1_4topk6selectE0EN4cuda3__417constant_iteratorIPKalEENSA_IPalEENSA_INS9_17counting_iteratorIjlLi0ELi0ELi0EEElEENS9_18transform_iteratorINS2_26per_segment_indexed_out_opISD_SF_EENSG_IlnLi0ELi0ELi0EEEEENS1_6params13uniform_paramIlLl0ELl268435456EEENSP_IlLl1ELl8388608EEENSP_IlLl1ELl1EEEPljPyNS1_21identity_decomposer_tEjjEEvT1_T2_T3_T4_T5_T6_T7_T8_PKT9_PNS6_7counterINS8_3std3__415iterator_traitsINS1A_ISW_vE10value_typeEvE10value_typeET12_T13_EEPS1F_PS1E_PNS1A_INS1A_ISY_vE10value_typeEvE10value_typeES1K_S1P_S1F_S1F_T10_iibT11_
    0 bytes stack frame, 0 bytes spill stores, 0 bytes spill loads
ptxas info    : Used 64 registers, used 1 barriers, 1028 bytes smem
ptxas info    : Compile time = 79.753 ms
ptxas info    : Compiling entry function '_ZN3cub17_V_300500_SM_10006detail12batched_topk47device_segmented_topk_finalize_histogram_kernelINS2_26policy_selector_from_typesIaalLl8388608EEEN4cuda3__417constant_iteratorIPKalEENS1_6params13uniform_paramIlLl0ELl268435456EEENSD_IlLl1ELl8388608EEENSD_IlLl1ELl1EEEPlPyNS1_4topk16extract_bin_op_tIaLNSJ_6selectE0ELi8ENS1_21identity_decomposer_tELb1EEEjjaEEvT0_T1_T2_T3_T4_PNSJ_7counterIT9_T7_T8_EEPSV_T5_T6_ib' for 'sm_100'
ptxas info    : Function properties for _ZN3cub17_V_300500_SM_10006detail12batched_topk47device_segmented_topk_finalize_histogram_kernelINS2_26policy_selector_from_typesIaalLl8388608EEEN4cuda3__417constant_iteratorIPKalEENS1_6params13uniform_paramIlLl0ELl268435456EEENSD_IlLl1ELl8388608EEENSD_IlLl1ELl1EEEPlPyNS1_4topk16extract_bin_op_tIaLNSJ_6selectE0ELi8ENS1_21identity_decomposer_tELb1EEEjjaEEvT0_T1_T2_T3_T4_PNSJ_7counterIT9_T7_T8_EEPSV_T5_T6_ib
    0 bytes stack frame, 0 bytes spill stores, 0 bytes spill loads
ptxas info    : Used 32 registers, used 1 barriers, 2048 bytes smem
ptxas info    : Compile time = 11.062 ms
ptxas info    : Compiling entry function '_ZN3cub17_V_300500_SM_10006detail12batched_topk38device_segmented_topk_histogram_kernelINS2_26policy_selector_from_typesIaalLl8388608EEEN4cuda3__417constant_iteratorIPKalEENS1_6params13uniform_paramIlLl0ELl268435456EEENSD_IlLl1ELl8388608EEENSD_IlLl1ELl1EEEPljPyNS1_4topk16extract_bin_op_tIaLNSJ_6selectE0ELi8ENS1_21identity_decomposer_tELb1EEEjjjEEvT0_T1_T2_T3_T4_PKT5_PNSJ_7counterINS6_3std3__415iterator_traitsINSZ_ISO_vE10value_typeEvE10value_typeET8_T9_EEPS14_T6_T7_' for 'sm_100'
ptxas info    : Function properties for _ZN3cub17_V_300500_SM_10006detail12batched_topk38device_segmented_topk_histogram_kernelINS2_26policy_selector_from_typesIaalLl8388608EEEN4cuda3__417constant_iteratorIPKalEENS1_6params13uniform_paramIlLl0ELl268435456EEENSD_IlLl1ELl8388608EEENSD_IlLl1ELl1EEEPljPyNS1_4topk16extract_bin_op_tIaLNSJ_6selectE0ELi8ENS1_21identity_decomposer_tELb1EEEjjjEEvT0_T1_T2_T3_T4_PKT5_PNSJ_7counterINS6_3std3__415iterator_traitsINSZ_ISO_vE10value_typeEvE10value_typeET8_T9_EEPS14_T6_T7_
    0 bytes stack frame, 0 bytes spill stores, 0 bytes spill loads
ptxas info    : Used 26 registers, used 1 barriers, 1072 bytes smem
ptxas info    : Compile time = 67.973 ms
ptxas info    : Compiling entry function '_ZN3cub17_V_300500_SM_10006detail12batched_topk28device_segmented_topk_kernelINS2_26policy_selector_from_typesIaalLl8388608EEEN4cuda3__417constant_iteratorIPKalEENS8_IPalEESB_SD_NS1_6params13uniform_paramIlLl0ELl268435456EEENSF_IlLl1ELl8388608EEENSE_22uniform_discrete_paramINS1_4topk6selectEJLSK_1EEEENSF_IlLl1ELl1EEEjEEvT0_T1_T2_T3_T4_T5_T6_T7_PNS2_21batched_topk_countersINSU_10value_typeEEEPSW_PT8_' for 'sm_100'
ptxas info    : Function properties for _ZN3cub17_V_300500_SM_10006detail12batched_topk28device_segmented_topk_kernelINS2_26policy_selector_from_typesIaalLl8388608EEEN4cuda3__417constant_iteratorIPKalEENS8_IPalEESB_SD_NS1_6params13uniform_paramIlLl0ELl268435456EEENSF_IlLl1ELl8388608EEENSE_22uniform_discrete_paramINS1_4topk6selectEJLSK_1EEEENSF_IlLl1ELl1EEEjEEvT0_T1_T2_T3_T4_T5_T6_T7_PNS2_21batched_topk_countersINSU_10value_typeEEEPSW_PT8_
    136 bytes stack frame, 184 bytes spill stores, 184 bytes spill loads
ptxas info    : Used 255 registers, used 1 barriers, 136 bytes cumulative stack size, 33808 bytes smem
ptxas info    : Compile time = 344.693 ms
ptxas info    : Compiling entry function '_ZN3cub17_V_300500_SM_10006detail11EmptyKernelIvEEvv' for 'sm_100'
ptxas info    : Function properties for _ZN3cub17_V_300500_SM_10006detail11EmptyKernelIvEEvv
    0 bytes stack frame, 0 bytes spill stores, 0 bytes spill loads
ptxas info    : Used 4 registers, used 0 barriers
ptxas info    : Compile time = 0.515 ms
[43/44] Building CUDA object nvbench_helper/CMakeFiles/cccl.nvbench_helper.dir/nvbench_helper/nvbench_helper.cu.o
ptxas info    : 121 bytes gmem
ptxas info    : Compiling entry function '_ZN7nvbench6detail11noop_kernelIvEEvv' for 'sm_100'
ptxas info    : Function properties for _ZN7nvbench6detail11noop_kernelIvEEvv
    0 bytes stack frame, 0 bytes spill stores, 0 bytes spill loads
ptxas info    : Used 4 registers, used 0 barriers
ptxas info    : Compile time = 1.220 ms
ptxas info    : Compiling entry function '_ZN3cub17_V_300500_SM_10006detail4find11find_kernelINS2_26policy_selector_from_typesImEEPmyN6detail4ge_tImEEEEvT0_T1_PSB_T2_' for 'sm_100'
ptxas info    : Function properties for _ZN3cub17_V_300500_SM_10006detail4find11find_kernelINS2_26policy_selector_from_typesImEEPmyN6detail4ge_tImEEEEvT0_T1_PSB_T2_
    0 bytes stack frame, 0 bytes spill stores, 0 bytes spill loads
ptxas info    : Used 26 registers, used 1 barriers, 16 bytes smem
ptxas info    : Compile time = 9.125 ms
ptxas info    : Compiling entry function '_ZN3cub17_V_300500_SM_10006detail4find11find_kernelINS2_26policy_selector_from_typesImEEPmjN6detail4ge_tImEEEEvT0_T1_PSB_T2_' for 'sm_100'
ptxas info    : Function properties for _ZN3cub17_V_300500_SM_10006detail4find11find_kernelINS2_26policy_selector_from_typesImEEPmjN6detail4ge_tImEEEEvT0_T1_PSB_T2_
    0 bytes stack frame, 0 bytes spill stores, 0 bytes spill loads
ptxas info    : Used 29 registers, used 1 barriers, 16 bytes smem
ptxas info    : Compile time = 6.529 ms
ptxas info    : Compiling entry function '_ZN3cub17_V_300500_SM_10006detail4find11find_kernelINS2_26policy_selector_from_typesIlEEPlyN6detail4ge_tIlEEEEvT0_T1_PSB_T2_' for 'sm_100'
ptxas info    : Function properties for _ZN3cub17_V_300500_SM_10006detail4find11find_kernelINS2_26policy_selector_from_typesIlEEPlyN6detail4ge_tIlEEEEvT0_T1_PSB_T2_
    0 bytes stack frame, 0 bytes spill stores, 0 bytes spill loads
ptxas info    : Used 26 registers, used 1 barriers, 16 bytes smem
ptxas info    : Compile time = 8.924 ms
ptxas info    : Compiling entry function '_ZN3cub17_V_300500_SM_10006detail4find11find_kernelINS2_26policy_selector_from_typesIlEEPljN6detail4ge_tIlEEEEvT0_T1_PSB_T2_' for 'sm_100'
ptxas info    : Function properties for _ZN3cub17_V_300500_SM_10006detail4find11find_kernelINS2_26policy_selector_from_typesIlEEPljN6detail4ge_tIlEEEEvT0_T1_PSB_T2_
    0 bytes stack frame, 0 bytes spill stores, 0 bytes spill loads
ptxas info    : Used 29 registers, used 1 barriers, 16 bytes smem
ptxas info    : Compile time = 6.543 ms
ptxas info    : Compiling entry function '_ZN3cub17_V_300500_SM_10006detail4find11find_kernelINS2_26policy_selector_from_typesIjEEPjyN6detail4ge_tIjEEEEvT0_T1_PSB_T2_' for 'sm_100'
ptxas info    : Function properties for _ZN3cub17_V_300500_SM_10006detail4find11find_kernelINS2_26policy_selector_from_typesIjEEPjyN6detail4ge_tIjEEEEvT0_T1_PSB_T2_
    0 bytes stack frame, 0 bytes spill stores, 0 bytes spill loads
ptxas info    : Used 27 registers, used 1 barriers, 16 bytes smem
ptxas info    : Compile time = 11.666 ms
ptxas info    : Compiling entry function '_ZN3cub17_V_300500_SM_10006detail4find11find_kernelINS2_26policy_selector_from_typesIjEEPjjN6detail4ge_tIjEEEEvT0_T1_PSB_T2_' for 'sm_100'
ptxas info    : Function properties for _ZN3cub17_V_300500_SM_10006detail4find11find_kernelINS2_26policy_selector_from_typesIjEEPjjN6detail4ge_tIjEEEEvT0_T1_PSB_T2_
    0 bytes stack frame, 0 bytes spill stores, 0 bytes spill loads
ptxas info    : Used 30 registers, used 1 barriers, 16 bytes smem
ptxas info    : Compile time = 8.249 ms
ptxas info    : Compiling entry function '_ZN3cub17_V_300500_SM_10006detail4find22init_found_pos_pointerIyyEEvPT_T0_' for 'sm_100'
ptxas info    : Function properties for _ZN3cub17_V_300500_SM_10006detail4find22init_found_pos_pointerIyyEEvPT_T0_
    0 bytes stack frame, 0 bytes spill stores, 0 bytes spill loads
ptxas info    : Used 8 registers, used 0 barriers
ptxas info    : Compile time = 0.766 ms
ptxas info    : Compiling entry function '_ZN3cub17_V_300500_SM_10006detail4find11find_kernelINS2_26policy_selector_from_typesIiEEPiyN6detail4ge_tIiEEEEvT0_T1_PSB_T2_' for 'sm_100'
ptxas info    : Function properties for _ZN3cub17_V_300500_SM_10006detail4find11find_kernelINS2_26policy_selector_from_typesIiEEPiyN6detail4ge_tIiEEEEvT0_T1_PSB_T2_
    0 bytes stack frame, 0 bytes spill stores, 0 bytes spill loads
ptxas info    : Used 27 registers, used 1 barriers, 16 bytes smem
ptxas info    : Compile time = 11.557 ms
ptxas info    : Compiling entry function '_ZN3cub17_V_300500_SM_10006detail4find22init_found_pos_pointerIjjEEvPT_T0_' for 'sm_100'
ptxas info    : Function properties for _ZN3cub17_V_300500_SM_10006detail4find22init_found_pos_pointerIjjEEvPT_T0_
    0 bytes stack frame, 0 bytes spill stores, 0 bytes spill loads
ptxas info    : Used 8 registers, used 0 barriers
ptxas info    : Compile time = 0.766 ms
ptxas info    : Compiling entry function '_ZN3cub17_V_300500_SM_10006detail4find11find_kernelINS2_26policy_selector_from_typesIiEEPijN6detail4ge_tIiEEEEvT0_T1_PSB_T2_' for 'sm_100'
ptxas info    : Function properties for _ZN3cub17_V_300500_SM_10006detail4find11find_kernelINS2_26policy_selector_from_typesIiEEPijN6detail4ge_tIiEEEEvT0_T1_PSB_T2_
    0 bytes stack frame, 0 bytes spill stores, 0 bytes spill loads
ptxas info    : Used 30 registers, used 1 barriers, 16 bytes smem
ptxas info    : Compile time = 8.248 ms
ptxas info    : Compiling entry function '_ZN3cub17_V_300500_SM_10006detail6reduce28DeviceReduceSingleTileKernelINS2_26policy_selector_from_typesImyN4cuda3std3__44plusImEEEEPmSB_iS9_mmNS7_8identityEEEvT0_T1_T2_T3_T4_T6_' for 'sm_100'
ptxas info    : Function properties for _ZN3cub17_V_300500_SM_10006detail6reduce28DeviceReduceSingleTileKernelINS2_26policy_selector_from_typesImyN4cuda3std3__44plusImEEEEPmSB_iS9_mmNS7_8identityEEEvT0_T1_T2_T3_T4_T6_
    0 bytes stack frame, 0 bytes spill stores, 0 bytes spill loads
ptxas info    : Used 48 registers, used 1 barriers, 160 bytes smem
ptxas info    : Compile time = 18.105 ms
ptxas info    : Compiling entry function '_ZN3cub17_V_300500_SM_10006detail6reduce18DeviceReduceKernelINS2_26policy_selector_from_typesImyN4cuda3std3__44plusImEEEEPmyS9_mNS7_8identityEEEvT0_PT3_T1_NS0_13GridEvenShareISG_EET2_T4_' for 'sm_100'
ptxas info    : Function properties for _ZN3cub17_V_300500_SM_10006detail6reduce18DeviceReduceKernelINS2_26policy_selector_from_typesImyN4cuda3std3__44plusImEEEEPmyS9_mNS7_8identityEEEvT0_PT3_T1_NS0_13GridEvenShareISG_EET2_T4_
    0 bytes stack frame, 0 bytes spill stores, 0 bytes spill loads
ptxas info    : Used 32 registers, used 1 barriers, 160 bytes smem
ptxas info    : Compile time = 20.272 ms
ptxas info    : Compiling entry function '_ZN3cub17_V_300500_SM_10006detail6reduce28DeviceReduceSingleTileKernelINS2_26policy_selector_from_typesImyN4cuda3std3__44plusImEEEEPmSB_yS9_mmNS7_8identityEEEvT0_T1_T2_T3_T4_T6_' for 'sm_100'
ptxas info    : Function properties for _ZN3cub17_V_300500_SM_10006detail6reduce28DeviceReduceSingleTileKernelINS2_26policy_selector_from_typesImyN4cuda3std3__44plusImEEEEPmSB_yS9_mmNS7_8identityEEEvT0_T1_T2_T3_T4_T6_
    0 bytes stack frame, 0 bytes spill stores, 0 bytes spill loads
ptxas info    : Used 48 registers, used 1 barriers, 160 bytes smem
ptxas info    : Compile time = 18.412 ms
ptxas info    : Compiling entry function '_ZN3cub17_V_300500_SM_10006detail6reduce28DeviceReduceSingleTileKernelINS2_26policy_selector_from_typesImjN4cuda3std3__44plusImEEEEPmSB_iS9_mmNS7_8identityEEEvT0_T1_T2_T3_T4_T6_' for 'sm_100'
ptxas info    : Function properties for _ZN3cub17_V_300500_SM_10006detail6reduce28DeviceReduceSingleTileKernelINS2_26policy_selector_from_typesImjN4cuda3std3__44plusImEEEEPmSB_iS9_mmNS7_8identityEEEvT0_T1_T2_T3_T4_T6_
    0 bytes stack frame, 0 bytes spill stores, 0 bytes spill loads
ptxas info    : Used 48 registers, used 1 barriers, 160 bytes smem
ptxas info    : Compile time = 17.774 ms
ptxas info    : Compiling entry function '_ZN3cub17_V_300500_SM_10006detail6reduce18DeviceReduceKernelINS2_26policy_selector_from_typesImjN4cuda3std3__44plusImEEEEPmjS9_mNS7_8identityEEEvT0_PT3_T1_NS0_13GridEvenShareISG_EET2_T4_' for 'sm_100'
ptxas info    : Function properties for _ZN3cub17_V_300500_SM_10006detail6reduce18DeviceReduceKernelINS2_26policy_selector_from_typesImjN4cuda3std3__44plusImEEEEPmjS9_mNS7_8identityEEEvT0_PT3_T1_NS0_13GridEvenShareISG_EET2_T4_
    0 bytes stack frame, 0 bytes spill stores, 0 bytes spill loads
ptxas info    : Used 32 registers, used 1 barriers, 160 bytes smem
ptxas info    : Compile time = 15.125 ms
ptxas info    : Compiling entry function '_ZN3cub17_V_300500_SM_10006detail6reduce28DeviceReduceSingleTileKernelINS2_26policy_selector_from_typesImjN4cuda3std3__44plusImEEEEPmSB_jS9_mmNS7_8identityEEEvT0_T1_T2_T3_T4_T6_' for 'sm_100'
ptxas info    : Function properties for _ZN3cub17_V_300500_SM_10006detail6reduce28DeviceReduceSingleTileKernelINS2_26policy_selector_from_typesImjN4cuda3std3__44plusImEEEEPmSB_jS9_mmNS7_8identityEEEvT0_T1_T2_T3_T4_T6_
    0 bytes stack frame, 0 bytes spill stores, 0 bytes spill loads
ptxas info    : Used 46 registers, used 1 barriers, 160 bytes smem
ptxas info    : Compile time = 15.761 ms
ptxas info    : Compiling entry function '_ZN3cub17_V_300500_SM_10006detail6reduce18DeviceReduceKernelINS2_26policy_selector_from_typesIlyN4cuda3std3__44plusIlEEEEPlyS9_lNS7_8identityEEEvT0_PT3_T1_NS0_13GridEvenShareISG_EET2_T4_' for 'sm_100'
ptxas info    : Function properties for _ZN3cub17_V_300500_SM_10006detail6reduce18DeviceReduceKernelINS2_26policy_selector_from_typesIlyN4cuda3std3__44plusIlEEEEPlyS9_lNS7_8identityEEEvT0_PT3_T1_NS0_13GridEvenShareISG_EET2_T4_
    0 bytes stack frame, 0 bytes spill stores, 0 bytes spill loads
ptxas info    : Used 32 registers, used 1 barriers, 160 bytes smem
ptxas info    : Compile time = 20.251 ms
ptxas info    : Compiling entry function '_ZN3cub17_V_300500_SM_10006detail6reduce28DeviceReduceSingleTileKernelINS2_26policy_selector_from_typesIlyN4cuda3std3__44plusIlEEEEPlSB_yS9_llNS7_8identityEEEvT0_T1_T2_T3_T4_T6_' for 'sm_100'
ptxas info    : Function properties for _ZN3cub17_V_300500_SM_10006detail6reduce28DeviceReduceSingleTileKernelINS2_26policy_selector_from_typesIlyN4cuda3std3__44plusIlEEEEPlSB_yS9_llNS7_8identityEEEvT0_T1_T2_T3_T4_T6_
    0 bytes stack frame, 0 bytes spill stores, 0 bytes spill loads
ptxas info    : Used 48 registers, used 1 barriers, 160 bytes smem
ptxas info    : Compile time = 18.334 ms
ptxas info    : Compiling entry function '_ZN3cub17_V_300500_SM_10006detail6reduce18DeviceReduceKernelINS2_26policy_selector_from_typesIljN4cuda3std3__44plusIlEEEEPljS9_lNS7_8identityEEEvT0_PT3_T1_NS0_13GridEvenShareISG_EET2_T4_' for 'sm_100'
ptxas info    : Function properties for _ZN3cub17_V_300500_SM_10006detail6reduce18DeviceReduceKernelINS2_26policy_selector_from_typesIljN4cuda3std3__44plusIlEEEEPljS9_lNS7_8identityEEEvT0_PT3_T1_NS0_13GridEvenShareISG_EET2_T4_
    0 bytes stack frame, 0 bytes spill stores, 0 bytes spill loads
ptxas info    : Used 32 registers, used 1 barriers, 160 bytes smem
ptxas info    : Compile time = 14.942 ms
ptxas info    : Compiling entry function '_ZN3cub17_V_300500_SM_10006detail6reduce28DeviceReduceSingleTileKernelINS2_26policy_selector_from_typesIljN4cuda3std3__44plusIlEEEEPlSB_jS9_llNS7_8identityEEEvT0_T1_T2_T3_T4_T6_' for 'sm_100'
ptxas info    : Function properties for _ZN3cub17_V_300500_SM_10006detail6reduce28DeviceReduceSingleTileKernelINS2_26policy_selector_from_typesIljN4cuda3std3__44plusIlEEEEPlSB_jS9_llNS7_8identityEEEvT0_T1_T2_T3_T4_T6_
    0 bytes stack frame, 0 bytes spill stores, 0 bytes spill loads
ptxas info    : Used 46 registers, used 1 barriers, 160 bytes smem
ptxas info    : Compile time = 15.675 ms
ptxas info    : Compiling entry function '_ZN3cub17_V_300500_SM_10006detail6reduce28DeviceReduceSingleTileKernelINS2_26policy_selector_from_typesIjyN4cuda3std3__44plusIjEEEEPjSB_iS9_jjNS7_8identityEEEvT0_T1_T2_T3_T4_T6_' for 'sm_100'
ptxas info    : Function properties for _ZN3cub17_V_300500_SM_10006detail6reduce28DeviceReduceSingleTileKernelINS2_26policy_selector_from_typesIjyN4cuda3std3__44plusIjEEEEPjSB_iS9_jjNS7_8identityEEEvT0_T1_T2_T3_T4_T6_
    0 bytes stack frame, 0 bytes spill stores, 0 bytes spill loads
ptxas info    : Used 30 registers, used 1 barriers, 48 bytes smem
ptxas info    : Compile time = 23.108 ms
ptxas info    : Compiling entry function '_ZN3cub17_V_300500_SM_10006detail6reduce18DeviceReduceKernelINS2_26policy_selector_from_typesIjyN4cuda3std3__44plusIjEEEEPjyS9_jNS7_8identityEEEvT0_PT3_T1_NS0_13GridEvenShareISG_EET2_T4_' for 'sm_100'
ptxas info    : Function properties for _ZN3cub17_V_300500_SM_10006detail6reduce18DeviceReduceKernelINS2_26policy_selector_from_typesIjyN4cuda3std3__44plusIjEEEEPjyS9_jNS7_8identityEEEvT0_PT3_T1_NS0_13GridEvenShareISG_EET2_T4_
    0 bytes stack frame, 0 bytes spill stores, 0 bytes spill loads
ptxas info    : Used 29 registers, used 1 barriers, 48 bytes smem
ptxas info    : Compile time = 28.914 ms
ptxas info    : Compiling entry function '_ZN3cub17_V_300500_SM_10006detail6reduce28DeviceReduceSingleTileKernelINS2_26policy_selector_from_typesIjyN4cuda3std3__44plusIjEEEEPjSB_yS9_jjNS7_8identityEEEvT0_T1_T2_T3_T4_T6_' for 'sm_100'
ptxas info    : Function properties for _ZN3cub17_V_300500_SM_10006detail6reduce28DeviceReduceSingleTileKernelINS2_26policy_selector_from_typesIjyN4cuda3std3__44plusIjEEEEPjSB_yS9_jjNS7_8identityEEEvT0_T1_T2_T3_T4_T6_
    0 bytes stack frame, 0 bytes spill stores, 0 bytes spill loads
ptxas info    : Used 32 registers, used 1 barriers, 48 bytes smem
ptxas info    : Compile time = 24.415 ms
ptxas info    : Compiling entry function '_ZN3cub17_V_300500_SM_10006detail6reduce28DeviceReduceSingleTileKernelINS2_26policy_selector_from_typesIjjN4cuda3std3__44plusIjEEEEPjSB_iS9_jjNS7_8identityEEEvT0_T1_T2_T3_T4_T6_' for 'sm_100'
ptxas info    : Function properties for _ZN3cub17_V_300500_SM_10006detail6reduce28DeviceReduceSingleTileKernelINS2_26policy_selector_from_typesIjjN4cuda3std3__44plusIjEEEEPjSB_iS9_jjNS7_8identityEEEvT0_T1_T2_T3_T4_T6_
    0 bytes stack frame, 0 bytes spill stores, 0 bytes spill loads
ptxas info    : Used 30 registers, used 1 barriers, 48 bytes smem
ptxas info    : Compile time = 23.760 ms
ptxas info    : Compiling entry function '_ZN3cub17_V_300500_SM_10006detail6reduce18DeviceReduceKernelINS2_26policy_selector_from_typesIjjN4cuda3std3__44plusIjEEEEPjjS9_jNS7_8identityEEEvT0_PT3_T1_NS0_13GridEvenShareISG_EET2_T4_' for 'sm_100'
ptxas info    : Function properties for _ZN3cub17_V_300500_SM_10006detail6reduce18DeviceReduceKernelINS2_26policy_selector_from_typesIjjN4cuda3std3__44plusIjEEEEPjjS9_jNS7_8identityEEEvT0_PT3_T1_NS0_13GridEvenShareISG_EET2_T4_
    0 bytes stack frame, 0 bytes spill stores, 0 bytes spill loads
ptxas info    : Used 32 registers, used 1 barriers, 48 bytes smem
ptxas info    : Compile time = 19.609 ms
ptxas info    : Compiling entry function '_ZN3cub17_V_300500_SM_10006detail6reduce28DeviceReduceSingleTileKernelINS2_26policy_selector_from_typesIjjN4cuda3std3__44plusIjEEEEPjSB_jS9_jjNS7_8identityEEEvT0_T1_T2_T3_T4_T6_' for 'sm_100'
ptxas info    : Function properties for _ZN3cub17_V_300500_SM_10006detail6reduce28DeviceReduceSingleTileKernelINS2_26policy_selector_from_typesIjjN4cuda3std3__44plusIjEEEEPjSB_jS9_jjNS7_8identityEEEvT0_T1_T2_T3_T4_T6_
    0 bytes stack frame, 0 bytes spill stores, 0 bytes spill loads
ptxas info    : Used 28 registers, used 1 barriers, 48 bytes smem
ptxas info    : Compile time = 19.643 ms
ptxas info    : Compiling entry function '_ZN3cub17_V_300500_SM_10006detail6reduce28DeviceReduceSingleTileKernelINS2_26policy_selector_from_typesIiyN4cuda3std3__44plusIiEEEEPiSB_iS9_iiNS7_8identityEEEvT0_T1_T2_T3_T4_T6_' for 'sm_100'
ptxas info    : Function properties for _ZN3cub17_V_300500_SM_10006detail6reduce28DeviceReduceSingleTileKernelINS2_26policy_selector_from_typesIiyN4cuda3std3__44plusIiEEEEPiSB_iS9_iiNS7_8identityEEEvT0_T1_T2_T3_T4_T6_
    0 bytes stack frame, 0 bytes spill stores, 0 bytes spill loads
ptxas info    : Used 30 registers, used 1 barriers, 48 bytes smem
ptxas info    : Compile time = 23.748 ms
ptxas info    : Compiling entry function '_ZN3cub17_V_300500_SM_10006detail6reduce18DeviceReduceKernelINS2_26policy_selector_from_typesIiyN4cuda3std3__44plusIiEEEEPiyS9_iNS7_8identityEEEvT0_PT3_T1_NS0_13GridEvenShareISG_EET2_T4_' for 'sm_100'
ptxas info    : Function properties for _ZN3cub17_V_300500_SM_10006detail6reduce18DeviceReduceKernelINS2_26policy_selector_from_typesIiyN4cuda3std3__44plusIiEEEEPiyS9_iNS7_8identityEEEvT0_PT3_T1_NS0_13GridEvenShareISG_EET2_T4_
    0 bytes stack frame, 0 bytes spill stores, 0 bytes spill loads
ptxas info    : Used 29 registers, used 1 barriers, 48 bytes smem
ptxas info    : Compile time = 28.423 ms
ptxas info    : Compiling entry function '_ZN3cub17_V_300500_SM_10006detail6reduce28DeviceReduceSingleTileKernelINS2_26policy_selector_from_typesIiyN4cuda3std3__44plusIiEEEEPiSB_yS9_iiNS7_8identityEEEvT0_T1_T2_T3_T4_T6_' for 'sm_100'
ptxas info    : Function properties for _ZN3cub17_V_300500_SM_10006detail6reduce28DeviceReduceSingleTileKernelINS2_26policy_selector_from_typesIiyN4cuda3std3__44plusIiEEEEPiSB_yS9_iiNS7_8identityEEEvT0_T1_T2_T3_T4_T6_
    0 bytes stack frame, 0 bytes spill stores, 0 bytes spill loads
ptxas info    : Used 32 registers, used 1 barriers, 48 bytes smem
ptxas info    : Compile time = 24.503 ms
ptxas info    : Compiling entry function '_ZN3cub17_V_300500_SM_10006detail6reduce28DeviceReduceSingleTileKernelINS2_26policy_selector_from_typesIijN4cuda3std3__44plusIiEEEEPiSB_iS9_iiNS7_8identityEEEvT0_T1_T2_T3_T4_T6_' for 'sm_100'
ptxas info    : Function properties for _ZN3cub17_V_300500_SM_10006detail6reduce28DeviceReduceSingleTileKernelINS2_26policy_selector_from_typesIijN4cuda3std3__44plusIiEEEEPiSB_iS9_iiNS7_8identityEEEvT0_T1_T2_T3_T4_T6_
    0 bytes stack frame, 0 bytes spill stores, 0 bytes spill loads
ptxas info    : Used 30 registers, used 1 barriers, 48 bytes smem
ptxas info    : Compile time = 23.717 ms
ptxas info    : Compiling entry function '_ZN3cub17_V_300500_SM_10006detail6reduce18DeviceReduceKernelINS2_26policy_selector_from_typesIijN4cuda3std3__44plusIiEEEEPijS9_iNS7_8identityEEEvT0_PT3_T1_NS0_13GridEvenShareISG_EET2_T4_' for 'sm_100'
ptxas info    : Function properties for _ZN3cub17_V_300500_SM_10006detail6reduce18DeviceReduceKernelINS2_26policy_selector_from_typesIijN4cuda3std3__44plusIiEEEEPijS9_iNS7_8identityEEEvT0_PT3_T1_NS0_13GridEvenShareISG_EET2_T4_
    0 bytes stack frame, 0 bytes spill stores, 0 bytes spill loads
ptxas info    : Used 32 registers, used 1 barriers, 48 bytes smem
ptxas info    : Compile time = 19.579 ms
ptxas info    : Compiling entry function '_ZN3cub17_V_300500_SM_10006detail6reduce28DeviceReduceSingleTileKernelINS2_26policy_selector_from_typesIijN4cuda3std3__44plusIiEEEEPiSB_jS9_iiNS7_8identityEEEvT0_T1_T2_T3_T4_T6_' for 'sm_100'
ptxas info    : Function properties for _ZN3cub17_V_300500_SM_10006detail6reduce28DeviceReduceSingleTileKernelINS2_26policy_selector_from_typesIijN4cuda3std3__44plusIiEEEEPiSB_jS9_iiNS7_8identityEEEvT0_T1_T2_T3_T4_T6_
    0 bytes stack frame, 0 bytes spill stores, 0 bytes spill loads
ptxas info    : Used 28 registers, used 1 barriers, 48 bytes smem
ptxas info    : Compile time = 19.597 ms
ptxas info    : Compiling entry function '_ZN3cub17_V_300500_SM_10006detail6reduce28DeviceReduceSingleTileKernelINS2_26policy_selector_from_typesIdyN4cuda3std3__44plusIdEEEEPdSB_iS9_ddNS7_8identityEEEvT0_T1_T2_T3_T4_T6_' for 'sm_100'
ptxas info    : Function properties for _ZN3cub17_V_300500_SM_10006detail6reduce28DeviceReduceSingleTileKernelINS2_26policy_selector_from_typesIdyN4cuda3std3__44plusIdEEEEPdSB_iS9_ddNS7_8identityEEEvT0_T1_T2_T3_T4_T6_
    0 bytes stack frame, 0 bytes spill stores, 0 bytes spill loads
ptxas info    : Used 48 registers, used 1 barriers, 160 bytes smem
ptxas info    : Compile time = 16.876 ms
ptxas info    : Compiling entry function '_ZN3cub17_V_300500_SM_10006detail6reduce18DeviceReduceKernelINS2_26policy_selector_from_typesIdyN4cuda3std3__44plusIdEEEEPKdyS9_dNS7_8identityEEEvT0_PT3_T1_NS0_13GridEvenShareISH_EET2_T4_' for 'sm_100'
ptxas info    : Function properties for _ZN3cub17_V_300500_SM_10006detail6reduce18DeviceReduceKernelINS2_26policy_selector_from_typesIdyN4cuda3std3__44plusIdEEEEPKdyS9_dNS7_8identityEEEvT0_PT3_T1_NS0_13GridEvenShareISH_EET2_T4_
    0 bytes stack frame, 0 bytes spill stores, 0 bytes spill loads
ptxas info    : Used 32 registers, used 1 barriers, 160 bytes smem
ptxas info    : Compile time = 18.169 ms
ptxas info    : Compiling entry function '_ZN3cub17_V_300500_SM_10006detail6reduce28DeviceReduceSingleTileKernelINS2_26policy_selector_from_typesIdyN4cuda3std3__44plusIdEEEEPKdPdyS9_ddNS7_8identityEEEvT0_T1_T2_T3_T4_T6_' for 'sm_100'
ptxas info    : Function properties for _ZN3cub17_V_300500_SM_10006detail6reduce28DeviceReduceSingleTileKernelINS2_26policy_selector_from_typesIdyN4cuda3std3__44plusIdEEEEPKdPdyS9_ddNS7_8identityEEEvT0_T1_T2_T3_T4_T6_
    0 bytes stack frame, 0 bytes spill stores, 0 bytes spill loads
ptxas info    : Used 48 registers, used 1 barriers, 160 bytes smem
ptxas info    : Compile time = 16.785 ms
ptxas info    : Compiling entry function '_ZN3cub17_V_300500_SM_10006detail6reduce28DeviceReduceSingleTileKernelINS2_26policy_selector_from_typesIdjN4cuda3std3__44plusIdEEEEPdSB_iS9_ddNS7_8identityEEEvT0_T1_T2_T3_T4_T6_' for 'sm_100'
ptxas info    : Function properties for _ZN3cub17_V_300500_SM_10006detail6reduce28DeviceReduceSingleTileKernelINS2_26policy_selector_from_typesIdjN4cuda3std3__44plusIdEEEEPdSB_iS9_ddNS7_8identityEEEvT0_T1_T2_T3_T4_T6_
    0 bytes stack frame, 0 bytes spill stores, 0 bytes spill loads
ptxas info    : Used 48 registers, used 1 barriers, 192 bytes smem
ptxas info    : Compile time = 17.189 ms
ptxas info    : Compiling entry function '_ZN3cub17_V_300500_SM_10006detail6reduce18DeviceReduceKernelINS2_26policy_selector_from_typesIdjN4cuda3std3__44plusIdEEEEPKdjS9_dNS7_8identityEEEvT0_PT3_T1_NS0_13GridEvenShareISH_EET2_T4_' for 'sm_100'
ptxas info    : Function properties for _ZN3cub17_V_300500_SM_10006detail6reduce18DeviceReduceKernelINS2_26policy_selector_from_typesIdjN4cuda3std3__44plusIdEEEEPKdjS9_dNS7_8identityEEEvT0_PT3_T1_NS0_13GridEvenShareISH_EET2_T4_
    0 bytes stack frame, 0 bytes spill stores, 0 bytes spill loads
ptxas info    : Used 30 registers, used 1 barriers, 192 bytes smem
ptxas info    : Compile time = 14.948 ms
ptxas info    : Compiling entry function '_ZN3cub17_V_300500_SM_10006detail6reduce28DeviceReduceSingleTileKernelINS2_26policy_selector_from_typesIdjN4cuda3std3__44plusIdEEEEPKdPdjS9_ddNS7_8identityEEEvT0_T1_T2_T3_T4_T6_' for 'sm_100'
ptxas info    : Function properties for _ZN3cub17_V_300500_SM_10006detail6reduce28DeviceReduceSingleTileKernelINS2_26policy_selector_from_typesIdjN4cuda3std3__44plusIdEEEEPKdPdjS9_ddNS7_8identityEEEvT0_T1_T2_T3_T4_T6_
    0 bytes stack frame, 0 bytes spill stores, 0 bytes spill loads
ptxas info    : Used 44 registers, used 1 barriers, 192 bytes smem
ptxas info    : Compile time = 15.222 ms
ptxas info    : Compiling entry function '_ZN3cub17_V_300500_SM_10006detail6reduce28DeviceReduceSingleTileKernelINS2_26policy_selector_from_typesIlyN4cuda3std3__44plusIlEEEEPlSB_iS9_llNS7_8identityEEEvT0_T1_T2_T3_T4_T6_' for 'sm_100'
ptxas info    : Function properties for _ZN3cub17_V_300500_SM_10006detail6reduce28DeviceReduceSingleTileKernelINS2_26policy_selector_from_typesIlyN4cuda3std3__44plusIlEEEEPlSB_iS9_llNS7_8identityEEEvT0_T1_T2_T3_T4_T6_
    0 bytes stack frame, 0 bytes spill stores, 0 bytes spill loads
ptxas info    : Used 48 registers, used 1 barriers, 160 bytes smem
ptxas info    : Compile time = 17.812 ms
ptxas info    : Compiling entry function '_ZN3cub17_V_300500_SM_10006detail6reduce18DeviceReduceKernelINS2_26policy_selector_from_typesIlyN4cuda3std3__44plusIlEEEEN6thrust17_V_300500_SM_100018transform_iteratorINS5_3__414equal_to_valueIdEEPKdllEEyS9_lNS7_8identityEEEvT0_PT3_T1_NS0_13GridEvenShareISO_EET2_T4_' for 'sm_100'
ptxas info    : Function properties for _ZN3cub17_V_300500_SM_10006detail6reduce18DeviceReduceKernelINS2_26policy_selector_from_typesIlyN4cuda3std3__44plusIlEEEEN6thrust17_V_300500_SM_100018transform_iteratorINS5_3__414equal_to_valueIdEEPKdllEEyS9_lNS7_8identityEEEvT0_PT3_T1_NS0_13GridEvenShareISO_EET2_T4_
    0 bytes stack frame, 0 bytes spill stores, 0 bytes spill loads
ptxas info    : Used 32 registers, used 1 barriers, 160 bytes smem
ptxas info    : Compile time = 23.689 ms
ptxas info    : Compiling entry function '_ZN3cub17_V_300500_SM_10006detail6reduce28DeviceReduceSingleTileKernelINS2_26policy_selector_from_typesIlyN4cuda3std3__44plusIlEEEEN6thrust17_V_300500_SM_100018transform_iteratorINS5_3__414equal_to_valueIdEEPKdllEEPlyS9_llNS7_8identityEEEvT0_T1_T2_T3_T4_T6_' for 'sm_100'
ptxas info    : Function properties for _ZN3cub17_V_300500_SM_10006detail6reduce28DeviceReduceSingleTileKernelINS2_26policy_selector_from_typesIlyN4cuda3std3__44plusIlEEEEN6thrust17_V_300500_SM_100018transform_iteratorINS5_3__414equal_to_valueIdEEPKdllEEPlyS9_llNS7_8identityEEEvT0_T1_T2_T3_T4_T6_
    0 bytes stack frame, 0 bytes spill stores, 0 bytes spill loads
ptxas info    : Used 48 registers, used 1 barriers, 160 bytes smem
ptxas info    : Compile time = 22.150 ms
ptxas info    : Compiling entry function '_ZN3cub17_V_300500_SM_10006detail6reduce28DeviceReduceSingleTileKernelINS2_26policy_selector_from_typesIljN4cuda3std3__44plusIlEEEEPlSB_iS9_llNS7_8identityEEEvT0_T1_T2_T3_T4_T6_' for 'sm_100'
ptxas info    : Function properties for _ZN3cub17_V_300500_SM_10006detail6reduce28DeviceReduceSingleTileKernelINS2_26policy_selector_from_typesIljN4cuda3std3__44plusIlEEEEPlSB_iS9_llNS7_8identityEEEvT0_T1_T2_T3_T4_T6_
    0 bytes stack frame, 0 bytes spill stores, 0 bytes spill loads
ptxas info    : Used 48 registers, used 1 barriers, 160 bytes smem
ptxas info    : Compile time = 18.440 ms
ptxas info    : Compiling entry function '_ZN3cub17_V_300500_SM_10006detail6reduce18DeviceReduceKernelINS2_26policy_selector_from_typesIljN4cuda3std3__44plusIlEEEEN6thrust17_V_300500_SM_100018transform_iteratorINS5_3__414equal_to_valueIdEEPKdllEEjS9_lNS7_8identityEEEvT0_PT3_T1_NS0_13GridEvenShareISO_EET2_T4_' for 'sm_100'
ptxas info    : Function properties for _ZN3cub17_V_300500_SM_10006detail6reduce18DeviceReduceKernelINS2_26policy_selector_from_typesIljN4cuda3std3__44plusIlEEEEN6thrust17_V_300500_SM_100018transform_iteratorINS5_3__414equal_to_valueIdEEPKdllEEjS9_lNS7_8identityEEEvT0_PT3_T1_NS0_13GridEvenShareISO_EET2_T4_
    0 bytes stack frame, 0 bytes spill stores, 0 bytes spill loads
ptxas info    : Used 32 registers, used 1 barriers, 160 bytes smem
ptxas info    : Compile time = 24.089 ms
ptxas info    : Compiling entry function '_ZN3cub17_V_300500_SM_10006detail6reduce28DeviceReduceSingleTileKernelINS2_26policy_selector_from_typesIljN4cuda3std3__44plusIlEEEEN6thrust17_V_300500_SM_100018transform_iteratorINS5_3__414equal_to_valueIdEEPKdllEEPljS9_llNS7_8identityEEEvT0_T1_T2_T3_T4_T6_' for 'sm_100'
ptxas info    : Function properties for _ZN3cub17_V_300500_SM_10006detail6reduce28DeviceReduceSingleTileKernelINS2_26policy_selector_from_typesIljN4cuda3std3__44plusIlEEEEN6thrust17_V_300500_SM_100018transform_iteratorINS5_3__414equal_to_valueIdEEPKdllEEPljS9_llNS7_8identityEEEvT0_T1_T2_T3_T4_T6_
    0 bytes stack frame, 0 bytes spill stores, 0 bytes spill loads
ptxas info    : Used 47 registers, used 1 barriers, 160 bytes smem
ptxas info    : Compile time = 21.918 ms
ptxas info    : Compiling entry function '_ZN3cub17_V_300500_SM_10006detail4scan16DeviceScanKernelINS2_26policy_selector_from_typesIPmS5_mmN4cuda3std3__44plusIvEEEES5_S5_NS0_13ScanTileStateImLb1EEESA_NS1_10InputValueImS5_EEmmLb0EmEEvT0_T1_NS2_23tile_state_kernel_arg_tIT2_T6_EEiT3_T4_T5_i' for 'sm_100'
ptxas info    : Function properties for _ZN3cub17_V_300500_SM_10006detail4scan16DeviceScanKernelINS2_26policy_selector_from_typesIPmS5_mmN4cuda3std3__44plusIvEEEES5_S5_NS0_13ScanTileStateImLb1EEESA_NS1_10InputValueImS5_EEmmLb0EmEEvT0_T1_NS2_23tile_state_kernel_arg_tIT2_T6_EEiT3_T4_T5_i
    0 bytes stack frame, 0 bytes spill stores, 0 bytes spill loads
ptxas info    : Used 206 registers, used 3 barriers
ptxas info    : Compile time = 84.217 ms
ptxas info    : Compiling entry function '_ZN3cub17_V_300500_SM_10006detail4scan20DeviceScanInitKernelINS2_26policy_selector_from_typesIPmS5_mmN4cuda3std3__44plusIvEEEES5_S5_NS0_13ScanTileStateImLb1EEEmEEvNS2_23tile_state_kernel_arg_tIT2_T3_EEi' for 'sm_100'
ptxas info    : Function properties for _ZN3cub17_V_300500_SM_10006detail4scan20DeviceScanInitKernelINS2_26policy_selector_from_typesIPmS5_mmN4cuda3std3__44plusIvEEEES5_S5_NS0_13ScanTileStateImLb1EEEmEEvNS2_23tile_state_kernel_arg_tIT2_T3_EEi
    0 bytes stack frame, 0 bytes spill stores, 0 bytes spill loads
ptxas info    : Used 8 registers, used 0 barriers
ptxas info    : Compile time = 1.014 ms
ptxas info    : Compiling entry function '_ZN3cub17_V_300500_SM_10006detail4scan16DeviceScanKernelINS2_26policy_selector_from_typesIPmS5_mjN4cuda3std3__44plusIvEEEES5_S5_NS0_13ScanTileStateImLb1EEESA_NS1_10InputValueImS5_EEjmLb0EmEEvT0_T1_NS2_23tile_state_kernel_arg_tIT2_T6_EEiT3_T4_T5_i' for 'sm_100'
ptxas info    : Function properties for _ZN3cub17_V_300500_SM_10006detail4scan16DeviceScanKernelINS2_26policy_selector_from_typesIPmS5_mjN4cuda3std3__44plusIvEEEES5_S5_NS0_13ScanTileStateImLb1EEESA_NS1_10InputValueImS5_EEjmLb0EmEEvT0_T1_NS2_23tile_state_kernel_arg_tIT2_T6_EEiT3_T4_T5_i
    0 bytes stack frame, 0 bytes spill stores, 0 bytes spill loads
ptxas info    : Used 206 registers, used 3 barriers
ptxas info    : Compile time = 83.393 ms
ptxas info    : Compiling entry function '_ZN3cub17_V_300500_SM_10006detail4scan20DeviceScanInitKernelINS2_26policy_selector_from_typesIPmS5_mjN4cuda3std3__44plusIvEEEES5_S5_NS0_13ScanTileStateImLb1EEEmEEvNS2_23tile_state_kernel_arg_tIT2_T3_EEi' for 'sm_100'
ptxas info    : Function properties for _ZN3cub17_V_300500_SM_10006detail4scan20DeviceScanInitKernelINS2_26policy_selector_from_typesIPmS5_mjN4cuda3std3__44plusIvEEEES5_S5_NS0_13ScanTileStateImLb1EEEmEEvNS2_23tile_state_kernel_arg_tIT2_T3_EEi
    0 bytes stack frame, 0 bytes spill stores, 0 bytes spill loads
ptxas info    : Used 8 registers, used 0 barriers
ptxas info    : Compile time = 1.015 ms
ptxas info    : Compiling entry function '_ZN3cub17_V_300500_SM_10006detail4scan16DeviceScanKernelINS2_26policy_selector_from_typesIPlS5_lmN4cuda3std3__44plusIvEEEES5_S5_NS0_13ScanTileStateIlLb1EEESA_NS1_10InputValueIlS5_EEmlLb0ElEEvT0_T1_NS2_23tile_state_kernel_arg_tIT2_T6_EEiT3_T4_T5_i' for 'sm_100'
ptxas info    : Function properties for _ZN3cub17_V_300500_SM_10006detail4scan16DeviceScanKernelINS2_26policy_selector_from_typesIPlS5_lmN4cuda3std3__44plusIvEEEES5_S5_NS0_13ScanTileStateIlLb1EEESA_NS1_10InputValueIlS5_EEmlLb0ElEEvT0_T1_NS2_23tile_state_kernel_arg_tIT2_T6_EEiT3_T4_T5_i
    0 bytes stack frame, 0 bytes spill stores, 0 bytes spill loads
ptxas info    : Used 206 registers, used 3 barriers
ptxas info    : Compile time = 83.972 ms
ptxas info    : Compiling entry function '_ZN3cub17_V_300500_SM_10006detail4scan20DeviceScanInitKernelINS2_26policy_selector_from_typesIPlS5_lmN4cuda3std3__44plusIvEEEES5_S5_NS0_13ScanTileStateIlLb1EEElEEvNS2_23tile_state_kernel_arg_tIT2_T3_EEi' for 'sm_100'
ptxas info    : Function properties for _ZN3cub17_V_300500_SM_10006detail4scan20DeviceScanInitKernelINS2_26policy_selector_from_typesIPlS5_lmN4cuda3std3__44plusIvEEEES5_S5_NS0_13ScanTileStateIlLb1EEElEEvNS2_23tile_state_kernel_arg_tIT2_T3_EEi
    0 bytes stack frame, 0 bytes spill stores, 0 bytes spill loads
ptxas info    : Used 8 registers, used 0 barriers
ptxas info    : Compile time = 1.027 ms
ptxas info    : Compiling entry function '_ZN3cub17_V_300500_SM_10006detail4scan16DeviceScanKernelINS2_26policy_selector_from_typesIPlS5_ljN4cuda3std3__44plusIvEEEES5_S5_NS0_13ScanTileStateIlLb1EEESA_NS1_10InputValueIlS5_EEjlLb0ElEEvT0_T1_NS2_23tile_state_kernel_arg_tIT2_T6_EEiT3_T4_T5_i' for 'sm_100'
ptxas info    : Function properties for _ZN3cub17_V_300500_SM_10006detail4scan16DeviceScanKernelINS2_26policy_selector_from_typesIPlS5_ljN4cuda3std3__44plusIvEEEES5_S5_NS0_13ScanTileStateIlLb1EEESA_NS1_10InputValueIlS5_EEjlLb0ElEEvT0_T1_NS2_23tile_state_kernel_arg_tIT2_T6_EEiT3_T4_T5_i
    0 bytes stack frame, 0 bytes spill stores, 0 bytes spill loads
ptxas info    : Used 206 registers, used 3 barriers
ptxas info    : Compile time = 83.088 ms
ptxas info    : Compiling entry function '_ZN3cub17_V_300500_SM_10006detail4scan20DeviceScanInitKernelINS2_26policy_selector_from_typesIPlS5_ljN4cuda3std3__44plusIvEEEES5_S5_NS0_13ScanTileStateIlLb1EEElEEvNS2_23tile_state_kernel_arg_tIT2_T3_EEi' for 'sm_100'
ptxas info    : Function properties for _ZN3cub17_V_300500_SM_10006detail4scan20DeviceScanInitKernelINS2_26policy_selector_from_typesIPlS5_ljN4cuda3std3__44plusIvEEEES5_S5_NS0_13ScanTileStateIlLb1EEElEEvNS2_23tile_state_kernel_arg_tIT2_T3_EEi
    0 bytes stack frame, 0 bytes spill stores, 0 bytes spill loads
ptxas info    : Used 8 registers, used 0 barriers
ptxas info    : Compile time = 1.009 ms
ptxas info    : Compiling entry function '_ZN3cub17_V_300500_SM_10006detail4scan16DeviceScanKernelINS2_26policy_selector_from_typesIPjS5_jmN4cuda3std3__44plusIvEEEES5_S5_NS0_13ScanTileStateIjLb1EEESA_NS1_10InputValueIjS5_EEmjLb0EjEEvT0_T1_NS2_23tile_state_kernel_arg_tIT2_T6_EEiT3_T4_T5_i' for 'sm_100'
ptxas info    : Function properties for _ZN3cub17_V_300500_SM_10006detail4scan16DeviceScanKernelINS2_26policy_selector_from_typesIPjS5_jmN4cuda3std3__44plusIvEEEES5_S5_NS0_13ScanTileStateIjLb1EEESA_NS1_10InputValueIjS5_EEmjLb0EjEEvT0_T1_NS2_23tile_state_kernel_arg_tIT2_T6_EEiT3_T4_T5_i
    0 bytes stack frame, 0 bytes spill stores, 0 bytes spill loads
ptxas info    : Used 103 registers, used 3 barriers
ptxas info    : Compile time = 56.055 ms
ptxas info    : Compiling entry function '_ZN3cub17_V_300500_SM_10006detail4scan20DeviceScanInitKernelINS2_26policy_selector_from_typesIPjS5_jmN4cuda3std3__44plusIvEEEES5_S5_NS0_13ScanTileStateIjLb1EEEjEEvNS2_23tile_state_kernel_arg_tIT2_T3_EEi' for 'sm_100'
ptxas info    : Function properties for _ZN3cub17_V_300500_SM_10006detail4scan20DeviceScanInitKernelINS2_26policy_selector_from_typesIPjS5_jmN4cuda3std3__44plusIvEEEES5_S5_NS0_13ScanTileStateIjLb1EEEjEEvNS2_23tile_state_kernel_arg_tIT2_T3_EEi
    0 bytes stack frame, 0 bytes spill stores, 0 bytes spill loads
ptxas info    : Used 8 registers, used 0 barriers
ptxas info    : Compile time = 0.997 ms
ptxas info    : Compiling entry function '_ZN3cub17_V_300500_SM_10006detail4scan16DeviceScanKernelINS2_26policy_selector_from_typesIPjS5_jjN4cuda3std3__44plusIvEEEES5_S5_NS0_13ScanTileStateIjLb1EEESA_NS1_10InputValueIjS5_EEjjLb0EjEEvT0_T1_NS2_23tile_state_kernel_arg_tIT2_T6_EEiT3_T4_T5_i' for 'sm_100'
ptxas info    : Function properties for _ZN3cub17_V_300500_SM_10006detail4scan16DeviceScanKernelINS2_26policy_selector_from_typesIPjS5_jjN4cuda3std3__44plusIvEEEES5_S5_NS0_13ScanTileStateIjLb1EEESA_NS1_10InputValueIjS5_EEjjLb0EjEEvT0_T1_NS2_23tile_state_kernel_arg_tIT2_T6_EEiT3_T4_T5_i
    0 bytes stack frame, 0 bytes spill stores, 0 bytes spill loads
ptxas info    : Used 101 registers, used 3 barriers
ptxas info    : Compile time = 56.269 ms
ptxas info    : Compiling entry function '_ZN3cub17_V_300500_SM_10006detail4scan20DeviceScanInitKernelINS2_26policy_selector_from_typesIPjS5_jjN4cuda3std3__44plusIvEEEES5_S5_NS0_13ScanTileStateIjLb1EEEjEEvNS2_23tile_state_kernel_arg_tIT2_T3_EEi' for 'sm_100'
ptxas info    : Function properties for _ZN3cub17_V_300500_SM_10006detail4scan20DeviceScanInitKernelINS2_26policy_selector_from_typesIPjS5_jjN4cuda3std3__44plusIvEEEES5_S5_NS0_13ScanTileStateIjLb1EEEjEEvNS2_23tile_state_kernel_arg_tIT2_T3_EEi
    0 bytes stack frame, 0 bytes spill stores, 0 bytes spill loads
ptxas info    : Used 8 registers, used 0 barriers
ptxas info    : Compile time = 1.003 ms
ptxas info    : Compiling entry function '_ZN3cub17_V_300500_SM_10006detail4scan16DeviceScanKernelINS2_26policy_selector_from_typesIPiS5_imN4cuda3std3__44plusIvEEEES5_S5_NS0_13ScanTileStateIiLb1EEESA_NS1_10InputValueIiS5_EEmiLb0EiEEvT0_T1_NS2_23tile_state_kernel_arg_tIT2_T6_EEiT3_T4_T5_i' for 'sm_100'
ptxas info    : Function properties for _ZN3cub17_V_300500_SM_10006detail4scan16DeviceScanKernelINS2_26policy_selector_from_typesIPiS5_imN4cuda3std3__44plusIvEEEES5_S5_NS0_13ScanTileStateIiLb1EEESA_NS1_10InputValueIiS5_EEmiLb0EiEEvT0_T1_NS2_23tile_state_kernel_arg_tIT2_T6_EEiT3_T4_T5_i
    0 bytes stack frame, 0 bytes spill stores, 0 bytes spill loads
ptxas info    : Used 108 registers, used 3 barriers
ptxas info    : Compile time = 55.846 ms
ptxas info    : Compiling entry function '_ZN3cub17_V_300500_SM_10006detail4scan20DeviceScanInitKernelINS2_26policy_selector_from_typesIPiS5_imN4cuda3std3__44plusIvEEEES5_S5_NS0_13ScanTileStateIiLb1EEEiEEvNS2_23tile_state_kernel_arg_tIT2_T3_EEi' for 'sm_100'
ptxas info    : Function properties for _ZN3cub17_V_300500_SM_10006detail4scan20DeviceScanInitKernelINS2_26policy_selector_from_typesIPiS5_imN4cuda3std3__44plusIvEEEES5_S5_NS0_13ScanTileStateIiLb1EEEiEEvNS2_23tile_state_kernel_arg_tIT2_T3_EEi
    0 bytes stack frame, 0 bytes spill stores, 0 bytes spill loads
ptxas info    : Used 8 registers, used 0 barriers
ptxas info    : Compile time = 1.012 ms
ptxas info    : Compiling entry function '_ZN3cub17_V_300500_SM_10006detail4scan16DeviceScanKernelINS2_26policy_selector_from_typesIPiS5_ijN4cuda3std3__44plusIvEEEES5_S5_NS0_13ScanTileStateIiLb1EEESA_NS1_10InputValueIiS5_EEjiLb0EiEEvT0_T1_NS2_23tile_state_kernel_arg_tIT2_T6_EEiT3_T4_T5_i' for 'sm_100'
ptxas info    : Function properties for _ZN3cub17_V_300500_SM_10006detail4scan16DeviceScanKernelINS2_26policy_selector_from_typesIPiS5_ijN4cuda3std3__44plusIvEEEES5_S5_NS0_13ScanTileStateIiLb1EEESA_NS1_10InputValueIiS5_EEjiLb0EiEEvT0_T1_NS2_23tile_state_kernel_arg_tIT2_T6_EEiT3_T4_T5_i
    0 bytes stack frame, 0 bytes spill stores, 0 bytes spill loads
ptxas info    : Used 107 registers, used 3 barriers
ptxas info    : Compile time = 55.764 ms
ptxas info    : Compiling entry function '_ZN3cub17_V_300500_SM_10006detail4scan20DeviceScanInitKernelINS2_26policy_selector_from_typesIPiS5_ijN4cuda3std3__44plusIvEEEES5_S5_NS0_13ScanTileStateIiLb1EEEiEEvNS2_23tile_state_kernel_arg_tIT2_T3_EEi' for 'sm_100'
ptxas info    : Function properties for _ZN3cub17_V_300500_SM_10006detail4scan20DeviceScanInitKernelINS2_26policy_selector_from_typesIPiS5_ijN4cuda3std3__44plusIvEEEES5_S5_NS0_13ScanTileStateIiLb1EEEiEEvNS2_23tile_state_kernel_arg_tIT2_T3_EEi
    0 bytes stack frame, 0 bytes spill stores, 0 bytes spill loads
ptxas info    : Used 8 registers, used 0 barriers
ptxas info    : Compile time = 1.007 ms
ptxas info    : Compiling entry function '_ZN3cub17_V_300500_SM_10006detail9transform16transform_kernelINS2_26policy_selector_from_typesILb0ELb1EN4cuda3std3__45tupleIJPNS7_7complexIdEESB_EEESB_EElNS5_3__411always_trueENSE_38__callable_permitting_copied_argumentsIN6detail5and_tEEESB_JSB_SB_EEEvT0_ibT1_T2_T3_DpNS2_10kernel_argIT4_EE' for 'sm_100'
ptxas info    : Function properties for _ZN3cub17_V_300500_SM_10006detail9transform16transform_kernelINS2_26policy_selector_from_typesILb0ELb1EN4cuda3std3__45tupleIJPNS7_7complexIdEESB_EEESB_EElNS5_3__411always_trueENSE_38__callable_permitting_copied_argumentsIN6detail5and_tEEESB_JSB_SB_EEEvT0_ibT1_T2_T3_DpNS2_10kernel_argIT4_EE
    0 bytes stack frame, 0 bytes spill stores, 0 bytes spill loads
ptxas info    : Used 17 registers, used 1 barriers
ptxas info    : Compile time = 8.798 ms
ptxas info    : Compiling entry function '_ZN3cub17_V_300500_SM_10006detail9transform16transform_kernelINS2_26policy_selector_from_typesILb0ELb1EN4cuda3std3__45tupleIJPNS7_7complexIdEESB_EEESB_EEiNS5_3__411always_trueENSE_38__callable_permitting_copied_argumentsIN6detail5and_tEEESB_JSB_SB_EEEvT0_ibT1_T2_T3_DpNS2_10kernel_argIT4_EE' for 'sm_100'
ptxas info    : Function properties for _ZN3cub17_V_300500_SM_10006detail9transform16transform_kernelINS2_26policy_selector_from_typesILb0ELb1EN4cuda3std3__45tupleIJPNS7_7complexIdEESB_EEESB_EEiNS5_3__411always_trueENSE_38__callable_permitting_copied_argumentsIN6detail5and_tEEESB_JSB_SB_EEEvT0_ibT1_T2_T3_DpNS2_10kernel_argIT4_EE
    0 bytes stack frame, 0 bytes spill stores, 0 bytes spill loads
ptxas info    : Used 17 registers, used 1 barriers
ptxas info    : Compile time = 8.338 ms
ptxas info    : Compiling entry function '_ZN3cub17_V_300500_SM_10006detail9transform16transform_kernelINS2_26policy_selector_from_typesILb0ELb1EN4cuda3std3__45tupleIJEEEPNS7_7complexIdEEEElNS5_3__411always_trueENS1_17__return_constantISB_EESC_JEEEvT0_ibT1_T2_T3_DpNS2_10kernel_argIT4_EE' for 'sm_100'
ptxas info    : Function properties for _ZN3cub17_V_300500_SM_10006detail9transform16transform_kernelINS2_26policy_selector_from_typesILb0ELb1EN4cuda3std3__45tupleIJEEEPNS7_7complexIdEEEElNS5_3__411always_trueENS1_17__return_constantISB_EESC_JEEEvT0_ibT1_T2_T3_DpNS2_10kernel_argIT4_EE
    0 bytes stack frame, 0 bytes spill stores, 0 bytes spill loads
ptxas info    : Used 32 registers, used 0 barriers
ptxas info    : Compile time = 8.187 ms
ptxas info    : Compiling entry function '_ZN3cub17_V_300500_SM_10006detail9transform16transform_kernelINS2_26policy_selector_from_typesILb0ELb1EN4cuda3std3__45tupleIJEEEPNS7_7complexIdEEEEiNS5_3__411always_trueENS1_17__return_constantISB_EESC_JEEEvT0_ibT1_T2_T3_DpNS2_10kernel_argIT4_EE' for 'sm_100'
ptxas info    : Function properties for _ZN3cub17_V_300500_SM_10006detail9transform16transform_kernelINS2_26policy_selector_from_typesILb0ELb1EN4cuda3std3__45tupleIJEEEPNS7_7complexIdEEEEiNS5_3__411always_trueENS1_17__return_constantISB_EESC_JEEEvT0_ibT1_T2_T3_DpNS2_10kernel_argIT4_EE
    0 bytes stack frame, 0 bytes spill stores, 0 bytes spill loads
ptxas info    : Used 31 registers, used 0 barriers
ptxas info    : Compile time = 6.762 ms
ptxas info    : Compiling entry function '_ZN3cub17_V_300500_SM_10006detail9transform16transform_kernelINS2_26policy_selector_from_typesILb0ELb1EN4cuda3std3__45tupleIJPNS7_7complexIfEESB_EEESB_EElNS5_3__411always_trueENSE_38__callable_permitting_copied_argumentsIN6detail5and_tEEESB_JSB_SB_EEEvT0_ibT1_T2_T3_DpNS2_10kernel_argIT4_EE' for 'sm_100'
ptxas info    : Function properties for _ZN3cub17_V_300500_SM_10006detail9transform16transform_kernelINS2_26policy_selector_from_typesILb0ELb1EN4cuda3std3__45tupleIJPNS7_7complexIfEESB_EEESB_EElNS5_3__411always_trueENSE_38__callable_permitting_copied_argumentsIN6detail5and_tEEESB_JSB_SB_EEEvT0_ibT1_T2_T3_DpNS2_10kernel_argIT4_EE
    0 bytes stack frame, 0 bytes spill stores, 0 bytes spill loads
ptxas info    : Used 12 registers, used 1 barriers
ptxas info    : Compile time = 9.401 ms
ptxas info    : Compiling entry function '_ZN3cub17_V_300500_SM_10006detail9transform16transform_kernelINS2_26policy_selector_from_typesILb0ELb1EN4cuda3std3__45tupleIJPNS7_7complexIfEESB_EEESB_EEiNS5_3__411always_trueENSE_38__callable_permitting_copied_argumentsIN6detail5and_tEEESB_JSB_SB_EEEvT0_ibT1_T2_T3_DpNS2_10kernel_argIT4_EE' for 'sm_100'
ptxas info    : Function properties for _ZN3cub17_V_300500_SM_10006detail9transform16transform_kernelINS2_26policy_selector_from_typesILb0ELb1EN4cuda3std3__45tupleIJPNS7_7complexIfEESB_EEESB_EEiNS5_3__411always_trueENSE_38__callable_permitting_copied_argumentsIN6detail5and_tEEESB_JSB_SB_EEEvT0_ibT1_T2_T3_DpNS2_10kernel_argIT4_EE
    0 bytes stack frame, 0 bytes spill stores, 0 bytes spill loads
ptxas info    : Used 12 registers, used 1 barriers
ptxas info    : Compile time = 8.951 ms
ptxas info    : Compiling entry function '_ZN3cub17_V_300500_SM_10006detail9transform16transform_kernelINS2_26policy_selector_from_typesILb0ELb1EN4cuda3std3__45tupleIJEEEPNS7_7complexIfEEEElNS5_3__411always_trueENS1_17__return_constantISB_EESC_JEEEvT0_ibT1_T2_T3_DpNS2_10kernel_argIT4_EE' for 'sm_100'
ptxas info    : Function properties for _ZN3cub17_V_300500_SM_10006detail9transform16transform_kernelINS2_26policy_selector_from_typesILb0ELb1EN4cuda3std3__45tupleIJEEEPNS7_7complexIfEEEElNS5_3__411always_trueENS1_17__return_constantISB_EESC_JEEEvT0_ibT1_T2_T3_DpNS2_10kernel_argIT4_EE
    0 bytes stack frame, 0 bytes spill stores, 0 bytes spill loads
ptxas info    : Used 32 registers, used 0 barriers
ptxas info    : Compile time = 7.793 ms
ptxas info    : Compiling entry function '_ZN3cub17_V_300500_SM_10006detail9transform16transform_kernelINS2_26policy_selector_from_typesILb0ELb1EN4cuda3std3__45tupleIJEEEPNS7_7complexIfEEEEiNS5_3__411always_trueENS1_17__return_constantISB_EESC_JEEEvT0_ibT1_T2_T3_DpNS2_10kernel_argIT4_EE' for 'sm_100'
ptxas info    : Function properties for _ZN3cub17_V_300500_SM_10006detail9transform16transform_kernelINS2_26policy_selector_from_typesILb0ELb1EN4cuda3std3__45tupleIJEEEPNS7_7complexIfEEEEiNS5_3__411always_trueENS1_17__return_constantISB_EESC_JEEEvT0_ibT1_T2_T3_DpNS2_10kernel_argIT4_EE
    0 bytes stack frame, 0 bytes spill stores, 0 bytes spill loads
ptxas info    : Used 30 registers, used 0 barriers
ptxas info    : Compile time = 6.448 ms
ptxas info    : Compiling entry function '_ZN3cub17_V_300500_SM_10006detail9transform16transform_kernelINS2_26policy_selector_from_typesILb0ELb1EN4cuda3std3__45tupleIJPdS9_EEES9_EElNS5_3__411always_trueENSC_38__callable_permitting_copied_argumentsIN6detail5and_tEEES9_JS9_S9_EEEvT0_ibT1_T2_T3_DpNS2_10kernel_argIT4_EE' for 'sm_100'
ptxas info    : Function properties for _ZN3cub17_V_300500_SM_10006detail9transform16transform_kernelINS2_26policy_selector_from_typesILb0ELb1EN4cuda3std3__45tupleIJPdS9_EEES9_EElNS5_3__411always_trueENSC_38__callable_permitting_copied_argumentsIN6detail5and_tEEES9_JS9_S9_EEEvT0_ibT1_T2_T3_DpNS2_10kernel_argIT4_EE
    0 bytes stack frame, 0 bytes spill stores, 0 bytes spill loads
ptxas info    : Used 12 registers, used 1 barriers
ptxas info    : Compile time = 9.357 ms
ptxas info    : Compiling entry function '_ZN3cub17_V_300500_SM_10006detail9transform16transform_kernelINS2_26policy_selector_from_typesILb0ELb1EN4cuda3std3__45tupleIJPdS9_EEES9_EEiNS5_3__411always_trueENSC_38__callable_permitting_copied_argumentsIN6detail5and_tEEES9_JS9_S9_EEEvT0_ibT1_T2_T3_DpNS2_10kernel_argIT4_EE' for 'sm_100'
ptxas info    : Function properties for _ZN3cub17_V_300500_SM_10006detail9transform16transform_kernelINS2_26policy_selector_from_typesILb0ELb1EN4cuda3std3__45tupleIJPdS9_EEES9_EEiNS5_3__411always_trueENSC_38__callable_permitting_copied_argumentsIN6detail5and_tEEES9_JS9_S9_EEEvT0_ibT1_T2_T3_DpNS2_10kernel_argIT4_EE
    0 bytes stack frame, 0 bytes spill stores, 0 bytes spill loads
ptxas info    : Used 12 registers, used 1 barriers
ptxas info    : Compile time = 8.933 ms
ptxas info    : Compiling entry function '_ZN3cub17_V_300500_SM_10006detail9transform16transform_kernelINS2_26policy_selector_from_typesILb0ELb1EN4cuda3std3__45tupleIJPKdEEEPdEElNS5_3__411always_trueENSE_38__callable_permitting_copied_argumentsIN6detail16random_to_item_tIdEEEESC_JSA_EEEvT0_ibT1_T2_T3_DpNS2_10kernel_argIT4_EE' for 'sm_100'
ptxas info    : Function properties for _ZN3cub17_V_300500_SM_10006detail9transform16transform_kernelINS2_26policy_selector_from_typesILb0ELb1EN4cuda3std3__45tupleIJPKdEEEPdEElNS5_3__411always_trueENSE_38__callable_permitting_copied_argumentsIN6detail16random_to_item_tIdEEEESC_JSA_EEEvT0_ibT1_T2_T3_DpNS2_10kernel_argIT4_EE
    0 bytes stack frame, 0 bytes spill stores, 0 bytes spill loads
ptxas info    : Used 13 registers, used 1 barriers
ptxas info    : Compile time = 7.281 ms
ptxas info    : Compiling entry function '_ZN3cub17_V_300500_SM_10006detail9transform16transform_kernelINS2_26policy_selector_from_typesILb0ELb1EN4cuda3std3__45tupleIJPKdEEEPdEEiNS5_3__411always_trueENSE_38__callable_permitting_copied_argumentsIN6detail16random_to_item_tIdEEEESC_JSA_EEEvT0_ibT1_T2_T3_DpNS2_10kernel_argIT4_EE' for 'sm_100'
ptxas info    : Function properties for _ZN3cub17_V_300500_SM_10006detail9transform16transform_kernelINS2_26policy_selector_from_typesILb0ELb1EN4cuda3std3__45tupleIJPKdEEEPdEEiNS5_3__411always_trueENSE_38__callable_permitting_copied_argumentsIN6detail16random_to_item_tIdEEEESC_JSA_EEEvT0_ibT1_T2_T3_DpNS2_10kernel_argIT4_EE
    0 bytes stack frame, 0 bytes spill stores, 0 bytes spill loads
ptxas info    : Used 13 registers, used 1 barriers
ptxas info    : Compile time = 6.893 ms
ptxas info    : Compiling entry function '_ZN3cub17_V_300500_SM_10006detail9transform16transform_kernelINS2_26policy_selector_from_typesILb0ELb1EN4cuda3std3__45tupleIJPfS9_EEES9_EElNS5_3__411always_trueENSC_38__callable_permitting_copied_argumentsIN6detail5and_tEEES9_JS9_S9_EEEvT0_ibT1_T2_T3_DpNS2_10kernel_argIT4_EE' for 'sm_100'
ptxas info    : Function properties for _ZN3cub17_V_300500_SM_10006detail9transform16transform_kernelINS2_26policy_selector_from_typesILb0ELb1EN4cuda3std3__45tupleIJPfS9_EEES9_EElNS5_3__411always_trueENSC_38__callable_permitting_copied_argumentsIN6detail5and_tEEES9_JS9_S9_EEEvT0_ibT1_T2_T3_DpNS2_10kernel_argIT4_EE
    0 bytes stack frame, 0 bytes spill stores, 0 bytes spill loads
ptxas info    : Used 12 registers, used 1 barriers
ptxas info    : Compile time = 9.273 ms
ptxas info    : Compiling entry function '_ZN3cub17_V_300500_SM_10006detail9transform16transform_kernelINS2_26policy_selector_from_typesILb0ELb1EN4cuda3std3__45tupleIJPfS9_EEES9_EEiNS5_3__411always_trueENSC_38__callable_permitting_copied_argumentsIN6detail5and_tEEES9_JS9_S9_EEEvT0_ibT1_T2_T3_DpNS2_10kernel_argIT4_EE' for 'sm_100'
ptxas info    : Function properties for _ZN3cub17_V_300500_SM_10006detail9transform16transform_kernelINS2_26policy_selector_from_typesILb0ELb1EN4cuda3std3__45tupleIJPfS9_EEES9_EEiNS5_3__411always_trueENSC_38__callable_permitting_copied_argumentsIN6detail5and_tEEES9_JS9_S9_EEEvT0_ibT1_T2_T3_DpNS2_10kernel_argIT4_EE
    0 bytes stack frame, 0 bytes spill stores, 0 bytes spill loads
ptxas info    : Used 12 registers, used 1 barriers
ptxas info    : Compile time = 8.848 ms
ptxas info    : Compiling entry function '_ZN3cub17_V_300500_SM_10006detail9transform16transform_kernelINS2_26policy_selector_from_typesILb0ELb1EN4cuda3std3__45tupleIJEEEPfEElNS5_3__411always_trueENS1_17__return_constantIfEESA_JEEEvT0_ibT1_T2_T3_DpNS2_10kernel_argIT4_EE' for 'sm_100'
ptxas info    : Function properties for _ZN3cub17_V_300500_SM_10006detail9transform16transform_kernelINS2_26policy_selector_from_typesILb0ELb1EN4cuda3std3__45tupleIJEEEPfEElNS5_3__411always_trueENS1_17__return_constantIfEESA_JEEEvT0_ibT1_T2_T3_DpNS2_10kernel_argIT4_EE
    0 bytes stack frame, 0 bytes spill stores, 0 bytes spill loads
ptxas info    : Used 32 registers, used 0 barriers
ptxas info    : Compile time = 7.644 ms
ptxas info    : Compiling entry function '_ZN3cub17_V_300500_SM_10006detail9transform16transform_kernelINS2_26policy_selector_from_typesILb0ELb1EN4cuda3std3__45tupleIJEEEPfEEiNS5_3__411always_trueENS1_17__return_constantIfEESA_JEEEvT0_ibT1_T2_T3_DpNS2_10kernel_argIT4_EE' for 'sm_100'
ptxas info    : Function properties for _ZN3cub17_V_300500_SM_10006detail9transform16transform_kernelINS2_26policy_selector_from_typesILb0ELb1EN4cuda3std3__45tupleIJEEEPfEEiNS5_3__411always_trueENS1_17__return_constantIfEESA_JEEEvT0_ibT1_T2_T3_DpNS2_10kernel_argIT4_EE
    0 bytes stack frame, 0 bytes spill stores, 0 bytes spill loads
ptxas info    : Used 32 registers, used 0 barriers
ptxas info    : Compile time = 6.315 ms
ptxas info    : Compiling entry function '_ZN3cub17_V_300500_SM_10006detail9transform16transform_kernelINS2_26policy_selector_from_typesILb0ELb1EN4cuda3std3__45tupleIJPKdEEEPfEElNS5_3__411always_trueENSE_38__callable_permitting_copied_argumentsIN6detail16random_to_item_tIfEEEESC_JSA_EEEvT0_ibT1_T2_T3_DpNS2_10kernel_argIT4_EE' for 'sm_100'
ptxas info    : Function properties for _ZN3cub17_V_300500_SM_10006detail9transform16transform_kernelINS2_26policy_selector_from_typesILb0ELb1EN4cuda3std3__45tupleIJPKdEEEPfEElNS5_3__411always_trueENSE_38__callable_permitting_copied_argumentsIN6detail16random_to_item_tIfEEEESC_JSA_EEEvT0_ibT1_T2_T3_DpNS2_10kernel_argIT4_EE
    0 bytes stack frame, 0 bytes spill stores, 0 bytes spill loads
ptxas info    : Used 12 registers, used 1 barriers
ptxas info    : Compile time = 7.390 ms
ptxas info    : Compiling entry function '_ZN3cub17_V_300500_SM_10006detail9transform16transform_kernelINS2_26policy_selector_from_typesILb0ELb1EN4cuda3std3__45tupleIJPKdEEEPfEEiNS5_3__411always_trueENSE_38__callable_permitting_copied_argumentsIN6detail16random_to_item_tIfEEEESC_JSA_EEEvT0_ibT1_T2_T3_DpNS2_10kernel_argIT4_EE' for 'sm_100'
ptxas info    : Function properties for _ZN3cub17_V_300500_SM_10006detail9transform16transform_kernelINS2_26policy_selector_from_typesILb0ELb1EN4cuda3std3__45tupleIJPKdEEEPfEEiNS5_3__411always_trueENSE_38__callable_permitting_copied_argumentsIN6detail16random_to_item_tIfEEEESC_JSA_EEEvT0_ibT1_T2_T3_DpNS2_10kernel_argIT4_EE
    0 bytes stack frame, 0 bytes spill stores, 0 bytes spill loads
ptxas info    : Used 12 registers, used 1 barriers
ptxas info    : Compile time = 6.932 ms
ptxas info    : Compiling entry function '_ZN3cub17_V_300500_SM_10006detail9transform16transform_kernelINS2_26policy_selector_from_typesILb0ELb1EN4cuda3std3__45tupleIJPoS9_EEES9_EElNS5_3__411always_trueENSC_38__callable_permitting_copied_argumentsIN6detail5and_tEEES9_JS9_S9_EEEvT0_ibT1_T2_T3_DpNS2_10kernel_argIT4_EE' for 'sm_100'
ptxas info    : Function properties for _ZN3cub17_V_300500_SM_10006detail9transform16transform_kernelINS2_26policy_selector_from_typesILb0ELb1EN4cuda3std3__45tupleIJPoS9_EEES9_EElNS5_3__411always_trueENSC_38__callable_permitting_copied_argumentsIN6detail5and_tEEES9_JS9_S9_EEEvT0_ibT1_T2_T3_DpNS2_10kernel_argIT4_EE
    0 bytes stack frame, 0 bytes spill stores, 0 bytes spill loads
ptxas info    : Used 17 registers, used 1 barriers
ptxas info    : Compile time = 8.800 ms
ptxas info    : Compiling entry function '_ZN3cub17_V_300500_SM_10006detail9transform16transform_kernelINS2_26policy_selector_from_typesILb0ELb1EN4cuda3std3__45tupleIJPoS9_EEES9_EEiNS5_3__411always_trueENSC_38__callable_permitting_copied_argumentsIN6detail5and_tEEES9_JS9_S9_EEEvT0_ibT1_T2_T3_DpNS2_10kernel_argIT4_EE' for 'sm_100'
ptxas info    : Function properties for _ZN3cub17_V_300500_SM_10006detail9transform16transform_kernelINS2_26policy_selector_from_typesILb0ELb1EN4cuda3std3__45tupleIJPoS9_EEES9_EEiNS5_3__411always_trueENSC_38__callable_permitting_copied_argumentsIN6detail5and_tEEES9_JS9_S9_EEEvT0_ibT1_T2_T3_DpNS2_10kernel_argIT4_EE
    0 bytes stack frame, 0 bytes spill stores, 0 bytes spill loads
ptxas info    : Used 17 registers, used 1 barriers
ptxas info    : Compile time = 8.314 ms
ptxas info    : Compiling entry function '_ZN3cub17_V_300500_SM_10006detail9transform16transform_kernelINS2_26policy_selector_from_typesILb0ELb1EN4cuda3std3__45tupleIJEEEPoEElNS5_3__411always_trueENS1_17__return_constantIoEESA_JEEEvT0_ibT1_T2_T3_DpNS2_10kernel_argIT4_EE' for 'sm_100'
ptxas info    : Function properties for _ZN3cub17_V_300500_SM_10006detail9transform16transform_kernelINS2_26policy_selector_from_typesILb0ELb1EN4cuda3std3__45tupleIJEEEPoEElNS5_3__411always_trueENS1_17__return_constantIoEESA_JEEEvT0_ibT1_T2_T3_DpNS2_10kernel_argIT4_EE
    0 bytes stack frame, 0 bytes spill stores, 0 bytes spill loads
ptxas info    : Used 32 registers, used 0 barriers
ptxas info    : Compile time = 8.182 ms
ptxas info    : Compiling entry function '_ZN3cub17_V_300500_SM_10006detail9transform16transform_kernelINS2_26policy_selector_from_typesILb0ELb1EN4cuda3std3__45tupleIJEEEPoEEiNS5_3__411always_trueENS1_17__return_constantIoEESA_JEEEvT0_ibT1_T2_T3_DpNS2_10kernel_argIT4_EE' for 'sm_100'
ptxas info    : Function properties for _ZN3cub17_V_300500_SM_10006detail9transform16transform_kernelINS2_26policy_selector_from_typesILb0ELb1EN4cuda3std3__45tupleIJEEEPoEEiNS5_3__411always_trueENS1_17__return_constantIoEESA_JEEEvT0_ibT1_T2_T3_DpNS2_10kernel_argIT4_EE
    0 bytes stack frame, 0 bytes spill stores, 0 bytes spill loads
ptxas info    : Used 31 registers, used 0 barriers
ptxas info    : Compile time = 6.699 ms
ptxas info    : Compiling entry function '_ZN3cub17_V_300500_SM_10006detail9transform16transform_kernelINS2_26policy_selector_from_typesILb0ELb1EN4cuda3std3__45tupleIJPKdEEEPoEElNS5_3__411always_trueENSE_38__callable_permitting_copied_argumentsIN6detail16random_to_item_tIoEEEESC_JSA_EEEvT0_ibT1_T2_T3_DpNS2_10kernel_argIT4_EE' for 'sm_100'
ptxas info    : Function properties for _ZN3cub17_V_300500_SM_10006detail9transform16transform_kernelINS2_26policy_selector_from_typesILb0ELb1EN4cuda3std3__45tupleIJPKdEEEPoEElNS5_3__411always_trueENSE_38__callable_permitting_copied_argumentsIN6detail16random_to_item_tIoEEEESC_JSA_EEEvT0_ibT1_T2_T3_DpNS2_10kernel_argIT4_EE
    0 bytes stack frame, 0 bytes spill stores, 0 bytes spill loads
ptxas info    : Used 17 registers, used 1 barriers
ptxas info    : Compile time = 9.790 ms
ptxas info    : Compiling entry function '_ZN3cub17_V_300500_SM_10006detail9transform16transform_kernelINS2_26policy_selector_from_typesILb0ELb1EN4cuda3std3__45tupleIJPKdEEEPoEEiNS5_3__411always_trueENSE_38__callable_permitting_copied_argumentsIN6detail16random_to_item_tIoEEEESC_JSA_EEEvT0_ibT1_T2_T3_DpNS2_10kernel_argIT4_EE' for 'sm_100'
ptxas info    : Function properties for _ZN3cub17_V_300500_SM_10006detail9transform16transform_kernelINS2_26policy_selector_from_typesILb0ELb1EN4cuda3std3__45tupleIJPKdEEEPoEEiNS5_3__411always_trueENSE_38__callable_permitting_copied_argumentsIN6detail16random_to_item_tIoEEEESC_JSA_EEEvT0_ibT1_T2_T3_DpNS2_10kernel_argIT4_EE
    0 bytes stack frame, 0 bytes spill stores, 0 bytes spill loads
ptxas info    : Used 16 registers, used 1 barriers
ptxas info    : Compile time = 9.331 ms
ptxas info    : Compiling entry function '_ZN3cub17_V_300500_SM_10006detail9transform16transform_kernelINS2_26policy_selector_from_typesILb0ELb1EN4cuda3std3__45tupleIJPnS9_EEES9_EElNS5_3__411always_trueENSC_38__callable_permitting_copied_argumentsIN6detail5and_tEEES9_JS9_S9_EEEvT0_ibT1_T2_T3_DpNS2_10kernel_argIT4_EE' for 'sm_100'
ptxas info    : Function properties for _ZN3cub17_V_300500_SM_10006detail9transform16transform_kernelINS2_26policy_selector_from_typesILb0ELb1EN4cuda3std3__45tupleIJPnS9_EEES9_EElNS5_3__411always_trueENSC_38__callable_permitting_copied_argumentsIN6detail5and_tEEES9_JS9_S9_EEEvT0_ibT1_T2_T3_DpNS2_10kernel_argIT4_EE
    0 bytes stack frame, 0 bytes spill stores, 0 bytes spill loads
ptxas info    : Used 17 registers, used 1 barriers
ptxas info    : Compile time = 8.819 ms
ptxas info    : Compiling entry function '_ZN3cub17_V_300500_SM_10006detail9transform16transform_kernelINS2_26policy_selector_from_typesILb0ELb1EN4cuda3std3__45tupleIJPnS9_EEES9_EEiNS5_3__411always_trueENSC_38__callable_permitting_copied_argumentsIN6detail5and_tEEES9_JS9_S9_EEEvT0_ibT1_T2_T3_DpNS2_10kernel_argIT4_EE' for 'sm_100'
ptxas info    : Function properties for _ZN3cub17_V_300500_SM_10006detail9transform16transform_kernelINS2_26policy_selector_from_typesILb0ELb1EN4cuda3std3__45tupleIJPnS9_EEES9_EEiNS5_3__411always_trueENSC_38__callable_permitting_copied_argumentsIN6detail5and_tEEES9_JS9_S9_EEEvT0_ibT1_T2_T3_DpNS2_10kernel_argIT4_EE
    0 bytes stack frame, 0 bytes spill stores, 0 bytes spill loads
ptxas info    : Used 17 registers, used 1 barriers
ptxas info    : Compile time = 8.315 ms
ptxas info    : Compiling entry function '_ZN3cub17_V_300500_SM_10006detail9transform16transform_kernelINS2_26policy_selector_from_typesILb0ELb1EN4cuda3std3__45tupleIJEEEPnEElNS5_3__411always_trueENS1_17__return_constantInEESA_JEEEvT0_ibT1_T2_T3_DpNS2_10kernel_argIT4_EE' for 'sm_100'
ptxas info    : Function properties for _ZN3cub17_V_300500_SM_10006detail9transform16transform_kernelINS2_26policy_selector_from_typesILb0ELb1EN4cuda3std3__45tupleIJEEEPnEElNS5_3__411always_trueENS1_17__return_constantInEESA_JEEEvT0_ibT1_T2_T3_DpNS2_10kernel_argIT4_EE
    0 bytes stack frame, 0 bytes spill stores, 0 bytes spill loads
ptxas info    : Used 32 registers, used 0 barriers
ptxas info    : Compile time = 8.189 ms
ptxas info    : Compiling entry function '_ZN3cub17_V_300500_SM_10006detail9transform16transform_kernelINS2_26policy_selector_from_typesILb0ELb1EN4cuda3std3__45tupleIJEEEPnEEiNS5_3__411always_trueENS1_17__return_constantInEESA_JEEEvT0_ibT1_T2_T3_DpNS2_10kernel_argIT4_EE' for 'sm_100'
ptxas info    : Function properties for _ZN3cub17_V_300500_SM_10006detail9transform16transform_kernelINS2_26policy_selector_from_typesILb0ELb1EN4cuda3std3__45tupleIJEEEPnEEiNS5_3__411always_trueENS1_17__return_constantInEESA_JEEEvT0_ibT1_T2_T3_DpNS2_10kernel_argIT4_EE
    0 bytes stack frame, 0 bytes spill stores, 0 bytes spill loads
ptxas info    : Used 31 registers, used 0 barriers
ptxas info    : Compile time = 6.729 ms
ptxas info    : Compiling entry function '_ZN3cub17_V_300500_SM_10006detail9transform16transform_kernelINS2_26policy_selector_from_typesILb0ELb1EN4cuda3std3__45tupleIJPKdEEEPnEElNS5_3__411always_trueENSE_38__callable_permitting_copied_argumentsIN6detail16random_to_item_tInEEEESC_JSA_EEEvT0_ibT1_T2_T3_DpNS2_10kernel_argIT4_EE' for 'sm_100'
ptxas info    : Function properties for _ZN3cub17_V_300500_SM_10006detail9transform16transform_kernelINS2_26policy_selector_from_typesILb0ELb1EN4cuda3std3__45tupleIJPKdEEEPnEElNS5_3__411always_trueENSE_38__callable_permitting_copied_argumentsIN6detail16random_to_item_tInEEEESC_JSA_EEEvT0_ibT1_T2_T3_DpNS2_10kernel_argIT4_EE
    0 bytes stack frame, 0 bytes spill stores, 0 bytes spill loads
ptxas info    : Used 17 registers, used 1 barriers
ptxas info    : Compile time = 10.671 ms
ptxas info    : Compiling entry function '_ZN3cub17_V_300500_SM_10006detail9transform16transform_kernelINS2_26policy_selector_from_typesILb0ELb1EN4cuda3std3__45tupleIJPKdEEEPnEEiNS5_3__411always_trueENSE_38__callable_permitting_copied_argumentsIN6detail16random_to_item_tInEEEESC_JSA_EEEvT0_ibT1_T2_T3_DpNS2_10kernel_argIT4_EE' for 'sm_100'
ptxas info    : Function properties for _ZN3cub17_V_300500_SM_10006detail9transform16transform_kernelINS2_26policy_selector_from_typesILb0ELb1EN4cuda3std3__45tupleIJPKdEEEPnEEiNS5_3__411always_trueENSE_38__callable_permitting_copied_argumentsIN6detail16random_to_item_tInEEEESC_JSA_EEEvT0_ibT1_T2_T3_DpNS2_10kernel_argIT4_EE
    0 bytes stack frame, 0 bytes spill stores, 0 bytes spill loads
ptxas info    : Used 17 registers, used 1 barriers
ptxas info    : Compile time = 10.270 ms
ptxas info    : Compiling entry function '_ZN3cub17_V_300500_SM_10006detail9transform16transform_kernelINS2_26policy_selector_from_typesILb0ELb1EN4cuda3std3__45tupleIJPsS9_EEES9_EElNS5_3__411always_trueENSC_38__callable_permitting_copied_argumentsIN6detail5and_tEEES9_JS9_S9_EEEvT0_ibT1_T2_T3_DpNS2_10kernel_argIT4_EE' for 'sm_100'
ptxas info    : Function properties for _ZN3cub17_V_300500_SM_10006detail9transform16transform_kernelINS2_26policy_selector_from_typesILb0ELb1EN4cuda3std3__45tupleIJPsS9_EEES9_EElNS5_3__411always_trueENSC_38__callable_permitting_copied_argumentsIN6detail5and_tEEES9_JS9_S9_EEEvT0_ibT1_T2_T3_DpNS2_10kernel_argIT4_EE
    0 bytes stack frame, 0 bytes spill stores, 0 bytes spill loads
ptxas info    : Used 12 registers, used 1 barriers
ptxas info    : Compile time = 9.266 ms
ptxas info    : Compiling entry function '_ZN3cub17_V_300500_SM_10006detail9transform16transform_kernelINS2_26policy_selector_from_typesILb0ELb1EN4cuda3std3__45tupleIJPsS9_EEES9_EEiNS5_3__411always_trueENSC_38__callable_permitting_copied_argumentsIN6detail5and_tEEES9_JS9_S9_EEEvT0_ibT1_T2_T3_DpNS2_10kernel_argIT4_EE' for 'sm_100'
ptxas info    : Function properties for _ZN3cub17_V_300500_SM_10006detail9transform16transform_kernelINS2_26policy_selector_from_typesILb0ELb1EN4cuda3std3__45tupleIJPsS9_EEES9_EEiNS5_3__411always_trueENSC_38__callable_permitting_copied_argumentsIN6detail5and_tEEES9_JS9_S9_EEEvT0_ibT1_T2_T3_DpNS2_10kernel_argIT4_EE
    0 bytes stack frame, 0 bytes spill stores, 0 bytes spill loads
ptxas info    : Used 12 registers, used 1 barriers
ptxas info    : Compile time = 8.851 ms
ptxas info    : Compiling entry function '_ZN3cub17_V_300500_SM_10006detail9transform16transform_kernelINS2_26policy_selector_from_typesILb0ELb1EN4cuda3std3__45tupleIJEEEPsEElNS5_3__411always_trueENS1_17__return_constantIsEESA_JEEEvT0_ibT1_T2_T3_DpNS2_10kernel_argIT4_EE' for 'sm_100'
ptxas info    : Function properties for _ZN3cub17_V_300500_SM_10006detail9transform16transform_kernelINS2_26policy_selector_from_typesILb0ELb1EN4cuda3std3__45tupleIJEEEPsEElNS5_3__411always_trueENS1_17__return_constantIsEESA_JEEEvT0_ibT1_T2_T3_DpNS2_10kernel_argIT4_EE
    0 bytes stack frame, 0 bytes spill stores, 0 bytes spill loads
ptxas info    : Used 32 registers, used 0 barriers
ptxas info    : Compile time = 7.538 ms
ptxas info    : Compiling entry function '_ZN3cub17_V_300500_SM_10006detail9transform16transform_kernelINS2_26policy_selector_from_typesILb0ELb1EN4cuda3std3__45tupleIJEEEPsEEiNS5_3__411always_trueENS1_17__return_constantIsEESA_JEEEvT0_ibT1_T2_T3_DpNS2_10kernel_argIT4_EE' for 'sm_100'
ptxas info    : Function properties for _ZN3cub17_V_300500_SM_10006detail9transform16transform_kernelINS2_26policy_selector_from_typesILb0ELb1EN4cuda3std3__45tupleIJEEEPsEEiNS5_3__411always_trueENS1_17__return_constantIsEESA_JEEEvT0_ibT1_T2_T3_DpNS2_10kernel_argIT4_EE
    0 bytes stack frame, 0 bytes spill stores, 0 bytes spill loads
ptxas info    : Used 32 registers, used 0 barriers
ptxas info    : Compile time = 6.175 ms
ptxas info    : Compiling entry function '_ZN3cub17_V_300500_SM_10006detail9transform16transform_kernelINS2_26policy_selector_from_typesILb0ELb1EN4cuda3std3__45tupleIJPKdEEEPsEElNS5_3__411always_trueENSE_38__callable_permitting_copied_argumentsIN6detail16random_to_item_tIsEEEESC_JSA_EEEvT0_ibT1_T2_T3_DpNS2_10kernel_argIT4_EE' for 'sm_100'
ptxas info    : Function properties for _ZN3cub17_V_300500_SM_10006detail9transform16transform_kernelINS2_26policy_selector_from_typesILb0ELb1EN4cuda3std3__45tupleIJPKdEEEPsEElNS5_3__411always_trueENSE_38__callable_permitting_copied_argumentsIN6detail16random_to_item_tIsEEEESC_JSA_EEEvT0_ibT1_T2_T3_DpNS2_10kernel_argIT4_EE
    0 bytes stack frame, 0 bytes spill stores, 0 bytes spill loads
ptxas info    : Used 12 registers, used 1 barriers
ptxas info    : Compile time = 7.443 ms
ptxas info    : Compiling entry function '_ZN3cub17_V_300500_SM_10006detail9transform16transform_kernelINS2_26policy_selector_from_typesILb0ELb1EN4cuda3std3__45tupleIJPKdEEEPsEEiNS5_3__411always_trueENSE_38__callable_permitting_copied_argumentsIN6detail16random_to_item_tIsEEEESC_JSA_EEEvT0_ibT1_T2_T3_DpNS2_10kernel_argIT4_EE' for 'sm_100'
ptxas info    : Function properties for _ZN3cub17_V_300500_SM_10006detail9transform16transform_kernelINS2_26policy_selector_from_typesILb0ELb1EN4cuda3std3__45tupleIJPKdEEEPsEEiNS5_3__411always_trueENSE_38__callable_permitting_copied_argumentsIN6detail16random_to_item_tIsEEEESC_JSA_EEEvT0_ibT1_T2_T3_DpNS2_10kernel_argIT4_EE
    0 bytes stack frame, 0 bytes spill stores, 0 bytes spill loads
ptxas info    : Used 12 registers, used 1 barriers
ptxas info    : Compile time = 7.003 ms
ptxas info    : Compiling entry function '_ZN3cub17_V_300500_SM_10006detail9transform16transform_kernelINS2_26policy_selector_from_typesILb0ELb1EN4cuda3std3__45tupleIJPaS9_EEES9_EElNS5_3__411always_trueENSC_38__callable_permitting_copied_argumentsIN6detail5and_tEEES9_JS9_S9_EEEvT0_ibT1_T2_T3_DpNS2_10kernel_argIT4_EE' for 'sm_100'
ptxas info    : Function properties for _ZN3cub17_V_300500_SM_10006detail9transform16transform_kernelINS2_26policy_selector_from_typesILb0ELb1EN4cuda3std3__45tupleIJPaS9_EEES9_EElNS5_3__411always_trueENSC_38__callable_permitting_copied_argumentsIN6detail5and_tEEES9_JS9_S9_EEEvT0_ibT1_T2_T3_DpNS2_10kernel_argIT4_EE
    0 bytes stack frame, 0 bytes spill stores, 0 bytes spill loads
ptxas info    : Used 12 registers, used 1 barriers
ptxas info    : Compile time = 9.102 ms
ptxas info    : Compiling entry function '_ZN3cub17_V_300500_SM_10006detail9transform16transform_kernelINS2_26policy_selector_from_typesILb0ELb1EN4cuda3std3__45tupleIJPaS9_EEES9_EEiNS5_3__411always_trueENSC_38__callable_permitting_copied_argumentsIN6detail5and_tEEES9_JS9_S9_EEEvT0_ibT1_T2_T3_DpNS2_10kernel_argIT4_EE' for 'sm_100'
ptxas info    : Function properties for _ZN3cub17_V_300500_SM_10006detail9transform16transform_kernelINS2_26policy_selector_from_typesILb0ELb1EN4cuda3std3__45tupleIJPaS9_EEES9_EEiNS5_3__411always_trueENSC_38__callable_permitting_copied_argumentsIN6detail5and_tEEES9_JS9_S9_EEEvT0_ibT1_T2_T3_DpNS2_10kernel_argIT4_EE
    0 bytes stack frame, 0 bytes spill stores, 0 bytes spill loads
ptxas info    : Used 12 registers, used 1 barriers
ptxas info    : Compile time = 8.903 ms
ptxas info    : Compiling entry function '_ZN3cub17_V_300500_SM_10006detail9transform16transform_kernelINS2_26policy_selector_from_typesILb0ELb1EN4cuda3std3__45tupleIJEEEPaEElNS5_3__411always_trueENS1_17__return_constantIaEESA_JEEEvT0_ibT1_T2_T3_DpNS2_10kernel_argIT4_EE' for 'sm_100'
ptxas info    : Function properties for _ZN3cub17_V_300500_SM_10006detail9transform16transform_kernelINS2_26policy_selector_from_typesILb0ELb1EN4cuda3std3__45tupleIJEEEPaEElNS5_3__411always_trueENS1_17__return_constantIaEESA_JEEEvT0_ibT1_T2_T3_DpNS2_10kernel_argIT4_EE
    0 bytes stack frame, 0 bytes spill stores, 0 bytes spill loads
ptxas info    : Used 24 registers, used 0 barriers
ptxas info    : Compile time = 8.276 ms
ptxas info    : Compiling entry function '_ZN3cub17_V_300500_SM_10006detail9transform16transform_kernelINS2_26policy_selector_from_typesILb0ELb1EN4cuda3std3__45tupleIJEEEPaEEiNS5_3__411always_trueENS1_17__return_constantIaEESA_JEEEvT0_ibT1_T2_T3_DpNS2_10kernel_argIT4_EE' for 'sm_100'
ptxas info    : Function properties for _ZN3cub17_V_300500_SM_10006detail9transform16transform_kernelINS2_26policy_selector_from_typesILb0ELb1EN4cuda3std3__45tupleIJEEEPaEEiNS5_3__411always_trueENS1_17__return_constantIaEESA_JEEEvT0_ibT1_T2_T3_DpNS2_10kernel_argIT4_EE
    0 bytes stack frame, 0 bytes spill stores, 0 bytes spill loads
ptxas info    : Used 22 registers, used 0 barriers
ptxas info    : Compile time = 6.553 ms
ptxas info    : Compiling entry function '_ZN3cub17_V_300500_SM_10006detail9transform16transform_kernelINS2_26policy_selector_from_typesILb0ELb1EN4cuda3std3__45tupleIJPKdEEEPaEElNS5_3__411always_trueENSE_38__callable_permitting_copied_argumentsIN6detail16random_to_item_tIaEEEESC_JSA_EEEvT0_ibT1_T2_T3_DpNS2_10kernel_argIT4_EE' for 'sm_100'
ptxas info    : Function properties for _ZN3cub17_V_300500_SM_10006detail9transform16transform_kernelINS2_26policy_selector_from_typesILb0ELb1EN4cuda3std3__45tupleIJPKdEEEPaEElNS5_3__411always_trueENSE_38__callable_permitting_copied_argumentsIN6detail16random_to_item_tIaEEEESC_JSA_EEEvT0_ibT1_T2_T3_DpNS2_10kernel_argIT4_EE
    0 bytes stack frame, 0 bytes spill stores, 0 bytes spill loads
ptxas info    : Used 12 registers, used 1 barriers
ptxas info    : Compile time = 7.406 ms
ptxas info    : Compiling entry function '_ZN3cub17_V_300500_SM_10006detail9transform16transform_kernelINS2_26policy_selector_from_typesILb0ELb1EN4cuda3std3__45tupleIJPKdEEEPaEEiNS5_3__411always_trueENSE_38__callable_permitting_copied_argumentsIN6detail16random_to_item_tIaEEEESC_JSA_EEEvT0_ibT1_T2_T3_DpNS2_10kernel_argIT4_EE' for 'sm_100'
ptxas info    : Function properties for _ZN3cub17_V_300500_SM_10006detail9transform16transform_kernelINS2_26policy_selector_from_typesILb0ELb1EN4cuda3std3__45tupleIJPKdEEEPaEEiNS5_3__411always_trueENSE_38__callable_permitting_copied_argumentsIN6detail16random_to_item_tIaEEEESC_JSA_EEEvT0_ibT1_T2_T3_DpNS2_10kernel_argIT4_EE
    0 bytes stack frame, 0 bytes spill stores, 0 bytes spill loads
ptxas info    : Used 12 registers, used 1 barriers
ptxas info    : Compile time = 7.125 ms
ptxas info    : Compiling entry function '_ZN3cub17_V_300500_SM_10006detail9transform16transform_kernelINS2_26policy_selector_from_typesILb0ELb1EN4cuda3std3__45tupleIJPtS9_EEES9_EElNS5_3__411always_trueENSC_38__callable_permitting_copied_argumentsIN6detail5and_tEEES9_JS9_S9_EEEvT0_ibT1_T2_T3_DpNS2_10kernel_argIT4_EE' for 'sm_100'
ptxas info    : Function properties for _ZN3cub17_V_300500_SM_10006detail9transform16transform_kernelINS2_26policy_selector_from_typesILb0ELb1EN4cuda3std3__45tupleIJPtS9_EEES9_EElNS5_3__411always_trueENSC_38__callable_permitting_copied_argumentsIN6detail5and_tEEES9_JS9_S9_EEEvT0_ibT1_T2_T3_DpNS2_10kernel_argIT4_EE
    0 bytes stack frame, 0 bytes spill stores, 0 bytes spill loads
ptxas info    : Used 12 registers, used 1 barriers
ptxas info    : Compile time = 9.238 ms
ptxas info    : Compiling entry function '_ZN3cub17_V_300500_SM_10006detail9transform16transform_kernelINS2_26policy_selector_from_typesILb0ELb1EN4cuda3std3__45tupleIJPtS9_EEES9_EEiNS5_3__411always_trueENSC_38__callable_permitting_copied_argumentsIN6detail5and_tEEES9_JS9_S9_EEEvT0_ibT1_T2_T3_DpNS2_10kernel_argIT4_EE' for 'sm_100'
ptxas info    : Function properties for _ZN3cub17_V_300500_SM_10006detail9transform16transform_kernelINS2_26policy_selector_from_typesILb0ELb1EN4cuda3std3__45tupleIJPtS9_EEES9_EEiNS5_3__411always_trueENSC_38__callable_permitting_copied_argumentsIN6detail5and_tEEES9_JS9_S9_EEEvT0_ibT1_T2_T3_DpNS2_10kernel_argIT4_EE
    0 bytes stack frame, 0 bytes spill stores, 0 bytes spill loads
ptxas info    : Used 12 registers, used 1 barriers
ptxas info    : Compile time = 8.863 ms
ptxas info    : Compiling entry function '_ZN3cub17_V_300500_SM_10006detail9transform16transform_kernelINS2_26policy_selector_from_typesILb0ELb1EN4cuda3std3__45tupleIJEEEPtEElNS5_3__411always_trueENS1_17__return_constantItEESA_JEEEvT0_ibT1_T2_T3_DpNS2_10kernel_argIT4_EE' for 'sm_100'
ptxas info    : Function properties for _ZN3cub17_V_300500_SM_10006detail9transform16transform_kernelINS2_26policy_selector_from_typesILb0ELb1EN4cuda3std3__45tupleIJEEEPtEElNS5_3__411always_trueENS1_17__return_constantItEESA_JEEEvT0_ibT1_T2_T3_DpNS2_10kernel_argIT4_EE
    0 bytes stack frame, 0 bytes spill stores, 0 bytes spill loads
ptxas info    : Used 32 registers, used 0 barriers
ptxas info    : Compile time = 7.547 ms
ptxas info    : Compiling entry function '_ZN3cub17_V_300500_SM_10006detail9transform16transform_kernelINS2_26policy_selector_from_typesILb0ELb1EN4cuda3std3__45tupleIJEEEPtEEiNS5_3__411always_trueENS1_17__return_constantItEESA_JEEEvT0_ibT1_T2_T3_DpNS2_10kernel_argIT4_EE' for 'sm_100'
ptxas info    : Function properties for _ZN3cub17_V_300500_SM_10006detail9transform16transform_kernelINS2_26policy_selector_from_typesILb0ELb1EN4cuda3std3__45tupleIJEEEPtEEiNS5_3__411always_trueENS1_17__return_constantItEESA_JEEEvT0_ibT1_T2_T3_DpNS2_10kernel_argIT4_EE
    0 bytes stack frame, 0 bytes spill stores, 0 bytes spill loads
ptxas info    : Used 32 registers, used 0 barriers
ptxas info    : Compile time = 6.198 ms
ptxas info    : Compiling entry function '_ZN3cub17_V_300500_SM_10006detail9transform16transform_kernelINS2_26policy_selector_from_typesILb0ELb1EN4cuda3std3__45tupleIJPKdEEEPtEElNS5_3__411always_trueENSE_38__callable_permitting_copied_argumentsIN6detail16random_to_item_tItEEEESC_JSA_EEEvT0_ibT1_T2_T3_DpNS2_10kernel_argIT4_EE' for 'sm_100'
ptxas info    : Function properties for _ZN3cub17_V_300500_SM_10006detail9transform16transform_kernelINS2_26policy_selector_from_typesILb0ELb1EN4cuda3std3__45tupleIJPKdEEEPtEElNS5_3__411always_trueENSE_38__callable_permitting_copied_argumentsIN6detail16random_to_item_tItEEEESC_JSA_EEEvT0_ibT1_T2_T3_DpNS2_10kernel_argIT4_EE
    0 bytes stack frame, 0 bytes spill stores, 0 bytes spill loads
ptxas info    : Used 12 registers, used 1 barriers
ptxas info    : Compile time = 7.413 ms
ptxas info    : Compiling entry function '_ZN3cub17_V_300500_SM_10006detail9transform16transform_kernelINS2_26policy_selector_from_typesILb0ELb1EN4cuda3std3__45tupleIJPKdEEEPtEEiNS5_3__411always_trueENSE_38__callable_permitting_copied_argumentsIN6detail16random_to_item_tItEEEESC_JSA_EEEvT0_ibT1_T2_T3_DpNS2_10kernel_argIT4_EE' for 'sm_100'
ptxas info    : Function properties for _ZN3cub17_V_300500_SM_10006detail9transform16transform_kernelINS2_26policy_selector_from_typesILb0ELb1EN4cuda3std3__45tupleIJPKdEEEPtEEiNS5_3__411always_trueENSE_38__callable_permitting_copied_argumentsIN6detail16random_to_item_tItEEEESC_JSA_EEEvT0_ibT1_T2_T3_DpNS2_10kernel_argIT4_EE
    0 bytes stack frame, 0 bytes spill stores, 0 bytes spill loads
ptxas info    : Used 12 registers, used 1 barriers
ptxas info    : Compile time = 7.015 ms
ptxas info    : Compiling entry function '_ZN3cub17_V_300500_SM_10006detail9transform16transform_kernelINS2_26policy_selector_from_typesILb0ELb1EN4cuda3std3__45tupleIJPhS9_EEES9_EElNS5_3__411always_trueENSC_38__callable_permitting_copied_argumentsIN6detail5and_tEEES9_JS9_S9_EEEvT0_ibT1_T2_T3_DpNS2_10kernel_argIT4_EE' for 'sm_100'
ptxas info    : Function properties for _ZN3cub17_V_300500_SM_10006detail9transform16transform_kernelINS2_26policy_selector_from_typesILb0ELb1EN4cuda3std3__45tupleIJPhS9_EEES9_EElNS5_3__411always_trueENSC_38__callable_permitting_copied_argumentsIN6detail5and_tEEES9_JS9_S9_EEEvT0_ibT1_T2_T3_DpNS2_10kernel_argIT4_EE
    0 bytes stack frame, 0 bytes spill stores, 0 bytes spill loads
ptxas info    : Used 12 registers, used 1 barriers
ptxas info    : Compile time = 9.082 ms
ptxas info    : Compiling entry function '_ZN3cub17_V_300500_SM_10006detail9transform16transform_kernelINS2_26policy_selector_from_typesILb0ELb1EN4cuda3std3__45tupleIJPhS9_EEES9_EEiNS5_3__411always_trueENSC_38__callable_permitting_copied_argumentsIN6detail5and_tEEES9_JS9_S9_EEEvT0_ibT1_T2_T3_DpNS2_10kernel_argIT4_EE' for 'sm_100'
ptxas info    : Function properties for _ZN3cub17_V_300500_SM_10006detail9transform16transform_kernelINS2_26policy_selector_from_typesILb0ELb1EN4cuda3std3__45tupleIJPhS9_EEES9_EEiNS5_3__411always_trueENSC_38__callable_permitting_copied_argumentsIN6detail5and_tEEES9_JS9_S9_EEEvT0_ibT1_T2_T3_DpNS2_10kernel_argIT4_EE
    0 bytes stack frame, 0 bytes spill stores, 0 bytes spill loads
ptxas info    : Used 12 registers, used 1 barriers
ptxas info    : Compile time = 8.903 ms
ptxas info    : Compiling entry function '_ZN3cub17_V_300500_SM_10006detail9transform16transform_kernelINS2_26policy_selector_from_typesILb0ELb1EN4cuda3std3__45tupleIJEEEPhEElNS5_3__411always_trueENS1_17__return_constantIhEESA_JEEEvT0_ibT1_T2_T3_DpNS2_10kernel_argIT4_EE' for 'sm_100'
ptxas info    : Function properties for _ZN3cub17_V_300500_SM_10006detail9transform16transform_kernelINS2_26policy_selector_from_typesILb0ELb1EN4cuda3std3__45tupleIJEEEPhEElNS5_3__411always_trueENS1_17__return_constantIhEESA_JEEEvT0_ibT1_T2_T3_DpNS2_10kernel_argIT4_EE
    0 bytes stack frame, 0 bytes spill stores, 0 bytes spill loads
ptxas info    : Used 24 registers, used 0 barriers
ptxas info    : Compile time = 7.875 ms
ptxas info    : Compiling entry function '_ZN3cub17_V_300500_SM_10006detail9transform16transform_kernelINS2_26policy_selector_from_typesILb0ELb1EN4cuda3std3__45tupleIJEEEPhEEiNS5_3__411always_trueENS1_17__return_constantIhEESA_JEEEvT0_ibT1_T2_T3_DpNS2_10kernel_argIT4_EE' for 'sm_100'
ptxas info    : Function properties for _ZN3cub17_V_300500_SM_10006detail9transform16transform_kernelINS2_26policy_selector_from_typesILb0ELb1EN4cuda3std3__45tupleIJEEEPhEEiNS5_3__411always_trueENS1_17__return_constantIhEESA_JEEEvT0_ibT1_T2_T3_DpNS2_10kernel_argIT4_EE
    0 bytes stack frame, 0 bytes spill stores, 0 bytes spill loads
ptxas info    : Used 22 registers, used 0 barriers
ptxas info    : Compile time = 6.510 ms
ptxas info    : Compiling entry function '_ZN3cub17_V_300500_SM_10006detail9transform16transform_kernelINS2_26policy_selector_from_typesILb0ELb1EN4cuda3std3__45tupleIJPKdEEEPhEElNS5_3__411always_trueENSE_38__callable_permitting_copied_argumentsIN6detail16random_to_item_tIhEEEESC_JSA_EEEvT0_ibT1_T2_T3_DpNS2_10kernel_argIT4_EE' for 'sm_100'
ptxas info    : Function properties for _ZN3cub17_V_300500_SM_10006detail9transform16transform_kernelINS2_26policy_selector_from_typesILb0ELb1EN4cuda3std3__45tupleIJPKdEEEPhEElNS5_3__411always_trueENSE_38__callable_permitting_copied_argumentsIN6detail16random_to_item_tIhEEEESC_JSA_EEEvT0_ibT1_T2_T3_DpNS2_10kernel_argIT4_EE
    0 bytes stack frame, 0 bytes spill stores, 0 bytes spill loads
ptxas info    : Used 12 registers, used 1 barriers
ptxas info    : Compile time = 7.457 ms
ptxas info    : Compiling entry function '_ZN3cub17_V_300500_SM_10006detail9transform16transform_kernelINS2_26policy_selector_from_typesILb0ELb1EN4cuda3std3__45tupleIJPKdEEEPhEEiNS5_3__411always_trueENSE_38__callable_permitting_copied_argumentsIN6detail16random_to_item_tIhEEEESC_JSA_EEEvT0_ibT1_T2_T3_DpNS2_10kernel_argIT4_EE' for 'sm_100'
ptxas info    : Function properties for _ZN3cub17_V_300500_SM_10006detail9transform16transform_kernelINS2_26policy_selector_from_typesILb0ELb1EN4cuda3std3__45tupleIJPKdEEEPhEEiNS5_3__411always_trueENSE_38__callable_permitting_copied_argumentsIN6detail16random_to_item_tIhEEEESC_JSA_EEEvT0_ibT1_T2_T3_DpNS2_10kernel_argIT4_EE
    0 bytes stack frame, 0 bytes spill stores, 0 bytes spill loads
ptxas info    : Used 12 registers, used 1 barriers
ptxas info    : Compile time = 7.928 ms
ptxas info    : Compiling entry function '_ZN3cub17_V_300500_SM_10006detail9transform16transform_kernelINS2_26policy_selector_from_typesILb0ELb1EN4cuda3std3__45tupleIJPKdEEEPbEElNS5_3__411always_trueENSE_38__callable_permitting_copied_argumentsIN6detail23random_to_probability_tEEESC_JSA_EEEvT0_ibT1_T2_T3_DpNS2_10kernel_argIT4_EE' for 'sm_100'
ptxas info    : Function properties for _ZN3cub17_V_300500_SM_10006detail9transform16transform_kernelINS2_26policy_selector_from_typesILb0ELb1EN4cuda3std3__45tupleIJPKdEEEPbEElNS5_3__411always_trueENSE_38__callable_permitting_copied_argumentsIN6detail23random_to_probability_tEEESC_JSA_EEEvT0_ibT1_T2_T3_DpNS2_10kernel_argIT4_EE
    0 bytes stack frame, 0 bytes spill stores, 0 bytes spill loads
ptxas info    : Used 13 registers, used 1 barriers
ptxas info    : Compile time = 7.352 ms
ptxas info    : Compiling entry function '_ZN3cub17_V_300500_SM_10006detail9transform16transform_kernelINS2_26policy_selector_from_typesILb0ELb1EN4cuda3std3__45tupleIJPKdEEEPbEEiNS5_3__411always_trueENSE_38__callable_permitting_copied_argumentsIN6detail23random_to_probability_tEEESC_JSA_EEEvT0_ibT1_T2_T3_DpNS2_10kernel_argIT4_EE' for 'sm_100'
ptxas info    : Function properties for _ZN3cub17_V_300500_SM_10006detail9transform16transform_kernelINS2_26policy_selector_from_typesILb0ELb1EN4cuda3std3__45tupleIJPKdEEEPbEEiNS5_3__411always_trueENSE_38__callable_permitting_copied_argumentsIN6detail23random_to_probability_tEEESC_JSA_EEEvT0_ibT1_T2_T3_DpNS2_10kernel_argIT4_EE
    0 bytes stack frame, 0 bytes spill stores, 0 bytes spill loads
ptxas info    : Used 13 registers, used 1 barriers
ptxas info    : Compile time = 6.947 ms
ptxas info    : Compiling entry function '_ZN3cub17_V_300500_SM_10006detail9transform16transform_kernelINS2_26policy_selector_from_typesILb0ELb1EN4cuda3std3__45tupleIJEEEPbEElNS5_3__411always_trueENS1_17__return_constantIbEESA_JEEEvT0_ibT1_T2_T3_DpNS2_10kernel_argIT4_EE' for 'sm_100'
ptxas info    : Function properties for _ZN3cub17_V_300500_SM_10006detail9transform16transform_kernelINS2_26policy_selector_from_typesILb0ELb1EN4cuda3std3__45tupleIJEEEPbEElNS5_3__411always_trueENS1_17__return_constantIbEESA_JEEEvT0_ibT1_T2_T3_DpNS2_10kernel_argIT4_EE
    0 bytes stack frame, 0 bytes spill stores, 0 bytes spill loads
ptxas info    : Used 24 registers, used 0 barriers
ptxas info    : Compile time = 8.050 ms
ptxas info    : Compiling entry function '_ZN3cub17_V_300500_SM_10006detail9transform16transform_kernelINS2_26policy_selector_from_typesILb0ELb1EN4cuda3std3__45tupleIJEEEPbEEiNS5_3__411always_trueENS1_17__return_constantIbEESA_JEEEvT0_ibT1_T2_T3_DpNS2_10kernel_argIT4_EE' for 'sm_100'
ptxas info    : Function properties for _ZN3cub17_V_300500_SM_10006detail9transform16transform_kernelINS2_26policy_selector_from_typesILb0ELb1EN4cuda3std3__45tupleIJEEEPbEEiNS5_3__411always_trueENS1_17__return_constantIbEESA_JEEEvT0_ibT1_T2_T3_DpNS2_10kernel_argIT4_EE
    0 bytes stack frame, 0 bytes spill stores, 0 bytes spill loads
ptxas info    : Used 22 registers, used 0 barriers
ptxas info    : Compile time = 6.515 ms
ptxas info    : Compiling entry function '_ZN3cub17_V_300500_SM_10006detail9transform16transform_kernelINS2_26policy_selector_from_typesILb0ELb1EN4cuda3std3__45tupleIJPmS9_EEES9_EElNS5_3__411always_trueENSC_38__callable_permitting_copied_argumentsIN6detail5and_tEEES9_JS9_S9_EEEvT0_ibT1_T2_T3_DpNS2_10kernel_argIT4_EE' for 'sm_100'
ptxas info    : Function properties for _ZN3cub17_V_300500_SM_10006detail9transform16transform_kernelINS2_26policy_selector_from_typesILb0ELb1EN4cuda3std3__45tupleIJPmS9_EEES9_EElNS5_3__411always_trueENSC_38__callable_permitting_copied_argumentsIN6detail5and_tEEES9_JS9_S9_EEEvT0_ibT1_T2_T3_DpNS2_10kernel_argIT4_EE
    0 bytes stack frame, 0 bytes spill stores, 0 bytes spill loads
ptxas info    : Used 12 registers, used 1 barriers
ptxas info    : Compile time = 9.337 ms
ptxas info    : Compiling entry function '_ZN3cub17_V_300500_SM_10006detail9transform16transform_kernelINS2_26policy_selector_from_typesILb0ELb1EN4cuda3std3__45tupleIJPmS9_EEES9_EEiNS5_3__411always_trueENSC_38__callable_permitting_copied_argumentsIN6detail5and_tEEES9_JS9_S9_EEEvT0_ibT1_T2_T3_DpNS2_10kernel_argIT4_EE' for 'sm_100'
ptxas info    : Function properties for _ZN3cub17_V_300500_SM_10006detail9transform16transform_kernelINS2_26policy_selector_from_typesILb0ELb1EN4cuda3std3__45tupleIJPmS9_EEES9_EEiNS5_3__411always_trueENSC_38__callable_permitting_copied_argumentsIN6detail5and_tEEES9_JS9_S9_EEEvT0_ibT1_T2_T3_DpNS2_10kernel_argIT4_EE
    0 bytes stack frame, 0 bytes spill stores, 0 bytes spill loads
ptxas info    : Used 12 registers, used 1 barriers
ptxas info    : Compile time = 8.937 ms
ptxas info    : Compiling entry function '_ZN3cub17_V_300500_SM_10006detail9transform16transform_kernelINS2_26policy_selector_from_typesILb0ELb1EN4cuda3std3__45tupleIJEEEPmEElNS5_3__411always_trueENS1_17__return_constantImEESA_JEEEvT0_ibT1_T2_T3_DpNS2_10kernel_argIT4_EE' for 'sm_100'
ptxas info    : Function properties for _ZN3cub17_V_300500_SM_10006detail9transform16transform_kernelINS2_26policy_selector_from_typesILb0ELb1EN4cuda3std3__45tupleIJEEEPmEElNS5_3__411always_trueENS1_17__return_constantImEESA_JEEEvT0_ibT1_T2_T3_DpNS2_10kernel_argIT4_EE
    0 bytes stack frame, 0 bytes spill stores, 0 bytes spill loads
ptxas info    : Used 32 registers, used 0 barriers
ptxas info    : Compile time = 7.529 ms
ptxas info    : Compiling entry function '_ZN3cub17_V_300500_SM_10006detail9transform16transform_kernelINS2_26policy_selector_from_typesILb0ELb1EN4cuda3std3__45tupleIJEEEPmEEiNS5_3__411always_trueENS1_17__return_constantImEESA_JEEEvT0_ibT1_T2_T3_DpNS2_10kernel_argIT4_EE' for 'sm_100'
ptxas info    : Function properties for _ZN3cub17_V_300500_SM_10006detail9transform16transform_kernelINS2_26policy_selector_from_typesILb0ELb1EN4cuda3std3__45tupleIJEEEPmEEiNS5_3__411always_trueENS1_17__return_constantImEESA_JEEEvT0_ibT1_T2_T3_DpNS2_10kernel_argIT4_EE
    0 bytes stack frame, 0 bytes spill stores, 0 bytes spill loads
ptxas info    : Used 30 registers, used 0 barriers
ptxas info    : Compile time = 6.144 ms
ptxas info    : Compiling entry function '_ZN3cub17_V_300500_SM_10006detail9transform16transform_kernelINS2_26policy_selector_from_typesILb0ELb1EN4cuda3std3__45tupleIJPKdEEEPmEElNS5_3__411always_trueENSE_38__callable_permitting_copied_argumentsIN6detail16random_to_item_tImEEEESC_JSA_EEEvT0_ibT1_T2_T3_DpNS2_10kernel_argIT4_EE' for 'sm_100'
ptxas info    : Function properties for _ZN3cub17_V_300500_SM_10006detail9transform16transform_kernelINS2_26policy_selector_from_typesILb0ELb1EN4cuda3std3__45tupleIJPKdEEEPmEElNS5_3__411always_trueENSE_38__callable_permitting_copied_argumentsIN6detail16random_to_item_tImEEEESC_JSA_EEEvT0_ibT1_T2_T3_DpNS2_10kernel_argIT4_EE
    0 bytes stack frame, 0 bytes spill stores, 0 bytes spill loads
ptxas info    : Used 12 registers, used 1 barriers
ptxas info    : Compile time = 7.415 ms
ptxas info    : Compiling entry function '_ZN3cub17_V_300500_SM_10006detail9transform16transform_kernelINS2_26policy_selector_from_typesILb0ELb1EN4cuda3std3__45tupleIJPKdEEEPmEEiNS5_3__411always_trueENSE_38__callable_permitting_copied_argumentsIN6detail16random_to_item_tImEEEESC_JSA_EEEvT0_ibT1_T2_T3_DpNS2_10kernel_argIT4_EE' for 'sm_100'
ptxas info    : Function properties for _ZN3cub17_V_300500_SM_10006detail9transform16transform_kernelINS2_26policy_selector_from_typesILb0ELb1EN4cuda3std3__45tupleIJPKdEEEPmEEiNS5_3__411always_trueENSE_38__callable_permitting_copied_argumentsIN6detail16random_to_item_tImEEEESC_JSA_EEEvT0_ibT1_T2_T3_DpNS2_10kernel_argIT4_EE
    0 bytes stack frame, 0 bytes spill stores, 0 bytes spill loads
ptxas info    : Used 12 registers, used 1 barriers
ptxas info    : Compile time = 6.983 ms
ptxas info    : Compiling entry function '_ZN3cub17_V_300500_SM_10006detail9transform16transform_kernelINS2_26policy_selector_from_typesILb0ELb1EN4cuda3std3__45tupleIJNS5_3__417counting_iteratorIlnLi0ELi0ELi0EEEEEEPmEElNS9_11always_trueENS9_38__callable_permitting_copied_argumentsIN6detail18lognormal_adjust_tImEEEESD_JSB_EEEvT0_ibT1_T2_T3_DpNS2_10kernel_argIT4_EE' for 'sm_100'
ptxas info    : Function properties for _ZN3cub17_V_300500_SM_10006detail9transform16transform_kernelINS2_26policy_selector_from_typesILb0ELb1EN4cuda3std3__45tupleIJNS5_3__417counting_iteratorIlnLi0ELi0ELi0EEEEEEPmEElNS9_11always_trueENS9_38__callable_permitting_copied_argumentsIN6detail18lognormal_adjust_tImEEEESD_JSB_EEEvT0_ibT1_T2_T3_DpNS2_10kernel_argIT4_EE
    0 bytes stack frame, 0 bytes spill stores, 0 bytes spill loads
ptxas info    : Used 32 registers, used 0 barriers
ptxas info    : Compile time = 16.866 ms
ptxas info    : Compiling entry function '_ZN3cub17_V_300500_SM_10006detail9transform16transform_kernelINS2_26policy_selector_from_typesILb0ELb1EN4cuda3std3__45tupleIJNS5_3__417counting_iteratorIlnLi0ELi0ELi0EEEEEEPmEEiNS9_11always_trueENS9_38__callable_permitting_copied_argumentsIN6detail18lognormal_adjust_tImEEEESD_JSB_EEEvT0_ibT1_T2_T3_DpNS2_10kernel_argIT4_EE' for 'sm_100'
ptxas info    : Function properties for _ZN3cub17_V_300500_SM_10006detail9transform16transform_kernelINS2_26policy_selector_from_typesILb0ELb1EN4cuda3std3__45tupleIJNS5_3__417counting_iteratorIlnLi0ELi0ELi0EEEEEEPmEEiNS9_11always_trueENS9_38__callable_permitting_copied_argumentsIN6detail18lognormal_adjust_tImEEEESD_JSB_EEEvT0_ibT1_T2_T3_DpNS2_10kernel_argIT4_EE
    0 bytes stack frame, 0 bytes spill stores, 0 bytes spill loads
ptxas info    : Used 32 registers, used 0 barriers
ptxas info    : Compile time = 14.035 ms
ptxas info    : Compiling entry function '_ZN3cub17_V_300500_SM_10006detail9transform16transform_kernelINS2_26policy_selector_from_typesILb0ELb1EN4cuda3std3__45tupleIJPKdEEEPmEElNS5_3__411always_trueENSE_38__callable_permitting_copied_argumentsIN6detail23lognormal_transformer_tImEEEESC_JSA_EEEvT0_ibT1_T2_T3_DpNS2_10kernel_argIT4_EE' for 'sm_100'
ptxas info    : Function properties for _ZN3cub17_V_300500_SM_10006detail9transform16transform_kernelINS2_26policy_selector_from_typesILb0ELb1EN4cuda3std3__45tupleIJPKdEEEPmEElNS5_3__411always_trueENSE_38__callable_permitting_copied_argumentsIN6detail23lognormal_transformer_tImEEEESC_JSA_EEEvT0_ibT1_T2_T3_DpNS2_10kernel_argIT4_EE
    0 bytes stack frame, 0 bytes spill stores, 0 bytes spill loads
ptxas info    : Used 30 registers, used 1 barriers
ptxas info    : Compile time = 13.101 ms
ptxas info    : Compiling entry function '_ZN3cub17_V_300500_SM_10006detail9transform16transform_kernelINS2_26policy_selector_from_typesILb0ELb1EN4cuda3std3__45tupleIJPKdEEEPmEEiNS5_3__411always_trueENSE_38__callable_permitting_copied_argumentsIN6detail23lognormal_transformer_tImEEEESC_JSA_EEEvT0_ibT1_T2_T3_DpNS2_10kernel_argIT4_EE' for 'sm_100'
ptxas info    : Function properties for _ZN3cub17_V_300500_SM_10006detail9transform16transform_kernelINS2_26policy_selector_from_typesILb0ELb1EN4cuda3std3__45tupleIJPKdEEEPmEEiNS5_3__411always_trueENSE_38__callable_permitting_copied_argumentsIN6detail23lognormal_transformer_tImEEEESC_JSA_EEEvT0_ibT1_T2_T3_DpNS2_10kernel_argIT4_EE
    0 bytes stack frame, 0 bytes spill stores, 0 bytes spill loads
ptxas info    : Used 30 registers, used 1 barriers
ptxas info    : Compile time = 12.577 ms
ptxas info    : Compiling entry function '_ZN3cub17_V_300500_SM_10006detail9transform16transform_kernelINS2_26policy_selector_from_typesILb0ELb1EN4cuda3std3__45tupleIJPlS9_EEES9_EElNS5_3__411always_trueENSC_38__callable_permitting_copied_argumentsIN6detail5and_tEEES9_JS9_S9_EEEvT0_ibT1_T2_T3_DpNS2_10kernel_argIT4_EE' for 'sm_100'
ptxas info    : Function properties for _ZN3cub17_V_300500_SM_10006detail9transform16transform_kernelINS2_26policy_selector_from_typesILb0ELb1EN4cuda3std3__45tupleIJPlS9_EEES9_EElNS5_3__411always_trueENSC_38__callable_permitting_copied_argumentsIN6detail5and_tEEES9_JS9_S9_EEEvT0_ibT1_T2_T3_DpNS2_10kernel_argIT4_EE
    0 bytes stack frame, 0 bytes spill stores, 0 bytes spill loads
ptxas info    : Used 12 registers, used 1 barriers
ptxas info    : Compile time = 9.364 ms
ptxas info    : Compiling entry function '_ZN3cub17_V_300500_SM_10006detail9transform16transform_kernelINS2_26policy_selector_from_typesILb0ELb1EN4cuda3std3__45tupleIJPlS9_EEES9_EEiNS5_3__411always_trueENSC_38__callable_permitting_copied_argumentsIN6detail5and_tEEES9_JS9_S9_EEEvT0_ibT1_T2_T3_DpNS2_10kernel_argIT4_EE' for 'sm_100'
ptxas info    : Function properties for _ZN3cub17_V_300500_SM_10006detail9transform16transform_kernelINS2_26policy_selector_from_typesILb0ELb1EN4cuda3std3__45tupleIJPlS9_EEES9_EEiNS5_3__411always_trueENSC_38__callable_permitting_copied_argumentsIN6detail5and_tEEES9_JS9_S9_EEEvT0_ibT1_T2_T3_DpNS2_10kernel_argIT4_EE
    0 bytes stack frame, 0 bytes spill stores, 0 bytes spill loads
ptxas info    : Used 12 registers, used 1 barriers
ptxas info    : Compile time = 8.944 ms
ptxas info    : Compiling entry function '_ZN3cub17_V_300500_SM_10006detail9transform16transform_kernelINS2_26policy_selector_from_typesILb0ELb1EN4cuda3std3__45tupleIJEEEPlEElNS5_3__411always_trueENS1_17__return_constantIlEESA_JEEEvT0_ibT1_T2_T3_DpNS2_10kernel_argIT4_EE' for 'sm_100'
ptxas info    : Function properties for _ZN3cub17_V_300500_SM_10006detail9transform16transform_kernelINS2_26policy_selector_from_typesILb0ELb1EN4cuda3std3__45tupleIJEEEPlEElNS5_3__411always_trueENS1_17__return_constantIlEESA_JEEEvT0_ibT1_T2_T3_DpNS2_10kernel_argIT4_EE
    0 bytes stack frame, 0 bytes spill stores, 0 bytes spill loads
ptxas info    : Used 32 registers, used 0 barriers
ptxas info    : Compile time = 7.541 ms
ptxas info    : Compiling entry function '_ZN3cub17_V_300500_SM_10006detail9transform16transform_kernelINS2_26policy_selector_from_typesILb0ELb1EN4cuda3std3__45tupleIJEEEPlEEiNS5_3__411always_trueENS1_17__return_constantIlEESA_JEEEvT0_ibT1_T2_T3_DpNS2_10kernel_argIT4_EE' for 'sm_100'
ptxas info    : Function properties for _ZN3cub17_V_300500_SM_10006detail9transform16transform_kernelINS2_26policy_selector_from_typesILb0ELb1EN4cuda3std3__45tupleIJEEEPlEEiNS5_3__411always_trueENS1_17__return_constantIlEESA_JEEEvT0_ibT1_T2_T3_DpNS2_10kernel_argIT4_EE
    0 bytes stack frame, 0 bytes spill stores, 0 bytes spill loads
ptxas info    : Used 30 registers, used 0 barriers
ptxas info    : Compile time = 6.125 ms
ptxas info    : Compiling entry function '_ZN3cub17_V_300500_SM_10006detail9transform16transform_kernelINS2_26policy_selector_from_typesILb0ELb1EN4cuda3std3__45tupleIJPKdEEEPlEElNS5_3__411always_trueENSE_38__callable_permitting_copied_argumentsIN6detail16random_to_item_tIlEEEESC_JSA_EEEvT0_ibT1_T2_T3_DpNS2_10kernel_argIT4_EE' for 'sm_100'
ptxas info    : Function properties for _ZN3cub17_V_300500_SM_10006detail9transform16transform_kernelINS2_26policy_selector_from_typesILb0ELb1EN4cuda3std3__45tupleIJPKdEEEPlEElNS5_3__411always_trueENSE_38__callable_permitting_copied_argumentsIN6detail16random_to_item_tIlEEEESC_JSA_EEEvT0_ibT1_T2_T3_DpNS2_10kernel_argIT4_EE
    0 bytes stack frame, 0 bytes spill stores, 0 bytes spill loads
ptxas info    : Used 12 registers, used 1 barriers
ptxas info    : Compile time = 7.416 ms
ptxas info    : Compiling entry function '_ZN3cub17_V_300500_SM_10006detail9transform16transform_kernelINS2_26policy_selector_from_typesILb0ELb1EN4cuda3std3__45tupleIJPKdEEEPlEEiNS5_3__411always_trueENSE_38__callable_permitting_copied_argumentsIN6detail16random_to_item_tIlEEEESC_JSA_EEEvT0_ibT1_T2_T3_DpNS2_10kernel_argIT4_EE' for 'sm_100'
ptxas info    : Function properties for _ZN3cub17_V_300500_SM_10006detail9transform16transform_kernelINS2_26policy_selector_from_typesILb0ELb1EN4cuda3std3__45tupleIJPKdEEEPlEEiNS5_3__411always_trueENSE_38__callable_permitting_copied_argumentsIN6detail16random_to_item_tIlEEEESC_JSA_EEEvT0_ibT1_T2_T3_DpNS2_10kernel_argIT4_EE
    0 bytes stack frame, 0 bytes spill stores, 0 bytes spill loads
ptxas info    : Used 12 registers, used 1 barriers
ptxas info    : Compile time = 6.999 ms
ptxas info    : Compiling entry function '_ZN3cub17_V_300500_SM_10006detail9transform16transform_kernelINS2_26policy_selector_from_typesILb0ELb1EN4cuda3std3__45tupleIJNS5_3__417counting_iteratorIlnLi0ELi0ELi0EEEEEEPlEElNS9_11always_trueENS9_38__callable_permitting_copied_argumentsIN6detail18lognormal_adjust_tIlEEEESD_JSB_EEEvT0_ibT1_T2_T3_DpNS2_10kernel_argIT4_EE' for 'sm_100'
ptxas info    : Function properties for _ZN3cub17_V_300500_SM_10006detail9transform16transform_kernelINS2_26policy_selector_from_typesILb0ELb1EN4cuda3std3__45tupleIJNS5_3__417counting_iteratorIlnLi0ELi0ELi0EEEEEEPlEElNS9_11always_trueENS9_38__callable_permitting_copied_argumentsIN6detail18lognormal_adjust_tIlEEEESD_JSB_EEEvT0_ibT1_T2_T3_DpNS2_10kernel_argIT4_EE
    0 bytes stack frame, 0 bytes spill stores, 0 bytes spill loads
ptxas info    : Used 32 registers, used 0 barriers
ptxas info    : Compile time = 17.053 ms
ptxas info    : Compiling entry function '_ZN3cub17_V_300500_SM_10006detail9transform16transform_kernelINS2_26policy_selector_from_typesILb0ELb1EN4cuda3std3__45tupleIJNS5_3__417counting_iteratorIlnLi0ELi0ELi0EEEEEEPlEEiNS9_11always_trueENS9_38__callable_permitting_copied_argumentsIN6detail18lognormal_adjust_tIlEEEESD_JSB_EEEvT0_ibT1_T2_T3_DpNS2_10kernel_argIT4_EE' for 'sm_100'
ptxas info    : Function properties for _ZN3cub17_V_300500_SM_10006detail9transform16transform_kernelINS2_26policy_selector_from_typesILb0ELb1EN4cuda3std3__45tupleIJNS5_3__417counting_iteratorIlnLi0ELi0ELi0EEEEEEPlEEiNS9_11always_trueENS9_38__callable_permitting_copied_argumentsIN6detail18lognormal_adjust_tIlEEEESD_JSB_EEEvT0_ibT1_T2_T3_DpNS2_10kernel_argIT4_EE
    0 bytes stack frame, 0 bytes spill stores, 0 bytes spill loads
ptxas info    : Used 32 registers, used 0 barriers
ptxas info    : Compile time = 14.047 ms
ptxas info    : Compiling entry function '_ZN3cub17_V_300500_SM_10006detail9transform16transform_kernelINS2_26policy_selector_from_typesILb0ELb1EN4cuda3std3__45tupleIJPKdEEEPlEElNS5_3__411always_trueENSE_38__callable_permitting_copied_argumentsIN6detail23lognormal_transformer_tIlEEEESC_JSA_EEEvT0_ibT1_T2_T3_DpNS2_10kernel_argIT4_EE' for 'sm_100'
ptxas info    : Function properties for _ZN3cub17_V_300500_SM_10006detail9transform16transform_kernelINS2_26policy_selector_from_typesILb0ELb1EN4cuda3std3__45tupleIJPKdEEEPlEElNS5_3__411always_trueENSE_38__callable_permitting_copied_argumentsIN6detail23lognormal_transformer_tIlEEEESC_JSA_EEEvT0_ibT1_T2_T3_DpNS2_10kernel_argIT4_EE
    0 bytes stack frame, 0 bytes spill stores, 0 bytes spill loads
ptxas info    : Used 30 registers, used 1 barriers
ptxas info    : Compile time = 13.069 ms
ptxas info    : Compiling entry function '_ZN3cub17_V_300500_SM_10006detail9transform16transform_kernelINS2_26policy_selector_from_typesILb0ELb1EN4cuda3std3__45tupleIJPKdEEEPlEEiNS5_3__411always_trueENSE_38__callable_permitting_copied_argumentsIN6detail23lognormal_transformer_tIlEEEESC_JSA_EEEvT0_ibT1_T2_T3_DpNS2_10kernel_argIT4_EE' for 'sm_100'
ptxas info    : Function properties for _ZN3cub17_V_300500_SM_10006detail9transform16transform_kernelINS2_26policy_selector_from_typesILb0ELb1EN4cuda3std3__45tupleIJPKdEEEPlEEiNS5_3__411always_trueENSE_38__callable_permitting_copied_argumentsIN6detail23lognormal_transformer_tIlEEEESC_JSA_EEEvT0_ibT1_T2_T3_DpNS2_10kernel_argIT4_EE
    0 bytes stack frame, 0 bytes spill stores, 0 bytes spill loads
ptxas info    : Used 30 registers, used 1 barriers
ptxas info    : Compile time = 12.640 ms
ptxas info    : Compiling entry function '_ZN3cub17_V_300500_SM_10006detail9transform16transform_kernelINS2_26policy_selector_from_typesILb0ELb1EN4cuda3std3__45tupleIJPjS9_EEES9_EElNS5_3__411always_trueENSC_38__callable_permitting_copied_argumentsIN6detail5and_tEEES9_JS9_S9_EEEvT0_ibT1_T2_T3_DpNS2_10kernel_argIT4_EE' for 'sm_100'
ptxas info    : Function properties for _ZN3cub17_V_300500_SM_10006detail9transform16transform_kernelINS2_26policy_selector_from_typesILb0ELb1EN4cuda3std3__45tupleIJPjS9_EEES9_EElNS5_3__411always_trueENSC_38__callable_permitting_copied_argumentsIN6detail5and_tEEES9_JS9_S9_EEEvT0_ibT1_T2_T3_DpNS2_10kernel_argIT4_EE
    0 bytes stack frame, 0 bytes spill stores, 0 bytes spill loads
ptxas info    : Used 12 registers, used 1 barriers
ptxas info    : Compile time = 9.272 ms
ptxas info    : Compiling entry function '_ZN3cub17_V_300500_SM_10006detail9transform16transform_kernelINS2_26policy_selector_from_typesILb0ELb1EN4cuda3std3__45tupleIJPjS9_EEES9_EEiNS5_3__411always_trueENSC_38__callable_permitting_copied_argumentsIN6detail5and_tEEES9_JS9_S9_EEEvT0_ibT1_T2_T3_DpNS2_10kernel_argIT4_EE' for 'sm_100'
ptxas info    : Function properties for _ZN3cub17_V_300500_SM_10006detail9transform16transform_kernelINS2_26policy_selector_from_typesILb0ELb1EN4cuda3std3__45tupleIJPjS9_EEES9_EEiNS5_3__411always_trueENSC_38__callable_permitting_copied_argumentsIN6detail5and_tEEES9_JS9_S9_EEEvT0_ibT1_T2_T3_DpNS2_10kernel_argIT4_EE
    0 bytes stack frame, 0 bytes spill stores, 0 bytes spill loads
ptxas info    : Used 12 registers, used 1 barriers
ptxas info    : Compile time = 8.851 ms
ptxas info    : Compiling entry function '_ZN3cub17_V_300500_SM_10006detail9transform16transform_kernelINS2_26policy_selector_from_typesILb0ELb1EN4cuda3std3__45tupleIJEEEPjEElNS5_3__411always_trueENS1_17__return_constantIjEESA_JEEEvT0_ibT1_T2_T3_DpNS2_10kernel_argIT4_EE' for 'sm_100'
ptxas info    : Function properties for _ZN3cub17_V_300500_SM_10006detail9transform16transform_kernelINS2_26policy_selector_from_typesILb0ELb1EN4cuda3std3__45tupleIJEEEPjEElNS5_3__411always_trueENS1_17__return_constantIjEESA_JEEEvT0_ibT1_T2_T3_DpNS2_10kernel_argIT4_EE
    0 bytes stack frame, 0 bytes spill stores, 0 bytes spill loads
ptxas info    : Used 32 registers, used 0 barriers
ptxas info    : Compile time = 7.685 ms
ptxas info    : Compiling entry function '_ZN3cub17_V_300500_SM_10006detail9transform16transform_kernelINS2_26policy_selector_from_typesILb0ELb1EN4cuda3std3__45tupleIJEEEPjEEiNS5_3__411always_trueENS1_17__return_constantIjEESA_JEEEvT0_ibT1_T2_T3_DpNS2_10kernel_argIT4_EE' for 'sm_100'
ptxas info    : Function properties for _ZN3cub17_V_300500_SM_10006detail9transform16transform_kernelINS2_26policy_selector_from_typesILb0ELb1EN4cuda3std3__45tupleIJEEEPjEEiNS5_3__411always_trueENS1_17__return_constantIjEESA_JEEEvT0_ibT1_T2_T3_DpNS2_10kernel_argIT4_EE
    0 bytes stack frame, 0 bytes spill stores, 0 bytes spill loads
ptxas info    : Used 32 registers, used 0 barriers
ptxas info    : Compile time = 6.304 ms
ptxas info    : Compiling entry function '_ZN3cub17_V_300500_SM_10006detail9transform16transform_kernelINS2_26policy_selector_from_typesILb0ELb1EN4cuda3std3__45tupleIJPKdEEEPjEElNS5_3__411always_trueENSE_38__callable_permitting_copied_argumentsIN6detail16random_to_item_tIjEEEESC_JSA_EEEvT0_ibT1_T2_T3_DpNS2_10kernel_argIT4_EE' for 'sm_100'
ptxas info    : Function properties for _ZN3cub17_V_300500_SM_10006detail9transform16transform_kernelINS2_26policy_selector_from_typesILb0ELb1EN4cuda3std3__45tupleIJPKdEEEPjEElNS5_3__411always_trueENSE_38__callable_permitting_copied_argumentsIN6detail16random_to_item_tIjEEEESC_JSA_EEEvT0_ibT1_T2_T3_DpNS2_10kernel_argIT4_EE
    0 bytes stack frame, 0 bytes spill stores, 0 bytes spill loads
ptxas info    : Used 12 registers, used 1 barriers
ptxas info    : Compile time = 7.411 ms
ptxas info    : Compiling entry function '_ZN3cub17_V_300500_SM_10006detail9transform16transform_kernelINS2_26policy_selector_from_typesILb0ELb1EN4cuda3std3__45tupleIJPKdEEEPjEEiNS5_3__411always_trueENSE_38__callable_permitting_copied_argumentsIN6detail16random_to_item_tIjEEEESC_JSA_EEEvT0_ibT1_T2_T3_DpNS2_10kernel_argIT4_EE' for 'sm_100'
ptxas info    : Function properties for _ZN3cub17_V_300500_SM_10006detail9transform16transform_kernelINS2_26policy_selector_from_typesILb0ELb1EN4cuda3std3__45tupleIJPKdEEEPjEEiNS5_3__411always_trueENSE_38__callable_permitting_copied_argumentsIN6detail16random_to_item_tIjEEEESC_JSA_EEEvT0_ibT1_T2_T3_DpNS2_10kernel_argIT4_EE
    0 bytes stack frame, 0 bytes spill stores, 0 bytes spill loads
ptxas info    : Used 12 registers, used 1 barriers
ptxas info    : Compile time = 7.001 ms
ptxas info    : Compiling entry function '_ZN3cub17_V_300500_SM_10006detail9transform16transform_kernelINS2_26policy_selector_from_typesILb0ELb1EN4cuda3std3__45tupleIJNS5_3__417counting_iteratorIlnLi0ELi0ELi0EEEEEEPjEElNS9_11always_trueENS9_38__callable_permitting_copied_argumentsIN6detail18lognormal_adjust_tIjEEEESD_JSB_EEEvT0_ibT1_T2_T3_DpNS2_10kernel_argIT4_EE' for 'sm_100'
ptxas info    : Function properties for _ZN3cub17_V_300500_SM_10006detail9transform16transform_kernelINS2_26policy_selector_from_typesILb0ELb1EN4cuda3std3__45tupleIJNS5_3__417counting_iteratorIlnLi0ELi0ELi0EEEEEEPjEElNS9_11always_trueENS9_38__callable_permitting_copied_argumentsIN6detail18lognormal_adjust_tIjEEEESD_JSB_EEEvT0_ibT1_T2_T3_DpNS2_10kernel_argIT4_EE
    0 bytes stack frame, 0 bytes spill stores, 0 bytes spill loads
ptxas info    : Used 30 registers, used 0 barriers
ptxas info    : Compile time = 17.141 ms
ptxas info    : Compiling entry function '_ZN3cub17_V_300500_SM_10006detail9transform16transform_kernelINS2_26policy_selector_from_typesILb0ELb1EN4cuda3std3__45tupleIJNS5_3__417counting_iteratorIlnLi0ELi0ELi0EEEEEEPjEEiNS9_11always_trueENS9_38__callable_permitting_copied_argumentsIN6detail18lognormal_adjust_tIjEEEESD_JSB_EEEvT0_ibT1_T2_T3_DpNS2_10kernel_argIT4_EE' for 'sm_100'
ptxas info    : Function properties for _ZN3cub17_V_300500_SM_10006detail9transform16transform_kernelINS2_26policy_selector_from_typesILb0ELb1EN4cuda3std3__45tupleIJNS5_3__417counting_iteratorIlnLi0ELi0ELi0EEEEEEPjEEiNS9_11always_trueENS9_38__callable_permitting_copied_argumentsIN6detail18lognormal_adjust_tIjEEEESD_JSB_EEEvT0_ibT1_T2_T3_DpNS2_10kernel_argIT4_EE
    0 bytes stack frame, 0 bytes spill stores, 0 bytes spill loads
ptxas info    : Used 30 registers, used 0 barriers
ptxas info    : Compile time = 14.630 ms
ptxas info    : Compiling entry function '_ZN3cub17_V_300500_SM_10006detail9transform16transform_kernelINS2_26policy_selector_from_typesILb0ELb1EN4cuda3std3__45tupleIJPKdEEEPjEElNS5_3__411always_trueENSE_38__callable_permitting_copied_argumentsIN6detail23lognormal_transformer_tIjEEEESC_JSA_EEEvT0_ibT1_T2_T3_DpNS2_10kernel_argIT4_EE' for 'sm_100'
ptxas info    : Function properties for _ZN3cub17_V_300500_SM_10006detail9transform16transform_kernelINS2_26policy_selector_from_typesILb0ELb1EN4cuda3std3__45tupleIJPKdEEEPjEElNS5_3__411always_trueENSE_38__callable_permitting_copied_argumentsIN6detail23lognormal_transformer_tIjEEEESC_JSA_EEEvT0_ibT1_T2_T3_DpNS2_10kernel_argIT4_EE
    0 bytes stack frame, 0 bytes spill stores, 0 bytes spill loads
ptxas info    : Used 30 registers, used 1 barriers
ptxas info    : Compile time = 13.109 ms
ptxas info    : Compiling entry function '_ZN3cub17_V_300500_SM_10006detail9transform16transform_kernelINS2_26policy_selector_from_typesILb0ELb1EN4cuda3std3__45tupleIJPKdEEEPjEEiNS5_3__411always_trueENSE_38__callable_permitting_copied_argumentsIN6detail23lognormal_transformer_tIjEEEESC_JSA_EEEvT0_ibT1_T2_T3_DpNS2_10kernel_argIT4_EE' for 'sm_100'
ptxas info    : Function properties for _ZN3cub17_V_300500_SM_10006detail9transform16transform_kernelINS2_26policy_selector_from_typesILb0ELb1EN4cuda3std3__45tupleIJPKdEEEPjEEiNS5_3__411always_trueENSE_38__callable_permitting_copied_argumentsIN6detail23lognormal_transformer_tIjEEEESC_JSA_EEEvT0_ibT1_T2_T3_DpNS2_10kernel_argIT4_EE
    0 bytes stack frame, 0 bytes spill stores, 0 bytes spill loads
ptxas info    : Used 30 registers, used 1 barriers
ptxas info    : Compile time = 12.581 ms
ptxas info    : Compiling entry function '_ZN3cub17_V_300500_SM_10006detail9transform16transform_kernelINS2_26policy_selector_from_typesILb0ELb1EN4cuda3std3__45tupleIJPiS9_EEES9_EElNS5_3__411always_trueENSC_38__callable_permitting_copied_argumentsIN6detail5and_tEEES9_JS9_S9_EEEvT0_ibT1_T2_T3_DpNS2_10kernel_argIT4_EE' for 'sm_100'
ptxas info    : Function properties for _ZN3cub17_V_300500_SM_10006detail9transform16transform_kernelINS2_26policy_selector_from_typesILb0ELb1EN4cuda3std3__45tupleIJPiS9_EEES9_EElNS5_3__411always_trueENSC_38__callable_permitting_copied_argumentsIN6detail5and_tEEES9_JS9_S9_EEEvT0_ibT1_T2_T3_DpNS2_10kernel_argIT4_EE
    0 bytes stack frame, 0 bytes spill stores, 0 bytes spill loads
ptxas info    : Used 12 registers, used 1 barriers
ptxas info    : Compile time = 9.286 ms
ptxas info    : Compiling entry function '_ZN3cub17_V_300500_SM_10006detail9transform16transform_kernelINS2_26policy_selector_from_typesILb0ELb1EN4cuda3std3__45tupleIJPiS9_EEES9_EEiNS5_3__411always_trueENSC_38__callable_permitting_copied_argumentsIN6detail5and_tEEES9_JS9_S9_EEEvT0_ibT1_T2_T3_DpNS2_10kernel_argIT4_EE' for 'sm_100'
ptxas info    : Function properties for _ZN3cub17_V_300500_SM_10006detail9transform16transform_kernelINS2_26policy_selector_from_typesILb0ELb1EN4cuda3std3__45tupleIJPiS9_EEES9_EEiNS5_3__411always_trueENSC_38__callable_permitting_copied_argumentsIN6detail5and_tEEES9_JS9_S9_EEEvT0_ibT1_T2_T3_DpNS2_10kernel_argIT4_EE
    0 bytes stack frame, 0 bytes spill stores, 0 bytes spill loads
ptxas info    : Used 12 registers, used 1 barriers
ptxas info    : Compile time = 8.857 ms
ptxas info    : Compiling entry function '_ZN3cub17_V_300500_SM_10006detail9transform16transform_kernelINS2_26policy_selector_from_typesILb0ELb1EN4cuda3std3__45tupleIJEEEPiEElNS5_3__411always_trueENS1_17__return_constantIiEESA_JEEEvT0_ibT1_T2_T3_DpNS2_10kernel_argIT4_EE' for 'sm_100'
ptxas info    : Function properties for _ZN3cub17_V_300500_SM_10006detail9transform16transform_kernelINS2_26policy_selector_from_typesILb0ELb1EN4cuda3std3__45tupleIJEEEPiEElNS5_3__411always_trueENS1_17__return_constantIiEESA_JEEEvT0_ibT1_T2_T3_DpNS2_10kernel_argIT4_EE
    0 bytes stack frame, 0 bytes spill stores, 0 bytes spill loads
ptxas info    : Used 32 registers, used 0 barriers
ptxas info    : Compile time = 7.665 ms
ptxas info    : Compiling entry function '_ZN3cub17_V_300500_SM_10006detail9transform16transform_kernelINS2_26policy_selector_from_typesILb0ELb1EN4cuda3std3__45tupleIJEEEPiEEiNS5_3__411always_trueENS1_17__return_constantIiEESA_JEEEvT0_ibT1_T2_T3_DpNS2_10kernel_argIT4_EE' for 'sm_100'
ptxas info    : Function properties for _ZN3cub17_V_300500_SM_10006detail9transform16transform_kernelINS2_26policy_selector_from_typesILb0ELb1EN4cuda3std3__45tupleIJEEEPiEEiNS5_3__411always_trueENS1_17__return_constantIiEESA_JEEEvT0_ibT1_T2_T3_DpNS2_10kernel_argIT4_EE
    0 bytes stack frame, 0 bytes spill stores, 0 bytes spill loads
ptxas info    : Used 32 registers, used 0 barriers
ptxas info    : Compile time = 6.279 ms
ptxas info    : Compiling entry function '_ZN3cub17_V_300500_SM_10006detail9transform16transform_kernelINS2_26policy_selector_from_typesILb0ELb1EN4cuda3std3__45tupleIJPKdEEEPiEElNS5_3__411always_trueENSE_38__callable_permitting_copied_argumentsIN6detail16random_to_item_tIiEEEESC_JSA_EEEvT0_ibT1_T2_T3_DpNS2_10kernel_argIT4_EE' for 'sm_100'
ptxas info    : Function properties for _ZN3cub17_V_300500_SM_10006detail9transform16transform_kernelINS2_26policy_selector_from_typesILb0ELb1EN4cuda3std3__45tupleIJPKdEEEPiEElNS5_3__411always_trueENSE_38__callable_permitting_copied_argumentsIN6detail16random_to_item_tIiEEEESC_JSA_EEEvT0_ibT1_T2_T3_DpNS2_10kernel_argIT4_EE
    0 bytes stack frame, 0 bytes spill stores, 0 bytes spill loads
ptxas info    : Used 12 registers, used 1 barriers
ptxas info    : Compile time = 7.397 ms
ptxas info    : Compiling entry function '_ZN3cub17_V_300500_SM_10006detail9transform16transform_kernelINS2_26policy_selector_from_typesILb0ELb1EN4cuda3std3__45tupleIJPKdEEEPiEEiNS5_3__411always_trueENSE_38__callable_permitting_copied_argumentsIN6detail16random_to_item_tIiEEEESC_JSA_EEEvT0_ibT1_T2_T3_DpNS2_10kernel_argIT4_EE' for 'sm_100'
ptxas info    : Function properties for _ZN3cub17_V_300500_SM_10006detail9transform16transform_kernelINS2_26policy_selector_from_typesILb0ELb1EN4cuda3std3__45tupleIJPKdEEEPiEEiNS5_3__411always_trueENSE_38__callable_permitting_copied_argumentsIN6detail16random_to_item_tIiEEEESC_JSA_EEEvT0_ibT1_T2_T3_DpNS2_10kernel_argIT4_EE
    0 bytes stack frame, 0 bytes spill stores, 0 bytes spill loads
ptxas info    : Used 12 registers, used 1 barriers
ptxas info    : Compile time = 6.982 ms
ptxas info    : Compiling entry function '_ZN3cub17_V_300500_SM_10006detail9transform16transform_kernelINS2_26policy_selector_from_typesILb0ELb1EN4cuda3std3__45tupleIJNS5_3__417counting_iteratorIlnLi0ELi0ELi0EEEEEEPiEElNS9_11always_trueENS9_38__callable_permitting_copied_argumentsIN6detail18lognormal_adjust_tIiEEEESD_JSB_EEEvT0_ibT1_T2_T3_DpNS2_10kernel_argIT4_EE' for 'sm_100'
ptxas info    : Function properties for _ZN3cub17_V_300500_SM_10006detail9transform16transform_kernelINS2_26policy_selector_from_typesILb0ELb1EN4cuda3std3__45tupleIJNS5_3__417counting_iteratorIlnLi0ELi0ELi0EEEEEEPiEElNS9_11always_trueENS9_38__callable_permitting_copied_argumentsIN6detail18lognormal_adjust_tIiEEEESD_JSB_EEEvT0_ibT1_T2_T3_DpNS2_10kernel_argIT4_EE
    0 bytes stack frame, 0 bytes spill stores, 0 bytes spill loads
ptxas info    : Used 30 registers, used 0 barriers
ptxas info    : Compile time = 17.136 ms
ptxas info    : Compiling entry function '_ZN3cub17_V_300500_SM_10006detail9transform16transform_kernelINS2_26policy_selector_from_typesILb0ELb1EN4cuda3std3__45tupleIJNS5_3__417counting_iteratorIlnLi0ELi0ELi0EEEEEEPiEEiNS9_11always_trueENS9_38__callable_permitting_copied_argumentsIN6detail18lognormal_adjust_tIiEEEESD_JSB_EEEvT0_ibT1_T2_T3_DpNS2_10kernel_argIT4_EE' for 'sm_100'
ptxas info    : Function properties for _ZN3cub17_V_300500_SM_10006detail9transform16transform_kernelINS2_26policy_selector_from_typesILb0ELb1EN4cuda3std3__45tupleIJNS5_3__417counting_iteratorIlnLi0ELi0ELi0EEEEEEPiEEiNS9_11always_trueENS9_38__callable_permitting_copied_argumentsIN6detail18lognormal_adjust_tIiEEEESD_JSB_EEEvT0_ibT1_T2_T3_DpNS2_10kernel_argIT4_EE
    0 bytes stack frame, 0 bytes spill stores, 0 bytes spill loads
ptxas info    : Used 30 registers, used 0 barriers
ptxas info    : Compile time = 14.828 ms
ptxas info    : Compiling entry function '_ZN3cub17_V_300500_SM_10006detail9transform16transform_kernelINS2_26policy_selector_from_typesILb0ELb1EN4cuda3std3__45tupleIJPKdEEEPiEElNS5_3__411always_trueENSE_38__callable_permitting_copied_argumentsIN6detail23lognormal_transformer_tIiEEEESC_JSA_EEEvT0_ibT1_T2_T3_DpNS2_10kernel_argIT4_EE' for 'sm_100'
ptxas info    : Function properties for _ZN3cub17_V_300500_SM_10006detail9transform16transform_kernelINS2_26policy_selector_from_typesILb0ELb1EN4cuda3std3__45tupleIJPKdEEEPiEElNS5_3__411always_trueENSE_38__callable_permitting_copied_argumentsIN6detail23lognormal_transformer_tIiEEEESC_JSA_EEEvT0_ibT1_T2_T3_DpNS2_10kernel_argIT4_EE
    0 bytes stack frame, 0 bytes spill stores, 0 bytes spill loads
ptxas info    : Used 30 registers, used 1 barriers
ptxas info    : Compile time = 13.079 ms
ptxas info    : Compiling entry function '_ZN3cub17_V_300500_SM_10006detail9transform16transform_kernelINS2_26policy_selector_from_typesILb0ELb1EN4cuda3std3__45tupleIJPKdEEEPiEEiNS5_3__411always_trueENSE_38__callable_permitting_copied_argumentsIN6detail23lognormal_transformer_tIiEEEESC_JSA_EEEvT0_ibT1_T2_T3_DpNS2_10kernel_argIT4_EE' for 'sm_100'
ptxas info    : Function properties for _ZN3cub17_V_300500_SM_10006detail9transform16transform_kernelINS2_26policy_selector_from_typesILb0ELb1EN4cuda3std3__45tupleIJPKdEEEPiEEiNS5_3__411always_trueENSE_38__callable_permitting_copied_argumentsIN6detail23lognormal_transformer_tIiEEEESC_JSA_EEEvT0_ibT1_T2_T3_DpNS2_10kernel_argIT4_EE
    0 bytes stack frame, 0 bytes spill stores, 0 bytes spill loads
ptxas info    : Used 30 registers, used 1 barriers
ptxas info    : Compile time = 12.575 ms
ptxas info    : Compiling entry function '_ZN3cub17_V_300500_SM_10006detail9transform16transform_kernelINS2_26policy_selector_from_typesILb0ELb1EN4cuda3std3__45tupleIJEEEPdEElNS5_3__411always_trueENS1_17__return_constantIdEESA_JEEEvT0_ibT1_T2_T3_DpNS2_10kernel_argIT4_EE' for 'sm_100'
ptxas info    : Function properties for _ZN3cub17_V_300500_SM_10006detail9transform16transform_kernelINS2_26policy_selector_from_typesILb0ELb1EN4cuda3std3__45tupleIJEEEPdEElNS5_3__411always_trueENS1_17__return_constantIdEESA_JEEEvT0_ibT1_T2_T3_DpNS2_10kernel_argIT4_EE
    0 bytes stack frame, 0 bytes spill stores, 0 bytes spill loads
ptxas info    : Used 32 registers, used 0 barriers
ptxas info    : Compile time = 7.421 ms
ptxas info    : Compiling entry function '_ZN3cub17_V_300500_SM_10006detail9transform16transform_kernelINS2_26policy_selector_from_typesILb0ELb1EN4cuda3std3__45tupleIJEEEPdEEiNS5_3__411always_trueENS1_17__return_constantIdEESA_JEEEvT0_ibT1_T2_T3_DpNS2_10kernel_argIT4_EE' for 'sm_100'
ptxas info    : Function properties for _ZN3cub17_V_300500_SM_10006detail9transform16transform_kernelINS2_26policy_selector_from_typesILb0ELb1EN4cuda3std3__45tupleIJEEEPdEEiNS5_3__411always_trueENS1_17__return_constantIdEESA_JEEEvT0_ibT1_T2_T3_DpNS2_10kernel_argIT4_EE
    0 bytes stack frame, 0 bytes spill stores, 0 bytes spill loads
ptxas info    : Used 30 registers, used 0 barriers
ptxas info    : Compile time = 6.166 ms
ptxas info    : Compiling entry function '_ZN3cub17_V_300500_SM_10006detail8for_each13static_kernelINS2_15policy_selectorEmNS0_9DeviceFor14__op_wrapper_tImN6thrust17_V_300500_SM_10006detail24construct1_via_allocatorINS8_16device_allocatorIN4cuda3std3__47complexIdEEEEEENS8_10device_ptrISG_EEEEEEvT0_T1_' for 'sm_100'
ptxas info    : Function properties for _ZN3cub17_V_300500_SM_10006detail8for_each13static_kernelINS2_15policy_selectorEmNS0_9DeviceFor14__op_wrapper_tImN6thrust17_V_300500_SM_10006detail24construct1_via_allocatorINS8_16device_allocatorIN4cuda3std3__47complexIdEEEEEENS8_10device_ptrISG_EEEEEEvT0_T1_
    0 bytes stack frame, 0 bytes spill stores, 0 bytes spill loads
ptxas info    : Used 7 registers, used 0 barriers
ptxas info    : Compile time = 1.717 ms
ptxas info    : Compiling entry function '_ZN3cub17_V_300500_SM_10006detail8for_each13static_kernelINS2_15policy_selectorEmNS0_9DeviceFor14__op_wrapper_tImN6detail10set_imag_tIdEEN6thrust17_V_300500_SM_100017counting_iteratorImNSB_11use_defaultESD_SD_NSB_20__compile_time_valueILi1EEEEEEEEEvT0_T1_' for 'sm_100'
ptxas info    : Function properties for _ZN3cub17_V_300500_SM_10006detail8for_each13static_kernelINS2_15policy_selectorEmNS0_9DeviceFor14__op_wrapper_tImN6detail10set_imag_tIdEEN6thrust17_V_300500_SM_100017counting_iteratorImNSB_11use_defaultESD_SD_NSB_20__compile_time_valueILi1EEEEEEEEEvT0_T1_
    0 bytes stack frame, 0 bytes spill stores, 0 bytes spill loads
ptxas info    : Used 18 registers, used 0 barriers
ptxas info    : Compile time = 2.763 ms
ptxas info    : Compiling entry function '_ZN3cub17_V_300500_SM_10006detail8for_each13static_kernelINS2_15policy_selectorEmNS0_9DeviceFor14__op_wrapper_tImN6detail10set_real_tIdEEN6thrust17_V_300500_SM_100017counting_iteratorImNSB_11use_defaultESD_SD_NSB_20__compile_time_valueILi1EEEEEEEEEvT0_T1_' for 'sm_100'
ptxas info    : Function properties for _ZN3cub17_V_300500_SM_10006detail8for_each13static_kernelINS2_15policy_selectorEmNS0_9DeviceFor14__op_wrapper_tImN6detail10set_real_tIdEEN6thrust17_V_300500_SM_100017counting_iteratorImNSB_11use_defaultESD_SD_NSB_20__compile_time_valueILi1EEEEEEEEEvT0_T1_
    0 bytes stack frame, 0 bytes spill stores, 0 bytes spill loads
ptxas info    : Used 18 registers, used 0 barriers
ptxas info    : Compile time = 2.749 ms
ptxas info    : Compiling entry function '_ZN3cub17_V_300500_SM_10006detail8for_each13static_kernelINS2_15policy_selectorEmNS0_9DeviceFor14__op_wrapper_tImN6thrust17_V_300500_SM_10006detail24construct1_via_allocatorINS8_16device_allocatorIN4cuda3std3__47complexIfEEEEEENS8_10device_ptrISG_EEEEEEvT0_T1_' for 'sm_100'
ptxas info    : Function properties for _ZN3cub17_V_300500_SM_10006detail8for_each13static_kernelINS2_15policy_selectorEmNS0_9DeviceFor14__op_wrapper_tImN6thrust17_V_300500_SM_10006detail24construct1_via_allocatorINS8_16device_allocatorIN4cuda3std3__47complexIfEEEEEENS8_10device_ptrISG_EEEEEEvT0_T1_
    0 bytes stack frame, 0 bytes spill stores, 0 bytes spill loads
ptxas info    : Used 7 registers, used 0 barriers
ptxas info    : Compile time = 1.718 ms
ptxas info    : Compiling entry function '_ZN3cub17_V_300500_SM_10006detail8for_each13static_kernelINS2_15policy_selectorEmNS0_9DeviceFor14__op_wrapper_tImN6detail10set_imag_tIfEEN6thrust17_V_300500_SM_100017counting_iteratorImNSB_11use_defaultESD_SD_NSB_20__compile_time_valueILi1EEEEEEEEEvT0_T1_' for 'sm_100'
ptxas info    : Function properties for _ZN3cub17_V_300500_SM_10006detail8for_each13static_kernelINS2_15policy_selectorEmNS0_9DeviceFor14__op_wrapper_tImN6detail10set_imag_tIfEEN6thrust17_V_300500_SM_100017counting_iteratorImNSB_11use_defaultESD_SD_NSB_20__compile_time_valueILi1EEEEEEEEEvT0_T1_
    0 bytes stack frame, 0 bytes spill stores, 0 bytes spill loads
ptxas info    : Used 18 registers, used 0 barriers
ptxas info    : Compile time = 3.019 ms
ptxas info    : Compiling entry function '_ZN3cub17_V_300500_SM_10006detail8for_each13static_kernelINS2_15policy_selectorEmNS0_9DeviceFor14__op_wrapper_tImN6detail10set_real_tIfEEN6thrust17_V_300500_SM_100017counting_iteratorImNSB_11use_defaultESD_SD_NSB_20__compile_time_valueILi1EEEEEEEEEvT0_T1_' for 'sm_100'
ptxas info    : Function properties for _ZN3cub17_V_300500_SM_10006detail8for_each13static_kernelINS2_15policy_selectorEmNS0_9DeviceFor14__op_wrapper_tImN6detail10set_real_tIfEEN6thrust17_V_300500_SM_100017counting_iteratorImNSB_11use_defaultESD_SD_NSB_20__compile_time_valueILi1EEEEEEEEEvT0_T1_
    0 bytes stack frame, 0 bytes spill stores, 0 bytes spill loads
ptxas info    : Used 18 registers, used 0 barriers
ptxas info    : Compile time = 3.032 ms
ptxas info    : Compiling entry function '_ZN3cub17_V_300500_SM_10006detail8for_each13static_kernelINS2_15policy_selectorEmN6thrust17_V_300500_SM_10008cuda_cub20__uninitialized_fill7functorINS6_10device_ptrIfEEfEEEEvT0_T1_' for 'sm_100'
ptxas info    : Function properties for _ZN3cub17_V_300500_SM_10006detail8for_each13static_kernelINS2_15policy_selectorEmN6thrust17_V_300500_SM_10008cuda_cub20__uninitialized_fill7functorINS6_10device_ptrIfEEfEEEEvT0_T1_
    0 bytes stack frame, 0 bytes spill stores, 0 bytes spill loads
ptxas info    : Used 8 registers, used 0 barriers
ptxas info    : Compile time = 1.792 ms
ptxas info    : Compiling entry function '_ZN3cub17_V_300500_SM_10006detail8for_each13static_kernelINS2_15policy_selectorEmN6thrust17_V_300500_SM_10008cuda_cub20__uninitialized_fill7functorINS6_10device_ptrIoEEoEEEEvT0_T1_' for 'sm_100'
ptxas info    : Function properties for _ZN3cub17_V_300500_SM_10006detail8for_each13static_kernelINS2_15policy_selectorEmN6thrust17_V_300500_SM_10008cuda_cub20__uninitialized_fill7functorINS6_10device_ptrIoEEoEEEEvT0_T1_
    0 bytes stack frame, 0 bytes spill stores, 0 bytes spill loads
ptxas info    : Used 11 registers, used 0 barriers
ptxas info    : Compile time = 1.846 ms
ptxas info    : Compiling entry function '_ZN3cub17_V_300500_SM_10006detail8for_each13static_kernelINS2_15policy_selectorEmN6thrust17_V_300500_SM_10008cuda_cub20__uninitialized_fill7functorINS6_10device_ptrInEEnEEEEvT0_T1_' for 'sm_100'
ptxas info    : Function properties for _ZN3cub17_V_300500_SM_10006detail8for_each13static_kernelINS2_15policy_selectorEmN6thrust17_V_300500_SM_10008cuda_cub20__uninitialized_fill7functorINS6_10device_ptrInEEnEEEEvT0_T1_
    0 bytes stack frame, 0 bytes spill stores, 0 bytes spill loads
ptxas info    : Used 11 registers, used 0 barriers
ptxas info    : Compile time = 1.849 ms
ptxas info    : Compiling entry function '_ZN3cub17_V_300500_SM_10006detail8for_each13static_kernelINS2_15policy_selectorEmN6thrust17_V_300500_SM_10008cuda_cub20__uninitialized_fill7functorINS6_10device_ptrIsEEsEEEEvT0_T1_' for 'sm_100'
ptxas info    : Function properties for _ZN3cub17_V_300500_SM_10006detail8for_each13static_kernelINS2_15policy_selectorEmN6thrust17_V_300500_SM_10008cuda_cub20__uninitialized_fill7functorINS6_10device_ptrIsEEsEEEEvT0_T1_
    0 bytes stack frame, 0 bytes spill stores, 0 bytes spill loads
ptxas info    : Used 8 registers, used 0 barriers
ptxas info    : Compile time = 1.785 ms
ptxas info    : Compiling entry function '_ZN3cub17_V_300500_SM_10006detail8for_each13static_kernelINS2_15policy_selectorEmN6thrust17_V_300500_SM_10008cuda_cub20__uninitialized_fill7functorINS6_10device_ptrIaEEaEEEEvT0_T1_' for 'sm_100'
ptxas info    : Function properties for _ZN3cub17_V_300500_SM_10006detail8for_each13static_kernelINS2_15policy_selectorEmN6thrust17_V_300500_SM_10008cuda_cub20__uninitialized_fill7functorINS6_10device_ptrIaEEaEEEEvT0_T1_
    0 bytes stack frame, 0 bytes spill stores, 0 bytes spill loads
ptxas info    : Used 10 registers, used 0 barriers
ptxas info    : Compile time = 1.704 ms
ptxas info    : Compiling entry function '_ZN3cub17_V_300500_SM_10006detail8for_each13static_kernelINS2_15policy_selectorEmN6thrust17_V_300500_SM_10008cuda_cub20__uninitialized_fill7functorINS6_10device_ptrItEEtEEEEvT0_T1_' for 'sm_100'
ptxas info    : Function properties for _ZN3cub17_V_300500_SM_10006detail8for_each13static_kernelINS2_15policy_selectorEmN6thrust17_V_300500_SM_10008cuda_cub20__uninitialized_fill7functorINS6_10device_ptrItEEtEEEEvT0_T1_
    0 bytes stack frame, 0 bytes spill stores, 0 bytes spill loads
ptxas info    : Used 8 registers, used 0 barriers
ptxas info    : Compile time = 1.785 ms
ptxas info    : Compiling entry function '_ZN3cub17_V_300500_SM_10006detail8for_each13static_kernelINS2_15policy_selectorEmN6thrust17_V_300500_SM_10008cuda_cub20__uninitialized_fill7functorINS6_10device_ptrIhEEhEEEEvT0_T1_' for 'sm_100'
ptxas info    : Function properties for _ZN3cub17_V_300500_SM_10006detail8for_each13static_kernelINS2_15policy_selectorEmN6thrust17_V_300500_SM_10008cuda_cub20__uninitialized_fill7functorINS6_10device_ptrIhEEhEEEEvT0_T1_
    0 bytes stack frame, 0 bytes spill stores, 0 bytes spill loads
ptxas info    : Used 10 registers, used 0 barriers
ptxas info    : Compile time = 1.686 ms
ptxas info    : Compiling entry function '_ZN3cub17_V_300500_SM_10006detail8for_each13static_kernelINS2_15policy_selectorEmN6thrust17_V_300500_SM_10008cuda_cub20__uninitialized_fill7functorINS6_10device_ptrImEEmEEEEvT0_T1_' for 'sm_100'
ptxas info    : Function properties for _ZN3cub17_V_300500_SM_10006detail8for_each13static_kernelINS2_15policy_selectorEmN6thrust17_V_300500_SM_10008cuda_cub20__uninitialized_fill7functorINS6_10device_ptrImEEmEEEEvT0_T1_
    0 bytes stack frame, 0 bytes spill stores, 0 bytes spill loads
ptxas info    : Used 9 registers, used 0 barriers
ptxas info    : Compile time = 1.791 ms
ptxas info    : Compiling entry function '_ZN3cub17_V_300500_SM_10006detail8for_each13static_kernelINS2_15policy_selectorEmN6thrust17_V_300500_SM_10008cuda_cub20__uninitialized_fill7functorINS6_10device_ptrIlEElEEEEvT0_T1_' for 'sm_100'
ptxas info    : Function properties for _ZN3cub17_V_300500_SM_10006detail8for_each13static_kernelINS2_15policy_selectorEmN6thrust17_V_300500_SM_10008cuda_cub20__uninitialized_fill7functorINS6_10device_ptrIlEElEEEEvT0_T1_
    0 bytes stack frame, 0 bytes spill stores, 0 bytes spill loads
ptxas info    : Used 9 registers, used 0 barriers
ptxas info    : Compile time = 1.801 ms
ptxas info    : Compiling entry function '_ZN3cub17_V_300500_SM_10006detail8for_each13static_kernelINS2_15policy_selectorEmN6thrust17_V_300500_SM_10008cuda_cub20__uninitialized_fill7functorINS6_10device_ptrIjEEjEEEEvT0_T1_' for 'sm_100'
ptxas info    : Function properties for _ZN3cub17_V_300500_SM_10006detail8for_each13static_kernelINS2_15policy_selectorEmN6thrust17_V_300500_SM_10008cuda_cub20__uninitialized_fill7functorINS6_10device_ptrIjEEjEEEEvT0_T1_
    0 bytes stack frame, 0 bytes spill stores, 0 bytes spill loads
ptxas info    : Used 8 registers, used 0 barriers
ptxas info    : Compile time = 1.782 ms
ptxas info    : Compiling entry function '_ZN3cub17_V_300500_SM_10006detail8for_each13static_kernelINS2_15policy_selectorEmN6thrust17_V_300500_SM_10008cuda_cub20__uninitialized_fill7functorINS6_10device_ptrIiEEiEEEEvT0_T1_' for 'sm_100'
ptxas info    : Function properties for _ZN3cub17_V_300500_SM_10006detail8for_each13static_kernelINS2_15policy_selectorEmN6thrust17_V_300500_SM_10008cuda_cub20__uninitialized_fill7functorINS6_10device_ptrIiEEiEEEEvT0_T1_
    0 bytes stack frame, 0 bytes spill stores, 0 bytes spill loads
ptxas info    : Used 8 registers, used 0 barriers
ptxas info    : Compile time = 1.799 ms
ptxas info    : Compiling entry function '_ZN3cub17_V_300500_SM_10006detail8for_each13static_kernelINS2_15policy_selectorEmN6thrust17_V_300500_SM_10008cuda_cub20__uninitialized_fill7functorINS6_10device_ptrIdEEdEEEEvT0_T1_' for 'sm_100'
ptxas info    : Function properties for _ZN3cub17_V_300500_SM_10006detail8for_each13static_kernelINS2_15policy_selectorEmN6thrust17_V_300500_SM_10008cuda_cub20__uninitialized_fill7functorINS6_10device_ptrIdEEdEEEEvT0_T1_
    0 bytes stack frame, 0 bytes spill stores, 0 bytes spill loads
ptxas info    : Used 9 registers, used 0 barriers
ptxas info    : Compile time = 1.788 ms
ptxas info    : Compiling entry function '_ZN3cub17_V_300500_SM_10006detail12batch_memcpy27MultiBlockBatchMemcpyKernelINS2_15policy_selectorEjPN4cuda3__417constant_iteratorINS5_3std3__47complexIdEElEEPPSB_PmPjNS0_13ScanTileStateIjLb1EEEjLNS0_7CopyAlgE1EEEvT1_T2_T3_T4_T5_T6_' for 'sm_100'
ptxas info    : Function properties for _ZN3cub17_V_300500_SM_10006detail12batch_memcpy27MultiBlockBatchMemcpyKernelINS2_15policy_selectorEjPN4cuda3__417constant_iteratorINS5_3std3__47complexIdEElEEPPSB_PmPjNS0_13ScanTileStateIjLb1EEEjLNS0_7CopyAlgE1EEEvT1_T2_T3_T4_T5_T6_
    0 bytes stack frame, 0 bytes spill stores, 0 bytes spill loads
ptxas info    : Used 29 registers, used 1 barriers, 16 bytes smem
ptxas info    : Compile time = 17.110 ms
ptxas info    : Compiling entry function '_ZN3cub17_V_300500_SM_10006detail12batch_memcpy17BatchMemcpyKernelINS2_15policy_selectorEN6thrust17_V_300500_SM_100018transform_iteratorIN6detail14repeat_index_tIN4cuda3std3__47complexIdEEEENS6_17counting_iteratorIiNS6_11use_defaultESH_SH_NS6_20__compile_time_valueILi1EEEEESH_SH_EENS7_INS8_20offset_to_iterator_tISE_EEPmSH_SH_EENS7_INS8_16offset_to_size_tESK_SH_SH_EEjPNSA_3__417constant_iteratorISE_lEEPPSE_SO_PjjNS0_13ScanTileStateIjLb1EEES10_LNS0_7CopyAlgE1EEEvT0_T1_T2_T3_T4_T5_T6_T7_T9_T10_' for 'sm_100'
ptxas info    : Function properties for _ZN3cub17_V_300500_SM_10006detail12batch_memcpy17BatchMemcpyKernelINS2_15policy_selectorEN6thrust17_V_300500_SM_100018transform_iteratorIN6detail14repeat_index_tIN4cuda3std3__47complexIdEEEENS6_17counting_iteratorIiNS6_11use_defaultESH_SH_NS6_20__compile_time_valueILi1EEEEESH_SH_EENS7_INS8_20offset_to_iterator_tISE_EEPmSH_SH_EENS7_INS8_16offset_to_size_tESK_SH_SH_EEjPNSA_3__417constant_iteratorISE_lEEPPSE_SO_PjjNS0_13ScanTileStateIjLb1EEES10_LNS0_7CopyAlgE1EEEvT0_T1_T2_T3_T4_T5_T6_T7_T9_T10_
    0 bytes stack frame, 0 bytes spill stores, 0 bytes spill loads
ptxas info    : Used 40 registers, used 1 barriers, 9360 bytes smem
ptxas info    : Compile time = 58.616 ms
ptxas info    : Compiling entry function '_ZN3cub17_V_300500_SM_10006detail12batch_memcpy27MultiBlockBatchMemcpyKernelINS2_15policy_selectorEjPN4cuda3__417constant_iteratorINS5_3std3__47complexIfEElEEPPSB_PmPjNS0_13ScanTileStateIjLb1EEEjLNS0_7CopyAlgE1EEEvT1_T2_T3_T4_T5_T6_' for 'sm_100'
ptxas info    : Function properties for _ZN3cub17_V_300500_SM_10006detail12batch_memcpy27MultiBlockBatchMemcpyKernelINS2_15policy_selectorEjPN4cuda3__417constant_iteratorINS5_3std3__47complexIfEElEEPPSB_PmPjNS0_13ScanTileStateIjLb1EEEjLNS0_7CopyAlgE1EEEvT1_T2_T3_T4_T5_T6_
    0 bytes stack frame, 0 bytes spill stores, 0 bytes spill loads
ptxas info    : Used 22 registers, used 1 barriers, 16 bytes smem
ptxas info    : Compile time = 17.167 ms
ptxas info    : Compiling entry function '_ZN3cub17_V_300500_SM_10006detail12batch_memcpy17BatchMemcpyKernelINS2_15policy_selectorEN6thrust17_V_300500_SM_100018transform_iteratorIN6detail14repeat_index_tIN4cuda3std3__47complexIfEEEENS6_17counting_iteratorIiNS6_11use_defaultESH_SH_NS6_20__compile_time_valueILi1EEEEESH_SH_EENS7_INS8_20offset_to_iterator_tISE_EEPmSH_SH_EENS7_INS8_16offset_to_size_tESK_SH_SH_EEjPNSA_3__417constant_iteratorISE_lEEPPSE_SO_PjjNS0_13ScanTileStateIjLb1EEES10_LNS0_7CopyAlgE1EEEvT0_T1_T2_T3_T4_T5_T6_T7_T9_T10_' for 'sm_100'
ptxas info    : Function properties for _ZN3cub17_V_300500_SM_10006detail12batch_memcpy17BatchMemcpyKernelINS2_15policy_selectorEN6thrust17_V_300500_SM_100018transform_iteratorIN6detail14repeat_index_tIN4cuda3std3__47complexIfEEEENS6_17counting_iteratorIiNS6_11use_defaultESH_SH_NS6_20__compile_time_valueILi1EEEEESH_SH_EENS7_INS8_20offset_to_iterator_tISE_EEPmSH_SH_EENS7_INS8_16offset_to_size_tESK_SH_SH_EEjPNSA_3__417constant_iteratorISE_lEEPPSE_SO_PjjNS0_13ScanTileStateIjLb1EEES10_LNS0_7CopyAlgE1EEEvT0_T1_T2_T3_T4_T5_T6_T7_T9_T10_
    0 bytes stack frame, 0 bytes spill stores, 0 bytes spill loads
ptxas info    : Used 48 registers, used 1 barriers, 9360 bytes smem
ptxas info    : Compile time = 56.865 ms
ptxas info    : Compiling entry function '_ZN3cub17_V_300500_SM_10006detail12batch_memcpy27MultiBlockBatchMemcpyKernelINS2_15policy_selectorEjPN4cuda3__417constant_iteratorIdlEEPPdPmPjNS0_13ScanTileStateIjLb1EEEjLNS0_7CopyAlgE1EEEvT1_T2_T3_T4_T5_T6_' for 'sm_100'
ptxas info    : Function properties for _ZN3cub17_V_300500_SM_10006detail12batch_memcpy27MultiBlockBatchMemcpyKernelINS2_15policy_selectorEjPN4cuda3__417constant_iteratorIdlEEPPdPmPjNS0_13ScanTileStateIjLb1EEEjLNS0_7CopyAlgE1EEEvT1_T2_T3_T4_T5_T6_
    0 bytes stack frame, 0 bytes spill stores, 0 bytes spill loads
ptxas info    : Used 22 registers, used 1 barriers, 16 bytes smem
ptxas info    : Compile time = 16.743 ms
ptxas info    : Compiling entry function '_ZN3cub17_V_300500_SM_10006detail12batch_memcpy17BatchMemcpyKernelINS2_15policy_selectorEN6thrust17_V_300500_SM_100018transform_iteratorIN6detail14repeat_index_tIdEENS6_17counting_iteratorIiNS6_11use_defaultESC_SC_NS6_20__compile_time_valueILi1EEEEESC_SC_EENS7_INS8_20offset_to_iterator_tIdEEPmSC_SC_EENS7_INS8_16offset_to_size_tESF_SC_SC_EEjPN4cuda3__417constant_iteratorIdlEEPPdSJ_PjjNS0_13ScanTileStateIjLb1EEESW_LNS0_7CopyAlgE1EEEvT0_T1_T2_T3_T4_T5_T6_T7_T9_T10_' for 'sm_100'
ptxas info    : Function properties for _ZN3cub17_V_300500_SM_10006detail12batch_memcpy17BatchMemcpyKernelINS2_15policy_selectorEN6thrust17_V_300500_SM_100018transform_iteratorIN6detail14repeat_index_tIdEENS6_17counting_iteratorIiNS6_11use_defaultESC_SC_NS6_20__compile_time_valueILi1EEEEESC_SC_EENS7_INS8_20offset_to_iterator_tIdEEPmSC_SC_EENS7_INS8_16offset_to_size_tESF_SC_SC_EEjPN4cuda3__417constant_iteratorIdlEEPPdSJ_PjjNS0_13ScanTileStateIjLb1EEESW_LNS0_7CopyAlgE1EEEvT0_T1_T2_T3_T4_T5_T6_T7_T9_T10_
    0 bytes stack frame, 0 bytes spill stores, 0 bytes spill loads
ptxas info    : Used 40 registers, used 1 barriers, 9360 bytes smem
ptxas info    : Compile time = 55.703 ms
ptxas info    : Compiling entry function '_ZN3cub17_V_300500_SM_10006detail12batch_memcpy27MultiBlockBatchMemcpyKernelINS2_15policy_selectorEjPN4cuda3__417constant_iteratorIflEEPPfPmPjNS0_13ScanTileStateIjLb1EEEjLNS0_7CopyAlgE1EEEvT1_T2_T3_T4_T5_T6_' for 'sm_100'
ptxas info    : Function properties for _ZN3cub17_V_300500_SM_10006detail12batch_memcpy27MultiBlockBatchMemcpyKernelINS2_15policy_selectorEjPN4cuda3__417constant_iteratorIflEEPPfPmPjNS0_13ScanTileStateIjLb1EEEjLNS0_7CopyAlgE1EEEvT1_T2_T3_T4_T5_T6_
    0 bytes stack frame, 0 bytes spill stores, 0 bytes spill loads
ptxas info    : Used 21 registers, used 1 barriers, 16 bytes smem
ptxas info    : Compile time = 16.093 ms
ptxas info    : Compiling entry function '_ZN3cub17_V_300500_SM_10006detail12batch_memcpy17BatchMemcpyKernelINS2_15policy_selectorEN6thrust17_V_300500_SM_100018transform_iteratorIN6detail14repeat_index_tIfEENS6_17counting_iteratorIiNS6_11use_defaultESC_SC_NS6_20__compile_time_valueILi1EEEEESC_SC_EENS7_INS8_20offset_to_iterator_tIfEEPmSC_SC_EENS7_INS8_16offset_to_size_tESF_SC_SC_EEjPN4cuda3__417constant_iteratorIflEEPPfSJ_PjjNS0_13ScanTileStateIjLb1EEESW_LNS0_7CopyAlgE1EEEvT0_T1_T2_T3_T4_T5_T6_T7_T9_T10_' for 'sm_100'
ptxas info    : Function properties for _ZN3cub17_V_300500_SM_10006detail12batch_memcpy17BatchMemcpyKernelINS2_15policy_selectorEN6thrust17_V_300500_SM_100018transform_iteratorIN6detail14repeat_index_tIfEENS6_17counting_iteratorIiNS6_11use_defaultESC_SC_NS6_20__compile_time_valueILi1EEEEESC_SC_EENS7_INS8_20offset_to_iterator_tIfEEPmSC_SC_EENS7_INS8_16offset_to_size_tESF_SC_SC_EEjPN4cuda3__417constant_iteratorIflEEPPfSJ_PjjNS0_13ScanTileStateIjLb1EEESW_LNS0_7CopyAlgE1EEEvT0_T1_T2_T3_T4_T5_T6_T7_T9_T10_
    0 bytes stack frame, 0 bytes spill stores, 0 bytes spill loads
ptxas info    : Used 48 registers, used 1 barriers, 9360 bytes smem
ptxas info    : Compile time = 54.926 ms
ptxas info    : Compiling entry function '_ZN3cub17_V_300500_SM_10006detail12batch_memcpy27MultiBlockBatchMemcpyKernelINS2_15policy_selectorEjPN4cuda3__417constant_iteratorIolEEPPoPmPjNS0_13ScanTileStateIjLb1EEEjLNS0_7CopyAlgE1EEEvT1_T2_T3_T4_T5_T6_' for 'sm_100'
ptxas info    : Function properties for _ZN3cub17_V_300500_SM_10006detail12batch_memcpy27MultiBlockBatchMemcpyKernelINS2_15policy_selectorEjPN4cuda3__417constant_iteratorIolEEPPoPmPjNS0_13ScanTileStateIjLb1EEEjLNS0_7CopyAlgE1EEEvT1_T2_T3_T4_T5_T6_
    0 bytes stack frame, 0 bytes spill stores, 0 bytes spill loads
ptxas info    : Used 29 registers, used 1 barriers, 16 bytes smem
ptxas info    : Compile time = 9.811 ms
ptxas info    : Compiling entry function '_ZN3cub17_V_300500_SM_10006detail12batch_memcpy17BatchMemcpyKernelINS2_15policy_selectorEN6thrust17_V_300500_SM_100018transform_iteratorIN6detail14repeat_index_tIoEENS6_17counting_iteratorIiNS6_11use_defaultESC_SC_NS6_20__compile_time_valueILi1EEEEESC_SC_EENS7_INS8_20offset_to_iterator_tIoEEPmSC_SC_EENS7_INS8_16offset_to_size_tESF_SC_SC_EEjPN4cuda3__417constant_iteratorIolEEPPoSJ_PjjNS0_13ScanTileStateIjLb1EEESW_LNS0_7CopyAlgE1EEEvT0_T1_T2_T3_T4_T5_T6_T7_T9_T10_' for 'sm_100'
ptxas info    : Function properties for _ZN3cub17_V_300500_SM_10006detail12batch_memcpy17BatchMemcpyKernelINS2_15policy_selectorEN6thrust17_V_300500_SM_100018transform_iteratorIN6detail14repeat_index_tIoEENS6_17counting_iteratorIiNS6_11use_defaultESC_SC_NS6_20__compile_time_valueILi1EEEEESC_SC_EENS7_INS8_20offset_to_iterator_tIoEEPmSC_SC_EENS7_INS8_16offset_to_size_tESF_SC_SC_EEjPN4cuda3__417constant_iteratorIolEEPPoSJ_PjjNS0_13ScanTileStateIjLb1EEESW_LNS0_7CopyAlgE1EEEvT0_T1_T2_T3_T4_T5_T6_T7_T9_T10_
    0 bytes stack frame, 0 bytes spill stores, 0 bytes spill loads
ptxas info    : Used 48 registers, used 1 barriers, 9360 bytes smem
ptxas info    : Compile time = 56.857 ms
ptxas info    : Compiling entry function '_ZN3cub17_V_300500_SM_10006detail12batch_memcpy27MultiBlockBatchMemcpyKernelINS2_15policy_selectorEjPN4cuda3__417constant_iteratorInlEEPPnPmPjNS0_13ScanTileStateIjLb1EEEjLNS0_7CopyAlgE1EEEvT1_T2_T3_T4_T5_T6_' for 'sm_100'
ptxas info    : Function properties for _ZN3cub17_V_300500_SM_10006detail12batch_memcpy27MultiBlockBatchMemcpyKernelINS2_15policy_selectorEjPN4cuda3__417constant_iteratorInlEEPPnPmPjNS0_13ScanTileStateIjLb1EEEjLNS0_7CopyAlgE1EEEvT1_T2_T3_T4_T5_T6_
    0 bytes stack frame, 0 bytes spill stores, 0 bytes spill loads
ptxas info    : Used 29 registers, used 1 barriers, 16 bytes smem
ptxas info    : Compile time = 9.774 ms
ptxas info    : Compiling entry function '_ZN3cub17_V_300500_SM_10006detail12batch_memcpy17BatchMemcpyKernelINS2_15policy_selectorEN6thrust17_V_300500_SM_100018transform_iteratorIN6detail14repeat_index_tInEENS6_17counting_iteratorIiNS6_11use_defaultESC_SC_NS6_20__compile_time_valueILi1EEEEESC_SC_EENS7_INS8_20offset_to_iterator_tInEEPmSC_SC_EENS7_INS8_16offset_to_size_tESF_SC_SC_EEjPN4cuda3__417constant_iteratorInlEEPPnSJ_PjjNS0_13ScanTileStateIjLb1EEESW_LNS0_7CopyAlgE1EEEvT0_T1_T2_T3_T4_T5_T6_T7_T9_T10_' for 'sm_100'
ptxas info    : Function properties for _ZN3cub17_V_300500_SM_10006detail12batch_memcpy17BatchMemcpyKernelINS2_15policy_selectorEN6thrust17_V_300500_SM_100018transform_iteratorIN6detail14repeat_index_tInEENS6_17counting_iteratorIiNS6_11use_defaultESC_SC_NS6_20__compile_time_valueILi1EEEEESC_SC_EENS7_INS8_20offset_to_iterator_tInEEPmSC_SC_EENS7_INS8_16offset_to_size_tESF_SC_SC_EEjPN4cuda3__417constant_iteratorInlEEPPnSJ_PjjNS0_13ScanTileStateIjLb1EEESW_LNS0_7CopyAlgE1EEEvT0_T1_T2_T3_T4_T5_T6_T7_T9_T10_
    0 bytes stack frame, 0 bytes spill stores, 0 bytes spill loads
ptxas info    : Used 48 registers, used 1 barriers, 9360 bytes smem
ptxas info    : Compile time = 56.794 ms
ptxas info    : Compiling entry function '_ZN3cub17_V_300500_SM_10006detail12batch_memcpy27MultiBlockBatchMemcpyKernelINS2_15policy_selectorEjPN4cuda3__417constant_iteratorIllEEPPlPmPjNS0_13ScanTileStateIjLb1EEEjLNS0_7CopyAlgE1EEEvT1_T2_T3_T4_T5_T6_' for 'sm_100'
ptxas info    : Function properties for _ZN3cub17_V_300500_SM_10006detail12batch_memcpy27MultiBlockBatchMemcpyKernelINS2_15policy_selectorEjPN4cuda3__417constant_iteratorIllEEPPlPmPjNS0_13ScanTileStateIjLb1EEEjLNS0_7CopyAlgE1EEEvT1_T2_T3_T4_T5_T6_
    0 bytes stack frame, 0 bytes spill stores, 0 bytes spill loads
ptxas info    : Used 22 registers, used 1 barriers, 16 bytes smem
ptxas info    : Compile time = 16.345 ms
ptxas info    : Compiling entry function '_ZN3cub17_V_300500_SM_10006detail12batch_memcpy17BatchMemcpyKernelINS2_15policy_selectorEN6thrust17_V_300500_SM_100018transform_iteratorIN6detail14repeat_index_tIlEENS6_17counting_iteratorIiNS6_11use_defaultESC_SC_NS6_20__compile_time_valueILi1EEEEESC_SC_EENS7_INS8_20offset_to_iterator_tIlEEPmSC_SC_EENS7_INS8_16offset_to_size_tESF_SC_SC_EEjPN4cuda3__417constant_iteratorIllEEPPlSJ_PjjNS0_13ScanTileStateIjLb1EEESW_LNS0_7CopyAlgE1EEEvT0_T1_T2_T3_T4_T5_T6_T7_T9_T10_' for 'sm_100'
ptxas info    : Function properties for _ZN3cub17_V_300500_SM_10006detail12batch_memcpy17BatchMemcpyKernelINS2_15policy_selectorEN6thrust17_V_300500_SM_100018transform_iteratorIN6detail14repeat_index_tIlEENS6_17counting_iteratorIiNS6_11use_defaultESC_SC_NS6_20__compile_time_valueILi1EEEEESC_SC_EENS7_INS8_20offset_to_iterator_tIlEEPmSC_SC_EENS7_INS8_16offset_to_size_tESF_SC_SC_EEjPN4cuda3__417constant_iteratorIllEEPPlSJ_PjjNS0_13ScanTileStateIjLb1EEESW_LNS0_7CopyAlgE1EEEvT0_T1_T2_T3_T4_T5_T6_T7_T9_T10_
    0 bytes stack frame, 0 bytes spill stores, 0 bytes spill loads
ptxas info    : Used 40 registers, used 1 barriers, 9360 bytes smem
ptxas info    : Compile time = 53.787 ms
ptxas info    : Compiling entry function '_ZN3cub17_V_300500_SM_10006detail12batch_memcpy27MultiBlockBatchMemcpyKernelINS2_15policy_selectorEjPN4cuda3__417constant_iteratorIilEEPPiPmPjNS0_13ScanTileStateIjLb1EEEjLNS0_7CopyAlgE1EEEvT1_T2_T3_T4_T5_T6_' for 'sm_100'
ptxas info    : Function properties for _ZN3cub17_V_300500_SM_10006detail12batch_memcpy27MultiBlockBatchMemcpyKernelINS2_15policy_selectorEjPN4cuda3__417constant_iteratorIilEEPPiPmPjNS0_13ScanTileStateIjLb1EEEjLNS0_7CopyAlgE1EEEvT1_T2_T3_T4_T5_T6_
    0 bytes stack frame, 0 bytes spill stores, 0 bytes spill loads
ptxas info    : Used 21 registers, used 1 barriers, 16 bytes smem
ptxas info    : Compile time = 16.171 ms
ptxas info    : Compiling entry function '_ZN3cub17_V_300500_SM_10006detail12batch_memcpy17BatchMemcpyKernelINS2_15policy_selectorEN6thrust17_V_300500_SM_100018transform_iteratorIN6detail14repeat_index_tIiEENS6_17counting_iteratorIiNS6_11use_defaultESC_SC_NS6_20__compile_time_valueILi1EEEEESC_SC_EENS7_INS8_20offset_to_iterator_tIiEEPmSC_SC_EENS7_INS8_16offset_to_size_tESF_SC_SC_EEjPN4cuda3__417constant_iteratorIilEEPPiSJ_PjjNS0_13ScanTileStateIjLb1EEESW_LNS0_7CopyAlgE1EEEvT0_T1_T2_T3_T4_T5_T6_T7_T9_T10_' for 'sm_100'
ptxas info    : Function properties for _ZN3cub17_V_300500_SM_10006detail12batch_memcpy17BatchMemcpyKernelINS2_15policy_selectorEN6thrust17_V_300500_SM_100018transform_iteratorIN6detail14repeat_index_tIiEENS6_17counting_iteratorIiNS6_11use_defaultESC_SC_NS6_20__compile_time_valueILi1EEEEESC_SC_EENS7_INS8_20offset_to_iterator_tIiEEPmSC_SC_EENS7_INS8_16offset_to_size_tESF_SC_SC_EEjPN4cuda3__417constant_iteratorIilEEPPiSJ_PjjNS0_13ScanTileStateIjLb1EEESW_LNS0_7CopyAlgE1EEEvT0_T1_T2_T3_T4_T5_T6_T7_T9_T10_
    0 bytes stack frame, 0 bytes spill stores, 0 bytes spill loads
ptxas info    : Used 48 registers, used 1 barriers, 9360 bytes smem
ptxas info    : Compile time = 56.181 ms
ptxas info    : Compiling entry function '_ZN3cub17_V_300500_SM_10006detail12batch_memcpy27MultiBlockBatchMemcpyKernelINS2_15policy_selectorEjPN4cuda3__417constant_iteratorIslEEPPsPmPjNS0_13ScanTileStateIjLb1EEEjLNS0_7CopyAlgE1EEEvT1_T2_T3_T4_T5_T6_' for 'sm_100'
ptxas info    : Function properties for _ZN3cub17_V_300500_SM_10006detail12batch_memcpy27MultiBlockBatchMemcpyKernelINS2_15policy_selectorEjPN4cuda3__417constant_iteratorIslEEPPsPmPjNS0_13ScanTileStateIjLb1EEEjLNS0_7CopyAlgE1EEEvT1_T2_T3_T4_T5_T6_
    0 bytes stack frame, 0 bytes spill stores, 0 bytes spill loads
ptxas info    : Used 21 registers, used 1 barriers, 16 bytes smem
ptxas info    : Compile time = 16.165 ms
ptxas info    : Compiling entry function '_ZN3cub17_V_300500_SM_10006detail12batch_memcpy17BatchMemcpyKernelINS2_15policy_selectorEN6thrust17_V_300500_SM_100018transform_iteratorIN6detail14repeat_index_tIsEENS6_17counting_iteratorIiNS6_11use_defaultESC_SC_NS6_20__compile_time_valueILi1EEEEESC_SC_EENS7_INS8_20offset_to_iterator_tIsEEPmSC_SC_EENS7_INS8_16offset_to_size_tESF_SC_SC_EEjPN4cuda3__417constant_iteratorIslEEPPsSJ_PjjNS0_13ScanTileStateIjLb1EEESW_LNS0_7CopyAlgE1EEEvT0_T1_T2_T3_T4_T5_T6_T7_T9_T10_' for 'sm_100'
ptxas info    : Function properties for _ZN3cub17_V_300500_SM_10006detail12batch_memcpy17BatchMemcpyKernelINS2_15policy_selectorEN6thrust17_V_300500_SM_100018transform_iteratorIN6detail14repeat_index_tIsEENS6_17counting_iteratorIiNS6_11use_defaultESC_SC_NS6_20__compile_time_valueILi1EEEEESC_SC_EENS7_INS8_20offset_to_iterator_tIsEEPmSC_SC_EENS7_INS8_16offset_to_size_tESF_SC_SC_EEjPN4cuda3__417constant_iteratorIslEEPPsSJ_PjjNS0_13ScanTileStateIjLb1EEESW_LNS0_7CopyAlgE1EEEvT0_T1_T2_T3_T4_T5_T6_T7_T9_T10_
    0 bytes stack frame, 0 bytes spill stores, 0 bytes spill loads
ptxas info    : Used 48 registers, used 1 barriers, 9360 bytes smem
ptxas info    : Compile time = 54.731 ms
ptxas info    : Compiling entry function '_ZN3cub17_V_300500_SM_10006detail12batch_memcpy27MultiBlockBatchMemcpyKernelINS2_15policy_selectorEjPN4cuda3__417constant_iteratorIalEEPPaPmPjNS0_13ScanTileStateIjLb1EEEjLNS0_7CopyAlgE1EEEvT1_T2_T3_T4_T5_T6_' for 'sm_100'
ptxas info    : Function properties for _ZN3cub17_V_300500_SM_10006detail12batch_memcpy27MultiBlockBatchMemcpyKernelINS2_15policy_selectorEjPN4cuda3__417constant_iteratorIalEEPPaPmPjNS0_13ScanTileStateIjLb1EEEjLNS0_7CopyAlgE1EEEvT1_T2_T3_T4_T5_T6_
    0 bytes stack frame, 0 bytes spill stores, 0 bytes spill loads
ptxas info    : Used 21 registers, used 1 barriers, 16 bytes smem
ptxas info    : Compile time = 15.869 ms
ptxas info    : Compiling entry function '_ZN3cub17_V_300500_SM_10006detail12batch_memcpy17BatchMemcpyKernelINS2_15policy_selectorEN6thrust17_V_300500_SM_100018transform_iteratorIN6detail14repeat_index_tIaEENS6_17counting_iteratorIiNS6_11use_defaultESC_SC_NS6_20__compile_time_valueILi1EEEEESC_SC_EENS7_INS8_20offset_to_iterator_tIaEEPmSC_SC_EENS7_INS8_16offset_to_size_tESF_SC_SC_EEjPN4cuda3__417constant_iteratorIalEEPPaSJ_PjjNS0_13ScanTileStateIjLb1EEESW_LNS0_7CopyAlgE1EEEvT0_T1_T2_T3_T4_T5_T6_T7_T9_T10_' for 'sm_100'
ptxas info    : Function properties for _ZN3cub17_V_300500_SM_10006detail12batch_memcpy17BatchMemcpyKernelINS2_15policy_selectorEN6thrust17_V_300500_SM_100018transform_iteratorIN6detail14repeat_index_tIaEENS6_17counting_iteratorIiNS6_11use_defaultESC_SC_NS6_20__compile_time_valueILi1EEEEESC_SC_EENS7_INS8_20offset_to_iterator_tIaEEPmSC_SC_EENS7_INS8_16offset_to_size_tESF_SC_SC_EEjPN4cuda3__417constant_iteratorIalEEPPaSJ_PjjNS0_13ScanTileStateIjLb1EEESW_LNS0_7CopyAlgE1EEEvT0_T1_T2_T3_T4_T5_T6_T7_T9_T10_
    0 bytes stack frame, 0 bytes spill stores, 0 bytes spill loads
ptxas info    : Used 48 registers, used 1 barriers, 9360 bytes smem
ptxas info    : Compile time = 52.206 ms
ptxas info    : Compiling entry function '_ZN3cub17_V_300500_SM_10006detail12batch_memcpy27MultiBlockBatchMemcpyKernelINS2_15policy_selectorEjPN4cuda3__417constant_iteratorImlEEPPmSA_PjNS0_13ScanTileStateIjLb1EEEjLNS0_7CopyAlgE1EEEvT1_T2_T3_T4_T5_T6_' for 'sm_100'
ptxas info    : Function properties for _ZN3cub17_V_300500_SM_10006detail12batch_memcpy27MultiBlockBatchMemcpyKernelINS2_15policy_selectorEjPN4cuda3__417constant_iteratorImlEEPPmSA_PjNS0_13ScanTileStateIjLb1EEEjLNS0_7CopyAlgE1EEEvT1_T2_T3_T4_T5_T6_
    0 bytes stack frame, 0 bytes spill stores, 0 bytes spill loads
ptxas info    : Used 22 registers, used 1 barriers, 16 bytes smem
ptxas info    : Compile time = 16.105 ms
ptxas info    : Compiling entry function '_ZN3cub17_V_300500_SM_10006detail12batch_memcpy17BatchMemcpyKernelINS2_15policy_selectorEN6thrust17_V_300500_SM_100018transform_iteratorIN6detail14repeat_index_tImEENS6_17counting_iteratorIiNS6_11use_defaultESC_SC_NS6_20__compile_time_valueILi1EEEEESC_SC_EENS7_INS8_20offset_to_iterator_tImEEPmSC_SC_EENS7_INS8_16offset_to_size_tESF_SC_SC_EEjPN4cuda3__417constant_iteratorImlEEPSJ_SJ_PjjNS0_13ScanTileStateIjLb1EEESV_LNS0_7CopyAlgE1EEEvT0_T1_T2_T3_T4_T5_T6_T7_T9_T10_' for 'sm_100'
ptxas info    : Function properties for _ZN3cub17_V_300500_SM_10006detail12batch_memcpy17BatchMemcpyKernelINS2_15policy_selectorEN6thrust17_V_300500_SM_100018transform_iteratorIN6detail14repeat_index_tImEENS6_17counting_iteratorIiNS6_11use_defaultESC_SC_NS6_20__compile_time_valueILi1EEEEESC_SC_EENS7_INS8_20offset_to_iterator_tImEEPmSC_SC_EENS7_INS8_16offset_to_size_tESF_SC_SC_EEjPN4cuda3__417constant_iteratorImlEEPSJ_SJ_PjjNS0_13ScanTileStateIjLb1EEESV_LNS0_7CopyAlgE1EEEvT0_T1_T2_T3_T4_T5_T6_T7_T9_T10_
    0 bytes stack frame, 0 bytes spill stores, 0 bytes spill loads
ptxas info    : Used 40 registers, used 1 barriers, 9360 bytes smem
ptxas info    : Compile time = 53.676 ms
ptxas info    : Compiling entry function '_ZN3cub17_V_300500_SM_10006detail12batch_memcpy27MultiBlockBatchMemcpyKernelINS2_15policy_selectorEjPN4cuda3__417constant_iteratorIjlEEPPjPmSA_NS0_13ScanTileStateIjLb1EEEjLNS0_7CopyAlgE1EEEvT1_T2_T3_T4_T5_T6_' for 'sm_100'
ptxas info    : Function properties for _ZN3cub17_V_300500_SM_10006detail12batch_memcpy27MultiBlockBatchMemcpyKernelINS2_15policy_selectorEjPN4cuda3__417constant_iteratorIjlEEPPjPmSA_NS0_13ScanTileStateIjLb1EEEjLNS0_7CopyAlgE1EEEvT1_T2_T3_T4_T5_T6_
    0 bytes stack frame, 0 bytes spill stores, 0 bytes spill loads
ptxas info    : Used 21 registers, used 1 barriers, 16 bytes smem
ptxas info    : Compile time = 16.077 ms
ptxas info    : Compiling entry function '_ZN3cub17_V_300500_SM_10006detail12batch_memcpy17BatchMemcpyKernelINS2_15policy_selectorEN6thrust17_V_300500_SM_100018transform_iteratorIN6detail14repeat_index_tIjEENS6_17counting_iteratorIiNS6_11use_defaultESC_SC_NS6_20__compile_time_valueILi1EEEEESC_SC_EENS7_INS8_20offset_to_iterator_tIjEEPmSC_SC_EENS7_INS8_16offset_to_size_tESF_SC_SC_EEjPN4cuda3__417constant_iteratorIjlEEPPjSJ_SS_jNS0_13ScanTileStateIjLb1EEESV_LNS0_7CopyAlgE1EEEvT0_T1_T2_T3_T4_T5_T6_T7_T9_T10_' for 'sm_100'
ptxas info    : Function properties for _ZN3cub17_V_300500_SM_10006detail12batch_memcpy17BatchMemcpyKernelINS2_15policy_selectorEN6thrust17_V_300500_SM_100018transform_iteratorIN6detail14repeat_index_tIjEENS6_17counting_iteratorIiNS6_11use_defaultESC_SC_NS6_20__compile_time_valueILi1EEEEESC_SC_EENS7_INS8_20offset_to_iterator_tIjEEPmSC_SC_EENS7_INS8_16offset_to_size_tESF_SC_SC_EEjPN4cuda3__417constant_iteratorIjlEEPPjSJ_SS_jNS0_13ScanTileStateIjLb1EEESV_LNS0_7CopyAlgE1EEEvT0_T1_T2_T3_T4_T5_T6_T7_T9_T10_
    0 bytes stack frame, 0 bytes spill stores, 0 bytes spill loads
ptxas info    : Used 48 registers, used 1 barriers, 9360 bytes smem
ptxas info    : Compile time = 53.052 ms
ptxas info    : Compiling entry function '_ZN3cub17_V_300500_SM_10006detail12batch_memcpy27MultiBlockBatchMemcpyKernelINS2_15policy_selectorEjPN4cuda3__417constant_iteratorItlEEPPtPmPjNS0_13ScanTileStateIjLb1EEEjLNS0_7CopyAlgE1EEEvT1_T2_T3_T4_T5_T6_' for 'sm_100'
ptxas info    : Function properties for _ZN3cub17_V_300500_SM_10006detail12batch_memcpy27MultiBlockBatchMemcpyKernelINS2_15policy_selectorEjPN4cuda3__417constant_iteratorItlEEPPtPmPjNS0_13ScanTileStateIjLb1EEEjLNS0_7CopyAlgE1EEEvT1_T2_T3_T4_T5_T6_
    0 bytes stack frame, 0 bytes spill stores, 0 bytes spill loads
ptxas info    : Used 21 registers, used 1 barriers, 16 bytes smem
ptxas info    : Compile time = 16.150 ms
ptxas info    : Compiling entry function '_ZN3cub17_V_300500_SM_10006detail12batch_memcpy17BatchMemcpyKernelINS2_15policy_selectorEN6thrust17_V_300500_SM_100018transform_iteratorIN6detail14repeat_index_tItEENS6_17counting_iteratorIiNS6_11use_defaultESC_SC_NS6_20__compile_time_valueILi1EEEEESC_SC_EENS7_INS8_20offset_to_iterator_tItEEPmSC_SC_EENS7_INS8_16offset_to_size_tESF_SC_SC_EEjPN4cuda3__417constant_iteratorItlEEPPtSJ_PjjNS0_13ScanTileStateIjLb1EEESW_LNS0_7CopyAlgE1EEEvT0_T1_T2_T3_T4_T5_T6_T7_T9_T10_' for 'sm_100'
ptxas info    : Function properties for _ZN3cub17_V_300500_SM_10006detail12batch_memcpy17BatchMemcpyKernelINS2_15policy_selectorEN6thrust17_V_300500_SM_100018transform_iteratorIN6detail14repeat_index_tItEENS6_17counting_iteratorIiNS6_11use_defaultESC_SC_NS6_20__compile_time_valueILi1EEEEESC_SC_EENS7_INS8_20offset_to_iterator_tItEEPmSC_SC_EENS7_INS8_16offset_to_size_tESF_SC_SC_EEjPN4cuda3__417constant_iteratorItlEEPPtSJ_PjjNS0_13ScanTileStateIjLb1EEESW_LNS0_7CopyAlgE1EEEvT0_T1_T2_T3_T4_T5_T6_T7_T9_T10_
    0 bytes stack frame, 0 bytes spill stores, 0 bytes spill loads
ptxas info    : Used 48 registers, used 1 barriers, 9360 bytes smem
ptxas info    : Compile time = 53.521 ms
ptxas info    : Compiling entry function '_ZN3cub17_V_300500_SM_10006detail12batch_memcpy27MultiBlockBatchMemcpyKernelINS2_15policy_selectorEjPN4cuda3__417constant_iteratorIhlEEPPhPmPjNS0_13ScanTileStateIjLb1EEEjLNS0_7CopyAlgE1EEEvT1_T2_T3_T4_T5_T6_' for 'sm_100'
ptxas info    : Function properties for _ZN3cub17_V_300500_SM_10006detail12batch_memcpy27MultiBlockBatchMemcpyKernelINS2_15policy_selectorEjPN4cuda3__417constant_iteratorIhlEEPPhPmPjNS0_13ScanTileStateIjLb1EEEjLNS0_7CopyAlgE1EEEvT1_T2_T3_T4_T5_T6_
    0 bytes stack frame, 0 bytes spill stores, 0 bytes spill loads
ptxas info    : Used 21 registers, used 1 barriers, 16 bytes smem
ptxas info    : Compile time = 15.802 ms
ptxas info    : Compiling entry function '_ZN3cub17_V_300500_SM_10006detail12batch_memcpy17BatchMemcpyKernelINS2_15policy_selectorEN6thrust17_V_300500_SM_100018transform_iteratorIN6detail14repeat_index_tIhEENS6_17counting_iteratorIiNS6_11use_defaultESC_SC_NS6_20__compile_time_valueILi1EEEEESC_SC_EENS7_INS8_20offset_to_iterator_tIhEEPmSC_SC_EENS7_INS8_16offset_to_size_tESF_SC_SC_EEjPN4cuda3__417constant_iteratorIhlEEPPhSJ_PjjNS0_13ScanTileStateIjLb1EEESW_LNS0_7CopyAlgE1EEEvT0_T1_T2_T3_T4_T5_T6_T7_T9_T10_' for 'sm_100'
ptxas info    : Function properties for _ZN3cub17_V_300500_SM_10006detail12batch_memcpy17BatchMemcpyKernelINS2_15policy_selectorEN6thrust17_V_300500_SM_100018transform_iteratorIN6detail14repeat_index_tIhEENS6_17counting_iteratorIiNS6_11use_defaultESC_SC_NS6_20__compile_time_valueILi1EEEEESC_SC_EENS7_INS8_20offset_to_iterator_tIhEEPmSC_SC_EENS7_INS8_16offset_to_size_tESF_SC_SC_EEjPN4cuda3__417constant_iteratorIhlEEPPhSJ_PjjNS0_13ScanTileStateIjLb1EEESW_LNS0_7CopyAlgE1EEEvT0_T1_T2_T3_T4_T5_T6_T7_T9_T10_
    0 bytes stack frame, 0 bytes spill stores, 0 bytes spill loads
ptxas info    : Used 48 registers, used 1 barriers, 9360 bytes smem
ptxas info    : Compile time = 52.262 ms
ptxas info    : Compiling entry function '_ZN3cub17_V_300500_SM_10006detail12batch_memcpy27MultiBlockBatchMemcpyKernelINS2_15policy_selectorEjPN4cuda3__417constant_iteratorIblEEPPbPmPjNS0_13ScanTileStateIjLb1EEEjLNS0_7CopyAlgE1EEEvT1_T2_T3_T4_T5_T6_' for 'sm_100'
ptxas info    : Function properties for _ZN3cub17_V_300500_SM_10006detail12batch_memcpy27MultiBlockBatchMemcpyKernelINS2_15policy_selectorEjPN4cuda3__417constant_iteratorIblEEPPbPmPjNS0_13ScanTileStateIjLb1EEEjLNS0_7CopyAlgE1EEEvT1_T2_T3_T4_T5_T6_
    0 bytes stack frame, 0 bytes spill stores, 0 bytes spill loads
ptxas info    : Used 21 registers, used 1 barriers, 16 bytes smem
ptxas info    : Compile time = 16.231 ms
ptxas info    : Compiling entry function '_ZN3cub17_V_300500_SM_10006detail12batch_memcpy17BatchMemcpyKernelINS2_15policy_selectorEN6thrust17_V_300500_SM_100018transform_iteratorIN6detail14repeat_index_tIbEENS6_17counting_iteratorIiNS6_11use_defaultESC_SC_NS6_20__compile_time_valueILi1EEEEESC_SC_EENS7_INS8_20offset_to_iterator_tIbEEPmSC_SC_EENS7_INS8_16offset_to_size_tESF_SC_SC_EEjPN4cuda3__417constant_iteratorIblEEPPbSJ_PjjNS0_13ScanTileStateIjLb1EEESW_LNS0_7CopyAlgE1EEEvT0_T1_T2_T3_T4_T5_T6_T7_T9_T10_' for 'sm_100'
ptxas info    : Function properties for _ZN3cub17_V_300500_SM_10006detail12batch_memcpy17BatchMemcpyKernelINS2_15policy_selectorEN6thrust17_V_300500_SM_100018transform_iteratorIN6detail14repeat_index_tIbEENS6_17counting_iteratorIiNS6_11use_defaultESC_SC_NS6_20__compile_time_valueILi1EEEEESC_SC_EENS7_INS8_20offset_to_iterator_tIbEEPmSC_SC_EENS7_INS8_16offset_to_size_tESF_SC_SC_EEjPN4cuda3__417constant_iteratorIblEEPPbSJ_PjjNS0_13ScanTileStateIjLb1EEESW_LNS0_7CopyAlgE1EEEvT0_T1_T2_T3_T4_T5_T6_T7_T9_T10_
    0 bytes stack frame, 0 bytes spill stores, 0 bytes spill loads
ptxas info    : Used 48 registers, used 1 barriers, 9360 bytes smem
ptxas info    : Compile time = 53.280 ms
ptxas info    : Compiling entry function '_ZN3cub17_V_300500_SM_10006detail12batch_memcpy19InitTileStateKernelINS0_13ScanTileStateIjLb1EEES5_jEEvT_T0_T1_' for 'sm_100'
ptxas info    : Function properties for _ZN3cub17_V_300500_SM_10006detail12batch_memcpy19InitTileStateKernelINS0_13ScanTileStateIjLb1EEES5_jEEvT_T0_T1_
    0 bytes stack frame, 0 bytes spill stores, 0 bytes spill loads
ptxas info    : Used 16 registers, used 0 barriers
ptxas info    : Compile time = 1.479 ms
ptxas info    : Compiling entry function '_ZN3cub17_V_300500_SM_10006detail11EmptyKernelIvEEvv' for 'sm_100'
ptxas info    : Function properties for _ZN3cub17_V_300500_SM_10006detail11EmptyKernelIvEEvv
    0 bytes stack frame, 0 bytes spill stores, 0 bytes spill loads
ptxas info    : Used 4 registers, used 0 barriers
ptxas info    : Compile time = 0.456 ms
[44/44] Linking CUDA executable bin/cub.bench.topk.pairs.base
ninja: Entering directory `/cccl_fork/topk_perf/build_by_ref_v2'
[0/2] Re-checking globbed directories...
[1/6] Generate git revision file for nvbench_git_revision
[2/3] Building CUDA object cub/benchmarks/CMakeFiles/cub.bench.topk.keys.base.dir/bench/topk/keys.cu.o
ptxas info    : 124 bytes gmem
ptxas info    : Compiling entry function '_ZN7nvbench6detail11noop_kernelIvEEvv' for 'sm_100'
ptxas info    : Function properties for _ZN7nvbench6detail11noop_kernelIvEEvv
    0 bytes stack frame, 0 bytes spill stores, 0 bytes spill loads
ptxas info    : Used 4 registers, used 0 barriers
ptxas info    : Compile time = 1.708 ms
ptxas info    : Compiling entry function '_ZN3cub17_V_300500_SM_10006detail8for_each13static_kernelINS2_15policy_selectorEmN6thrust17_V_300500_SM_10008cuda_cub20__uninitialized_fill7functorINS6_10device_ptrIdEEdEEEEvT0_T1_' for 'sm_100'
ptxas info    : Function properties for _ZN3cub17_V_300500_SM_10006detail8for_each13static_kernelINS2_15policy_selectorEmN6thrust17_V_300500_SM_10008cuda_cub20__uninitialized_fill7functorINS6_10device_ptrIdEEdEEEEvT0_T1_
    0 bytes stack frame, 0 bytes spill stores, 0 bytes spill loads
ptxas info    : Used 9 registers, used 0 barriers
ptxas info    : Compile time = 2.261 ms
ptxas info    : Compiling entry function '_ZN3cub17_V_300500_SM_10006detail8for_each13static_kernelINS2_15policy_selectorEmN6thrust17_V_300500_SM_10008cuda_cub20__uninitialized_fill7functorINS6_10device_ptrIfEEfEEEEvT0_T1_' for 'sm_100'
ptxas info    : Function properties for _ZN3cub17_V_300500_SM_10006detail8for_each13static_kernelINS2_15policy_selectorEmN6thrust17_V_300500_SM_10008cuda_cub20__uninitialized_fill7functorINS6_10device_ptrIfEEfEEEEvT0_T1_
    0 bytes stack frame, 0 bytes spill stores, 0 bytes spill loads
ptxas info    : Used 8 registers, used 0 barriers
ptxas info    : Compile time = 1.883 ms
ptxas info    : Compiling entry function '_ZN3cub17_V_300500_SM_10006detail8for_each13static_kernelINS2_15policy_selectorEmN6thrust17_V_300500_SM_10008cuda_cub20__uninitialized_fill7functorINS6_10device_ptrInEEnEEEEvT0_T1_' for 'sm_100'
ptxas info    : Function properties for _ZN3cub17_V_300500_SM_10006detail8for_each13static_kernelINS2_15policy_selectorEmN6thrust17_V_300500_SM_10008cuda_cub20__uninitialized_fill7functorINS6_10device_ptrInEEnEEEEvT0_T1_
    0 bytes stack frame, 0 bytes spill stores, 0 bytes spill loads
ptxas info    : Used 11 registers, used 0 barriers
ptxas info    : Compile time = 1.944 ms
ptxas info    : Compiling entry function '_ZN3cub17_V_300500_SM_10006detail8for_each13static_kernelINS2_15policy_selectorEmN6thrust17_V_300500_SM_10008cuda_cub20__uninitialized_fill7functorINS6_10device_ptrIlEElEEEEvT0_T1_' for 'sm_100'
ptxas info    : Function properties for _ZN3cub17_V_300500_SM_10006detail8for_each13static_kernelINS2_15policy_selectorEmN6thrust17_V_300500_SM_10008cuda_cub20__uninitialized_fill7functorINS6_10device_ptrIlEElEEEEvT0_T1_
    0 bytes stack frame, 0 bytes spill stores, 0 bytes spill loads
ptxas info    : Used 9 registers, used 0 barriers
ptxas info    : Compile time = 1.812 ms
ptxas info    : Compiling entry function '_ZN3cub17_V_300500_SM_10006detail8for_each13static_kernelINS2_15policy_selectorEmN6thrust17_V_300500_SM_10008cuda_cub20__uninitialized_fill7functorINS6_10device_ptrIiEEiEEEEvT0_T1_' for 'sm_100'
ptxas info    : Function properties for _ZN3cub17_V_300500_SM_10006detail8for_each13static_kernelINS2_15policy_selectorEmN6thrust17_V_300500_SM_10008cuda_cub20__uninitialized_fill7functorINS6_10device_ptrIiEEiEEEEvT0_T1_
    0 bytes stack frame, 0 bytes spill stores, 0 bytes spill loads
ptxas info    : Used 8 registers, used 0 barriers
ptxas info    : Compile time = 1.790 ms
ptxas info    : Compiling entry function '_ZN3cub17_V_300500_SM_10006detail8for_each13static_kernelINS2_15policy_selectorEmN6thrust17_V_300500_SM_10008cuda_cub20__uninitialized_fill7functorINS6_10device_ptrIsEEsEEEEvT0_T1_' for 'sm_100'
ptxas info    : Function properties for _ZN3cub17_V_300500_SM_10006detail8for_each13static_kernelINS2_15policy_selectorEmN6thrust17_V_300500_SM_10008cuda_cub20__uninitialized_fill7functorINS6_10device_ptrIsEEsEEEEvT0_T1_
    0 bytes stack frame, 0 bytes spill stores, 0 bytes spill loads
ptxas info    : Used 8 registers, used 0 barriers
ptxas info    : Compile time = 1.794 ms
ptxas info    : Compiling entry function '_ZN3cub17_V_300500_SM_10006detail8for_each13static_kernelINS2_15policy_selectorEmN6thrust17_V_300500_SM_10008cuda_cub20__uninitialized_fill7functorINS6_10device_ptrIaEEaEEEEvT0_T1_' for 'sm_100'
ptxas info    : Function properties for _ZN3cub17_V_300500_SM_10006detail8for_each13static_kernelINS2_15policy_selectorEmN6thrust17_V_300500_SM_10008cuda_cub20__uninitialized_fill7functorINS6_10device_ptrIaEEaEEEEvT0_T1_
    0 bytes stack frame, 0 bytes spill stores, 0 bytes spill loads
ptxas info    : Used 10 registers, used 0 barriers
ptxas info    : Compile time = 1.770 ms
ptxas info    : Compiling entry function '_ZN3cub17_V_300500_SM_10006detail12batched_topk44device_segmented_topk_finalize_filter_kernelINS2_26policy_selector_from_typesIdNS0_8NullTypeElLl8388608EEELNS1_4topk6selectE1EN4cuda3__417constant_iteratorIPKdlEENSB_IPdlEEPPS5_SI_NS1_6params13uniform_paramIlLl0ELl268435456EEENSK_IlLl1ELl8388608EEENSK_IlLl1ELl1EEEPljPyNS1_21identity_decomposer_tEjjdEEvT1_T2_T3_T4_T5_T6_T7_T8_PKT9_PNS7_7counterIT14_T12_T13_EEPS14_PS13_PNS9_3std3__415iterator_traitsINS1C_IST_vE10value_typeEvE10value_typeES19_S1H_T10_S14_S14_iiT11_b' for 'sm_100'
ptxas info    : Function properties for _ZN3cub17_V_300500_SM_10006detail12batched_topk44device_segmented_topk_finalize_filter_kernelINS2_26policy_selector_from_typesIdNS0_8NullTypeElLl8388608EEELNS1_4topk6selectE1EN4cuda3__417constant_iteratorIPKdlEENSB_IPdlEEPPS5_SI_NS1_6params13uniform_paramIlLl0ELl268435456EEENSK_IlLl1ELl8388608EEENSK_IlLl1ELl1EEEPljPyNS1_21identity_decomposer_tEjjdEEvT1_T2_T3_T4_T5_T6_T7_T8_PKT9_PNS7_7counterIT14_T12_T13_EEPS14_PS13_PNS9_3std3__415iterator_traitsINS1C_IST_vE10value_typeEvE10value_typeES19_S1H_T10_S14_S14_iiT11_b
    0 bytes stack frame, 0 bytes spill stores, 0 bytes spill loads
ptxas info    : Used 50 registers, used 1 barriers, 8208 bytes smem
ptxas info    : Compile time = 21.965 ms
ptxas info    : Compiling entry function '_ZN3cub17_V_300500_SM_10006detail12batched_topk40device_segmented_topk_last_filter_kernelINS2_26policy_selector_from_typesIdNS0_8NullTypeElLl8388608EEELNS1_4topk6selectE1EN4cuda3__417constant_iteratorIPKdlEENSB_IPdlEEPPS5_SI_NS1_6params13uniform_paramIlLl0ELl268435456EEENSK_IlLl1ELl8388608EEENSK_IlLl1ELl1EEEPljPyNS1_21identity_decomposer_tEjjEEvT1_T2_T3_T4_T5_T6_T7_T8_PKT9_PNS7_7counterINS9_3std3__415iterator_traitsINS15_ISR_vE10value_typeEvE10value_typeET12_T13_EEPS19_PNS15_INS15_IST_vE10value_typeEvE10value_typeES1A_T10_iiT11_' for 'sm_100'
ptxas info    : Function properties for _ZN3cub17_V_300500_SM_10006detail12batched_topk40device_segmented_topk_last_filter_kernelINS2_26policy_selector_from_typesIdNS0_8NullTypeElLl8388608EEELNS1_4topk6selectE1EN4cuda3__417constant_iteratorIPKdlEENSB_IPdlEEPPS5_SI_NS1_6params13uniform_paramIlLl0ELl268435456EEENSK_IlLl1ELl8388608EEENSK_IlLl1ELl1EEEPljPyNS1_21identity_decomposer_tEjjEEvT1_T2_T3_T4_T5_T6_T7_T8_PKT9_PNS7_7counterINS9_3std3__415iterator_traitsINS15_ISR_vE10value_typeEvE10value_typeET12_T13_EEPS19_PNS15_INS15_IST_vE10value_typeEvE10value_typeES1A_T10_iiT11_
    0 bytes stack frame, 0 bytes spill stores, 0 bytes spill loads
ptxas info    : Used 32 registers, used 0 barriers
ptxas info    : Compile time = 20.083 ms
ptxas info    : Compiling entry function '_ZN3cub17_V_300500_SM_10006detail12batched_topk35device_segmented_topk_filter_kernelINS2_26policy_selector_from_typesIdNS0_8NullTypeElLl8388608EEELNS1_4topk6selectE1EN4cuda3__417constant_iteratorIPKdlEENSB_IPdlEEPPS5_SI_NS1_6params13uniform_paramIlLl0ELl268435456EEENSK_IlLl1ELl8388608EEENSK_IlLl1ELl1EEEPljPyNS1_21identity_decomposer_tEjjEEvT1_T2_T3_T4_T5_T6_T7_T8_PKT9_PNS7_7counterINS9_3std3__415iterator_traitsINS15_ISR_vE10value_typeEvE10value_typeET12_T13_EEPS1A_PS19_PNS15_INS15_IST_vE10value_typeEvE10value_typeES1F_S1K_S1A_S1A_T10_iibT11_' for 'sm_100'
ptxas info    : Function properties for _ZN3cub17_V_300500_SM_10006detail12batched_topk35device_segmented_topk_filter_kernelINS2_26policy_selector_from_typesIdNS0_8NullTypeElLl8388608EEELNS1_4topk6selectE1EN4cuda3__417constant_iteratorIPKdlEENSB_IPdlEEPPS5_SI_NS1_6params13uniform_paramIlLl0ELl268435456EEENSK_IlLl1ELl8388608EEENSK_IlLl1ELl1EEEPljPyNS1_21identity_decomposer_tEjjEEvT1_T2_T3_T4_T5_T6_T7_T8_PKT9_PNS7_7counterINS9_3std3__415iterator_traitsINS15_ISR_vE10value_typeEvE10value_typeET12_T13_EEPS1A_PS19_PNS15_INS15_IST_vE10value_typeEvE10value_typeES1F_S1K_S1A_S1A_T10_iibT11_
    0 bytes stack frame, 0 bytes spill stores, 0 bytes spill loads
ptxas info    : Used 36 registers, used 1 barriers, 8196 bytes smem
ptxas info    : Compile time = 20.349 ms
ptxas info    : Compiling entry function '_ZN3cub17_V_300500_SM_10006detail12batched_topk47device_segmented_topk_finalize_histogram_kernelINS2_26policy_selector_from_typesIdNS0_8NullTypeElLl8388608EEEN4cuda3__417constant_iteratorIPKdlEENS1_6params13uniform_paramIlLl0ELl268435456EEENSE_IlLl1ELl8388608EEENSE_IlLl1ELl1EEEPlPyNS1_4topk16extract_bin_op_tIdLNSK_6selectE1ELi11ENS1_21identity_decomposer_tELb1EEEjjdEEvT0_T1_T2_T3_T4_PNSK_7counterIT9_T7_T8_EEPSW_T5_T6_ib' for 'sm_100'
ptxas info    : Function properties for _ZN3cub17_V_300500_SM_10006detail12batched_topk47device_segmented_topk_finalize_histogram_kernelINS2_26policy_selector_from_typesIdNS0_8NullTypeElLl8388608EEEN4cuda3__417constant_iteratorIPKdlEENS1_6params13uniform_paramIlLl0ELl268435456EEENSE_IlLl1ELl8388608EEENSE_IlLl1ELl1EEEPlPyNS1_4topk16extract_bin_op_tIdLNSK_6selectE1ELi11ENS1_21identity_decomposer_tELb1EEEjjdEEvT0_T1_T2_T3_T4_PNSK_7counterIT9_T7_T8_EEPSW_T5_T6_ib
    0 bytes stack frame, 0 bytes spill stores, 0 bytes spill loads
ptxas info    : Used 40 registers, used 1 barriers, 8192 bytes smem
ptxas info    : Compile time = 9.803 ms
ptxas info    : Compiling entry function '_ZN3cub17_V_300500_SM_10006detail12batched_topk38device_segmented_topk_histogram_kernelINS2_26policy_selector_from_typesIdNS0_8NullTypeElLl8388608EEEN4cuda3__417constant_iteratorIPKdlEENS1_6params13uniform_paramIlLl0ELl268435456EEENSE_IlLl1ELl8388608EEENSE_IlLl1ELl1EEEPljPyNS1_4topk16extract_bin_op_tIdLNSK_6selectE1ELi11ENS1_21identity_decomposer_tELb1EEEjjjEEvT0_T1_T2_T3_T4_PKT5_PNSK_7counterINS7_3std3__415iterator_traitsINS10_ISP_vE10value_typeEvE10value_typeET8_T9_EEPS15_T6_T7_' for 'sm_100'
ptxas info    : Function properties for _ZN3cub17_V_300500_SM_10006detail12batched_topk38device_segmented_topk_histogram_kernelINS2_26policy_selector_from_typesIdNS0_8NullTypeElLl8388608EEEN4cuda3__417constant_iteratorIPKdlEENS1_6params13uniform_paramIlLl0ELl268435456EEENSE_IlLl1ELl8388608EEENSE_IlLl1ELl1EEEPljPyNS1_4topk16extract_bin_op_tIdLNSK_6selectE1ELi11ENS1_21identity_decomposer_tELb1EEEjjjEEvT0_T1_T2_T3_T4_PKT5_PNSK_7counterINS7_3std3__415iterator_traitsINS10_ISP_vE10value_typeEvE10value_typeET8_T9_EEPS15_T6_T7_
    0 bytes stack frame, 0 bytes spill stores, 0 bytes spill loads
ptxas info    : Used 32 registers, used 1 barriers, 8240 bytes smem
ptxas info    : Compile time = 22.509 ms
ptxas info    : Compiling entry function '_ZN3cub17_V_300500_SM_10006detail12batched_topk44device_segmented_topk_finalize_filter_kernelINS2_26policy_selector_from_typesIdNS0_8NullTypeElLl8388608EEELNS1_4topk6selectE0EN4cuda3__417constant_iteratorIPKdlEENSB_IPdlEEPPS5_SI_NS1_6params13uniform_paramIlLl0ELl268435456EEENSK_IlLl1ELl8388608EEENSK_IlLl1ELl1EEEPljPyNS1_21identity_decomposer_tEjjdEEvT1_T2_T3_T4_T5_T6_T7_T8_PKT9_PNS7_7counterIT14_T12_T13_EEPS14_PS13_PNS9_3std3__415iterator_traitsINS1C_IST_vE10value_typeEvE10value_typeES19_S1H_T10_S14_S14_iiT11_b' for 'sm_100'
ptxas info    : Function properties for _ZN3cub17_V_300500_SM_10006detail12batched_topk44device_segmented_topk_finalize_filter_kernelINS2_26policy_selector_from_typesIdNS0_8NullTypeElLl8388608EEELNS1_4topk6selectE0EN4cuda3__417constant_iteratorIPKdlEENSB_IPdlEEPPS5_SI_NS1_6params13uniform_paramIlLl0ELl268435456EEENSK_IlLl1ELl8388608EEENSK_IlLl1ELl1EEEPljPyNS1_21identity_decomposer_tEjjdEEvT1_T2_T3_T4_T5_T6_T7_T8_PKT9_PNS7_7counterIT14_T12_T13_EEPS14_PS13_PNS9_3std3__415iterator_traitsINS1C_IST_vE10value_typeEvE10value_typeES19_S1H_T10_S14_S14_iiT11_b
    0 bytes stack frame, 0 bytes spill stores, 0 bytes spill loads
ptxas info    : Used 50 registers, used 1 barriers, 8208 bytes smem
ptxas info    : Compile time = 21.630 ms
ptxas info    : Compiling entry function '_ZN3cub17_V_300500_SM_10006detail12batched_topk40device_segmented_topk_last_filter_kernelINS2_26policy_selector_from_typesIdNS0_8NullTypeElLl8388608EEELNS1_4topk6selectE0EN4cuda3__417constant_iteratorIPKdlEENSB_IPdlEEPPS5_SI_NS1_6params13uniform_paramIlLl0ELl268435456EEENSK_IlLl1ELl8388608EEENSK_IlLl1ELl1EEEPljPyNS1_21identity_decomposer_tEjjEEvT1_T2_T3_T4_T5_T6_T7_T8_PKT9_PNS7_7counterINS9_3std3__415iterator_traitsINS15_ISR_vE10value_typeEvE10value_typeET12_T13_EEPS19_PNS15_INS15_IST_vE10value_typeEvE10value_typeES1A_T10_iiT11_' for 'sm_100'
ptxas info    : Function properties for _ZN3cub17_V_300500_SM_10006detail12batched_topk40device_segmented_topk_last_filter_kernelINS2_26policy_selector_from_typesIdNS0_8NullTypeElLl8388608EEELNS1_4topk6selectE0EN4cuda3__417constant_iteratorIPKdlEENSB_IPdlEEPPS5_SI_NS1_6params13uniform_paramIlLl0ELl268435456EEENSK_IlLl1ELl8388608EEENSK_IlLl1ELl1EEEPljPyNS1_21identity_decomposer_tEjjEEvT1_T2_T3_T4_T5_T6_T7_T8_PKT9_PNS7_7counterINS9_3std3__415iterator_traitsINS15_ISR_vE10value_typeEvE10value_typeET12_T13_EEPS19_PNS15_INS15_IST_vE10value_typeEvE10value_typeES1A_T10_iiT11_
    0 bytes stack frame, 0 bytes spill stores, 0 bytes spill loads
ptxas info    : Used 36 registers, used 0 barriers
ptxas info    : Compile time = 20.177 ms
ptxas info    : Compiling entry function '_ZN3cub17_V_300500_SM_10006detail12batched_topk35device_segmented_topk_filter_kernelINS2_26policy_selector_from_typesIdNS0_8NullTypeElLl8388608EEELNS1_4topk6selectE0EN4cuda3__417constant_iteratorIPKdlEENSB_IPdlEEPPS5_SI_NS1_6params13uniform_paramIlLl0ELl268435456EEENSK_IlLl1ELl8388608EEENSK_IlLl1ELl1EEEPljPyNS1_21identity_decomposer_tEjjEEvT1_T2_T3_T4_T5_T6_T7_T8_PKT9_PNS7_7counterINS9_3std3__415iterator_traitsINS15_ISR_vE10value_typeEvE10value_typeET12_T13_EEPS1A_PS19_PNS15_INS15_IST_vE10value_typeEvE10value_typeES1F_S1K_S1A_S1A_T10_iibT11_' for 'sm_100'
ptxas info    : Function properties for _ZN3cub17_V_300500_SM_10006detail12batched_topk35device_segmented_topk_filter_kernelINS2_26policy_selector_from_typesIdNS0_8NullTypeElLl8388608EEELNS1_4topk6selectE0EN4cuda3__417constant_iteratorIPKdlEENSB_IPdlEEPPS5_SI_NS1_6params13uniform_paramIlLl0ELl268435456EEENSK_IlLl1ELl8388608EEENSK_IlLl1ELl1EEEPljPyNS1_21identity_decomposer_tEjjEEvT1_T2_T3_T4_T5_T6_T7_T8_PKT9_PNS7_7counterINS9_3std3__415iterator_traitsINS15_ISR_vE10value_typeEvE10value_typeET12_T13_EEPS1A_PS19_PNS15_INS15_IST_vE10value_typeEvE10value_typeES1F_S1K_S1A_S1A_T10_iibT11_
    0 bytes stack frame, 0 bytes spill stores, 0 bytes spill loads
ptxas info    : Used 36 registers, used 1 barriers, 8196 bytes smem
ptxas info    : Compile time = 20.422 ms
ptxas info    : Compiling entry function '_ZN3cub17_V_300500_SM_10006detail12batched_topk47device_segmented_topk_finalize_histogram_kernelINS2_26policy_selector_from_typesIdNS0_8NullTypeElLl8388608EEEN4cuda3__417constant_iteratorIPKdlEENS1_6params13uniform_paramIlLl0ELl268435456EEENSE_IlLl1ELl8388608EEENSE_IlLl1ELl1EEEPlPyNS1_4topk16extract_bin_op_tIdLNSK_6selectE0ELi11ENS1_21identity_decomposer_tELb1EEEjjdEEvT0_T1_T2_T3_T4_PNSK_7counterIT9_T7_T8_EEPSW_T5_T6_ib' for 'sm_100'
ptxas info    : Function properties for _ZN3cub17_V_300500_SM_10006detail12batched_topk47device_segmented_topk_finalize_histogram_kernelINS2_26policy_selector_from_typesIdNS0_8NullTypeElLl8388608EEEN4cuda3__417constant_iteratorIPKdlEENS1_6params13uniform_paramIlLl0ELl268435456EEENSE_IlLl1ELl8388608EEENSE_IlLl1ELl1EEEPlPyNS1_4topk16extract_bin_op_tIdLNSK_6selectE0ELi11ENS1_21identity_decomposer_tELb1EEEjjdEEvT0_T1_T2_T3_T4_PNSK_7counterIT9_T7_T8_EEPSW_T5_T6_ib
    0 bytes stack frame, 0 bytes spill stores, 0 bytes spill loads
ptxas info    : Used 40 registers, used 1 barriers, 8192 bytes smem
ptxas info    : Compile time = 9.490 ms
ptxas info    : Compiling entry function '_ZN3cub17_V_300500_SM_10006detail12batched_topk38device_segmented_topk_histogram_kernelINS2_26policy_selector_from_typesIdNS0_8NullTypeElLl8388608EEEN4cuda3__417constant_iteratorIPKdlEENS1_6params13uniform_paramIlLl0ELl268435456EEENSE_IlLl1ELl8388608EEENSE_IlLl1ELl1EEEPljPyNS1_4topk16extract_bin_op_tIdLNSK_6selectE0ELi11ENS1_21identity_decomposer_tELb1EEEjjjEEvT0_T1_T2_T3_T4_PKT5_PNSK_7counterINS7_3std3__415iterator_traitsINS10_ISP_vE10value_typeEvE10value_typeET8_T9_EEPS15_T6_T7_' for 'sm_100'
ptxas info    : Function properties for _ZN3cub17_V_300500_SM_10006detail12batched_topk38device_segmented_topk_histogram_kernelINS2_26policy_selector_from_typesIdNS0_8NullTypeElLl8388608EEEN4cuda3__417constant_iteratorIPKdlEENS1_6params13uniform_paramIlLl0ELl268435456EEENSE_IlLl1ELl8388608EEENSE_IlLl1ELl1EEEPljPyNS1_4topk16extract_bin_op_tIdLNSK_6selectE0ELi11ENS1_21identity_decomposer_tELb1EEEjjjEEvT0_T1_T2_T3_T4_PKT5_PNSK_7counterINS7_3std3__415iterator_traitsINS10_ISP_vE10value_typeEvE10value_typeET8_T9_EEPS15_T6_T7_
    0 bytes stack frame, 0 bytes spill stores, 0 bytes spill loads
ptxas info    : Used 32 registers, used 1 barriers, 8240 bytes smem
ptxas info    : Compile time = 22.927 ms
ptxas info    : Compiling entry function '_ZN3cub17_V_300500_SM_10006detail12batched_topk28device_segmented_topk_kernelINS2_26policy_selector_from_typesIdNS0_8NullTypeElLl8388608EEEN4cuda3__417constant_iteratorIPKdlEENS9_IPdlEEPPS5_SG_NS1_6params13uniform_paramIlLl0ELl268435456EEENSI_IlLl1ELl8388608EEENSH_22uniform_discrete_paramINS1_4topk6selectEJLSN_1EEEENSI_IlLl1ELl1EEEjEEvT0_T1_T2_T3_T4_T5_T6_T7_PNS2_21batched_topk_countersINSX_10value_typeEEEPSZ_PT8_' for 'sm_100'
ptxas info    : Function properties for _ZN3cub17_V_300500_SM_10006detail12batched_topk28device_segmented_topk_kernelINS2_26policy_selector_from_typesIdNS0_8NullTypeElLl8388608EEEN4cuda3__417constant_iteratorIPKdlEENS9_IPdlEEPPS5_SG_NS1_6params13uniform_paramIlLl0ELl268435456EEENSI_IlLl1ELl8388608EEENSH_22uniform_discrete_paramINS1_4topk6selectEJLSN_1EEEENSI_IlLl1ELl1EEEjEEvT0_T1_T2_T3_T4_T5_T6_T7_PNS2_21batched_topk_countersINSX_10value_typeEEEPSZ_PT8_
    0 bytes stack frame, 0 bytes spill stores, 0 bytes spill loads
ptxas info    : Used 128 registers, used 1 barriers, 33808 bytes smem
ptxas info    : Compile time = 60.817 ms
ptxas info    : Compiling entry function '_ZN3cub17_V_300500_SM_10006detail12batched_topk44device_segmented_topk_finalize_filter_kernelINS2_26policy_selector_from_typesIfNS0_8NullTypeElLl8388608EEELNS1_4topk6selectE1EN4cuda3__417constant_iteratorIPKflEENSB_IPflEEPPS5_SI_NS1_6params13uniform_paramIlLl0ELl268435456EEENSK_IlLl1ELl8388608EEENSK_IlLl1ELl1EEEPljPyNS1_21identity_decomposer_tEjjfEEvT1_T2_T3_T4_T5_T6_T7_T8_PKT9_PNS7_7counterIT14_T12_T13_EEPS14_PS13_PNS9_3std3__415iterator_traitsINS1C_IST_vE10value_typeEvE10value_typeES19_S1H_T10_S14_S14_iiT11_b' for 'sm_100'
ptxas info    : Function properties for _ZN3cub17_V_300500_SM_10006detail12batched_topk44device_segmented_topk_finalize_filter_kernelINS2_26policy_selector_from_typesIfNS0_8NullTypeElLl8388608EEELNS1_4topk6selectE1EN4cuda3__417constant_iteratorIPKflEENSB_IPflEEPPS5_SI_NS1_6params13uniform_paramIlLl0ELl268435456EEENSK_IlLl1ELl8388608EEENSK_IlLl1ELl1EEEPljPyNS1_21identity_decomposer_tEjjfEEvT1_T2_T3_T4_T5_T6_T7_T8_PKT9_PNS7_7counterIT14_T12_T13_EEPS14_PS13_PNS9_3std3__415iterator_traitsINS1C_IST_vE10value_typeEvE10value_typeES19_S1H_T10_S14_S14_iiT11_b
    0 bytes stack frame, 0 bytes spill stores, 0 bytes spill loads
ptxas info    : Used 48 registers, used 1 barriers, 8208 bytes smem
ptxas info    : Compile time = 24.066 ms
ptxas info    : Compiling entry function '_ZN3cub17_V_300500_SM_10006detail12batched_topk40device_segmented_topk_last_filter_kernelINS2_26policy_selector_from_typesIfNS0_8NullTypeElLl8388608EEELNS1_4topk6selectE1EN4cuda3__417constant_iteratorIPKflEENSB_IPflEEPPS5_SI_NS1_6params13uniform_paramIlLl0ELl268435456EEENSK_IlLl1ELl8388608EEENSK_IlLl1ELl1EEEPljPyNS1_21identity_decomposer_tEjjEEvT1_T2_T3_T4_T5_T6_T7_T8_PKT9_PNS7_7counterINS9_3std3__415iterator_traitsINS15_ISR_vE10value_typeEvE10value_typeET12_T13_EEPS19_PNS15_INS15_IST_vE10value_typeEvE10value_typeES1A_T10_iiT11_' for 'sm_100'
ptxas info    : Function properties for _ZN3cub17_V_300500_SM_10006detail12batched_topk40device_segmented_topk_last_filter_kernelINS2_26policy_selector_from_typesIfNS0_8NullTypeElLl8388608EEELNS1_4topk6selectE1EN4cuda3__417constant_iteratorIPKflEENSB_IPflEEPPS5_SI_NS1_6params13uniform_paramIlLl0ELl268435456EEENSK_IlLl1ELl8388608EEENSK_IlLl1ELl1EEEPljPyNS1_21identity_decomposer_tEjjEEvT1_T2_T3_T4_T5_T6_T7_T8_PKT9_PNS7_7counterINS9_3std3__415iterator_traitsINS15_ISR_vE10value_typeEvE10value_typeET12_T13_EEPS19_PNS15_INS15_IST_vE10value_typeEvE10value_typeES1A_T10_iiT11_
    0 bytes stack frame, 0 bytes spill stores, 0 bytes spill loads
ptxas info    : Used 32 registers, used 0 barriers
ptxas info    : Compile time = 27.056 ms
ptxas info    : Compiling entry function '_ZN3cub17_V_300500_SM_10006detail12batched_topk35device_segmented_topk_filter_kernelINS2_26policy_selector_from_typesIfNS0_8NullTypeElLl8388608EEELNS1_4topk6selectE1EN4cuda3__417constant_iteratorIPKflEENSB_IPflEEPPS5_SI_NS1_6params13uniform_paramIlLl0ELl268435456EEENSK_IlLl1ELl8388608EEENSK_IlLl1ELl1EEEPljPyNS1_21identity_decomposer_tEjjEEvT1_T2_T3_T4_T5_T6_T7_T8_PKT9_PNS7_7counterINS9_3std3__415iterator_traitsINS15_ISR_vE10value_typeEvE10value_typeET12_T13_EEPS1A_PS19_PNS15_INS15_IST_vE10value_typeEvE10value_typeES1F_S1K_S1A_S1A_T10_iibT11_' for 'sm_100'
ptxas info    : Function properties for _ZN3cub17_V_300500_SM_10006detail12batched_topk35device_segmented_topk_filter_kernelINS2_26policy_selector_from_typesIfNS0_8NullTypeElLl8388608EEELNS1_4topk6selectE1EN4cuda3__417constant_iteratorIPKflEENSB_IPflEEPPS5_SI_NS1_6params13uniform_paramIlLl0ELl268435456EEENSK_IlLl1ELl8388608EEENSK_IlLl1ELl1EEEPljPyNS1_21identity_decomposer_tEjjEEvT1_T2_T3_T4_T5_T6_T7_T8_PKT9_PNS7_7counterINS9_3std3__415iterator_traitsINS15_ISR_vE10value_typeEvE10value_typeET12_T13_EEPS1A_PS19_PNS15_INS15_IST_vE10value_typeEvE10value_typeES1F_S1K_S1A_S1A_T10_iibT11_
    0 bytes stack frame, 0 bytes spill stores, 0 bytes spill loads
ptxas info    : Used 32 registers, used 1 barriers, 8196 bytes smem
ptxas info    : Compile time = 24.199 ms
ptxas info    : Compiling entry function '_ZN3cub17_V_300500_SM_10006detail12batched_topk47device_segmented_topk_finalize_histogram_kernelINS2_26policy_selector_from_typesIfNS0_8NullTypeElLl8388608EEEN4cuda3__417constant_iteratorIPKflEENS1_6params13uniform_paramIlLl0ELl268435456EEENSE_IlLl1ELl8388608EEENSE_IlLl1ELl1EEEPlPyNS1_4topk16extract_bin_op_tIfLNSK_6selectE1ELi11ENS1_21identity_decomposer_tELb1EEEjjfEEvT0_T1_T2_T3_T4_PNSK_7counterIT9_T7_T8_EEPSW_T5_T6_ib' for 'sm_100'
ptxas info    : Function properties for _ZN3cub17_V_300500_SM_10006detail12batched_topk47device_segmented_topk_finalize_histogram_kernelINS2_26policy_selector_from_typesIfNS0_8NullTypeElLl8388608EEEN4cuda3__417constant_iteratorIPKflEENS1_6params13uniform_paramIlLl0ELl268435456EEENSE_IlLl1ELl8388608EEENSE_IlLl1ELl1EEEPlPyNS1_4topk16extract_bin_op_tIfLNSK_6selectE1ELi11ENS1_21identity_decomposer_tELb1EEEjjfEEvT0_T1_T2_T3_T4_PNSK_7counterIT9_T7_T8_EEPSW_T5_T6_ib
    0 bytes stack frame, 0 bytes spill stores, 0 bytes spill loads
ptxas info    : Used 40 registers, used 1 barriers, 8192 bytes smem
ptxas info    : Compile time = 10.013 ms
ptxas info    : Compiling entry function '_ZN3cub17_V_300500_SM_10006detail12batched_topk38device_segmented_topk_histogram_kernelINS2_26policy_selector_from_typesIfNS0_8NullTypeElLl8388608EEEN4cuda3__417constant_iteratorIPKflEENS1_6params13uniform_paramIlLl0ELl268435456EEENSE_IlLl1ELl8388608EEENSE_IlLl1ELl1EEEPljPyNS1_4topk16extract_bin_op_tIfLNSK_6selectE1ELi11ENS1_21identity_decomposer_tELb1EEEjjjEEvT0_T1_T2_T3_T4_PKT5_PNSK_7counterINS7_3std3__415iterator_traitsINS10_ISP_vE10value_typeEvE10value_typeET8_T9_EEPS15_T6_T7_' for 'sm_100'
ptxas info    : Function properties for _ZN3cub17_V_300500_SM_10006detail12batched_topk38device_segmented_topk_histogram_kernelINS2_26policy_selector_from_typesIfNS0_8NullTypeElLl8388608EEEN4cuda3__417constant_iteratorIPKflEENS1_6params13uniform_paramIlLl0ELl268435456EEENSE_IlLl1ELl8388608EEENSE_IlLl1ELl1EEEPljPyNS1_4topk16extract_bin_op_tIfLNSK_6selectE1ELi11ENS1_21identity_decomposer_tELb1EEEjjjEEvT0_T1_T2_T3_T4_PKT5_PNSK_7counterINS7_3std3__415iterator_traitsINS10_ISP_vE10value_typeEvE10value_typeET8_T9_EEPS15_T6_T7_
    0 bytes stack frame, 0 bytes spill stores, 0 bytes spill loads
ptxas info    : Used 29 registers, used 1 barriers, 8240 bytes smem
ptxas info    : Compile time = 26.950 ms
ptxas info    : Compiling entry function '_ZN3cub17_V_300500_SM_10006detail12batched_topk44device_segmented_topk_finalize_filter_kernelINS2_26policy_selector_from_typesIfNS0_8NullTypeElLl8388608EEELNS1_4topk6selectE0EN4cuda3__417constant_iteratorIPKflEENSB_IPflEEPPS5_SI_NS1_6params13uniform_paramIlLl0ELl268435456EEENSK_IlLl1ELl8388608EEENSK_IlLl1ELl1EEEPljPyNS1_21identity_decomposer_tEjjfEEvT1_T2_T3_T4_T5_T6_T7_T8_PKT9_PNS7_7counterIT14_T12_T13_EEPS14_PS13_PNS9_3std3__415iterator_traitsINS1C_IST_vE10value_typeEvE10value_typeES19_S1H_T10_S14_S14_iiT11_b' for 'sm_100'
ptxas info    : Function properties for _ZN3cub17_V_300500_SM_10006detail12batched_topk44device_segmented_topk_finalize_filter_kernelINS2_26policy_selector_from_typesIfNS0_8NullTypeElLl8388608EEELNS1_4topk6selectE0EN4cuda3__417constant_iteratorIPKflEENSB_IPflEEPPS5_SI_NS1_6params13uniform_paramIlLl0ELl268435456EEENSK_IlLl1ELl8388608EEENSK_IlLl1ELl1EEEPljPyNS1_21identity_decomposer_tEjjfEEvT1_T2_T3_T4_T5_T6_T7_T8_PKT9_PNS7_7counterIT14_T12_T13_EEPS14_PS13_PNS9_3std3__415iterator_traitsINS1C_IST_vE10value_typeEvE10value_typeES19_S1H_T10_S14_S14_iiT11_b
    0 bytes stack frame, 0 bytes spill stores, 0 bytes spill loads
ptxas info    : Used 48 registers, used 1 barriers, 8208 bytes smem
ptxas info    : Compile time = 24.239 ms
ptxas info    : Compiling entry function '_ZN3cub17_V_300500_SM_10006detail12batched_topk40device_segmented_topk_last_filter_kernelINS2_26policy_selector_from_typesIfNS0_8NullTypeElLl8388608EEELNS1_4topk6selectE0EN4cuda3__417constant_iteratorIPKflEENSB_IPflEEPPS5_SI_NS1_6params13uniform_paramIlLl0ELl268435456EEENSK_IlLl1ELl8388608EEENSK_IlLl1ELl1EEEPljPyNS1_21identity_decomposer_tEjjEEvT1_T2_T3_T4_T5_T6_T7_T8_PKT9_PNS7_7counterINS9_3std3__415iterator_traitsINS15_ISR_vE10value_typeEvE10value_typeET12_T13_EEPS19_PNS15_INS15_IST_vE10value_typeEvE10value_typeES1A_T10_iiT11_' for 'sm_100'
ptxas info    : Function properties for _ZN3cub17_V_300500_SM_10006detail12batched_topk40device_segmented_topk_last_filter_kernelINS2_26policy_selector_from_typesIfNS0_8NullTypeElLl8388608EEELNS1_4topk6selectE0EN4cuda3__417constant_iteratorIPKflEENSB_IPflEEPPS5_SI_NS1_6params13uniform_paramIlLl0ELl268435456EEENSK_IlLl1ELl8388608EEENSK_IlLl1ELl1EEEPljPyNS1_21identity_decomposer_tEjjEEvT1_T2_T3_T4_T5_T6_T7_T8_PKT9_PNS7_7counterINS9_3std3__415iterator_traitsINS15_ISR_vE10value_typeEvE10value_typeET12_T13_EEPS19_PNS15_INS15_IST_vE10value_typeEvE10value_typeES1A_T10_iiT11_
    0 bytes stack frame, 0 bytes spill stores, 0 bytes spill loads
ptxas info    : Used 32 registers, used 0 barriers
ptxas info    : Compile time = 27.211 ms
ptxas info    : Compiling entry function '_ZN3cub17_V_300500_SM_10006detail12batched_topk35device_segmented_topk_filter_kernelINS2_26policy_selector_from_typesIfNS0_8NullTypeElLl8388608EEELNS1_4topk6selectE0EN4cuda3__417constant_iteratorIPKflEENSB_IPflEEPPS5_SI_NS1_6params13uniform_paramIlLl0ELl268435456EEENSK_IlLl1ELl8388608EEENSK_IlLl1ELl1EEEPljPyNS1_21identity_decomposer_tEjjEEvT1_T2_T3_T4_T5_T6_T7_T8_PKT9_PNS7_7counterINS9_3std3__415iterator_traitsINS15_ISR_vE10value_typeEvE10value_typeET12_T13_EEPS1A_PS19_PNS15_INS15_IST_vE10value_typeEvE10value_typeES1F_S1K_S1A_S1A_T10_iibT11_' for 'sm_100'
ptxas info    : Function properties for _ZN3cub17_V_300500_SM_10006detail12batched_topk35device_segmented_topk_filter_kernelINS2_26policy_selector_from_typesIfNS0_8NullTypeElLl8388608EEELNS1_4topk6selectE0EN4cuda3__417constant_iteratorIPKflEENSB_IPflEEPPS5_SI_NS1_6params13uniform_paramIlLl0ELl268435456EEENSK_IlLl1ELl8388608EEENSK_IlLl1ELl1EEEPljPyNS1_21identity_decomposer_tEjjEEvT1_T2_T3_T4_T5_T6_T7_T8_PKT9_PNS7_7counterINS9_3std3__415iterator_traitsINS15_ISR_vE10value_typeEvE10value_typeET12_T13_EEPS1A_PS19_PNS15_INS15_IST_vE10value_typeEvE10value_typeES1F_S1K_S1A_S1A_T10_iibT11_
    0 bytes stack frame, 0 bytes spill stores, 0 bytes spill loads
ptxas info    : Used 32 registers, used 1 barriers, 8196 bytes smem
ptxas info    : Compile time = 23.683 ms
ptxas info    : Compiling entry function '_ZN3cub17_V_300500_SM_10006detail12batched_topk47device_segmented_topk_finalize_histogram_kernelINS2_26policy_selector_from_typesIfNS0_8NullTypeElLl8388608EEEN4cuda3__417constant_iteratorIPKflEENS1_6params13uniform_paramIlLl0ELl268435456EEENSE_IlLl1ELl8388608EEENSE_IlLl1ELl1EEEPlPyNS1_4topk16extract_bin_op_tIfLNSK_6selectE0ELi11ENS1_21identity_decomposer_tELb1EEEjjfEEvT0_T1_T2_T3_T4_PNSK_7counterIT9_T7_T8_EEPSW_T5_T6_ib' for 'sm_100'
ptxas info    : Function properties for _ZN3cub17_V_300500_SM_10006detail12batched_topk47device_segmented_topk_finalize_histogram_kernelINS2_26policy_selector_from_typesIfNS0_8NullTypeElLl8388608EEEN4cuda3__417constant_iteratorIPKflEENS1_6params13uniform_paramIlLl0ELl268435456EEENSE_IlLl1ELl8388608EEENSE_IlLl1ELl1EEEPlPyNS1_4topk16extract_bin_op_tIfLNSK_6selectE0ELi11ENS1_21identity_decomposer_tELb1EEEjjfEEvT0_T1_T2_T3_T4_PNSK_7counterIT9_T7_T8_EEPSW_T5_T6_ib
    0 bytes stack frame, 0 bytes spill stores, 0 bytes spill loads
ptxas info    : Used 40 registers, used 1 barriers, 8192 bytes smem
ptxas info    : Compile time = 10.062 ms
ptxas info    : Compiling entry function '_ZN3cub17_V_300500_SM_10006detail12batched_topk38device_segmented_topk_histogram_kernelINS2_26policy_selector_from_typesIfNS0_8NullTypeElLl8388608EEEN4cuda3__417constant_iteratorIPKflEENS1_6params13uniform_paramIlLl0ELl268435456EEENSE_IlLl1ELl8388608EEENSE_IlLl1ELl1EEEPljPyNS1_4topk16extract_bin_op_tIfLNSK_6selectE0ELi11ENS1_21identity_decomposer_tELb1EEEjjjEEvT0_T1_T2_T3_T4_PKT5_PNSK_7counterINS7_3std3__415iterator_traitsINS10_ISP_vE10value_typeEvE10value_typeET8_T9_EEPS15_T6_T7_' for 'sm_100'
ptxas info    : Function properties for _ZN3cub17_V_300500_SM_10006detail12batched_topk38device_segmented_topk_histogram_kernelINS2_26policy_selector_from_typesIfNS0_8NullTypeElLl8388608EEEN4cuda3__417constant_iteratorIPKflEENS1_6params13uniform_paramIlLl0ELl268435456EEENSE_IlLl1ELl8388608EEENSE_IlLl1ELl1EEEPljPyNS1_4topk16extract_bin_op_tIfLNSK_6selectE0ELi11ENS1_21identity_decomposer_tELb1EEEjjjEEvT0_T1_T2_T3_T4_PKT5_PNSK_7counterINS7_3std3__415iterator_traitsINS10_ISP_vE10value_typeEvE10value_typeET8_T9_EEPS15_T6_T7_
    0 bytes stack frame, 0 bytes spill stores, 0 bytes spill loads
ptxas info    : Used 30 registers, used 1 barriers, 8240 bytes smem
ptxas info    : Compile time = 27.191 ms
ptxas info    : Compiling entry function '_ZN3cub17_V_300500_SM_10006detail12batched_topk28device_segmented_topk_kernelINS2_26policy_selector_from_typesIfNS0_8NullTypeElLl8388608EEEN4cuda3__417constant_iteratorIPKflEENS9_IPflEEPPS5_SG_NS1_6params13uniform_paramIlLl0ELl268435456EEENSI_IlLl1ELl8388608EEENSH_22uniform_discrete_paramINS1_4topk6selectEJLSN_1EEEENSI_IlLl1ELl1EEEjEEvT0_T1_T2_T3_T4_T5_T6_T7_PNS2_21batched_topk_countersINSX_10value_typeEEEPSZ_PT8_' for 'sm_100'
ptxas info    : Function properties for _ZN3cub17_V_300500_SM_10006detail12batched_topk28device_segmented_topk_kernelINS2_26policy_selector_from_typesIfNS0_8NullTypeElLl8388608EEEN4cuda3__417constant_iteratorIPKflEENS9_IPflEEPPS5_SG_NS1_6params13uniform_paramIlLl0ELl268435456EEENSI_IlLl1ELl8388608EEENSH_22uniform_discrete_paramINS1_4topk6selectEJLSN_1EEEENSI_IlLl1ELl1EEEjEEvT0_T1_T2_T3_T4_T5_T6_T7_PNS2_21batched_topk_countersINSX_10value_typeEEEPSZ_PT8_
    0 bytes stack frame, 0 bytes spill stores, 0 bytes spill loads
ptxas info    : Used 166 registers, used 1 barriers, 33808 bytes smem
ptxas info    : Compile time = 88.650 ms
ptxas info    : Compiling entry function '_ZN3cub17_V_300500_SM_10006detail12batched_topk44device_segmented_topk_finalize_filter_kernelINS2_26policy_selector_from_typesInNS0_8NullTypeElLl8388608EEELNS1_4topk6selectE1EN4cuda3__417constant_iteratorIPKnlEENSB_IPnlEEPPS5_SI_NS1_6params13uniform_paramIlLl0ELl268435456EEENSK_IlLl1ELl8388608EEENSK_IlLl1ELl1EEEPljPyNS1_21identity_decomposer_tEjjnEEvT1_T2_T3_T4_T5_T6_T7_T8_PKT9_PNS7_7counterIT14_T12_T13_EEPS14_PS13_PNS9_3std3__415iterator_traitsINS1C_IST_vE10value_typeEvE10value_typeES19_S1H_T10_S14_S14_iiT11_b' for 'sm_100'
ptxas info    : Function properties for _ZN3cub17_V_300500_SM_10006detail12batched_topk44device_segmented_topk_finalize_filter_kernelINS2_26policy_selector_from_typesInNS0_8NullTypeElLl8388608EEELNS1_4topk6selectE1EN4cuda3__417constant_iteratorIPKnlEENSB_IPnlEEPPS5_SI_NS1_6params13uniform_paramIlLl0ELl268435456EEENSK_IlLl1ELl8388608EEENSK_IlLl1ELl1EEEPljPyNS1_21identity_decomposer_tEjjnEEvT1_T2_T3_T4_T5_T6_T7_T8_PKT9_PNS7_7counterIT14_T12_T13_EEPS14_PS13_PNS9_3std3__415iterator_traitsINS1C_IST_vE10value_typeEvE10value_typeES19_S1H_T10_S14_S14_iiT11_b
    0 bytes stack frame, 0 bytes spill stores, 0 bytes spill loads
ptxas info    : Used 50 registers, used 1 barriers, 2048 bytes smem
ptxas info    : Compile time = 18.031 ms
ptxas info    : Compiling entry function '_ZN3cub17_V_300500_SM_10006detail12batched_topk40device_segmented_topk_last_filter_kernelINS2_26policy_selector_from_typesInNS0_8NullTypeElLl8388608EEELNS1_4topk6selectE1EN4cuda3__417constant_iteratorIPKnlEENSB_IPnlEEPPS5_SI_NS1_6params13uniform_paramIlLl0ELl268435456EEENSK_IlLl1ELl8388608EEENSK_IlLl1ELl1EEEPljPyNS1_21identity_decomposer_tEjjEEvT1_T2_T3_T4_T5_T6_T7_T8_PKT9_PNS7_7counterINS9_3std3__415iterator_traitsINS15_ISR_vE10value_typeEvE10value_typeET12_T13_EEPS19_PNS15_INS15_IST_vE10value_typeEvE10value_typeES1A_T10_iiT11_' for 'sm_100'
ptxas info    : Function properties for _ZN3cub17_V_300500_SM_10006detail12batched_topk40device_segmented_topk_last_filter_kernelINS2_26policy_selector_from_typesInNS0_8NullTypeElLl8388608EEELNS1_4topk6selectE1EN4cuda3__417constant_iteratorIPKnlEENSB_IPnlEEPPS5_SI_NS1_6params13uniform_paramIlLl0ELl268435456EEENSK_IlLl1ELl8388608EEENSK_IlLl1ELl1EEEPljPyNS1_21identity_decomposer_tEjjEEvT1_T2_T3_T4_T5_T6_T7_T8_PKT9_PNS7_7counterINS9_3std3__415iterator_traitsINS15_ISR_vE10value_typeEvE10value_typeET12_T13_EEPS19_PNS15_INS15_IST_vE10value_typeEvE10value_typeES1A_T10_iiT11_
    0 bytes stack frame, 0 bytes spill stores, 0 bytes spill loads
ptxas info    : Used 32 registers, used 0 barriers
ptxas info    : Compile time = 17.471 ms
ptxas info    : Compiling entry function '_ZN3cub17_V_300500_SM_10006detail12batched_topk35device_segmented_topk_filter_kernelINS2_26policy_selector_from_typesInNS0_8NullTypeElLl8388608EEELNS1_4topk6selectE1EN4cuda3__417constant_iteratorIPKnlEENSB_IPnlEEPPS5_SI_NS1_6params13uniform_paramIlLl0ELl268435456EEENSK_IlLl1ELl8388608EEENSK_IlLl1ELl1EEEPljPyNS1_21identity_decomposer_tEjjEEvT1_T2_T3_T4_T5_T6_T7_T8_PKT9_PNS7_7counterINS9_3std3__415iterator_traitsINS15_ISR_vE10value_typeEvE10value_typeET12_T13_EEPS1A_PS19_PNS15_INS15_IST_vE10value_typeEvE10value_typeES1F_S1K_S1A_S1A_T10_iibT11_' for 'sm_100'
ptxas info    : Function properties for _ZN3cub17_V_300500_SM_10006detail12batched_topk35device_segmented_topk_filter_kernelINS2_26policy_selector_from_typesInNS0_8NullTypeElLl8388608EEELNS1_4topk6selectE1EN4cuda3__417constant_iteratorIPKnlEENSB_IPnlEEPPS5_SI_NS1_6params13uniform_paramIlLl0ELl268435456EEENSK_IlLl1ELl8388608EEENSK_IlLl1ELl1EEEPljPyNS1_21identity_decomposer_tEjjEEvT1_T2_T3_T4_T5_T6_T7_T8_PKT9_PNS7_7counterINS9_3std3__415iterator_traitsINS15_ISR_vE10value_typeEvE10value_typeET12_T13_EEPS1A_PS19_PNS15_INS15_IST_vE10value_typeEvE10value_typeES1F_S1K_S1A_S1A_T10_iibT11_
    0 bytes stack frame, 0 bytes spill stores, 0 bytes spill loads
ptxas info    : Used 39 registers, used 1 barriers, 1028 bytes smem
ptxas info    : Compile time = 19.151 ms
ptxas info    : Compiling entry function '_ZN3cub17_V_300500_SM_10006detail12batched_topk47device_segmented_topk_finalize_histogram_kernelINS2_26policy_selector_from_typesInNS0_8NullTypeElLl8388608EEEN4cuda3__417constant_iteratorIPKnlEENS1_6params13uniform_paramIlLl0ELl268435456EEENSE_IlLl1ELl8388608EEENSE_IlLl1ELl1EEEPlPyNS1_4topk16extract_bin_op_tInLNSK_6selectE1ELi8ENS1_21identity_decomposer_tELb1EEEjjnEEvT0_T1_T2_T3_T4_PNSK_7counterIT9_T7_T8_EEPSW_T5_T6_ib' for 'sm_100'
ptxas info    : Function properties for _ZN3cub17_V_300500_SM_10006detail12batched_topk47device_segmented_topk_finalize_histogram_kernelINS2_26policy_selector_from_typesInNS0_8NullTypeElLl8388608EEEN4cuda3__417constant_iteratorIPKnlEENS1_6params13uniform_paramIlLl0ELl268435456EEENSE_IlLl1ELl8388608EEENSE_IlLl1ELl1EEEPlPyNS1_4topk16extract_bin_op_tInLNSK_6selectE1ELi8ENS1_21identity_decomposer_tELb1EEEjjnEEvT0_T1_T2_T3_T4_PNSK_7counterIT9_T7_T8_EEPSW_T5_T6_ib
    0 bytes stack frame, 0 bytes spill stores, 0 bytes spill loads
ptxas info    : Used 32 registers, used 1 barriers, 2048 bytes smem
ptxas info    : Compile time = 7.857 ms
ptxas info    : Compiling entry function '_ZN3cub17_V_300500_SM_10006detail12batched_topk38device_segmented_topk_histogram_kernelINS2_26policy_selector_from_typesInNS0_8NullTypeElLl8388608EEEN4cuda3__417constant_iteratorIPKnlEENS1_6params13uniform_paramIlLl0ELl268435456EEENSE_IlLl1ELl8388608EEENSE_IlLl1ELl1EEEPljPyNS1_4topk16extract_bin_op_tInLNSK_6selectE1ELi8ENS1_21identity_decomposer_tELb1EEEjjjEEvT0_T1_T2_T3_T4_PKT5_PNSK_7counterINS7_3std3__415iterator_traitsINS10_ISP_vE10value_typeEvE10value_typeET8_T9_EEPS15_T6_T7_' for 'sm_100'
ptxas info    : Function properties for _ZN3cub17_V_300500_SM_10006detail12batched_topk38device_segmented_topk_histogram_kernelINS2_26policy_selector_from_typesInNS0_8NullTypeElLl8388608EEEN4cuda3__417constant_iteratorIPKnlEENS1_6params13uniform_paramIlLl0ELl268435456EEENSE_IlLl1ELl8388608EEENSE_IlLl1ELl1EEEPljPyNS1_4topk16extract_bin_op_tInLNSK_6selectE1ELi8ENS1_21identity_decomposer_tELb1EEEjjjEEvT0_T1_T2_T3_T4_PKT5_PNSK_7counterINS7_3std3__415iterator_traitsINS10_ISP_vE10value_typeEvE10value_typeET8_T9_EEPS15_T6_T7_
    0 bytes stack frame, 0 bytes spill stores, 0 bytes spill loads
ptxas info    : Used 30 registers, used 1 barriers, 1072 bytes smem
ptxas info    : Compile time = 18.065 ms
ptxas info    : Compiling entry function '_ZN3cub17_V_300500_SM_10006detail12batched_topk44device_segmented_topk_finalize_filter_kernelINS2_26policy_selector_from_typesInNS0_8NullTypeElLl8388608EEELNS1_4topk6selectE0EN4cuda3__417constant_iteratorIPKnlEENSB_IPnlEEPPS5_SI_NS1_6params13uniform_paramIlLl0ELl268435456EEENSK_IlLl1ELl8388608EEENSK_IlLl1ELl1EEEPljPyNS1_21identity_decomposer_tEjjnEEvT1_T2_T3_T4_T5_T6_T7_T8_PKT9_PNS7_7counterIT14_T12_T13_EEPS14_PS13_PNS9_3std3__415iterator_traitsINS1C_IST_vE10value_typeEvE10value_typeES19_S1H_T10_S14_S14_iiT11_b' for 'sm_100'
ptxas info    : Function properties for _ZN3cub17_V_300500_SM_10006detail12batched_topk44device_segmented_topk_finalize_filter_kernelINS2_26policy_selector_from_typesInNS0_8NullTypeElLl8388608EEELNS1_4topk6selectE0EN4cuda3__417constant_iteratorIPKnlEENSB_IPnlEEPPS5_SI_NS1_6params13uniform_paramIlLl0ELl268435456EEENSK_IlLl1ELl8388608EEENSK_IlLl1ELl1EEEPljPyNS1_21identity_decomposer_tEjjnEEvT1_T2_T3_T4_T5_T6_T7_T8_PKT9_PNS7_7counterIT14_T12_T13_EEPS14_PS13_PNS9_3std3__415iterator_traitsINS1C_IST_vE10value_typeEvE10value_typeES19_S1H_T10_S14_S14_iiT11_b
    0 bytes stack frame, 0 bytes spill stores, 0 bytes spill loads
ptxas info    : Used 50 registers, used 1 barriers, 2048 bytes smem
ptxas info    : Compile time = 18.190 ms
ptxas info    : Compiling entry function '_ZN3cub17_V_300500_SM_10006detail12batched_topk40device_segmented_topk_last_filter_kernelINS2_26policy_selector_from_typesInNS0_8NullTypeElLl8388608EEELNS1_4topk6selectE0EN4cuda3__417constant_iteratorIPKnlEENSB_IPnlEEPPS5_SI_NS1_6params13uniform_paramIlLl0ELl268435456EEENSK_IlLl1ELl8388608EEENSK_IlLl1ELl1EEEPljPyNS1_21identity_decomposer_tEjjEEvT1_T2_T3_T4_T5_T6_T7_T8_PKT9_PNS7_7counterINS9_3std3__415iterator_traitsINS15_ISR_vE10value_typeEvE10value_typeET12_T13_EEPS19_PNS15_INS15_IST_vE10value_typeEvE10value_typeES1A_T10_iiT11_' for 'sm_100'
ptxas info    : Function properties for _ZN3cub17_V_300500_SM_10006detail12batched_topk40device_segmented_topk_last_filter_kernelINS2_26policy_selector_from_typesInNS0_8NullTypeElLl8388608EEELNS1_4topk6selectE0EN4cuda3__417constant_iteratorIPKnlEENSB_IPnlEEPPS5_SI_NS1_6params13uniform_paramIlLl0ELl268435456EEENSK_IlLl1ELl8388608EEENSK_IlLl1ELl1EEEPljPyNS1_21identity_decomposer_tEjjEEvT1_T2_T3_T4_T5_T6_T7_T8_PKT9_PNS7_7counterINS9_3std3__415iterator_traitsINS15_ISR_vE10value_typeEvE10value_typeET12_T13_EEPS19_PNS15_INS15_IST_vE10value_typeEvE10value_typeES1A_T10_iiT11_
    0 bytes stack frame, 0 bytes spill stores, 0 bytes spill loads
ptxas info    : Used 32 registers, used 0 barriers
ptxas info    : Compile time = 17.632 ms
ptxas info    : Compiling entry function '_ZN3cub17_V_300500_SM_10006detail12batched_topk35device_segmented_topk_filter_kernelINS2_26policy_selector_from_typesInNS0_8NullTypeElLl8388608EEELNS1_4topk6selectE0EN4cuda3__417constant_iteratorIPKnlEENSB_IPnlEEPPS5_SI_NS1_6params13uniform_paramIlLl0ELl268435456EEENSK_IlLl1ELl8388608EEENSK_IlLl1ELl1EEEPljPyNS1_21identity_decomposer_tEjjEEvT1_T2_T3_T4_T5_T6_T7_T8_PKT9_PNS7_7counterINS9_3std3__415iterator_traitsINS15_ISR_vE10value_typeEvE10value_typeET12_T13_EEPS1A_PS19_PNS15_INS15_IST_vE10value_typeEvE10value_typeES1F_S1K_S1A_S1A_T10_iibT11_' for 'sm_100'
ptxas info    : Function properties for _ZN3cub17_V_300500_SM_10006detail12batched_topk35device_segmented_topk_filter_kernelINS2_26policy_selector_from_typesInNS0_8NullTypeElLl8388608EEELNS1_4topk6selectE0EN4cuda3__417constant_iteratorIPKnlEENSB_IPnlEEPPS5_SI_NS1_6params13uniform_paramIlLl0ELl268435456EEENSK_IlLl1ELl8388608EEENSK_IlLl1ELl1EEEPljPyNS1_21identity_decomposer_tEjjEEvT1_T2_T3_T4_T5_T6_T7_T8_PKT9_PNS7_7counterINS9_3std3__415iterator_traitsINS15_ISR_vE10value_typeEvE10value_typeET12_T13_EEPS1A_PS19_PNS15_INS15_IST_vE10value_typeEvE10value_typeES1F_S1K_S1A_S1A_T10_iibT11_
    0 bytes stack frame, 0 bytes spill stores, 0 bytes spill loads
ptxas info    : Used 39 registers, used 1 barriers, 1028 bytes smem
ptxas info    : Compile time = 18.870 ms
ptxas info    : Compiling entry function '_ZN3cub17_V_300500_SM_10006detail12batched_topk47device_segmented_topk_finalize_histogram_kernelINS2_26policy_selector_from_typesInNS0_8NullTypeElLl8388608EEEN4cuda3__417constant_iteratorIPKnlEENS1_6params13uniform_paramIlLl0ELl268435456EEENSE_IlLl1ELl8388608EEENSE_IlLl1ELl1EEEPlPyNS1_4topk16extract_bin_op_tInLNSK_6selectE0ELi8ENS1_21identity_decomposer_tELb1EEEjjnEEvT0_T1_T2_T3_T4_PNSK_7counterIT9_T7_T8_EEPSW_T5_T6_ib' for 'sm_100'
ptxas info    : Function properties for _ZN3cub17_V_300500_SM_10006detail12batched_topk47device_segmented_topk_finalize_histogram_kernelINS2_26policy_selector_from_typesInNS0_8NullTypeElLl8388608EEEN4cuda3__417constant_iteratorIPKnlEENS1_6params13uniform_paramIlLl0ELl268435456EEENSE_IlLl1ELl8388608EEENSE_IlLl1ELl1EEEPlPyNS1_4topk16extract_bin_op_tInLNSK_6selectE0ELi8ENS1_21identity_decomposer_tELb1EEEjjnEEvT0_T1_T2_T3_T4_PNSK_7counterIT9_T7_T8_EEPSW_T5_T6_ib
    0 bytes stack frame, 0 bytes spill stores, 0 bytes spill loads
ptxas info    : Used 32 registers, used 1 barriers, 2048 bytes smem
ptxas info    : Compile time = 7.814 ms
ptxas info    : Compiling entry function '_ZN3cub17_V_300500_SM_10006detail12batched_topk38device_segmented_topk_histogram_kernelINS2_26policy_selector_from_typesInNS0_8NullTypeElLl8388608EEEN4cuda3__417constant_iteratorIPKnlEENS1_6params13uniform_paramIlLl0ELl268435456EEENSE_IlLl1ELl8388608EEENSE_IlLl1ELl1EEEPljPyNS1_4topk16extract_bin_op_tInLNSK_6selectE0ELi8ENS1_21identity_decomposer_tELb1EEEjjjEEvT0_T1_T2_T3_T4_PKT5_PNSK_7counterINS7_3std3__415iterator_traitsINS10_ISP_vE10value_typeEvE10value_typeET8_T9_EEPS15_T6_T7_' for 'sm_100'
ptxas info    : Function properties for _ZN3cub17_V_300500_SM_10006detail12batched_topk38device_segmented_topk_histogram_kernelINS2_26policy_selector_from_typesInNS0_8NullTypeElLl8388608EEEN4cuda3__417constant_iteratorIPKnlEENS1_6params13uniform_paramIlLl0ELl268435456EEENSE_IlLl1ELl8388608EEENSE_IlLl1ELl1EEEPljPyNS1_4topk16extract_bin_op_tInLNSK_6selectE0ELi8ENS1_21identity_decomposer_tELb1EEEjjjEEvT0_T1_T2_T3_T4_PKT5_PNSK_7counterINS7_3std3__415iterator_traitsINS10_ISP_vE10value_typeEvE10value_typeET8_T9_EEPS15_T6_T7_
    0 bytes stack frame, 0 bytes spill stores, 0 bytes spill loads
ptxas info    : Used 32 registers, used 1 barriers, 1072 bytes smem
ptxas info    : Compile time = 17.057 ms
ptxas info    : Compiling entry function '_ZN3cub17_V_300500_SM_10006detail12batched_topk28device_segmented_topk_kernelINS2_26policy_selector_from_typesInNS0_8NullTypeElLl8388608EEEN4cuda3__417constant_iteratorIPKnlEENS9_IPnlEEPPS5_SG_NS1_6params13uniform_paramIlLl0ELl268435456EEENSI_IlLl1ELl8388608EEENSH_22uniform_discrete_paramINS1_4topk6selectEJLSN_1EEEENSI_IlLl1ELl1EEEjEEvT0_T1_T2_T3_T4_T5_T6_T7_PNS2_21batched_topk_countersINSX_10value_typeEEEPSZ_PT8_' for 'sm_100'
ptxas info    : Function properties for _ZN3cub17_V_300500_SM_10006detail12batched_topk28device_segmented_topk_kernelINS2_26policy_selector_from_typesInNS0_8NullTypeElLl8388608EEEN4cuda3__417constant_iteratorIPKnlEENS9_IPnlEEPPS5_SG_NS1_6params13uniform_paramIlLl0ELl268435456EEENSI_IlLl1ELl8388608EEENSH_22uniform_discrete_paramINS1_4topk6selectEJLSN_1EEEENSI_IlLl1ELl1EEEjEEvT0_T1_T2_T3_T4_T5_T6_T7_PNS2_21batched_topk_countersINSX_10value_typeEEEPSZ_PT8_
    0 bytes stack frame, 0 bytes spill stores, 0 bytes spill loads
ptxas info    : Used 128 registers, used 1 barriers, 33808 bytes smem
ptxas info    : Compile time = 41.754 ms
ptxas info    : Compiling entry function '_ZN3cub17_V_300500_SM_10006detail12batched_topk44device_segmented_topk_finalize_filter_kernelINS2_26policy_selector_from_typesIlNS0_8NullTypeElLl8388608EEELNS1_4topk6selectE1EN4cuda3__417constant_iteratorIPKllEENSB_IPllEEPPS5_SI_NS1_6params13uniform_paramIlLl0ELl268435456EEENSK_IlLl1ELl8388608EEENSK_IlLl1ELl1EEESF_jPyNS1_21identity_decomposer_tEjjlEEvT1_T2_T3_T4_T5_T6_T7_T8_PKT9_PNS7_7counterIT14_T12_T13_EEPS13_PS12_PNS9_3std3__415iterator_traitsINS1B_ISS_vE10value_typeEvE10value_typeES18_S1G_T10_S13_S13_iiT11_b' for 'sm_100'
ptxas info    : Function properties for _ZN3cub17_V_300500_SM_10006detail12batched_topk44device_segmented_topk_finalize_filter_kernelINS2_26policy_selector_from_typesIlNS0_8NullTypeElLl8388608EEELNS1_4topk6selectE1EN4cuda3__417constant_iteratorIPKllEENSB_IPllEEPPS5_SI_NS1_6params13uniform_paramIlLl0ELl268435456EEENSK_IlLl1ELl8388608EEENSK_IlLl1ELl1EEESF_jPyNS1_21identity_decomposer_tEjjlEEvT1_T2_T3_T4_T5_T6_T7_T8_PKT9_PNS7_7counterIT14_T12_T13_EEPS13_PS12_PNS9_3std3__415iterator_traitsINS1B_ISS_vE10value_typeEvE10value_typeES18_S1G_T10_S13_S13_iiT11_b
    0 bytes stack frame, 0 bytes spill stores, 0 bytes spill loads
ptxas info    : Used 50 registers, used 1 barriers, 8208 bytes smem
ptxas info    : Compile time = 20.559 ms
ptxas info    : Compiling entry function '_ZN3cub17_V_300500_SM_10006detail12batched_topk40device_segmented_topk_last_filter_kernelINS2_26policy_selector_from_typesIlNS0_8NullTypeElLl8388608EEELNS1_4topk6selectE1EN4cuda3__417constant_iteratorIPKllEENSB_IPllEEPPS5_SI_NS1_6params13uniform_paramIlLl0ELl268435456EEENSK_IlLl1ELl8388608EEENSK_IlLl1ELl1EEESF_jPyNS1_21identity_decomposer_tEjjEEvT1_T2_T3_T4_T5_T6_T7_T8_PKT9_PNS7_7counterINS9_3std3__415iterator_traitsINS14_ISQ_vE10value_typeEvE10value_typeET12_T13_EEPS18_PNS14_INS14_ISS_vE10value_typeEvE10value_typeES19_T10_iiT11_' for 'sm_100'
ptxas info    : Function properties for _ZN3cub17_V_300500_SM_10006detail12batched_topk40device_segmented_topk_last_filter_kernelINS2_26policy_selector_from_typesIlNS0_8NullTypeElLl8388608EEELNS1_4topk6selectE1EN4cuda3__417constant_iteratorIPKllEENSB_IPllEEPPS5_SI_NS1_6params13uniform_paramIlLl0ELl268435456EEENSK_IlLl1ELl8388608EEENSK_IlLl1ELl1EEESF_jPyNS1_21identity_decomposer_tEjjEEvT1_T2_T3_T4_T5_T6_T7_T8_PKT9_PNS7_7counterINS9_3std3__415iterator_traitsINS14_ISQ_vE10value_typeEvE10value_typeET12_T13_EEPS18_PNS14_INS14_ISS_vE10value_typeEvE10value_typeES19_T10_iiT11_
    0 bytes stack frame, 0 bytes spill stores, 0 bytes spill loads
ptxas info    : Used 32 registers, used 0 barriers
ptxas info    : Compile time = 19.189 ms
ptxas info    : Compiling entry function '_ZN3cub17_V_300500_SM_10006detail12batched_topk35device_segmented_topk_filter_kernelINS2_26policy_selector_from_typesIlNS0_8NullTypeElLl8388608EEELNS1_4topk6selectE1EN4cuda3__417constant_iteratorIPKllEENSB_IPllEEPPS5_SI_NS1_6params13uniform_paramIlLl0ELl268435456EEENSK_IlLl1ELl8388608EEENSK_IlLl1ELl1EEESF_jPyNS1_21identity_decomposer_tEjjEEvT1_T2_T3_T4_T5_T6_T7_T8_PKT9_PNS7_7counterINS9_3std3__415iterator_traitsINS14_ISQ_vE10value_typeEvE10value_typeET12_T13_EEPS19_PS18_PNS14_INS14_ISS_vE10value_typeEvE10value_typeES1E_S1J_S19_S19_T10_iibT11_' for 'sm_100'
ptxas info    : Function properties for _ZN3cub17_V_300500_SM_10006detail12batched_topk35device_segmented_topk_filter_kernelINS2_26policy_selector_from_typesIlNS0_8NullTypeElLl8388608EEELNS1_4topk6selectE1EN4cuda3__417constant_iteratorIPKllEENSB_IPllEEPPS5_SI_NS1_6params13uniform_paramIlLl0ELl268435456EEENSK_IlLl1ELl8388608EEENSK_IlLl1ELl1EEESF_jPyNS1_21identity_decomposer_tEjjEEvT1_T2_T3_T4_T5_T6_T7_T8_PKT9_PNS7_7counterINS9_3std3__415iterator_traitsINS14_ISQ_vE10value_typeEvE10value_typeET12_T13_EEPS19_PS18_PNS14_INS14_ISS_vE10value_typeEvE10value_typeES1E_S1J_S19_S19_T10_iibT11_
    0 bytes stack frame, 0 bytes spill stores, 0 bytes spill loads
ptxas info    : Used 32 registers, used 1 barriers, 8196 bytes smem
ptxas info    : Compile time = 19.915 ms
ptxas info    : Compiling entry function '_ZN3cub17_V_300500_SM_10006detail12batched_topk47device_segmented_topk_finalize_histogram_kernelINS2_26policy_selector_from_typesIlNS0_8NullTypeElLl8388608EEEN4cuda3__417constant_iteratorIPKllEENS1_6params13uniform_paramIlLl0ELl268435456EEENSE_IlLl1ELl8388608EEENSE_IlLl1ELl1EEEPlPyNS1_4topk16extract_bin_op_tIlLNSK_6selectE1ELi11ENS1_21identity_decomposer_tELb1EEEjjlEEvT0_T1_T2_T3_T4_PNSK_7counterIT9_T7_T8_EEPSW_T5_T6_ib' for 'sm_100'
ptxas info    : Function properties for _ZN3cub17_V_300500_SM_10006detail12batched_topk47device_segmented_topk_finalize_histogram_kernelINS2_26policy_selector_from_typesIlNS0_8NullTypeElLl8388608EEEN4cuda3__417constant_iteratorIPKllEENS1_6params13uniform_paramIlLl0ELl268435456EEENSE_IlLl1ELl8388608EEENSE_IlLl1ELl1EEEPlPyNS1_4topk16extract_bin_op_tIlLNSK_6selectE1ELi11ENS1_21identity_decomposer_tELb1EEEjjlEEvT0_T1_T2_T3_T4_PNSK_7counterIT9_T7_T8_EEPSW_T5_T6_ib
    0 bytes stack frame, 0 bytes spill stores, 0 bytes spill loads
ptxas info    : Used 40 registers, used 1 barriers, 8192 bytes smem
ptxas info    : Compile time = 9.197 ms
ptxas info    : Compiling entry function '_ZN3cub17_V_300500_SM_10006detail12batched_topk38device_segmented_topk_histogram_kernelINS2_26policy_selector_from_typesIlNS0_8NullTypeElLl8388608EEEN4cuda3__417constant_iteratorIPKllEENS1_6params13uniform_paramIlLl0ELl268435456EEENSE_IlLl1ELl8388608EEENSE_IlLl1ELl1EEEPljPyNS1_4topk16extract_bin_op_tIlLNSK_6selectE1ELi11ENS1_21identity_decomposer_tELb1EEEjjjEEvT0_T1_T2_T3_T4_PKT5_PNSK_7counterINS7_3std3__415iterator_traitsINS10_ISP_vE10value_typeEvE10value_typeET8_T9_EEPS15_T6_T7_' for 'sm_100'
ptxas info    : Function properties for _ZN3cub17_V_300500_SM_10006detail12batched_topk38device_segmented_topk_histogram_kernelINS2_26policy_selector_from_typesIlNS0_8NullTypeElLl8388608EEEN4cuda3__417constant_iteratorIPKllEENS1_6params13uniform_paramIlLl0ELl268435456EEENSE_IlLl1ELl8388608EEENSE_IlLl1ELl1EEEPljPyNS1_4topk16extract_bin_op_tIlLNSK_6selectE1ELi11ENS1_21identity_decomposer_tELb1EEEjjjEEvT0_T1_T2_T3_T4_PKT5_PNSK_7counterINS7_3std3__415iterator_traitsINS10_ISP_vE10value_typeEvE10value_typeET8_T9_EEPS15_T6_T7_
    0 bytes stack frame, 0 bytes spill stores, 0 bytes spill loads
ptxas info    : Used 30 registers, used 1 barriers, 8240 bytes smem
ptxas info    : Compile time = 19.761 ms
ptxas info    : Compiling entry function '_ZN3cub17_V_300500_SM_10006detail12batched_topk44device_segmented_topk_finalize_filter_kernelINS2_26policy_selector_from_typesIlNS0_8NullTypeElLl8388608EEELNS1_4topk6selectE0EN4cuda3__417constant_iteratorIPKllEENSB_IPllEEPPS5_SI_NS1_6params13uniform_paramIlLl0ELl268435456EEENSK_IlLl1ELl8388608EEENSK_IlLl1ELl1EEESF_jPyNS1_21identity_decomposer_tEjjlEEvT1_T2_T3_T4_T5_T6_T7_T8_PKT9_PNS7_7counterIT14_T12_T13_EEPS13_PS12_PNS9_3std3__415iterator_traitsINS1B_ISS_vE10value_typeEvE10value_typeES18_S1G_T10_S13_S13_iiT11_b' for 'sm_100'
ptxas info    : Function properties for _ZN3cub17_V_300500_SM_10006detail12batched_topk44device_segmented_topk_finalize_filter_kernelINS2_26policy_selector_from_typesIlNS0_8NullTypeElLl8388608EEELNS1_4topk6selectE0EN4cuda3__417constant_iteratorIPKllEENSB_IPllEEPPS5_SI_NS1_6params13uniform_paramIlLl0ELl268435456EEENSK_IlLl1ELl8388608EEENSK_IlLl1ELl1EEESF_jPyNS1_21identity_decomposer_tEjjlEEvT1_T2_T3_T4_T5_T6_T7_T8_PKT9_PNS7_7counterIT14_T12_T13_EEPS13_PS12_PNS9_3std3__415iterator_traitsINS1B_ISS_vE10value_typeEvE10value_typeES18_S1G_T10_S13_S13_iiT11_b
    0 bytes stack frame, 0 bytes spill stores, 0 bytes spill loads
ptxas info    : Used 50 registers, used 1 barriers, 8208 bytes smem
ptxas info    : Compile time = 20.436 ms
ptxas info    : Compiling entry function '_ZN3cub17_V_300500_SM_10006detail12batched_topk40device_segmented_topk_last_filter_kernelINS2_26policy_selector_from_typesIlNS0_8NullTypeElLl8388608EEELNS1_4topk6selectE0EN4cuda3__417constant_iteratorIPKllEENSB_IPllEEPPS5_SI_NS1_6params13uniform_paramIlLl0ELl268435456EEENSK_IlLl1ELl8388608EEENSK_IlLl1ELl1EEESF_jPyNS1_21identity_decomposer_tEjjEEvT1_T2_T3_T4_T5_T6_T7_T8_PKT9_PNS7_7counterINS9_3std3__415iterator_traitsINS14_ISQ_vE10value_typeEvE10value_typeET12_T13_EEPS18_PNS14_INS14_ISS_vE10value_typeEvE10value_typeES19_T10_iiT11_' for 'sm_100'
ptxas info    : Function properties for _ZN3cub17_V_300500_SM_10006detail12batched_topk40device_segmented_topk_last_filter_kernelINS2_26policy_selector_from_typesIlNS0_8NullTypeElLl8388608EEELNS1_4topk6selectE0EN4cuda3__417constant_iteratorIPKllEENSB_IPllEEPPS5_SI_NS1_6params13uniform_paramIlLl0ELl268435456EEENSK_IlLl1ELl8388608EEENSK_IlLl1ELl1EEESF_jPyNS1_21identity_decomposer_tEjjEEvT1_T2_T3_T4_T5_T6_T7_T8_PKT9_PNS7_7counterINS9_3std3__415iterator_traitsINS14_ISQ_vE10value_typeEvE10value_typeET12_T13_EEPS18_PNS14_INS14_ISS_vE10value_typeEvE10value_typeES19_T10_iiT11_
    0 bytes stack frame, 0 bytes spill stores, 0 bytes spill loads
ptxas info    : Used 32 registers, used 0 barriers
ptxas info    : Compile time = 19.199 ms
ptxas info    : Compiling entry function '_ZN3cub17_V_300500_SM_10006detail12batched_topk35device_segmented_topk_filter_kernelINS2_26policy_selector_from_typesIlNS0_8NullTypeElLl8388608EEELNS1_4topk6selectE0EN4cuda3__417constant_iteratorIPKllEENSB_IPllEEPPS5_SI_NS1_6params13uniform_paramIlLl0ELl268435456EEENSK_IlLl1ELl8388608EEENSK_IlLl1ELl1EEESF_jPyNS1_21identity_decomposer_tEjjEEvT1_T2_T3_T4_T5_T6_T7_T8_PKT9_PNS7_7counterINS9_3std3__415iterator_traitsINS14_ISQ_vE10value_typeEvE10value_typeET12_T13_EEPS19_PS18_PNS14_INS14_ISS_vE10value_typeEvE10value_typeES1E_S1J_S19_S19_T10_iibT11_' for 'sm_100'
ptxas info    : Function properties for _ZN3cub17_V_300500_SM_10006detail12batched_topk35device_segmented_topk_filter_kernelINS2_26policy_selector_from_typesIlNS0_8NullTypeElLl8388608EEELNS1_4topk6selectE0EN4cuda3__417constant_iteratorIPKllEENSB_IPllEEPPS5_SI_NS1_6params13uniform_paramIlLl0ELl268435456EEENSK_IlLl1ELl8388608EEENSK_IlLl1ELl1EEESF_jPyNS1_21identity_decomposer_tEjjEEvT1_T2_T3_T4_T5_T6_T7_T8_PKT9_PNS7_7counterINS9_3std3__415iterator_traitsINS14_ISQ_vE10value_typeEvE10value_typeET12_T13_EEPS19_PS18_PNS14_INS14_ISS_vE10value_typeEvE10value_typeES1E_S1J_S19_S19_T10_iibT11_
    0 bytes stack frame, 0 bytes spill stores, 0 bytes spill loads
ptxas info    : Used 32 registers, used 1 barriers, 8196 bytes smem
ptxas info    : Compile time = 19.830 ms
ptxas info    : Compiling entry function '_ZN3cub17_V_300500_SM_10006detail12batched_topk47device_segmented_topk_finalize_histogram_kernelINS2_26policy_selector_from_typesIlNS0_8NullTypeElLl8388608EEEN4cuda3__417constant_iteratorIPKllEENS1_6params13uniform_paramIlLl0ELl268435456EEENSE_IlLl1ELl8388608EEENSE_IlLl1ELl1EEEPlPyNS1_4topk16extract_bin_op_tIlLNSK_6selectE0ELi11ENS1_21identity_decomposer_tELb1EEEjjlEEvT0_T1_T2_T3_T4_PNSK_7counterIT9_T7_T8_EEPSW_T5_T6_ib' for 'sm_100'
ptxas info    : Function properties for _ZN3cub17_V_300500_SM_10006detail12batched_topk47device_segmented_topk_finalize_histogram_kernelINS2_26policy_selector_from_typesIlNS0_8NullTypeElLl8388608EEEN4cuda3__417constant_iteratorIPKllEENS1_6params13uniform_paramIlLl0ELl268435456EEENSE_IlLl1ELl8388608EEENSE_IlLl1ELl1EEEPlPyNS1_4topk16extract_bin_op_tIlLNSK_6selectE0ELi11ENS1_21identity_decomposer_tELb1EEEjjlEEvT0_T1_T2_T3_T4_PNSK_7counterIT9_T7_T8_EEPSW_T5_T6_ib
    0 bytes stack frame, 0 bytes spill stores, 0 bytes spill loads
ptxas info    : Used 40 registers, used 1 barriers, 8192 bytes smem
ptxas info    : Compile time = 9.169 ms
ptxas info    : Compiling entry function '_ZN3cub17_V_300500_SM_10006detail12batched_topk38device_segmented_topk_histogram_kernelINS2_26policy_selector_from_typesIlNS0_8NullTypeElLl8388608EEEN4cuda3__417constant_iteratorIPKllEENS1_6params13uniform_paramIlLl0ELl268435456EEENSE_IlLl1ELl8388608EEENSE_IlLl1ELl1EEEPljPyNS1_4topk16extract_bin_op_tIlLNSK_6selectE0ELi11ENS1_21identity_decomposer_tELb1EEEjjjEEvT0_T1_T2_T3_T4_PKT5_PNSK_7counterINS7_3std3__415iterator_traitsINS10_ISP_vE10value_typeEvE10value_typeET8_T9_EEPS15_T6_T7_' for 'sm_100'
ptxas info    : Function properties for _ZN3cub17_V_300500_SM_10006detail12batched_topk38device_segmented_topk_histogram_kernelINS2_26policy_selector_from_typesIlNS0_8NullTypeElLl8388608EEEN4cuda3__417constant_iteratorIPKllEENS1_6params13uniform_paramIlLl0ELl268435456EEENSE_IlLl1ELl8388608EEENSE_IlLl1ELl1EEEPljPyNS1_4topk16extract_bin_op_tIlLNSK_6selectE0ELi11ENS1_21identity_decomposer_tELb1EEEjjjEEvT0_T1_T2_T3_T4_PKT5_PNSK_7counterINS7_3std3__415iterator_traitsINS10_ISP_vE10value_typeEvE10value_typeET8_T9_EEPS15_T6_T7_
    0 bytes stack frame, 0 bytes spill stores, 0 bytes spill loads
ptxas info    : Used 30 registers, used 1 barriers, 8240 bytes smem
ptxas info    : Compile time = 19.248 ms
ptxas info    : Compiling entry function '_ZN3cub17_V_300500_SM_10006detail12batched_topk28device_segmented_topk_kernelINS2_26policy_selector_from_typesIlNS0_8NullTypeElLl8388608EEEN4cuda3__417constant_iteratorIPKllEENS9_IPllEEPPS5_SG_NS1_6params13uniform_paramIlLl0ELl268435456EEENSI_IlLl1ELl8388608EEENSH_22uniform_discrete_paramINS1_4topk6selectEJLSN_1EEEENSI_IlLl1ELl1EEEjEEvT0_T1_T2_T3_T4_T5_T6_T7_PNS2_21batched_topk_countersINSX_10value_typeEEEPSZ_PT8_' for 'sm_100'
ptxas info    : Function properties for _ZN3cub17_V_300500_SM_10006detail12batched_topk28device_segmented_topk_kernelINS2_26policy_selector_from_typesIlNS0_8NullTypeElLl8388608EEEN4cuda3__417constant_iteratorIPKllEENS9_IPllEEPPS5_SG_NS1_6params13uniform_paramIlLl0ELl268435456EEENSI_IlLl1ELl8388608EEENSH_22uniform_discrete_paramINS1_4topk6selectEJLSN_1EEEENSI_IlLl1ELl1EEEjEEvT0_T1_T2_T3_T4_T5_T6_T7_PNS2_21batched_topk_countersINSX_10value_typeEEEPSZ_PT8_
    0 bytes stack frame, 0 bytes spill stores, 0 bytes spill loads
ptxas info    : Used 128 registers, used 1 barriers, 33808 bytes smem
ptxas info    : Compile time = 49.027 ms
ptxas info    : Compiling entry function '_ZN3cub17_V_300500_SM_10006detail12batched_topk44device_segmented_topk_finalize_filter_kernelINS2_26policy_selector_from_typesIiNS0_8NullTypeElLl8388608EEELNS1_4topk6selectE1EN4cuda3__417constant_iteratorIPKilEENSB_IPilEEPPS5_SI_NS1_6params13uniform_paramIlLl0ELl268435456EEENSK_IlLl1ELl8388608EEENSK_IlLl1ELl1EEEPljPyNS1_21identity_decomposer_tEjjiEEvT1_T2_T3_T4_T5_T6_T7_T8_PKT9_PNS7_7counterIT14_T12_T13_EEPS14_PS13_PNS9_3std3__415iterator_traitsINS1C_IST_vE10value_typeEvE10value_typeES19_S1H_T10_S14_S14_iiT11_b' for 'sm_100'
ptxas info    : Function properties for _ZN3cub17_V_300500_SM_10006detail12batched_topk44device_segmented_topk_finalize_filter_kernelINS2_26policy_selector_from_typesIiNS0_8NullTypeElLl8388608EEELNS1_4topk6selectE1EN4cuda3__417constant_iteratorIPKilEENSB_IPilEEPPS5_SI_NS1_6params13uniform_paramIlLl0ELl268435456EEENSK_IlLl1ELl8388608EEENSK_IlLl1ELl1EEEPljPyNS1_21identity_decomposer_tEjjiEEvT1_T2_T3_T4_T5_T6_T7_T8_PKT9_PNS7_7counterIT14_T12_T13_EEPS14_PS13_PNS9_3std3__415iterator_traitsINS1C_IST_vE10value_typeEvE10value_typeES19_S1H_T10_S14_S14_iiT11_b
    0 bytes stack frame, 0 bytes spill stores, 0 bytes spill loads
ptxas info    : Used 48 registers, used 1 barriers, 8208 bytes smem
ptxas info    : Compile time = 22.783 ms
ptxas info    : Compiling entry function '_ZN3cub17_V_300500_SM_10006detail12batched_topk40device_segmented_topk_last_filter_kernelINS2_26policy_selector_from_typesIiNS0_8NullTypeElLl8388608EEELNS1_4topk6selectE1EN4cuda3__417constant_iteratorIPKilEENSB_IPilEEPPS5_SI_NS1_6params13uniform_paramIlLl0ELl268435456EEENSK_IlLl1ELl8388608EEENSK_IlLl1ELl1EEEPljPyNS1_21identity_decomposer_tEjjEEvT1_T2_T3_T4_T5_T6_T7_T8_PKT9_PNS7_7counterINS9_3std3__415iterator_traitsINS15_ISR_vE10value_typeEvE10value_typeET12_T13_EEPS19_PNS15_INS15_IST_vE10value_typeEvE10value_typeES1A_T10_iiT11_' for 'sm_100'
ptxas info    : Function properties for _ZN3cub17_V_300500_SM_10006detail12batched_topk40device_segmented_topk_last_filter_kernelINS2_26policy_selector_from_typesIiNS0_8NullTypeElLl8388608EEELNS1_4topk6selectE1EN4cuda3__417constant_iteratorIPKilEENSB_IPilEEPPS5_SI_NS1_6params13uniform_paramIlLl0ELl268435456EEENSK_IlLl1ELl8388608EEENSK_IlLl1ELl1EEEPljPyNS1_21identity_decomposer_tEjjEEvT1_T2_T3_T4_T5_T6_T7_T8_PKT9_PNS7_7counterINS9_3std3__415iterator_traitsINS15_ISR_vE10value_typeEvE10value_typeET12_T13_EEPS19_PNS15_INS15_IST_vE10value_typeEvE10value_typeES1A_T10_iiT11_
    0 bytes stack frame, 0 bytes spill stores, 0 bytes spill loads
ptxas info    : Used 32 registers, used 0 barriers
ptxas info    : Compile time = 25.373 ms
ptxas info    : Compiling entry function '_ZN3cub17_V_300500_SM_10006detail12batched_topk35device_segmented_topk_filter_kernelINS2_26policy_selector_from_typesIiNS0_8NullTypeElLl8388608EEELNS1_4topk6selectE1EN4cuda3__417constant_iteratorIPKilEENSB_IPilEEPPS5_SI_NS1_6params13uniform_paramIlLl0ELl268435456EEENSK_IlLl1ELl8388608EEENSK_IlLl1ELl1EEEPljPyNS1_21identity_decomposer_tEjjEEvT1_T2_T3_T4_T5_T6_T7_T8_PKT9_PNS7_7counterINS9_3std3__415iterator_traitsINS15_ISR_vE10value_typeEvE10value_typeET12_T13_EEPS1A_PS19_PNS15_INS15_IST_vE10value_typeEvE10value_typeES1F_S1K_S1A_S1A_T10_iibT11_' for 'sm_100'
ptxas info    : Function properties for _ZN3cub17_V_300500_SM_10006detail12batched_topk35device_segmented_topk_filter_kernelINS2_26policy_selector_from_typesIiNS0_8NullTypeElLl8388608EEELNS1_4topk6selectE1EN4cuda3__417constant_iteratorIPKilEENSB_IPilEEPPS5_SI_NS1_6params13uniform_paramIlLl0ELl268435456EEENSK_IlLl1ELl8388608EEENSK_IlLl1ELl1EEEPljPyNS1_21identity_decomposer_tEjjEEvT1_T2_T3_T4_T5_T6_T7_T8_PKT9_PNS7_7counterINS9_3std3__415iterator_traitsINS15_ISR_vE10value_typeEvE10value_typeET12_T13_EEPS1A_PS19_PNS15_INS15_IST_vE10value_typeEvE10value_typeES1F_S1K_S1A_S1A_T10_iibT11_
    0 bytes stack frame, 0 bytes spill stores, 0 bytes spill loads
ptxas info    : Used 32 registers, used 1 barriers, 8196 bytes smem
ptxas info    : Compile time = 22.875 ms
ptxas info    : Compiling entry function '_ZN3cub17_V_300500_SM_10006detail12batched_topk47device_segmented_topk_finalize_histogram_kernelINS2_26policy_selector_from_typesIiNS0_8NullTypeElLl8388608EEEN4cuda3__417constant_iteratorIPKilEENS1_6params13uniform_paramIlLl0ELl268435456EEENSE_IlLl1ELl8388608EEENSE_IlLl1ELl1EEEPlPyNS1_4topk16extract_bin_op_tIiLNSK_6selectE1ELi11ENS1_21identity_decomposer_tELb1EEEjjiEEvT0_T1_T2_T3_T4_PNSK_7counterIT9_T7_T8_EEPSW_T5_T6_ib' for 'sm_100'
ptxas info    : Function properties for _ZN3cub17_V_300500_SM_10006detail12batched_topk47device_segmented_topk_finalize_histogram_kernelINS2_26policy_selector_from_typesIiNS0_8NullTypeElLl8388608EEEN4cuda3__417constant_iteratorIPKilEENS1_6params13uniform_paramIlLl0ELl268435456EEENSE_IlLl1ELl8388608EEENSE_IlLl1ELl1EEEPlPyNS1_4topk16extract_bin_op_tIiLNSK_6selectE1ELi11ENS1_21identity_decomposer_tELb1EEEjjiEEvT0_T1_T2_T3_T4_PNSK_7counterIT9_T7_T8_EEPSW_T5_T6_ib
    0 bytes stack frame, 0 bytes spill stores, 0 bytes spill loads
ptxas info    : Used 40 registers, used 1 barriers, 8192 bytes smem
ptxas info    : Compile time = 9.400 ms
ptxas info    : Compiling entry function '_ZN3cub17_V_300500_SM_10006detail12batched_topk38device_segmented_topk_histogram_kernelINS2_26policy_selector_from_typesIiNS0_8NullTypeElLl8388608EEEN4cuda3__417constant_iteratorIPKilEENS1_6params13uniform_paramIlLl0ELl268435456EEENSE_IlLl1ELl8388608EEENSE_IlLl1ELl1EEEPljPyNS1_4topk16extract_bin_op_tIiLNSK_6selectE1ELi11ENS1_21identity_decomposer_tELb1EEEjjjEEvT0_T1_T2_T3_T4_PKT5_PNSK_7counterINS7_3std3__415iterator_traitsINS10_ISP_vE10value_typeEvE10value_typeET8_T9_EEPS15_T6_T7_' for 'sm_100'
ptxas info    : Function properties for _ZN3cub17_V_300500_SM_10006detail12batched_topk38device_segmented_topk_histogram_kernelINS2_26policy_selector_from_typesIiNS0_8NullTypeElLl8388608EEEN4cuda3__417constant_iteratorIPKilEENS1_6params13uniform_paramIlLl0ELl268435456EEENSE_IlLl1ELl8388608EEENSE_IlLl1ELl1EEEPljPyNS1_4topk16extract_bin_op_tIiLNSK_6selectE1ELi11ENS1_21identity_decomposer_tELb1EEEjjjEEvT0_T1_T2_T3_T4_PKT5_PNSK_7counterINS7_3std3__415iterator_traitsINS10_ISP_vE10value_typeEvE10value_typeET8_T9_EEPS15_T6_T7_
    0 bytes stack frame, 0 bytes spill stores, 0 bytes spill loads
ptxas info    : Used 30 registers, used 1 barriers, 8240 bytes smem
ptxas info    : Compile time = 23.736 ms
ptxas info    : Compiling entry function '_ZN3cub17_V_300500_SM_10006detail12batched_topk44device_segmented_topk_finalize_filter_kernelINS2_26policy_selector_from_typesIiNS0_8NullTypeElLl8388608EEELNS1_4topk6selectE0EN4cuda3__417constant_iteratorIPKilEENSB_IPilEEPPS5_SI_NS1_6params13uniform_paramIlLl0ELl268435456EEENSK_IlLl1ELl8388608EEENSK_IlLl1ELl1EEEPljPyNS1_21identity_decomposer_tEjjiEEvT1_T2_T3_T4_T5_T6_T7_T8_PKT9_PNS7_7counterIT14_T12_T13_EEPS14_PS13_PNS9_3std3__415iterator_traitsINS1C_IST_vE10value_typeEvE10value_typeES19_S1H_T10_S14_S14_iiT11_b' for 'sm_100'
ptxas info    : Function properties for _ZN3cub17_V_300500_SM_10006detail12batched_topk44device_segmented_topk_finalize_filter_kernelINS2_26policy_selector_from_typesIiNS0_8NullTypeElLl8388608EEELNS1_4topk6selectE0EN4cuda3__417constant_iteratorIPKilEENSB_IPilEEPPS5_SI_NS1_6params13uniform_paramIlLl0ELl268435456EEENSK_IlLl1ELl8388608EEENSK_IlLl1ELl1EEEPljPyNS1_21identity_decomposer_tEjjiEEvT1_T2_T3_T4_T5_T6_T7_T8_PKT9_PNS7_7counterIT14_T12_T13_EEPS14_PS13_PNS9_3std3__415iterator_traitsINS1C_IST_vE10value_typeEvE10value_typeES19_S1H_T10_S14_S14_iiT11_b
    0 bytes stack frame, 0 bytes spill stores, 0 bytes spill loads
ptxas info    : Used 48 registers, used 1 barriers, 8208 bytes smem
ptxas info    : Compile time = 22.749 ms
ptxas info    : Compiling entry function '_ZN3cub17_V_300500_SM_10006detail12batched_topk40device_segmented_topk_last_filter_kernelINS2_26policy_selector_from_typesIiNS0_8NullTypeElLl8388608EEELNS1_4topk6selectE0EN4cuda3__417constant_iteratorIPKilEENSB_IPilEEPPS5_SI_NS1_6params13uniform_paramIlLl0ELl268435456EEENSK_IlLl1ELl8388608EEENSK_IlLl1ELl1EEEPljPyNS1_21identity_decomposer_tEjjEEvT1_T2_T3_T4_T5_T6_T7_T8_PKT9_PNS7_7counterINS9_3std3__415iterator_traitsINS15_ISR_vE10value_typeEvE10value_typeET12_T13_EEPS19_PNS15_INS15_IST_vE10value_typeEvE10value_typeES1A_T10_iiT11_' for 'sm_100'
ptxas info    : Function properties for _ZN3cub17_V_300500_SM_10006detail12batched_topk40device_segmented_topk_last_filter_kernelINS2_26policy_selector_from_typesIiNS0_8NullTypeElLl8388608EEELNS1_4topk6selectE0EN4cuda3__417constant_iteratorIPKilEENSB_IPilEEPPS5_SI_NS1_6params13uniform_paramIlLl0ELl268435456EEENSK_IlLl1ELl8388608EEENSK_IlLl1ELl1EEEPljPyNS1_21identity_decomposer_tEjjEEvT1_T2_T3_T4_T5_T6_T7_T8_PKT9_PNS7_7counterINS9_3std3__415iterator_traitsINS15_ISR_vE10value_typeEvE10value_typeET12_T13_EEPS19_PNS15_INS15_IST_vE10value_typeEvE10value_typeES1A_T10_iiT11_
    0 bytes stack frame, 0 bytes spill stores, 0 bytes spill loads
ptxas info    : Used 32 registers, used 0 barriers
ptxas info    : Compile time = 25.338 ms
ptxas info    : Compiling entry function '_ZN3cub17_V_300500_SM_10006detail12batched_topk35device_segmented_topk_filter_kernelINS2_26policy_selector_from_typesIiNS0_8NullTypeElLl8388608EEELNS1_4topk6selectE0EN4cuda3__417constant_iteratorIPKilEENSB_IPilEEPPS5_SI_NS1_6params13uniform_paramIlLl0ELl268435456EEENSK_IlLl1ELl8388608EEENSK_IlLl1ELl1EEEPljPyNS1_21identity_decomposer_tEjjEEvT1_T2_T3_T4_T5_T6_T7_T8_PKT9_PNS7_7counterINS9_3std3__415iterator_traitsINS15_ISR_vE10value_typeEvE10value_typeET12_T13_EEPS1A_PS19_PNS15_INS15_IST_vE10value_typeEvE10value_typeES1F_S1K_S1A_S1A_T10_iibT11_' for 'sm_100'
ptxas info    : Function properties for _ZN3cub17_V_300500_SM_10006detail12batched_topk35device_segmented_topk_filter_kernelINS2_26policy_selector_from_typesIiNS0_8NullTypeElLl8388608EEELNS1_4topk6selectE0EN4cuda3__417constant_iteratorIPKilEENSB_IPilEEPPS5_SI_NS1_6params13uniform_paramIlLl0ELl268435456EEENSK_IlLl1ELl8388608EEENSK_IlLl1ELl1EEEPljPyNS1_21identity_decomposer_tEjjEEvT1_T2_T3_T4_T5_T6_T7_T8_PKT9_PNS7_7counterINS9_3std3__415iterator_traitsINS15_ISR_vE10value_typeEvE10value_typeET12_T13_EEPS1A_PS19_PNS15_INS15_IST_vE10value_typeEvE10value_typeES1F_S1K_S1A_S1A_T10_iibT11_
    0 bytes stack frame, 0 bytes spill stores, 0 bytes spill loads
ptxas info    : Used 32 registers, used 1 barriers, 8196 bytes smem
ptxas info    : Compile time = 22.864 ms
ptxas info    : Compiling entry function '_ZN3cub17_V_300500_SM_10006detail12batched_topk47device_segmented_topk_finalize_histogram_kernelINS2_26policy_selector_from_typesIiNS0_8NullTypeElLl8388608EEEN4cuda3__417constant_iteratorIPKilEENS1_6params13uniform_paramIlLl0ELl268435456EEENSE_IlLl1ELl8388608EEENSE_IlLl1ELl1EEEPlPyNS1_4topk16extract_bin_op_tIiLNSK_6selectE0ELi11ENS1_21identity_decomposer_tELb1EEEjjiEEvT0_T1_T2_T3_T4_PNSK_7counterIT9_T7_T8_EEPSW_T5_T6_ib' for 'sm_100'
ptxas info    : Function properties for _ZN3cub17_V_300500_SM_10006detail12batched_topk47device_segmented_topk_finalize_histogram_kernelINS2_26policy_selector_from_typesIiNS0_8NullTypeElLl8388608EEEN4cuda3__417constant_iteratorIPKilEENS1_6params13uniform_paramIlLl0ELl268435456EEENSE_IlLl1ELl8388608EEENSE_IlLl1ELl1EEEPlPyNS1_4topk16extract_bin_op_tIiLNSK_6selectE0ELi11ENS1_21identity_decomposer_tELb1EEEjjiEEvT0_T1_T2_T3_T4_PNSK_7counterIT9_T7_T8_EEPSW_T5_T6_ib
    0 bytes stack frame, 0 bytes spill stores, 0 bytes spill loads
ptxas info    : Used 40 registers, used 1 barriers, 8192 bytes smem
ptxas info    : Compile time = 9.418 ms
ptxas info    : Compiling entry function '_ZN3cub17_V_300500_SM_10006detail12batched_topk38device_segmented_topk_histogram_kernelINS2_26policy_selector_from_typesIiNS0_8NullTypeElLl8388608EEEN4cuda3__417constant_iteratorIPKilEENS1_6params13uniform_paramIlLl0ELl268435456EEENSE_IlLl1ELl8388608EEENSE_IlLl1ELl1EEEPljPyNS1_4topk16extract_bin_op_tIiLNSK_6selectE0ELi11ENS1_21identity_decomposer_tELb1EEEjjjEEvT0_T1_T2_T3_T4_PKT5_PNSK_7counterINS7_3std3__415iterator_traitsINS10_ISP_vE10value_typeEvE10value_typeET8_T9_EEPS15_T6_T7_' for 'sm_100'
ptxas info    : Function properties for _ZN3cub17_V_300500_SM_10006detail12batched_topk38device_segmented_topk_histogram_kernelINS2_26policy_selector_from_typesIiNS0_8NullTypeElLl8388608EEEN4cuda3__417constant_iteratorIPKilEENS1_6params13uniform_paramIlLl0ELl268435456EEENSE_IlLl1ELl8388608EEENSE_IlLl1ELl1EEEPljPyNS1_4topk16extract_bin_op_tIiLNSK_6selectE0ELi11ENS1_21identity_decomposer_tELb1EEEjjjEEvT0_T1_T2_T3_T4_PKT5_PNSK_7counterINS7_3std3__415iterator_traitsINS10_ISP_vE10value_typeEvE10value_typeET8_T9_EEPS15_T6_T7_
    0 bytes stack frame, 0 bytes spill stores, 0 bytes spill loads
ptxas info    : Used 30 registers, used 1 barriers, 8240 bytes smem
ptxas info    : Compile time = 23.734 ms
ptxas info    : Compiling entry function '_ZN3cub17_V_300500_SM_10006detail12batched_topk28device_segmented_topk_kernelINS2_26policy_selector_from_typesIiNS0_8NullTypeElLl8388608EEEN4cuda3__417constant_iteratorIPKilEENS9_IPilEEPPS5_SG_NS1_6params13uniform_paramIlLl0ELl268435456EEENSI_IlLl1ELl8388608EEENSH_22uniform_discrete_paramINS1_4topk6selectEJLSN_1EEEENSI_IlLl1ELl1EEEjEEvT0_T1_T2_T3_T4_T5_T6_T7_PNS2_21batched_topk_countersINSX_10value_typeEEEPSZ_PT8_' for 'sm_100'
ptxas info    : Function properties for _ZN3cub17_V_300500_SM_10006detail12batched_topk28device_segmented_topk_kernelINS2_26policy_selector_from_typesIiNS0_8NullTypeElLl8388608EEEN4cuda3__417constant_iteratorIPKilEENS9_IPilEEPPS5_SG_NS1_6params13uniform_paramIlLl0ELl268435456EEENSI_IlLl1ELl8388608EEENSH_22uniform_discrete_paramINS1_4topk6selectEJLSN_1EEEENSI_IlLl1ELl1EEEjEEvT0_T1_T2_T3_T4_T5_T6_T7_PNS2_21batched_topk_countersINSX_10value_typeEEEPSZ_PT8_
    0 bytes stack frame, 0 bytes spill stores, 0 bytes spill loads
ptxas info    : Used 246 registers, used 1 barriers, 33808 bytes smem
ptxas info    : Compile time = 73.827 ms
ptxas info    : Compiling entry function '_ZN3cub17_V_300500_SM_10006detail12batched_topk44device_segmented_topk_finalize_filter_kernelINS2_26policy_selector_from_typesIsNS0_8NullTypeElLl8388608EEELNS1_4topk6selectE1EN4cuda3__417constant_iteratorIPKslEENSB_IPslEEPPS5_SI_NS1_6params13uniform_paramIlLl0ELl268435456EEENSK_IlLl1ELl8388608EEENSK_IlLl1ELl1EEEPljPyNS1_21identity_decomposer_tEjjsEEvT1_T2_T3_T4_T5_T6_T7_T8_PKT9_PNS7_7counterIT14_T12_T13_EEPS14_PS13_PNS9_3std3__415iterator_traitsINS1C_IST_vE10value_typeEvE10value_typeES19_S1H_T10_S14_S14_iiT11_b' for 'sm_100'
ptxas info    : Function properties for _ZN3cub17_V_300500_SM_10006detail12batched_topk44device_segmented_topk_finalize_filter_kernelINS2_26policy_selector_from_typesIsNS0_8NullTypeElLl8388608EEELNS1_4topk6selectE1EN4cuda3__417constant_iteratorIPKslEENSB_IPslEEPPS5_SI_NS1_6params13uniform_paramIlLl0ELl268435456EEENSK_IlLl1ELl8388608EEENSK_IlLl1ELl1EEEPljPyNS1_21identity_decomposer_tEjjsEEvT1_T2_T3_T4_T5_T6_T7_T8_PKT9_PNS7_7counterIT14_T12_T13_EEPS14_PS13_PNS9_3std3__415iterator_traitsINS1C_IST_vE10value_typeEvE10value_typeES19_S1H_T10_S14_S14_iiT11_b
    0 bytes stack frame, 0 bytes spill stores, 0 bytes spill loads
ptxas info    : Used 64 registers, used 1 barriers, 8208 bytes smem
ptxas info    : Compile time = 37.562 ms
ptxas info    : Compiling entry function '_ZN3cub17_V_300500_SM_10006detail12batched_topk40device_segmented_topk_last_filter_kernelINS2_26policy_selector_from_typesIsNS0_8NullTypeElLl8388608EEELNS1_4topk6selectE1EN4cuda3__417constant_iteratorIPKslEENSB_IPslEEPPS5_SI_NS1_6params13uniform_paramIlLl0ELl268435456EEENSK_IlLl1ELl8388608EEENSK_IlLl1ELl1EEEPljPyNS1_21identity_decomposer_tEjjEEvT1_T2_T3_T4_T5_T6_T7_T8_PKT9_PNS7_7counterINS9_3std3__415iterator_traitsINS15_ISR_vE10value_typeEvE10value_typeET12_T13_EEPS19_PNS15_INS15_IST_vE10value_typeEvE10value_typeES1A_T10_iiT11_' for 'sm_100'
ptxas info    : Function properties for _ZN3cub17_V_300500_SM_10006detail12batched_topk40device_segmented_topk_last_filter_kernelINS2_26policy_selector_from_typesIsNS0_8NullTypeElLl8388608EEELNS1_4topk6selectE1EN4cuda3__417constant_iteratorIPKslEENSB_IPslEEPPS5_SI_NS1_6params13uniform_paramIlLl0ELl268435456EEENSK_IlLl1ELl8388608EEENSK_IlLl1ELl1EEEPljPyNS1_21identity_decomposer_tEjjEEvT1_T2_T3_T4_T5_T6_T7_T8_PKT9_PNS7_7counterINS9_3std3__415iterator_traitsINS15_ISR_vE10value_typeEvE10value_typeET12_T13_EEPS19_PNS15_INS15_IST_vE10value_typeEvE10value_typeES1A_T10_iiT11_
    0 bytes stack frame, 0 bytes spill stores, 0 bytes spill loads
ptxas info    : Used 55 registers, used 0 barriers
ptxas info    : Compile time = 35.669 ms
ptxas info    : Compiling entry function '_ZN3cub17_V_300500_SM_10006detail12batched_topk35device_segmented_topk_filter_kernelINS2_26policy_selector_from_typesIsNS0_8NullTypeElLl8388608EEELNS1_4topk6selectE1EN4cuda3__417constant_iteratorIPKslEENSB_IPslEEPPS5_SI_NS1_6params13uniform_paramIlLl0ELl268435456EEENSK_IlLl1ELl8388608EEENSK_IlLl1ELl1EEEPljPyNS1_21identity_decomposer_tEjjEEvT1_T2_T3_T4_T5_T6_T7_T8_PKT9_PNS7_7counterINS9_3std3__415iterator_traitsINS15_ISR_vE10value_typeEvE10value_typeET12_T13_EEPS1A_PS19_PNS15_INS15_IST_vE10value_typeEvE10value_typeES1F_S1K_S1A_S1A_T10_iibT11_' for 'sm_100'
ptxas info    : Function properties for _ZN3cub17_V_300500_SM_10006detail12batched_topk35device_segmented_topk_filter_kernelINS2_26policy_selector_from_typesIsNS0_8NullTypeElLl8388608EEELNS1_4topk6selectE1EN4cuda3__417constant_iteratorIPKslEENSB_IPslEEPPS5_SI_NS1_6params13uniform_paramIlLl0ELl268435456EEENSK_IlLl1ELl8388608EEENSK_IlLl1ELl1EEEPljPyNS1_21identity_decomposer_tEjjEEvT1_T2_T3_T4_T5_T6_T7_T8_PKT9_PNS7_7counterINS9_3std3__415iterator_traitsINS15_ISR_vE10value_typeEvE10value_typeET12_T13_EEPS1A_PS19_PNS15_INS15_IST_vE10value_typeEvE10value_typeES1F_S1K_S1A_S1A_T10_iibT11_
    0 bytes stack frame, 0 bytes spill stores, 0 bytes spill loads
ptxas info    : Used 32 registers, used 1 barriers, 8196 bytes smem
ptxas info    : Compile time = 32.791 ms
ptxas info    : Compiling entry function '_ZN3cub17_V_300500_SM_10006detail12batched_topk47device_segmented_topk_finalize_histogram_kernelINS2_26policy_selector_from_typesIsNS0_8NullTypeElLl8388608EEEN4cuda3__417constant_iteratorIPKslEENS1_6params13uniform_paramIlLl0ELl268435456EEENSE_IlLl1ELl8388608EEENSE_IlLl1ELl1EEEPlPyNS1_4topk16extract_bin_op_tIsLNSK_6selectE1ELi11ENS1_21identity_decomposer_tELb1EEEjjsEEvT0_T1_T2_T3_T4_PNSK_7counterIT9_T7_T8_EEPSW_T5_T6_ib' for 'sm_100'
ptxas info    : Function properties for _ZN3cub17_V_300500_SM_10006detail12batched_topk47device_segmented_topk_finalize_histogram_kernelINS2_26policy_selector_from_typesIsNS0_8NullTypeElLl8388608EEEN4cuda3__417constant_iteratorIPKslEENS1_6params13uniform_paramIlLl0ELl268435456EEENSE_IlLl1ELl8388608EEENSE_IlLl1ELl1EEEPlPyNS1_4topk16extract_bin_op_tIsLNSK_6selectE1ELi11ENS1_21identity_decomposer_tELb1EEEjjsEEvT0_T1_T2_T3_T4_PNSK_7counterIT9_T7_T8_EEPSW_T5_T6_ib
    0 bytes stack frame, 0 bytes spill stores, 0 bytes spill loads
ptxas info    : Used 32 registers, used 1 barriers, 8192 bytes smem
ptxas info    : Compile time = 10.665 ms
ptxas info    : Compiling entry function '_ZN3cub17_V_300500_SM_10006detail12batched_topk38device_segmented_topk_histogram_kernelINS2_26policy_selector_from_typesIsNS0_8NullTypeElLl8388608EEEN4cuda3__417constant_iteratorIPKslEENS1_6params13uniform_paramIlLl0ELl268435456EEENSE_IlLl1ELl8388608EEENSE_IlLl1ELl1EEEPljPyNS1_4topk16extract_bin_op_tIsLNSK_6selectE1ELi11ENS1_21identity_decomposer_tELb1EEEjjjEEvT0_T1_T2_T3_T4_PKT5_PNSK_7counterINS7_3std3__415iterator_traitsINS10_ISP_vE10value_typeEvE10value_typeET8_T9_EEPS15_T6_T7_' for 'sm_100'
ptxas info    : Function properties for _ZN3cub17_V_300500_SM_10006detail12batched_topk38device_segmented_topk_histogram_kernelINS2_26policy_selector_from_typesIsNS0_8NullTypeElLl8388608EEEN4cuda3__417constant_iteratorIPKslEENS1_6params13uniform_paramIlLl0ELl268435456EEENSE_IlLl1ELl8388608EEENSE_IlLl1ELl1EEEPljPyNS1_4topk16extract_bin_op_tIsLNSK_6selectE1ELi11ENS1_21identity_decomposer_tELb1EEEjjjEEvT0_T1_T2_T3_T4_PKT5_PNSK_7counterINS7_3std3__415iterator_traitsINS10_ISP_vE10value_typeEvE10value_typeET8_T9_EEPS15_T6_T7_
    0 bytes stack frame, 0 bytes spill stores, 0 bytes spill loads
ptxas info    : Used 28 registers, used 1 barriers, 8240 bytes smem
ptxas info    : Compile time = 38.472 ms
ptxas info    : Compiling entry function '_ZN3cub17_V_300500_SM_10006detail12batched_topk44device_segmented_topk_finalize_filter_kernelINS2_26policy_selector_from_typesIsNS0_8NullTypeElLl8388608EEELNS1_4topk6selectE0EN4cuda3__417constant_iteratorIPKslEENSB_IPslEEPPS5_SI_NS1_6params13uniform_paramIlLl0ELl268435456EEENSK_IlLl1ELl8388608EEENSK_IlLl1ELl1EEEPljPyNS1_21identity_decomposer_tEjjsEEvT1_T2_T3_T4_T5_T6_T7_T8_PKT9_PNS7_7counterIT14_T12_T13_EEPS14_PS13_PNS9_3std3__415iterator_traitsINS1C_IST_vE10value_typeEvE10value_typeES19_S1H_T10_S14_S14_iiT11_b' for 'sm_100'
ptxas info    : Function properties for _ZN3cub17_V_300500_SM_10006detail12batched_topk44device_segmented_topk_finalize_filter_kernelINS2_26policy_selector_from_typesIsNS0_8NullTypeElLl8388608EEELNS1_4topk6selectE0EN4cuda3__417constant_iteratorIPKslEENSB_IPslEEPPS5_SI_NS1_6params13uniform_paramIlLl0ELl268435456EEENSK_IlLl1ELl8388608EEENSK_IlLl1ELl1EEEPljPyNS1_21identity_decomposer_tEjjsEEvT1_T2_T3_T4_T5_T6_T7_T8_PKT9_PNS7_7counterIT14_T12_T13_EEPS14_PS13_PNS9_3std3__415iterator_traitsINS1C_IST_vE10value_typeEvE10value_typeES19_S1H_T10_S14_S14_iiT11_b
    0 bytes stack frame, 0 bytes spill stores, 0 bytes spill loads
ptxas info    : Used 64 registers, used 1 barriers, 8208 bytes smem
ptxas info    : Compile time = 37.587 ms
ptxas info    : Compiling entry function '_ZN3cub17_V_300500_SM_10006detail12batched_topk40device_segmented_topk_last_filter_kernelINS2_26policy_selector_from_typesIsNS0_8NullTypeElLl8388608EEELNS1_4topk6selectE0EN4cuda3__417constant_iteratorIPKslEENSB_IPslEEPPS5_SI_NS1_6params13uniform_paramIlLl0ELl268435456EEENSK_IlLl1ELl8388608EEENSK_IlLl1ELl1EEEPljPyNS1_21identity_decomposer_tEjjEEvT1_T2_T3_T4_T5_T6_T7_T8_PKT9_PNS7_7counterINS9_3std3__415iterator_traitsINS15_ISR_vE10value_typeEvE10value_typeET12_T13_EEPS19_PNS15_INS15_IST_vE10value_typeEvE10value_typeES1A_T10_iiT11_' for 'sm_100'
ptxas info    : Function properties for _ZN3cub17_V_300500_SM_10006detail12batched_topk40device_segmented_topk_last_filter_kernelINS2_26policy_selector_from_typesIsNS0_8NullTypeElLl8388608EEELNS1_4topk6selectE0EN4cuda3__417constant_iteratorIPKslEENSB_IPslEEPPS5_SI_NS1_6params13uniform_paramIlLl0ELl268435456EEENSK_IlLl1ELl8388608EEENSK_IlLl1ELl1EEEPljPyNS1_21identity_decomposer_tEjjEEvT1_T2_T3_T4_T5_T6_T7_T8_PKT9_PNS7_7counterINS9_3std3__415iterator_traitsINS15_ISR_vE10value_typeEvE10value_typeET12_T13_EEPS19_PNS15_INS15_IST_vE10value_typeEvE10value_typeES1A_T10_iiT11_
    0 bytes stack frame, 0 bytes spill stores, 0 bytes spill loads
ptxas info    : Used 55 registers, used 0 barriers
ptxas info    : Compile time = 35.742 ms
ptxas info    : Compiling entry function '_ZN3cub17_V_300500_SM_10006detail12batched_topk35device_segmented_topk_filter_kernelINS2_26policy_selector_from_typesIsNS0_8NullTypeElLl8388608EEELNS1_4topk6selectE0EN4cuda3__417constant_iteratorIPKslEENSB_IPslEEPPS5_SI_NS1_6params13uniform_paramIlLl0ELl268435456EEENSK_IlLl1ELl8388608EEENSK_IlLl1ELl1EEEPljPyNS1_21identity_decomposer_tEjjEEvT1_T2_T3_T4_T5_T6_T7_T8_PKT9_PNS7_7counterINS9_3std3__415iterator_traitsINS15_ISR_vE10value_typeEvE10value_typeET12_T13_EEPS1A_PS19_PNS15_INS15_IST_vE10value_typeEvE10value_typeES1F_S1K_S1A_S1A_T10_iibT11_' for 'sm_100'
ptxas info    : Function properties for _ZN3cub17_V_300500_SM_10006detail12batched_topk35device_segmented_topk_filter_kernelINS2_26policy_selector_from_typesIsNS0_8NullTypeElLl8388608EEELNS1_4topk6selectE0EN4cuda3__417constant_iteratorIPKslEENSB_IPslEEPPS5_SI_NS1_6params13uniform_paramIlLl0ELl268435456EEENSK_IlLl1ELl8388608EEENSK_IlLl1ELl1EEEPljPyNS1_21identity_decomposer_tEjjEEvT1_T2_T3_T4_T5_T6_T7_T8_PKT9_PNS7_7counterINS9_3std3__415iterator_traitsINS15_ISR_vE10value_typeEvE10value_typeET12_T13_EEPS1A_PS19_PNS15_INS15_IST_vE10value_typeEvE10value_typeES1F_S1K_S1A_S1A_T10_iibT11_
    0 bytes stack frame, 0 bytes spill stores, 0 bytes spill loads
ptxas info    : Used 32 registers, used 1 barriers, 8196 bytes smem
ptxas info    : Compile time = 32.782 ms
ptxas info    : Compiling entry function '_ZN3cub17_V_300500_SM_10006detail12batched_topk47device_segmented_topk_finalize_histogram_kernelINS2_26policy_selector_from_typesIsNS0_8NullTypeElLl8388608EEEN4cuda3__417constant_iteratorIPKslEENS1_6params13uniform_paramIlLl0ELl268435456EEENSE_IlLl1ELl8388608EEENSE_IlLl1ELl1EEEPlPyNS1_4topk16extract_bin_op_tIsLNSK_6selectE0ELi11ENS1_21identity_decomposer_tELb1EEEjjsEEvT0_T1_T2_T3_T4_PNSK_7counterIT9_T7_T8_EEPSW_T5_T6_ib' for 'sm_100'
ptxas info    : Function properties for _ZN3cub17_V_300500_SM_10006detail12batched_topk47device_segmented_topk_finalize_histogram_kernelINS2_26policy_selector_from_typesIsNS0_8NullTypeElLl8388608EEEN4cuda3__417constant_iteratorIPKslEENS1_6params13uniform_paramIlLl0ELl268435456EEENSE_IlLl1ELl8388608EEENSE_IlLl1ELl1EEEPlPyNS1_4topk16extract_bin_op_tIsLNSK_6selectE0ELi11ENS1_21identity_decomposer_tELb1EEEjjsEEvT0_T1_T2_T3_T4_PNSK_7counterIT9_T7_T8_EEPSW_T5_T6_ib
    0 bytes stack frame, 0 bytes spill stores, 0 bytes spill loads
ptxas info    : Used 32 registers, used 1 barriers, 8192 bytes smem
ptxas info    : Compile time = 10.664 ms
ptxas info    : Compiling entry function '_ZN3cub17_V_300500_SM_10006detail12batched_topk38device_segmented_topk_histogram_kernelINS2_26policy_selector_from_typesIsNS0_8NullTypeElLl8388608EEEN4cuda3__417constant_iteratorIPKslEENS1_6params13uniform_paramIlLl0ELl268435456EEENSE_IlLl1ELl8388608EEENSE_IlLl1ELl1EEEPljPyNS1_4topk16extract_bin_op_tIsLNSK_6selectE0ELi11ENS1_21identity_decomposer_tELb1EEEjjjEEvT0_T1_T2_T3_T4_PKT5_PNSK_7counterINS7_3std3__415iterator_traitsINS10_ISP_vE10value_typeEvE10value_typeET8_T9_EEPS15_T6_T7_' for 'sm_100'
ptxas info    : Function properties for _ZN3cub17_V_300500_SM_10006detail12batched_topk38device_segmented_topk_histogram_kernelINS2_26policy_selector_from_typesIsNS0_8NullTypeElLl8388608EEEN4cuda3__417constant_iteratorIPKslEENS1_6params13uniform_paramIlLl0ELl268435456EEENSE_IlLl1ELl8388608EEENSE_IlLl1ELl1EEEPljPyNS1_4topk16extract_bin_op_tIsLNSK_6selectE0ELi11ENS1_21identity_decomposer_tELb1EEEjjjEEvT0_T1_T2_T3_T4_PKT5_PNSK_7counterINS7_3std3__415iterator_traitsINS10_ISP_vE10value_typeEvE10value_typeET8_T9_EEPS15_T6_T7_
    0 bytes stack frame, 0 bytes spill stores, 0 bytes spill loads
ptxas info    : Used 28 registers, used 1 barriers, 8240 bytes smem
ptxas info    : Compile time = 38.475 ms
ptxas info    : Compiling entry function '_ZN3cub17_V_300500_SM_10006detail12batched_topk28device_segmented_topk_kernelINS2_26policy_selector_from_typesIsNS0_8NullTypeElLl8388608EEEN4cuda3__417constant_iteratorIPKslEENS9_IPslEEPPS5_SG_NS1_6params13uniform_paramIlLl0ELl268435456EEENSI_IlLl1ELl8388608EEENSH_22uniform_discrete_paramINS1_4topk6selectEJLSN_1EEEENSI_IlLl1ELl1EEEjEEvT0_T1_T2_T3_T4_T5_T6_T7_PNS2_21batched_topk_countersINSX_10value_typeEEEPSZ_PT8_' for 'sm_100'
ptxas info    : Function properties for _ZN3cub17_V_300500_SM_10006detail12batched_topk28device_segmented_topk_kernelINS2_26policy_selector_from_typesIsNS0_8NullTypeElLl8388608EEEN4cuda3__417constant_iteratorIPKslEENS9_IPslEEPPS5_SG_NS1_6params13uniform_paramIlLl0ELl268435456EEENSI_IlLl1ELl8388608EEENSH_22uniform_discrete_paramINS1_4topk6selectEJLSN_1EEEENSI_IlLl1ELl1EEEjEEvT0_T1_T2_T3_T4_T5_T6_T7_PNS2_21batched_topk_countersINSX_10value_typeEEEPSZ_PT8_
    72 bytes stack frame, 72 bytes spill stores, 72 bytes spill loads
ptxas info    : Used 255 registers, used 1 barriers, 72 bytes cumulative stack size, 33808 bytes smem
ptxas info    : Compile time = 200.608 ms
ptxas info    : Compiling entry function '_ZN3cub17_V_300500_SM_10006detail12batched_topk44device_segmented_topk_finalize_filter_kernelINS2_26policy_selector_from_typesIaNS0_8NullTypeElLl8388608EEELNS1_4topk6selectE1EN4cuda3__417constant_iteratorIPKalEENSB_IPalEEPPS5_SI_NS1_6params13uniform_paramIlLl0ELl268435456EEENSK_IlLl1ELl8388608EEENSK_IlLl1ELl1EEEPljPyNS1_21identity_decomposer_tEjjaEEvT1_T2_T3_T4_T5_T6_T7_T8_PKT9_PNS7_7counterIT14_T12_T13_EEPS14_PS13_PNS9_3std3__415iterator_traitsINS1C_IST_vE10value_typeEvE10value_typeES19_S1H_T10_S14_S14_iiT11_b' for 'sm_100'
ptxas info    : Function properties for _ZN3cub17_V_300500_SM_10006detail12batched_topk44device_segmented_topk_finalize_filter_kernelINS2_26policy_selector_from_typesIaNS0_8NullTypeElLl8388608EEELNS1_4topk6selectE1EN4cuda3__417constant_iteratorIPKalEENSB_IPalEEPPS5_SI_NS1_6params13uniform_paramIlLl0ELl268435456EEENSK_IlLl1ELl8388608EEENSK_IlLl1ELl1EEEPljPyNS1_21identity_decomposer_tEjjaEEvT1_T2_T3_T4_T5_T6_T7_T8_PKT9_PNS7_7counterIT14_T12_T13_EEPS14_PS13_PNS9_3std3__415iterator_traitsINS1C_IST_vE10value_typeEvE10value_typeES19_S1H_T10_S14_S14_iiT11_b
    0 bytes stack frame, 0 bytes spill stores, 0 bytes spill loads
ptxas info    : Used 106 registers, used 1 barriers, 2048 bytes smem
ptxas info    : Compile time = 63.461 ms
ptxas info    : Compiling entry function '_ZN3cub17_V_300500_SM_10006detail12batched_topk40device_segmented_topk_last_filter_kernelINS2_26policy_selector_from_typesIaNS0_8NullTypeElLl8388608EEELNS1_4topk6selectE1EN4cuda3__417constant_iteratorIPKalEENSB_IPalEEPPS5_SI_NS1_6params13uniform_paramIlLl0ELl268435456EEENSK_IlLl1ELl8388608EEENSK_IlLl1ELl1EEEPljPyNS1_21identity_decomposer_tEjjEEvT1_T2_T3_T4_T5_T6_T7_T8_PKT9_PNS7_7counterINS9_3std3__415iterator_traitsINS15_ISR_vE10value_typeEvE10value_typeET12_T13_EEPS19_PNS15_INS15_IST_vE10value_typeEvE10value_typeES1A_T10_iiT11_' for 'sm_100'
ptxas info    : Function properties for _ZN3cub17_V_300500_SM_10006detail12batched_topk40device_segmented_topk_last_filter_kernelINS2_26policy_selector_from_typesIaNS0_8NullTypeElLl8388608EEELNS1_4topk6selectE1EN4cuda3__417constant_iteratorIPKalEENSB_IPalEEPPS5_SI_NS1_6params13uniform_paramIlLl0ELl268435456EEENSK_IlLl1ELl8388608EEENSK_IlLl1ELl1EEEPljPyNS1_21identity_decomposer_tEjjEEvT1_T2_T3_T4_T5_T6_T7_T8_PKT9_PNS7_7counterINS9_3std3__415iterator_traitsINS15_ISR_vE10value_typeEvE10value_typeET12_T13_EEPS19_PNS15_INS15_IST_vE10value_typeEvE10value_typeES1A_T10_iiT11_
    0 bytes stack frame, 0 bytes spill stores, 0 bytes spill loads
ptxas info    : Used 60 registers, used 0 barriers
ptxas info    : Compile time = 66.919 ms
ptxas info    : Compiling entry function '_ZN3cub17_V_300500_SM_10006detail12batched_topk35device_segmented_topk_filter_kernelINS2_26policy_selector_from_typesIaNS0_8NullTypeElLl8388608EEELNS1_4topk6selectE1EN4cuda3__417constant_iteratorIPKalEENSB_IPalEEPPS5_SI_NS1_6params13uniform_paramIlLl0ELl268435456EEENSK_IlLl1ELl8388608EEENSK_IlLl1ELl1EEEPljPyNS1_21identity_decomposer_tEjjEEvT1_T2_T3_T4_T5_T6_T7_T8_PKT9_PNS7_7counterINS9_3std3__415iterator_traitsINS15_ISR_vE10value_typeEvE10value_typeET12_T13_EEPS1A_PS19_PNS15_INS15_IST_vE10value_typeEvE10value_typeES1F_S1K_S1A_S1A_T10_iibT11_' for 'sm_100'
ptxas info    : Function properties for _ZN3cub17_V_300500_SM_10006detail12batched_topk35device_segmented_topk_filter_kernelINS2_26policy_selector_from_typesIaNS0_8NullTypeElLl8388608EEELNS1_4topk6selectE1EN4cuda3__417constant_iteratorIPKalEENSB_IPalEEPPS5_SI_NS1_6params13uniform_paramIlLl0ELl268435456EEENSK_IlLl1ELl8388608EEENSK_IlLl1ELl1EEEPljPyNS1_21identity_decomposer_tEjjEEvT1_T2_T3_T4_T5_T6_T7_T8_PKT9_PNS7_7counterINS9_3std3__415iterator_traitsINS15_ISR_vE10value_typeEvE10value_typeET12_T13_EEPS1A_PS19_PNS15_INS15_IST_vE10value_typeEvE10value_typeES1F_S1K_S1A_S1A_T10_iibT11_
    0 bytes stack frame, 0 bytes spill stores, 0 bytes spill loads
ptxas info    : Used 40 registers, used 1 barriers, 1028 bytes smem
ptxas info    : Compile time = 53.209 ms
ptxas info    : Compiling entry function '_ZN3cub17_V_300500_SM_10006detail12batched_topk47device_segmented_topk_finalize_histogram_kernelINS2_26policy_selector_from_typesIaNS0_8NullTypeElLl8388608EEEN4cuda3__417constant_iteratorIPKalEENS1_6params13uniform_paramIlLl0ELl268435456EEENSE_IlLl1ELl8388608EEENSE_IlLl1ELl1EEEPlPyNS1_4topk16extract_bin_op_tIaLNSK_6selectE1ELi8ENS1_21identity_decomposer_tELb1EEEjjaEEvT0_T1_T2_T3_T4_PNSK_7counterIT9_T7_T8_EEPSW_T5_T6_ib' for 'sm_100'
ptxas info    : Function properties for _ZN3cub17_V_300500_SM_10006detail12batched_topk47device_segmented_topk_finalize_histogram_kernelINS2_26policy_selector_from_typesIaNS0_8NullTypeElLl8388608EEEN4cuda3__417constant_iteratorIPKalEENS1_6params13uniform_paramIlLl0ELl268435456EEENSE_IlLl1ELl8388608EEENSE_IlLl1ELl1EEEPlPyNS1_4topk16extract_bin_op_tIaLNSK_6selectE1ELi8ENS1_21identity_decomposer_tELb1EEEjjaEEvT0_T1_T2_T3_T4_PNSK_7counterIT9_T7_T8_EEPSW_T5_T6_ib
    0 bytes stack frame, 0 bytes spill stores, 0 bytes spill loads
ptxas info    : Used 32 registers, used 1 barriers, 2048 bytes smem
ptxas info    : Compile time = 11.030 ms
ptxas info    : Compiling entry function '_ZN3cub17_V_300500_SM_10006detail12batched_topk38device_segmented_topk_histogram_kernelINS2_26policy_selector_from_typesIaNS0_8NullTypeElLl8388608EEEN4cuda3__417constant_iteratorIPKalEENS1_6params13uniform_paramIlLl0ELl268435456EEENSE_IlLl1ELl8388608EEENSE_IlLl1ELl1EEEPljPyNS1_4topk16extract_bin_op_tIaLNSK_6selectE1ELi8ENS1_21identity_decomposer_tELb1EEEjjjEEvT0_T1_T2_T3_T4_PKT5_PNSK_7counterINS7_3std3__415iterator_traitsINS10_ISP_vE10value_typeEvE10value_typeET8_T9_EEPS15_T6_T7_' for 'sm_100'
ptxas info    : Function properties for _ZN3cub17_V_300500_SM_10006detail12batched_topk38device_segmented_topk_histogram_kernelINS2_26policy_selector_from_typesIaNS0_8NullTypeElLl8388608EEEN4cuda3__417constant_iteratorIPKalEENS1_6params13uniform_paramIlLl0ELl268435456EEENSE_IlLl1ELl8388608EEENSE_IlLl1ELl1EEEPljPyNS1_4topk16extract_bin_op_tIaLNSK_6selectE1ELi8ENS1_21identity_decomposer_tELb1EEEjjjEEvT0_T1_T2_T3_T4_PKT5_PNSK_7counterINS7_3std3__415iterator_traitsINS10_ISP_vE10value_typeEvE10value_typeET8_T9_EEPS15_T6_T7_
    0 bytes stack frame, 0 bytes spill stores, 0 bytes spill loads
ptxas info    : Used 26 registers, used 1 barriers, 1072 bytes smem
ptxas info    : Compile time = 67.993 ms
ptxas info    : Compiling entry function '_ZN3cub17_V_300500_SM_10006detail12batched_topk44device_segmented_topk_finalize_filter_kernelINS2_26policy_selector_from_typesIaNS0_8NullTypeElLl8388608EEELNS1_4topk6selectE0EN4cuda3__417constant_iteratorIPKalEENSB_IPalEEPPS5_SI_NS1_6params13uniform_paramIlLl0ELl268435456EEENSK_IlLl1ELl8388608EEENSK_IlLl1ELl1EEEPljPyNS1_21identity_decomposer_tEjjaEEvT1_T2_T3_T4_T5_T6_T7_T8_PKT9_PNS7_7counterIT14_T12_T13_EEPS14_PS13_PNS9_3std3__415iterator_traitsINS1C_IST_vE10value_typeEvE10value_typeES19_S1H_T10_S14_S14_iiT11_b' for 'sm_100'
ptxas info    : Function properties for _ZN3cub17_V_300500_SM_10006detail12batched_topk44device_segmented_topk_finalize_filter_kernelINS2_26policy_selector_from_typesIaNS0_8NullTypeElLl8388608EEELNS1_4topk6selectE0EN4cuda3__417constant_iteratorIPKalEENSB_IPalEEPPS5_SI_NS1_6params13uniform_paramIlLl0ELl268435456EEENSK_IlLl1ELl8388608EEENSK_IlLl1ELl1EEEPljPyNS1_21identity_decomposer_tEjjaEEvT1_T2_T3_T4_T5_T6_T7_T8_PKT9_PNS7_7counterIT14_T12_T13_EEPS14_PS13_PNS9_3std3__415iterator_traitsINS1C_IST_vE10value_typeEvE10value_typeES19_S1H_T10_S14_S14_iiT11_b
    0 bytes stack frame, 0 bytes spill stores, 0 bytes spill loads
ptxas info    : Used 106 registers, used 1 barriers, 2048 bytes smem
ptxas info    : Compile time = 62.987 ms
ptxas info    : Compiling entry function '_ZN3cub17_V_300500_SM_10006detail12batched_topk40device_segmented_topk_last_filter_kernelINS2_26policy_selector_from_typesIaNS0_8NullTypeElLl8388608EEELNS1_4topk6selectE0EN4cuda3__417constant_iteratorIPKalEENSB_IPalEEPPS5_SI_NS1_6params13uniform_paramIlLl0ELl268435456EEENSK_IlLl1ELl8388608EEENSK_IlLl1ELl1EEEPljPyNS1_21identity_decomposer_tEjjEEvT1_T2_T3_T4_T5_T6_T7_T8_PKT9_PNS7_7counterINS9_3std3__415iterator_traitsINS15_ISR_vE10value_typeEvE10value_typeET12_T13_EEPS19_PNS15_INS15_IST_vE10value_typeEvE10value_typeES1A_T10_iiT11_' for 'sm_100'
ptxas info    : Function properties for _ZN3cub17_V_300500_SM_10006detail12batched_topk40device_segmented_topk_last_filter_kernelINS2_26policy_selector_from_typesIaNS0_8NullTypeElLl8388608EEELNS1_4topk6selectE0EN4cuda3__417constant_iteratorIPKalEENSB_IPalEEPPS5_SI_NS1_6params13uniform_paramIlLl0ELl268435456EEENSK_IlLl1ELl8388608EEENSK_IlLl1ELl1EEEPljPyNS1_21identity_decomposer_tEjjEEvT1_T2_T3_T4_T5_T6_T7_T8_PKT9_PNS7_7counterINS9_3std3__415iterator_traitsINS15_ISR_vE10value_typeEvE10value_typeET12_T13_EEPS19_PNS15_INS15_IST_vE10value_typeEvE10value_typeES1A_T10_iiT11_
    0 bytes stack frame, 0 bytes spill stores, 0 bytes spill loads
ptxas info    : Used 60 registers, used 0 barriers
ptxas info    : Compile time = 67.091 ms
ptxas info    : Compiling entry function '_ZN3cub17_V_300500_SM_10006detail12batched_topk35device_segmented_topk_filter_kernelINS2_26policy_selector_from_typesIaNS0_8NullTypeElLl8388608EEELNS1_4topk6selectE0EN4cuda3__417constant_iteratorIPKalEENSB_IPalEEPPS5_SI_NS1_6params13uniform_paramIlLl0ELl268435456EEENSK_IlLl1ELl8388608EEENSK_IlLl1ELl1EEEPljPyNS1_21identity_decomposer_tEjjEEvT1_T2_T3_T4_T5_T6_T7_T8_PKT9_PNS7_7counterINS9_3std3__415iterator_traitsINS15_ISR_vE10value_typeEvE10value_typeET12_T13_EEPS1A_PS19_PNS15_INS15_IST_vE10value_typeEvE10value_typeES1F_S1K_S1A_S1A_T10_iibT11_' for 'sm_100'
ptxas info    : Function properties for _ZN3cub17_V_300500_SM_10006detail12batched_topk35device_segmented_topk_filter_kernelINS2_26policy_selector_from_typesIaNS0_8NullTypeElLl8388608EEELNS1_4topk6selectE0EN4cuda3__417constant_iteratorIPKalEENSB_IPalEEPPS5_SI_NS1_6params13uniform_paramIlLl0ELl268435456EEENSK_IlLl1ELl8388608EEENSK_IlLl1ELl1EEEPljPyNS1_21identity_decomposer_tEjjEEvT1_T2_T3_T4_T5_T6_T7_T8_PKT9_PNS7_7counterINS9_3std3__415iterator_traitsINS15_ISR_vE10value_typeEvE10value_typeET12_T13_EEPS1A_PS19_PNS15_INS15_IST_vE10value_typeEvE10value_typeES1F_S1K_S1A_S1A_T10_iibT11_
    0 bytes stack frame, 0 bytes spill stores, 0 bytes spill loads
ptxas info    : Used 40 registers, used 1 barriers, 1028 bytes smem
ptxas info    : Compile time = 53.427 ms
ptxas info    : Compiling entry function '_ZN3cub17_V_300500_SM_10006detail12batched_topk47device_segmented_topk_finalize_histogram_kernelINS2_26policy_selector_from_typesIaNS0_8NullTypeElLl8388608EEEN4cuda3__417constant_iteratorIPKalEENS1_6params13uniform_paramIlLl0ELl268435456EEENSE_IlLl1ELl8388608EEENSE_IlLl1ELl1EEEPlPyNS1_4topk16extract_bin_op_tIaLNSK_6selectE0ELi8ENS1_21identity_decomposer_tELb1EEEjjaEEvT0_T1_T2_T3_T4_PNSK_7counterIT9_T7_T8_EEPSW_T5_T6_ib' for 'sm_100'
ptxas info    : Function properties for _ZN3cub17_V_300500_SM_10006detail12batched_topk47device_segmented_topk_finalize_histogram_kernelINS2_26policy_selector_from_typesIaNS0_8NullTypeElLl8388608EEEN4cuda3__417constant_iteratorIPKalEENS1_6params13uniform_paramIlLl0ELl268435456EEENSE_IlLl1ELl8388608EEENSE_IlLl1ELl1EEEPlPyNS1_4topk16extract_bin_op_tIaLNSK_6selectE0ELi8ENS1_21identity_decomposer_tELb1EEEjjaEEvT0_T1_T2_T3_T4_PNSK_7counterIT9_T7_T8_EEPSW_T5_T6_ib
    0 bytes stack frame, 0 bytes spill stores, 0 bytes spill loads
ptxas info    : Used 32 registers, used 1 barriers, 2048 bytes smem
ptxas info    : Compile time = 10.995 ms
ptxas info    : Compiling entry function '_ZN3cub17_V_300500_SM_10006detail12batched_topk38device_segmented_topk_histogram_kernelINS2_26policy_selector_from_typesIaNS0_8NullTypeElLl8388608EEEN4cuda3__417constant_iteratorIPKalEENS1_6params13uniform_paramIlLl0ELl268435456EEENSE_IlLl1ELl8388608EEENSE_IlLl1ELl1EEEPljPyNS1_4topk16extract_bin_op_tIaLNSK_6selectE0ELi8ENS1_21identity_decomposer_tELb1EEEjjjEEvT0_T1_T2_T3_T4_PKT5_PNSK_7counterINS7_3std3__415iterator_traitsINS10_ISP_vE10value_typeEvE10value_typeET8_T9_EEPS15_T6_T7_' for 'sm_100'
ptxas info    : Function properties for _ZN3cub17_V_300500_SM_10006detail12batched_topk38device_segmented_topk_histogram_kernelINS2_26policy_selector_from_typesIaNS0_8NullTypeElLl8388608EEEN4cuda3__417constant_iteratorIPKalEENS1_6params13uniform_paramIlLl0ELl268435456EEENSE_IlLl1ELl8388608EEENSE_IlLl1ELl1EEEPljPyNS1_4topk16extract_bin_op_tIaLNSK_6selectE0ELi8ENS1_21identity_decomposer_tELb1EEEjjjEEvT0_T1_T2_T3_T4_PKT5_PNSK_7counterINS7_3std3__415iterator_traitsINS10_ISP_vE10value_typeEvE10value_typeET8_T9_EEPS15_T6_T7_
    0 bytes stack frame, 0 bytes spill stores, 0 bytes spill loads
ptxas info    : Used 26 registers, used 1 barriers, 1072 bytes smem
ptxas info    : Compile time = 66.913 ms
ptxas info    : Compiling entry function '_ZN3cub17_V_300500_SM_10006detail12batched_topk28device_segmented_topk_kernelINS2_26policy_selector_from_typesIaNS0_8NullTypeElLl8388608EEEN4cuda3__417constant_iteratorIPKalEENS9_IPalEEPPS5_SG_NS1_6params13uniform_paramIlLl0ELl268435456EEENSI_IlLl1ELl8388608EEENSH_22uniform_discrete_paramINS1_4topk6selectEJLSN_1EEEENSI_IlLl1ELl1EEEjEEvT0_T1_T2_T3_T4_T5_T6_T7_PNS2_21batched_topk_countersINSX_10value_typeEEEPSZ_PT8_' for 'sm_100'
ptxas info    : Function properties for _ZN3cub17_V_300500_SM_10006detail12batched_topk28device_segmented_topk_kernelINS2_26policy_selector_from_typesIaNS0_8NullTypeElLl8388608EEEN4cuda3__417constant_iteratorIPKalEENS9_IPalEEPPS5_SG_NS1_6params13uniform_paramIlLl0ELl268435456EEENSI_IlLl1ELl8388608EEENSH_22uniform_discrete_paramINS1_4topk6selectEJLSN_1EEEENSI_IlLl1ELl1EEEjEEvT0_T1_T2_T3_T4_T5_T6_T7_PNS2_21batched_topk_countersINSX_10value_typeEEEPSZ_PT8_
    0 bytes stack frame, 0 bytes spill stores, 0 bytes spill loads
ptxas info    : Used 255 registers, used 1 barriers, 33808 bytes smem
ptxas info    : Compile time = 148.613 ms
ptxas info    : Compiling entry function '_ZN3cub17_V_300500_SM_10006detail11EmptyKernelIvEEvv' for 'sm_100'
ptxas info    : Function properties for _ZN3cub17_V_300500_SM_10006detail11EmptyKernelIvEEvv
    0 bytes stack frame, 0 bytes spill stores, 0 bytes spill loads
ptxas info    : Used 4 registers, used 0 barriers
ptxas info    : Compile time = 0.449 ms
[3/3] Linking CUDA executable bin/cub.bench.topk.keys.base
