ninja: Entering directory `/cccl_fork/topk_perf/build_by_ref'
[0/2] Re-checking globbed directories...
[1/6] Generate git revision file for nvbench_git_revision
[2/3] Building CUDA object cub/benchmarks/CMakeFiles/cub.bench.topk.keys.base.dir/bench/topk/keys.cu.o
ptxas info    : 124 bytes gmem
ptxas info    : Compiling entry function '_ZN7nvbench6detail11noop_kernelIvEEvv' for 'sm_100'
ptxas info    : Function properties for _ZN7nvbench6detail11noop_kernelIvEEvv
    0 bytes stack frame, 0 bytes spill stores, 0 bytes spill loads
ptxas info    : Used 4 registers, used 0 barriers
ptxas info    : Compile time = 1.407 ms
ptxas info    : Compiling entry function '_ZN3cub17_V_300500_SM_10006detail8for_each13static_kernelINS2_15policy_selectorEmN6thrust17_V_300500_SM_10008cuda_cub20__uninitialized_fill7functorINS6_10device_ptrIdEEdEEEEvT0_T1_' for 'sm_100'
ptxas info    : Function properties for _ZN3cub17_V_300500_SM_10006detail8for_each13static_kernelINS2_15policy_selectorEmN6thrust17_V_300500_SM_10008cuda_cub20__uninitialized_fill7functorINS6_10device_ptrIdEEdEEEEvT0_T1_
    0 bytes stack frame, 0 bytes spill stores, 0 bytes spill loads
ptxas info    : Used 9 registers, used 0 barriers
ptxas info    : Compile time = 2.113 ms
ptxas info    : Compiling entry function '_ZN3cub17_V_300500_SM_10006detail8for_each13static_kernelINS2_15policy_selectorEmN6thrust17_V_300500_SM_10008cuda_cub20__uninitialized_fill7functorINS6_10device_ptrIfEEfEEEEvT0_T1_' for 'sm_100'
ptxas info    : Function properties for _ZN3cub17_V_300500_SM_10006detail8for_each13static_kernelINS2_15policy_selectorEmN6thrust17_V_300500_SM_10008cuda_cub20__uninitialized_fill7functorINS6_10device_ptrIfEEfEEEEvT0_T1_
    0 bytes stack frame, 0 bytes spill stores, 0 bytes spill loads
ptxas info    : Used 8 registers, used 0 barriers
ptxas info    : Compile time = 1.883 ms
ptxas info    : Compiling entry function '_ZN3cub17_V_300500_SM_10006detail8for_each13static_kernelINS2_15policy_selectorEmN6thrust17_V_300500_SM_10008cuda_cub20__uninitialized_fill7functorINS6_10device_ptrInEEnEEEEvT0_T1_' for 'sm_100'
ptxas info    : Function properties for _ZN3cub17_V_300500_SM_10006detail8for_each13static_kernelINS2_15policy_selectorEmN6thrust17_V_300500_SM_10008cuda_cub20__uninitialized_fill7functorINS6_10device_ptrInEEnEEEEvT0_T1_
    0 bytes stack frame, 0 bytes spill stores, 0 bytes spill loads
ptxas info    : Used 11 registers, used 0 barriers
ptxas info    : Compile time = 1.840 ms
ptxas info    : Compiling entry function '_ZN3cub17_V_300500_SM_10006detail8for_each13static_kernelINS2_15policy_selectorEmN6thrust17_V_300500_SM_10008cuda_cub20__uninitialized_fill7functorINS6_10device_ptrIlEElEEEEvT0_T1_' for 'sm_100'
ptxas info    : Function properties for _ZN3cub17_V_300500_SM_10006detail8for_each13static_kernelINS2_15policy_selectorEmN6thrust17_V_300500_SM_10008cuda_cub20__uninitialized_fill7functorINS6_10device_ptrIlEElEEEEvT0_T1_
    0 bytes stack frame, 0 bytes spill stores, 0 bytes spill loads
ptxas info    : Used 9 registers, used 0 barriers
ptxas info    : Compile time = 1.761 ms
ptxas info    : Compiling entry function '_ZN3cub17_V_300500_SM_10006detail8for_each13static_kernelINS2_15policy_selectorEmN6thrust17_V_300500_SM_10008cuda_cub20__uninitialized_fill7functorINS6_10device_ptrIiEEiEEEEvT0_T1_' for 'sm_100'
ptxas info    : Function properties for _ZN3cub17_V_300500_SM_10006detail8for_each13static_kernelINS2_15policy_selectorEmN6thrust17_V_300500_SM_10008cuda_cub20__uninitialized_fill7functorINS6_10device_ptrIiEEiEEEEvT0_T1_
    0 bytes stack frame, 0 bytes spill stores, 0 bytes spill loads
ptxas info    : Used 8 registers, used 0 barriers
ptxas info    : Compile time = 1.753 ms
ptxas info    : Compiling entry function '_ZN3cub17_V_300500_SM_10006detail8for_each13static_kernelINS2_15policy_selectorEmN6thrust17_V_300500_SM_10008cuda_cub20__uninitialized_fill7functorINS6_10device_ptrIsEEsEEEEvT0_T1_' for 'sm_100'
ptxas info    : Function properties for _ZN3cub17_V_300500_SM_10006detail8for_each13static_kernelINS2_15policy_selectorEmN6thrust17_V_300500_SM_10008cuda_cub20__uninitialized_fill7functorINS6_10device_ptrIsEEsEEEEvT0_T1_
    0 bytes stack frame, 0 bytes spill stores, 0 bytes spill loads
ptxas info    : Used 8 registers, used 0 barriers
ptxas info    : Compile time = 1.749 ms
ptxas info    : Compiling entry function '_ZN3cub17_V_300500_SM_10006detail8for_each13static_kernelINS2_15policy_selectorEmN6thrust17_V_300500_SM_10008cuda_cub20__uninitialized_fill7functorINS6_10device_ptrIaEEaEEEEvT0_T1_' for 'sm_100'
ptxas info    : Function properties for _ZN3cub17_V_300500_SM_10006detail8for_each13static_kernelINS2_15policy_selectorEmN6thrust17_V_300500_SM_10008cuda_cub20__uninitialized_fill7functorINS6_10device_ptrIaEEaEEEEvT0_T1_
    0 bytes stack frame, 0 bytes spill stores, 0 bytes spill loads
ptxas info    : Used 10 registers, used 0 barriers
ptxas info    : Compile time = 1.702 ms
ptxas info    : Compiling entry function '_ZN3cub17_V_300500_SM_10006detail12batched_topk44device_segmented_topk_finalize_filter_kernelINS2_26policy_selector_from_typesIdNS0_8NullTypeElLl8388608EEELNS1_4topk6selectE1EN4cuda3__417constant_iteratorIPKdlEENSB_IPdlEEPPS5_SI_NS1_6params13uniform_paramIlLl0ELl268435456EEENSK_IlLl1ELl8388608EEENSK_IlLl1ELl1EEEPljPyNS1_21identity_decomposer_tEjjdEEvT1_T2_T3_T4_T5_T6_T7_T8_PKT9_PNS7_7counterIT14_T12_T13_EEPS14_PS13_PNS9_3std3__415iterator_traitsINS1C_IST_vE10value_typeEvE10value_typeES19_S1H_T10_S14_S14_iiT11_b' for 'sm_100'
ptxas info    : Function properties for _ZN3cub17_V_300500_SM_10006detail12batched_topk44device_segmented_topk_finalize_filter_kernelINS2_26policy_selector_from_typesIdNS0_8NullTypeElLl8388608EEELNS1_4topk6selectE1EN4cuda3__417constant_iteratorIPKdlEENSB_IPdlEEPPS5_SI_NS1_6params13uniform_paramIlLl0ELl268435456EEENSK_IlLl1ELl8388608EEENSK_IlLl1ELl1EEEPljPyNS1_21identity_decomposer_tEjjdEEvT1_T2_T3_T4_T5_T6_T7_T8_PKT9_PNS7_7counterIT14_T12_T13_EEPS14_PS13_PNS9_3std3__415iterator_traitsINS1C_IST_vE10value_typeEvE10value_typeES19_S1H_T10_S14_S14_iiT11_b
    0 bytes stack frame, 0 bytes spill stores, 0 bytes spill loads
ptxas info    : Used 50 registers, used 1 barriers, 8208 bytes smem
ptxas info    : Compile time = 21.532 ms
ptxas info    : Compiling entry function '_ZN3cub17_V_300500_SM_10006detail12batched_topk40device_segmented_topk_last_filter_kernelINS2_26policy_selector_from_typesIdNS0_8NullTypeElLl8388608EEELNS1_4topk6selectE1EN4cuda3__417constant_iteratorIPKdlEENSB_IPdlEEPPS5_SI_NS1_6params13uniform_paramIlLl0ELl268435456EEENSK_IlLl1ELl8388608EEENSK_IlLl1ELl1EEEPljPyNS1_21identity_decomposer_tEjjEEvT1_T2_T3_T4_T5_T6_T7_T8_PKT9_PNS7_7counterINS9_3std3__415iterator_traitsINS15_ISR_vE10value_typeEvE10value_typeET12_T13_EEPS19_PNS15_INS15_IST_vE10value_typeEvE10value_typeES1A_T10_iiT11_' for 'sm_100'
ptxas info    : Function properties for _ZN3cub17_V_300500_SM_10006detail12batched_topk40device_segmented_topk_last_filter_kernelINS2_26policy_selector_from_typesIdNS0_8NullTypeElLl8388608EEELNS1_4topk6selectE1EN4cuda3__417constant_iteratorIPKdlEENSB_IPdlEEPPS5_SI_NS1_6params13uniform_paramIlLl0ELl268435456EEENSK_IlLl1ELl8388608EEENSK_IlLl1ELl1EEEPljPyNS1_21identity_decomposer_tEjjEEvT1_T2_T3_T4_T5_T6_T7_T8_PKT9_PNS7_7counterINS9_3std3__415iterator_traitsINS15_ISR_vE10value_typeEvE10value_typeET12_T13_EEPS19_PNS15_INS15_IST_vE10value_typeEvE10value_typeES1A_T10_iiT11_
    0 bytes stack frame, 0 bytes spill stores, 0 bytes spill loads
ptxas info    : Used 32 registers, used 0 barriers
ptxas info    : Compile time = 19.813 ms
ptxas info    : Compiling entry function '_ZN3cub17_V_300500_SM_10006detail12batched_topk35device_segmented_topk_filter_kernelINS2_26policy_selector_from_typesIdNS0_8NullTypeElLl8388608EEELNS1_4topk6selectE1EN4cuda3__417constant_iteratorIPKdlEENSB_IPdlEEPPS5_SI_NS1_6params13uniform_paramIlLl0ELl268435456EEENSK_IlLl1ELl8388608EEENSK_IlLl1ELl1EEEPljPyNS1_21identity_decomposer_tEjjEEvT1_T2_T3_T4_T5_T6_T7_T8_PKT9_PNS7_7counterINS9_3std3__415iterator_traitsINS15_ISR_vE10value_typeEvE10value_typeET12_T13_EEPS1A_PS19_PNS15_INS15_IST_vE10value_typeEvE10value_typeES1F_S1K_S1A_S1A_T10_iibT11_' for 'sm_100'
ptxas info    : Function properties for _ZN3cub17_V_300500_SM_10006detail12batched_topk35device_segmented_topk_filter_kernelINS2_26policy_selector_from_typesIdNS0_8NullTypeElLl8388608EEELNS1_4topk6selectE1EN4cuda3__417constant_iteratorIPKdlEENSB_IPdlEEPPS5_SI_NS1_6params13uniform_paramIlLl0ELl268435456EEENSK_IlLl1ELl8388608EEENSK_IlLl1ELl1EEEPljPyNS1_21identity_decomposer_tEjjEEvT1_T2_T3_T4_T5_T6_T7_T8_PKT9_PNS7_7counterINS9_3std3__415iterator_traitsINS15_ISR_vE10value_typeEvE10value_typeET12_T13_EEPS1A_PS19_PNS15_INS15_IST_vE10value_typeEvE10value_typeES1F_S1K_S1A_S1A_T10_iibT11_
    0 bytes stack frame, 0 bytes spill stores, 0 bytes spill loads
ptxas info    : Used 36 registers, used 1 barriers, 8196 bytes smem
ptxas info    : Compile time = 20.157 ms
ptxas info    : Compiling entry function '_ZN3cub17_V_300500_SM_10006detail12batched_topk47device_segmented_topk_finalize_histogram_kernelINS2_26policy_selector_from_typesIdNS0_8NullTypeElLl8388608EEEN4cuda3__417constant_iteratorIPKdlEENS1_6params13uniform_paramIlLl0ELl268435456EEENSE_IlLl1ELl8388608EEENSE_IlLl1ELl1EEEPlPyNS1_4topk16extract_bin_op_tIdLNSK_6selectE1ELi11ENS1_21identity_decomposer_tELb1EEEjjdEEvT0_T1_T2_T3_T4_PNSK_7counterIT9_T7_T8_EEPSW_T5_T6_ib' for 'sm_100'
ptxas info    : Function properties for _ZN3cub17_V_300500_SM_10006detail12batched_topk47device_segmented_topk_finalize_histogram_kernelINS2_26policy_selector_from_typesIdNS0_8NullTypeElLl8388608EEEN4cuda3__417constant_iteratorIPKdlEENS1_6params13uniform_paramIlLl0ELl268435456EEENSE_IlLl1ELl8388608EEENSE_IlLl1ELl1EEEPlPyNS1_4topk16extract_bin_op_tIdLNSK_6selectE1ELi11ENS1_21identity_decomposer_tELb1EEEjjdEEvT0_T1_T2_T3_T4_PNSK_7counterIT9_T7_T8_EEPSW_T5_T6_ib
    0 bytes stack frame, 0 bytes spill stores, 0 bytes spill loads
ptxas info    : Used 40 registers, used 1 barriers, 8192 bytes smem
ptxas info    : Compile time = 9.405 ms
ptxas info    : Compiling entry function '_ZN3cub17_V_300500_SM_10006detail12batched_topk38device_segmented_topk_histogram_kernelINS2_26policy_selector_from_typesIdNS0_8NullTypeElLl8388608EEEN4cuda3__417constant_iteratorIPKdlEENS1_6params13uniform_paramIlLl0ELl268435456EEENSE_IlLl1ELl8388608EEENSE_IlLl1ELl1EEEPljPyNS1_4topk16extract_bin_op_tIdLNSK_6selectE1ELi11ENS1_21identity_decomposer_tELb1EEEjjjEEvT0_T1_T2_T3_T4_PKT5_PNSK_7counterINS7_3std3__415iterator_traitsINS10_ISP_vE10value_typeEvE10value_typeET8_T9_EEPS15_T6_T7_' for 'sm_100'
ptxas info    : Function properties for _ZN3cub17_V_300500_SM_10006detail12batched_topk38device_segmented_topk_histogram_kernelINS2_26policy_selector_from_typesIdNS0_8NullTypeElLl8388608EEEN4cuda3__417constant_iteratorIPKdlEENS1_6params13uniform_paramIlLl0ELl268435456EEENSE_IlLl1ELl8388608EEENSE_IlLl1ELl1EEEPljPyNS1_4topk16extract_bin_op_tIdLNSK_6selectE1ELi11ENS1_21identity_decomposer_tELb1EEEjjjEEvT0_T1_T2_T3_T4_PKT5_PNSK_7counterINS7_3std3__415iterator_traitsINS10_ISP_vE10value_typeEvE10value_typeET8_T9_EEPS15_T6_T7_
    0 bytes stack frame, 0 bytes spill stores, 0 bytes spill loads
ptxas info    : Used 32 registers, used 1 barriers, 8240 bytes smem
ptxas info    : Compile time = 22.086 ms
ptxas info    : Compiling entry function '_ZN3cub17_V_300500_SM_10006detail12batched_topk44device_segmented_topk_finalize_filter_kernelINS2_26policy_selector_from_typesIdNS0_8NullTypeElLl8388608EEELNS1_4topk6selectE0EN4cuda3__417constant_iteratorIPKdlEENSB_IPdlEEPPS5_SI_NS1_6params13uniform_paramIlLl0ELl268435456EEENSK_IlLl1ELl8388608EEENSK_IlLl1ELl1EEEPljPyNS1_21identity_decomposer_tEjjdEEvT1_T2_T3_T4_T5_T6_T7_T8_PKT9_PNS7_7counterIT14_T12_T13_EEPS14_PS13_PNS9_3std3__415iterator_traitsINS1C_IST_vE10value_typeEvE10value_typeES19_S1H_T10_S14_S14_iiT11_b' for 'sm_100'
ptxas info    : Function properties for _ZN3cub17_V_300500_SM_10006detail12batched_topk44device_segmented_topk_finalize_filter_kernelINS2_26policy_selector_from_typesIdNS0_8NullTypeElLl8388608EEELNS1_4topk6selectE0EN4cuda3__417constant_iteratorIPKdlEENSB_IPdlEEPPS5_SI_NS1_6params13uniform_paramIlLl0ELl268435456EEENSK_IlLl1ELl8388608EEENSK_IlLl1ELl1EEEPljPyNS1_21identity_decomposer_tEjjdEEvT1_T2_T3_T4_T5_T6_T7_T8_PKT9_PNS7_7counterIT14_T12_T13_EEPS14_PS13_PNS9_3std3__415iterator_traitsINS1C_IST_vE10value_typeEvE10value_typeES19_S1H_T10_S14_S14_iiT11_b
    0 bytes stack frame, 0 bytes spill stores, 0 bytes spill loads
ptxas info    : Used 50 registers, used 1 barriers, 8208 bytes smem
ptxas info    : Compile time = 20.885 ms
ptxas info    : Compiling entry function '_ZN3cub17_V_300500_SM_10006detail12batched_topk40device_segmented_topk_last_filter_kernelINS2_26policy_selector_from_typesIdNS0_8NullTypeElLl8388608EEELNS1_4topk6selectE0EN4cuda3__417constant_iteratorIPKdlEENSB_IPdlEEPPS5_SI_NS1_6params13uniform_paramIlLl0ELl268435456EEENSK_IlLl1ELl8388608EEENSK_IlLl1ELl1EEEPljPyNS1_21identity_decomposer_tEjjEEvT1_T2_T3_T4_T5_T6_T7_T8_PKT9_PNS7_7counterINS9_3std3__415iterator_traitsINS15_ISR_vE10value_typeEvE10value_typeET12_T13_EEPS19_PNS15_INS15_IST_vE10value_typeEvE10value_typeES1A_T10_iiT11_' for 'sm_100'
ptxas info    : Function properties for _ZN3cub17_V_300500_SM_10006detail12batched_topk40device_segmented_topk_last_filter_kernelINS2_26policy_selector_from_typesIdNS0_8NullTypeElLl8388608EEELNS1_4topk6selectE0EN4cuda3__417constant_iteratorIPKdlEENSB_IPdlEEPPS5_SI_NS1_6params13uniform_paramIlLl0ELl268435456EEENSK_IlLl1ELl8388608EEENSK_IlLl1ELl1EEEPljPyNS1_21identity_decomposer_tEjjEEvT1_T2_T3_T4_T5_T6_T7_T8_PKT9_PNS7_7counterINS9_3std3__415iterator_traitsINS15_ISR_vE10value_typeEvE10value_typeET12_T13_EEPS19_PNS15_INS15_IST_vE10value_typeEvE10value_typeES1A_T10_iiT11_
    0 bytes stack frame, 0 bytes spill stores, 0 bytes spill loads
ptxas info    : Used 36 registers, used 0 barriers
ptxas info    : Compile time = 20.073 ms
ptxas info    : Compiling entry function '_ZN3cub17_V_300500_SM_10006detail12batched_topk35device_segmented_topk_filter_kernelINS2_26policy_selector_from_typesIdNS0_8NullTypeElLl8388608EEELNS1_4topk6selectE0EN4cuda3__417constant_iteratorIPKdlEENSB_IPdlEEPPS5_SI_NS1_6params13uniform_paramIlLl0ELl268435456EEENSK_IlLl1ELl8388608EEENSK_IlLl1ELl1EEEPljPyNS1_21identity_decomposer_tEjjEEvT1_T2_T3_T4_T5_T6_T7_T8_PKT9_PNS7_7counterINS9_3std3__415iterator_traitsINS15_ISR_vE10value_typeEvE10value_typeET12_T13_EEPS1A_PS19_PNS15_INS15_IST_vE10value_typeEvE10value_typeES1F_S1K_S1A_S1A_T10_iibT11_' for 'sm_100'
ptxas info    : Function properties for _ZN3cub17_V_300500_SM_10006detail12batched_topk35device_segmented_topk_filter_kernelINS2_26policy_selector_from_typesIdNS0_8NullTypeElLl8388608EEELNS1_4topk6selectE0EN4cuda3__417constant_iteratorIPKdlEENSB_IPdlEEPPS5_SI_NS1_6params13uniform_paramIlLl0ELl268435456EEENSK_IlLl1ELl8388608EEENSK_IlLl1ELl1EEEPljPyNS1_21identity_decomposer_tEjjEEvT1_T2_T3_T4_T5_T6_T7_T8_PKT9_PNS7_7counterINS9_3std3__415iterator_traitsINS15_ISR_vE10value_typeEvE10value_typeET12_T13_EEPS1A_PS19_PNS15_INS15_IST_vE10value_typeEvE10value_typeES1F_S1K_S1A_S1A_T10_iibT11_
    0 bytes stack frame, 0 bytes spill stores, 0 bytes spill loads
ptxas info    : Used 36 registers, used 1 barriers, 8196 bytes smem
ptxas info    : Compile time = 22.643 ms
ptxas info    : Compiling entry function '_ZN3cub17_V_300500_SM_10006detail12batched_topk47device_segmented_topk_finalize_histogram_kernelINS2_26policy_selector_from_typesIdNS0_8NullTypeElLl8388608EEEN4cuda3__417constant_iteratorIPKdlEENS1_6params13uniform_paramIlLl0ELl268435456EEENSE_IlLl1ELl8388608EEENSE_IlLl1ELl1EEEPlPyNS1_4topk16extract_bin_op_tIdLNSK_6selectE0ELi11ENS1_21identity_decomposer_tELb1EEEjjdEEvT0_T1_T2_T3_T4_PNSK_7counterIT9_T7_T8_EEPSW_T5_T6_ib' for 'sm_100'
ptxas info    : Function properties for _ZN3cub17_V_300500_SM_10006detail12batched_topk47device_segmented_topk_finalize_histogram_kernelINS2_26policy_selector_from_typesIdNS0_8NullTypeElLl8388608EEEN4cuda3__417constant_iteratorIPKdlEENS1_6params13uniform_paramIlLl0ELl268435456EEENSE_IlLl1ELl8388608EEENSE_IlLl1ELl1EEEPlPyNS1_4topk16extract_bin_op_tIdLNSK_6selectE0ELi11ENS1_21identity_decomposer_tELb1EEEjjdEEvT0_T1_T2_T3_T4_PNSK_7counterIT9_T7_T8_EEPSW_T5_T6_ib
    0 bytes stack frame, 0 bytes spill stores, 0 bytes spill loads
ptxas info    : Used 40 registers, used 1 barriers, 8192 bytes smem
ptxas info    : Compile time = 9.442 ms
ptxas info    : Compiling entry function '_ZN3cub17_V_300500_SM_10006detail12batched_topk38device_segmented_topk_histogram_kernelINS2_26policy_selector_from_typesIdNS0_8NullTypeElLl8388608EEEN4cuda3__417constant_iteratorIPKdlEENS1_6params13uniform_paramIlLl0ELl268435456EEENSE_IlLl1ELl8388608EEENSE_IlLl1ELl1EEEPljPyNS1_4topk16extract_bin_op_tIdLNSK_6selectE0ELi11ENS1_21identity_decomposer_tELb1EEEjjjEEvT0_T1_T2_T3_T4_PKT5_PNSK_7counterINS7_3std3__415iterator_traitsINS10_ISP_vE10value_typeEvE10value_typeET8_T9_EEPS15_T6_T7_' for 'sm_100'
ptxas info    : Function properties for _ZN3cub17_V_300500_SM_10006detail12batched_topk38device_segmented_topk_histogram_kernelINS2_26policy_selector_from_typesIdNS0_8NullTypeElLl8388608EEEN4cuda3__417constant_iteratorIPKdlEENS1_6params13uniform_paramIlLl0ELl268435456EEENSE_IlLl1ELl8388608EEENSE_IlLl1ELl1EEEPljPyNS1_4topk16extract_bin_op_tIdLNSK_6selectE0ELi11ENS1_21identity_decomposer_tELb1EEEjjjEEvT0_T1_T2_T3_T4_PKT5_PNSK_7counterINS7_3std3__415iterator_traitsINS10_ISP_vE10value_typeEvE10value_typeET8_T9_EEPS15_T6_T7_
    0 bytes stack frame, 0 bytes spill stores, 0 bytes spill loads
ptxas info    : Used 32 registers, used 1 barriers, 8240 bytes smem
ptxas info    : Compile time = 22.801 ms
ptxas info    : Compiling entry function '_ZN3cub17_V_300500_SM_10006detail12batched_topk28device_segmented_topk_kernelINS2_26policy_selector_from_typesIdNS0_8NullTypeElLl8388608EEEN4cuda3__417constant_iteratorIPKdlEENS9_IPdlEEPPS5_SG_NS1_6params13uniform_paramIlLl0ELl268435456EEENSI_IlLl1ELl8388608EEENSH_22uniform_discrete_paramINS1_4topk6selectEJLSN_1EEEENSI_IlLl1ELl1EEEjEEvT0_T1_T2_T3_T4_T5_T6_T7_PNS2_21batched_topk_countersINSX_10value_typeEEEPSZ_PT8_' for 'sm_100'
ptxas info    : Function properties for _ZN3cub17_V_300500_SM_10006detail12batched_topk28device_segmented_topk_kernelINS2_26policy_selector_from_typesIdNS0_8NullTypeElLl8388608EEEN4cuda3__417constant_iteratorIPKdlEENS9_IPdlEEPPS5_SG_NS1_6params13uniform_paramIlLl0ELl268435456EEENSI_IlLl1ELl8388608EEENSH_22uniform_discrete_paramINS1_4topk6selectEJLSN_1EEEENSI_IlLl1ELl1EEEjEEvT0_T1_T2_T3_T4_T5_T6_T7_PNS2_21batched_topk_countersINSX_10value_typeEEEPSZ_PT8_
    0 bytes stack frame, 0 bytes spill stores, 0 bytes spill loads
ptxas info    : Used 128 registers, used 1 barriers, 33808 bytes smem
ptxas info    : Compile time = 58.797 ms
ptxas info    : Compiling entry function '_ZN3cub17_V_300500_SM_10006detail12batched_topk44device_segmented_topk_finalize_filter_kernelINS2_26policy_selector_from_typesIfNS0_8NullTypeElLl8388608EEELNS1_4topk6selectE1EN4cuda3__417constant_iteratorIPKflEENSB_IPflEEPPS5_SI_NS1_6params13uniform_paramIlLl0ELl268435456EEENSK_IlLl1ELl8388608EEENSK_IlLl1ELl1EEEPljPyNS1_21identity_decomposer_tEjjfEEvT1_T2_T3_T4_T5_T6_T7_T8_PKT9_PNS7_7counterIT14_T12_T13_EEPS14_PS13_PNS9_3std3__415iterator_traitsINS1C_IST_vE10value_typeEvE10value_typeES19_S1H_T10_S14_S14_iiT11_b' for 'sm_100'
ptxas info    : Function properties for _ZN3cub17_V_300500_SM_10006detail12batched_topk44device_segmented_topk_finalize_filter_kernelINS2_26policy_selector_from_typesIfNS0_8NullTypeElLl8388608EEELNS1_4topk6selectE1EN4cuda3__417constant_iteratorIPKflEENSB_IPflEEPPS5_SI_NS1_6params13uniform_paramIlLl0ELl268435456EEENSK_IlLl1ELl8388608EEENSK_IlLl1ELl1EEEPljPyNS1_21identity_decomposer_tEjjfEEvT1_T2_T3_T4_T5_T6_T7_T8_PKT9_PNS7_7counterIT14_T12_T13_EEPS14_PS13_PNS9_3std3__415iterator_traitsINS1C_IST_vE10value_typeEvE10value_typeES19_S1H_T10_S14_S14_iiT11_b
    0 bytes stack frame, 0 bytes spill stores, 0 bytes spill loads
ptxas info    : Used 48 registers, used 1 barriers, 8208 bytes smem
ptxas info    : Compile time = 23.086 ms
ptxas info    : Compiling entry function '_ZN3cub17_V_300500_SM_10006detail12batched_topk40device_segmented_topk_last_filter_kernelINS2_26policy_selector_from_typesIfNS0_8NullTypeElLl8388608EEELNS1_4topk6selectE1EN4cuda3__417constant_iteratorIPKflEENSB_IPflEEPPS5_SI_NS1_6params13uniform_paramIlLl0ELl268435456EEENSK_IlLl1ELl8388608EEENSK_IlLl1ELl1EEEPljPyNS1_21identity_decomposer_tEjjEEvT1_T2_T3_T4_T5_T6_T7_T8_PKT9_PNS7_7counterINS9_3std3__415iterator_traitsINS15_ISR_vE10value_typeEvE10value_typeET12_T13_EEPS19_PNS15_INS15_IST_vE10value_typeEvE10value_typeES1A_T10_iiT11_' for 'sm_100'
ptxas info    : Function properties for _ZN3cub17_V_300500_SM_10006detail12batched_topk40device_segmented_topk_last_filter_kernelINS2_26policy_selector_from_typesIfNS0_8NullTypeElLl8388608EEELNS1_4topk6selectE1EN4cuda3__417constant_iteratorIPKflEENSB_IPflEEPPS5_SI_NS1_6params13uniform_paramIlLl0ELl268435456EEENSK_IlLl1ELl8388608EEENSK_IlLl1ELl1EEEPljPyNS1_21identity_decomposer_tEjjEEvT1_T2_T3_T4_T5_T6_T7_T8_PKT9_PNS7_7counterINS9_3std3__415iterator_traitsINS15_ISR_vE10value_typeEvE10value_typeET12_T13_EEPS19_PNS15_INS15_IST_vE10value_typeEvE10value_typeES1A_T10_iiT11_
    0 bytes stack frame, 0 bytes spill stores, 0 bytes spill loads
ptxas info    : Used 32 registers, used 0 barriers
ptxas info    : Compile time = 26.136 ms
ptxas info    : Compiling entry function '_ZN3cub17_V_300500_SM_10006detail12batched_topk35device_segmented_topk_filter_kernelINS2_26policy_selector_from_typesIfNS0_8NullTypeElLl8388608EEELNS1_4topk6selectE1EN4cuda3__417constant_iteratorIPKflEENSB_IPflEEPPS5_SI_NS1_6params13uniform_paramIlLl0ELl268435456EEENSK_IlLl1ELl8388608EEENSK_IlLl1ELl1EEEPljPyNS1_21identity_decomposer_tEjjEEvT1_T2_T3_T4_T5_T6_T7_T8_PKT9_PNS7_7counterINS9_3std3__415iterator_traitsINS15_ISR_vE10value_typeEvE10value_typeET12_T13_EEPS1A_PS19_PNS15_INS15_IST_vE10value_typeEvE10value_typeES1F_S1K_S1A_S1A_T10_iibT11_' for 'sm_100'
ptxas info    : Function properties for _ZN3cub17_V_300500_SM_10006detail12batched_topk35device_segmented_topk_filter_kernelINS2_26policy_selector_from_typesIfNS0_8NullTypeElLl8388608EEELNS1_4topk6selectE1EN4cuda3__417constant_iteratorIPKflEENSB_IPflEEPPS5_SI_NS1_6params13uniform_paramIlLl0ELl268435456EEENSK_IlLl1ELl8388608EEENSK_IlLl1ELl1EEEPljPyNS1_21identity_decomposer_tEjjEEvT1_T2_T3_T4_T5_T6_T7_T8_PKT9_PNS7_7counterINS9_3std3__415iterator_traitsINS15_ISR_vE10value_typeEvE10value_typeET12_T13_EEPS1A_PS19_PNS15_INS15_IST_vE10value_typeEvE10value_typeES1F_S1K_S1A_S1A_T10_iibT11_
    0 bytes stack frame, 0 bytes spill stores, 0 bytes spill loads
ptxas info    : Used 32 registers, used 1 barriers, 8196 bytes smem
ptxas info    : Compile time = 23.277 ms
ptxas info    : Compiling entry function '_ZN3cub17_V_300500_SM_10006detail12batched_topk47device_segmented_topk_finalize_histogram_kernelINS2_26policy_selector_from_typesIfNS0_8NullTypeElLl8388608EEEN4cuda3__417constant_iteratorIPKflEENS1_6params13uniform_paramIlLl0ELl268435456EEENSE_IlLl1ELl8388608EEENSE_IlLl1ELl1EEEPlPyNS1_4topk16extract_bin_op_tIfLNSK_6selectE1ELi11ENS1_21identity_decomposer_tELb1EEEjjfEEvT0_T1_T2_T3_T4_PNSK_7counterIT9_T7_T8_EEPSW_T5_T6_ib' for 'sm_100'
ptxas info    : Function properties for _ZN3cub17_V_300500_SM_10006detail12batched_topk47device_segmented_topk_finalize_histogram_kernelINS2_26policy_selector_from_typesIfNS0_8NullTypeElLl8388608EEEN4cuda3__417constant_iteratorIPKflEENS1_6params13uniform_paramIlLl0ELl268435456EEENSE_IlLl1ELl8388608EEENSE_IlLl1ELl1EEEPlPyNS1_4topk16extract_bin_op_tIfLNSK_6selectE1ELi11ENS1_21identity_decomposer_tELb1EEEjjfEEvT0_T1_T2_T3_T4_PNSK_7counterIT9_T7_T8_EEPSW_T5_T6_ib
    0 bytes stack frame, 0 bytes spill stores, 0 bytes spill loads
ptxas info    : Used 40 registers, used 1 barriers, 8192 bytes smem
ptxas info    : Compile time = 9.619 ms
ptxas info    : Compiling entry function '_ZN3cub17_V_300500_SM_10006detail12batched_topk38device_segmented_topk_histogram_kernelINS2_26policy_selector_from_typesIfNS0_8NullTypeElLl8388608EEEN4cuda3__417constant_iteratorIPKflEENS1_6params13uniform_paramIlLl0ELl268435456EEENSE_IlLl1ELl8388608EEENSE_IlLl1ELl1EEEPljPyNS1_4topk16extract_bin_op_tIfLNSK_6selectE1ELi11ENS1_21identity_decomposer_tELb1EEEjjjEEvT0_T1_T2_T3_T4_PKT5_PNSK_7counterINS7_3std3__415iterator_traitsINS10_ISP_vE10value_typeEvE10value_typeET8_T9_EEPS15_T6_T7_' for 'sm_100'
ptxas info    : Function properties for _ZN3cub17_V_300500_SM_10006detail12batched_topk38device_segmented_topk_histogram_kernelINS2_26policy_selector_from_typesIfNS0_8NullTypeElLl8388608EEEN4cuda3__417constant_iteratorIPKflEENS1_6params13uniform_paramIlLl0ELl268435456EEENSE_IlLl1ELl8388608EEENSE_IlLl1ELl1EEEPljPyNS1_4topk16extract_bin_op_tIfLNSK_6selectE1ELi11ENS1_21identity_decomposer_tELb1EEEjjjEEvT0_T1_T2_T3_T4_PKT5_PNSK_7counterINS7_3std3__415iterator_traitsINS10_ISP_vE10value_typeEvE10value_typeET8_T9_EEPS15_T6_T7_
    0 bytes stack frame, 0 bytes spill stores, 0 bytes spill loads
ptxas info    : Used 29 registers, used 1 barriers, 8240 bytes smem
ptxas info    : Compile time = 26.307 ms
ptxas info    : Compiling entry function '_ZN3cub17_V_300500_SM_10006detail12batched_topk44device_segmented_topk_finalize_filter_kernelINS2_26policy_selector_from_typesIfNS0_8NullTypeElLl8388608EEELNS1_4topk6selectE0EN4cuda3__417constant_iteratorIPKflEENSB_IPflEEPPS5_SI_NS1_6params13uniform_paramIlLl0ELl268435456EEENSK_IlLl1ELl8388608EEENSK_IlLl1ELl1EEEPljPyNS1_21identity_decomposer_tEjjfEEvT1_T2_T3_T4_T5_T6_T7_T8_PKT9_PNS7_7counterIT14_T12_T13_EEPS14_PS13_PNS9_3std3__415iterator_traitsINS1C_IST_vE10value_typeEvE10value_typeES19_S1H_T10_S14_S14_iiT11_b' for 'sm_100'
ptxas info    : Function properties for _ZN3cub17_V_300500_SM_10006detail12batched_topk44device_segmented_topk_finalize_filter_kernelINS2_26policy_selector_from_typesIfNS0_8NullTypeElLl8388608EEELNS1_4topk6selectE0EN4cuda3__417constant_iteratorIPKflEENSB_IPflEEPPS5_SI_NS1_6params13uniform_paramIlLl0ELl268435456EEENSK_IlLl1ELl8388608EEENSK_IlLl1ELl1EEEPljPyNS1_21identity_decomposer_tEjjfEEvT1_T2_T3_T4_T5_T6_T7_T8_PKT9_PNS7_7counterIT14_T12_T13_EEPS14_PS13_PNS9_3std3__415iterator_traitsINS1C_IST_vE10value_typeEvE10value_typeES19_S1H_T10_S14_S14_iiT11_b
    0 bytes stack frame, 0 bytes spill stores, 0 bytes spill loads
ptxas info    : Used 48 registers, used 1 barriers, 8208 bytes smem
ptxas info    : Compile time = 23.261 ms
ptxas info    : Compiling entry function '_ZN3cub17_V_300500_SM_10006detail12batched_topk40device_segmented_topk_last_filter_kernelINS2_26policy_selector_from_typesIfNS0_8NullTypeElLl8388608EEELNS1_4topk6selectE0EN4cuda3__417constant_iteratorIPKflEENSB_IPflEEPPS5_SI_NS1_6params13uniform_paramIlLl0ELl268435456EEENSK_IlLl1ELl8388608EEENSK_IlLl1ELl1EEEPljPyNS1_21identity_decomposer_tEjjEEvT1_T2_T3_T4_T5_T6_T7_T8_PKT9_PNS7_7counterINS9_3std3__415iterator_traitsINS15_ISR_vE10value_typeEvE10value_typeET12_T13_EEPS19_PNS15_INS15_IST_vE10value_typeEvE10value_typeES1A_T10_iiT11_' for 'sm_100'
ptxas info    : Function properties for _ZN3cub17_V_300500_SM_10006detail12batched_topk40device_segmented_topk_last_filter_kernelINS2_26policy_selector_from_typesIfNS0_8NullTypeElLl8388608EEELNS1_4topk6selectE0EN4cuda3__417constant_iteratorIPKflEENSB_IPflEEPPS5_SI_NS1_6params13uniform_paramIlLl0ELl268435456EEENSK_IlLl1ELl8388608EEENSK_IlLl1ELl1EEEPljPyNS1_21identity_decomposer_tEjjEEvT1_T2_T3_T4_T5_T6_T7_T8_PKT9_PNS7_7counterINS9_3std3__415iterator_traitsINS15_ISR_vE10value_typeEvE10value_typeET12_T13_EEPS19_PNS15_INS15_IST_vE10value_typeEvE10value_typeES1A_T10_iiT11_
    0 bytes stack frame, 0 bytes spill stores, 0 bytes spill loads
ptxas info    : Used 32 registers, used 0 barriers
ptxas info    : Compile time = 26.147 ms
ptxas info    : Compiling entry function '_ZN3cub17_V_300500_SM_10006detail12batched_topk35device_segmented_topk_filter_kernelINS2_26policy_selector_from_typesIfNS0_8NullTypeElLl8388608EEELNS1_4topk6selectE0EN4cuda3__417constant_iteratorIPKflEENSB_IPflEEPPS5_SI_NS1_6params13uniform_paramIlLl0ELl268435456EEENSK_IlLl1ELl8388608EEENSK_IlLl1ELl1EEEPljPyNS1_21identity_decomposer_tEjjEEvT1_T2_T3_T4_T5_T6_T7_T8_PKT9_PNS7_7counterINS9_3std3__415iterator_traitsINS15_ISR_vE10value_typeEvE10value_typeET12_T13_EEPS1A_PS19_PNS15_INS15_IST_vE10value_typeEvE10value_typeES1F_S1K_S1A_S1A_T10_iibT11_' for 'sm_100'
ptxas info    : Function properties for _ZN3cub17_V_300500_SM_10006detail12batched_topk35device_segmented_topk_filter_kernelINS2_26policy_selector_from_typesIfNS0_8NullTypeElLl8388608EEELNS1_4topk6selectE0EN4cuda3__417constant_iteratorIPKflEENSB_IPflEEPPS5_SI_NS1_6params13uniform_paramIlLl0ELl268435456EEENSK_IlLl1ELl8388608EEENSK_IlLl1ELl1EEEPljPyNS1_21identity_decomposer_tEjjEEvT1_T2_T3_T4_T5_T6_T7_T8_PKT9_PNS7_7counterINS9_3std3__415iterator_traitsINS15_ISR_vE10value_typeEvE10value_typeET12_T13_EEPS1A_PS19_PNS15_INS15_IST_vE10value_typeEvE10value_typeES1F_S1K_S1A_S1A_T10_iibT11_
    0 bytes stack frame, 0 bytes spill stores, 0 bytes spill loads
ptxas info    : Used 32 registers, used 1 barriers, 8196 bytes smem
ptxas info    : Compile time = 23.466 ms
ptxas info    : Compiling entry function '_ZN3cub17_V_300500_SM_10006detail12batched_topk47device_segmented_topk_finalize_histogram_kernelINS2_26policy_selector_from_typesIfNS0_8NullTypeElLl8388608EEEN4cuda3__417constant_iteratorIPKflEENS1_6params13uniform_paramIlLl0ELl268435456EEENSE_IlLl1ELl8388608EEENSE_IlLl1ELl1EEEPlPyNS1_4topk16extract_bin_op_tIfLNSK_6selectE0ELi11ENS1_21identity_decomposer_tELb1EEEjjfEEvT0_T1_T2_T3_T4_PNSK_7counterIT9_T7_T8_EEPSW_T5_T6_ib' for 'sm_100'
ptxas info    : Function properties for _ZN3cub17_V_300500_SM_10006detail12batched_topk47device_segmented_topk_finalize_histogram_kernelINS2_26policy_selector_from_typesIfNS0_8NullTypeElLl8388608EEEN4cuda3__417constant_iteratorIPKflEENS1_6params13uniform_paramIlLl0ELl268435456EEENSE_IlLl1ELl8388608EEENSE_IlLl1ELl1EEEPlPyNS1_4topk16extract_bin_op_tIfLNSK_6selectE0ELi11ENS1_21identity_decomposer_tELb1EEEjjfEEvT0_T1_T2_T3_T4_PNSK_7counterIT9_T7_T8_EEPSW_T5_T6_ib
    0 bytes stack frame, 0 bytes spill stores, 0 bytes spill loads
ptxas info    : Used 40 registers, used 1 barriers, 8192 bytes smem
ptxas info    : Compile time = 9.681 ms
ptxas info    : Compiling entry function '_ZN3cub17_V_300500_SM_10006detail12batched_topk38device_segmented_topk_histogram_kernelINS2_26policy_selector_from_typesIfNS0_8NullTypeElLl8388608EEEN4cuda3__417constant_iteratorIPKflEENS1_6params13uniform_paramIlLl0ELl268435456EEENSE_IlLl1ELl8388608EEENSE_IlLl1ELl1EEEPljPyNS1_4topk16extract_bin_op_tIfLNSK_6selectE0ELi11ENS1_21identity_decomposer_tELb1EEEjjjEEvT0_T1_T2_T3_T4_PKT5_PNSK_7counterINS7_3std3__415iterator_traitsINS10_ISP_vE10value_typeEvE10value_typeET8_T9_EEPS15_T6_T7_' for 'sm_100'
ptxas info    : Function properties for _ZN3cub17_V_300500_SM_10006detail12batched_topk38device_segmented_topk_histogram_kernelINS2_26policy_selector_from_typesIfNS0_8NullTypeElLl8388608EEEN4cuda3__417constant_iteratorIPKflEENS1_6params13uniform_paramIlLl0ELl268435456EEENSE_IlLl1ELl8388608EEENSE_IlLl1ELl1EEEPljPyNS1_4topk16extract_bin_op_tIfLNSK_6selectE0ELi11ENS1_21identity_decomposer_tELb1EEEjjjEEvT0_T1_T2_T3_T4_PKT5_PNSK_7counterINS7_3std3__415iterator_traitsINS10_ISP_vE10value_typeEvE10value_typeET8_T9_EEPS15_T6_T7_
    0 bytes stack frame, 0 bytes spill stores, 0 bytes spill loads
ptxas info    : Used 30 registers, used 1 barriers, 8240 bytes smem
ptxas info    : Compile time = 26.302 ms
ptxas info    : Compiling entry function '_ZN3cub17_V_300500_SM_10006detail12batched_topk28device_segmented_topk_kernelINS2_26policy_selector_from_typesIfNS0_8NullTypeElLl8388608EEEN4cuda3__417constant_iteratorIPKflEENS9_IPflEEPPS5_SG_NS1_6params13uniform_paramIlLl0ELl268435456EEENSI_IlLl1ELl8388608EEENSH_22uniform_discrete_paramINS1_4topk6selectEJLSN_1EEEENSI_IlLl1ELl1EEEjEEvT0_T1_T2_T3_T4_T5_T6_T7_PNS2_21batched_topk_countersINSX_10value_typeEEEPSZ_PT8_' for 'sm_100'
ptxas info    : Function properties for _ZN3cub17_V_300500_SM_10006detail12batched_topk28device_segmented_topk_kernelINS2_26policy_selector_from_typesIfNS0_8NullTypeElLl8388608EEEN4cuda3__417constant_iteratorIPKflEENS9_IPflEEPPS5_SG_NS1_6params13uniform_paramIlLl0ELl268435456EEENSI_IlLl1ELl8388608EEENSH_22uniform_discrete_paramINS1_4topk6selectEJLSN_1EEEENSI_IlLl1ELl1EEEjEEvT0_T1_T2_T3_T4_T5_T6_T7_PNS2_21batched_topk_countersINSX_10value_typeEEEPSZ_PT8_
    0 bytes stack frame, 0 bytes spill stores, 0 bytes spill loads
ptxas info    : Used 166 registers, used 1 barriers, 33808 bytes smem
ptxas info    : Compile time = 85.080 ms
ptxas info    : Compiling entry function '_ZN3cub17_V_300500_SM_10006detail12batched_topk44device_segmented_topk_finalize_filter_kernelINS2_26policy_selector_from_typesInNS0_8NullTypeElLl8388608EEELNS1_4topk6selectE1EN4cuda3__417constant_iteratorIPKnlEENSB_IPnlEEPPS5_SI_NS1_6params13uniform_paramIlLl0ELl268435456EEENSK_IlLl1ELl8388608EEENSK_IlLl1ELl1EEEPljPyNS1_21identity_decomposer_tEjjnEEvT1_T2_T3_T4_T5_T6_T7_T8_PKT9_PNS7_7counterIT14_T12_T13_EEPS14_PS13_PNS9_3std3__415iterator_traitsINS1C_IST_vE10value_typeEvE10value_typeES19_S1H_T10_S14_S14_iiT11_b' for 'sm_100'
ptxas info    : Function properties for _ZN3cub17_V_300500_SM_10006detail12batched_topk44device_segmented_topk_finalize_filter_kernelINS2_26policy_selector_from_typesInNS0_8NullTypeElLl8388608EEELNS1_4topk6selectE1EN4cuda3__417constant_iteratorIPKnlEENSB_IPnlEEPPS5_SI_NS1_6params13uniform_paramIlLl0ELl268435456EEENSK_IlLl1ELl8388608EEENSK_IlLl1ELl1EEEPljPyNS1_21identity_decomposer_tEjjnEEvT1_T2_T3_T4_T5_T6_T7_T8_PKT9_PNS7_7counterIT14_T12_T13_EEPS14_PS13_PNS9_3std3__415iterator_traitsINS1C_IST_vE10value_typeEvE10value_typeES19_S1H_T10_S14_S14_iiT11_b
    0 bytes stack frame, 0 bytes spill stores, 0 bytes spill loads
ptxas info    : Used 50 registers, used 1 barriers, 2048 bytes smem
ptxas info    : Compile time = 17.355 ms
ptxas info    : Compiling entry function '_ZN3cub17_V_300500_SM_10006detail12batched_topk40device_segmented_topk_last_filter_kernelINS2_26policy_selector_from_typesInNS0_8NullTypeElLl8388608EEELNS1_4topk6selectE1EN4cuda3__417constant_iteratorIPKnlEENSB_IPnlEEPPS5_SI_NS1_6params13uniform_paramIlLl0ELl268435456EEENSK_IlLl1ELl8388608EEENSK_IlLl1ELl1EEEPljPyNS1_21identity_decomposer_tEjjEEvT1_T2_T3_T4_T5_T6_T7_T8_PKT9_PNS7_7counterINS9_3std3__415iterator_traitsINS15_ISR_vE10value_typeEvE10value_typeET12_T13_EEPS19_PNS15_INS15_IST_vE10value_typeEvE10value_typeES1A_T10_iiT11_' for 'sm_100'
ptxas info    : Function properties for _ZN3cub17_V_300500_SM_10006detail12batched_topk40device_segmented_topk_last_filter_kernelINS2_26policy_selector_from_typesInNS0_8NullTypeElLl8388608EEELNS1_4topk6selectE1EN4cuda3__417constant_iteratorIPKnlEENSB_IPnlEEPPS5_SI_NS1_6params13uniform_paramIlLl0ELl268435456EEENSK_IlLl1ELl8388608EEENSK_IlLl1ELl1EEEPljPyNS1_21identity_decomposer_tEjjEEvT1_T2_T3_T4_T5_T6_T7_T8_PKT9_PNS7_7counterINS9_3std3__415iterator_traitsINS15_ISR_vE10value_typeEvE10value_typeET12_T13_EEPS19_PNS15_INS15_IST_vE10value_typeEvE10value_typeES1A_T10_iiT11_
    0 bytes stack frame, 0 bytes spill stores, 0 bytes spill loads
ptxas info    : Used 32 registers, used 0 barriers
ptxas info    : Compile time = 17.394 ms
ptxas info    : Compiling entry function '_ZN3cub17_V_300500_SM_10006detail12batched_topk35device_segmented_topk_filter_kernelINS2_26policy_selector_from_typesInNS0_8NullTypeElLl8388608EEELNS1_4topk6selectE1EN4cuda3__417constant_iteratorIPKnlEENSB_IPnlEEPPS5_SI_NS1_6params13uniform_paramIlLl0ELl268435456EEENSK_IlLl1ELl8388608EEENSK_IlLl1ELl1EEEPljPyNS1_21identity_decomposer_tEjjEEvT1_T2_T3_T4_T5_T6_T7_T8_PKT9_PNS7_7counterINS9_3std3__415iterator_traitsINS15_ISR_vE10value_typeEvE10value_typeET12_T13_EEPS1A_PS19_PNS15_INS15_IST_vE10value_typeEvE10value_typeES1F_S1K_S1A_S1A_T10_iibT11_' for 'sm_100'
ptxas info    : Function properties for _ZN3cub17_V_300500_SM_10006detail12batched_topk35device_segmented_topk_filter_kernelINS2_26policy_selector_from_typesInNS0_8NullTypeElLl8388608EEELNS1_4topk6selectE1EN4cuda3__417constant_iteratorIPKnlEENSB_IPnlEEPPS5_SI_NS1_6params13uniform_paramIlLl0ELl268435456EEENSK_IlLl1ELl8388608EEENSK_IlLl1ELl1EEEPljPyNS1_21identity_decomposer_tEjjEEvT1_T2_T3_T4_T5_T6_T7_T8_PKT9_PNS7_7counterINS9_3std3__415iterator_traitsINS15_ISR_vE10value_typeEvE10value_typeET12_T13_EEPS1A_PS19_PNS15_INS15_IST_vE10value_typeEvE10value_typeES1F_S1K_S1A_S1A_T10_iibT11_
    0 bytes stack frame, 0 bytes spill stores, 0 bytes spill loads
ptxas info    : Used 39 registers, used 1 barriers, 1028 bytes smem
ptxas info    : Compile time = 18.957 ms
ptxas info    : Compiling entry function '_ZN3cub17_V_300500_SM_10006detail12batched_topk47device_segmented_topk_finalize_histogram_kernelINS2_26policy_selector_from_typesInNS0_8NullTypeElLl8388608EEEN4cuda3__417constant_iteratorIPKnlEENS1_6params13uniform_paramIlLl0ELl268435456EEENSE_IlLl1ELl8388608EEENSE_IlLl1ELl1EEEPlPyNS1_4topk16extract_bin_op_tInLNSK_6selectE1ELi8ENS1_21identity_decomposer_tELb1EEEjjnEEvT0_T1_T2_T3_T4_PNSK_7counterIT9_T7_T8_EEPSW_T5_T6_ib' for 'sm_100'
ptxas info    : Function properties for _ZN3cub17_V_300500_SM_10006detail12batched_topk47device_segmented_topk_finalize_histogram_kernelINS2_26policy_selector_from_typesInNS0_8NullTypeElLl8388608EEEN4cuda3__417constant_iteratorIPKnlEENS1_6params13uniform_paramIlLl0ELl268435456EEENSE_IlLl1ELl8388608EEENSE_IlLl1ELl1EEEPlPyNS1_4topk16extract_bin_op_tInLNSK_6selectE1ELi8ENS1_21identity_decomposer_tELb1EEEjjnEEvT0_T1_T2_T3_T4_PNSK_7counterIT9_T7_T8_EEPSW_T5_T6_ib
    0 bytes stack frame, 0 bytes spill stores, 0 bytes spill loads
ptxas info    : Used 32 registers, used 1 barriers, 2048 bytes smem
ptxas info    : Compile time = 7.846 ms
ptxas info    : Compiling entry function '_ZN3cub17_V_300500_SM_10006detail12batched_topk38device_segmented_topk_histogram_kernelINS2_26policy_selector_from_typesInNS0_8NullTypeElLl8388608EEEN4cuda3__417constant_iteratorIPKnlEENS1_6params13uniform_paramIlLl0ELl268435456EEENSE_IlLl1ELl8388608EEENSE_IlLl1ELl1EEEPljPyNS1_4topk16extract_bin_op_tInLNSK_6selectE1ELi8ENS1_21identity_decomposer_tELb1EEEjjjEEvT0_T1_T2_T3_T4_PKT5_PNSK_7counterINS7_3std3__415iterator_traitsINS10_ISP_vE10value_typeEvE10value_typeET8_T9_EEPS15_T6_T7_' for 'sm_100'
ptxas info    : Function properties for _ZN3cub17_V_300500_SM_10006detail12batched_topk38device_segmented_topk_histogram_kernelINS2_26policy_selector_from_typesInNS0_8NullTypeElLl8388608EEEN4cuda3__417constant_iteratorIPKnlEENS1_6params13uniform_paramIlLl0ELl268435456EEENSE_IlLl1ELl8388608EEENSE_IlLl1ELl1EEEPljPyNS1_4topk16extract_bin_op_tInLNSK_6selectE1ELi8ENS1_21identity_decomposer_tELb1EEEjjjEEvT0_T1_T2_T3_T4_PKT5_PNSK_7counterINS7_3std3__415iterator_traitsINS10_ISP_vE10value_typeEvE10value_typeET8_T9_EEPS15_T6_T7_
    0 bytes stack frame, 0 bytes spill stores, 0 bytes spill loads
ptxas info    : Used 30 registers, used 1 barriers, 1072 bytes smem
ptxas info    : Compile time = 17.694 ms
ptxas info    : Compiling entry function '_ZN3cub17_V_300500_SM_10006detail12batched_topk44device_segmented_topk_finalize_filter_kernelINS2_26policy_selector_from_typesInNS0_8NullTypeElLl8388608EEELNS1_4topk6selectE0EN4cuda3__417constant_iteratorIPKnlEENSB_IPnlEEPPS5_SI_NS1_6params13uniform_paramIlLl0ELl268435456EEENSK_IlLl1ELl8388608EEENSK_IlLl1ELl1EEEPljPyNS1_21identity_decomposer_tEjjnEEvT1_T2_T3_T4_T5_T6_T7_T8_PKT9_PNS7_7counterIT14_T12_T13_EEPS14_PS13_PNS9_3std3__415iterator_traitsINS1C_IST_vE10value_typeEvE10value_typeES19_S1H_T10_S14_S14_iiT11_b' for 'sm_100'
ptxas info    : Function properties for _ZN3cub17_V_300500_SM_10006detail12batched_topk44device_segmented_topk_finalize_filter_kernelINS2_26policy_selector_from_typesInNS0_8NullTypeElLl8388608EEELNS1_4topk6selectE0EN4cuda3__417constant_iteratorIPKnlEENSB_IPnlEEPPS5_SI_NS1_6params13uniform_paramIlLl0ELl268435456EEENSK_IlLl1ELl8388608EEENSK_IlLl1ELl1EEEPljPyNS1_21identity_decomposer_tEjjnEEvT1_T2_T3_T4_T5_T6_T7_T8_PKT9_PNS7_7counterIT14_T12_T13_EEPS14_PS13_PNS9_3std3__415iterator_traitsINS1C_IST_vE10value_typeEvE10value_typeES19_S1H_T10_S14_S14_iiT11_b
    0 bytes stack frame, 0 bytes spill stores, 0 bytes spill loads
ptxas info    : Used 50 registers, used 1 barriers, 2048 bytes smem
ptxas info    : Compile time = 17.199 ms
ptxas info    : Compiling entry function '_ZN3cub17_V_300500_SM_10006detail12batched_topk40device_segmented_topk_last_filter_kernelINS2_26policy_selector_from_typesInNS0_8NullTypeElLl8388608EEELNS1_4topk6selectE0EN4cuda3__417constant_iteratorIPKnlEENSB_IPnlEEPPS5_SI_NS1_6params13uniform_paramIlLl0ELl268435456EEENSK_IlLl1ELl8388608EEENSK_IlLl1ELl1EEEPljPyNS1_21identity_decomposer_tEjjEEvT1_T2_T3_T4_T5_T6_T7_T8_PKT9_PNS7_7counterINS9_3std3__415iterator_traitsINS15_ISR_vE10value_typeEvE10value_typeET12_T13_EEPS19_PNS15_INS15_IST_vE10value_typeEvE10value_typeES1A_T10_iiT11_' for 'sm_100'
ptxas info    : Function properties for _ZN3cub17_V_300500_SM_10006detail12batched_topk40device_segmented_topk_last_filter_kernelINS2_26policy_selector_from_typesInNS0_8NullTypeElLl8388608EEELNS1_4topk6selectE0EN4cuda3__417constant_iteratorIPKnlEENSB_IPnlEEPPS5_SI_NS1_6params13uniform_paramIlLl0ELl268435456EEENSK_IlLl1ELl8388608EEENSK_IlLl1ELl1EEEPljPyNS1_21identity_decomposer_tEjjEEvT1_T2_T3_T4_T5_T6_T7_T8_PKT9_PNS7_7counterINS9_3std3__415iterator_traitsINS15_ISR_vE10value_typeEvE10value_typeET12_T13_EEPS19_PNS15_INS15_IST_vE10value_typeEvE10value_typeES1A_T10_iiT11_
    0 bytes stack frame, 0 bytes spill stores, 0 bytes spill loads
ptxas info    : Used 32 registers, used 0 barriers
ptxas info    : Compile time = 17.395 ms
ptxas info    : Compiling entry function '_ZN3cub17_V_300500_SM_10006detail12batched_topk35device_segmented_topk_filter_kernelINS2_26policy_selector_from_typesInNS0_8NullTypeElLl8388608EEELNS1_4topk6selectE0EN4cuda3__417constant_iteratorIPKnlEENSB_IPnlEEPPS5_SI_NS1_6params13uniform_paramIlLl0ELl268435456EEENSK_IlLl1ELl8388608EEENSK_IlLl1ELl1EEEPljPyNS1_21identity_decomposer_tEjjEEvT1_T2_T3_T4_T5_T6_T7_T8_PKT9_PNS7_7counterINS9_3std3__415iterator_traitsINS15_ISR_vE10value_typeEvE10value_typeET12_T13_EEPS1A_PS19_PNS15_INS15_IST_vE10value_typeEvE10value_typeES1F_S1K_S1A_S1A_T10_iibT11_' for 'sm_100'
ptxas info    : Function properties for _ZN3cub17_V_300500_SM_10006detail12batched_topk35device_segmented_topk_filter_kernelINS2_26policy_selector_from_typesInNS0_8NullTypeElLl8388608EEELNS1_4topk6selectE0EN4cuda3__417constant_iteratorIPKnlEENSB_IPnlEEPPS5_SI_NS1_6params13uniform_paramIlLl0ELl268435456EEENSK_IlLl1ELl8388608EEENSK_IlLl1ELl1EEEPljPyNS1_21identity_decomposer_tEjjEEvT1_T2_T3_T4_T5_T6_T7_T8_PKT9_PNS7_7counterINS9_3std3__415iterator_traitsINS15_ISR_vE10value_typeEvE10value_typeET12_T13_EEPS1A_PS19_PNS15_INS15_IST_vE10value_typeEvE10value_typeES1F_S1K_S1A_S1A_T10_iibT11_
    0 bytes stack frame, 0 bytes spill stores, 0 bytes spill loads
ptxas info    : Used 39 registers, used 1 barriers, 1028 bytes smem
ptxas info    : Compile time = 18.790 ms
ptxas info    : Compiling entry function '_ZN3cub17_V_300500_SM_10006detail12batched_topk47device_segmented_topk_finalize_histogram_kernelINS2_26policy_selector_from_typesInNS0_8NullTypeElLl8388608EEEN4cuda3__417constant_iteratorIPKnlEENS1_6params13uniform_paramIlLl0ELl268435456EEENSE_IlLl1ELl8388608EEENSE_IlLl1ELl1EEEPlPyNS1_4topk16extract_bin_op_tInLNSK_6selectE0ELi8ENS1_21identity_decomposer_tELb1EEEjjnEEvT0_T1_T2_T3_T4_PNSK_7counterIT9_T7_T8_EEPSW_T5_T6_ib' for 'sm_100'
ptxas info    : Function properties for _ZN3cub17_V_300500_SM_10006detail12batched_topk47device_segmented_topk_finalize_histogram_kernelINS2_26policy_selector_from_typesInNS0_8NullTypeElLl8388608EEEN4cuda3__417constant_iteratorIPKnlEENS1_6params13uniform_paramIlLl0ELl268435456EEENSE_IlLl1ELl8388608EEENSE_IlLl1ELl1EEEPlPyNS1_4topk16extract_bin_op_tInLNSK_6selectE0ELi8ENS1_21identity_decomposer_tELb1EEEjjnEEvT0_T1_T2_T3_T4_PNSK_7counterIT9_T7_T8_EEPSW_T5_T6_ib
    0 bytes stack frame, 0 bytes spill stores, 0 bytes spill loads
ptxas info    : Used 32 registers, used 1 barriers, 2048 bytes smem
ptxas info    : Compile time = 7.777 ms
ptxas info    : Compiling entry function '_ZN3cub17_V_300500_SM_10006detail12batched_topk38device_segmented_topk_histogram_kernelINS2_26policy_selector_from_typesInNS0_8NullTypeElLl8388608EEEN4cuda3__417constant_iteratorIPKnlEENS1_6params13uniform_paramIlLl0ELl268435456EEENSE_IlLl1ELl8388608EEENSE_IlLl1ELl1EEEPljPyNS1_4topk16extract_bin_op_tInLNSK_6selectE0ELi8ENS1_21identity_decomposer_tELb1EEEjjjEEvT0_T1_T2_T3_T4_PKT5_PNSK_7counterINS7_3std3__415iterator_traitsINS10_ISP_vE10value_typeEvE10value_typeET8_T9_EEPS15_T6_T7_' for 'sm_100'
ptxas info    : Function properties for _ZN3cub17_V_300500_SM_10006detail12batched_topk38device_segmented_topk_histogram_kernelINS2_26policy_selector_from_typesInNS0_8NullTypeElLl8388608EEEN4cuda3__417constant_iteratorIPKnlEENS1_6params13uniform_paramIlLl0ELl268435456EEENSE_IlLl1ELl8388608EEENSE_IlLl1ELl1EEEPljPyNS1_4topk16extract_bin_op_tInLNSK_6selectE0ELi8ENS1_21identity_decomposer_tELb1EEEjjjEEvT0_T1_T2_T3_T4_PKT5_PNSK_7counterINS7_3std3__415iterator_traitsINS10_ISP_vE10value_typeEvE10value_typeET8_T9_EEPS15_T6_T7_
    0 bytes stack frame, 0 bytes spill stores, 0 bytes spill loads
ptxas info    : Used 32 registers, used 1 barriers, 1072 bytes smem
ptxas info    : Compile time = 17.005 ms
ptxas info    : Compiling entry function '_ZN3cub17_V_300500_SM_10006detail12batched_topk28device_segmented_topk_kernelINS2_26policy_selector_from_typesInNS0_8NullTypeElLl8388608EEEN4cuda3__417constant_iteratorIPKnlEENS9_IPnlEEPPS5_SG_NS1_6params13uniform_paramIlLl0ELl268435456EEENSI_IlLl1ELl8388608EEENSH_22uniform_discrete_paramINS1_4topk6selectEJLSN_1EEEENSI_IlLl1ELl1EEEjEEvT0_T1_T2_T3_T4_T5_T6_T7_PNS2_21batched_topk_countersINSX_10value_typeEEEPSZ_PT8_' for 'sm_100'
ptxas info    : Function properties for _ZN3cub17_V_300500_SM_10006detail12batched_topk28device_segmented_topk_kernelINS2_26policy_selector_from_typesInNS0_8NullTypeElLl8388608EEEN4cuda3__417constant_iteratorIPKnlEENS9_IPnlEEPPS5_SG_NS1_6params13uniform_paramIlLl0ELl268435456EEENSI_IlLl1ELl8388608EEENSH_22uniform_discrete_paramINS1_4topk6selectEJLSN_1EEEENSI_IlLl1ELl1EEEjEEvT0_T1_T2_T3_T4_T5_T6_T7_PNS2_21batched_topk_countersINSX_10value_typeEEEPSZ_PT8_
    0 bytes stack frame, 0 bytes spill stores, 0 bytes spill loads
ptxas info    : Used 128 registers, used 1 barriers, 33808 bytes smem
ptxas info    : Compile time = 41.832 ms
ptxas info    : Compiling entry function '_ZN3cub17_V_300500_SM_10006detail12batched_topk44device_segmented_topk_finalize_filter_kernelINS2_26policy_selector_from_typesIlNS0_8NullTypeElLl8388608EEELNS1_4topk6selectE1EN4cuda3__417constant_iteratorIPKllEENSB_IPllEEPPS5_SI_NS1_6params13uniform_paramIlLl0ELl268435456EEENSK_IlLl1ELl8388608EEENSK_IlLl1ELl1EEESF_jPyNS1_21identity_decomposer_tEjjlEEvT1_T2_T3_T4_T5_T6_T7_T8_PKT9_PNS7_7counterIT14_T12_T13_EEPS13_PS12_PNS9_3std3__415iterator_traitsINS1B_ISS_vE10value_typeEvE10value_typeES18_S1G_T10_S13_S13_iiT11_b' for 'sm_100'
ptxas info    : Function properties for _ZN3cub17_V_300500_SM_10006detail12batched_topk44device_segmented_topk_finalize_filter_kernelINS2_26policy_selector_from_typesIlNS0_8NullTypeElLl8388608EEELNS1_4topk6selectE1EN4cuda3__417constant_iteratorIPKllEENSB_IPllEEPPS5_SI_NS1_6params13uniform_paramIlLl0ELl268435456EEENSK_IlLl1ELl8388608EEENSK_IlLl1ELl1EEESF_jPyNS1_21identity_decomposer_tEjjlEEvT1_T2_T3_T4_T5_T6_T7_T8_PKT9_PNS7_7counterIT14_T12_T13_EEPS13_PS12_PNS9_3std3__415iterator_traitsINS1B_ISS_vE10value_typeEvE10value_typeES18_S1G_T10_S13_S13_iiT11_b
    0 bytes stack frame, 0 bytes spill stores, 0 bytes spill loads
ptxas info    : Used 50 registers, used 1 barriers, 8208 bytes smem
ptxas info    : Compile time = 20.265 ms
ptxas info    : Compiling entry function '_ZN3cub17_V_300500_SM_10006detail12batched_topk40device_segmented_topk_last_filter_kernelINS2_26policy_selector_from_typesIlNS0_8NullTypeElLl8388608EEELNS1_4topk6selectE1EN4cuda3__417constant_iteratorIPKllEENSB_IPllEEPPS5_SI_NS1_6params13uniform_paramIlLl0ELl268435456EEENSK_IlLl1ELl8388608EEENSK_IlLl1ELl1EEESF_jPyNS1_21identity_decomposer_tEjjEEvT1_T2_T3_T4_T5_T6_T7_T8_PKT9_PNS7_7counterINS9_3std3__415iterator_traitsINS14_ISQ_vE10value_typeEvE10value_typeET12_T13_EEPS18_PNS14_INS14_ISS_vE10value_typeEvE10value_typeES19_T10_iiT11_' for 'sm_100'
ptxas info    : Function properties for _ZN3cub17_V_300500_SM_10006detail12batched_topk40device_segmented_topk_last_filter_kernelINS2_26policy_selector_from_typesIlNS0_8NullTypeElLl8388608EEELNS1_4topk6selectE1EN4cuda3__417constant_iteratorIPKllEENSB_IPllEEPPS5_SI_NS1_6params13uniform_paramIlLl0ELl268435456EEENSK_IlLl1ELl8388608EEENSK_IlLl1ELl1EEESF_jPyNS1_21identity_decomposer_tEjjEEvT1_T2_T3_T4_T5_T6_T7_T8_PKT9_PNS7_7counterINS9_3std3__415iterator_traitsINS14_ISQ_vE10value_typeEvE10value_typeET12_T13_EEPS18_PNS14_INS14_ISS_vE10value_typeEvE10value_typeES19_T10_iiT11_
    0 bytes stack frame, 0 bytes spill stores, 0 bytes spill loads
ptxas info    : Used 32 registers, used 0 barriers
ptxas info    : Compile time = 19.082 ms
ptxas info    : Compiling entry function '_ZN3cub17_V_300500_SM_10006detail12batched_topk35device_segmented_topk_filter_kernelINS2_26policy_selector_from_typesIlNS0_8NullTypeElLl8388608EEELNS1_4topk6selectE1EN4cuda3__417constant_iteratorIPKllEENSB_IPllEEPPS5_SI_NS1_6params13uniform_paramIlLl0ELl268435456EEENSK_IlLl1ELl8388608EEENSK_IlLl1ELl1EEESF_jPyNS1_21identity_decomposer_tEjjEEvT1_T2_T3_T4_T5_T6_T7_T8_PKT9_PNS7_7counterINS9_3std3__415iterator_traitsINS14_ISQ_vE10value_typeEvE10value_typeET12_T13_EEPS19_PS18_PNS14_INS14_ISS_vE10value_typeEvE10value_typeES1E_S1J_S19_S19_T10_iibT11_' for 'sm_100'
ptxas info    : Function properties for _ZN3cub17_V_300500_SM_10006detail12batched_topk35device_segmented_topk_filter_kernelINS2_26policy_selector_from_typesIlNS0_8NullTypeElLl8388608EEELNS1_4topk6selectE1EN4cuda3__417constant_iteratorIPKllEENSB_IPllEEPPS5_SI_NS1_6params13uniform_paramIlLl0ELl268435456EEENSK_IlLl1ELl8388608EEENSK_IlLl1ELl1EEESF_jPyNS1_21identity_decomposer_tEjjEEvT1_T2_T3_T4_T5_T6_T7_T8_PKT9_PNS7_7counterINS9_3std3__415iterator_traitsINS14_ISQ_vE10value_typeEvE10value_typeET12_T13_EEPS19_PS18_PNS14_INS14_ISS_vE10value_typeEvE10value_typeES1E_S1J_S19_S19_T10_iibT11_
    0 bytes stack frame, 0 bytes spill stores, 0 bytes spill loads
ptxas info    : Used 32 registers, used 1 barriers, 8196 bytes smem
ptxas info    : Compile time = 19.851 ms
ptxas info    : Compiling entry function '_ZN3cub17_V_300500_SM_10006detail12batched_topk47device_segmented_topk_finalize_histogram_kernelINS2_26policy_selector_from_typesIlNS0_8NullTypeElLl8388608EEEN4cuda3__417constant_iteratorIPKllEENS1_6params13uniform_paramIlLl0ELl268435456EEENSE_IlLl1ELl8388608EEENSE_IlLl1ELl1EEEPlPyNS1_4topk16extract_bin_op_tIlLNSK_6selectE1ELi11ENS1_21identity_decomposer_tELb1EEEjjlEEvT0_T1_T2_T3_T4_PNSK_7counterIT9_T7_T8_EEPSW_T5_T6_ib' for 'sm_100'
ptxas info    : Function properties for _ZN3cub17_V_300500_SM_10006detail12batched_topk47device_segmented_topk_finalize_histogram_kernelINS2_26policy_selector_from_typesIlNS0_8NullTypeElLl8388608EEEN4cuda3__417constant_iteratorIPKllEENS1_6params13uniform_paramIlLl0ELl268435456EEENSE_IlLl1ELl8388608EEENSE_IlLl1ELl1EEEPlPyNS1_4topk16extract_bin_op_tIlLNSK_6selectE1ELi11ENS1_21identity_decomposer_tELb1EEEjjlEEvT0_T1_T2_T3_T4_PNSK_7counterIT9_T7_T8_EEPSW_T5_T6_ib
    0 bytes stack frame, 0 bytes spill stores, 0 bytes spill loads
ptxas info    : Used 40 registers, used 1 barriers, 8192 bytes smem
ptxas info    : Compile time = 9.153 ms
ptxas info    : Compiling entry function '_ZN3cub17_V_300500_SM_10006detail12batched_topk38device_segmented_topk_histogram_kernelINS2_26policy_selector_from_typesIlNS0_8NullTypeElLl8388608EEEN4cuda3__417constant_iteratorIPKllEENS1_6params13uniform_paramIlLl0ELl268435456EEENSE_IlLl1ELl8388608EEENSE_IlLl1ELl1EEEPljPyNS1_4topk16extract_bin_op_tIlLNSK_6selectE1ELi11ENS1_21identity_decomposer_tELb1EEEjjjEEvT0_T1_T2_T3_T4_PKT5_PNSK_7counterINS7_3std3__415iterator_traitsINS10_ISP_vE10value_typeEvE10value_typeET8_T9_EEPS15_T6_T7_' for 'sm_100'
ptxas info    : Function properties for _ZN3cub17_V_300500_SM_10006detail12batched_topk38device_segmented_topk_histogram_kernelINS2_26policy_selector_from_typesIlNS0_8NullTypeElLl8388608EEEN4cuda3__417constant_iteratorIPKllEENS1_6params13uniform_paramIlLl0ELl268435456EEENSE_IlLl1ELl8388608EEENSE_IlLl1ELl1EEEPljPyNS1_4topk16extract_bin_op_tIlLNSK_6selectE1ELi11ENS1_21identity_decomposer_tELb1EEEjjjEEvT0_T1_T2_T3_T4_PKT5_PNSK_7counterINS7_3std3__415iterator_traitsINS10_ISP_vE10value_typeEvE10value_typeET8_T9_EEPS15_T6_T7_
    0 bytes stack frame, 0 bytes spill stores, 0 bytes spill loads
ptxas info    : Used 30 registers, used 1 barriers, 8240 bytes smem
ptxas info    : Compile time = 19.495 ms
ptxas info    : Compiling entry function '_ZN3cub17_V_300500_SM_10006detail12batched_topk44device_segmented_topk_finalize_filter_kernelINS2_26policy_selector_from_typesIlNS0_8NullTypeElLl8388608EEELNS1_4topk6selectE0EN4cuda3__417constant_iteratorIPKllEENSB_IPllEEPPS5_SI_NS1_6params13uniform_paramIlLl0ELl268435456EEENSK_IlLl1ELl8388608EEENSK_IlLl1ELl1EEESF_jPyNS1_21identity_decomposer_tEjjlEEvT1_T2_T3_T4_T5_T6_T7_T8_PKT9_PNS7_7counterIT14_T12_T13_EEPS13_PS12_PNS9_3std3__415iterator_traitsINS1B_ISS_vE10value_typeEvE10value_typeES18_S1G_T10_S13_S13_iiT11_b' for 'sm_100'
ptxas info    : Function properties for _ZN3cub17_V_300500_SM_10006detail12batched_topk44device_segmented_topk_finalize_filter_kernelINS2_26policy_selector_from_typesIlNS0_8NullTypeElLl8388608EEELNS1_4topk6selectE0EN4cuda3__417constant_iteratorIPKllEENSB_IPllEEPPS5_SI_NS1_6params13uniform_paramIlLl0ELl268435456EEENSK_IlLl1ELl8388608EEENSK_IlLl1ELl1EEESF_jPyNS1_21identity_decomposer_tEjjlEEvT1_T2_T3_T4_T5_T6_T7_T8_PKT9_PNS7_7counterIT14_T12_T13_EEPS13_PS12_PNS9_3std3__415iterator_traitsINS1B_ISS_vE10value_typeEvE10value_typeES18_S1G_T10_S13_S13_iiT11_b
    0 bytes stack frame, 0 bytes spill stores, 0 bytes spill loads
ptxas info    : Used 50 registers, used 1 barriers, 8208 bytes smem
ptxas info    : Compile time = 20.192 ms
ptxas info    : Compiling entry function '_ZN3cub17_V_300500_SM_10006detail12batched_topk40device_segmented_topk_last_filter_kernelINS2_26policy_selector_from_typesIlNS0_8NullTypeElLl8388608EEELNS1_4topk6selectE0EN4cuda3__417constant_iteratorIPKllEENSB_IPllEEPPS5_SI_NS1_6params13uniform_paramIlLl0ELl268435456EEENSK_IlLl1ELl8388608EEENSK_IlLl1ELl1EEESF_jPyNS1_21identity_decomposer_tEjjEEvT1_T2_T3_T4_T5_T6_T7_T8_PKT9_PNS7_7counterINS9_3std3__415iterator_traitsINS14_ISQ_vE10value_typeEvE10value_typeET12_T13_EEPS18_PNS14_INS14_ISS_vE10value_typeEvE10value_typeES19_T10_iiT11_' for 'sm_100'
ptxas info    : Function properties for _ZN3cub17_V_300500_SM_10006detail12batched_topk40device_segmented_topk_last_filter_kernelINS2_26policy_selector_from_typesIlNS0_8NullTypeElLl8388608EEELNS1_4topk6selectE0EN4cuda3__417constant_iteratorIPKllEENSB_IPllEEPPS5_SI_NS1_6params13uniform_paramIlLl0ELl268435456EEENSK_IlLl1ELl8388608EEENSK_IlLl1ELl1EEESF_jPyNS1_21identity_decomposer_tEjjEEvT1_T2_T3_T4_T5_T6_T7_T8_PKT9_PNS7_7counterINS9_3std3__415iterator_traitsINS14_ISQ_vE10value_typeEvE10value_typeET12_T13_EEPS18_PNS14_INS14_ISS_vE10value_typeEvE10value_typeES19_T10_iiT11_
    0 bytes stack frame, 0 bytes spill stores, 0 bytes spill loads
ptxas info    : Used 32 registers, used 0 barriers
ptxas info    : Compile time = 19.136 ms
ptxas info    : Compiling entry function '_ZN3cub17_V_300500_SM_10006detail12batched_topk35device_segmented_topk_filter_kernelINS2_26policy_selector_from_typesIlNS0_8NullTypeElLl8388608EEELNS1_4topk6selectE0EN4cuda3__417constant_iteratorIPKllEENSB_IPllEEPPS5_SI_NS1_6params13uniform_paramIlLl0ELl268435456EEENSK_IlLl1ELl8388608EEENSK_IlLl1ELl1EEESF_jPyNS1_21identity_decomposer_tEjjEEvT1_T2_T3_T4_T5_T6_T7_T8_PKT9_PNS7_7counterINS9_3std3__415iterator_traitsINS14_ISQ_vE10value_typeEvE10value_typeET12_T13_EEPS19_PS18_PNS14_INS14_ISS_vE10value_typeEvE10value_typeES1E_S1J_S19_S19_T10_iibT11_' for 'sm_100'
ptxas info    : Function properties for _ZN3cub17_V_300500_SM_10006detail12batched_topk35device_segmented_topk_filter_kernelINS2_26policy_selector_from_typesIlNS0_8NullTypeElLl8388608EEELNS1_4topk6selectE0EN4cuda3__417constant_iteratorIPKllEENSB_IPllEEPPS5_SI_NS1_6params13uniform_paramIlLl0ELl268435456EEENSK_IlLl1ELl8388608EEENSK_IlLl1ELl1EEESF_jPyNS1_21identity_decomposer_tEjjEEvT1_T2_T3_T4_T5_T6_T7_T8_PKT9_PNS7_7counterINS9_3std3__415iterator_traitsINS14_ISQ_vE10value_typeEvE10value_typeET12_T13_EEPS19_PS18_PNS14_INS14_ISS_vE10value_typeEvE10value_typeES1E_S1J_S19_S19_T10_iibT11_
    0 bytes stack frame, 0 bytes spill stores, 0 bytes spill loads
ptxas info    : Used 32 registers, used 1 barriers, 8196 bytes smem
ptxas info    : Compile time = 19.758 ms
ptxas info    : Compiling entry function '_ZN3cub17_V_300500_SM_10006detail12batched_topk47device_segmented_topk_finalize_histogram_kernelINS2_26policy_selector_from_typesIlNS0_8NullTypeElLl8388608EEEN4cuda3__417constant_iteratorIPKllEENS1_6params13uniform_paramIlLl0ELl268435456EEENSE_IlLl1ELl8388608EEENSE_IlLl1ELl1EEEPlPyNS1_4topk16extract_bin_op_tIlLNSK_6selectE0ELi11ENS1_21identity_decomposer_tELb1EEEjjlEEvT0_T1_T2_T3_T4_PNSK_7counterIT9_T7_T8_EEPSW_T5_T6_ib' for 'sm_100'
ptxas info    : Function properties for _ZN3cub17_V_300500_SM_10006detail12batched_topk47device_segmented_topk_finalize_histogram_kernelINS2_26policy_selector_from_typesIlNS0_8NullTypeElLl8388608EEEN4cuda3__417constant_iteratorIPKllEENS1_6params13uniform_paramIlLl0ELl268435456EEENSE_IlLl1ELl8388608EEENSE_IlLl1ELl1EEEPlPyNS1_4topk16extract_bin_op_tIlLNSK_6selectE0ELi11ENS1_21identity_decomposer_tELb1EEEjjlEEvT0_T1_T2_T3_T4_PNSK_7counterIT9_T7_T8_EEPSW_T5_T6_ib
    0 bytes stack frame, 0 bytes spill stores, 0 bytes spill loads
ptxas info    : Used 40 registers, used 1 barriers, 8192 bytes smem
ptxas info    : Compile time = 9.117 ms
ptxas info    : Compiling entry function '_ZN3cub17_V_300500_SM_10006detail12batched_topk38device_segmented_topk_histogram_kernelINS2_26policy_selector_from_typesIlNS0_8NullTypeElLl8388608EEEN4cuda3__417constant_iteratorIPKllEENS1_6params13uniform_paramIlLl0ELl268435456EEENSE_IlLl1ELl8388608EEENSE_IlLl1ELl1EEEPljPyNS1_4topk16extract_bin_op_tIlLNSK_6selectE0ELi11ENS1_21identity_decomposer_tELb1EEEjjjEEvT0_T1_T2_T3_T4_PKT5_PNSK_7counterINS7_3std3__415iterator_traitsINS10_ISP_vE10value_typeEvE10value_typeET8_T9_EEPS15_T6_T7_' for 'sm_100'
ptxas info    : Function properties for _ZN3cub17_V_300500_SM_10006detail12batched_topk38device_segmented_topk_histogram_kernelINS2_26policy_selector_from_typesIlNS0_8NullTypeElLl8388608EEEN4cuda3__417constant_iteratorIPKllEENS1_6params13uniform_paramIlLl0ELl268435456EEENSE_IlLl1ELl8388608EEENSE_IlLl1ELl1EEEPljPyNS1_4topk16extract_bin_op_tIlLNSK_6selectE0ELi11ENS1_21identity_decomposer_tELb1EEEjjjEEvT0_T1_T2_T3_T4_PKT5_PNSK_7counterINS7_3std3__415iterator_traitsINS10_ISP_vE10value_typeEvE10value_typeET8_T9_EEPS15_T6_T7_
    0 bytes stack frame, 0 bytes spill stores, 0 bytes spill loads
ptxas info    : Used 30 registers, used 1 barriers, 8240 bytes smem
ptxas info    : Compile time = 19.082 ms
ptxas info    : Compiling entry function '_ZN3cub17_V_300500_SM_10006detail12batched_topk28device_segmented_topk_kernelINS2_26policy_selector_from_typesIlNS0_8NullTypeElLl8388608EEEN4cuda3__417constant_iteratorIPKllEENS9_IPllEEPPS5_SG_NS1_6params13uniform_paramIlLl0ELl268435456EEENSI_IlLl1ELl8388608EEENSH_22uniform_discrete_paramINS1_4topk6selectEJLSN_1EEEENSI_IlLl1ELl1EEEjEEvT0_T1_T2_T3_T4_T5_T6_T7_PNS2_21batched_topk_countersINSX_10value_typeEEEPSZ_PT8_' for 'sm_100'
ptxas info    : Function properties for _ZN3cub17_V_300500_SM_10006detail12batched_topk28device_segmented_topk_kernelINS2_26policy_selector_from_typesIlNS0_8NullTypeElLl8388608EEEN4cuda3__417constant_iteratorIPKllEENS9_IPllEEPPS5_SG_NS1_6params13uniform_paramIlLl0ELl268435456EEENSI_IlLl1ELl8388608EEENSH_22uniform_discrete_paramINS1_4topk6selectEJLSN_1EEEENSI_IlLl1ELl1EEEjEEvT0_T1_T2_T3_T4_T5_T6_T7_PNS2_21batched_topk_countersINSX_10value_typeEEEPSZ_PT8_
    0 bytes stack frame, 0 bytes spill stores, 0 bytes spill loads
ptxas info    : Used 128 registers, used 1 barriers, 33808 bytes smem
ptxas info    : Compile time = 48.162 ms
ptxas info    : Compiling entry function '_ZN3cub17_V_300500_SM_10006detail12batched_topk44device_segmented_topk_finalize_filter_kernelINS2_26policy_selector_from_typesIiNS0_8NullTypeElLl8388608EEELNS1_4topk6selectE1EN4cuda3__417constant_iteratorIPKilEENSB_IPilEEPPS5_SI_NS1_6params13uniform_paramIlLl0ELl268435456EEENSK_IlLl1ELl8388608EEENSK_IlLl1ELl1EEEPljPyNS1_21identity_decomposer_tEjjiEEvT1_T2_T3_T4_T5_T6_T7_T8_PKT9_PNS7_7counterIT14_T12_T13_EEPS14_PS13_PNS9_3std3__415iterator_traitsINS1C_IST_vE10value_typeEvE10value_typeES19_S1H_T10_S14_S14_iiT11_b' for 'sm_100'
ptxas info    : Function properties for _ZN3cub17_V_300500_SM_10006detail12batched_topk44device_segmented_topk_finalize_filter_kernelINS2_26policy_selector_from_typesIiNS0_8NullTypeElLl8388608EEELNS1_4topk6selectE1EN4cuda3__417constant_iteratorIPKilEENSB_IPilEEPPS5_SI_NS1_6params13uniform_paramIlLl0ELl268435456EEENSK_IlLl1ELl8388608EEENSK_IlLl1ELl1EEEPljPyNS1_21identity_decomposer_tEjjiEEvT1_T2_T3_T4_T5_T6_T7_T8_PKT9_PNS7_7counterIT14_T12_T13_EEPS14_PS13_PNS9_3std3__415iterator_traitsINS1C_IST_vE10value_typeEvE10value_typeES19_S1H_T10_S14_S14_iiT11_b
    0 bytes stack frame, 0 bytes spill stores, 0 bytes spill loads
ptxas info    : Used 48 registers, used 1 barriers, 8208 bytes smem
ptxas info    : Compile time = 22.658 ms
ptxas info    : Compiling entry function '_ZN3cub17_V_300500_SM_10006detail12batched_topk40device_segmented_topk_last_filter_kernelINS2_26policy_selector_from_typesIiNS0_8NullTypeElLl8388608EEELNS1_4topk6selectE1EN4cuda3__417constant_iteratorIPKilEENSB_IPilEEPPS5_SI_NS1_6params13uniform_paramIlLl0ELl268435456EEENSK_IlLl1ELl8388608EEENSK_IlLl1ELl1EEEPljPyNS1_21identity_decomposer_tEjjEEvT1_T2_T3_T4_T5_T6_T7_T8_PKT9_PNS7_7counterINS9_3std3__415iterator_traitsINS15_ISR_vE10value_typeEvE10value_typeET12_T13_EEPS19_PNS15_INS15_IST_vE10value_typeEvE10value_typeES1A_T10_iiT11_' for 'sm_100'
ptxas info    : Function properties for _ZN3cub17_V_300500_SM_10006detail12batched_topk40device_segmented_topk_last_filter_kernelINS2_26policy_selector_from_typesIiNS0_8NullTypeElLl8388608EEELNS1_4topk6selectE1EN4cuda3__417constant_iteratorIPKilEENSB_IPilEEPPS5_SI_NS1_6params13uniform_paramIlLl0ELl268435456EEENSK_IlLl1ELl8388608EEENSK_IlLl1ELl1EEEPljPyNS1_21identity_decomposer_tEjjEEvT1_T2_T3_T4_T5_T6_T7_T8_PKT9_PNS7_7counterINS9_3std3__415iterator_traitsINS15_ISR_vE10value_typeEvE10value_typeET12_T13_EEPS19_PNS15_INS15_IST_vE10value_typeEvE10value_typeES1A_T10_iiT11_
    0 bytes stack frame, 0 bytes spill stores, 0 bytes spill loads
ptxas info    : Used 32 registers, used 0 barriers
ptxas info    : Compile time = 25.265 ms
ptxas info    : Compiling entry function '_ZN3cub17_V_300500_SM_10006detail12batched_topk35device_segmented_topk_filter_kernelINS2_26policy_selector_from_typesIiNS0_8NullTypeElLl8388608EEELNS1_4topk6selectE1EN4cuda3__417constant_iteratorIPKilEENSB_IPilEEPPS5_SI_NS1_6params13uniform_paramIlLl0ELl268435456EEENSK_IlLl1ELl8388608EEENSK_IlLl1ELl1EEEPljPyNS1_21identity_decomposer_tEjjEEvT1_T2_T3_T4_T5_T6_T7_T8_PKT9_PNS7_7counterINS9_3std3__415iterator_traitsINS15_ISR_vE10value_typeEvE10value_typeET12_T13_EEPS1A_PS19_PNS15_INS15_IST_vE10value_typeEvE10value_typeES1F_S1K_S1A_S1A_T10_iibT11_' for 'sm_100'
ptxas info    : Function properties for _ZN3cub17_V_300500_SM_10006detail12batched_topk35device_segmented_topk_filter_kernelINS2_26policy_selector_from_typesIiNS0_8NullTypeElLl8388608EEELNS1_4topk6selectE1EN4cuda3__417constant_iteratorIPKilEENSB_IPilEEPPS5_SI_NS1_6params13uniform_paramIlLl0ELl268435456EEENSK_IlLl1ELl8388608EEENSK_IlLl1ELl1EEEPljPyNS1_21identity_decomposer_tEjjEEvT1_T2_T3_T4_T5_T6_T7_T8_PKT9_PNS7_7counterINS9_3std3__415iterator_traitsINS15_ISR_vE10value_typeEvE10value_typeET12_T13_EEPS1A_PS19_PNS15_INS15_IST_vE10value_typeEvE10value_typeES1F_S1K_S1A_S1A_T10_iibT11_
    0 bytes stack frame, 0 bytes spill stores, 0 bytes spill loads
ptxas info    : Used 32 registers, used 1 barriers, 8196 bytes smem
ptxas info    : Compile time = 22.802 ms
ptxas info    : Compiling entry function '_ZN3cub17_V_300500_SM_10006detail12batched_topk47device_segmented_topk_finalize_histogram_kernelINS2_26policy_selector_from_typesIiNS0_8NullTypeElLl8388608EEEN4cuda3__417constant_iteratorIPKilEENS1_6params13uniform_paramIlLl0ELl268435456EEENSE_IlLl1ELl8388608EEENSE_IlLl1ELl1EEEPlPyNS1_4topk16extract_bin_op_tIiLNSK_6selectE1ELi11ENS1_21identity_decomposer_tELb1EEEjjiEEvT0_T1_T2_T3_T4_PNSK_7counterIT9_T7_T8_EEPSW_T5_T6_ib' for 'sm_100'
ptxas info    : Function properties for _ZN3cub17_V_300500_SM_10006detail12batched_topk47device_segmented_topk_finalize_histogram_kernelINS2_26policy_selector_from_typesIiNS0_8NullTypeElLl8388608EEEN4cuda3__417constant_iteratorIPKilEENS1_6params13uniform_paramIlLl0ELl268435456EEENSE_IlLl1ELl8388608EEENSE_IlLl1ELl1EEEPlPyNS1_4topk16extract_bin_op_tIiLNSK_6selectE1ELi11ENS1_21identity_decomposer_tELb1EEEjjiEEvT0_T1_T2_T3_T4_PNSK_7counterIT9_T7_T8_EEPSW_T5_T6_ib
    0 bytes stack frame, 0 bytes spill stores, 0 bytes spill loads
ptxas info    : Used 40 registers, used 1 barriers, 8192 bytes smem
ptxas info    : Compile time = 9.380 ms
ptxas info    : Compiling entry function '_ZN3cub17_V_300500_SM_10006detail12batched_topk38device_segmented_topk_histogram_kernelINS2_26policy_selector_from_typesIiNS0_8NullTypeElLl8388608EEEN4cuda3__417constant_iteratorIPKilEENS1_6params13uniform_paramIlLl0ELl268435456EEENSE_IlLl1ELl8388608EEENSE_IlLl1ELl1EEEPljPyNS1_4topk16extract_bin_op_tIiLNSK_6selectE1ELi11ENS1_21identity_decomposer_tELb1EEEjjjEEvT0_T1_T2_T3_T4_PKT5_PNSK_7counterINS7_3std3__415iterator_traitsINS10_ISP_vE10value_typeEvE10value_typeET8_T9_EEPS15_T6_T7_' for 'sm_100'
ptxas info    : Function properties for _ZN3cub17_V_300500_SM_10006detail12batched_topk38device_segmented_topk_histogram_kernelINS2_26policy_selector_from_typesIiNS0_8NullTypeElLl8388608EEEN4cuda3__417constant_iteratorIPKilEENS1_6params13uniform_paramIlLl0ELl268435456EEENSE_IlLl1ELl8388608EEENSE_IlLl1ELl1EEEPljPyNS1_4topk16extract_bin_op_tIiLNSK_6selectE1ELi11ENS1_21identity_decomposer_tELb1EEEjjjEEvT0_T1_T2_T3_T4_PKT5_PNSK_7counterINS7_3std3__415iterator_traitsINS10_ISP_vE10value_typeEvE10value_typeET8_T9_EEPS15_T6_T7_
    0 bytes stack frame, 0 bytes spill stores, 0 bytes spill loads
ptxas info    : Used 30 registers, used 1 barriers, 8240 bytes smem
ptxas info    : Compile time = 23.676 ms
ptxas info    : Compiling entry function '_ZN3cub17_V_300500_SM_10006detail12batched_topk44device_segmented_topk_finalize_filter_kernelINS2_26policy_selector_from_typesIiNS0_8NullTypeElLl8388608EEELNS1_4topk6selectE0EN4cuda3__417constant_iteratorIPKilEENSB_IPilEEPPS5_SI_NS1_6params13uniform_paramIlLl0ELl268435456EEENSK_IlLl1ELl8388608EEENSK_IlLl1ELl1EEEPljPyNS1_21identity_decomposer_tEjjiEEvT1_T2_T3_T4_T5_T6_T7_T8_PKT9_PNS7_7counterIT14_T12_T13_EEPS14_PS13_PNS9_3std3__415iterator_traitsINS1C_IST_vE10value_typeEvE10value_typeES19_S1H_T10_S14_S14_iiT11_b' for 'sm_100'
ptxas info    : Function properties for _ZN3cub17_V_300500_SM_10006detail12batched_topk44device_segmented_topk_finalize_filter_kernelINS2_26policy_selector_from_typesIiNS0_8NullTypeElLl8388608EEELNS1_4topk6selectE0EN4cuda3__417constant_iteratorIPKilEENSB_IPilEEPPS5_SI_NS1_6params13uniform_paramIlLl0ELl268435456EEENSK_IlLl1ELl8388608EEENSK_IlLl1ELl1EEEPljPyNS1_21identity_decomposer_tEjjiEEvT1_T2_T3_T4_T5_T6_T7_T8_PKT9_PNS7_7counterIT14_T12_T13_EEPS14_PS13_PNS9_3std3__415iterator_traitsINS1C_IST_vE10value_typeEvE10value_typeES19_S1H_T10_S14_S14_iiT11_b
    0 bytes stack frame, 0 bytes spill stores, 0 bytes spill loads
ptxas info    : Used 48 registers, used 1 barriers, 8208 bytes smem
ptxas info    : Compile time = 22.753 ms
ptxas info    : Compiling entry function '_ZN3cub17_V_300500_SM_10006detail12batched_topk40device_segmented_topk_last_filter_kernelINS2_26policy_selector_from_typesIiNS0_8NullTypeElLl8388608EEELNS1_4topk6selectE0EN4cuda3__417constant_iteratorIPKilEENSB_IPilEEPPS5_SI_NS1_6params13uniform_paramIlLl0ELl268435456EEENSK_IlLl1ELl8388608EEENSK_IlLl1ELl1EEEPljPyNS1_21identity_decomposer_tEjjEEvT1_T2_T3_T4_T5_T6_T7_T8_PKT9_PNS7_7counterINS9_3std3__415iterator_traitsINS15_ISR_vE10value_typeEvE10value_typeET12_T13_EEPS19_PNS15_INS15_IST_vE10value_typeEvE10value_typeES1A_T10_iiT11_' for 'sm_100'
ptxas info    : Function properties for _ZN3cub17_V_300500_SM_10006detail12batched_topk40device_segmented_topk_last_filter_kernelINS2_26policy_selector_from_typesIiNS0_8NullTypeElLl8388608EEELNS1_4topk6selectE0EN4cuda3__417constant_iteratorIPKilEENSB_IPilEEPPS5_SI_NS1_6params13uniform_paramIlLl0ELl268435456EEENSK_IlLl1ELl8388608EEENSK_IlLl1ELl1EEEPljPyNS1_21identity_decomposer_tEjjEEvT1_T2_T3_T4_T5_T6_T7_T8_PKT9_PNS7_7counterINS9_3std3__415iterator_traitsINS15_ISR_vE10value_typeEvE10value_typeET12_T13_EEPS19_PNS15_INS15_IST_vE10value_typeEvE10value_typeES1A_T10_iiT11_
    0 bytes stack frame, 0 bytes spill stores, 0 bytes spill loads
ptxas info    : Used 32 registers, used 0 barriers
ptxas info    : Compile time = 25.227 ms
ptxas info    : Compiling entry function '_ZN3cub17_V_300500_SM_10006detail12batched_topk35device_segmented_topk_filter_kernelINS2_26policy_selector_from_typesIiNS0_8NullTypeElLl8388608EEELNS1_4topk6selectE0EN4cuda3__417constant_iteratorIPKilEENSB_IPilEEPPS5_SI_NS1_6params13uniform_paramIlLl0ELl268435456EEENSK_IlLl1ELl8388608EEENSK_IlLl1ELl1EEEPljPyNS1_21identity_decomposer_tEjjEEvT1_T2_T3_T4_T5_T6_T7_T8_PKT9_PNS7_7counterINS9_3std3__415iterator_traitsINS15_ISR_vE10value_typeEvE10value_typeET12_T13_EEPS1A_PS19_PNS15_INS15_IST_vE10value_typeEvE10value_typeES1F_S1K_S1A_S1A_T10_iibT11_' for 'sm_100'
ptxas info    : Function properties for _ZN3cub17_V_300500_SM_10006detail12batched_topk35device_segmented_topk_filter_kernelINS2_26policy_selector_from_typesIiNS0_8NullTypeElLl8388608EEELNS1_4topk6selectE0EN4cuda3__417constant_iteratorIPKilEENSB_IPilEEPPS5_SI_NS1_6params13uniform_paramIlLl0ELl268435456EEENSK_IlLl1ELl8388608EEENSK_IlLl1ELl1EEEPljPyNS1_21identity_decomposer_tEjjEEvT1_T2_T3_T4_T5_T6_T7_T8_PKT9_PNS7_7counterINS9_3std3__415iterator_traitsINS15_ISR_vE10value_typeEvE10value_typeET12_T13_EEPS1A_PS19_PNS15_INS15_IST_vE10value_typeEvE10value_typeES1F_S1K_S1A_S1A_T10_iibT11_
    0 bytes stack frame, 0 bytes spill stores, 0 bytes spill loads
ptxas info    : Used 32 registers, used 1 barriers, 8196 bytes smem
ptxas info    : Compile time = 22.848 ms
ptxas info    : Compiling entry function '_ZN3cub17_V_300500_SM_10006detail12batched_topk47device_segmented_topk_finalize_histogram_kernelINS2_26policy_selector_from_typesIiNS0_8NullTypeElLl8388608EEEN4cuda3__417constant_iteratorIPKilEENS1_6params13uniform_paramIlLl0ELl268435456EEENSE_IlLl1ELl8388608EEENSE_IlLl1ELl1EEEPlPyNS1_4topk16extract_bin_op_tIiLNSK_6selectE0ELi11ENS1_21identity_decomposer_tELb1EEEjjiEEvT0_T1_T2_T3_T4_PNSK_7counterIT9_T7_T8_EEPSW_T5_T6_ib' for 'sm_100'
ptxas info    : Function properties for _ZN3cub17_V_300500_SM_10006detail12batched_topk47device_segmented_topk_finalize_histogram_kernelINS2_26policy_selector_from_typesIiNS0_8NullTypeElLl8388608EEEN4cuda3__417constant_iteratorIPKilEENS1_6params13uniform_paramIlLl0ELl268435456EEENSE_IlLl1ELl8388608EEENSE_IlLl1ELl1EEEPlPyNS1_4topk16extract_bin_op_tIiLNSK_6selectE0ELi11ENS1_21identity_decomposer_tELb1EEEjjiEEvT0_T1_T2_T3_T4_PNSK_7counterIT9_T7_T8_EEPSW_T5_T6_ib
    0 bytes stack frame, 0 bytes spill stores, 0 bytes spill loads
ptxas info    : Used 40 registers, used 1 barriers, 8192 bytes smem
ptxas info    : Compile time = 9.371 ms
ptxas info    : Compiling entry function '_ZN3cub17_V_300500_SM_10006detail12batched_topk38device_segmented_topk_histogram_kernelINS2_26policy_selector_from_typesIiNS0_8NullTypeElLl8388608EEEN4cuda3__417constant_iteratorIPKilEENS1_6params13uniform_paramIlLl0ELl268435456EEENSE_IlLl1ELl8388608EEENSE_IlLl1ELl1EEEPljPyNS1_4topk16extract_bin_op_tIiLNSK_6selectE0ELi11ENS1_21identity_decomposer_tELb1EEEjjjEEvT0_T1_T2_T3_T4_PKT5_PNSK_7counterINS7_3std3__415iterator_traitsINS10_ISP_vE10value_typeEvE10value_typeET8_T9_EEPS15_T6_T7_' for 'sm_100'
ptxas info    : Function properties for _ZN3cub17_V_300500_SM_10006detail12batched_topk38device_segmented_topk_histogram_kernelINS2_26policy_selector_from_typesIiNS0_8NullTypeElLl8388608EEEN4cuda3__417constant_iteratorIPKilEENS1_6params13uniform_paramIlLl0ELl268435456EEENSE_IlLl1ELl8388608EEENSE_IlLl1ELl1EEEPljPyNS1_4topk16extract_bin_op_tIiLNSK_6selectE0ELi11ENS1_21identity_decomposer_tELb1EEEjjjEEvT0_T1_T2_T3_T4_PKT5_PNSK_7counterINS7_3std3__415iterator_traitsINS10_ISP_vE10value_typeEvE10value_typeET8_T9_EEPS15_T6_T7_
    0 bytes stack frame, 0 bytes spill stores, 0 bytes spill loads
ptxas info    : Used 30 registers, used 1 barriers, 8240 bytes smem
ptxas info    : Compile time = 23.610 ms
ptxas info    : Compiling entry function '_ZN3cub17_V_300500_SM_10006detail12batched_topk28device_segmented_topk_kernelINS2_26policy_selector_from_typesIiNS0_8NullTypeElLl8388608EEEN4cuda3__417constant_iteratorIPKilEENS9_IPilEEPPS5_SG_NS1_6params13uniform_paramIlLl0ELl268435456EEENSI_IlLl1ELl8388608EEENSH_22uniform_discrete_paramINS1_4topk6selectEJLSN_1EEEENSI_IlLl1ELl1EEEjEEvT0_T1_T2_T3_T4_T5_T6_T7_PNS2_21batched_topk_countersINSX_10value_typeEEEPSZ_PT8_' for 'sm_100'
ptxas info    : Function properties for _ZN3cub17_V_300500_SM_10006detail12batched_topk28device_segmented_topk_kernelINS2_26policy_selector_from_typesIiNS0_8NullTypeElLl8388608EEEN4cuda3__417constant_iteratorIPKilEENS9_IPilEEPPS5_SG_NS1_6params13uniform_paramIlLl0ELl268435456EEENSI_IlLl1ELl8388608EEENSH_22uniform_discrete_paramINS1_4topk6selectEJLSN_1EEEENSI_IlLl1ELl1EEEjEEvT0_T1_T2_T3_T4_T5_T6_T7_PNS2_21batched_topk_countersINSX_10value_typeEEEPSZ_PT8_
    0 bytes stack frame, 0 bytes spill stores, 0 bytes spill loads
ptxas info    : Used 246 registers, used 1 barriers, 33808 bytes smem
ptxas info    : Compile time = 72.968 ms
ptxas info    : Compiling entry function '_ZN3cub17_V_300500_SM_10006detail12batched_topk44device_segmented_topk_finalize_filter_kernelINS2_26policy_selector_from_typesIsNS0_8NullTypeElLl8388608EEELNS1_4topk6selectE1EN4cuda3__417constant_iteratorIPKslEENSB_IPslEEPPS5_SI_NS1_6params13uniform_paramIlLl0ELl268435456EEENSK_IlLl1ELl8388608EEENSK_IlLl1ELl1EEEPljPyNS1_21identity_decomposer_tEjjsEEvT1_T2_T3_T4_T5_T6_T7_T8_PKT9_PNS7_7counterIT14_T12_T13_EEPS14_PS13_PNS9_3std3__415iterator_traitsINS1C_IST_vE10value_typeEvE10value_typeES19_S1H_T10_S14_S14_iiT11_b' for 'sm_100'
ptxas info    : Function properties for _ZN3cub17_V_300500_SM_10006detail12batched_topk44device_segmented_topk_finalize_filter_kernelINS2_26policy_selector_from_typesIsNS0_8NullTypeElLl8388608EEELNS1_4topk6selectE1EN4cuda3__417constant_iteratorIPKslEENSB_IPslEEPPS5_SI_NS1_6params13uniform_paramIlLl0ELl268435456EEENSK_IlLl1ELl8388608EEENSK_IlLl1ELl1EEEPljPyNS1_21identity_decomposer_tEjjsEEvT1_T2_T3_T4_T5_T6_T7_T8_PKT9_PNS7_7counterIT14_T12_T13_EEPS14_PS13_PNS9_3std3__415iterator_traitsINS1C_IST_vE10value_typeEvE10value_typeES19_S1H_T10_S14_S14_iiT11_b
    0 bytes stack frame, 0 bytes spill stores, 0 bytes spill loads
ptxas info    : Used 64 registers, used 1 barriers, 8208 bytes smem
ptxas info    : Compile time = 37.413 ms
ptxas info    : Compiling entry function '_ZN3cub17_V_300500_SM_10006detail12batched_topk40device_segmented_topk_last_filter_kernelINS2_26policy_selector_from_typesIsNS0_8NullTypeElLl8388608EEELNS1_4topk6selectE1EN4cuda3__417constant_iteratorIPKslEENSB_IPslEEPPS5_SI_NS1_6params13uniform_paramIlLl0ELl268435456EEENSK_IlLl1ELl8388608EEENSK_IlLl1ELl1EEEPljPyNS1_21identity_decomposer_tEjjEEvT1_T2_T3_T4_T5_T6_T7_T8_PKT9_PNS7_7counterINS9_3std3__415iterator_traitsINS15_ISR_vE10value_typeEvE10value_typeET12_T13_EEPS19_PNS15_INS15_IST_vE10value_typeEvE10value_typeES1A_T10_iiT11_' for 'sm_100'
ptxas info    : Function properties for _ZN3cub17_V_300500_SM_10006detail12batched_topk40device_segmented_topk_last_filter_kernelINS2_26policy_selector_from_typesIsNS0_8NullTypeElLl8388608EEELNS1_4topk6selectE1EN4cuda3__417constant_iteratorIPKslEENSB_IPslEEPPS5_SI_NS1_6params13uniform_paramIlLl0ELl268435456EEENSK_IlLl1ELl8388608EEENSK_IlLl1ELl1EEEPljPyNS1_21identity_decomposer_tEjjEEvT1_T2_T3_T4_T5_T6_T7_T8_PKT9_PNS7_7counterINS9_3std3__415iterator_traitsINS15_ISR_vE10value_typeEvE10value_typeET12_T13_EEPS19_PNS15_INS15_IST_vE10value_typeEvE10value_typeES1A_T10_iiT11_
    0 bytes stack frame, 0 bytes spill stores, 0 bytes spill loads
ptxas info    : Used 55 registers, used 0 barriers
ptxas info    : Compile time = 35.684 ms
ptxas info    : Compiling entry function '_ZN3cub17_V_300500_SM_10006detail12batched_topk35device_segmented_topk_filter_kernelINS2_26policy_selector_from_typesIsNS0_8NullTypeElLl8388608EEELNS1_4topk6selectE1EN4cuda3__417constant_iteratorIPKslEENSB_IPslEEPPS5_SI_NS1_6params13uniform_paramIlLl0ELl268435456EEENSK_IlLl1ELl8388608EEENSK_IlLl1ELl1EEEPljPyNS1_21identity_decomposer_tEjjEEvT1_T2_T3_T4_T5_T6_T7_T8_PKT9_PNS7_7counterINS9_3std3__415iterator_traitsINS15_ISR_vE10value_typeEvE10value_typeET12_T13_EEPS1A_PS19_PNS15_INS15_IST_vE10value_typeEvE10value_typeES1F_S1K_S1A_S1A_T10_iibT11_' for 'sm_100'
ptxas info    : Function properties for _ZN3cub17_V_300500_SM_10006detail12batched_topk35device_segmented_topk_filter_kernelINS2_26policy_selector_from_typesIsNS0_8NullTypeElLl8388608EEELNS1_4topk6selectE1EN4cuda3__417constant_iteratorIPKslEENSB_IPslEEPPS5_SI_NS1_6params13uniform_paramIlLl0ELl268435456EEENSK_IlLl1ELl8388608EEENSK_IlLl1ELl1EEEPljPyNS1_21identity_decomposer_tEjjEEvT1_T2_T3_T4_T5_T6_T7_T8_PKT9_PNS7_7counterINS9_3std3__415iterator_traitsINS15_ISR_vE10value_typeEvE10value_typeET12_T13_EEPS1A_PS19_PNS15_INS15_IST_vE10value_typeEvE10value_typeES1F_S1K_S1A_S1A_T10_iibT11_
    0 bytes stack frame, 0 bytes spill stores, 0 bytes spill loads
ptxas info    : Used 32 registers, used 1 barriers, 8196 bytes smem
ptxas info    : Compile time = 32.752 ms
ptxas info    : Compiling entry function '_ZN3cub17_V_300500_SM_10006detail12batched_topk47device_segmented_topk_finalize_histogram_kernelINS2_26policy_selector_from_typesIsNS0_8NullTypeElLl8388608EEEN4cuda3__417constant_iteratorIPKslEENS1_6params13uniform_paramIlLl0ELl268435456EEENSE_IlLl1ELl8388608EEENSE_IlLl1ELl1EEEPlPyNS1_4topk16extract_bin_op_tIsLNSK_6selectE1ELi11ENS1_21identity_decomposer_tELb1EEEjjsEEvT0_T1_T2_T3_T4_PNSK_7counterIT9_T7_T8_EEPSW_T5_T6_ib' for 'sm_100'
ptxas info    : Function properties for _ZN3cub17_V_300500_SM_10006detail12batched_topk47device_segmented_topk_finalize_histogram_kernelINS2_26policy_selector_from_typesIsNS0_8NullTypeElLl8388608EEEN4cuda3__417constant_iteratorIPKslEENS1_6params13uniform_paramIlLl0ELl268435456EEENSE_IlLl1ELl8388608EEENSE_IlLl1ELl1EEEPlPyNS1_4topk16extract_bin_op_tIsLNSK_6selectE1ELi11ENS1_21identity_decomposer_tELb1EEEjjsEEvT0_T1_T2_T3_T4_PNSK_7counterIT9_T7_T8_EEPSW_T5_T6_ib
    0 bytes stack frame, 0 bytes spill stores, 0 bytes spill loads
ptxas info    : Used 32 registers, used 1 barriers, 8192 bytes smem
ptxas info    : Compile time = 10.631 ms
ptxas info    : Compiling entry function '_ZN3cub17_V_300500_SM_10006detail12batched_topk38device_segmented_topk_histogram_kernelINS2_26policy_selector_from_typesIsNS0_8NullTypeElLl8388608EEEN4cuda3__417constant_iteratorIPKslEENS1_6params13uniform_paramIlLl0ELl268435456EEENSE_IlLl1ELl8388608EEENSE_IlLl1ELl1EEEPljPyNS1_4topk16extract_bin_op_tIsLNSK_6selectE1ELi11ENS1_21identity_decomposer_tELb1EEEjjjEEvT0_T1_T2_T3_T4_PKT5_PNSK_7counterINS7_3std3__415iterator_traitsINS10_ISP_vE10value_typeEvE10value_typeET8_T9_EEPS15_T6_T7_' for 'sm_100'
ptxas info    : Function properties for _ZN3cub17_V_300500_SM_10006detail12batched_topk38device_segmented_topk_histogram_kernelINS2_26policy_selector_from_typesIsNS0_8NullTypeElLl8388608EEEN4cuda3__417constant_iteratorIPKslEENS1_6params13uniform_paramIlLl0ELl268435456EEENSE_IlLl1ELl8388608EEENSE_IlLl1ELl1EEEPljPyNS1_4topk16extract_bin_op_tIsLNSK_6selectE1ELi11ENS1_21identity_decomposer_tELb1EEEjjjEEvT0_T1_T2_T3_T4_PKT5_PNSK_7counterINS7_3std3__415iterator_traitsINS10_ISP_vE10value_typeEvE10value_typeET8_T9_EEPS15_T6_T7_
    0 bytes stack frame, 0 bytes spill stores, 0 bytes spill loads
ptxas info    : Used 28 registers, used 1 barriers, 8240 bytes smem
ptxas info    : Compile time = 38.352 ms
ptxas info    : Compiling entry function '_ZN3cub17_V_300500_SM_10006detail12batched_topk44device_segmented_topk_finalize_filter_kernelINS2_26policy_selector_from_typesIsNS0_8NullTypeElLl8388608EEELNS1_4topk6selectE0EN4cuda3__417constant_iteratorIPKslEENSB_IPslEEPPS5_SI_NS1_6params13uniform_paramIlLl0ELl268435456EEENSK_IlLl1ELl8388608EEENSK_IlLl1ELl1EEEPljPyNS1_21identity_decomposer_tEjjsEEvT1_T2_T3_T4_T5_T6_T7_T8_PKT9_PNS7_7counterIT14_T12_T13_EEPS14_PS13_PNS9_3std3__415iterator_traitsINS1C_IST_vE10value_typeEvE10value_typeES19_S1H_T10_S14_S14_iiT11_b' for 'sm_100'
ptxas info    : Function properties for _ZN3cub17_V_300500_SM_10006detail12batched_topk44device_segmented_topk_finalize_filter_kernelINS2_26policy_selector_from_typesIsNS0_8NullTypeElLl8388608EEELNS1_4topk6selectE0EN4cuda3__417constant_iteratorIPKslEENSB_IPslEEPPS5_SI_NS1_6params13uniform_paramIlLl0ELl268435456EEENSK_IlLl1ELl8388608EEENSK_IlLl1ELl1EEEPljPyNS1_21identity_decomposer_tEjjsEEvT1_T2_T3_T4_T5_T6_T7_T8_PKT9_PNS7_7counterIT14_T12_T13_EEPS14_PS13_PNS9_3std3__415iterator_traitsINS1C_IST_vE10value_typeEvE10value_typeES19_S1H_T10_S14_S14_iiT11_b
    0 bytes stack frame, 0 bytes spill stores, 0 bytes spill loads
ptxas info    : Used 64 registers, used 1 barriers, 8208 bytes smem
ptxas info    : Compile time = 37.448 ms
ptxas info    : Compiling entry function '_ZN3cub17_V_300500_SM_10006detail12batched_topk40device_segmented_topk_last_filter_kernelINS2_26policy_selector_from_typesIsNS0_8NullTypeElLl8388608EEELNS1_4topk6selectE0EN4cuda3__417constant_iteratorIPKslEENSB_IPslEEPPS5_SI_NS1_6params13uniform_paramIlLl0ELl268435456EEENSK_IlLl1ELl8388608EEENSK_IlLl1ELl1EEEPljPyNS1_21identity_decomposer_tEjjEEvT1_T2_T3_T4_T5_T6_T7_T8_PKT9_PNS7_7counterINS9_3std3__415iterator_traitsINS15_ISR_vE10value_typeEvE10value_typeET12_T13_EEPS19_PNS15_INS15_IST_vE10value_typeEvE10value_typeES1A_T10_iiT11_' for 'sm_100'
ptxas info    : Function properties for _ZN3cub17_V_300500_SM_10006detail12batched_topk40device_segmented_topk_last_filter_kernelINS2_26policy_selector_from_typesIsNS0_8NullTypeElLl8388608EEELNS1_4topk6selectE0EN4cuda3__417constant_iteratorIPKslEENSB_IPslEEPPS5_SI_NS1_6params13uniform_paramIlLl0ELl268435456EEENSK_IlLl1ELl8388608EEENSK_IlLl1ELl1EEEPljPyNS1_21identity_decomposer_tEjjEEvT1_T2_T3_T4_T5_T6_T7_T8_PKT9_PNS7_7counterINS9_3std3__415iterator_traitsINS15_ISR_vE10value_typeEvE10value_typeET12_T13_EEPS19_PNS15_INS15_IST_vE10value_typeEvE10value_typeES1A_T10_iiT11_
    0 bytes stack frame, 0 bytes spill stores, 0 bytes spill loads
ptxas info    : Used 55 registers, used 0 barriers
ptxas info    : Compile time = 35.638 ms
ptxas info    : Compiling entry function '_ZN3cub17_V_300500_SM_10006detail12batched_topk35device_segmented_topk_filter_kernelINS2_26policy_selector_from_typesIsNS0_8NullTypeElLl8388608EEELNS1_4topk6selectE0EN4cuda3__417constant_iteratorIPKslEENSB_IPslEEPPS5_SI_NS1_6params13uniform_paramIlLl0ELl268435456EEENSK_IlLl1ELl8388608EEENSK_IlLl1ELl1EEEPljPyNS1_21identity_decomposer_tEjjEEvT1_T2_T3_T4_T5_T6_T7_T8_PKT9_PNS7_7counterINS9_3std3__415iterator_traitsINS15_ISR_vE10value_typeEvE10value_typeET12_T13_EEPS1A_PS19_PNS15_INS15_IST_vE10value_typeEvE10value_typeES1F_S1K_S1A_S1A_T10_iibT11_' for 'sm_100'
ptxas info    : Function properties for _ZN3cub17_V_300500_SM_10006detail12batched_topk35device_segmented_topk_filter_kernelINS2_26policy_selector_from_typesIsNS0_8NullTypeElLl8388608EEELNS1_4topk6selectE0EN4cuda3__417constant_iteratorIPKslEENSB_IPslEEPPS5_SI_NS1_6params13uniform_paramIlLl0ELl268435456EEENSK_IlLl1ELl8388608EEENSK_IlLl1ELl1EEEPljPyNS1_21identity_decomposer_tEjjEEvT1_T2_T3_T4_T5_T6_T7_T8_PKT9_PNS7_7counterINS9_3std3__415iterator_traitsINS15_ISR_vE10value_typeEvE10value_typeET12_T13_EEPS1A_PS19_PNS15_INS15_IST_vE10value_typeEvE10value_typeES1F_S1K_S1A_S1A_T10_iibT11_
    0 bytes stack frame, 0 bytes spill stores, 0 bytes spill loads
ptxas info    : Used 32 registers, used 1 barriers, 8196 bytes smem
ptxas info    : Compile time = 32.678 ms
ptxas info    : Compiling entry function '_ZN3cub17_V_300500_SM_10006detail12batched_topk47device_segmented_topk_finalize_histogram_kernelINS2_26policy_selector_from_typesIsNS0_8NullTypeElLl8388608EEEN4cuda3__417constant_iteratorIPKslEENS1_6params13uniform_paramIlLl0ELl268435456EEENSE_IlLl1ELl8388608EEENSE_IlLl1ELl1EEEPlPyNS1_4topk16extract_bin_op_tIsLNSK_6selectE0ELi11ENS1_21identity_decomposer_tELb1EEEjjsEEvT0_T1_T2_T3_T4_PNSK_7counterIT9_T7_T8_EEPSW_T5_T6_ib' for 'sm_100'
ptxas info    : Function properties for _ZN3cub17_V_300500_SM_10006detail12batched_topk47device_segmented_topk_finalize_histogram_kernelINS2_26policy_selector_from_typesIsNS0_8NullTypeElLl8388608EEEN4cuda3__417constant_iteratorIPKslEENS1_6params13uniform_paramIlLl0ELl268435456EEENSE_IlLl1ELl8388608EEENSE_IlLl1ELl1EEEPlPyNS1_4topk16extract_bin_op_tIsLNSK_6selectE0ELi11ENS1_21identity_decomposer_tELb1EEEjjsEEvT0_T1_T2_T3_T4_PNSK_7counterIT9_T7_T8_EEPSW_T5_T6_ib
    0 bytes stack frame, 0 bytes spill stores, 0 bytes spill loads
ptxas info    : Used 32 registers, used 1 barriers, 8192 bytes smem
ptxas info    : Compile time = 10.622 ms
ptxas info    : Compiling entry function '_ZN3cub17_V_300500_SM_10006detail12batched_topk38device_segmented_topk_histogram_kernelINS2_26policy_selector_from_typesIsNS0_8NullTypeElLl8388608EEEN4cuda3__417constant_iteratorIPKslEENS1_6params13uniform_paramIlLl0ELl268435456EEENSE_IlLl1ELl8388608EEENSE_IlLl1ELl1EEEPljPyNS1_4topk16extract_bin_op_tIsLNSK_6selectE0ELi11ENS1_21identity_decomposer_tELb1EEEjjjEEvT0_T1_T2_T3_T4_PKT5_PNSK_7counterINS7_3std3__415iterator_traitsINS10_ISP_vE10value_typeEvE10value_typeET8_T9_EEPS15_T6_T7_' for 'sm_100'
ptxas info    : Function properties for _ZN3cub17_V_300500_SM_10006detail12batched_topk38device_segmented_topk_histogram_kernelINS2_26policy_selector_from_typesIsNS0_8NullTypeElLl8388608EEEN4cuda3__417constant_iteratorIPKslEENS1_6params13uniform_paramIlLl0ELl268435456EEENSE_IlLl1ELl8388608EEENSE_IlLl1ELl1EEEPljPyNS1_4topk16extract_bin_op_tIsLNSK_6selectE0ELi11ENS1_21identity_decomposer_tELb1EEEjjjEEvT0_T1_T2_T3_T4_PKT5_PNSK_7counterINS7_3std3__415iterator_traitsINS10_ISP_vE10value_typeEvE10value_typeET8_T9_EEPS15_T6_T7_
    0 bytes stack frame, 0 bytes spill stores, 0 bytes spill loads
ptxas info    : Used 28 registers, used 1 barriers, 8240 bytes smem
ptxas info    : Compile time = 38.339 ms
ptxas info    : Compiling entry function '_ZN3cub17_V_300500_SM_10006detail12batched_topk28device_segmented_topk_kernelINS2_26policy_selector_from_typesIsNS0_8NullTypeElLl8388608EEEN4cuda3__417constant_iteratorIPKslEENS9_IPslEEPPS5_SG_NS1_6params13uniform_paramIlLl0ELl268435456EEENSI_IlLl1ELl8388608EEENSH_22uniform_discrete_paramINS1_4topk6selectEJLSN_1EEEENSI_IlLl1ELl1EEEjEEvT0_T1_T2_T3_T4_T5_T6_T7_PNS2_21batched_topk_countersINSX_10value_typeEEEPSZ_PT8_' for 'sm_100'
ptxas info    : Function properties for _ZN3cub17_V_300500_SM_10006detail12batched_topk28device_segmented_topk_kernelINS2_26policy_selector_from_typesIsNS0_8NullTypeElLl8388608EEEN4cuda3__417constant_iteratorIPKslEENS9_IPslEEPPS5_SG_NS1_6params13uniform_paramIlLl0ELl268435456EEENSI_IlLl1ELl8388608EEENSH_22uniform_discrete_paramINS1_4topk6selectEJLSN_1EEEENSI_IlLl1ELl1EEEjEEvT0_T1_T2_T3_T4_T5_T6_T7_PNS2_21batched_topk_countersINSX_10value_typeEEEPSZ_PT8_
    72 bytes stack frame, 72 bytes spill stores, 72 bytes spill loads
ptxas info    : Used 255 registers, used 1 barriers, 72 bytes cumulative stack size, 33808 bytes smem
ptxas info    : Compile time = 196.746 ms
ptxas info    : Compiling entry function '_ZN3cub17_V_300500_SM_10006detail12batched_topk44device_segmented_topk_finalize_filter_kernelINS2_26policy_selector_from_typesIaNS0_8NullTypeElLl8388608EEELNS1_4topk6selectE1EN4cuda3__417constant_iteratorIPKalEENSB_IPalEEPPS5_SI_NS1_6params13uniform_paramIlLl0ELl268435456EEENSK_IlLl1ELl8388608EEENSK_IlLl1ELl1EEEPljPyNS1_21identity_decomposer_tEjjaEEvT1_T2_T3_T4_T5_T6_T7_T8_PKT9_PNS7_7counterIT14_T12_T13_EEPS14_PS13_PNS9_3std3__415iterator_traitsINS1C_IST_vE10value_typeEvE10value_typeES19_S1H_T10_S14_S14_iiT11_b' for 'sm_100'
ptxas info    : Function properties for _ZN3cub17_V_300500_SM_10006detail12batched_topk44device_segmented_topk_finalize_filter_kernelINS2_26policy_selector_from_typesIaNS0_8NullTypeElLl8388608EEELNS1_4topk6selectE1EN4cuda3__417constant_iteratorIPKalEENSB_IPalEEPPS5_SI_NS1_6params13uniform_paramIlLl0ELl268435456EEENSK_IlLl1ELl8388608EEENSK_IlLl1ELl1EEEPljPyNS1_21identity_decomposer_tEjjaEEvT1_T2_T3_T4_T5_T6_T7_T8_PKT9_PNS7_7counterIT14_T12_T13_EEPS14_PS13_PNS9_3std3__415iterator_traitsINS1C_IST_vE10value_typeEvE10value_typeES19_S1H_T10_S14_S14_iiT11_b
    0 bytes stack frame, 0 bytes spill stores, 0 bytes spill loads
ptxas info    : Used 106 registers, used 1 barriers, 2048 bytes smem
ptxas info    : Compile time = 63.727 ms
ptxas info    : Compiling entry function '_ZN3cub17_V_300500_SM_10006detail12batched_topk40device_segmented_topk_last_filter_kernelINS2_26policy_selector_from_typesIaNS0_8NullTypeElLl8388608EEELNS1_4topk6selectE1EN4cuda3__417constant_iteratorIPKalEENSB_IPalEEPPS5_SI_NS1_6params13uniform_paramIlLl0ELl268435456EEENSK_IlLl1ELl8388608EEENSK_IlLl1ELl1EEEPljPyNS1_21identity_decomposer_tEjjEEvT1_T2_T3_T4_T5_T6_T7_T8_PKT9_PNS7_7counterINS9_3std3__415iterator_traitsINS15_ISR_vE10value_typeEvE10value_typeET12_T13_EEPS19_PNS15_INS15_IST_vE10value_typeEvE10value_typeES1A_T10_iiT11_' for 'sm_100'
ptxas info    : Function properties for _ZN3cub17_V_300500_SM_10006detail12batched_topk40device_segmented_topk_last_filter_kernelINS2_26policy_selector_from_typesIaNS0_8NullTypeElLl8388608EEELNS1_4topk6selectE1EN4cuda3__417constant_iteratorIPKalEENSB_IPalEEPPS5_SI_NS1_6params13uniform_paramIlLl0ELl268435456EEENSK_IlLl1ELl8388608EEENSK_IlLl1ELl1EEEPljPyNS1_21identity_decomposer_tEjjEEvT1_T2_T3_T4_T5_T6_T7_T8_PKT9_PNS7_7counterINS9_3std3__415iterator_traitsINS15_ISR_vE10value_typeEvE10value_typeET12_T13_EEPS19_PNS15_INS15_IST_vE10value_typeEvE10value_typeES1A_T10_iiT11_
    0 bytes stack frame, 0 bytes spill stores, 0 bytes spill loads
ptxas info    : Used 60 registers, used 0 barriers
ptxas info    : Compile time = 65.896 ms
ptxas info    : Compiling entry function '_ZN3cub17_V_300500_SM_10006detail12batched_topk35device_segmented_topk_filter_kernelINS2_26policy_selector_from_typesIaNS0_8NullTypeElLl8388608EEELNS1_4topk6selectE1EN4cuda3__417constant_iteratorIPKalEENSB_IPalEEPPS5_SI_NS1_6params13uniform_paramIlLl0ELl268435456EEENSK_IlLl1ELl8388608EEENSK_IlLl1ELl1EEEPljPyNS1_21identity_decomposer_tEjjEEvT1_T2_T3_T4_T5_T6_T7_T8_PKT9_PNS7_7counterINS9_3std3__415iterator_traitsINS15_ISR_vE10value_typeEvE10value_typeET12_T13_EEPS1A_PS19_PNS15_INS15_IST_vE10value_typeEvE10value_typeES1F_S1K_S1A_S1A_T10_iibT11_' for 'sm_100'
ptxas info    : Function properties for _ZN3cub17_V_300500_SM_10006detail12batched_topk35device_segmented_topk_filter_kernelINS2_26policy_selector_from_typesIaNS0_8NullTypeElLl8388608EEELNS1_4topk6selectE1EN4cuda3__417constant_iteratorIPKalEENSB_IPalEEPPS5_SI_NS1_6params13uniform_paramIlLl0ELl268435456EEENSK_IlLl1ELl8388608EEENSK_IlLl1ELl1EEEPljPyNS1_21identity_decomposer_tEjjEEvT1_T2_T3_T4_T5_T6_T7_T8_PKT9_PNS7_7counterINS9_3std3__415iterator_traitsINS15_ISR_vE10value_typeEvE10value_typeET12_T13_EEPS1A_PS19_PNS15_INS15_IST_vE10value_typeEvE10value_typeES1F_S1K_S1A_S1A_T10_iibT11_
    0 bytes stack frame, 0 bytes spill stores, 0 bytes spill loads
ptxas info    : Used 40 registers, used 1 barriers, 1028 bytes smem
ptxas info    : Compile time = 53.177 ms
ptxas info    : Compiling entry function '_ZN3cub17_V_300500_SM_10006detail12batched_topk47device_segmented_topk_finalize_histogram_kernelINS2_26policy_selector_from_typesIaNS0_8NullTypeElLl8388608EEEN4cuda3__417constant_iteratorIPKalEENS1_6params13uniform_paramIlLl0ELl268435456EEENSE_IlLl1ELl8388608EEENSE_IlLl1ELl1EEEPlPyNS1_4topk16extract_bin_op_tIaLNSK_6selectE1ELi8ENS1_21identity_decomposer_tELb1EEEjjaEEvT0_T1_T2_T3_T4_PNSK_7counterIT9_T7_T8_EEPSW_T5_T6_ib' for 'sm_100'
ptxas info    : Function properties for _ZN3cub17_V_300500_SM_10006detail12batched_topk47device_segmented_topk_finalize_histogram_kernelINS2_26policy_selector_from_typesIaNS0_8NullTypeElLl8388608EEEN4cuda3__417constant_iteratorIPKalEENS1_6params13uniform_paramIlLl0ELl268435456EEENSE_IlLl1ELl8388608EEENSE_IlLl1ELl1EEEPlPyNS1_4topk16extract_bin_op_tIaLNSK_6selectE1ELi8ENS1_21identity_decomposer_tELb1EEEjjaEEvT0_T1_T2_T3_T4_PNSK_7counterIT9_T7_T8_EEPSW_T5_T6_ib
    0 bytes stack frame, 0 bytes spill stores, 0 bytes spill loads
ptxas info    : Used 32 registers, used 1 barriers, 2048 bytes smem
ptxas info    : Compile time = 10.993 ms
ptxas info    : Compiling entry function '_ZN3cub17_V_300500_SM_10006detail12batched_topk38device_segmented_topk_histogram_kernelINS2_26policy_selector_from_typesIaNS0_8NullTypeElLl8388608EEEN4cuda3__417constant_iteratorIPKalEENS1_6params13uniform_paramIlLl0ELl268435456EEENSE_IlLl1ELl8388608EEENSE_IlLl1ELl1EEEPljPyNS1_4topk16extract_bin_op_tIaLNSK_6selectE1ELi8ENS1_21identity_decomposer_tELb1EEEjjjEEvT0_T1_T2_T3_T4_PKT5_PNSK_7counterINS7_3std3__415iterator_traitsINS10_ISP_vE10value_typeEvE10value_typeET8_T9_EEPS15_T6_T7_' for 'sm_100'
ptxas info    : Function properties for _ZN3cub17_V_300500_SM_10006detail12batched_topk38device_segmented_topk_histogram_kernelINS2_26policy_selector_from_typesIaNS0_8NullTypeElLl8388608EEEN4cuda3__417constant_iteratorIPKalEENS1_6params13uniform_paramIlLl0ELl268435456EEENSE_IlLl1ELl8388608EEENSE_IlLl1ELl1EEEPljPyNS1_4topk16extract_bin_op_tIaLNSK_6selectE1ELi8ENS1_21identity_decomposer_tELb1EEEjjjEEvT0_T1_T2_T3_T4_PKT5_PNSK_7counterINS7_3std3__415iterator_traitsINS10_ISP_vE10value_typeEvE10value_typeET8_T9_EEPS15_T6_T7_
    0 bytes stack frame, 0 bytes spill stores, 0 bytes spill loads
ptxas info    : Used 26 registers, used 1 barriers, 1072 bytes smem
ptxas info    : Compile time = 67.192 ms
ptxas info    : Compiling entry function '_ZN3cub17_V_300500_SM_10006detail12batched_topk44device_segmented_topk_finalize_filter_kernelINS2_26policy_selector_from_typesIaNS0_8NullTypeElLl8388608EEELNS1_4topk6selectE0EN4cuda3__417constant_iteratorIPKalEENSB_IPalEEPPS5_SI_NS1_6params13uniform_paramIlLl0ELl268435456EEENSK_IlLl1ELl8388608EEENSK_IlLl1ELl1EEEPljPyNS1_21identity_decomposer_tEjjaEEvT1_T2_T3_T4_T5_T6_T7_T8_PKT9_PNS7_7counterIT14_T12_T13_EEPS14_PS13_PNS9_3std3__415iterator_traitsINS1C_IST_vE10value_typeEvE10value_typeES19_S1H_T10_S14_S14_iiT11_b' for 'sm_100'
ptxas info    : Function properties for _ZN3cub17_V_300500_SM_10006detail12batched_topk44device_segmented_topk_finalize_filter_kernelINS2_26policy_selector_from_typesIaNS0_8NullTypeElLl8388608EEELNS1_4topk6selectE0EN4cuda3__417constant_iteratorIPKalEENSB_IPalEEPPS5_SI_NS1_6params13uniform_paramIlLl0ELl268435456EEENSK_IlLl1ELl8388608EEENSK_IlLl1ELl1EEEPljPyNS1_21identity_decomposer_tEjjaEEvT1_T2_T3_T4_T5_T6_T7_T8_PKT9_PNS7_7counterIT14_T12_T13_EEPS14_PS13_PNS9_3std3__415iterator_traitsINS1C_IST_vE10value_typeEvE10value_typeES19_S1H_T10_S14_S14_iiT11_b
    0 bytes stack frame, 0 bytes spill stores, 0 bytes spill loads
ptxas info    : Used 106 registers, used 1 barriers, 2048 bytes smem
ptxas info    : Compile time = 63.065 ms
ptxas info    : Compiling entry function '_ZN3cub17_V_300500_SM_10006detail12batched_topk40device_segmented_topk_last_filter_kernelINS2_26policy_selector_from_typesIaNS0_8NullTypeElLl8388608EEELNS1_4topk6selectE0EN4cuda3__417constant_iteratorIPKalEENSB_IPalEEPPS5_SI_NS1_6params13uniform_paramIlLl0ELl268435456EEENSK_IlLl1ELl8388608EEENSK_IlLl1ELl1EEEPljPyNS1_21identity_decomposer_tEjjEEvT1_T2_T3_T4_T5_T6_T7_T8_PKT9_PNS7_7counterINS9_3std3__415iterator_traitsINS15_ISR_vE10value_typeEvE10value_typeET12_T13_EEPS19_PNS15_INS15_IST_vE10value_typeEvE10value_typeES1A_T10_iiT11_' for 'sm_100'
ptxas info    : Function properties for _ZN3cub17_V_300500_SM_10006detail12batched_topk40device_segmented_topk_last_filter_kernelINS2_26policy_selector_from_typesIaNS0_8NullTypeElLl8388608EEELNS1_4topk6selectE0EN4cuda3__417constant_iteratorIPKalEENSB_IPalEEPPS5_SI_NS1_6params13uniform_paramIlLl0ELl268435456EEENSK_IlLl1ELl8388608EEENSK_IlLl1ELl1EEEPljPyNS1_21identity_decomposer_tEjjEEvT1_T2_T3_T4_T5_T6_T7_T8_PKT9_PNS7_7counterINS9_3std3__415iterator_traitsINS15_ISR_vE10value_typeEvE10value_typeET12_T13_EEPS19_PNS15_INS15_IST_vE10value_typeEvE10value_typeES1A_T10_iiT11_
    0 bytes stack frame, 0 bytes spill stores, 0 bytes spill loads
ptxas info    : Used 60 registers, used 0 barriers
ptxas info    : Compile time = 66.268 ms
ptxas info    : Compiling entry function '_ZN3cub17_V_300500_SM_10006detail12batched_topk35device_segmented_topk_filter_kernelINS2_26policy_selector_from_typesIaNS0_8NullTypeElLl8388608EEELNS1_4topk6selectE0EN4cuda3__417constant_iteratorIPKalEENSB_IPalEEPPS5_SI_NS1_6params13uniform_paramIlLl0ELl268435456EEENSK_IlLl1ELl8388608EEENSK_IlLl1ELl1EEEPljPyNS1_21identity_decomposer_tEjjEEvT1_T2_T3_T4_T5_T6_T7_T8_PKT9_PNS7_7counterINS9_3std3__415iterator_traitsINS15_ISR_vE10value_typeEvE10value_typeET12_T13_EEPS1A_PS19_PNS15_INS15_IST_vE10value_typeEvE10value_typeES1F_S1K_S1A_S1A_T10_iibT11_' for 'sm_100'
ptxas info    : Function properties for _ZN3cub17_V_300500_SM_10006detail12batched_topk35device_segmented_topk_filter_kernelINS2_26policy_selector_from_typesIaNS0_8NullTypeElLl8388608EEELNS1_4topk6selectE0EN4cuda3__417constant_iteratorIPKalEENSB_IPalEEPPS5_SI_NS1_6params13uniform_paramIlLl0ELl268435456EEENSK_IlLl1ELl8388608EEENSK_IlLl1ELl1EEEPljPyNS1_21identity_decomposer_tEjjEEvT1_T2_T3_T4_T5_T6_T7_T8_PKT9_PNS7_7counterINS9_3std3__415iterator_traitsINS15_ISR_vE10value_typeEvE10value_typeET12_T13_EEPS1A_PS19_PNS15_INS15_IST_vE10value_typeEvE10value_typeES1F_S1K_S1A_S1A_T10_iibT11_
    0 bytes stack frame, 0 bytes spill stores, 0 bytes spill loads
ptxas info    : Used 40 registers, used 1 barriers, 1028 bytes smem
ptxas info    : Compile time = 53.794 ms
ptxas info    : Compiling entry function '_ZN3cub17_V_300500_SM_10006detail12batched_topk47device_segmented_topk_finalize_histogram_kernelINS2_26policy_selector_from_typesIaNS0_8NullTypeElLl8388608EEEN4cuda3__417constant_iteratorIPKalEENS1_6params13uniform_paramIlLl0ELl268435456EEENSE_IlLl1ELl8388608EEENSE_IlLl1ELl1EEEPlPyNS1_4topk16extract_bin_op_tIaLNSK_6selectE0ELi8ENS1_21identity_decomposer_tELb1EEEjjaEEvT0_T1_T2_T3_T4_PNSK_7counterIT9_T7_T8_EEPSW_T5_T6_ib' for 'sm_100'
ptxas info    : Function properties for _ZN3cub17_V_300500_SM_10006detail12batched_topk47device_segmented_topk_finalize_histogram_kernelINS2_26policy_selector_from_typesIaNS0_8NullTypeElLl8388608EEEN4cuda3__417constant_iteratorIPKalEENS1_6params13uniform_paramIlLl0ELl268435456EEENSE_IlLl1ELl8388608EEENSE_IlLl1ELl1EEEPlPyNS1_4topk16extract_bin_op_tIaLNSK_6selectE0ELi8ENS1_21identity_decomposer_tELb1EEEjjaEEvT0_T1_T2_T3_T4_PNSK_7counterIT9_T7_T8_EEPSW_T5_T6_ib
    0 bytes stack frame, 0 bytes spill stores, 0 bytes spill loads
ptxas info    : Used 32 registers, used 1 barriers, 2048 bytes smem
ptxas info    : Compile time = 10.975 ms
ptxas info    : Compiling entry function '_ZN3cub17_V_300500_SM_10006detail12batched_topk38device_segmented_topk_histogram_kernelINS2_26policy_selector_from_typesIaNS0_8NullTypeElLl8388608EEEN4cuda3__417constant_iteratorIPKalEENS1_6params13uniform_paramIlLl0ELl268435456EEENSE_IlLl1ELl8388608EEENSE_IlLl1ELl1EEEPljPyNS1_4topk16extract_bin_op_tIaLNSK_6selectE0ELi8ENS1_21identity_decomposer_tELb1EEEjjjEEvT0_T1_T2_T3_T4_PKT5_PNSK_7counterINS7_3std3__415iterator_traitsINS10_ISP_vE10value_typeEvE10value_typeET8_T9_EEPS15_T6_T7_' for 'sm_100'
ptxas info    : Function properties for _ZN3cub17_V_300500_SM_10006detail12batched_topk38device_segmented_topk_histogram_kernelINS2_26policy_selector_from_typesIaNS0_8NullTypeElLl8388608EEEN4cuda3__417constant_iteratorIPKalEENS1_6params13uniform_paramIlLl0ELl268435456EEENSE_IlLl1ELl8388608EEENSE_IlLl1ELl1EEEPljPyNS1_4topk16extract_bin_op_tIaLNSK_6selectE0ELi8ENS1_21identity_decomposer_tELb1EEEjjjEEvT0_T1_T2_T3_T4_PKT5_PNSK_7counterINS7_3std3__415iterator_traitsINS10_ISP_vE10value_typeEvE10value_typeET8_T9_EEPS15_T6_T7_
    0 bytes stack frame, 0 bytes spill stores, 0 bytes spill loads
ptxas info    : Used 26 registers, used 1 barriers, 1072 bytes smem
ptxas info    : Compile time = 66.781 ms
ptxas info    : Compiling entry function '_ZN3cub17_V_300500_SM_10006detail12batched_topk28device_segmented_topk_kernelINS2_26policy_selector_from_typesIaNS0_8NullTypeElLl8388608EEEN4cuda3__417constant_iteratorIPKalEENS9_IPalEEPPS5_SG_NS1_6params13uniform_paramIlLl0ELl268435456EEENSI_IlLl1ELl8388608EEENSH_22uniform_discrete_paramINS1_4topk6selectEJLSN_1EEEENSI_IlLl1ELl1EEEjEEvT0_T1_T2_T3_T4_T5_T6_T7_PNS2_21batched_topk_countersINSX_10value_typeEEEPSZ_PT8_' for 'sm_100'
ptxas info    : Function properties for _ZN3cub17_V_300500_SM_10006detail12batched_topk28device_segmented_topk_kernelINS2_26policy_selector_from_typesIaNS0_8NullTypeElLl8388608EEEN4cuda3__417constant_iteratorIPKalEENS9_IPalEEPPS5_SG_NS1_6params13uniform_paramIlLl0ELl268435456EEENSI_IlLl1ELl8388608EEENSH_22uniform_discrete_paramINS1_4topk6selectEJLSN_1EEEENSI_IlLl1ELl1EEEjEEvT0_T1_T2_T3_T4_T5_T6_T7_PNS2_21batched_topk_countersINSX_10value_typeEEEPSZ_PT8_
    0 bytes stack frame, 0 bytes spill stores, 0 bytes spill loads
ptxas info    : Used 255 registers, used 1 barriers, 33808 bytes smem
ptxas info    : Compile time = 147.549 ms
ptxas info    : Compiling entry function '_ZN3cub17_V_300500_SM_10006detail11EmptyKernelIvEEvv' for 'sm_100'
ptxas info    : Function properties for _ZN3cub17_V_300500_SM_10006detail11EmptyKernelIvEEvv
    0 bytes stack frame, 0 bytes spill stores, 0 bytes spill loads
ptxas info    : Used 4 registers, used 0 barriers
ptxas info    : Compile time = 0.434 ms
[3/3] Linking CUDA executable bin/cub.bench.topk.keys.base
