[0/2] Re-checking globbed directories...
[1/8] Generate git revision file for nvbench_git_revision
[2/5] Building CUDA object cub/benchmarks/CMakeFiles/cub.bench.topk.keys.base.dir/bench/topk/keys.cu.o
ptxas info    : 124 bytes gmem
ptxas info    : Compiling entry function '_ZN7nvbench6detail11noop_kernelIvEEvv' for 'sm_100'
ptxas info    : Function properties for _ZN7nvbench6detail11noop_kernelIvEEvv
    0 bytes stack frame, 0 bytes spill stores, 0 bytes spill loads
ptxas info    : Used 4 registers, used 0 barriers
ptxas info    : Compile time = 3.785 ms
ptxas info    : Compiling entry function '_ZN3cub17_V_300500_SM_10006detail8for_each13static_kernelINS2_15policy_selectorEmN6thrust17_V_300500_SM_10008cuda_cub20__uninitialized_fill7functorINS6_10device_ptrIdEEdEEEEvT0_T1_' for 'sm_100'
ptxas info    : Function properties for _ZN3cub17_V_300500_SM_10006detail8for_each13static_kernelINS2_15policy_selectorEmN6thrust17_V_300500_SM_10008cuda_cub20__uninitialized_fill7functorINS6_10device_ptrIdEEdEEEEvT0_T1_
    0 bytes stack frame, 0 bytes spill stores, 0 bytes spill loads
ptxas info    : Used 9 registers, used 0 barriers
ptxas info    : Compile time = 2.230 ms
ptxas info    : Compiling entry function '_ZN3cub17_V_300500_SM_10006detail8for_each13static_kernelINS2_15policy_selectorEmN6thrust17_V_300500_SM_10008cuda_cub20__uninitialized_fill7functorINS6_10device_ptrIfEEfEEEEvT0_T1_' for 'sm_100'
ptxas info    : Function properties for _ZN3cub17_V_300500_SM_10006detail8for_each13static_kernelINS2_15policy_selectorEmN6thrust17_V_300500_SM_10008cuda_cub20__uninitialized_fill7functorINS6_10device_ptrIfEEfEEEEvT0_T1_
    0 bytes stack frame, 0 bytes spill stores, 0 bytes spill loads
ptxas info    : Used 8 registers, used 0 barriers
ptxas info    : Compile time = 1.875 ms
ptxas info    : Compiling entry function '_ZN3cub17_V_300500_SM_10006detail8for_each13static_kernelINS2_15policy_selectorEmN6thrust17_V_300500_SM_10008cuda_cub20__uninitialized_fill7functorINS6_10device_ptrInEEnEEEEvT0_T1_' for 'sm_100'
ptxas info    : Function properties for _ZN3cub17_V_300500_SM_10006detail8for_each13static_kernelINS2_15policy_selectorEmN6thrust17_V_300500_SM_10008cuda_cub20__uninitialized_fill7functorINS6_10device_ptrInEEnEEEEvT0_T1_
    0 bytes stack frame, 0 bytes spill stores, 0 bytes spill loads
ptxas info    : Used 11 registers, used 0 barriers
ptxas info    : Compile time = 1.880 ms
ptxas info    : Compiling entry function '_ZN3cub17_V_300500_SM_10006detail8for_each13static_kernelINS2_15policy_selectorEmN6thrust17_V_300500_SM_10008cuda_cub20__uninitialized_fill7functorINS6_10device_ptrIlEElEEEEvT0_T1_' for 'sm_100'
ptxas info    : Function properties for _ZN3cub17_V_300500_SM_10006detail8for_each13static_kernelINS2_15policy_selectorEmN6thrust17_V_300500_SM_10008cuda_cub20__uninitialized_fill7functorINS6_10device_ptrIlEElEEEEvT0_T1_
    0 bytes stack frame, 0 bytes spill stores, 0 bytes spill loads
ptxas info    : Used 9 registers, used 0 barriers
ptxas info    : Compile time = 1.801 ms
ptxas info    : Compiling entry function '_ZN3cub17_V_300500_SM_10006detail8for_each13static_kernelINS2_15policy_selectorEmN6thrust17_V_300500_SM_10008cuda_cub20__uninitialized_fill7functorINS6_10device_ptrIiEEiEEEEvT0_T1_' for 'sm_100'
ptxas info    : Function properties for _ZN3cub17_V_300500_SM_10006detail8for_each13static_kernelINS2_15policy_selectorEmN6thrust17_V_300500_SM_10008cuda_cub20__uninitialized_fill7functorINS6_10device_ptrIiEEiEEEEvT0_T1_
    0 bytes stack frame, 0 bytes spill stores, 0 bytes spill loads
ptxas info    : Used 8 registers, used 0 barriers
ptxas info    : Compile time = 1.779 ms
ptxas info    : Compiling entry function '_ZN3cub17_V_300500_SM_10006detail8for_each13static_kernelINS2_15policy_selectorEmN6thrust17_V_300500_SM_10008cuda_cub20__uninitialized_fill7functorINS6_10device_ptrIsEEsEEEEvT0_T1_' for 'sm_100'
ptxas info    : Function properties for _ZN3cub17_V_300500_SM_10006detail8for_each13static_kernelINS2_15policy_selectorEmN6thrust17_V_300500_SM_10008cuda_cub20__uninitialized_fill7functorINS6_10device_ptrIsEEsEEEEvT0_T1_
    0 bytes stack frame, 0 bytes spill stores, 0 bytes spill loads
ptxas info    : Used 8 registers, used 0 barriers
ptxas info    : Compile time = 1.782 ms
ptxas info    : Compiling entry function '_ZN3cub17_V_300500_SM_10006detail8for_each13static_kernelINS2_15policy_selectorEmN6thrust17_V_300500_SM_10008cuda_cub20__uninitialized_fill7functorINS6_10device_ptrIaEEaEEEEvT0_T1_' for 'sm_100'
ptxas info    : Function properties for _ZN3cub17_V_300500_SM_10006detail8for_each13static_kernelINS2_15policy_selectorEmN6thrust17_V_300500_SM_10008cuda_cub20__uninitialized_fill7functorINS6_10device_ptrIaEEaEEEEvT0_T1_
    0 bytes stack frame, 0 bytes spill stores, 0 bytes spill loads
ptxas info    : Used 10 registers, used 0 barriers
ptxas info    : Compile time = 1.734 ms
ptxas info    : Compiling entry function '_ZN3cub17_V_300500_SM_10006detail12batched_topk44device_segmented_topk_finalize_filter_kernelINS2_26policy_selector_from_typesIdNS0_8NullTypeElLl8388608EEELNS1_4topk6selectE1EN4cuda3__417constant_iteratorIPKdlEENSB_IPdlEEPPS5_SI_NS1_6params13uniform_paramIlLl0ELl268435456EEENSK_IlLl1ELl8388608EEENSK_IlLl1ELl1EEEPljPyNS1_21identity_decomposer_tEjjdEEvT1_T2_T3_T4_T5_T6_T7_T8_PKT9_PNS7_7counterIT14_T12_T13_EEPS14_PS13_PNS9_3std3__415iterator_traitsINS1C_IST_vE10value_typeEvE10value_typeES19_S1H_T10_S14_S14_iiT11_b' for 'sm_100'
ptxas info    : Function properties for _ZN3cub17_V_300500_SM_10006detail12batched_topk44device_segmented_topk_finalize_filter_kernelINS2_26policy_selector_from_typesIdNS0_8NullTypeElLl8388608EEELNS1_4topk6selectE1EN4cuda3__417constant_iteratorIPKdlEENSB_IPdlEEPPS5_SI_NS1_6params13uniform_paramIlLl0ELl268435456EEENSK_IlLl1ELl8388608EEENSK_IlLl1ELl1EEEPljPyNS1_21identity_decomposer_tEjjdEEvT1_T2_T3_T4_T5_T6_T7_T8_PKT9_PNS7_7counterIT14_T12_T13_EEPS14_PS13_PNS9_3std3__415iterator_traitsINS1C_IST_vE10value_typeEvE10value_typeES19_S1H_T10_S14_S14_iiT11_b
    0 bytes stack frame, 0 bytes spill stores, 0 bytes spill loads
ptxas info    : Used 50 registers, used 1 barriers, 8208 bytes smem
ptxas info    : Compile time = 21.923 ms
ptxas info    : Compiling entry function '_ZN3cub17_V_300500_SM_10006detail12batched_topk40device_segmented_topk_last_filter_kernelINS2_26policy_selector_from_typesIdNS0_8NullTypeElLl8388608EEELNS1_4topk6selectE1EN4cuda3__417constant_iteratorIPKdlEENSB_IPdlEEPPS5_SI_NS1_6params13uniform_paramIlLl0ELl268435456EEENSK_IlLl1ELl8388608EEENSK_IlLl1ELl1EEEPljPyNS1_21identity_decomposer_tEjjEEvT1_T2_T3_T4_T5_T6_T7_T8_PKT9_PNS7_7counterINS9_3std3__415iterator_traitsINS15_ISR_vE10value_typeEvE10value_typeET12_T13_EEPS19_PNS15_INS15_IST_vE10value_typeEvE10value_typeES1A_T10_iiT11_' for 'sm_100'
ptxas info    : Function properties for _ZN3cub17_V_300500_SM_10006detail12batched_topk40device_segmented_topk_last_filter_kernelINS2_26policy_selector_from_typesIdNS0_8NullTypeElLl8388608EEELNS1_4topk6selectE1EN4cuda3__417constant_iteratorIPKdlEENSB_IPdlEEPPS5_SI_NS1_6params13uniform_paramIlLl0ELl268435456EEENSK_IlLl1ELl8388608EEENSK_IlLl1ELl1EEEPljPyNS1_21identity_decomposer_tEjjEEvT1_T2_T3_T4_T5_T6_T7_T8_PKT9_PNS7_7counterINS9_3std3__415iterator_traitsINS15_ISR_vE10value_typeEvE10value_typeET12_T13_EEPS19_PNS15_INS15_IST_vE10value_typeEvE10value_typeES1A_T10_iiT11_
    0 bytes stack frame, 0 bytes spill stores, 0 bytes spill loads
ptxas info    : Used 32 registers, used 0 barriers
ptxas info    : Compile time = 20.110 ms
ptxas info    : Compiling entry function '_ZN3cub17_V_300500_SM_10006detail12batched_topk35device_segmented_topk_filter_kernelINS2_26policy_selector_from_typesIdNS0_8NullTypeElLl8388608EEELNS1_4topk6selectE1EN4cuda3__417constant_iteratorIPKdlEENSB_IPdlEEPPS5_SI_NS1_6params13uniform_paramIlLl0ELl268435456EEENSK_IlLl1ELl8388608EEENSK_IlLl1ELl1EEEPljPyNS1_21identity_decomposer_tEjjEEvT1_T2_T3_T4_T5_T6_T7_T8_PKT9_PNS7_7counterINS9_3std3__415iterator_traitsINS15_ISR_vE10value_typeEvE10value_typeET12_T13_EEPS1A_PS19_PNS15_INS15_IST_vE10value_typeEvE10value_typeES1F_S1K_S1A_S1A_T10_iibT11_' for 'sm_100'
ptxas info    : Function properties for _ZN3cub17_V_300500_SM_10006detail12batched_topk35device_segmented_topk_filter_kernelINS2_26policy_selector_from_typesIdNS0_8NullTypeElLl8388608EEELNS1_4topk6selectE1EN4cuda3__417constant_iteratorIPKdlEENSB_IPdlEEPPS5_SI_NS1_6params13uniform_paramIlLl0ELl268435456EEENSK_IlLl1ELl8388608EEENSK_IlLl1ELl1EEEPljPyNS1_21identity_decomposer_tEjjEEvT1_T2_T3_T4_T5_T6_T7_T8_PKT9_PNS7_7counterINS9_3std3__415iterator_traitsINS15_ISR_vE10value_typeEvE10value_typeET12_T13_EEPS1A_PS19_PNS15_INS15_IST_vE10value_typeEvE10value_typeES1F_S1K_S1A_S1A_T10_iibT11_
    0 bytes stack frame, 0 bytes spill stores, 0 bytes spill loads
ptxas info    : Used 36 registers, used 1 barriers, 8196 bytes smem
ptxas info    : Compile time = 20.302 ms
ptxas info    : Compiling entry function '_ZN3cub17_V_300500_SM_10006detail12batched_topk47device_segmented_topk_finalize_histogram_kernelINS2_26policy_selector_from_typesIdNS0_8NullTypeElLl8388608EEEN4cuda3__417constant_iteratorIPKdlEENS1_6params13uniform_paramIlLl0ELl268435456EEENSE_IlLl1ELl8388608EEENSE_IlLl1ELl1EEEPlPyNS1_4topk16extract_bin_op_tIdLNSK_6selectE1ELi11ENS1_21identity_decomposer_tELb1EEEjjdEEvT0_T1_T2_T3_T4_PNSK_7counterIT9_T7_T8_EEPSW_T5_T6_ib' for 'sm_100'
ptxas info    : Function properties for _ZN3cub17_V_300500_SM_10006detail12batched_topk47device_segmented_topk_finalize_histogram_kernelINS2_26policy_selector_from_typesIdNS0_8NullTypeElLl8388608EEEN4cuda3__417constant_iteratorIPKdlEENS1_6params13uniform_paramIlLl0ELl268435456EEENSE_IlLl1ELl8388608EEENSE_IlLl1ELl1EEEPlPyNS1_4topk16extract_bin_op_tIdLNSK_6selectE1ELi11ENS1_21identity_decomposer_tELb1EEEjjdEEvT0_T1_T2_T3_T4_PNSK_7counterIT9_T7_T8_EEPSW_T5_T6_ib
    0 bytes stack frame, 0 bytes spill stores, 0 bytes spill loads
ptxas info    : Used 40 registers, used 1 barriers, 8192 bytes smem
ptxas info    : Compile time = 9.534 ms
ptxas info    : Compiling entry function '_ZN3cub17_V_300500_SM_10006detail12batched_topk38device_segmented_topk_histogram_kernelINS2_26policy_selector_from_typesIdNS0_8NullTypeElLl8388608EEEN4cuda3__417constant_iteratorIPKdlEENS1_6params13uniform_paramIlLl0ELl268435456EEENSE_IlLl1ELl8388608EEENSE_IlLl1ELl1EEEPljPyNS1_4topk16extract_bin_op_tIdLNSK_6selectE1ELi11ENS1_21identity_decomposer_tELb1EEEjjjEEvT0_T1_T2_T3_T4_PKT5_PNSK_7counterINS7_3std3__415iterator_traitsINS10_ISP_vE10value_typeEvE10value_typeET8_T9_EEPS15_T6_T7_' for 'sm_100'
ptxas info    : Function properties for _ZN3cub17_V_300500_SM_10006detail12batched_topk38device_segmented_topk_histogram_kernelINS2_26policy_selector_from_typesIdNS0_8NullTypeElLl8388608EEEN4cuda3__417constant_iteratorIPKdlEENS1_6params13uniform_paramIlLl0ELl268435456EEENSE_IlLl1ELl8388608EEENSE_IlLl1ELl1EEEPljPyNS1_4topk16extract_bin_op_tIdLNSK_6selectE1ELi11ENS1_21identity_decomposer_tELb1EEEjjjEEvT0_T1_T2_T3_T4_PKT5_PNSK_7counterINS7_3std3__415iterator_traitsINS10_ISP_vE10value_typeEvE10value_typeET8_T9_EEPS15_T6_T7_
    0 bytes stack frame, 0 bytes spill stores, 0 bytes spill loads
ptxas info    : Used 32 registers, used 1 barriers, 8240 bytes smem
ptxas info    : Compile time = 22.408 ms
ptxas info    : Compiling entry function '_ZN3cub17_V_300500_SM_10006detail12batched_topk44device_segmented_topk_finalize_filter_kernelINS2_26policy_selector_from_typesIdNS0_8NullTypeElLl8388608EEELNS1_4topk6selectE0EN4cuda3__417constant_iteratorIPKdlEENSB_IPdlEEPPS5_SI_NS1_6params13uniform_paramIlLl0ELl268435456EEENSK_IlLl1ELl8388608EEENSK_IlLl1ELl1EEEPljPyNS1_21identity_decomposer_tEjjdEEvT1_T2_T3_T4_T5_T6_T7_T8_PKT9_PNS7_7counterIT14_T12_T13_EEPS14_PS13_PNS9_3std3__415iterator_traitsINS1C_IST_vE10value_typeEvE10value_typeES19_S1H_T10_S14_S14_iiT11_b' for 'sm_100'
ptxas info    : Function properties for _ZN3cub17_V_300500_SM_10006detail12batched_topk44device_segmented_topk_finalize_filter_kernelINS2_26policy_selector_from_typesIdNS0_8NullTypeElLl8388608EEELNS1_4topk6selectE0EN4cuda3__417constant_iteratorIPKdlEENSB_IPdlEEPPS5_SI_NS1_6params13uniform_paramIlLl0ELl268435456EEENSK_IlLl1ELl8388608EEENSK_IlLl1ELl1EEEPljPyNS1_21identity_decomposer_tEjjdEEvT1_T2_T3_T4_T5_T6_T7_T8_PKT9_PNS7_7counterIT14_T12_T13_EEPS14_PS13_PNS9_3std3__415iterator_traitsINS1C_IST_vE10value_typeEvE10value_typeES19_S1H_T10_S14_S14_iiT11_b
    0 bytes stack frame, 0 bytes spill stores, 0 bytes spill loads
ptxas info    : Used 50 registers, used 1 barriers, 8208 bytes smem
ptxas info    : Compile time = 21.214 ms
ptxas info    : Compiling entry function '_ZN3cub17_V_300500_SM_10006detail12batched_topk40device_segmented_topk_last_filter_kernelINS2_26policy_selector_from_typesIdNS0_8NullTypeElLl8388608EEELNS1_4topk6selectE0EN4cuda3__417constant_iteratorIPKdlEENSB_IPdlEEPPS5_SI_NS1_6params13uniform_paramIlLl0ELl268435456EEENSK_IlLl1ELl8388608EEENSK_IlLl1ELl1EEEPljPyNS1_21identity_decomposer_tEjjEEvT1_T2_T3_T4_T5_T6_T7_T8_PKT9_PNS7_7counterINS9_3std3__415iterator_traitsINS15_ISR_vE10value_typeEvE10value_typeET12_T13_EEPS19_PNS15_INS15_IST_vE10value_typeEvE10value_typeES1A_T10_iiT11_' for 'sm_100'
ptxas info    : Function properties for _ZN3cub17_V_300500_SM_10006detail12batched_topk40device_segmented_topk_last_filter_kernelINS2_26policy_selector_from_typesIdNS0_8NullTypeElLl8388608EEELNS1_4topk6selectE0EN4cuda3__417constant_iteratorIPKdlEENSB_IPdlEEPPS5_SI_NS1_6params13uniform_paramIlLl0ELl268435456EEENSK_IlLl1ELl8388608EEENSK_IlLl1ELl1EEEPljPyNS1_21identity_decomposer_tEjjEEvT1_T2_T3_T4_T5_T6_T7_T8_PKT9_PNS7_7counterINS9_3std3__415iterator_traitsINS15_ISR_vE10value_typeEvE10value_typeET12_T13_EEPS19_PNS15_INS15_IST_vE10value_typeEvE10value_typeES1A_T10_iiT11_
    0 bytes stack frame, 0 bytes spill stores, 0 bytes spill loads
ptxas info    : Used 36 registers, used 0 barriers
ptxas info    : Compile time = 20.357 ms
ptxas info    : Compiling entry function '_ZN3cub17_V_300500_SM_10006detail12batched_topk35device_segmented_topk_filter_kernelINS2_26policy_selector_from_typesIdNS0_8NullTypeElLl8388608EEELNS1_4topk6selectE0EN4cuda3__417constant_iteratorIPKdlEENSB_IPdlEEPPS5_SI_NS1_6params13uniform_paramIlLl0ELl268435456EEENSK_IlLl1ELl8388608EEENSK_IlLl1ELl1EEEPljPyNS1_21identity_decomposer_tEjjEEvT1_T2_T3_T4_T5_T6_T7_T8_PKT9_PNS7_7counterINS9_3std3__415iterator_traitsINS15_ISR_vE10value_typeEvE10value_typeET12_T13_EEPS1A_PS19_PNS15_INS15_IST_vE10value_typeEvE10value_typeES1F_S1K_S1A_S1A_T10_iibT11_' for 'sm_100'
ptxas info    : Function properties for _ZN3cub17_V_300500_SM_10006detail12batched_topk35device_segmented_topk_filter_kernelINS2_26policy_selector_from_typesIdNS0_8NullTypeElLl8388608EEELNS1_4topk6selectE0EN4cuda3__417constant_iteratorIPKdlEENSB_IPdlEEPPS5_SI_NS1_6params13uniform_paramIlLl0ELl268435456EEENSK_IlLl1ELl8388608EEENSK_IlLl1ELl1EEEPljPyNS1_21identity_decomposer_tEjjEEvT1_T2_T3_T4_T5_T6_T7_T8_PKT9_PNS7_7counterINS9_3std3__415iterator_traitsINS15_ISR_vE10value_typeEvE10value_typeET12_T13_EEPS1A_PS19_PNS15_INS15_IST_vE10value_typeEvE10value_typeES1F_S1K_S1A_S1A_T10_iibT11_
    0 bytes stack frame, 0 bytes spill stores, 0 bytes spill loads
ptxas info    : Used 36 registers, used 1 barriers, 8196 bytes smem
ptxas info    : Compile time = 20.555 ms
ptxas info    : Compiling entry function '_ZN3cub17_V_300500_SM_10006detail12batched_topk47device_segmented_topk_finalize_histogram_kernelINS2_26policy_selector_from_typesIdNS0_8NullTypeElLl8388608EEEN4cuda3__417constant_iteratorIPKdlEENS1_6params13uniform_paramIlLl0ELl268435456EEENSE_IlLl1ELl8388608EEENSE_IlLl1ELl1EEEPlPyNS1_4topk16extract_bin_op_tIdLNSK_6selectE0ELi11ENS1_21identity_decomposer_tELb1EEEjjdEEvT0_T1_T2_T3_T4_PNSK_7counterIT9_T7_T8_EEPSW_T5_T6_ib' for 'sm_100'
ptxas info    : Function properties for _ZN3cub17_V_300500_SM_10006detail12batched_topk47device_segmented_topk_finalize_histogram_kernelINS2_26policy_selector_from_typesIdNS0_8NullTypeElLl8388608EEEN4cuda3__417constant_iteratorIPKdlEENS1_6params13uniform_paramIlLl0ELl268435456EEENSE_IlLl1ELl8388608EEENSE_IlLl1ELl1EEEPlPyNS1_4topk16extract_bin_op_tIdLNSK_6selectE0ELi11ENS1_21identity_decomposer_tELb1EEEjjdEEvT0_T1_T2_T3_T4_PNSK_7counterIT9_T7_T8_EEPSW_T5_T6_ib
    0 bytes stack frame, 0 bytes spill stores, 0 bytes spill loads
ptxas info    : Used 40 registers, used 1 barriers, 8192 bytes smem
ptxas info    : Compile time = 10.441 ms
ptxas info    : Compiling entry function '_ZN3cub17_V_300500_SM_10006detail12batched_topk38device_segmented_topk_histogram_kernelINS2_26policy_selector_from_typesIdNS0_8NullTypeElLl8388608EEEN4cuda3__417constant_iteratorIPKdlEENS1_6params13uniform_paramIlLl0ELl268435456EEENSE_IlLl1ELl8388608EEENSE_IlLl1ELl1EEEPljPyNS1_4topk16extract_bin_op_tIdLNSK_6selectE0ELi11ENS1_21identity_decomposer_tELb1EEEjjjEEvT0_T1_T2_T3_T4_PKT5_PNSK_7counterINS7_3std3__415iterator_traitsINS10_ISP_vE10value_typeEvE10value_typeET8_T9_EEPS15_T6_T7_' for 'sm_100'
ptxas info    : Function properties for _ZN3cub17_V_300500_SM_10006detail12batched_topk38device_segmented_topk_histogram_kernelINS2_26policy_selector_from_typesIdNS0_8NullTypeElLl8388608EEEN4cuda3__417constant_iteratorIPKdlEENS1_6params13uniform_paramIlLl0ELl268435456EEENSE_IlLl1ELl8388608EEENSE_IlLl1ELl1EEEPljPyNS1_4topk16extract_bin_op_tIdLNSK_6selectE0ELi11ENS1_21identity_decomposer_tELb1EEEjjjEEvT0_T1_T2_T3_T4_PKT5_PNSK_7counterINS7_3std3__415iterator_traitsINS10_ISP_vE10value_typeEvE10value_typeET8_T9_EEPS15_T6_T7_
    0 bytes stack frame, 0 bytes spill stores, 0 bytes spill loads
ptxas info    : Used 32 registers, used 1 barriers, 8240 bytes smem
ptxas info    : Compile time = 23.131 ms
ptxas info    : Compiling entry function '_ZN3cub17_V_300500_SM_10006detail12batched_topk28device_segmented_topk_kernelINS2_26policy_selector_from_typesIdNS0_8NullTypeElLl8388608EEEN4cuda3__417constant_iteratorIPKdlEENS9_IPdlEEPPS5_SG_NS1_6params13uniform_paramIlLl0ELl268435456EEENSI_IlLl1ELl8388608EEENSH_22uniform_discrete_paramINS1_4topk6selectEJLSN_1EEEENSI_IlLl1ELl1EEEjEEvT0_T1_T2_T3_T4_T5_T6_T7_PNS2_21batched_topk_countersINSX_10value_typeEEEPSZ_PT8_' for 'sm_100'
ptxas info    : Function properties for _ZN3cub17_V_300500_SM_10006detail12batched_topk28device_segmented_topk_kernelINS2_26policy_selector_from_typesIdNS0_8NullTypeElLl8388608EEEN4cuda3__417constant_iteratorIPKdlEENS9_IPdlEEPPS5_SG_NS1_6params13uniform_paramIlLl0ELl268435456EEENSI_IlLl1ELl8388608EEENSH_22uniform_discrete_paramINS1_4topk6selectEJLSN_1EEEENSI_IlLl1ELl1EEEjEEvT0_T1_T2_T3_T4_T5_T6_T7_PNS2_21batched_topk_countersINSX_10value_typeEEEPSZ_PT8_
    0 bytes stack frame, 0 bytes spill stores, 0 bytes spill loads
ptxas info    : Used 128 registers, used 1 barriers, 33808 bytes smem
ptxas info    : Compile time = 62.130 ms
ptxas info    : Compiling entry function '_ZN3cub17_V_300500_SM_10006detail12batched_topk44device_segmented_topk_finalize_filter_kernelINS2_26policy_selector_from_typesIfNS0_8NullTypeElLl8388608EEELNS1_4topk6selectE1EN4cuda3__417constant_iteratorIPKflEENSB_IPflEEPPS5_SI_NS1_6params13uniform_paramIlLl0ELl268435456EEENSK_IlLl1ELl8388608EEENSK_IlLl1ELl1EEEPljPyNS1_21identity_decomposer_tEjjfEEvT1_T2_T3_T4_T5_T6_T7_T8_PKT9_PNS7_7counterIT14_T12_T13_EEPS14_PS13_PNS9_3std3__415iterator_traitsINS1C_IST_vE10value_typeEvE10value_typeES19_S1H_T10_S14_S14_iiT11_b' for 'sm_100'
ptxas info    : Function properties for _ZN3cub17_V_300500_SM_10006detail12batched_topk44device_segmented_topk_finalize_filter_kernelINS2_26policy_selector_from_typesIfNS0_8NullTypeElLl8388608EEELNS1_4topk6selectE1EN4cuda3__417constant_iteratorIPKflEENSB_IPflEEPPS5_SI_NS1_6params13uniform_paramIlLl0ELl268435456EEENSK_IlLl1ELl8388608EEENSK_IlLl1ELl1EEEPljPyNS1_21identity_decomposer_tEjjfEEvT1_T2_T3_T4_T5_T6_T7_T8_PKT9_PNS7_7counterIT14_T12_T13_EEPS14_PS13_PNS9_3std3__415iterator_traitsINS1C_IST_vE10value_typeEvE10value_typeES19_S1H_T10_S14_S14_iiT11_b
    0 bytes stack frame, 0 bytes spill stores, 0 bytes spill loads
ptxas info    : Used 48 registers, used 1 barriers, 8208 bytes smem
ptxas info    : Compile time = 23.962 ms
ptxas info    : Compiling entry function '_ZN3cub17_V_300500_SM_10006detail12batched_topk40device_segmented_topk_last_filter_kernelINS2_26policy_selector_from_typesIfNS0_8NullTypeElLl8388608EEELNS1_4topk6selectE1EN4cuda3__417constant_iteratorIPKflEENSB_IPflEEPPS5_SI_NS1_6params13uniform_paramIlLl0ELl268435456EEENSK_IlLl1ELl8388608EEENSK_IlLl1ELl1EEEPljPyNS1_21identity_decomposer_tEjjEEvT1_T2_T3_T4_T5_T6_T7_T8_PKT9_PNS7_7counterINS9_3std3__415iterator_traitsINS15_ISR_vE10value_typeEvE10value_typeET12_T13_EEPS19_PNS15_INS15_IST_vE10value_typeEvE10value_typeES1A_T10_iiT11_' for 'sm_100'
ptxas info    : Function properties for _ZN3cub17_V_300500_SM_10006detail12batched_topk40device_segmented_topk_last_filter_kernelINS2_26policy_selector_from_typesIfNS0_8NullTypeElLl8388608EEELNS1_4topk6selectE1EN4cuda3__417constant_iteratorIPKflEENSB_IPflEEPPS5_SI_NS1_6params13uniform_paramIlLl0ELl268435456EEENSK_IlLl1ELl8388608EEENSK_IlLl1ELl1EEEPljPyNS1_21identity_decomposer_tEjjEEvT1_T2_T3_T4_T5_T6_T7_T8_PKT9_PNS7_7counterINS9_3std3__415iterator_traitsINS15_ISR_vE10value_typeEvE10value_typeET12_T13_EEPS19_PNS15_INS15_IST_vE10value_typeEvE10value_typeES1A_T10_iiT11_
    0 bytes stack frame, 0 bytes spill stores, 0 bytes spill loads
ptxas info    : Used 32 registers, used 0 barriers
ptxas info    : Compile time = 27.021 ms
ptxas info    : Compiling entry function '_ZN3cub17_V_300500_SM_10006detail12batched_topk35device_segmented_topk_filter_kernelINS2_26policy_selector_from_typesIfNS0_8NullTypeElLl8388608EEELNS1_4topk6selectE1EN4cuda3__417constant_iteratorIPKflEENSB_IPflEEPPS5_SI_NS1_6params13uniform_paramIlLl0ELl268435456EEENSK_IlLl1ELl8388608EEENSK_IlLl1ELl1EEEPljPyNS1_21identity_decomposer_tEjjEEvT1_T2_T3_T4_T5_T6_T7_T8_PKT9_PNS7_7counterINS9_3std3__415iterator_traitsINS15_ISR_vE10value_typeEvE10value_typeET12_T13_EEPS1A_PS19_PNS15_INS15_IST_vE10value_typeEvE10value_typeES1F_S1K_S1A_S1A_T10_iibT11_' for 'sm_100'
ptxas info    : Function properties for _ZN3cub17_V_300500_SM_10006detail12batched_topk35device_segmented_topk_filter_kernelINS2_26policy_selector_from_typesIfNS0_8NullTypeElLl8388608EEELNS1_4topk6selectE1EN4cuda3__417constant_iteratorIPKflEENSB_IPflEEPPS5_SI_NS1_6params13uniform_paramIlLl0ELl268435456EEENSK_IlLl1ELl8388608EEENSK_IlLl1ELl1EEEPljPyNS1_21identity_decomposer_tEjjEEvT1_T2_T3_T4_T5_T6_T7_T8_PKT9_PNS7_7counterINS9_3std3__415iterator_traitsINS15_ISR_vE10value_typeEvE10value_typeET12_T13_EEPS1A_PS19_PNS15_INS15_IST_vE10value_typeEvE10value_typeES1F_S1K_S1A_S1A_T10_iibT11_
    0 bytes stack frame, 0 bytes spill stores, 0 bytes spill loads
ptxas info    : Used 32 registers, used 1 barriers, 8196 bytes smem
ptxas info    : Compile time = 23.523 ms
ptxas info    : Compiling entry function '_ZN3cub17_V_300500_SM_10006detail12batched_topk47device_segmented_topk_finalize_histogram_kernelINS2_26policy_selector_from_typesIfNS0_8NullTypeElLl8388608EEEN4cuda3__417constant_iteratorIPKflEENS1_6params13uniform_paramIlLl0ELl268435456EEENSE_IlLl1ELl8388608EEENSE_IlLl1ELl1EEEPlPyNS1_4topk16extract_bin_op_tIfLNSK_6selectE1ELi11ENS1_21identity_decomposer_tELb1EEEjjfEEvT0_T1_T2_T3_T4_PNSK_7counterIT9_T7_T8_EEPSW_T5_T6_ib' for 'sm_100'
ptxas info    : Function properties for _ZN3cub17_V_300500_SM_10006detail12batched_topk47device_segmented_topk_finalize_histogram_kernelINS2_26policy_selector_from_typesIfNS0_8NullTypeElLl8388608EEEN4cuda3__417constant_iteratorIPKflEENS1_6params13uniform_paramIlLl0ELl268435456EEENSE_IlLl1ELl8388608EEENSE_IlLl1ELl1EEEPlPyNS1_4topk16extract_bin_op_tIfLNSK_6selectE1ELi11ENS1_21identity_decomposer_tELb1EEEjjfEEvT0_T1_T2_T3_T4_PNSK_7counterIT9_T7_T8_EEPSW_T5_T6_ib
    0 bytes stack frame, 0 bytes spill stores, 0 bytes spill loads
ptxas info    : Used 40 registers, used 1 barriers, 8192 bytes smem
ptxas info    : Compile time = 9.644 ms
ptxas info    : Compiling entry function '_ZN3cub17_V_300500_SM_10006detail12batched_topk38device_segmented_topk_histogram_kernelINS2_26policy_selector_from_typesIfNS0_8NullTypeElLl8388608EEEN4cuda3__417constant_iteratorIPKflEENS1_6params13uniform_paramIlLl0ELl268435456EEENSE_IlLl1ELl8388608EEENSE_IlLl1ELl1EEEPljPyNS1_4topk16extract_bin_op_tIfLNSK_6selectE1ELi11ENS1_21identity_decomposer_tELb1EEEjjjEEvT0_T1_T2_T3_T4_PKT5_PNSK_7counterINS7_3std3__415iterator_traitsINS10_ISP_vE10value_typeEvE10value_typeET8_T9_EEPS15_T6_T7_' for 'sm_100'
ptxas info    : Function properties for _ZN3cub17_V_300500_SM_10006detail12batched_topk38device_segmented_topk_histogram_kernelINS2_26policy_selector_from_typesIfNS0_8NullTypeElLl8388608EEEN4cuda3__417constant_iteratorIPKflEENS1_6params13uniform_paramIlLl0ELl268435456EEENSE_IlLl1ELl8388608EEENSE_IlLl1ELl1EEEPljPyNS1_4topk16extract_bin_op_tIfLNSK_6selectE1ELi11ENS1_21identity_decomposer_tELb1EEEjjjEEvT0_T1_T2_T3_T4_PKT5_PNSK_7counterINS7_3std3__415iterator_traitsINS10_ISP_vE10value_typeEvE10value_typeET8_T9_EEPS15_T6_T7_
    0 bytes stack frame, 0 bytes spill stores, 0 bytes spill loads
ptxas info    : Used 29 registers, used 1 barriers, 8240 bytes smem
ptxas info    : Compile time = 26.475 ms
ptxas info    : Compiling entry function '_ZN3cub17_V_300500_SM_10006detail12batched_topk44device_segmented_topk_finalize_filter_kernelINS2_26policy_selector_from_typesIfNS0_8NullTypeElLl8388608EEELNS1_4topk6selectE0EN4cuda3__417constant_iteratorIPKflEENSB_IPflEEPPS5_SI_NS1_6params13uniform_paramIlLl0ELl268435456EEENSK_IlLl1ELl8388608EEENSK_IlLl1ELl1EEEPljPyNS1_21identity_decomposer_tEjjfEEvT1_T2_T3_T4_T5_T6_T7_T8_PKT9_PNS7_7counterIT14_T12_T13_EEPS14_PS13_PNS9_3std3__415iterator_traitsINS1C_IST_vE10value_typeEvE10value_typeES19_S1H_T10_S14_S14_iiT11_b' for 'sm_100'
ptxas info    : Function properties for _ZN3cub17_V_300500_SM_10006detail12batched_topk44device_segmented_topk_finalize_filter_kernelINS2_26policy_selector_from_typesIfNS0_8NullTypeElLl8388608EEELNS1_4topk6selectE0EN4cuda3__417constant_iteratorIPKflEENSB_IPflEEPPS5_SI_NS1_6params13uniform_paramIlLl0ELl268435456EEENSK_IlLl1ELl8388608EEENSK_IlLl1ELl1EEEPljPyNS1_21identity_decomposer_tEjjfEEvT1_T2_T3_T4_T5_T6_T7_T8_PKT9_PNS7_7counterIT14_T12_T13_EEPS14_PS13_PNS9_3std3__415iterator_traitsINS1C_IST_vE10value_typeEvE10value_typeES19_S1H_T10_S14_S14_iiT11_b
    0 bytes stack frame, 0 bytes spill stores, 0 bytes spill loads
ptxas info    : Used 48 registers, used 1 barriers, 8208 bytes smem
ptxas info    : Compile time = 23.289 ms
ptxas info    : Compiling entry function '_ZN3cub17_V_300500_SM_10006detail12batched_topk40device_segmented_topk_last_filter_kernelINS2_26policy_selector_from_typesIfNS0_8NullTypeElLl8388608EEELNS1_4topk6selectE0EN4cuda3__417constant_iteratorIPKflEENSB_IPflEEPPS5_SI_NS1_6params13uniform_paramIlLl0ELl268435456EEENSK_IlLl1ELl8388608EEENSK_IlLl1ELl1EEEPljPyNS1_21identity_decomposer_tEjjEEvT1_T2_T3_T4_T5_T6_T7_T8_PKT9_PNS7_7counterINS9_3std3__415iterator_traitsINS15_ISR_vE10value_typeEvE10value_typeET12_T13_EEPS19_PNS15_INS15_IST_vE10value_typeEvE10value_typeES1A_T10_iiT11_' for 'sm_100'
ptxas info    : Function properties for _ZN3cub17_V_300500_SM_10006detail12batched_topk40device_segmented_topk_last_filter_kernelINS2_26policy_selector_from_typesIfNS0_8NullTypeElLl8388608EEELNS1_4topk6selectE0EN4cuda3__417constant_iteratorIPKflEENSB_IPflEEPPS5_SI_NS1_6params13uniform_paramIlLl0ELl268435456EEENSK_IlLl1ELl8388608EEENSK_IlLl1ELl1EEEPljPyNS1_21identity_decomposer_tEjjEEvT1_T2_T3_T4_T5_T6_T7_T8_PKT9_PNS7_7counterINS9_3std3__415iterator_traitsINS15_ISR_vE10value_typeEvE10value_typeET12_T13_EEPS19_PNS15_INS15_IST_vE10value_typeEvE10value_typeES1A_T10_iiT11_
    0 bytes stack frame, 0 bytes spill stores, 0 bytes spill loads
ptxas info    : Used 32 registers, used 0 barriers
ptxas info    : Compile time = 26.256 ms
ptxas info    : Compiling entry function '_ZN3cub17_V_300500_SM_10006detail12batched_topk35device_segmented_topk_filter_kernelINS2_26policy_selector_from_typesIfNS0_8NullTypeElLl8388608EEELNS1_4topk6selectE0EN4cuda3__417constant_iteratorIPKflEENSB_IPflEEPPS5_SI_NS1_6params13uniform_paramIlLl0ELl268435456EEENSK_IlLl1ELl8388608EEENSK_IlLl1ELl1EEEPljPyNS1_21identity_decomposer_tEjjEEvT1_T2_T3_T4_T5_T6_T7_T8_PKT9_PNS7_7counterINS9_3std3__415iterator_traitsINS15_ISR_vE10value_typeEvE10value_typeET12_T13_EEPS1A_PS19_PNS15_INS15_IST_vE10value_typeEvE10value_typeES1F_S1K_S1A_S1A_T10_iibT11_' for 'sm_100'
ptxas info    : Function properties for _ZN3cub17_V_300500_SM_10006detail12batched_topk35device_segmented_topk_filter_kernelINS2_26policy_selector_from_typesIfNS0_8NullTypeElLl8388608EEELNS1_4topk6selectE0EN4cuda3__417constant_iteratorIPKflEENSB_IPflEEPPS5_SI_NS1_6params13uniform_paramIlLl0ELl268435456EEENSK_IlLl1ELl8388608EEENSK_IlLl1ELl1EEEPljPyNS1_21identity_decomposer_tEjjEEvT1_T2_T3_T4_T5_T6_T7_T8_PKT9_PNS7_7counterINS9_3std3__415iterator_traitsINS15_ISR_vE10value_typeEvE10value_typeET12_T13_EEPS1A_PS19_PNS15_INS15_IST_vE10value_typeEvE10value_typeES1F_S1K_S1A_S1A_T10_iibT11_
    0 bytes stack frame, 0 bytes spill stores, 0 bytes spill loads
ptxas info    : Used 32 registers, used 1 barriers, 8196 bytes smem
ptxas info    : Compile time = 23.419 ms
ptxas info    : Compiling entry function '_ZN3cub17_V_300500_SM_10006detail12batched_topk47device_segmented_topk_finalize_histogram_kernelINS2_26policy_selector_from_typesIfNS0_8NullTypeElLl8388608EEEN4cuda3__417constant_iteratorIPKflEENS1_6params13uniform_paramIlLl0ELl268435456EEENSE_IlLl1ELl8388608EEENSE_IlLl1ELl1EEEPlPyNS1_4topk16extract_bin_op_tIfLNSK_6selectE0ELi11ENS1_21identity_decomposer_tELb1EEEjjfEEvT0_T1_T2_T3_T4_PNSK_7counterIT9_T7_T8_EEPSW_T5_T6_ib' for 'sm_100'
ptxas info    : Function properties for _ZN3cub17_V_300500_SM_10006detail12batched_topk47device_segmented_topk_finalize_histogram_kernelINS2_26policy_selector_from_typesIfNS0_8NullTypeElLl8388608EEEN4cuda3__417constant_iteratorIPKflEENS1_6params13uniform_paramIlLl0ELl268435456EEENSE_IlLl1ELl8388608EEENSE_IlLl1ELl1EEEPlPyNS1_4topk16extract_bin_op_tIfLNSK_6selectE0ELi11ENS1_21identity_decomposer_tELb1EEEjjfEEvT0_T1_T2_T3_T4_PNSK_7counterIT9_T7_T8_EEPSW_T5_T6_ib
    0 bytes stack frame, 0 bytes spill stores, 0 bytes spill loads
ptxas info    : Used 40 registers, used 1 barriers, 8192 bytes smem
ptxas info    : Compile time = 9.712 ms
ptxas info    : Compiling entry function '_ZN3cub17_V_300500_SM_10006detail12batched_topk38device_segmented_topk_histogram_kernelINS2_26policy_selector_from_typesIfNS0_8NullTypeElLl8388608EEEN4cuda3__417constant_iteratorIPKflEENS1_6params13uniform_paramIlLl0ELl268435456EEENSE_IlLl1ELl8388608EEENSE_IlLl1ELl1EEEPljPyNS1_4topk16extract_bin_op_tIfLNSK_6selectE0ELi11ENS1_21identity_decomposer_tELb1EEEjjjEEvT0_T1_T2_T3_T4_PKT5_PNSK_7counterINS7_3std3__415iterator_traitsINS10_ISP_vE10value_typeEvE10value_typeET8_T9_EEPS15_T6_T7_' for 'sm_100'
ptxas info    : Function properties for _ZN3cub17_V_300500_SM_10006detail12batched_topk38device_segmented_topk_histogram_kernelINS2_26policy_selector_from_typesIfNS0_8NullTypeElLl8388608EEEN4cuda3__417constant_iteratorIPKflEENS1_6params13uniform_paramIlLl0ELl268435456EEENSE_IlLl1ELl8388608EEENSE_IlLl1ELl1EEEPljPyNS1_4topk16extract_bin_op_tIfLNSK_6selectE0ELi11ENS1_21identity_decomposer_tELb1EEEjjjEEvT0_T1_T2_T3_T4_PKT5_PNSK_7counterINS7_3std3__415iterator_traitsINS10_ISP_vE10value_typeEvE10value_typeET8_T9_EEPS15_T6_T7_
    0 bytes stack frame, 0 bytes spill stores, 0 bytes spill loads
ptxas info    : Used 30 registers, used 1 barriers, 8240 bytes smem
ptxas info    : Compile time = 26.401 ms
ptxas info    : Compiling entry function '_ZN3cub17_V_300500_SM_10006detail12batched_topk28device_segmented_topk_kernelINS2_26policy_selector_from_typesIfNS0_8NullTypeElLl8388608EEEN4cuda3__417constant_iteratorIPKflEENS9_IPflEEPPS5_SG_NS1_6params13uniform_paramIlLl0ELl268435456EEENSI_IlLl1ELl8388608EEENSH_22uniform_discrete_paramINS1_4topk6selectEJLSN_1EEEENSI_IlLl1ELl1EEEjEEvT0_T1_T2_T3_T4_T5_T6_T7_PNS2_21batched_topk_countersINSX_10value_typeEEEPSZ_PT8_' for 'sm_100'
ptxas info    : Function properties for _ZN3cub17_V_300500_SM_10006detail12batched_topk28device_segmented_topk_kernelINS2_26policy_selector_from_typesIfNS0_8NullTypeElLl8388608EEEN4cuda3__417constant_iteratorIPKflEENS9_IPflEEPPS5_SG_NS1_6params13uniform_paramIlLl0ELl268435456EEENSI_IlLl1ELl8388608EEENSH_22uniform_discrete_paramINS1_4topk6selectEJLSN_1EEEENSI_IlLl1ELl1EEEjEEvT0_T1_T2_T3_T4_T5_T6_T7_PNS2_21batched_topk_countersINSX_10value_typeEEEPSZ_PT8_
    0 bytes stack frame, 0 bytes spill stores, 0 bytes spill loads
ptxas info    : Used 166 registers, used 1 barriers, 33808 bytes smem
ptxas info    : Compile time = 87.196 ms
ptxas info    : Compiling entry function '_ZN3cub17_V_300500_SM_10006detail12batched_topk44device_segmented_topk_finalize_filter_kernelINS2_26policy_selector_from_typesInNS0_8NullTypeElLl8388608EEELNS1_4topk6selectE1EN4cuda3__417constant_iteratorIPKnlEENSB_IPnlEEPPS5_SI_NS1_6params13uniform_paramIlLl0ELl268435456EEENSK_IlLl1ELl8388608EEENSK_IlLl1ELl1EEEPljPyNS1_21identity_decomposer_tEjjnEEvT1_T2_T3_T4_T5_T6_T7_T8_PKT9_PNS7_7counterIT14_T12_T13_EEPS14_PS13_PNS9_3std3__415iterator_traitsINS1C_IST_vE10value_typeEvE10value_typeES19_S1H_T10_S14_S14_iiT11_b' for 'sm_100'
ptxas info    : Function properties for _ZN3cub17_V_300500_SM_10006detail12batched_topk44device_segmented_topk_finalize_filter_kernelINS2_26policy_selector_from_typesInNS0_8NullTypeElLl8388608EEELNS1_4topk6selectE1EN4cuda3__417constant_iteratorIPKnlEENSB_IPnlEEPPS5_SI_NS1_6params13uniform_paramIlLl0ELl268435456EEENSK_IlLl1ELl8388608EEENSK_IlLl1ELl1EEEPljPyNS1_21identity_decomposer_tEjjnEEvT1_T2_T3_T4_T5_T6_T7_T8_PKT9_PNS7_7counterIT14_T12_T13_EEPS14_PS13_PNS9_3std3__415iterator_traitsINS1C_IST_vE10value_typeEvE10value_typeES19_S1H_T10_S14_S14_iiT11_b
    0 bytes stack frame, 0 bytes spill stores, 0 bytes spill loads
ptxas info    : Used 50 registers, used 1 barriers, 2048 bytes smem
ptxas info    : Compile time = 17.436 ms
ptxas info    : Compiling entry function '_ZN3cub17_V_300500_SM_10006detail12batched_topk40device_segmented_topk_last_filter_kernelINS2_26policy_selector_from_typesInNS0_8NullTypeElLl8388608EEELNS1_4topk6selectE1EN4cuda3__417constant_iteratorIPKnlEENSB_IPnlEEPPS5_SI_NS1_6params13uniform_paramIlLl0ELl268435456EEENSK_IlLl1ELl8388608EEENSK_IlLl1ELl1EEEPljPyNS1_21identity_decomposer_tEjjEEvT1_T2_T3_T4_T5_T6_T7_T8_PKT9_PNS7_7counterINS9_3std3__415iterator_traitsINS15_ISR_vE10value_typeEvE10value_typeET12_T13_EEPS19_PNS15_INS15_IST_vE10value_typeEvE10value_typeES1A_T10_iiT11_' for 'sm_100'
ptxas info    : Function properties for _ZN3cub17_V_300500_SM_10006detail12batched_topk40device_segmented_topk_last_filter_kernelINS2_26policy_selector_from_typesInNS0_8NullTypeElLl8388608EEELNS1_4topk6selectE1EN4cuda3__417constant_iteratorIPKnlEENSB_IPnlEEPPS5_SI_NS1_6params13uniform_paramIlLl0ELl268435456EEENSK_IlLl1ELl8388608EEENSK_IlLl1ELl1EEEPljPyNS1_21identity_decomposer_tEjjEEvT1_T2_T3_T4_T5_T6_T7_T8_PKT9_PNS7_7counterINS9_3std3__415iterator_traitsINS15_ISR_vE10value_typeEvE10value_typeET12_T13_EEPS19_PNS15_INS15_IST_vE10value_typeEvE10value_typeES1A_T10_iiT11_
    0 bytes stack frame, 0 bytes spill stores, 0 bytes spill loads
ptxas info    : Used 32 registers, used 0 barriers
ptxas info    : Compile time = 17.463 ms
ptxas info    : Compiling entry function '_ZN3cub17_V_300500_SM_10006detail12batched_topk35device_segmented_topk_filter_kernelINS2_26policy_selector_from_typesInNS0_8NullTypeElLl8388608EEELNS1_4topk6selectE1EN4cuda3__417constant_iteratorIPKnlEENSB_IPnlEEPPS5_SI_NS1_6params13uniform_paramIlLl0ELl268435456EEENSK_IlLl1ELl8388608EEENSK_IlLl1ELl1EEEPljPyNS1_21identity_decomposer_tEjjEEvT1_T2_T3_T4_T5_T6_T7_T8_PKT9_PNS7_7counterINS9_3std3__415iterator_traitsINS15_ISR_vE10value_typeEvE10value_typeET12_T13_EEPS1A_PS19_PNS15_INS15_IST_vE10value_typeEvE10value_typeES1F_S1K_S1A_S1A_T10_iibT11_' for 'sm_100'
ptxas info    : Function properties for _ZN3cub17_V_300500_SM_10006detail12batched_topk35device_segmented_topk_filter_kernelINS2_26policy_selector_from_typesInNS0_8NullTypeElLl8388608EEELNS1_4topk6selectE1EN4cuda3__417constant_iteratorIPKnlEENSB_IPnlEEPPS5_SI_NS1_6params13uniform_paramIlLl0ELl268435456EEENSK_IlLl1ELl8388608EEENSK_IlLl1ELl1EEEPljPyNS1_21identity_decomposer_tEjjEEvT1_T2_T3_T4_T5_T6_T7_T8_PKT9_PNS7_7counterINS9_3std3__415iterator_traitsINS15_ISR_vE10value_typeEvE10value_typeET12_T13_EEPS1A_PS19_PNS15_INS15_IST_vE10value_typeEvE10value_typeES1F_S1K_S1A_S1A_T10_iibT11_
    0 bytes stack frame, 0 bytes spill stores, 0 bytes spill loads
ptxas info    : Used 40 registers, used 1 barriers, 1028 bytes smem
ptxas info    : Compile time = 18.947 ms
ptxas info    : Compiling entry function '_ZN3cub17_V_300500_SM_10006detail12batched_topk47device_segmented_topk_finalize_histogram_kernelINS2_26policy_selector_from_typesInNS0_8NullTypeElLl8388608EEEN4cuda3__417constant_iteratorIPKnlEENS1_6params13uniform_paramIlLl0ELl268435456EEENSE_IlLl1ELl8388608EEENSE_IlLl1ELl1EEEPlPyNS1_4topk16extract_bin_op_tInLNSK_6selectE1ELi8ENS1_21identity_decomposer_tELb1EEEjjnEEvT0_T1_T2_T3_T4_PNSK_7counterIT9_T7_T8_EEPSW_T5_T6_ib' for 'sm_100'
ptxas info    : Function properties for _ZN3cub17_V_300500_SM_10006detail12batched_topk47device_segmented_topk_finalize_histogram_kernelINS2_26policy_selector_from_typesInNS0_8NullTypeElLl8388608EEEN4cuda3__417constant_iteratorIPKnlEENS1_6params13uniform_paramIlLl0ELl268435456EEENSE_IlLl1ELl8388608EEENSE_IlLl1ELl1EEEPlPyNS1_4topk16extract_bin_op_tInLNSK_6selectE1ELi8ENS1_21identity_decomposer_tELb1EEEjjnEEvT0_T1_T2_T3_T4_PNSK_7counterIT9_T7_T8_EEPSW_T5_T6_ib
    0 bytes stack frame, 0 bytes spill stores, 0 bytes spill loads
ptxas info    : Used 32 registers, used 1 barriers, 2048 bytes smem
ptxas info    : Compile time = 7.871 ms
ptxas info    : Compiling entry function '_ZN3cub17_V_300500_SM_10006detail12batched_topk38device_segmented_topk_histogram_kernelINS2_26policy_selector_from_typesInNS0_8NullTypeElLl8388608EEEN4cuda3__417constant_iteratorIPKnlEENS1_6params13uniform_paramIlLl0ELl268435456EEENSE_IlLl1ELl8388608EEENSE_IlLl1ELl1EEEPljPyNS1_4topk16extract_bin_op_tInLNSK_6selectE1ELi8ENS1_21identity_decomposer_tELb1EEEjjjEEvT0_T1_T2_T3_T4_PKT5_PNSK_7counterINS7_3std3__415iterator_traitsINS10_ISP_vE10value_typeEvE10value_typeET8_T9_EEPS15_T6_T7_' for 'sm_100'
ptxas info    : Function properties for _ZN3cub17_V_300500_SM_10006detail12batched_topk38device_segmented_topk_histogram_kernelINS2_26policy_selector_from_typesInNS0_8NullTypeElLl8388608EEEN4cuda3__417constant_iteratorIPKnlEENS1_6params13uniform_paramIlLl0ELl268435456EEENSE_IlLl1ELl8388608EEENSE_IlLl1ELl1EEEPljPyNS1_4topk16extract_bin_op_tInLNSK_6selectE1ELi8ENS1_21identity_decomposer_tELb1EEEjjjEEvT0_T1_T2_T3_T4_PKT5_PNSK_7counterINS7_3std3__415iterator_traitsINS10_ISP_vE10value_typeEvE10value_typeET8_T9_EEPS15_T6_T7_
    0 bytes stack frame, 0 bytes spill stores, 0 bytes spill loads
ptxas info    : Used 30 registers, used 1 barriers, 1072 bytes smem
ptxas info    : Compile time = 17.723 ms
ptxas info    : Compiling entry function '_ZN3cub17_V_300500_SM_10006detail12batched_topk44device_segmented_topk_finalize_filter_kernelINS2_26policy_selector_from_typesInNS0_8NullTypeElLl8388608EEELNS1_4topk6selectE0EN4cuda3__417constant_iteratorIPKnlEENSB_IPnlEEPPS5_SI_NS1_6params13uniform_paramIlLl0ELl268435456EEENSK_IlLl1ELl8388608EEENSK_IlLl1ELl1EEEPljPyNS1_21identity_decomposer_tEjjnEEvT1_T2_T3_T4_T5_T6_T7_T8_PKT9_PNS7_7counterIT14_T12_T13_EEPS14_PS13_PNS9_3std3__415iterator_traitsINS1C_IST_vE10value_typeEvE10value_typeES19_S1H_T10_S14_S14_iiT11_b' for 'sm_100'
ptxas info    : Function properties for _ZN3cub17_V_300500_SM_10006detail12batched_topk44device_segmented_topk_finalize_filter_kernelINS2_26policy_selector_from_typesInNS0_8NullTypeElLl8388608EEELNS1_4topk6selectE0EN4cuda3__417constant_iteratorIPKnlEENSB_IPnlEEPPS5_SI_NS1_6params13uniform_paramIlLl0ELl268435456EEENSK_IlLl1ELl8388608EEENSK_IlLl1ELl1EEEPljPyNS1_21identity_decomposer_tEjjnEEvT1_T2_T3_T4_T5_T6_T7_T8_PKT9_PNS7_7counterIT14_T12_T13_EEPS14_PS13_PNS9_3std3__415iterator_traitsINS1C_IST_vE10value_typeEvE10value_typeES19_S1H_T10_S14_S14_iiT11_b
    0 bytes stack frame, 0 bytes spill stores, 0 bytes spill loads
ptxas info    : Used 50 registers, used 1 barriers, 2048 bytes smem
ptxas info    : Compile time = 17.267 ms
ptxas info    : Compiling entry function '_ZN3cub17_V_300500_SM_10006detail12batched_topk40device_segmented_topk_last_filter_kernelINS2_26policy_selector_from_typesInNS0_8NullTypeElLl8388608EEELNS1_4topk6selectE0EN4cuda3__417constant_iteratorIPKnlEENSB_IPnlEEPPS5_SI_NS1_6params13uniform_paramIlLl0ELl268435456EEENSK_IlLl1ELl8388608EEENSK_IlLl1ELl1EEEPljPyNS1_21identity_decomposer_tEjjEEvT1_T2_T3_T4_T5_T6_T7_T8_PKT9_PNS7_7counterINS9_3std3__415iterator_traitsINS15_ISR_vE10value_typeEvE10value_typeET12_T13_EEPS19_PNS15_INS15_IST_vE10value_typeEvE10value_typeES1A_T10_iiT11_' for 'sm_100'
ptxas info    : Function properties for _ZN3cub17_V_300500_SM_10006detail12batched_topk40device_segmented_topk_last_filter_kernelINS2_26policy_selector_from_typesInNS0_8NullTypeElLl8388608EEELNS1_4topk6selectE0EN4cuda3__417constant_iteratorIPKnlEENSB_IPnlEEPPS5_SI_NS1_6params13uniform_paramIlLl0ELl268435456EEENSK_IlLl1ELl8388608EEENSK_IlLl1ELl1EEEPljPyNS1_21identity_decomposer_tEjjEEvT1_T2_T3_T4_T5_T6_T7_T8_PKT9_PNS7_7counterINS9_3std3__415iterator_traitsINS15_ISR_vE10value_typeEvE10value_typeET12_T13_EEPS19_PNS15_INS15_IST_vE10value_typeEvE10value_typeES1A_T10_iiT11_
    0 bytes stack frame, 0 bytes spill stores, 0 bytes spill loads
ptxas info    : Used 32 registers, used 0 barriers
ptxas info    : Compile time = 17.466 ms
ptxas info    : Compiling entry function '_ZN3cub17_V_300500_SM_10006detail12batched_topk35device_segmented_topk_filter_kernelINS2_26policy_selector_from_typesInNS0_8NullTypeElLl8388608EEELNS1_4topk6selectE0EN4cuda3__417constant_iteratorIPKnlEENSB_IPnlEEPPS5_SI_NS1_6params13uniform_paramIlLl0ELl268435456EEENSK_IlLl1ELl8388608EEENSK_IlLl1ELl1EEEPljPyNS1_21identity_decomposer_tEjjEEvT1_T2_T3_T4_T5_T6_T7_T8_PKT9_PNS7_7counterINS9_3std3__415iterator_traitsINS15_ISR_vE10value_typeEvE10value_typeET12_T13_EEPS1A_PS19_PNS15_INS15_IST_vE10value_typeEvE10value_typeES1F_S1K_S1A_S1A_T10_iibT11_' for 'sm_100'
ptxas info    : Function properties for _ZN3cub17_V_300500_SM_10006detail12batched_topk35device_segmented_topk_filter_kernelINS2_26policy_selector_from_typesInNS0_8NullTypeElLl8388608EEELNS1_4topk6selectE0EN4cuda3__417constant_iteratorIPKnlEENSB_IPnlEEPPS5_SI_NS1_6params13uniform_paramIlLl0ELl268435456EEENSK_IlLl1ELl8388608EEENSK_IlLl1ELl1EEEPljPyNS1_21identity_decomposer_tEjjEEvT1_T2_T3_T4_T5_T6_T7_T8_PKT9_PNS7_7counterINS9_3std3__415iterator_traitsINS15_ISR_vE10value_typeEvE10value_typeET12_T13_EEPS1A_PS19_PNS15_INS15_IST_vE10value_typeEvE10value_typeES1F_S1K_S1A_S1A_T10_iibT11_
    0 bytes stack frame, 0 bytes spill stores, 0 bytes spill loads
ptxas info    : Used 40 registers, used 1 barriers, 1028 bytes smem
ptxas info    : Compile time = 18.826 ms
ptxas info    : Compiling entry function '_ZN3cub17_V_300500_SM_10006detail12batched_topk47device_segmented_topk_finalize_histogram_kernelINS2_26policy_selector_from_typesInNS0_8NullTypeElLl8388608EEEN4cuda3__417constant_iteratorIPKnlEENS1_6params13uniform_paramIlLl0ELl268435456EEENSE_IlLl1ELl8388608EEENSE_IlLl1ELl1EEEPlPyNS1_4topk16extract_bin_op_tInLNSK_6selectE0ELi8ENS1_21identity_decomposer_tELb1EEEjjnEEvT0_T1_T2_T3_T4_PNSK_7counterIT9_T7_T8_EEPSW_T5_T6_ib' for 'sm_100'
ptxas info    : Function properties for _ZN3cub17_V_300500_SM_10006detail12batched_topk47device_segmented_topk_finalize_histogram_kernelINS2_26policy_selector_from_typesInNS0_8NullTypeElLl8388608EEEN4cuda3__417constant_iteratorIPKnlEENS1_6params13uniform_paramIlLl0ELl268435456EEENSE_IlLl1ELl8388608EEENSE_IlLl1ELl1EEEPlPyNS1_4topk16extract_bin_op_tInLNSK_6selectE0ELi8ENS1_21identity_decomposer_tELb1EEEjjnEEvT0_T1_T2_T3_T4_PNSK_7counterIT9_T7_T8_EEPSW_T5_T6_ib
    0 bytes stack frame, 0 bytes spill stores, 0 bytes spill loads
ptxas info    : Used 32 registers, used 1 barriers, 2048 bytes smem
ptxas info    : Compile time = 7.819 ms
ptxas info    : Compiling entry function '_ZN3cub17_V_300500_SM_10006detail12batched_topk38device_segmented_topk_histogram_kernelINS2_26policy_selector_from_typesInNS0_8NullTypeElLl8388608EEEN4cuda3__417constant_iteratorIPKnlEENS1_6params13uniform_paramIlLl0ELl268435456EEENSE_IlLl1ELl8388608EEENSE_IlLl1ELl1EEEPljPyNS1_4topk16extract_bin_op_tInLNSK_6selectE0ELi8ENS1_21identity_decomposer_tELb1EEEjjjEEvT0_T1_T2_T3_T4_PKT5_PNSK_7counterINS7_3std3__415iterator_traitsINS10_ISP_vE10value_typeEvE10value_typeET8_T9_EEPS15_T6_T7_' for 'sm_100'
ptxas info    : Function properties for _ZN3cub17_V_300500_SM_10006detail12batched_topk38device_segmented_topk_histogram_kernelINS2_26policy_selector_from_typesInNS0_8NullTypeElLl8388608EEEN4cuda3__417constant_iteratorIPKnlEENS1_6params13uniform_paramIlLl0ELl268435456EEENSE_IlLl1ELl8388608EEENSE_IlLl1ELl1EEEPljPyNS1_4topk16extract_bin_op_tInLNSK_6selectE0ELi8ENS1_21identity_decomposer_tELb1EEEjjjEEvT0_T1_T2_T3_T4_PKT5_PNSK_7counterINS7_3std3__415iterator_traitsINS10_ISP_vE10value_typeEvE10value_typeET8_T9_EEPS15_T6_T7_
    0 bytes stack frame, 0 bytes spill stores, 0 bytes spill loads
ptxas info    : Used 32 registers, used 1 barriers, 1072 bytes smem
ptxas info    : Compile time = 17.082 ms
ptxas info    : Compiling entry function '_ZN3cub17_V_300500_SM_10006detail12batched_topk28device_segmented_topk_kernelINS2_26policy_selector_from_typesInNS0_8NullTypeElLl8388608EEEN4cuda3__417constant_iteratorIPKnlEENS9_IPnlEEPPS5_SG_NS1_6params13uniform_paramIlLl0ELl268435456EEENSI_IlLl1ELl8388608EEENSH_22uniform_discrete_paramINS1_4topk6selectEJLSN_1EEEENSI_IlLl1ELl1EEEjEEvT0_T1_T2_T3_T4_T5_T6_T7_PNS2_21batched_topk_countersINSX_10value_typeEEEPSZ_PT8_' for 'sm_100'
ptxas info    : Function properties for _ZN3cub17_V_300500_SM_10006detail12batched_topk28device_segmented_topk_kernelINS2_26policy_selector_from_typesInNS0_8NullTypeElLl8388608EEEN4cuda3__417constant_iteratorIPKnlEENS9_IPnlEEPPS5_SG_NS1_6params13uniform_paramIlLl0ELl268435456EEENSI_IlLl1ELl8388608EEENSH_22uniform_discrete_paramINS1_4topk6selectEJLSN_1EEEENSI_IlLl1ELl1EEEjEEvT0_T1_T2_T3_T4_T5_T6_T7_PNS2_21batched_topk_countersINSX_10value_typeEEEPSZ_PT8_
    0 bytes stack frame, 0 bytes spill stores, 0 bytes spill loads
ptxas info    : Used 128 registers, used 1 barriers, 33808 bytes smem
ptxas info    : Compile time = 41.947 ms
ptxas info    : Compiling entry function '_ZN3cub17_V_300500_SM_10006detail12batched_topk44device_segmented_topk_finalize_filter_kernelINS2_26policy_selector_from_typesIlNS0_8NullTypeElLl8388608EEELNS1_4topk6selectE1EN4cuda3__417constant_iteratorIPKllEENSB_IPllEEPPS5_SI_NS1_6params13uniform_paramIlLl0ELl268435456EEENSK_IlLl1ELl8388608EEENSK_IlLl1ELl1EEESF_jPyNS1_21identity_decomposer_tEjjlEEvT1_T2_T3_T4_T5_T6_T7_T8_PKT9_PNS7_7counterIT14_T12_T13_EEPS13_PS12_PNS9_3std3__415iterator_traitsINS1B_ISS_vE10value_typeEvE10value_typeES18_S1G_T10_S13_S13_iiT11_b' for 'sm_100'
ptxas info    : Function properties for _ZN3cub17_V_300500_SM_10006detail12batched_topk44device_segmented_topk_finalize_filter_kernelINS2_26policy_selector_from_typesIlNS0_8NullTypeElLl8388608EEELNS1_4topk6selectE1EN4cuda3__417constant_iteratorIPKllEENSB_IPllEEPPS5_SI_NS1_6params13uniform_paramIlLl0ELl268435456EEENSK_IlLl1ELl8388608EEENSK_IlLl1ELl1EEESF_jPyNS1_21identity_decomposer_tEjjlEEvT1_T2_T3_T4_T5_T6_T7_T8_PKT9_PNS7_7counterIT14_T12_T13_EEPS13_PS12_PNS9_3std3__415iterator_traitsINS1B_ISS_vE10value_typeEvE10value_typeES18_S1G_T10_S13_S13_iiT11_b
    0 bytes stack frame, 0 bytes spill stores, 0 bytes spill loads
ptxas info    : Used 50 registers, used 1 barriers, 8208 bytes smem
ptxas info    : Compile time = 20.301 ms
ptxas info    : Compiling entry function '_ZN3cub17_V_300500_SM_10006detail12batched_topk40device_segmented_topk_last_filter_kernelINS2_26policy_selector_from_typesIlNS0_8NullTypeElLl8388608EEELNS1_4topk6selectE1EN4cuda3__417constant_iteratorIPKllEENSB_IPllEEPPS5_SI_NS1_6params13uniform_paramIlLl0ELl268435456EEENSK_IlLl1ELl8388608EEENSK_IlLl1ELl1EEESF_jPyNS1_21identity_decomposer_tEjjEEvT1_T2_T3_T4_T5_T6_T7_T8_PKT9_PNS7_7counterINS9_3std3__415iterator_traitsINS14_ISQ_vE10value_typeEvE10value_typeET12_T13_EEPS18_PNS14_INS14_ISS_vE10value_typeEvE10value_typeES19_T10_iiT11_' for 'sm_100'
ptxas info    : Function properties for _ZN3cub17_V_300500_SM_10006detail12batched_topk40device_segmented_topk_last_filter_kernelINS2_26policy_selector_from_typesIlNS0_8NullTypeElLl8388608EEELNS1_4topk6selectE1EN4cuda3__417constant_iteratorIPKllEENSB_IPllEEPPS5_SI_NS1_6params13uniform_paramIlLl0ELl268435456EEENSK_IlLl1ELl8388608EEENSK_IlLl1ELl1EEESF_jPyNS1_21identity_decomposer_tEjjEEvT1_T2_T3_T4_T5_T6_T7_T8_PKT9_PNS7_7counterINS9_3std3__415iterator_traitsINS14_ISQ_vE10value_typeEvE10value_typeET12_T13_EEPS18_PNS14_INS14_ISS_vE10value_typeEvE10value_typeES19_T10_iiT11_
    0 bytes stack frame, 0 bytes spill stores, 0 bytes spill loads
ptxas info    : Used 32 registers, used 0 barriers
ptxas info    : Compile time = 19.201 ms
ptxas info    : Compiling entry function '_ZN3cub17_V_300500_SM_10006detail12batched_topk35device_segmented_topk_filter_kernelINS2_26policy_selector_from_typesIlNS0_8NullTypeElLl8388608EEELNS1_4topk6selectE1EN4cuda3__417constant_iteratorIPKllEENSB_IPllEEPPS5_SI_NS1_6params13uniform_paramIlLl0ELl268435456EEENSK_IlLl1ELl8388608EEENSK_IlLl1ELl1EEESF_jPyNS1_21identity_decomposer_tEjjEEvT1_T2_T3_T4_T5_T6_T7_T8_PKT9_PNS7_7counterINS9_3std3__415iterator_traitsINS14_ISQ_vE10value_typeEvE10value_typeET12_T13_EEPS19_PS18_PNS14_INS14_ISS_vE10value_typeEvE10value_typeES1E_S1J_S19_S19_T10_iibT11_' for 'sm_100'
ptxas info    : Function properties for _ZN3cub17_V_300500_SM_10006detail12batched_topk35device_segmented_topk_filter_kernelINS2_26policy_selector_from_typesIlNS0_8NullTypeElLl8388608EEELNS1_4topk6selectE1EN4cuda3__417constant_iteratorIPKllEENSB_IPllEEPPS5_SI_NS1_6params13uniform_paramIlLl0ELl268435456EEENSK_IlLl1ELl8388608EEENSK_IlLl1ELl1EEESF_jPyNS1_21identity_decomposer_tEjjEEvT1_T2_T3_T4_T5_T6_T7_T8_PKT9_PNS7_7counterINS9_3std3__415iterator_traitsINS14_ISQ_vE10value_typeEvE10value_typeET12_T13_EEPS19_PS18_PNS14_INS14_ISS_vE10value_typeEvE10value_typeES1E_S1J_S19_S19_T10_iibT11_
    0 bytes stack frame, 0 bytes spill stores, 0 bytes spill loads
ptxas info    : Used 32 registers, used 1 barriers, 8196 bytes smem
ptxas info    : Compile time = 19.849 ms
ptxas info    : Compiling entry function '_ZN3cub17_V_300500_SM_10006detail12batched_topk47device_segmented_topk_finalize_histogram_kernelINS2_26policy_selector_from_typesIlNS0_8NullTypeElLl8388608EEEN4cuda3__417constant_iteratorIPKllEENS1_6params13uniform_paramIlLl0ELl268435456EEENSE_IlLl1ELl8388608EEENSE_IlLl1ELl1EEEPlPyNS1_4topk16extract_bin_op_tIlLNSK_6selectE1ELi11ENS1_21identity_decomposer_tELb1EEEjjlEEvT0_T1_T2_T3_T4_PNSK_7counterIT9_T7_T8_EEPSW_T5_T6_ib' for 'sm_100'
ptxas info    : Function properties for _ZN3cub17_V_300500_SM_10006detail12batched_topk47device_segmented_topk_finalize_histogram_kernelINS2_26policy_selector_from_typesIlNS0_8NullTypeElLl8388608EEEN4cuda3__417constant_iteratorIPKllEENS1_6params13uniform_paramIlLl0ELl268435456EEENSE_IlLl1ELl8388608EEENSE_IlLl1ELl1EEEPlPyNS1_4topk16extract_bin_op_tIlLNSK_6selectE1ELi11ENS1_21identity_decomposer_tELb1EEEjjlEEvT0_T1_T2_T3_T4_PNSK_7counterIT9_T7_T8_EEPSW_T5_T6_ib
    0 bytes stack frame, 0 bytes spill stores, 0 bytes spill loads
ptxas info    : Used 40 registers, used 1 barriers, 8192 bytes smem
ptxas info    : Compile time = 9.213 ms
ptxas info    : Compiling entry function '_ZN3cub17_V_300500_SM_10006detail12batched_topk38device_segmented_topk_histogram_kernelINS2_26policy_selector_from_typesIlNS0_8NullTypeElLl8388608EEEN4cuda3__417constant_iteratorIPKllEENS1_6params13uniform_paramIlLl0ELl268435456EEENSE_IlLl1ELl8388608EEENSE_IlLl1ELl1EEEPljPyNS1_4topk16extract_bin_op_tIlLNSK_6selectE1ELi11ENS1_21identity_decomposer_tELb1EEEjjjEEvT0_T1_T2_T3_T4_PKT5_PNSK_7counterINS7_3std3__415iterator_traitsINS10_ISP_vE10value_typeEvE10value_typeET8_T9_EEPS15_T6_T7_' for 'sm_100'
ptxas info    : Function properties for _ZN3cub17_V_300500_SM_10006detail12batched_topk38device_segmented_topk_histogram_kernelINS2_26policy_selector_from_typesIlNS0_8NullTypeElLl8388608EEEN4cuda3__417constant_iteratorIPKllEENS1_6params13uniform_paramIlLl0ELl268435456EEENSE_IlLl1ELl8388608EEENSE_IlLl1ELl1EEEPljPyNS1_4topk16extract_bin_op_tIlLNSK_6selectE1ELi11ENS1_21identity_decomposer_tELb1EEEjjjEEvT0_T1_T2_T3_T4_PKT5_PNSK_7counterINS7_3std3__415iterator_traitsINS10_ISP_vE10value_typeEvE10value_typeET8_T9_EEPS15_T6_T7_
    0 bytes stack frame, 0 bytes spill stores, 0 bytes spill loads
ptxas info    : Used 30 registers, used 1 barriers, 8240 bytes smem
ptxas info    : Compile time = 19.565 ms
ptxas info    : Compiling entry function '_ZN3cub17_V_300500_SM_10006detail12batched_topk44device_segmented_topk_finalize_filter_kernelINS2_26policy_selector_from_typesIlNS0_8NullTypeElLl8388608EEELNS1_4topk6selectE0EN4cuda3__417constant_iteratorIPKllEENSB_IPllEEPPS5_SI_NS1_6params13uniform_paramIlLl0ELl268435456EEENSK_IlLl1ELl8388608EEENSK_IlLl1ELl1EEESF_jPyNS1_21identity_decomposer_tEjjlEEvT1_T2_T3_T4_T5_T6_T7_T8_PKT9_PNS7_7counterIT14_T12_T13_EEPS13_PS12_PNS9_3std3__415iterator_traitsINS1B_ISS_vE10value_typeEvE10value_typeES18_S1G_T10_S13_S13_iiT11_b' for 'sm_100'
ptxas info    : Function properties for _ZN3cub17_V_300500_SM_10006detail12batched_topk44device_segmented_topk_finalize_filter_kernelINS2_26policy_selector_from_typesIlNS0_8NullTypeElLl8388608EEELNS1_4topk6selectE0EN4cuda3__417constant_iteratorIPKllEENSB_IPllEEPPS5_SI_NS1_6params13uniform_paramIlLl0ELl268435456EEENSK_IlLl1ELl8388608EEENSK_IlLl1ELl1EEESF_jPyNS1_21identity_decomposer_tEjjlEEvT1_T2_T3_T4_T5_T6_T7_T8_PKT9_PNS7_7counterIT14_T12_T13_EEPS13_PS12_PNS9_3std3__415iterator_traitsINS1B_ISS_vE10value_typeEvE10value_typeES18_S1G_T10_S13_S13_iiT11_b
    0 bytes stack frame, 0 bytes spill stores, 0 bytes spill loads
ptxas info    : Used 50 registers, used 1 barriers, 8208 bytes smem
ptxas info    : Compile time = 20.223 ms
ptxas info    : Compiling entry function '_ZN3cub17_V_300500_SM_10006detail12batched_topk40device_segmented_topk_last_filter_kernelINS2_26policy_selector_from_typesIlNS0_8NullTypeElLl8388608EEELNS1_4topk6selectE0EN4cuda3__417constant_iteratorIPKllEENSB_IPllEEPPS5_SI_NS1_6params13uniform_paramIlLl0ELl268435456EEENSK_IlLl1ELl8388608EEENSK_IlLl1ELl1EEESF_jPyNS1_21identity_decomposer_tEjjEEvT1_T2_T3_T4_T5_T6_T7_T8_PKT9_PNS7_7counterINS9_3std3__415iterator_traitsINS14_ISQ_vE10value_typeEvE10value_typeET12_T13_EEPS18_PNS14_INS14_ISS_vE10value_typeEvE10value_typeES19_T10_iiT11_' for 'sm_100'
ptxas info    : Function properties for _ZN3cub17_V_300500_SM_10006detail12batched_topk40device_segmented_topk_last_filter_kernelINS2_26policy_selector_from_typesIlNS0_8NullTypeElLl8388608EEELNS1_4topk6selectE0EN4cuda3__417constant_iteratorIPKllEENSB_IPllEEPPS5_SI_NS1_6params13uniform_paramIlLl0ELl268435456EEENSK_IlLl1ELl8388608EEENSK_IlLl1ELl1EEESF_jPyNS1_21identity_decomposer_tEjjEEvT1_T2_T3_T4_T5_T6_T7_T8_PKT9_PNS7_7counterINS9_3std3__415iterator_traitsINS14_ISQ_vE10value_typeEvE10value_typeET12_T13_EEPS18_PNS14_INS14_ISS_vE10value_typeEvE10value_typeES19_T10_iiT11_
    0 bytes stack frame, 0 bytes spill stores, 0 bytes spill loads
ptxas info    : Used 32 registers, used 0 barriers
ptxas info    : Compile time = 19.183 ms
ptxas info    : Compiling entry function '_ZN3cub17_V_300500_SM_10006detail12batched_topk35device_segmented_topk_filter_kernelINS2_26policy_selector_from_typesIlNS0_8NullTypeElLl8388608EEELNS1_4topk6selectE0EN4cuda3__417constant_iteratorIPKllEENSB_IPllEEPPS5_SI_NS1_6params13uniform_paramIlLl0ELl268435456EEENSK_IlLl1ELl8388608EEENSK_IlLl1ELl1EEESF_jPyNS1_21identity_decomposer_tEjjEEvT1_T2_T3_T4_T5_T6_T7_T8_PKT9_PNS7_7counterINS9_3std3__415iterator_traitsINS14_ISQ_vE10value_typeEvE10value_typeET12_T13_EEPS19_PS18_PNS14_INS14_ISS_vE10value_typeEvE10value_typeES1E_S1J_S19_S19_T10_iibT11_' for 'sm_100'
ptxas info    : Function properties for _ZN3cub17_V_300500_SM_10006detail12batched_topk35device_segmented_topk_filter_kernelINS2_26policy_selector_from_typesIlNS0_8NullTypeElLl8388608EEELNS1_4topk6selectE0EN4cuda3__417constant_iteratorIPKllEENSB_IPllEEPPS5_SI_NS1_6params13uniform_paramIlLl0ELl268435456EEENSK_IlLl1ELl8388608EEENSK_IlLl1ELl1EEESF_jPyNS1_21identity_decomposer_tEjjEEvT1_T2_T3_T4_T5_T6_T7_T8_PKT9_PNS7_7counterINS9_3std3__415iterator_traitsINS14_ISQ_vE10value_typeEvE10value_typeET12_T13_EEPS19_PS18_PNS14_INS14_ISS_vE10value_typeEvE10value_typeES1E_S1J_S19_S19_T10_iibT11_
    0 bytes stack frame, 0 bytes spill stores, 0 bytes spill loads
ptxas info    : Used 32 registers, used 1 barriers, 8196 bytes smem
ptxas info    : Compile time = 19.737 ms
ptxas info    : Compiling entry function '_ZN3cub17_V_300500_SM_10006detail12batched_topk47device_segmented_topk_finalize_histogram_kernelINS2_26policy_selector_from_typesIlNS0_8NullTypeElLl8388608EEEN4cuda3__417constant_iteratorIPKllEENS1_6params13uniform_paramIlLl0ELl268435456EEENSE_IlLl1ELl8388608EEENSE_IlLl1ELl1EEEPlPyNS1_4topk16extract_bin_op_tIlLNSK_6selectE0ELi11ENS1_21identity_decomposer_tELb1EEEjjlEEvT0_T1_T2_T3_T4_PNSK_7counterIT9_T7_T8_EEPSW_T5_T6_ib' for 'sm_100'
ptxas info    : Function properties for _ZN3cub17_V_300500_SM_10006detail12batched_topk47device_segmented_topk_finalize_histogram_kernelINS2_26policy_selector_from_typesIlNS0_8NullTypeElLl8388608EEEN4cuda3__417constant_iteratorIPKllEENS1_6params13uniform_paramIlLl0ELl268435456EEENSE_IlLl1ELl8388608EEENSE_IlLl1ELl1EEEPlPyNS1_4topk16extract_bin_op_tIlLNSK_6selectE0ELi11ENS1_21identity_decomposer_tELb1EEEjjlEEvT0_T1_T2_T3_T4_PNSK_7counterIT9_T7_T8_EEPSW_T5_T6_ib
    0 bytes stack frame, 0 bytes spill stores, 0 bytes spill loads
ptxas info    : Used 40 registers, used 1 barriers, 8192 bytes smem
ptxas info    : Compile time = 9.173 ms
ptxas info    : Compiling entry function '_ZN3cub17_V_300500_SM_10006detail12batched_topk38device_segmented_topk_histogram_kernelINS2_26policy_selector_from_typesIlNS0_8NullTypeElLl8388608EEEN4cuda3__417constant_iteratorIPKllEENS1_6params13uniform_paramIlLl0ELl268435456EEENSE_IlLl1ELl8388608EEENSE_IlLl1ELl1EEEPljPyNS1_4topk16extract_bin_op_tIlLNSK_6selectE0ELi11ENS1_21identity_decomposer_tELb1EEEjjjEEvT0_T1_T2_T3_T4_PKT5_PNSK_7counterINS7_3std3__415iterator_traitsINS10_ISP_vE10value_typeEvE10value_typeET8_T9_EEPS15_T6_T7_' for 'sm_100'
ptxas info    : Function properties for _ZN3cub17_V_300500_SM_10006detail12batched_topk38device_segmented_topk_histogram_kernelINS2_26policy_selector_from_typesIlNS0_8NullTypeElLl8388608EEEN4cuda3__417constant_iteratorIPKllEENS1_6params13uniform_paramIlLl0ELl268435456EEENSE_IlLl1ELl8388608EEENSE_IlLl1ELl1EEEPljPyNS1_4topk16extract_bin_op_tIlLNSK_6selectE0ELi11ENS1_21identity_decomposer_tELb1EEEjjjEEvT0_T1_T2_T3_T4_PKT5_PNSK_7counterINS7_3std3__415iterator_traitsINS10_ISP_vE10value_typeEvE10value_typeET8_T9_EEPS15_T6_T7_
    0 bytes stack frame, 0 bytes spill stores, 0 bytes spill loads
ptxas info    : Used 30 registers, used 1 barriers, 8240 bytes smem
ptxas info    : Compile time = 19.093 ms
ptxas info    : Compiling entry function '_ZN3cub17_V_300500_SM_10006detail12batched_topk28device_segmented_topk_kernelINS2_26policy_selector_from_typesIlNS0_8NullTypeElLl8388608EEEN4cuda3__417constant_iteratorIPKllEENS9_IPllEEPPS5_SG_NS1_6params13uniform_paramIlLl0ELl268435456EEENSI_IlLl1ELl8388608EEENSH_22uniform_discrete_paramINS1_4topk6selectEJLSN_1EEEENSI_IlLl1ELl1EEEjEEvT0_T1_T2_T3_T4_T5_T6_T7_PNS2_21batched_topk_countersINSX_10value_typeEEEPSZ_PT8_' for 'sm_100'
ptxas info    : Function properties for _ZN3cub17_V_300500_SM_10006detail12batched_topk28device_segmented_topk_kernelINS2_26policy_selector_from_typesIlNS0_8NullTypeElLl8388608EEEN4cuda3__417constant_iteratorIPKllEENS9_IPllEEPPS5_SG_NS1_6params13uniform_paramIlLl0ELl268435456EEENSI_IlLl1ELl8388608EEENSH_22uniform_discrete_paramINS1_4topk6selectEJLSN_1EEEENSI_IlLl1ELl1EEEjEEvT0_T1_T2_T3_T4_T5_T6_T7_PNS2_21batched_topk_countersINSX_10value_typeEEEPSZ_PT8_
    0 bytes stack frame, 0 bytes spill stores, 0 bytes spill loads
ptxas info    : Used 128 registers, used 1 barriers, 33808 bytes smem
ptxas info    : Compile time = 48.288 ms
ptxas info    : Compiling entry function '_ZN3cub17_V_300500_SM_10006detail12batched_topk44device_segmented_topk_finalize_filter_kernelINS2_26policy_selector_from_typesIiNS0_8NullTypeElLl8388608EEELNS1_4topk6selectE1EN4cuda3__417constant_iteratorIPKilEENSB_IPilEEPPS5_SI_NS1_6params13uniform_paramIlLl0ELl268435456EEENSK_IlLl1ELl8388608EEENSK_IlLl1ELl1EEEPljPyNS1_21identity_decomposer_tEjjiEEvT1_T2_T3_T4_T5_T6_T7_T8_PKT9_PNS7_7counterIT14_T12_T13_EEPS14_PS13_PNS9_3std3__415iterator_traitsINS1C_IST_vE10value_typeEvE10value_typeES19_S1H_T10_S14_S14_iiT11_b' for 'sm_100'
ptxas info    : Function properties for _ZN3cub17_V_300500_SM_10006detail12batched_topk44device_segmented_topk_finalize_filter_kernelINS2_26policy_selector_from_typesIiNS0_8NullTypeElLl8388608EEELNS1_4topk6selectE1EN4cuda3__417constant_iteratorIPKilEENSB_IPilEEPPS5_SI_NS1_6params13uniform_paramIlLl0ELl268435456EEENSK_IlLl1ELl8388608EEENSK_IlLl1ELl1EEEPljPyNS1_21identity_decomposer_tEjjiEEvT1_T2_T3_T4_T5_T6_T7_T8_PKT9_PNS7_7counterIT14_T12_T13_EEPS14_PS13_PNS9_3std3__415iterator_traitsINS1C_IST_vE10value_typeEvE10value_typeES19_S1H_T10_S14_S14_iiT11_b
    0 bytes stack frame, 0 bytes spill stores, 0 bytes spill loads
ptxas info    : Used 48 registers, used 1 barriers, 8208 bytes smem
ptxas info    : Compile time = 22.711 ms
ptxas info    : Compiling entry function '_ZN3cub17_V_300500_SM_10006detail12batched_topk40device_segmented_topk_last_filter_kernelINS2_26policy_selector_from_typesIiNS0_8NullTypeElLl8388608EEELNS1_4topk6selectE1EN4cuda3__417constant_iteratorIPKilEENSB_IPilEEPPS5_SI_NS1_6params13uniform_paramIlLl0ELl268435456EEENSK_IlLl1ELl8388608EEENSK_IlLl1ELl1EEEPljPyNS1_21identity_decomposer_tEjjEEvT1_T2_T3_T4_T5_T6_T7_T8_PKT9_PNS7_7counterINS9_3std3__415iterator_traitsINS15_ISR_vE10value_typeEvE10value_typeET12_T13_EEPS19_PNS15_INS15_IST_vE10value_typeEvE10value_typeES1A_T10_iiT11_' for 'sm_100'
ptxas info    : Function properties for _ZN3cub17_V_300500_SM_10006detail12batched_topk40device_segmented_topk_last_filter_kernelINS2_26policy_selector_from_typesIiNS0_8NullTypeElLl8388608EEELNS1_4topk6selectE1EN4cuda3__417constant_iteratorIPKilEENSB_IPilEEPPS5_SI_NS1_6params13uniform_paramIlLl0ELl268435456EEENSK_IlLl1ELl8388608EEENSK_IlLl1ELl1EEEPljPyNS1_21identity_decomposer_tEjjEEvT1_T2_T3_T4_T5_T6_T7_T8_PKT9_PNS7_7counterINS9_3std3__415iterator_traitsINS15_ISR_vE10value_typeEvE10value_typeET12_T13_EEPS19_PNS15_INS15_IST_vE10value_typeEvE10value_typeES1A_T10_iiT11_
    0 bytes stack frame, 0 bytes spill stores, 0 bytes spill loads
ptxas info    : Used 32 registers, used 0 barriers
ptxas info    : Compile time = 25.376 ms
ptxas info    : Compiling entry function '_ZN3cub17_V_300500_SM_10006detail12batched_topk35device_segmented_topk_filter_kernelINS2_26policy_selector_from_typesIiNS0_8NullTypeElLl8388608EEELNS1_4topk6selectE1EN4cuda3__417constant_iteratorIPKilEENSB_IPilEEPPS5_SI_NS1_6params13uniform_paramIlLl0ELl268435456EEENSK_IlLl1ELl8388608EEENSK_IlLl1ELl1EEEPljPyNS1_21identity_decomposer_tEjjEEvT1_T2_T3_T4_T5_T6_T7_T8_PKT9_PNS7_7counterINS9_3std3__415iterator_traitsINS15_ISR_vE10value_typeEvE10value_typeET12_T13_EEPS1A_PS19_PNS15_INS15_IST_vE10value_typeEvE10value_typeES1F_S1K_S1A_S1A_T10_iibT11_' for 'sm_100'
ptxas info    : Function properties for _ZN3cub17_V_300500_SM_10006detail12batched_topk35device_segmented_topk_filter_kernelINS2_26policy_selector_from_typesIiNS0_8NullTypeElLl8388608EEELNS1_4topk6selectE1EN4cuda3__417constant_iteratorIPKilEENSB_IPilEEPPS5_SI_NS1_6params13uniform_paramIlLl0ELl268435456EEENSK_IlLl1ELl8388608EEENSK_IlLl1ELl1EEEPljPyNS1_21identity_decomposer_tEjjEEvT1_T2_T3_T4_T5_T6_T7_T8_PKT9_PNS7_7counterINS9_3std3__415iterator_traitsINS15_ISR_vE10value_typeEvE10value_typeET12_T13_EEPS1A_PS19_PNS15_INS15_IST_vE10value_typeEvE10value_typeES1F_S1K_S1A_S1A_T10_iibT11_
    0 bytes stack frame, 0 bytes spill stores, 0 bytes spill loads
ptxas info    : Used 32 registers, used 1 barriers, 8196 bytes smem
ptxas info    : Compile time = 22.778 ms
ptxas info    : Compiling entry function '_ZN3cub17_V_300500_SM_10006detail12batched_topk47device_segmented_topk_finalize_histogram_kernelINS2_26policy_selector_from_typesIiNS0_8NullTypeElLl8388608EEEN4cuda3__417constant_iteratorIPKilEENS1_6params13uniform_paramIlLl0ELl268435456EEENSE_IlLl1ELl8388608EEENSE_IlLl1ELl1EEEPlPyNS1_4topk16extract_bin_op_tIiLNSK_6selectE1ELi11ENS1_21identity_decomposer_tELb1EEEjjiEEvT0_T1_T2_T3_T4_PNSK_7counterIT9_T7_T8_EEPSW_T5_T6_ib' for 'sm_100'
ptxas info    : Function properties for _ZN3cub17_V_300500_SM_10006detail12batched_topk47device_segmented_topk_finalize_histogram_kernelINS2_26policy_selector_from_typesIiNS0_8NullTypeElLl8388608EEEN4cuda3__417constant_iteratorIPKilEENS1_6params13uniform_paramIlLl0ELl268435456EEENSE_IlLl1ELl8388608EEENSE_IlLl1ELl1EEEPlPyNS1_4topk16extract_bin_op_tIiLNSK_6selectE1ELi11ENS1_21identity_decomposer_tELb1EEEjjiEEvT0_T1_T2_T3_T4_PNSK_7counterIT9_T7_T8_EEPSW_T5_T6_ib
    0 bytes stack frame, 0 bytes spill stores, 0 bytes spill loads
ptxas info    : Used 40 registers, used 1 barriers, 8192 bytes smem
ptxas info    : Compile time = 9.427 ms
ptxas info    : Compiling entry function '_ZN3cub17_V_300500_SM_10006detail12batched_topk38device_segmented_topk_histogram_kernelINS2_26policy_selector_from_typesIiNS0_8NullTypeElLl8388608EEEN4cuda3__417constant_iteratorIPKilEENS1_6params13uniform_paramIlLl0ELl268435456EEENSE_IlLl1ELl8388608EEENSE_IlLl1ELl1EEEPljPyNS1_4topk16extract_bin_op_tIiLNSK_6selectE1ELi11ENS1_21identity_decomposer_tELb1EEEjjjEEvT0_T1_T2_T3_T4_PKT5_PNSK_7counterINS7_3std3__415iterator_traitsINS10_ISP_vE10value_typeEvE10value_typeET8_T9_EEPS15_T6_T7_' for 'sm_100'
ptxas info    : Function properties for _ZN3cub17_V_300500_SM_10006detail12batched_topk38device_segmented_topk_histogram_kernelINS2_26policy_selector_from_typesIiNS0_8NullTypeElLl8388608EEEN4cuda3__417constant_iteratorIPKilEENS1_6params13uniform_paramIlLl0ELl268435456EEENSE_IlLl1ELl8388608EEENSE_IlLl1ELl1EEEPljPyNS1_4topk16extract_bin_op_tIiLNSK_6selectE1ELi11ENS1_21identity_decomposer_tELb1EEEjjjEEvT0_T1_T2_T3_T4_PKT5_PNSK_7counterINS7_3std3__415iterator_traitsINS10_ISP_vE10value_typeEvE10value_typeET8_T9_EEPS15_T6_T7_
    0 bytes stack frame, 0 bytes spill stores, 0 bytes spill loads
ptxas info    : Used 30 registers, used 1 barriers, 8240 bytes smem
ptxas info    : Compile time = 23.759 ms
ptxas info    : Compiling entry function '_ZN3cub17_V_300500_SM_10006detail12batched_topk44device_segmented_topk_finalize_filter_kernelINS2_26policy_selector_from_typesIiNS0_8NullTypeElLl8388608EEELNS1_4topk6selectE0EN4cuda3__417constant_iteratorIPKilEENSB_IPilEEPPS5_SI_NS1_6params13uniform_paramIlLl0ELl268435456EEENSK_IlLl1ELl8388608EEENSK_IlLl1ELl1EEEPljPyNS1_21identity_decomposer_tEjjiEEvT1_T2_T3_T4_T5_T6_T7_T8_PKT9_PNS7_7counterIT14_T12_T13_EEPS14_PS13_PNS9_3std3__415iterator_traitsINS1C_IST_vE10value_typeEvE10value_typeES19_S1H_T10_S14_S14_iiT11_b' for 'sm_100'
ptxas info    : Function properties for _ZN3cub17_V_300500_SM_10006detail12batched_topk44device_segmented_topk_finalize_filter_kernelINS2_26policy_selector_from_typesIiNS0_8NullTypeElLl8388608EEELNS1_4topk6selectE0EN4cuda3__417constant_iteratorIPKilEENSB_IPilEEPPS5_SI_NS1_6params13uniform_paramIlLl0ELl268435456EEENSK_IlLl1ELl8388608EEENSK_IlLl1ELl1EEEPljPyNS1_21identity_decomposer_tEjjiEEvT1_T2_T3_T4_T5_T6_T7_T8_PKT9_PNS7_7counterIT14_T12_T13_EEPS14_PS13_PNS9_3std3__415iterator_traitsINS1C_IST_vE10value_typeEvE10value_typeES19_S1H_T10_S14_S14_iiT11_b
    0 bytes stack frame, 0 bytes spill stores, 0 bytes spill loads
ptxas info    : Used 48 registers, used 1 barriers, 8208 bytes smem
ptxas info    : Compile time = 22.723 ms
ptxas info    : Compiling entry function '_ZN3cub17_V_300500_SM_10006detail12batched_topk40device_segmented_topk_last_filter_kernelINS2_26policy_selector_from_typesIiNS0_8NullTypeElLl8388608EEELNS1_4topk6selectE0EN4cuda3__417constant_iteratorIPKilEENSB_IPilEEPPS5_SI_NS1_6params13uniform_paramIlLl0ELl268435456EEENSK_IlLl1ELl8388608EEENSK_IlLl1ELl1EEEPljPyNS1_21identity_decomposer_tEjjEEvT1_T2_T3_T4_T5_T6_T7_T8_PKT9_PNS7_7counterINS9_3std3__415iterator_traitsINS15_ISR_vE10value_typeEvE10value_typeET12_T13_EEPS19_PNS15_INS15_IST_vE10value_typeEvE10value_typeES1A_T10_iiT11_' for 'sm_100'
ptxas info    : Function properties for _ZN3cub17_V_300500_SM_10006detail12batched_topk40device_segmented_topk_last_filter_kernelINS2_26policy_selector_from_typesIiNS0_8NullTypeElLl8388608EEELNS1_4topk6selectE0EN4cuda3__417constant_iteratorIPKilEENSB_IPilEEPPS5_SI_NS1_6params13uniform_paramIlLl0ELl268435456EEENSK_IlLl1ELl8388608EEENSK_IlLl1ELl1EEEPljPyNS1_21identity_decomposer_tEjjEEvT1_T2_T3_T4_T5_T6_T7_T8_PKT9_PNS7_7counterINS9_3std3__415iterator_traitsINS15_ISR_vE10value_typeEvE10value_typeET12_T13_EEPS19_PNS15_INS15_IST_vE10value_typeEvE10value_typeES1A_T10_iiT11_
    0 bytes stack frame, 0 bytes spill stores, 0 bytes spill loads
ptxas info    : Used 32 registers, used 0 barriers
ptxas info    : Compile time = 25.366 ms
ptxas info    : Compiling entry function '_ZN3cub17_V_300500_SM_10006detail12batched_topk35device_segmented_topk_filter_kernelINS2_26policy_selector_from_typesIiNS0_8NullTypeElLl8388608EEELNS1_4topk6selectE0EN4cuda3__417constant_iteratorIPKilEENSB_IPilEEPPS5_SI_NS1_6params13uniform_paramIlLl0ELl268435456EEENSK_IlLl1ELl8388608EEENSK_IlLl1ELl1EEEPljPyNS1_21identity_decomposer_tEjjEEvT1_T2_T3_T4_T5_T6_T7_T8_PKT9_PNS7_7counterINS9_3std3__415iterator_traitsINS15_ISR_vE10value_typeEvE10value_typeET12_T13_EEPS1A_PS19_PNS15_INS15_IST_vE10value_typeEvE10value_typeES1F_S1K_S1A_S1A_T10_iibT11_' for 'sm_100'
ptxas info    : Function properties for _ZN3cub17_V_300500_SM_10006detail12batched_topk35device_segmented_topk_filter_kernelINS2_26policy_selector_from_typesIiNS0_8NullTypeElLl8388608EEELNS1_4topk6selectE0EN4cuda3__417constant_iteratorIPKilEENSB_IPilEEPPS5_SI_NS1_6params13uniform_paramIlLl0ELl268435456EEENSK_IlLl1ELl8388608EEENSK_IlLl1ELl1EEEPljPyNS1_21identity_decomposer_tEjjEEvT1_T2_T3_T4_T5_T6_T7_T8_PKT9_PNS7_7counterINS9_3std3__415iterator_traitsINS15_ISR_vE10value_typeEvE10value_typeET12_T13_EEPS1A_PS19_PNS15_INS15_IST_vE10value_typeEvE10value_typeES1F_S1K_S1A_S1A_T10_iibT11_
    0 bytes stack frame, 0 bytes spill stores, 0 bytes spill loads
ptxas info    : Used 32 registers, used 1 barriers, 8196 bytes smem
ptxas info    : Compile time = 22.806 ms
ptxas info    : Compiling entry function '_ZN3cub17_V_300500_SM_10006detail12batched_topk47device_segmented_topk_finalize_histogram_kernelINS2_26policy_selector_from_typesIiNS0_8NullTypeElLl8388608EEEN4cuda3__417constant_iteratorIPKilEENS1_6params13uniform_paramIlLl0ELl268435456EEENSE_IlLl1ELl8388608EEENSE_IlLl1ELl1EEEPlPyNS1_4topk16extract_bin_op_tIiLNSK_6selectE0ELi11ENS1_21identity_decomposer_tELb1EEEjjiEEvT0_T1_T2_T3_T4_PNSK_7counterIT9_T7_T8_EEPSW_T5_T6_ib' for 'sm_100'
ptxas info    : Function properties for _ZN3cub17_V_300500_SM_10006detail12batched_topk47device_segmented_topk_finalize_histogram_kernelINS2_26policy_selector_from_typesIiNS0_8NullTypeElLl8388608EEEN4cuda3__417constant_iteratorIPKilEENS1_6params13uniform_paramIlLl0ELl268435456EEENSE_IlLl1ELl8388608EEENSE_IlLl1ELl1EEEPlPyNS1_4topk16extract_bin_op_tIiLNSK_6selectE0ELi11ENS1_21identity_decomposer_tELb1EEEjjiEEvT0_T1_T2_T3_T4_PNSK_7counterIT9_T7_T8_EEPSW_T5_T6_ib
    0 bytes stack frame, 0 bytes spill stores, 0 bytes spill loads
ptxas info    : Used 40 registers, used 1 barriers, 8192 bytes smem
ptxas info    : Compile time = 9.411 ms
ptxas info    : Compiling entry function '_ZN3cub17_V_300500_SM_10006detail12batched_topk38device_segmented_topk_histogram_kernelINS2_26policy_selector_from_typesIiNS0_8NullTypeElLl8388608EEEN4cuda3__417constant_iteratorIPKilEENS1_6params13uniform_paramIlLl0ELl268435456EEENSE_IlLl1ELl8388608EEENSE_IlLl1ELl1EEEPljPyNS1_4topk16extract_bin_op_tIiLNSK_6selectE0ELi11ENS1_21identity_decomposer_tELb1EEEjjjEEvT0_T1_T2_T3_T4_PKT5_PNSK_7counterINS7_3std3__415iterator_traitsINS10_ISP_vE10value_typeEvE10value_typeET8_T9_EEPS15_T6_T7_' for 'sm_100'
ptxas info    : Function properties for _ZN3cub17_V_300500_SM_10006detail12batched_topk38device_segmented_topk_histogram_kernelINS2_26policy_selector_from_typesIiNS0_8NullTypeElLl8388608EEEN4cuda3__417constant_iteratorIPKilEENS1_6params13uniform_paramIlLl0ELl268435456EEENSE_IlLl1ELl8388608EEENSE_IlLl1ELl1EEEPljPyNS1_4topk16extract_bin_op_tIiLNSK_6selectE0ELi11ENS1_21identity_decomposer_tELb1EEEjjjEEvT0_T1_T2_T3_T4_PKT5_PNSK_7counterINS7_3std3__415iterator_traitsINS10_ISP_vE10value_typeEvE10value_typeET8_T9_EEPS15_T6_T7_
    0 bytes stack frame, 0 bytes spill stores, 0 bytes spill loads
ptxas info    : Used 30 registers, used 1 barriers, 8240 bytes smem
ptxas info    : Compile time = 23.774 ms
ptxas info    : Compiling entry function '_ZN3cub17_V_300500_SM_10006detail12batched_topk28device_segmented_topk_kernelINS2_26policy_selector_from_typesIiNS0_8NullTypeElLl8388608EEEN4cuda3__417constant_iteratorIPKilEENS9_IPilEEPPS5_SG_NS1_6params13uniform_paramIlLl0ELl268435456EEENSI_IlLl1ELl8388608EEENSH_22uniform_discrete_paramINS1_4topk6selectEJLSN_1EEEENSI_IlLl1ELl1EEEjEEvT0_T1_T2_T3_T4_T5_T6_T7_PNS2_21batched_topk_countersINSX_10value_typeEEEPSZ_PT8_' for 'sm_100'
ptxas info    : Function properties for _ZN3cub17_V_300500_SM_10006detail12batched_topk28device_segmented_topk_kernelINS2_26policy_selector_from_typesIiNS0_8NullTypeElLl8388608EEEN4cuda3__417constant_iteratorIPKilEENS9_IPilEEPPS5_SG_NS1_6params13uniform_paramIlLl0ELl268435456EEENSI_IlLl1ELl8388608EEENSH_22uniform_discrete_paramINS1_4topk6selectEJLSN_1EEEENSI_IlLl1ELl1EEEjEEvT0_T1_T2_T3_T4_T5_T6_T7_PNS2_21batched_topk_countersINSX_10value_typeEEEPSZ_PT8_
    0 bytes stack frame, 0 bytes spill stores, 0 bytes spill loads
ptxas info    : Used 246 registers, used 1 barriers, 33808 bytes smem
ptxas info    : Compile time = 73.395 ms
ptxas info    : Compiling entry function '_ZN3cub17_V_300500_SM_10006detail12batched_topk44device_segmented_topk_finalize_filter_kernelINS2_26policy_selector_from_typesIsNS0_8NullTypeElLl8388608EEELNS1_4topk6selectE1EN4cuda3__417constant_iteratorIPKslEENSB_IPslEEPPS5_SI_NS1_6params13uniform_paramIlLl0ELl268435456EEENSK_IlLl1ELl8388608EEENSK_IlLl1ELl1EEEPljPyNS1_21identity_decomposer_tEjjsEEvT1_T2_T3_T4_T5_T6_T7_T8_PKT9_PNS7_7counterIT14_T12_T13_EEPS14_PS13_PNS9_3std3__415iterator_traitsINS1C_IST_vE10value_typeEvE10value_typeES19_S1H_T10_S14_S14_iiT11_b' for 'sm_100'
ptxas info    : Function properties for _ZN3cub17_V_300500_SM_10006detail12batched_topk44device_segmented_topk_finalize_filter_kernelINS2_26policy_selector_from_typesIsNS0_8NullTypeElLl8388608EEELNS1_4topk6selectE1EN4cuda3__417constant_iteratorIPKslEENSB_IPslEEPPS5_SI_NS1_6params13uniform_paramIlLl0ELl268435456EEENSK_IlLl1ELl8388608EEENSK_IlLl1ELl1EEEPljPyNS1_21identity_decomposer_tEjjsEEvT1_T2_T3_T4_T5_T6_T7_T8_PKT9_PNS7_7counterIT14_T12_T13_EEPS14_PS13_PNS9_3std3__415iterator_traitsINS1C_IST_vE10value_typeEvE10value_typeES19_S1H_T10_S14_S14_iiT11_b
    0 bytes stack frame, 0 bytes spill stores, 0 bytes spill loads
ptxas info    : Used 64 registers, used 1 barriers, 8208 bytes smem
ptxas info    : Compile time = 37.536 ms
ptxas info    : Compiling entry function '_ZN3cub17_V_300500_SM_10006detail12batched_topk40device_segmented_topk_last_filter_kernelINS2_26policy_selector_from_typesIsNS0_8NullTypeElLl8388608EEELNS1_4topk6selectE1EN4cuda3__417constant_iteratorIPKslEENSB_IPslEEPPS5_SI_NS1_6params13uniform_paramIlLl0ELl268435456EEENSK_IlLl1ELl8388608EEENSK_IlLl1ELl1EEEPljPyNS1_21identity_decomposer_tEjjEEvT1_T2_T3_T4_T5_T6_T7_T8_PKT9_PNS7_7counterINS9_3std3__415iterator_traitsINS15_ISR_vE10value_typeEvE10value_typeET12_T13_EEPS19_PNS15_INS15_IST_vE10value_typeEvE10value_typeES1A_T10_iiT11_' for 'sm_100'
ptxas info    : Function properties for _ZN3cub17_V_300500_SM_10006detail12batched_topk40device_segmented_topk_last_filter_kernelINS2_26policy_selector_from_typesIsNS0_8NullTypeElLl8388608EEELNS1_4topk6selectE1EN4cuda3__417constant_iteratorIPKslEENSB_IPslEEPPS5_SI_NS1_6params13uniform_paramIlLl0ELl268435456EEENSK_IlLl1ELl8388608EEENSK_IlLl1ELl1EEEPljPyNS1_21identity_decomposer_tEjjEEvT1_T2_T3_T4_T5_T6_T7_T8_PKT9_PNS7_7counterINS9_3std3__415iterator_traitsINS15_ISR_vE10value_typeEvE10value_typeET12_T13_EEPS19_PNS15_INS15_IST_vE10value_typeEvE10value_typeES1A_T10_iiT11_
    0 bytes stack frame, 0 bytes spill stores, 0 bytes spill loads
ptxas info    : Used 55 registers, used 0 barriers
ptxas info    : Compile time = 35.696 ms
ptxas info    : Compiling entry function '_ZN3cub17_V_300500_SM_10006detail12batched_topk35device_segmented_topk_filter_kernelINS2_26policy_selector_from_typesIsNS0_8NullTypeElLl8388608EEELNS1_4topk6selectE1EN4cuda3__417constant_iteratorIPKslEENSB_IPslEEPPS5_SI_NS1_6params13uniform_paramIlLl0ELl268435456EEENSK_IlLl1ELl8388608EEENSK_IlLl1ELl1EEEPljPyNS1_21identity_decomposer_tEjjEEvT1_T2_T3_T4_T5_T6_T7_T8_PKT9_PNS7_7counterINS9_3std3__415iterator_traitsINS15_ISR_vE10value_typeEvE10value_typeET12_T13_EEPS1A_PS19_PNS15_INS15_IST_vE10value_typeEvE10value_typeES1F_S1K_S1A_S1A_T10_iibT11_' for 'sm_100'
ptxas info    : Function properties for _ZN3cub17_V_300500_SM_10006detail12batched_topk35device_segmented_topk_filter_kernelINS2_26policy_selector_from_typesIsNS0_8NullTypeElLl8388608EEELNS1_4topk6selectE1EN4cuda3__417constant_iteratorIPKslEENSB_IPslEEPPS5_SI_NS1_6params13uniform_paramIlLl0ELl268435456EEENSK_IlLl1ELl8388608EEENSK_IlLl1ELl1EEEPljPyNS1_21identity_decomposer_tEjjEEvT1_T2_T3_T4_T5_T6_T7_T8_PKT9_PNS7_7counterINS9_3std3__415iterator_traitsINS15_ISR_vE10value_typeEvE10value_typeET12_T13_EEPS1A_PS19_PNS15_INS15_IST_vE10value_typeEvE10value_typeES1F_S1K_S1A_S1A_T10_iibT11_
    0 bytes stack frame, 0 bytes spill stores, 0 bytes spill loads
ptxas info    : Used 32 registers, used 1 barriers, 8196 bytes smem
ptxas info    : Compile time = 32.729 ms
ptxas info    : Compiling entry function '_ZN3cub17_V_300500_SM_10006detail12batched_topk47device_segmented_topk_finalize_histogram_kernelINS2_26policy_selector_from_typesIsNS0_8NullTypeElLl8388608EEEN4cuda3__417constant_iteratorIPKslEENS1_6params13uniform_paramIlLl0ELl268435456EEENSE_IlLl1ELl8388608EEENSE_IlLl1ELl1EEEPlPyNS1_4topk16extract_bin_op_tIsLNSK_6selectE1ELi11ENS1_21identity_decomposer_tELb1EEEjjsEEvT0_T1_T2_T3_T4_PNSK_7counterIT9_T7_T8_EEPSW_T5_T6_ib' for 'sm_100'
ptxas info    : Function properties for _ZN3cub17_V_300500_SM_10006detail12batched_topk47device_segmented_topk_finalize_histogram_kernelINS2_26policy_selector_from_typesIsNS0_8NullTypeElLl8388608EEEN4cuda3__417constant_iteratorIPKslEENS1_6params13uniform_paramIlLl0ELl268435456EEENSE_IlLl1ELl8388608EEENSE_IlLl1ELl1EEEPlPyNS1_4topk16extract_bin_op_tIsLNSK_6selectE1ELi11ENS1_21identity_decomposer_tELb1EEEjjsEEvT0_T1_T2_T3_T4_PNSK_7counterIT9_T7_T8_EEPSW_T5_T6_ib
    0 bytes stack frame, 0 bytes spill stores, 0 bytes spill loads
ptxas info    : Used 32 registers, used 1 barriers, 8192 bytes smem
ptxas info    : Compile time = 10.661 ms
ptxas info    : Compiling entry function '_ZN3cub17_V_300500_SM_10006detail12batched_topk38device_segmented_topk_histogram_kernelINS2_26policy_selector_from_typesIsNS0_8NullTypeElLl8388608EEEN4cuda3__417constant_iteratorIPKslEENS1_6params13uniform_paramIlLl0ELl268435456EEENSE_IlLl1ELl8388608EEENSE_IlLl1ELl1EEEPljPyNS1_4topk16extract_bin_op_tIsLNSK_6selectE1ELi11ENS1_21identity_decomposer_tELb1EEEjjjEEvT0_T1_T2_T3_T4_PKT5_PNSK_7counterINS7_3std3__415iterator_traitsINS10_ISP_vE10value_typeEvE10value_typeET8_T9_EEPS15_T6_T7_' for 'sm_100'
ptxas info    : Function properties for _ZN3cub17_V_300500_SM_10006detail12batched_topk38device_segmented_topk_histogram_kernelINS2_26policy_selector_from_typesIsNS0_8NullTypeElLl8388608EEEN4cuda3__417constant_iteratorIPKslEENS1_6params13uniform_paramIlLl0ELl268435456EEENSE_IlLl1ELl8388608EEENSE_IlLl1ELl1EEEPljPyNS1_4topk16extract_bin_op_tIsLNSK_6selectE1ELi11ENS1_21identity_decomposer_tELb1EEEjjjEEvT0_T1_T2_T3_T4_PKT5_PNSK_7counterINS7_3std3__415iterator_traitsINS10_ISP_vE10value_typeEvE10value_typeET8_T9_EEPS15_T6_T7_
    0 bytes stack frame, 0 bytes spill stores, 0 bytes spill loads
ptxas info    : Used 28 registers, used 1 barriers, 8240 bytes smem
ptxas info    : Compile time = 38.405 ms
ptxas info    : Compiling entry function '_ZN3cub17_V_300500_SM_10006detail12batched_topk44device_segmented_topk_finalize_filter_kernelINS2_26policy_selector_from_typesIsNS0_8NullTypeElLl8388608EEELNS1_4topk6selectE0EN4cuda3__417constant_iteratorIPKslEENSB_IPslEEPPS5_SI_NS1_6params13uniform_paramIlLl0ELl268435456EEENSK_IlLl1ELl8388608EEENSK_IlLl1ELl1EEEPljPyNS1_21identity_decomposer_tEjjsEEvT1_T2_T3_T4_T5_T6_T7_T8_PKT9_PNS7_7counterIT14_T12_T13_EEPS14_PS13_PNS9_3std3__415iterator_traitsINS1C_IST_vE10value_typeEvE10value_typeES19_S1H_T10_S14_S14_iiT11_b' for 'sm_100'
ptxas info    : Function properties for _ZN3cub17_V_300500_SM_10006detail12batched_topk44device_segmented_topk_finalize_filter_kernelINS2_26policy_selector_from_typesIsNS0_8NullTypeElLl8388608EEELNS1_4topk6selectE0EN4cuda3__417constant_iteratorIPKslEENSB_IPslEEPPS5_SI_NS1_6params13uniform_paramIlLl0ELl268435456EEENSK_IlLl1ELl8388608EEENSK_IlLl1ELl1EEEPljPyNS1_21identity_decomposer_tEjjsEEvT1_T2_T3_T4_T5_T6_T7_T8_PKT9_PNS7_7counterIT14_T12_T13_EEPS14_PS13_PNS9_3std3__415iterator_traitsINS1C_IST_vE10value_typeEvE10value_typeES19_S1H_T10_S14_S14_iiT11_b
    0 bytes stack frame, 0 bytes spill stores, 0 bytes spill loads
ptxas info    : Used 64 registers, used 1 barriers, 8208 bytes smem
ptxas info    : Compile time = 37.568 ms
ptxas info    : Compiling entry function '_ZN3cub17_V_300500_SM_10006detail12batched_topk40device_segmented_topk_last_filter_kernelINS2_26policy_selector_from_typesIsNS0_8NullTypeElLl8388608EEELNS1_4topk6selectE0EN4cuda3__417constant_iteratorIPKslEENSB_IPslEEPPS5_SI_NS1_6params13uniform_paramIlLl0ELl268435456EEENSK_IlLl1ELl8388608EEENSK_IlLl1ELl1EEEPljPyNS1_21identity_decomposer_tEjjEEvT1_T2_T3_T4_T5_T6_T7_T8_PKT9_PNS7_7counterINS9_3std3__415iterator_traitsINS15_ISR_vE10value_typeEvE10value_typeET12_T13_EEPS19_PNS15_INS15_IST_vE10value_typeEvE10value_typeES1A_T10_iiT11_' for 'sm_100'
ptxas info    : Function properties for _ZN3cub17_V_300500_SM_10006detail12batched_topk40device_segmented_topk_last_filter_kernelINS2_26policy_selector_from_typesIsNS0_8NullTypeElLl8388608EEELNS1_4topk6selectE0EN4cuda3__417constant_iteratorIPKslEENSB_IPslEEPPS5_SI_NS1_6params13uniform_paramIlLl0ELl268435456EEENSK_IlLl1ELl8388608EEENSK_IlLl1ELl1EEEPljPyNS1_21identity_decomposer_tEjjEEvT1_T2_T3_T4_T5_T6_T7_T8_PKT9_PNS7_7counterINS9_3std3__415iterator_traitsINS15_ISR_vE10value_typeEvE10value_typeET12_T13_EEPS19_PNS15_INS15_IST_vE10value_typeEvE10value_typeES1A_T10_iiT11_
    0 bytes stack frame, 0 bytes spill stores, 0 bytes spill loads
ptxas info    : Used 55 registers, used 0 barriers
ptxas info    : Compile time = 35.709 ms
ptxas info    : Compiling entry function '_ZN3cub17_V_300500_SM_10006detail12batched_topk35device_segmented_topk_filter_kernelINS2_26policy_selector_from_typesIsNS0_8NullTypeElLl8388608EEELNS1_4topk6selectE0EN4cuda3__417constant_iteratorIPKslEENSB_IPslEEPPS5_SI_NS1_6params13uniform_paramIlLl0ELl268435456EEENSK_IlLl1ELl8388608EEENSK_IlLl1ELl1EEEPljPyNS1_21identity_decomposer_tEjjEEvT1_T2_T3_T4_T5_T6_T7_T8_PKT9_PNS7_7counterINS9_3std3__415iterator_traitsINS15_ISR_vE10value_typeEvE10value_typeET12_T13_EEPS1A_PS19_PNS15_INS15_IST_vE10value_typeEvE10value_typeES1F_S1K_S1A_S1A_T10_iibT11_' for 'sm_100'
ptxas info    : Function properties for _ZN3cub17_V_300500_SM_10006detail12batched_topk35device_segmented_topk_filter_kernelINS2_26policy_selector_from_typesIsNS0_8NullTypeElLl8388608EEELNS1_4topk6selectE0EN4cuda3__417constant_iteratorIPKslEENSB_IPslEEPPS5_SI_NS1_6params13uniform_paramIlLl0ELl268435456EEENSK_IlLl1ELl8388608EEENSK_IlLl1ELl1EEEPljPyNS1_21identity_decomposer_tEjjEEvT1_T2_T3_T4_T5_T6_T7_T8_PKT9_PNS7_7counterINS9_3std3__415iterator_traitsINS15_ISR_vE10value_typeEvE10value_typeET12_T13_EEPS1A_PS19_PNS15_INS15_IST_vE10value_typeEvE10value_typeES1F_S1K_S1A_S1A_T10_iibT11_
    0 bytes stack frame, 0 bytes spill stores, 0 bytes spill loads
ptxas info    : Used 32 registers, used 1 barriers, 8196 bytes smem
ptxas info    : Compile time = 32.762 ms
ptxas info    : Compiling entry function '_ZN3cub17_V_300500_SM_10006detail12batched_topk47device_segmented_topk_finalize_histogram_kernelINS2_26policy_selector_from_typesIsNS0_8NullTypeElLl8388608EEEN4cuda3__417constant_iteratorIPKslEENS1_6params13uniform_paramIlLl0ELl268435456EEENSE_IlLl1ELl8388608EEENSE_IlLl1ELl1EEEPlPyNS1_4topk16extract_bin_op_tIsLNSK_6selectE0ELi11ENS1_21identity_decomposer_tELb1EEEjjsEEvT0_T1_T2_T3_T4_PNSK_7counterIT9_T7_T8_EEPSW_T5_T6_ib' for 'sm_100'
ptxas info    : Function properties for _ZN3cub17_V_300500_SM_10006detail12batched_topk47device_segmented_topk_finalize_histogram_kernelINS2_26policy_selector_from_typesIsNS0_8NullTypeElLl8388608EEEN4cuda3__417constant_iteratorIPKslEENS1_6params13uniform_paramIlLl0ELl268435456EEENSE_IlLl1ELl8388608EEENSE_IlLl1ELl1EEEPlPyNS1_4topk16extract_bin_op_tIsLNSK_6selectE0ELi11ENS1_21identity_decomposer_tELb1EEEjjsEEvT0_T1_T2_T3_T4_PNSK_7counterIT9_T7_T8_EEPSW_T5_T6_ib
    0 bytes stack frame, 0 bytes spill stores, 0 bytes spill loads
ptxas info    : Used 32 registers, used 1 barriers, 8192 bytes smem
ptxas info    : Compile time = 10.663 ms
ptxas info    : Compiling entry function '_ZN3cub17_V_300500_SM_10006detail12batched_topk38device_segmented_topk_histogram_kernelINS2_26policy_selector_from_typesIsNS0_8NullTypeElLl8388608EEEN4cuda3__417constant_iteratorIPKslEENS1_6params13uniform_paramIlLl0ELl268435456EEENSE_IlLl1ELl8388608EEENSE_IlLl1ELl1EEEPljPyNS1_4topk16extract_bin_op_tIsLNSK_6selectE0ELi11ENS1_21identity_decomposer_tELb1EEEjjjEEvT0_T1_T2_T3_T4_PKT5_PNSK_7counterINS7_3std3__415iterator_traitsINS10_ISP_vE10value_typeEvE10value_typeET8_T9_EEPS15_T6_T7_' for 'sm_100'
ptxas info    : Function properties for _ZN3cub17_V_300500_SM_10006detail12batched_topk38device_segmented_topk_histogram_kernelINS2_26policy_selector_from_typesIsNS0_8NullTypeElLl8388608EEEN4cuda3__417constant_iteratorIPKslEENS1_6params13uniform_paramIlLl0ELl268435456EEENSE_IlLl1ELl8388608EEENSE_IlLl1ELl1EEEPljPyNS1_4topk16extract_bin_op_tIsLNSK_6selectE0ELi11ENS1_21identity_decomposer_tELb1EEEjjjEEvT0_T1_T2_T3_T4_PKT5_PNSK_7counterINS7_3std3__415iterator_traitsINS10_ISP_vE10value_typeEvE10value_typeET8_T9_EEPS15_T6_T7_
    0 bytes stack frame, 0 bytes spill stores, 0 bytes spill loads
ptxas info    : Used 28 registers, used 1 barriers, 8240 bytes smem
ptxas info    : Compile time = 38.477 ms
ptxas info    : Compiling entry function '_ZN3cub17_V_300500_SM_10006detail12batched_topk28device_segmented_topk_kernelINS2_26policy_selector_from_typesIsNS0_8NullTypeElLl8388608EEEN4cuda3__417constant_iteratorIPKslEENS9_IPslEEPPS5_SG_NS1_6params13uniform_paramIlLl0ELl268435456EEENSI_IlLl1ELl8388608EEENSH_22uniform_discrete_paramINS1_4topk6selectEJLSN_1EEEENSI_IlLl1ELl1EEEjEEvT0_T1_T2_T3_T4_T5_T6_T7_PNS2_21batched_topk_countersINSX_10value_typeEEEPSZ_PT8_' for 'sm_100'
ptxas info    : Function properties for _ZN3cub17_V_300500_SM_10006detail12batched_topk28device_segmented_topk_kernelINS2_26policy_selector_from_typesIsNS0_8NullTypeElLl8388608EEEN4cuda3__417constant_iteratorIPKslEENS9_IPslEEPPS5_SG_NS1_6params13uniform_paramIlLl0ELl268435456EEENSI_IlLl1ELl8388608EEENSH_22uniform_discrete_paramINS1_4topk6selectEJLSN_1EEEENSI_IlLl1ELl1EEEjEEvT0_T1_T2_T3_T4_T5_T6_T7_PNS2_21batched_topk_countersINSX_10value_typeEEEPSZ_PT8_
    72 bytes stack frame, 72 bytes spill stores, 72 bytes spill loads
ptxas info    : Used 255 registers, used 1 barriers, 72 bytes cumulative stack size, 33808 bytes smem
ptxas info    : Compile time = 200.349 ms
ptxas info    : Compiling entry function '_ZN3cub17_V_300500_SM_10006detail12batched_topk44device_segmented_topk_finalize_filter_kernelINS2_26policy_selector_from_typesIaNS0_8NullTypeElLl8388608EEELNS1_4topk6selectE1EN4cuda3__417constant_iteratorIPKalEENSB_IPalEEPPS5_SI_NS1_6params13uniform_paramIlLl0ELl268435456EEENSK_IlLl1ELl8388608EEENSK_IlLl1ELl1EEEPljPyNS1_21identity_decomposer_tEjjaEEvT1_T2_T3_T4_T5_T6_T7_T8_PKT9_PNS7_7counterIT14_T12_T13_EEPS14_PS13_PNS9_3std3__415iterator_traitsINS1C_IST_vE10value_typeEvE10value_typeES19_S1H_T10_S14_S14_iiT11_b' for 'sm_100'
ptxas info    : Function properties for _ZN3cub17_V_300500_SM_10006detail12batched_topk44device_segmented_topk_finalize_filter_kernelINS2_26policy_selector_from_typesIaNS0_8NullTypeElLl8388608EEELNS1_4topk6selectE1EN4cuda3__417constant_iteratorIPKalEENSB_IPalEEPPS5_SI_NS1_6params13uniform_paramIlLl0ELl268435456EEENSK_IlLl1ELl8388608EEENSK_IlLl1ELl1EEEPljPyNS1_21identity_decomposer_tEjjaEEvT1_T2_T3_T4_T5_T6_T7_T8_PKT9_PNS7_7counterIT14_T12_T13_EEPS14_PS13_PNS9_3std3__415iterator_traitsINS1C_IST_vE10value_typeEvE10value_typeES19_S1H_T10_S14_S14_iiT11_b
    0 bytes stack frame, 0 bytes spill stores, 0 bytes spill loads
ptxas info    : Used 106 registers, used 1 barriers, 2048 bytes smem
ptxas info    : Compile time = 63.242 ms
ptxas info    : Compiling entry function '_ZN3cub17_V_300500_SM_10006detail12batched_topk40device_segmented_topk_last_filter_kernelINS2_26policy_selector_from_typesIaNS0_8NullTypeElLl8388608EEELNS1_4topk6selectE1EN4cuda3__417constant_iteratorIPKalEENSB_IPalEEPPS5_SI_NS1_6params13uniform_paramIlLl0ELl268435456EEENSK_IlLl1ELl8388608EEENSK_IlLl1ELl1EEEPljPyNS1_21identity_decomposer_tEjjEEvT1_T2_T3_T4_T5_T6_T7_T8_PKT9_PNS7_7counterINS9_3std3__415iterator_traitsINS15_ISR_vE10value_typeEvE10value_typeET12_T13_EEPS19_PNS15_INS15_IST_vE10value_typeEvE10value_typeES1A_T10_iiT11_' for 'sm_100'
ptxas info    : Function properties for _ZN3cub17_V_300500_SM_10006detail12batched_topk40device_segmented_topk_last_filter_kernelINS2_26policy_selector_from_typesIaNS0_8NullTypeElLl8388608EEELNS1_4topk6selectE1EN4cuda3__417constant_iteratorIPKalEENSB_IPalEEPPS5_SI_NS1_6params13uniform_paramIlLl0ELl268435456EEENSK_IlLl1ELl8388608EEENSK_IlLl1ELl1EEEPljPyNS1_21identity_decomposer_tEjjEEvT1_T2_T3_T4_T5_T6_T7_T8_PKT9_PNS7_7counterINS9_3std3__415iterator_traitsINS15_ISR_vE10value_typeEvE10value_typeET12_T13_EEPS19_PNS15_INS15_IST_vE10value_typeEvE10value_typeES1A_T10_iiT11_
    0 bytes stack frame, 0 bytes spill stores, 0 bytes spill loads
ptxas info    : Used 60 registers, used 0 barriers
ptxas info    : Compile time = 65.865 ms
ptxas info    : Compiling entry function '_ZN3cub17_V_300500_SM_10006detail12batched_topk35device_segmented_topk_filter_kernelINS2_26policy_selector_from_typesIaNS0_8NullTypeElLl8388608EEELNS1_4topk6selectE1EN4cuda3__417constant_iteratorIPKalEENSB_IPalEEPPS5_SI_NS1_6params13uniform_paramIlLl0ELl268435456EEENSK_IlLl1ELl8388608EEENSK_IlLl1ELl1EEEPljPyNS1_21identity_decomposer_tEjjEEvT1_T2_T3_T4_T5_T6_T7_T8_PKT9_PNS7_7counterINS9_3std3__415iterator_traitsINS15_ISR_vE10value_typeEvE10value_typeET12_T13_EEPS1A_PS19_PNS15_INS15_IST_vE10value_typeEvE10value_typeES1F_S1K_S1A_S1A_T10_iibT11_' for 'sm_100'
ptxas info    : Function properties for _ZN3cub17_V_300500_SM_10006detail12batched_topk35device_segmented_topk_filter_kernelINS2_26policy_selector_from_typesIaNS0_8NullTypeElLl8388608EEELNS1_4topk6selectE1EN4cuda3__417constant_iteratorIPKalEENSB_IPalEEPPS5_SI_NS1_6params13uniform_paramIlLl0ELl268435456EEENSK_IlLl1ELl8388608EEENSK_IlLl1ELl1EEEPljPyNS1_21identity_decomposer_tEjjEEvT1_T2_T3_T4_T5_T6_T7_T8_PKT9_PNS7_7counterINS9_3std3__415iterator_traitsINS15_ISR_vE10value_typeEvE10value_typeET12_T13_EEPS1A_PS19_PNS15_INS15_IST_vE10value_typeEvE10value_typeES1F_S1K_S1A_S1A_T10_iibT11_
    0 bytes stack frame, 0 bytes spill stores, 0 bytes spill loads
ptxas info    : Used 40 registers, used 1 barriers, 1028 bytes smem
ptxas info    : Compile time = 53.095 ms
ptxas info    : Compiling entry function '_ZN3cub17_V_300500_SM_10006detail12batched_topk47device_segmented_topk_finalize_histogram_kernelINS2_26policy_selector_from_typesIaNS0_8NullTypeElLl8388608EEEN4cuda3__417constant_iteratorIPKalEENS1_6params13uniform_paramIlLl0ELl268435456EEENSE_IlLl1ELl8388608EEENSE_IlLl1ELl1EEEPlPyNS1_4topk16extract_bin_op_tIaLNSK_6selectE1ELi8ENS1_21identity_decomposer_tELb1EEEjjaEEvT0_T1_T2_T3_T4_PNSK_7counterIT9_T7_T8_EEPSW_T5_T6_ib' for 'sm_100'
ptxas info    : Function properties for _ZN3cub17_V_300500_SM_10006detail12batched_topk47device_segmented_topk_finalize_histogram_kernelINS2_26policy_selector_from_typesIaNS0_8NullTypeElLl8388608EEEN4cuda3__417constant_iteratorIPKalEENS1_6params13uniform_paramIlLl0ELl268435456EEENSE_IlLl1ELl8388608EEENSE_IlLl1ELl1EEEPlPyNS1_4topk16extract_bin_op_tIaLNSK_6selectE1ELi8ENS1_21identity_decomposer_tELb1EEEjjaEEvT0_T1_T2_T3_T4_PNSK_7counterIT9_T7_T8_EEPSW_T5_T6_ib
    0 bytes stack frame, 0 bytes spill stores, 0 bytes spill loads
ptxas info    : Used 32 registers, used 1 barriers, 2048 bytes smem
ptxas info    : Compile time = 11.008 ms
ptxas info    : Compiling entry function '_ZN3cub17_V_300500_SM_10006detail12batched_topk38device_segmented_topk_histogram_kernelINS2_26policy_selector_from_typesIaNS0_8NullTypeElLl8388608EEEN4cuda3__417constant_iteratorIPKalEENS1_6params13uniform_paramIlLl0ELl268435456EEENSE_IlLl1ELl8388608EEENSE_IlLl1ELl1EEEPljPyNS1_4topk16extract_bin_op_tIaLNSK_6selectE1ELi8ENS1_21identity_decomposer_tELb1EEEjjjEEvT0_T1_T2_T3_T4_PKT5_PNSK_7counterINS7_3std3__415iterator_traitsINS10_ISP_vE10value_typeEvE10value_typeET8_T9_EEPS15_T6_T7_' for 'sm_100'
ptxas info    : Function properties for _ZN3cub17_V_300500_SM_10006detail12batched_topk38device_segmented_topk_histogram_kernelINS2_26policy_selector_from_typesIaNS0_8NullTypeElLl8388608EEEN4cuda3__417constant_iteratorIPKalEENS1_6params13uniform_paramIlLl0ELl268435456EEENSE_IlLl1ELl8388608EEENSE_IlLl1ELl1EEEPljPyNS1_4topk16extract_bin_op_tIaLNSK_6selectE1ELi8ENS1_21identity_decomposer_tELb1EEEjjjEEvT0_T1_T2_T3_T4_PKT5_PNSK_7counterINS7_3std3__415iterator_traitsINS10_ISP_vE10value_typeEvE10value_typeET8_T9_EEPS15_T6_T7_
    0 bytes stack frame, 0 bytes spill stores, 0 bytes spill loads
ptxas info    : Used 26 registers, used 1 barriers, 1072 bytes smem
ptxas info    : Compile time = 66.668 ms
ptxas info    : Compiling entry function '_ZN3cub17_V_300500_SM_10006detail12batched_topk44device_segmented_topk_finalize_filter_kernelINS2_26policy_selector_from_typesIaNS0_8NullTypeElLl8388608EEELNS1_4topk6selectE0EN4cuda3__417constant_iteratorIPKalEENSB_IPalEEPPS5_SI_NS1_6params13uniform_paramIlLl0ELl268435456EEENSK_IlLl1ELl8388608EEENSK_IlLl1ELl1EEEPljPyNS1_21identity_decomposer_tEjjaEEvT1_T2_T3_T4_T5_T6_T7_T8_PKT9_PNS7_7counterIT14_T12_T13_EEPS14_PS13_PNS9_3std3__415iterator_traitsINS1C_IST_vE10value_typeEvE10value_typeES19_S1H_T10_S14_S14_iiT11_b' for 'sm_100'
ptxas info    : Function properties for _ZN3cub17_V_300500_SM_10006detail12batched_topk44device_segmented_topk_finalize_filter_kernelINS2_26policy_selector_from_typesIaNS0_8NullTypeElLl8388608EEELNS1_4topk6selectE0EN4cuda3__417constant_iteratorIPKalEENSB_IPalEEPPS5_SI_NS1_6params13uniform_paramIlLl0ELl268435456EEENSK_IlLl1ELl8388608EEENSK_IlLl1ELl1EEEPljPyNS1_21identity_decomposer_tEjjaEEvT1_T2_T3_T4_T5_T6_T7_T8_PKT9_PNS7_7counterIT14_T12_T13_EEPS14_PS13_PNS9_3std3__415iterator_traitsINS1C_IST_vE10value_typeEvE10value_typeES19_S1H_T10_S14_S14_iiT11_b
    0 bytes stack frame, 0 bytes spill stores, 0 bytes spill loads
ptxas info    : Used 106 registers, used 1 barriers, 2048 bytes smem
ptxas info    : Compile time = 63.131 ms
ptxas info    : Compiling entry function '_ZN3cub17_V_300500_SM_10006detail12batched_topk40device_segmented_topk_last_filter_kernelINS2_26policy_selector_from_typesIaNS0_8NullTypeElLl8388608EEELNS1_4topk6selectE0EN4cuda3__417constant_iteratorIPKalEENSB_IPalEEPPS5_SI_NS1_6params13uniform_paramIlLl0ELl268435456EEENSK_IlLl1ELl8388608EEENSK_IlLl1ELl1EEEPljPyNS1_21identity_decomposer_tEjjEEvT1_T2_T3_T4_T5_T6_T7_T8_PKT9_PNS7_7counterINS9_3std3__415iterator_traitsINS15_ISR_vE10value_typeEvE10value_typeET12_T13_EEPS19_PNS15_INS15_IST_vE10value_typeEvE10value_typeES1A_T10_iiT11_' for 'sm_100'
ptxas info    : Function properties for _ZN3cub17_V_300500_SM_10006detail12batched_topk40device_segmented_topk_last_filter_kernelINS2_26policy_selector_from_typesIaNS0_8NullTypeElLl8388608EEELNS1_4topk6selectE0EN4cuda3__417constant_iteratorIPKalEENSB_IPalEEPPS5_SI_NS1_6params13uniform_paramIlLl0ELl268435456EEENSK_IlLl1ELl8388608EEENSK_IlLl1ELl1EEEPljPyNS1_21identity_decomposer_tEjjEEvT1_T2_T3_T4_T5_T6_T7_T8_PKT9_PNS7_7counterINS9_3std3__415iterator_traitsINS15_ISR_vE10value_typeEvE10value_typeET12_T13_EEPS19_PNS15_INS15_IST_vE10value_typeEvE10value_typeES1A_T10_iiT11_
    0 bytes stack frame, 0 bytes spill stores, 0 bytes spill loads
ptxas info    : Used 60 registers, used 0 barriers
ptxas info    : Compile time = 66.110 ms
ptxas info    : Compiling entry function '_ZN3cub17_V_300500_SM_10006detail12batched_topk35device_segmented_topk_filter_kernelINS2_26policy_selector_from_typesIaNS0_8NullTypeElLl8388608EEELNS1_4topk6selectE0EN4cuda3__417constant_iteratorIPKalEENSB_IPalEEPPS5_SI_NS1_6params13uniform_paramIlLl0ELl268435456EEENSK_IlLl1ELl8388608EEENSK_IlLl1ELl1EEEPljPyNS1_21identity_decomposer_tEjjEEvT1_T2_T3_T4_T5_T6_T7_T8_PKT9_PNS7_7counterINS9_3std3__415iterator_traitsINS15_ISR_vE10value_typeEvE10value_typeET12_T13_EEPS1A_PS19_PNS15_INS15_IST_vE10value_typeEvE10value_typeES1F_S1K_S1A_S1A_T10_iibT11_' for 'sm_100'
ptxas info    : Function properties for _ZN3cub17_V_300500_SM_10006detail12batched_topk35device_segmented_topk_filter_kernelINS2_26policy_selector_from_typesIaNS0_8NullTypeElLl8388608EEELNS1_4topk6selectE0EN4cuda3__417constant_iteratorIPKalEENSB_IPalEEPPS5_SI_NS1_6params13uniform_paramIlLl0ELl268435456EEENSK_IlLl1ELl8388608EEENSK_IlLl1ELl1EEEPljPyNS1_21identity_decomposer_tEjjEEvT1_T2_T3_T4_T5_T6_T7_T8_PKT9_PNS7_7counterINS9_3std3__415iterator_traitsINS15_ISR_vE10value_typeEvE10value_typeET12_T13_EEPS1A_PS19_PNS15_INS15_IST_vE10value_typeEvE10value_typeES1F_S1K_S1A_S1A_T10_iibT11_
    0 bytes stack frame, 0 bytes spill stores, 0 bytes spill loads
ptxas info    : Used 40 registers, used 1 barriers, 1028 bytes smem
ptxas info    : Compile time = 53.114 ms
ptxas info    : Compiling entry function '_ZN3cub17_V_300500_SM_10006detail12batched_topk47device_segmented_topk_finalize_histogram_kernelINS2_26policy_selector_from_typesIaNS0_8NullTypeElLl8388608EEEN4cuda3__417constant_iteratorIPKalEENS1_6params13uniform_paramIlLl0ELl268435456EEENSE_IlLl1ELl8388608EEENSE_IlLl1ELl1EEEPlPyNS1_4topk16extract_bin_op_tIaLNSK_6selectE0ELi8ENS1_21identity_decomposer_tELb1EEEjjaEEvT0_T1_T2_T3_T4_PNSK_7counterIT9_T7_T8_EEPSW_T5_T6_ib' for 'sm_100'
ptxas info    : Function properties for _ZN3cub17_V_300500_SM_10006detail12batched_topk47device_segmented_topk_finalize_histogram_kernelINS2_26policy_selector_from_typesIaNS0_8NullTypeElLl8388608EEEN4cuda3__417constant_iteratorIPKalEENS1_6params13uniform_paramIlLl0ELl268435456EEENSE_IlLl1ELl8388608EEENSE_IlLl1ELl1EEEPlPyNS1_4topk16extract_bin_op_tIaLNSK_6selectE0ELi8ENS1_21identity_decomposer_tELb1EEEjjaEEvT0_T1_T2_T3_T4_PNSK_7counterIT9_T7_T8_EEPSW_T5_T6_ib
    0 bytes stack frame, 0 bytes spill stores, 0 bytes spill loads
ptxas info    : Used 32 registers, used 1 barriers, 2048 bytes smem
ptxas info    : Compile time = 11.003 ms
ptxas info    : Compiling entry function '_ZN3cub17_V_300500_SM_10006detail12batched_topk38device_segmented_topk_histogram_kernelINS2_26policy_selector_from_typesIaNS0_8NullTypeElLl8388608EEEN4cuda3__417constant_iteratorIPKalEENS1_6params13uniform_paramIlLl0ELl268435456EEENSE_IlLl1ELl8388608EEENSE_IlLl1ELl1EEEPljPyNS1_4topk16extract_bin_op_tIaLNSK_6selectE0ELi8ENS1_21identity_decomposer_tELb1EEEjjjEEvT0_T1_T2_T3_T4_PKT5_PNSK_7counterINS7_3std3__415iterator_traitsINS10_ISP_vE10value_typeEvE10value_typeET8_T9_EEPS15_T6_T7_' for 'sm_100'
ptxas info    : Function properties for _ZN3cub17_V_300500_SM_10006detail12batched_topk38device_segmented_topk_histogram_kernelINS2_26policy_selector_from_typesIaNS0_8NullTypeElLl8388608EEEN4cuda3__417constant_iteratorIPKalEENS1_6params13uniform_paramIlLl0ELl268435456EEENSE_IlLl1ELl8388608EEENSE_IlLl1ELl1EEEPljPyNS1_4topk16extract_bin_op_tIaLNSK_6selectE0ELi8ENS1_21identity_decomposer_tELb1EEEjjjEEvT0_T1_T2_T3_T4_PKT5_PNSK_7counterINS7_3std3__415iterator_traitsINS10_ISP_vE10value_typeEvE10value_typeET8_T9_EEPS15_T6_T7_
    0 bytes stack frame, 0 bytes spill stores, 0 bytes spill loads
ptxas info    : Used 26 registers, used 1 barriers, 1072 bytes smem
ptxas info    : Compile time = 67.169 ms
ptxas info    : Compiling entry function '_ZN3cub17_V_300500_SM_10006detail12batched_topk28device_segmented_topk_kernelINS2_26policy_selector_from_typesIaNS0_8NullTypeElLl8388608EEEN4cuda3__417constant_iteratorIPKalEENS9_IPalEEPPS5_SG_NS1_6params13uniform_paramIlLl0ELl268435456EEENSI_IlLl1ELl8388608EEENSH_22uniform_discrete_paramINS1_4topk6selectEJLSN_1EEEENSI_IlLl1ELl1EEEjEEvT0_T1_T2_T3_T4_T5_T6_T7_PNS2_21batched_topk_countersINSX_10value_typeEEEPSZ_PT8_' for 'sm_100'
ptxas info    : Function properties for _ZN3cub17_V_300500_SM_10006detail12batched_topk28device_segmented_topk_kernelINS2_26policy_selector_from_typesIaNS0_8NullTypeElLl8388608EEEN4cuda3__417constant_iteratorIPKalEENS9_IPalEEPPS5_SG_NS1_6params13uniform_paramIlLl0ELl268435456EEENSI_IlLl1ELl8388608EEENSH_22uniform_discrete_paramINS1_4topk6selectEJLSN_1EEEENSI_IlLl1ELl1EEEjEEvT0_T1_T2_T3_T4_T5_T6_T7_PNS2_21batched_topk_countersINSX_10value_typeEEEPSZ_PT8_
    0 bytes stack frame, 0 bytes spill stores, 0 bytes spill loads
ptxas info    : Used 255 registers, used 1 barriers, 33808 bytes smem
ptxas info    : Compile time = 148.492 ms
ptxas info    : Compiling entry function '_ZN3cub17_V_300500_SM_10006detail11EmptyKernelIvEEvv' for 'sm_100'
ptxas info    : Function properties for _ZN3cub17_V_300500_SM_10006detail11EmptyKernelIvEEvv
    0 bytes stack frame, 0 bytes spill stores, 0 bytes spill loads
ptxas info    : Used 4 registers, used 0 barriers
ptxas info    : Compile time = 0.447 ms
[3/5] Linking CUDA executable bin/cub.bench.topk.keys.base
[4/5] Building CUDA object cub/benchmarks/CMakeFiles/cub.bench.topk.pairs.base.dir/bench/topk/pairs.cu.o
ptxas info    : 124 bytes gmem
ptxas info    : Compiling entry function '_ZN7nvbench6detail11noop_kernelIvEEvv' for 'sm_100'
ptxas info    : Function properties for _ZN7nvbench6detail11noop_kernelIvEEvv
    0 bytes stack frame, 0 bytes spill stores, 0 bytes spill loads
ptxas info    : Used 4 registers, used 0 barriers
ptxas info    : Compile time = 1.542 ms
ptxas info    : Compiling entry function '_ZN3cub17_V_300500_SM_10006detail8for_each13static_kernelINS2_15policy_selectorEmN6thrust17_V_300500_SM_10008cuda_cub20__uninitialized_fill7functorINS6_10device_ptrIlEElEEEEvT0_T1_' for 'sm_100'
ptxas info    : Function properties for _ZN3cub17_V_300500_SM_10006detail8for_each13static_kernelINS2_15policy_selectorEmN6thrust17_V_300500_SM_10008cuda_cub20__uninitialized_fill7functorINS6_10device_ptrIlEElEEEEvT0_T1_
    0 bytes stack frame, 0 bytes spill stores, 0 bytes spill loads
ptxas info    : Used 9 registers, used 0 barriers
ptxas info    : Compile time = 2.510 ms
ptxas info    : Compiling entry function '_ZN3cub17_V_300500_SM_10006detail8for_each13static_kernelINS2_15policy_selectorEmN6thrust17_V_300500_SM_10008cuda_cub20__uninitialized_fill7functorINS6_10device_ptrIiEEiEEEEvT0_T1_' for 'sm_100'
ptxas info    : Function properties for _ZN3cub17_V_300500_SM_10006detail8for_each13static_kernelINS2_15policy_selectorEmN6thrust17_V_300500_SM_10008cuda_cub20__uninitialized_fill7functorINS6_10device_ptrIiEEiEEEEvT0_T1_
    0 bytes stack frame, 0 bytes spill stores, 0 bytes spill loads
ptxas info    : Used 8 registers, used 0 barriers
ptxas info    : Compile time = 1.839 ms
ptxas info    : Compiling entry function '_ZN3cub17_V_300500_SM_10006detail8for_each13static_kernelINS2_15policy_selectorEmN6thrust17_V_300500_SM_10008cuda_cub20__uninitialized_fill7functorINS6_10device_ptrIsEEsEEEEvT0_T1_' for 'sm_100'
ptxas info    : Function properties for _ZN3cub17_V_300500_SM_10006detail8for_each13static_kernelINS2_15policy_selectorEmN6thrust17_V_300500_SM_10008cuda_cub20__uninitialized_fill7functorINS6_10device_ptrIsEEsEEEEvT0_T1_
    0 bytes stack frame, 0 bytes spill stores, 0 bytes spill loads
ptxas info    : Used 8 registers, used 0 barriers
ptxas info    : Compile time = 1.996 ms
ptxas info    : Compiling entry function '_ZN3cub17_V_300500_SM_10006detail8for_each13static_kernelINS2_15policy_selectorEmN6thrust17_V_300500_SM_10008cuda_cub20__uninitialized_fill7functorINS6_10device_ptrIaEEaEEEEvT0_T1_' for 'sm_100'
ptxas info    : Function properties for _ZN3cub17_V_300500_SM_10006detail8for_each13static_kernelINS2_15policy_selectorEmN6thrust17_V_300500_SM_10008cuda_cub20__uninitialized_fill7functorINS6_10device_ptrIaEEaEEEEvT0_T1_
    0 bytes stack frame, 0 bytes spill stores, 0 bytes spill loads
ptxas info    : Used 10 registers, used 0 barriers
ptxas info    : Compile time = 1.756 ms
ptxas info    : Compiling entry function '_ZN3cub17_V_300500_SM_10006detail12batched_topk44device_segmented_topk_finalize_filter_kernelINS2_26policy_selector_from_typesIlllLl8388608EEELNS1_4topk6selectE1EN4cuda3__417constant_iteratorIPKllEENSA_IPllEENSA_INS9_17counting_iteratorIjlLi0ELi0ELi0EEElEENS9_18transform_iteratorINS2_26per_segment_indexed_out_opISD_SF_EENSG_IlnLi0ELi0ELi0EEEEENS1_6params13uniform_paramIlLl0ELl268435456EEENSP_IlLl1ELl8388608EEENSP_IlLl1ELl1EEESE_jPyNS1_21identity_decomposer_tEjjlEEvT1_T2_T3_T4_T5_T6_T7_T8_PKT9_PNS6_7counterIT14_T12_T13_EEPS18_PS17_PNS8_3std3__415iterator_traitsINS1G_ISX_vE10value_typeEvE10value_typeES1D_S1L_T10_S18_S18_iiT11_b' for 'sm_100'
ptxas info    : Function properties for _ZN3cub17_V_300500_SM_10006detail12batched_topk44device_segmented_topk_finalize_filter_kernelINS2_26policy_selector_from_typesIlllLl8388608EEELNS1_4topk6selectE1EN4cuda3__417constant_iteratorIPKllEENSA_IPllEENSA_INS9_17counting_iteratorIjlLi0ELi0ELi0EEElEENS9_18transform_iteratorINS2_26per_segment_indexed_out_opISD_SF_EENSG_IlnLi0ELi0ELi0EEEEENS1_6params13uniform_paramIlLl0ELl268435456EEENSP_IlLl1ELl8388608EEENSP_IlLl1ELl1EEESE_jPyNS1_21identity_decomposer_tEjjlEEvT1_T2_T3_T4_T5_T6_T7_T8_PKT9_PNS6_7counterIT14_T12_T13_EEPS18_PS17_PNS8_3std3__415iterator_traitsINS1G_ISX_vE10value_typeEvE10value_typeES1D_S1L_T10_S18_S18_iiT11_b
    0 bytes stack frame, 0 bytes spill stores, 0 bytes spill loads
ptxas info    : Used 54 registers, used 1 barriers, 8208 bytes smem
ptxas info    : Compile time = 25.334 ms
ptxas info    : Compiling entry function '_ZN3cub17_V_300500_SM_10006detail12batched_topk40device_segmented_topk_last_filter_kernelINS2_26policy_selector_from_typesIlllLl8388608EEELNS1_4topk6selectE1EN4cuda3__417constant_iteratorIPKllEENSA_IPllEENSA_INS9_17counting_iteratorIjlLi0ELi0ELi0EEElEENS9_18transform_iteratorINS2_26per_segment_indexed_out_opISD_SF_EENSG_IlnLi0ELi0ELi0EEEEENS1_6params13uniform_paramIlLl0ELl268435456EEENSP_IlLl1ELl8388608EEENSP_IlLl1ELl1EEESE_jPyNS1_21identity_decomposer_tEjjEEvT1_T2_T3_T4_T5_T6_T7_T8_PKT9_PNS6_7counterINS8_3std3__415iterator_traitsINS19_ISV_vE10value_typeEvE10value_typeET12_T13_EEPS1D_PNS19_INS19_ISX_vE10value_typeEvE10value_typeES1E_T10_iiT11_' for 'sm_100'
ptxas info    : Function properties for _ZN3cub17_V_300500_SM_10006detail12batched_topk40device_segmented_topk_last_filter_kernelINS2_26policy_selector_from_typesIlllLl8388608EEELNS1_4topk6selectE1EN4cuda3__417constant_iteratorIPKllEENSA_IPllEENSA_INS9_17counting_iteratorIjlLi0ELi0ELi0EEElEENS9_18transform_iteratorINS2_26per_segment_indexed_out_opISD_SF_EENSG_IlnLi0ELi0ELi0EEEEENS1_6params13uniform_paramIlLl0ELl268435456EEENSP_IlLl1ELl8388608EEENSP_IlLl1ELl1EEESE_jPyNS1_21identity_decomposer_tEjjEEvT1_T2_T3_T4_T5_T6_T7_T8_PKT9_PNS6_7counterINS8_3std3__415iterator_traitsINS19_ISV_vE10value_typeEvE10value_typeET12_T13_EEPS1D_PNS19_INS19_ISX_vE10value_typeEvE10value_typeES1E_T10_iiT11_
    0 bytes stack frame, 0 bytes spill stores, 0 bytes spill loads
ptxas info    : Used 40 registers, used 0 barriers
ptxas info    : Compile time = 24.321 ms
ptxas info    : Compiling entry function '_ZN3cub17_V_300500_SM_10006detail12batched_topk35device_segmented_topk_filter_kernelINS2_26policy_selector_from_typesIlllLl8388608EEELNS1_4topk6selectE1EN4cuda3__417constant_iteratorIPKllEENSA_IPllEENSA_INS9_17counting_iteratorIjlLi0ELi0ELi0EEElEENS9_18transform_iteratorINS2_26per_segment_indexed_out_opISD_SF_EENSG_IlnLi0ELi0ELi0EEEEENS1_6params13uniform_paramIlLl0ELl268435456EEENSP_IlLl1ELl8388608EEENSP_IlLl1ELl1EEESE_jPyNS1_21identity_decomposer_tEjjEEvT1_T2_T3_T4_T5_T6_T7_T8_PKT9_PNS6_7counterINS8_3std3__415iterator_traitsINS19_ISV_vE10value_typeEvE10value_typeET12_T13_EEPS1E_PS1D_PNS19_INS19_ISX_vE10value_typeEvE10value_typeES1J_S1O_S1E_S1E_T10_iibT11_' for 'sm_100'
ptxas info    : Function properties for _ZN3cub17_V_300500_SM_10006detail12batched_topk35device_segmented_topk_filter_kernelINS2_26policy_selector_from_typesIlllLl8388608EEELNS1_4topk6selectE1EN4cuda3__417constant_iteratorIPKllEENSA_IPllEENSA_INS9_17counting_iteratorIjlLi0ELi0ELi0EEElEENS9_18transform_iteratorINS2_26per_segment_indexed_out_opISD_SF_EENSG_IlnLi0ELi0ELi0EEEEENS1_6params13uniform_paramIlLl0ELl268435456EEENSP_IlLl1ELl8388608EEENSP_IlLl1ELl1EEESE_jPyNS1_21identity_decomposer_tEjjEEvT1_T2_T3_T4_T5_T6_T7_T8_PKT9_PNS6_7counterINS8_3std3__415iterator_traitsINS19_ISV_vE10value_typeEvE10value_typeET12_T13_EEPS1E_PS1D_PNS19_INS19_ISX_vE10value_typeEvE10value_typeES1J_S1O_S1E_S1E_T10_iibT11_
    0 bytes stack frame, 0 bytes spill stores, 0 bytes spill loads
ptxas info    : Used 40 registers, used 1 barriers, 8196 bytes smem
ptxas info    : Compile time = 23.781 ms
ptxas info    : Compiling entry function '_ZN3cub17_V_300500_SM_10006detail12batched_topk47device_segmented_topk_finalize_histogram_kernelINS2_26policy_selector_from_typesIlllLl8388608EEEN4cuda3__417constant_iteratorIPKllEENS1_6params13uniform_paramIlLl0ELl268435456EEENSD_IlLl1ELl8388608EEENSD_IlLl1ELl1EEEPlPyNS1_4topk16extract_bin_op_tIlLNSJ_6selectE1ELi11ENS1_21identity_decomposer_tELb1EEEjjlEEvT0_T1_T2_T3_T4_PNSJ_7counterIT9_T7_T8_EEPSV_T5_T6_ib' for 'sm_100'
ptxas info    : Function properties for _ZN3cub17_V_300500_SM_10006detail12batched_topk47device_segmented_topk_finalize_histogram_kernelINS2_26policy_selector_from_typesIlllLl8388608EEEN4cuda3__417constant_iteratorIPKllEENS1_6params13uniform_paramIlLl0ELl268435456EEENSD_IlLl1ELl8388608EEENSD_IlLl1ELl1EEEPlPyNS1_4topk16extract_bin_op_tIlLNSJ_6selectE1ELi11ENS1_21identity_decomposer_tELb1EEEjjlEEvT0_T1_T2_T3_T4_PNSJ_7counterIT9_T7_T8_EEPSV_T5_T6_ib
    0 bytes stack frame, 0 bytes spill stores, 0 bytes spill loads
ptxas info    : Used 40 registers, used 1 barriers, 8192 bytes smem
ptxas info    : Compile time = 9.322 ms
ptxas info    : Compiling entry function '_ZN3cub17_V_300500_SM_10006detail12batched_topk38device_segmented_topk_histogram_kernelINS2_26policy_selector_from_typesIlllLl8388608EEEN4cuda3__417constant_iteratorIPKllEENS1_6params13uniform_paramIlLl0ELl268435456EEENSD_IlLl1ELl8388608EEENSD_IlLl1ELl1EEEPljPyNS1_4topk16extract_bin_op_tIlLNSJ_6selectE1ELi11ENS1_21identity_decomposer_tELb1EEEjjjEEvT0_T1_T2_T3_T4_PKT5_PNSJ_7counterINS6_3std3__415iterator_traitsINSZ_ISO_vE10value_typeEvE10value_typeET8_T9_EEPS14_T6_T7_' for 'sm_100'
ptxas info    : Function properties for _ZN3cub17_V_300500_SM_10006detail12batched_topk38device_segmented_topk_histogram_kernelINS2_26policy_selector_from_typesIlllLl8388608EEEN4cuda3__417constant_iteratorIPKllEENS1_6params13uniform_paramIlLl0ELl268435456EEENSD_IlLl1ELl8388608EEENSD_IlLl1ELl1EEEPljPyNS1_4topk16extract_bin_op_tIlLNSJ_6selectE1ELi11ENS1_21identity_decomposer_tELb1EEEjjjEEvT0_T1_T2_T3_T4_PKT5_PNSJ_7counterINS6_3std3__415iterator_traitsINSZ_ISO_vE10value_typeEvE10value_typeET8_T9_EEPS14_T6_T7_
    0 bytes stack frame, 0 bytes spill stores, 0 bytes spill loads
ptxas info    : Used 30 registers, used 1 barriers, 8240 bytes smem
ptxas info    : Compile time = 19.604 ms
ptxas info    : Compiling entry function '_ZN3cub17_V_300500_SM_10006detail12batched_topk44device_segmented_topk_finalize_filter_kernelINS2_26policy_selector_from_typesIlllLl8388608EEELNS1_4topk6selectE0EN4cuda3__417constant_iteratorIPKllEENSA_IPllEENSA_INS9_17counting_iteratorIjlLi0ELi0ELi0EEElEENS9_18transform_iteratorINS2_26per_segment_indexed_out_opISD_SF_EENSG_IlnLi0ELi0ELi0EEEEENS1_6params13uniform_paramIlLl0ELl268435456EEENSP_IlLl1ELl8388608EEENSP_IlLl1ELl1EEESE_jPyNS1_21identity_decomposer_tEjjlEEvT1_T2_T3_T4_T5_T6_T7_T8_PKT9_PNS6_7counterIT14_T12_T13_EEPS18_PS17_PNS8_3std3__415iterator_traitsINS1G_ISX_vE10value_typeEvE10value_typeES1D_S1L_T10_S18_S18_iiT11_b' for 'sm_100'
ptxas info    : Function properties for _ZN3cub17_V_300500_SM_10006detail12batched_topk44device_segmented_topk_finalize_filter_kernelINS2_26policy_selector_from_typesIlllLl8388608EEELNS1_4topk6selectE0EN4cuda3__417constant_iteratorIPKllEENSA_IPllEENSA_INS9_17counting_iteratorIjlLi0ELi0ELi0EEElEENS9_18transform_iteratorINS2_26per_segment_indexed_out_opISD_SF_EENSG_IlnLi0ELi0ELi0EEEEENS1_6params13uniform_paramIlLl0ELl268435456EEENSP_IlLl1ELl8388608EEENSP_IlLl1ELl1EEESE_jPyNS1_21identity_decomposer_tEjjlEEvT1_T2_T3_T4_T5_T6_T7_T8_PKT9_PNS6_7counterIT14_T12_T13_EEPS18_PS17_PNS8_3std3__415iterator_traitsINS1G_ISX_vE10value_typeEvE10value_typeES1D_S1L_T10_S18_S18_iiT11_b
    0 bytes stack frame, 0 bytes spill stores, 0 bytes spill loads
ptxas info    : Used 54 registers, used 1 barriers, 8208 bytes smem
ptxas info    : Compile time = 23.825 ms
ptxas info    : Compiling entry function '_ZN3cub17_V_300500_SM_10006detail12batched_topk40device_segmented_topk_last_filter_kernelINS2_26policy_selector_from_typesIlllLl8388608EEELNS1_4topk6selectE0EN4cuda3__417constant_iteratorIPKllEENSA_IPllEENSA_INS9_17counting_iteratorIjlLi0ELi0ELi0EEElEENS9_18transform_iteratorINS2_26per_segment_indexed_out_opISD_SF_EENSG_IlnLi0ELi0ELi0EEEEENS1_6params13uniform_paramIlLl0ELl268435456EEENSP_IlLl1ELl8388608EEENSP_IlLl1ELl1EEESE_jPyNS1_21identity_decomposer_tEjjEEvT1_T2_T3_T4_T5_T6_T7_T8_PKT9_PNS6_7counterINS8_3std3__415iterator_traitsINS19_ISV_vE10value_typeEvE10value_typeET12_T13_EEPS1D_PNS19_INS19_ISX_vE10value_typeEvE10value_typeES1E_T10_iiT11_' for 'sm_100'
ptxas info    : Function properties for _ZN3cub17_V_300500_SM_10006detail12batched_topk40device_segmented_topk_last_filter_kernelINS2_26policy_selector_from_typesIlllLl8388608EEELNS1_4topk6selectE0EN4cuda3__417constant_iteratorIPKllEENSA_IPllEENSA_INS9_17counting_iteratorIjlLi0ELi0ELi0EEElEENS9_18transform_iteratorINS2_26per_segment_indexed_out_opISD_SF_EENSG_IlnLi0ELi0ELi0EEEEENS1_6params13uniform_paramIlLl0ELl268435456EEENSP_IlLl1ELl8388608EEENSP_IlLl1ELl1EEESE_jPyNS1_21identity_decomposer_tEjjEEvT1_T2_T3_T4_T5_T6_T7_T8_PKT9_PNS6_7counterINS8_3std3__415iterator_traitsINS19_ISV_vE10value_typeEvE10value_typeET12_T13_EEPS1D_PNS19_INS19_ISX_vE10value_typeEvE10value_typeES1E_T10_iiT11_
    0 bytes stack frame, 0 bytes spill stores, 0 bytes spill loads
ptxas info    : Used 40 registers, used 0 barriers
ptxas info    : Compile time = 24.139 ms
ptxas info    : Compiling entry function '_ZN3cub17_V_300500_SM_10006detail12batched_topk35device_segmented_topk_filter_kernelINS2_26policy_selector_from_typesIlllLl8388608EEELNS1_4topk6selectE0EN4cuda3__417constant_iteratorIPKllEENSA_IPllEENSA_INS9_17counting_iteratorIjlLi0ELi0ELi0EEElEENS9_18transform_iteratorINS2_26per_segment_indexed_out_opISD_SF_EENSG_IlnLi0ELi0ELi0EEEEENS1_6params13uniform_paramIlLl0ELl268435456EEENSP_IlLl1ELl8388608EEENSP_IlLl1ELl1EEESE_jPyNS1_21identity_decomposer_tEjjEEvT1_T2_T3_T4_T5_T6_T7_T8_PKT9_PNS6_7counterINS8_3std3__415iterator_traitsINS19_ISV_vE10value_typeEvE10value_typeET12_T13_EEPS1E_PS1D_PNS19_INS19_ISX_vE10value_typeEvE10value_typeES1J_S1O_S1E_S1E_T10_iibT11_' for 'sm_100'
ptxas info    : Function properties for _ZN3cub17_V_300500_SM_10006detail12batched_topk35device_segmented_topk_filter_kernelINS2_26policy_selector_from_typesIlllLl8388608EEELNS1_4topk6selectE0EN4cuda3__417constant_iteratorIPKllEENSA_IPllEENSA_INS9_17counting_iteratorIjlLi0ELi0ELi0EEElEENS9_18transform_iteratorINS2_26per_segment_indexed_out_opISD_SF_EENSG_IlnLi0ELi0ELi0EEEEENS1_6params13uniform_paramIlLl0ELl268435456EEENSP_IlLl1ELl8388608EEENSP_IlLl1ELl1EEESE_jPyNS1_21identity_decomposer_tEjjEEvT1_T2_T3_T4_T5_T6_T7_T8_PKT9_PNS6_7counterINS8_3std3__415iterator_traitsINS19_ISV_vE10value_typeEvE10value_typeET12_T13_EEPS1E_PS1D_PNS19_INS19_ISX_vE10value_typeEvE10value_typeES1J_S1O_S1E_S1E_T10_iibT11_
    0 bytes stack frame, 0 bytes spill stores, 0 bytes spill loads
ptxas info    : Used 40 registers, used 1 barriers, 8196 bytes smem
ptxas info    : Compile time = 23.697 ms
ptxas info    : Compiling entry function '_ZN3cub17_V_300500_SM_10006detail12batched_topk47device_segmented_topk_finalize_histogram_kernelINS2_26policy_selector_from_typesIlllLl8388608EEEN4cuda3__417constant_iteratorIPKllEENS1_6params13uniform_paramIlLl0ELl268435456EEENSD_IlLl1ELl8388608EEENSD_IlLl1ELl1EEEPlPyNS1_4topk16extract_bin_op_tIlLNSJ_6selectE0ELi11ENS1_21identity_decomposer_tELb1EEEjjlEEvT0_T1_T2_T3_T4_PNSJ_7counterIT9_T7_T8_EEPSV_T5_T6_ib' for 'sm_100'
ptxas info    : Function properties for _ZN3cub17_V_300500_SM_10006detail12batched_topk47device_segmented_topk_finalize_histogram_kernelINS2_26policy_selector_from_typesIlllLl8388608EEEN4cuda3__417constant_iteratorIPKllEENS1_6params13uniform_paramIlLl0ELl268435456EEENSD_IlLl1ELl8388608EEENSD_IlLl1ELl1EEEPlPyNS1_4topk16extract_bin_op_tIlLNSJ_6selectE0ELi11ENS1_21identity_decomposer_tELb1EEEjjlEEvT0_T1_T2_T3_T4_PNSJ_7counterIT9_T7_T8_EEPSV_T5_T6_ib
    0 bytes stack frame, 0 bytes spill stores, 0 bytes spill loads
ptxas info    : Used 40 registers, used 1 barriers, 8192 bytes smem
ptxas info    : Compile time = 9.230 ms
ptxas info    : Compiling entry function '_ZN3cub17_V_300500_SM_10006detail12batched_topk38device_segmented_topk_histogram_kernelINS2_26policy_selector_from_typesIlllLl8388608EEEN4cuda3__417constant_iteratorIPKllEENS1_6params13uniform_paramIlLl0ELl268435456EEENSD_IlLl1ELl8388608EEENSD_IlLl1ELl1EEEPljPyNS1_4topk16extract_bin_op_tIlLNSJ_6selectE0ELi11ENS1_21identity_decomposer_tELb1EEEjjjEEvT0_T1_T2_T3_T4_PKT5_PNSJ_7counterINS6_3std3__415iterator_traitsINSZ_ISO_vE10value_typeEvE10value_typeET8_T9_EEPS14_T6_T7_' for 'sm_100'
ptxas info    : Function properties for _ZN3cub17_V_300500_SM_10006detail12batched_topk38device_segmented_topk_histogram_kernelINS2_26policy_selector_from_typesIlllLl8388608EEEN4cuda3__417constant_iteratorIPKllEENS1_6params13uniform_paramIlLl0ELl268435456EEENSD_IlLl1ELl8388608EEENSD_IlLl1ELl1EEEPljPyNS1_4topk16extract_bin_op_tIlLNSJ_6selectE0ELi11ENS1_21identity_decomposer_tELb1EEEjjjEEvT0_T1_T2_T3_T4_PKT5_PNSJ_7counterINS6_3std3__415iterator_traitsINSZ_ISO_vE10value_typeEvE10value_typeET8_T9_EEPS14_T6_T7_
    0 bytes stack frame, 0 bytes spill stores, 0 bytes spill loads
ptxas info    : Used 30 registers, used 1 barriers, 8240 bytes smem
ptxas info    : Compile time = 19.162 ms
ptxas info    : Compiling entry function '_ZN3cub17_V_300500_SM_10006detail12batched_topk28device_segmented_topk_kernelINS2_26policy_selector_from_typesIlllLl8388608EEEN4cuda3__417constant_iteratorIPKllEENS8_IPllEESB_SD_NS1_6params13uniform_paramIlLl0ELl268435456EEENSF_IlLl1ELl8388608EEENSE_22uniform_discrete_paramINS1_4topk6selectEJLSK_1EEEENSF_IlLl1ELl1EEEjEEvT0_T1_T2_T3_T4_T5_T6_T7_PNS2_21batched_topk_countersINSU_10value_typeEEEPSW_PT8_' for 'sm_100'
ptxas info    : Function properties for _ZN3cub17_V_300500_SM_10006detail12batched_topk28device_segmented_topk_kernelINS2_26policy_selector_from_typesIlllLl8388608EEEN4cuda3__417constant_iteratorIPKllEENS8_IPllEESB_SD_NS1_6params13uniform_paramIlLl0ELl268435456EEENSF_IlLl1ELl8388608EEENSE_22uniform_discrete_paramINS1_4topk6selectEJLSK_1EEEENSF_IlLl1ELl1EEEjEEvT0_T1_T2_T3_T4_T5_T6_T7_PNS2_21batched_topk_countersINSU_10value_typeEEEPSW_PT8_
    0 bytes stack frame, 0 bytes spill stores, 0 bytes spill loads
ptxas info    : Used 156 registers, used 1 barriers, 33808 bytes smem
ptxas info    : Compile time = 63.817 ms
ptxas info    : Compiling entry function '_ZN3cub17_V_300500_SM_10006detail12batched_topk44device_segmented_topk_finalize_filter_kernelINS2_26policy_selector_from_typesIlilLl8388608EEELNS1_4topk6selectE1EN4cuda3__417constant_iteratorIPKllEENSA_IPllEENSA_INS9_17counting_iteratorIjlLi0ELi0ELi0EEElEENS9_18transform_iteratorINS2_26per_segment_indexed_out_opINSA_IPKilEENSA_IPilEEEENSG_IlnLi0ELi0ELi0EEEEENS1_6params13uniform_paramIlLl0ELl268435456EEENSU_IlLl1ELl8388608EEENSU_IlLl1ELl1EEESE_jPyNS1_21identity_decomposer_tEjjlEEvT1_T2_T3_T4_T5_T6_T7_T8_PKT9_PNS6_7counterIT14_T12_T13_EEPS1D_PS1C_PNS8_3std3__415iterator_traitsINS1L_IS12_vE10value_typeEvE10value_typeES1I_S1Q_T10_S1D_S1D_iiT11_b' for 'sm_100'
ptxas info    : Function properties for _ZN3cub17_V_300500_SM_10006detail12batched_topk44device_segmented_topk_finalize_filter_kernelINS2_26policy_selector_from_typesIlilLl8388608EEELNS1_4topk6selectE1EN4cuda3__417constant_iteratorIPKllEENSA_IPllEENSA_INS9_17counting_iteratorIjlLi0ELi0ELi0EEElEENS9_18transform_iteratorINS2_26per_segment_indexed_out_opINSA_IPKilEENSA_IPilEEEENSG_IlnLi0ELi0ELi0EEEEENS1_6params13uniform_paramIlLl0ELl268435456EEENSU_IlLl1ELl8388608EEENSU_IlLl1ELl1EEESE_jPyNS1_21identity_decomposer_tEjjlEEvT1_T2_T3_T4_T5_T6_T7_T8_PKT9_PNS6_7counterIT14_T12_T13_EEPS1D_PS1C_PNS8_3std3__415iterator_traitsINS1L_IS12_vE10value_typeEvE10value_typeES1I_S1Q_T10_S1D_S1D_iiT11_b
    0 bytes stack frame, 0 bytes spill stores, 0 bytes spill loads
ptxas info    : Used 54 registers, used 1 barriers, 8208 bytes smem
ptxas info    : Compile time = 23.961 ms
ptxas info    : Compiling entry function '_ZN3cub17_V_300500_SM_10006detail12batched_topk40device_segmented_topk_last_filter_kernelINS2_26policy_selector_from_typesIlilLl8388608EEELNS1_4topk6selectE1EN4cuda3__417constant_iteratorIPKllEENSA_IPllEENSA_INS9_17counting_iteratorIjlLi0ELi0ELi0EEElEENS9_18transform_iteratorINS2_26per_segment_indexed_out_opINSA_IPKilEENSA_IPilEEEENSG_IlnLi0ELi0ELi0EEEEENS1_6params13uniform_paramIlLl0ELl268435456EEENSU_IlLl1ELl8388608EEENSU_IlLl1ELl1EEESE_jPyNS1_21identity_decomposer_tEjjEEvT1_T2_T3_T4_T5_T6_T7_T8_PKT9_PNS6_7counterINS8_3std3__415iterator_traitsINS1E_IS10_vE10value_typeEvE10value_typeET12_T13_EEPS1I_PNS1E_INS1E_IS12_vE10value_typeEvE10value_typeES1J_T10_iiT11_' for 'sm_100'
ptxas info    : Function properties for _ZN3cub17_V_300500_SM_10006detail12batched_topk40device_segmented_topk_last_filter_kernelINS2_26policy_selector_from_typesIlilLl8388608EEELNS1_4topk6selectE1EN4cuda3__417constant_iteratorIPKllEENSA_IPllEENSA_INS9_17counting_iteratorIjlLi0ELi0ELi0EEElEENS9_18transform_iteratorINS2_26per_segment_indexed_out_opINSA_IPKilEENSA_IPilEEEENSG_IlnLi0ELi0ELi0EEEEENS1_6params13uniform_paramIlLl0ELl268435456EEENSU_IlLl1ELl8388608EEENSU_IlLl1ELl1EEESE_jPyNS1_21identity_decomposer_tEjjEEvT1_T2_T3_T4_T5_T6_T7_T8_PKT9_PNS6_7counterINS8_3std3__415iterator_traitsINS1E_IS10_vE10value_typeEvE10value_typeET12_T13_EEPS1I_PNS1E_INS1E_IS12_vE10value_typeEvE10value_typeES1J_T10_iiT11_
    0 bytes stack frame, 0 bytes spill stores, 0 bytes spill loads
ptxas info    : Used 40 registers, used 0 barriers
ptxas info    : Compile time = 24.116 ms
ptxas info    : Compiling entry function '_ZN3cub17_V_300500_SM_10006detail12batched_topk35device_segmented_topk_filter_kernelINS2_26policy_selector_from_typesIlilLl8388608EEELNS1_4topk6selectE1EN4cuda3__417constant_iteratorIPKllEENSA_IPllEENSA_INS9_17counting_iteratorIjlLi0ELi0ELi0EEElEENS9_18transform_iteratorINS2_26per_segment_indexed_out_opINSA_IPKilEENSA_IPilEEEENSG_IlnLi0ELi0ELi0EEEEENS1_6params13uniform_paramIlLl0ELl268435456EEENSU_IlLl1ELl8388608EEENSU_IlLl1ELl1EEESE_jPyNS1_21identity_decomposer_tEjjEEvT1_T2_T3_T4_T5_T6_T7_T8_PKT9_PNS6_7counterINS8_3std3__415iterator_traitsINS1E_IS10_vE10value_typeEvE10value_typeET12_T13_EEPS1J_PS1I_PNS1E_INS1E_IS12_vE10value_typeEvE10value_typeES1O_S1T_S1J_S1J_T10_iibT11_' for 'sm_100'
ptxas info    : Function properties for _ZN3cub17_V_300500_SM_10006detail12batched_topk35device_segmented_topk_filter_kernelINS2_26policy_selector_from_typesIlilLl8388608EEELNS1_4topk6selectE1EN4cuda3__417constant_iteratorIPKllEENSA_IPllEENSA_INS9_17counting_iteratorIjlLi0ELi0ELi0EEElEENS9_18transform_iteratorINS2_26per_segment_indexed_out_opINSA_IPKilEENSA_IPilEEEENSG_IlnLi0ELi0ELi0EEEEENS1_6params13uniform_paramIlLl0ELl268435456EEENSU_IlLl1ELl8388608EEENSU_IlLl1ELl1EEESE_jPyNS1_21identity_decomposer_tEjjEEvT1_T2_T3_T4_T5_T6_T7_T8_PKT9_PNS6_7counterINS8_3std3__415iterator_traitsINS1E_IS10_vE10value_typeEvE10value_typeET12_T13_EEPS1J_PS1I_PNS1E_INS1E_IS12_vE10value_typeEvE10value_typeES1O_S1T_S1J_S1J_T10_iibT11_
    0 bytes stack frame, 0 bytes spill stores, 0 bytes spill loads
ptxas info    : Used 40 registers, used 1 barriers, 8196 bytes smem
ptxas info    : Compile time = 24.772 ms
ptxas info    : Compiling entry function '_ZN3cub17_V_300500_SM_10006detail12batched_topk47device_segmented_topk_finalize_histogram_kernelINS2_26policy_selector_from_typesIlilLl8388608EEEN4cuda3__417constant_iteratorIPKllEENS1_6params13uniform_paramIlLl0ELl268435456EEENSD_IlLl1ELl8388608EEENSD_IlLl1ELl1EEEPlPyNS1_4topk16extract_bin_op_tIlLNSJ_6selectE1ELi11ENS1_21identity_decomposer_tELb1EEEjjlEEvT0_T1_T2_T3_T4_PNSJ_7counterIT9_T7_T8_EEPSV_T5_T6_ib' for 'sm_100'
ptxas info    : Function properties for _ZN3cub17_V_300500_SM_10006detail12batched_topk47device_segmented_topk_finalize_histogram_kernelINS2_26policy_selector_from_typesIlilLl8388608EEEN4cuda3__417constant_iteratorIPKllEENS1_6params13uniform_paramIlLl0ELl268435456EEENSD_IlLl1ELl8388608EEENSD_IlLl1ELl1EEEPlPyNS1_4topk16extract_bin_op_tIlLNSJ_6selectE1ELi11ENS1_21identity_decomposer_tELb1EEEjjlEEvT0_T1_T2_T3_T4_PNSJ_7counterIT9_T7_T8_EEPSV_T5_T6_ib
    0 bytes stack frame, 0 bytes spill stores, 0 bytes spill loads
ptxas info    : Used 40 registers, used 1 barriers, 8192 bytes smem
ptxas info    : Compile time = 10.018 ms
ptxas info    : Compiling entry function '_ZN3cub17_V_300500_SM_10006detail12batched_topk38device_segmented_topk_histogram_kernelINS2_26policy_selector_from_typesIlilLl8388608EEEN4cuda3__417constant_iteratorIPKllEENS1_6params13uniform_paramIlLl0ELl268435456EEENSD_IlLl1ELl8388608EEENSD_IlLl1ELl1EEEPljPyNS1_4topk16extract_bin_op_tIlLNSJ_6selectE1ELi11ENS1_21identity_decomposer_tELb1EEEjjjEEvT0_T1_T2_T3_T4_PKT5_PNSJ_7counterINS6_3std3__415iterator_traitsINSZ_ISO_vE10value_typeEvE10value_typeET8_T9_EEPS14_T6_T7_' for 'sm_100'
ptxas info    : Function properties for _ZN3cub17_V_300500_SM_10006detail12batched_topk38device_segmented_topk_histogram_kernelINS2_26policy_selector_from_typesIlilLl8388608EEEN4cuda3__417constant_iteratorIPKllEENS1_6params13uniform_paramIlLl0ELl268435456EEENSD_IlLl1ELl8388608EEENSD_IlLl1ELl1EEEPljPyNS1_4topk16extract_bin_op_tIlLNSJ_6selectE1ELi11ENS1_21identity_decomposer_tELb1EEEjjjEEvT0_T1_T2_T3_T4_PKT5_PNSJ_7counterINS6_3std3__415iterator_traitsINSZ_ISO_vE10value_typeEvE10value_typeET8_T9_EEPS14_T6_T7_
    0 bytes stack frame, 0 bytes spill stores, 0 bytes spill loads
ptxas info    : Used 30 registers, used 1 barriers, 8240 bytes smem
ptxas info    : Compile time = 21.114 ms
ptxas info    : Compiling entry function '_ZN3cub17_V_300500_SM_10006detail12batched_topk44device_segmented_topk_finalize_filter_kernelINS2_26policy_selector_from_typesIlilLl8388608EEELNS1_4topk6selectE0EN4cuda3__417constant_iteratorIPKllEENSA_IPllEENSA_INS9_17counting_iteratorIjlLi0ELi0ELi0EEElEENS9_18transform_iteratorINS2_26per_segment_indexed_out_opINSA_IPKilEENSA_IPilEEEENSG_IlnLi0ELi0ELi0EEEEENS1_6params13uniform_paramIlLl0ELl268435456EEENSU_IlLl1ELl8388608EEENSU_IlLl1ELl1EEESE_jPyNS1_21identity_decomposer_tEjjlEEvT1_T2_T3_T4_T5_T6_T7_T8_PKT9_PNS6_7counterIT14_T12_T13_EEPS1D_PS1C_PNS8_3std3__415iterator_traitsINS1L_IS12_vE10value_typeEvE10value_typeES1I_S1Q_T10_S1D_S1D_iiT11_b' for 'sm_100'
ptxas info    : Function properties for _ZN3cub17_V_300500_SM_10006detail12batched_topk44device_segmented_topk_finalize_filter_kernelINS2_26policy_selector_from_typesIlilLl8388608EEELNS1_4topk6selectE0EN4cuda3__417constant_iteratorIPKllEENSA_IPllEENSA_INS9_17counting_iteratorIjlLi0ELi0ELi0EEElEENS9_18transform_iteratorINS2_26per_segment_indexed_out_opINSA_IPKilEENSA_IPilEEEENSG_IlnLi0ELi0ELi0EEEEENS1_6params13uniform_paramIlLl0ELl268435456EEENSU_IlLl1ELl8388608EEENSU_IlLl1ELl1EEESE_jPyNS1_21identity_decomposer_tEjjlEEvT1_T2_T3_T4_T5_T6_T7_T8_PKT9_PNS6_7counterIT14_T12_T13_EEPS1D_PS1C_PNS8_3std3__415iterator_traitsINS1L_IS12_vE10value_typeEvE10value_typeES1I_S1Q_T10_S1D_S1D_iiT11_b
    0 bytes stack frame, 0 bytes spill stores, 0 bytes spill loads
ptxas info    : Used 54 registers, used 1 barriers, 8208 bytes smem
ptxas info    : Compile time = 25.736 ms
ptxas info    : Compiling entry function '_ZN3cub17_V_300500_SM_10006detail12batched_topk40device_segmented_topk_last_filter_kernelINS2_26policy_selector_from_typesIlilLl8388608EEELNS1_4topk6selectE0EN4cuda3__417constant_iteratorIPKllEENSA_IPllEENSA_INS9_17counting_iteratorIjlLi0ELi0ELi0EEElEENS9_18transform_iteratorINS2_26per_segment_indexed_out_opINSA_IPKilEENSA_IPilEEEENSG_IlnLi0ELi0ELi0EEEEENS1_6params13uniform_paramIlLl0ELl268435456EEENSU_IlLl1ELl8388608EEENSU_IlLl1ELl1EEESE_jPyNS1_21identity_decomposer_tEjjEEvT1_T2_T3_T4_T5_T6_T7_T8_PKT9_PNS6_7counterINS8_3std3__415iterator_traitsINS1E_IS10_vE10value_typeEvE10value_typeET12_T13_EEPS1I_PNS1E_INS1E_IS12_vE10value_typeEvE10value_typeES1J_T10_iiT11_' for 'sm_100'
ptxas info    : Function properties for _ZN3cub17_V_300500_SM_10006detail12batched_topk40device_segmented_topk_last_filter_kernelINS2_26policy_selector_from_typesIlilLl8388608EEELNS1_4topk6selectE0EN4cuda3__417constant_iteratorIPKllEENSA_IPllEENSA_INS9_17counting_iteratorIjlLi0ELi0ELi0EEElEENS9_18transform_iteratorINS2_26per_segment_indexed_out_opINSA_IPKilEENSA_IPilEEEENSG_IlnLi0ELi0ELi0EEEEENS1_6params13uniform_paramIlLl0ELl268435456EEENSU_IlLl1ELl8388608EEENSU_IlLl1ELl1EEESE_jPyNS1_21identity_decomposer_tEjjEEvT1_T2_T3_T4_T5_T6_T7_T8_PKT9_PNS6_7counterINS8_3std3__415iterator_traitsINS1E_IS10_vE10value_typeEvE10value_typeET12_T13_EEPS1I_PNS1E_INS1E_IS12_vE10value_typeEvE10value_typeES1J_T10_iiT11_
    0 bytes stack frame, 0 bytes spill stores, 0 bytes spill loads
ptxas info    : Used 40 registers, used 0 barriers
ptxas info    : Compile time = 25.980 ms
ptxas info    : Compiling entry function '_ZN3cub17_V_300500_SM_10006detail12batched_topk35device_segmented_topk_filter_kernelINS2_26policy_selector_from_typesIlilLl8388608EEELNS1_4topk6selectE0EN4cuda3__417constant_iteratorIPKllEENSA_IPllEENSA_INS9_17counting_iteratorIjlLi0ELi0ELi0EEElEENS9_18transform_iteratorINS2_26per_segment_indexed_out_opINSA_IPKilEENSA_IPilEEEENSG_IlnLi0ELi0ELi0EEEEENS1_6params13uniform_paramIlLl0ELl268435456EEENSU_IlLl1ELl8388608EEENSU_IlLl1ELl1EEESE_jPyNS1_21identity_decomposer_tEjjEEvT1_T2_T3_T4_T5_T6_T7_T8_PKT9_PNS6_7counterINS8_3std3__415iterator_traitsINS1E_IS10_vE10value_typeEvE10value_typeET12_T13_EEPS1J_PS1I_PNS1E_INS1E_IS12_vE10value_typeEvE10value_typeES1O_S1T_S1J_S1J_T10_iibT11_' for 'sm_100'
ptxas info    : Function properties for _ZN3cub17_V_300500_SM_10006detail12batched_topk35device_segmented_topk_filter_kernelINS2_26policy_selector_from_typesIlilLl8388608EEELNS1_4topk6selectE0EN4cuda3__417constant_iteratorIPKllEENSA_IPllEENSA_INS9_17counting_iteratorIjlLi0ELi0ELi0EEElEENS9_18transform_iteratorINS2_26per_segment_indexed_out_opINSA_IPKilEENSA_IPilEEEENSG_IlnLi0ELi0ELi0EEEEENS1_6params13uniform_paramIlLl0ELl268435456EEENSU_IlLl1ELl8388608EEENSU_IlLl1ELl1EEESE_jPyNS1_21identity_decomposer_tEjjEEvT1_T2_T3_T4_T5_T6_T7_T8_PKT9_PNS6_7counterINS8_3std3__415iterator_traitsINS1E_IS10_vE10value_typeEvE10value_typeET12_T13_EEPS1J_PS1I_PNS1E_INS1E_IS12_vE10value_typeEvE10value_typeES1O_S1T_S1J_S1J_T10_iibT11_
    0 bytes stack frame, 0 bytes spill stores, 0 bytes spill loads
ptxas info    : Used 40 registers, used 1 barriers, 8196 bytes smem
ptxas info    : Compile time = 25.559 ms
ptxas info    : Compiling entry function '_ZN3cub17_V_300500_SM_10006detail12batched_topk47device_segmented_topk_finalize_histogram_kernelINS2_26policy_selector_from_typesIlilLl8388608EEEN4cuda3__417constant_iteratorIPKllEENS1_6params13uniform_paramIlLl0ELl268435456EEENSD_IlLl1ELl8388608EEENSD_IlLl1ELl1EEEPlPyNS1_4topk16extract_bin_op_tIlLNSJ_6selectE0ELi11ENS1_21identity_decomposer_tELb1EEEjjlEEvT0_T1_T2_T3_T4_PNSJ_7counterIT9_T7_T8_EEPSV_T5_T6_ib' for 'sm_100'
ptxas info    : Function properties for _ZN3cub17_V_300500_SM_10006detail12batched_topk47device_segmented_topk_finalize_histogram_kernelINS2_26policy_selector_from_typesIlilLl8388608EEEN4cuda3__417constant_iteratorIPKllEENS1_6params13uniform_paramIlLl0ELl268435456EEENSD_IlLl1ELl8388608EEENSD_IlLl1ELl1EEEPlPyNS1_4topk16extract_bin_op_tIlLNSJ_6selectE0ELi11ENS1_21identity_decomposer_tELb1EEEjjlEEvT0_T1_T2_T3_T4_PNSJ_7counterIT9_T7_T8_EEPSV_T5_T6_ib
    0 bytes stack frame, 0 bytes spill stores, 0 bytes spill loads
ptxas info    : Used 40 registers, used 1 barriers, 8192 bytes smem
ptxas info    : Compile time = 9.514 ms
ptxas info    : Compiling entry function '_ZN3cub17_V_300500_SM_10006detail12batched_topk38device_segmented_topk_histogram_kernelINS2_26policy_selector_from_typesIlilLl8388608EEEN4cuda3__417constant_iteratorIPKllEENS1_6params13uniform_paramIlLl0ELl268435456EEENSD_IlLl1ELl8388608EEENSD_IlLl1ELl1EEEPljPyNS1_4topk16extract_bin_op_tIlLNSJ_6selectE0ELi11ENS1_21identity_decomposer_tELb1EEEjjjEEvT0_T1_T2_T3_T4_PKT5_PNSJ_7counterINS6_3std3__415iterator_traitsINSZ_ISO_vE10value_typeEvE10value_typeET8_T9_EEPS14_T6_T7_' for 'sm_100'
ptxas info    : Function properties for _ZN3cub17_V_300500_SM_10006detail12batched_topk38device_segmented_topk_histogram_kernelINS2_26policy_selector_from_typesIlilLl8388608EEEN4cuda3__417constant_iteratorIPKllEENS1_6params13uniform_paramIlLl0ELl268435456EEENSD_IlLl1ELl8388608EEENSD_IlLl1ELl1EEEPljPyNS1_4topk16extract_bin_op_tIlLNSJ_6selectE0ELi11ENS1_21identity_decomposer_tELb1EEEjjjEEvT0_T1_T2_T3_T4_PKT5_PNSJ_7counterINS6_3std3__415iterator_traitsINSZ_ISO_vE10value_typeEvE10value_typeET8_T9_EEPS14_T6_T7_
    0 bytes stack frame, 0 bytes spill stores, 0 bytes spill loads
ptxas info    : Used 30 registers, used 1 barriers, 8240 bytes smem
ptxas info    : Compile time = 19.115 ms
ptxas info    : Compiling entry function '_ZN3cub17_V_300500_SM_10006detail12batched_topk28device_segmented_topk_kernelINS2_26policy_selector_from_typesIlilLl8388608EEEN4cuda3__417constant_iteratorIPKllEENS8_IPllEENS8_IPKilEENS8_IPilEENS1_6params13uniform_paramIlLl0ELl268435456EEENSK_IlLl1ELl8388608EEENSJ_22uniform_discrete_paramINS1_4topk6selectEJLSP_1EEEENSK_IlLl1ELl1EEEjEEvT0_T1_T2_T3_T4_T5_T6_T7_PNS2_21batched_topk_countersINSZ_10value_typeEEEPS11_PT8_' for 'sm_100'
ptxas info    : Function properties for _ZN3cub17_V_300500_SM_10006detail12batched_topk28device_segmented_topk_kernelINS2_26policy_selector_from_typesIlilLl8388608EEEN4cuda3__417constant_iteratorIPKllEENS8_IPllEENS8_IPKilEENS8_IPilEENS1_6params13uniform_paramIlLl0ELl268435456EEENSK_IlLl1ELl8388608EEENSJ_22uniform_discrete_paramINS1_4topk6selectEJLSP_1EEEENSK_IlLl1ELl1EEEjEEvT0_T1_T2_T3_T4_T5_T6_T7_PNS2_21batched_topk_countersINSZ_10value_typeEEEPS11_PT8_
    0 bytes stack frame, 0 bytes spill stores, 0 bytes spill loads
ptxas info    : Used 183 registers, used 1 barriers, 33808 bytes smem
ptxas info    : Compile time = 68.049 ms
ptxas info    : Compiling entry function '_ZN3cub17_V_300500_SM_10006detail12batched_topk44device_segmented_topk_finalize_filter_kernelINS2_26policy_selector_from_typesIlslLl8388608EEELNS1_4topk6selectE1EN4cuda3__417constant_iteratorIPKllEENSA_IPllEENSA_INS9_17counting_iteratorIjlLi0ELi0ELi0EEElEENS9_18transform_iteratorINS2_26per_segment_indexed_out_opINSA_IPKslEENSA_IPslEEEENSG_IlnLi0ELi0ELi0EEEEENS1_6params13uniform_paramIlLl0ELl268435456EEENSU_IlLl1ELl8388608EEENSU_IlLl1ELl1EEESE_jPyNS1_21identity_decomposer_tEjjlEEvT1_T2_T3_T4_T5_T6_T7_T8_PKT9_PNS6_7counterIT14_T12_T13_EEPS1D_PS1C_PNS8_3std3__415iterator_traitsINS1L_IS12_vE10value_typeEvE10value_typeES1I_S1Q_T10_S1D_S1D_iiT11_b' for 'sm_100'
ptxas info    : Function properties for _ZN3cub17_V_300500_SM_10006detail12batched_topk44device_segmented_topk_finalize_filter_kernelINS2_26policy_selector_from_typesIlslLl8388608EEELNS1_4topk6selectE1EN4cuda3__417constant_iteratorIPKllEENSA_IPllEENSA_INS9_17counting_iteratorIjlLi0ELi0ELi0EEElEENS9_18transform_iteratorINS2_26per_segment_indexed_out_opINSA_IPKslEENSA_IPslEEEENSG_IlnLi0ELi0ELi0EEEEENS1_6params13uniform_paramIlLl0ELl268435456EEENSU_IlLl1ELl8388608EEENSU_IlLl1ELl1EEESE_jPyNS1_21identity_decomposer_tEjjlEEvT1_T2_T3_T4_T5_T6_T7_T8_PKT9_PNS6_7counterIT14_T12_T13_EEPS1D_PS1C_PNS8_3std3__415iterator_traitsINS1L_IS12_vE10value_typeEvE10value_typeES1I_S1Q_T10_S1D_S1D_iiT11_b
    0 bytes stack frame, 0 bytes spill stores, 0 bytes spill loads
ptxas info    : Used 54 registers, used 1 barriers, 8208 bytes smem
ptxas info    : Compile time = 23.953 ms
ptxas info    : Compiling entry function '_ZN3cub17_V_300500_SM_10006detail12batched_topk40device_segmented_topk_last_filter_kernelINS2_26policy_selector_from_typesIlslLl8388608EEELNS1_4topk6selectE1EN4cuda3__417constant_iteratorIPKllEENSA_IPllEENSA_INS9_17counting_iteratorIjlLi0ELi0ELi0EEElEENS9_18transform_iteratorINS2_26per_segment_indexed_out_opINSA_IPKslEENSA_IPslEEEENSG_IlnLi0ELi0ELi0EEEEENS1_6params13uniform_paramIlLl0ELl268435456EEENSU_IlLl1ELl8388608EEENSU_IlLl1ELl1EEESE_jPyNS1_21identity_decomposer_tEjjEEvT1_T2_T3_T4_T5_T6_T7_T8_PKT9_PNS6_7counterINS8_3std3__415iterator_traitsINS1E_IS10_vE10value_typeEvE10value_typeET12_T13_EEPS1I_PNS1E_INS1E_IS12_vE10value_typeEvE10value_typeES1J_T10_iiT11_' for 'sm_100'
ptxas info    : Function properties for _ZN3cub17_V_300500_SM_10006detail12batched_topk40device_segmented_topk_last_filter_kernelINS2_26policy_selector_from_typesIlslLl8388608EEELNS1_4topk6selectE1EN4cuda3__417constant_iteratorIPKllEENSA_IPllEENSA_INS9_17counting_iteratorIjlLi0ELi0ELi0EEElEENS9_18transform_iteratorINS2_26per_segment_indexed_out_opINSA_IPKslEENSA_IPslEEEENSG_IlnLi0ELi0ELi0EEEEENS1_6params13uniform_paramIlLl0ELl268435456EEENSU_IlLl1ELl8388608EEENSU_IlLl1ELl1EEESE_jPyNS1_21identity_decomposer_tEjjEEvT1_T2_T3_T4_T5_T6_T7_T8_PKT9_PNS6_7counterINS8_3std3__415iterator_traitsINS1E_IS10_vE10value_typeEvE10value_typeET12_T13_EEPS1I_PNS1E_INS1E_IS12_vE10value_typeEvE10value_typeES1J_T10_iiT11_
    0 bytes stack frame, 0 bytes spill stores, 0 bytes spill loads
ptxas info    : Used 40 registers, used 0 barriers
ptxas info    : Compile time = 24.116 ms
ptxas info    : Compiling entry function '_ZN3cub17_V_300500_SM_10006detail12batched_topk35device_segmented_topk_filter_kernelINS2_26policy_selector_from_typesIlslLl8388608EEELNS1_4topk6selectE1EN4cuda3__417constant_iteratorIPKllEENSA_IPllEENSA_INS9_17counting_iteratorIjlLi0ELi0ELi0EEElEENS9_18transform_iteratorINS2_26per_segment_indexed_out_opINSA_IPKslEENSA_IPslEEEENSG_IlnLi0ELi0ELi0EEEEENS1_6params13uniform_paramIlLl0ELl268435456EEENSU_IlLl1ELl8388608EEENSU_IlLl1ELl1EEESE_jPyNS1_21identity_decomposer_tEjjEEvT1_T2_T3_T4_T5_T6_T7_T8_PKT9_PNS6_7counterINS8_3std3__415iterator_traitsINS1E_IS10_vE10value_typeEvE10value_typeET12_T13_EEPS1J_PS1I_PNS1E_INS1E_IS12_vE10value_typeEvE10value_typeES1O_S1T_S1J_S1J_T10_iibT11_' for 'sm_100'
ptxas info    : Function properties for _ZN3cub17_V_300500_SM_10006detail12batched_topk35device_segmented_topk_filter_kernelINS2_26policy_selector_from_typesIlslLl8388608EEELNS1_4topk6selectE1EN4cuda3__417constant_iteratorIPKllEENSA_IPllEENSA_INS9_17counting_iteratorIjlLi0ELi0ELi0EEElEENS9_18transform_iteratorINS2_26per_segment_indexed_out_opINSA_IPKslEENSA_IPslEEEENSG_IlnLi0ELi0ELi0EEEEENS1_6params13uniform_paramIlLl0ELl268435456EEENSU_IlLl1ELl8388608EEENSU_IlLl1ELl1EEESE_jPyNS1_21identity_decomposer_tEjjEEvT1_T2_T3_T4_T5_T6_T7_T8_PKT9_PNS6_7counterINS8_3std3__415iterator_traitsINS1E_IS10_vE10value_typeEvE10value_typeET12_T13_EEPS1J_PS1I_PNS1E_INS1E_IS12_vE10value_typeEvE10value_typeES1O_S1T_S1J_S1J_T10_iibT11_
    0 bytes stack frame, 0 bytes spill stores, 0 bytes spill loads
ptxas info    : Used 40 registers, used 1 barriers, 8196 bytes smem
ptxas info    : Compile time = 23.779 ms
ptxas info    : Compiling entry function '_ZN3cub17_V_300500_SM_10006detail12batched_topk47device_segmented_topk_finalize_histogram_kernelINS2_26policy_selector_from_typesIlslLl8388608EEEN4cuda3__417constant_iteratorIPKllEENS1_6params13uniform_paramIlLl0ELl268435456EEENSD_IlLl1ELl8388608EEENSD_IlLl1ELl1EEEPlPyNS1_4topk16extract_bin_op_tIlLNSJ_6selectE1ELi11ENS1_21identity_decomposer_tELb1EEEjjlEEvT0_T1_T2_T3_T4_PNSJ_7counterIT9_T7_T8_EEPSV_T5_T6_ib' for 'sm_100'
ptxas info    : Function properties for _ZN3cub17_V_300500_SM_10006detail12batched_topk47device_segmented_topk_finalize_histogram_kernelINS2_26policy_selector_from_typesIlslLl8388608EEEN4cuda3__417constant_iteratorIPKllEENS1_6params13uniform_paramIlLl0ELl268435456EEENSD_IlLl1ELl8388608EEENSD_IlLl1ELl1EEEPlPyNS1_4topk16extract_bin_op_tIlLNSJ_6selectE1ELi11ENS1_21identity_decomposer_tELb1EEEjjlEEvT0_T1_T2_T3_T4_PNSJ_7counterIT9_T7_T8_EEPSV_T5_T6_ib
    0 bytes stack frame, 0 bytes spill stores, 0 bytes spill loads
ptxas info    : Used 40 registers, used 1 barriers, 8192 bytes smem
ptxas info    : Compile time = 9.205 ms
ptxas info    : Compiling entry function '_ZN3cub17_V_300500_SM_10006detail12batched_topk38device_segmented_topk_histogram_kernelINS2_26policy_selector_from_typesIlslLl8388608EEEN4cuda3__417constant_iteratorIPKllEENS1_6params13uniform_paramIlLl0ELl268435456EEENSD_IlLl1ELl8388608EEENSD_IlLl1ELl1EEEPljPyNS1_4topk16extract_bin_op_tIlLNSJ_6selectE1ELi11ENS1_21identity_decomposer_tELb1EEEjjjEEvT0_T1_T2_T3_T4_PKT5_PNSJ_7counterINS6_3std3__415iterator_traitsINSZ_ISO_vE10value_typeEvE10value_typeET8_T9_EEPS14_T6_T7_' for 'sm_100'
ptxas info    : Function properties for _ZN3cub17_V_300500_SM_10006detail12batched_topk38device_segmented_topk_histogram_kernelINS2_26policy_selector_from_typesIlslLl8388608EEEN4cuda3__417constant_iteratorIPKllEENS1_6params13uniform_paramIlLl0ELl268435456EEENSD_IlLl1ELl8388608EEENSD_IlLl1ELl1EEEPljPyNS1_4topk16extract_bin_op_tIlLNSJ_6selectE1ELi11ENS1_21identity_decomposer_tELb1EEEjjjEEvT0_T1_T2_T3_T4_PKT5_PNSJ_7counterINS6_3std3__415iterator_traitsINSZ_ISO_vE10value_typeEvE10value_typeET8_T9_EEPS14_T6_T7_
    0 bytes stack frame, 0 bytes spill stores, 0 bytes spill loads
ptxas info    : Used 30 registers, used 1 barriers, 8240 bytes smem
ptxas info    : Compile time = 19.556 ms
ptxas info    : Compiling entry function '_ZN3cub17_V_300500_SM_10006detail12batched_topk44device_segmented_topk_finalize_filter_kernelINS2_26policy_selector_from_typesIlslLl8388608EEELNS1_4topk6selectE0EN4cuda3__417constant_iteratorIPKllEENSA_IPllEENSA_INS9_17counting_iteratorIjlLi0ELi0ELi0EEElEENS9_18transform_iteratorINS2_26per_segment_indexed_out_opINSA_IPKslEENSA_IPslEEEENSG_IlnLi0ELi0ELi0EEEEENS1_6params13uniform_paramIlLl0ELl268435456EEENSU_IlLl1ELl8388608EEENSU_IlLl1ELl1EEESE_jPyNS1_21identity_decomposer_tEjjlEEvT1_T2_T3_T4_T5_T6_T7_T8_PKT9_PNS6_7counterIT14_T12_T13_EEPS1D_PS1C_PNS8_3std3__415iterator_traitsINS1L_IS12_vE10value_typeEvE10value_typeES1I_S1Q_T10_S1D_S1D_iiT11_b' for 'sm_100'
ptxas info    : Function properties for _ZN3cub17_V_300500_SM_10006detail12batched_topk44device_segmented_topk_finalize_filter_kernelINS2_26policy_selector_from_typesIlslLl8388608EEELNS1_4topk6selectE0EN4cuda3__417constant_iteratorIPKllEENSA_IPllEENSA_INS9_17counting_iteratorIjlLi0ELi0ELi0EEElEENS9_18transform_iteratorINS2_26per_segment_indexed_out_opINSA_IPKslEENSA_IPslEEEENSG_IlnLi0ELi0ELi0EEEEENS1_6params13uniform_paramIlLl0ELl268435456EEENSU_IlLl1ELl8388608EEENSU_IlLl1ELl1EEESE_jPyNS1_21identity_decomposer_tEjjlEEvT1_T2_T3_T4_T5_T6_T7_T8_PKT9_PNS6_7counterIT14_T12_T13_EEPS1D_PS1C_PNS8_3std3__415iterator_traitsINS1L_IS12_vE10value_typeEvE10value_typeES1I_S1Q_T10_S1D_S1D_iiT11_b
    0 bytes stack frame, 0 bytes spill stores, 0 bytes spill loads
ptxas info    : Used 54 registers, used 1 barriers, 8208 bytes smem
ptxas info    : Compile time = 23.857 ms
ptxas info    : Compiling entry function '_ZN3cub17_V_300500_SM_10006detail12batched_topk40device_segmented_topk_last_filter_kernelINS2_26policy_selector_from_typesIlslLl8388608EEELNS1_4topk6selectE0EN4cuda3__417constant_iteratorIPKllEENSA_IPllEENSA_INS9_17counting_iteratorIjlLi0ELi0ELi0EEElEENS9_18transform_iteratorINS2_26per_segment_indexed_out_opINSA_IPKslEENSA_IPslEEEENSG_IlnLi0ELi0ELi0EEEEENS1_6params13uniform_paramIlLl0ELl268435456EEENSU_IlLl1ELl8388608EEENSU_IlLl1ELl1EEESE_jPyNS1_21identity_decomposer_tEjjEEvT1_T2_T3_T4_T5_T6_T7_T8_PKT9_PNS6_7counterINS8_3std3__415iterator_traitsINS1E_IS10_vE10value_typeEvE10value_typeET12_T13_EEPS1I_PNS1E_INS1E_IS12_vE10value_typeEvE10value_typeES1J_T10_iiT11_' for 'sm_100'
ptxas info    : Function properties for _ZN3cub17_V_300500_SM_10006detail12batched_topk40device_segmented_topk_last_filter_kernelINS2_26policy_selector_from_typesIlslLl8388608EEELNS1_4topk6selectE0EN4cuda3__417constant_iteratorIPKllEENSA_IPllEENSA_INS9_17counting_iteratorIjlLi0ELi0ELi0EEElEENS9_18transform_iteratorINS2_26per_segment_indexed_out_opINSA_IPKslEENSA_IPslEEEENSG_IlnLi0ELi0ELi0EEEEENS1_6params13uniform_paramIlLl0ELl268435456EEENSU_IlLl1ELl8388608EEENSU_IlLl1ELl1EEESE_jPyNS1_21identity_decomposer_tEjjEEvT1_T2_T3_T4_T5_T6_T7_T8_PKT9_PNS6_7counterINS8_3std3__415iterator_traitsINS1E_IS10_vE10value_typeEvE10value_typeET12_T13_EEPS1I_PNS1E_INS1E_IS12_vE10value_typeEvE10value_typeES1J_T10_iiT11_
    0 bytes stack frame, 0 bytes spill stores, 0 bytes spill loads
ptxas info    : Used 40 registers, used 0 barriers
ptxas info    : Compile time = 24.143 ms
ptxas info    : Compiling entry function '_ZN3cub17_V_300500_SM_10006detail12batched_topk35device_segmented_topk_filter_kernelINS2_26policy_selector_from_typesIlslLl8388608EEELNS1_4topk6selectE0EN4cuda3__417constant_iteratorIPKllEENSA_IPllEENSA_INS9_17counting_iteratorIjlLi0ELi0ELi0EEElEENS9_18transform_iteratorINS2_26per_segment_indexed_out_opINSA_IPKslEENSA_IPslEEEENSG_IlnLi0ELi0ELi0EEEEENS1_6params13uniform_paramIlLl0ELl268435456EEENSU_IlLl1ELl8388608EEENSU_IlLl1ELl1EEESE_jPyNS1_21identity_decomposer_tEjjEEvT1_T2_T3_T4_T5_T6_T7_T8_PKT9_PNS6_7counterINS8_3std3__415iterator_traitsINS1E_IS10_vE10value_typeEvE10value_typeET12_T13_EEPS1J_PS1I_PNS1E_INS1E_IS12_vE10value_typeEvE10value_typeES1O_S1T_S1J_S1J_T10_iibT11_' for 'sm_100'
ptxas info    : Function properties for _ZN3cub17_V_300500_SM_10006detail12batched_topk35device_segmented_topk_filter_kernelINS2_26policy_selector_from_typesIlslLl8388608EEELNS1_4topk6selectE0EN4cuda3__417constant_iteratorIPKllEENSA_IPllEENSA_INS9_17counting_iteratorIjlLi0ELi0ELi0EEElEENS9_18transform_iteratorINS2_26per_segment_indexed_out_opINSA_IPKslEENSA_IPslEEEENSG_IlnLi0ELi0ELi0EEEEENS1_6params13uniform_paramIlLl0ELl268435456EEENSU_IlLl1ELl8388608EEENSU_IlLl1ELl1EEESE_jPyNS1_21identity_decomposer_tEjjEEvT1_T2_T3_T4_T5_T6_T7_T8_PKT9_PNS6_7counterINS8_3std3__415iterator_traitsINS1E_IS10_vE10value_typeEvE10value_typeET12_T13_EEPS1J_PS1I_PNS1E_INS1E_IS12_vE10value_typeEvE10value_typeES1O_S1T_S1J_S1J_T10_iibT11_
    0 bytes stack frame, 0 bytes spill stores, 0 bytes spill loads
ptxas info    : Used 40 registers, used 1 barriers, 8196 bytes smem
ptxas info    : Compile time = 23.716 ms
ptxas info    : Compiling entry function '_ZN3cub17_V_300500_SM_10006detail12batched_topk47device_segmented_topk_finalize_histogram_kernelINS2_26policy_selector_from_typesIlslLl8388608EEEN4cuda3__417constant_iteratorIPKllEENS1_6params13uniform_paramIlLl0ELl268435456EEENSD_IlLl1ELl8388608EEENSD_IlLl1ELl1EEEPlPyNS1_4topk16extract_bin_op_tIlLNSJ_6selectE0ELi11ENS1_21identity_decomposer_tELb1EEEjjlEEvT0_T1_T2_T3_T4_PNSJ_7counterIT9_T7_T8_EEPSV_T5_T6_ib' for 'sm_100'
ptxas info    : Function properties for _ZN3cub17_V_300500_SM_10006detail12batched_topk47device_segmented_topk_finalize_histogram_kernelINS2_26policy_selector_from_typesIlslLl8388608EEEN4cuda3__417constant_iteratorIPKllEENS1_6params13uniform_paramIlLl0ELl268435456EEENSD_IlLl1ELl8388608EEENSD_IlLl1ELl1EEEPlPyNS1_4topk16extract_bin_op_tIlLNSJ_6selectE0ELi11ENS1_21identity_decomposer_tELb1EEEjjlEEvT0_T1_T2_T3_T4_PNSJ_7counterIT9_T7_T8_EEPSV_T5_T6_ib
    0 bytes stack frame, 0 bytes spill stores, 0 bytes spill loads
ptxas info    : Used 40 registers, used 1 barriers, 8192 bytes smem
ptxas info    : Compile time = 9.236 ms
ptxas info    : Compiling entry function '_ZN3cub17_V_300500_SM_10006detail12batched_topk38device_segmented_topk_histogram_kernelINS2_26policy_selector_from_typesIlslLl8388608EEEN4cuda3__417constant_iteratorIPKllEENS1_6params13uniform_paramIlLl0ELl268435456EEENSD_IlLl1ELl8388608EEENSD_IlLl1ELl1EEEPljPyNS1_4topk16extract_bin_op_tIlLNSJ_6selectE0ELi11ENS1_21identity_decomposer_tELb1EEEjjjEEvT0_T1_T2_T3_T4_PKT5_PNSJ_7counterINS6_3std3__415iterator_traitsINSZ_ISO_vE10value_typeEvE10value_typeET8_T9_EEPS14_T6_T7_' for 'sm_100'
ptxas info    : Function properties for _ZN3cub17_V_300500_SM_10006detail12batched_topk38device_segmented_topk_histogram_kernelINS2_26policy_selector_from_typesIlslLl8388608EEEN4cuda3__417constant_iteratorIPKllEENS1_6params13uniform_paramIlLl0ELl268435456EEENSD_IlLl1ELl8388608EEENSD_IlLl1ELl1EEEPljPyNS1_4topk16extract_bin_op_tIlLNSJ_6selectE0ELi11ENS1_21identity_decomposer_tELb1EEEjjjEEvT0_T1_T2_T3_T4_PKT5_PNSJ_7counterINS6_3std3__415iterator_traitsINSZ_ISO_vE10value_typeEvE10value_typeET8_T9_EEPS14_T6_T7_
    0 bytes stack frame, 0 bytes spill stores, 0 bytes spill loads
ptxas info    : Used 30 registers, used 1 barriers, 8240 bytes smem
ptxas info    : Compile time = 19.154 ms
ptxas info    : Compiling entry function '_ZN3cub17_V_300500_SM_10006detail12batched_topk28device_segmented_topk_kernelINS2_26policy_selector_from_typesIlslLl8388608EEEN4cuda3__417constant_iteratorIPKllEENS8_IPllEENS8_IPKslEENS8_IPslEENS1_6params13uniform_paramIlLl0ELl268435456EEENSK_IlLl1ELl8388608EEENSJ_22uniform_discrete_paramINS1_4topk6selectEJLSP_1EEEENSK_IlLl1ELl1EEEjEEvT0_T1_T2_T3_T4_T5_T6_T7_PNS2_21batched_topk_countersINSZ_10value_typeEEEPS11_PT8_' for 'sm_100'
ptxas info    : Function properties for _ZN3cub17_V_300500_SM_10006detail12batched_topk28device_segmented_topk_kernelINS2_26policy_selector_from_typesIlslLl8388608EEEN4cuda3__417constant_iteratorIPKllEENS8_IPllEENS8_IPKslEENS8_IPslEENS1_6params13uniform_paramIlLl0ELl268435456EEENSK_IlLl1ELl8388608EEENSJ_22uniform_discrete_paramINS1_4topk6selectEJLSP_1EEEENSK_IlLl1ELl1EEEjEEvT0_T1_T2_T3_T4_T5_T6_T7_PNS2_21batched_topk_countersINSZ_10value_typeEEEPS11_PT8_
    0 bytes stack frame, 0 bytes spill stores, 0 bytes spill loads
ptxas info    : Used 183 registers, used 1 barriers, 33808 bytes smem
ptxas info    : Compile time = 67.787 ms
ptxas info    : Compiling entry function '_ZN3cub17_V_300500_SM_10006detail12batched_topk44device_segmented_topk_finalize_filter_kernelINS2_26policy_selector_from_typesIlalLl8388608EEELNS1_4topk6selectE1EN4cuda3__417constant_iteratorIPKllEENSA_IPllEENSA_INS9_17counting_iteratorIjlLi0ELi0ELi0EEElEENS9_18transform_iteratorINS2_26per_segment_indexed_out_opINSA_IPKalEENSA_IPalEEEENSG_IlnLi0ELi0ELi0EEEEENS1_6params13uniform_paramIlLl0ELl268435456EEENSU_IlLl1ELl8388608EEENSU_IlLl1ELl1EEESE_jPyNS1_21identity_decomposer_tEjjlEEvT1_T2_T3_T4_T5_T6_T7_T8_PKT9_PNS6_7counterIT14_T12_T13_EEPS1D_PS1C_PNS8_3std3__415iterator_traitsINS1L_IS12_vE10value_typeEvE10value_typeES1I_S1Q_T10_S1D_S1D_iiT11_b' for 'sm_100'
ptxas info    : Function properties for _ZN3cub17_V_300500_SM_10006detail12batched_topk44device_segmented_topk_finalize_filter_kernelINS2_26policy_selector_from_typesIlalLl8388608EEELNS1_4topk6selectE1EN4cuda3__417constant_iteratorIPKllEENSA_IPllEENSA_INS9_17counting_iteratorIjlLi0ELi0ELi0EEElEENS9_18transform_iteratorINS2_26per_segment_indexed_out_opINSA_IPKalEENSA_IPalEEEENSG_IlnLi0ELi0ELi0EEEEENS1_6params13uniform_paramIlLl0ELl268435456EEENSU_IlLl1ELl8388608EEENSU_IlLl1ELl1EEESE_jPyNS1_21identity_decomposer_tEjjlEEvT1_T2_T3_T4_T5_T6_T7_T8_PKT9_PNS6_7counterIT14_T12_T13_EEPS1D_PS1C_PNS8_3std3__415iterator_traitsINS1L_IS12_vE10value_typeEvE10value_typeES1I_S1Q_T10_S1D_S1D_iiT11_b
    0 bytes stack frame, 0 bytes spill stores, 0 bytes spill loads
ptxas info    : Used 54 registers, used 1 barriers, 8208 bytes smem
ptxas info    : Compile time = 24.052 ms
ptxas info    : Compiling entry function '_ZN3cub17_V_300500_SM_10006detail12batched_topk40device_segmented_topk_last_filter_kernelINS2_26policy_selector_from_typesIlalLl8388608EEELNS1_4topk6selectE1EN4cuda3__417constant_iteratorIPKllEENSA_IPllEENSA_INS9_17counting_iteratorIjlLi0ELi0ELi0EEElEENS9_18transform_iteratorINS2_26per_segment_indexed_out_opINSA_IPKalEENSA_IPalEEEENSG_IlnLi0ELi0ELi0EEEEENS1_6params13uniform_paramIlLl0ELl268435456EEENSU_IlLl1ELl8388608EEENSU_IlLl1ELl1EEESE_jPyNS1_21identity_decomposer_tEjjEEvT1_T2_T3_T4_T5_T6_T7_T8_PKT9_PNS6_7counterINS8_3std3__415iterator_traitsINS1E_IS10_vE10value_typeEvE10value_typeET12_T13_EEPS1I_PNS1E_INS1E_IS12_vE10value_typeEvE10value_typeES1J_T10_iiT11_' for 'sm_100'
ptxas info    : Function properties for _ZN3cub17_V_300500_SM_10006detail12batched_topk40device_segmented_topk_last_filter_kernelINS2_26policy_selector_from_typesIlalLl8388608EEELNS1_4topk6selectE1EN4cuda3__417constant_iteratorIPKllEENSA_IPllEENSA_INS9_17counting_iteratorIjlLi0ELi0ELi0EEElEENS9_18transform_iteratorINS2_26per_segment_indexed_out_opINSA_IPKalEENSA_IPalEEEENSG_IlnLi0ELi0ELi0EEEEENS1_6params13uniform_paramIlLl0ELl268435456EEENSU_IlLl1ELl8388608EEENSU_IlLl1ELl1EEESE_jPyNS1_21identity_decomposer_tEjjEEvT1_T2_T3_T4_T5_T6_T7_T8_PKT9_PNS6_7counterINS8_3std3__415iterator_traitsINS1E_IS10_vE10value_typeEvE10value_typeET12_T13_EEPS1I_PNS1E_INS1E_IS12_vE10value_typeEvE10value_typeES1J_T10_iiT11_
    0 bytes stack frame, 0 bytes spill stores, 0 bytes spill loads
ptxas info    : Used 40 registers, used 0 barriers
ptxas info    : Compile time = 24.710 ms
ptxas info    : Compiling entry function '_ZN3cub17_V_300500_SM_10006detail12batched_topk35device_segmented_topk_filter_kernelINS2_26policy_selector_from_typesIlalLl8388608EEELNS1_4topk6selectE1EN4cuda3__417constant_iteratorIPKllEENSA_IPllEENSA_INS9_17counting_iteratorIjlLi0ELi0ELi0EEElEENS9_18transform_iteratorINS2_26per_segment_indexed_out_opINSA_IPKalEENSA_IPalEEEENSG_IlnLi0ELi0ELi0EEEEENS1_6params13uniform_paramIlLl0ELl268435456EEENSU_IlLl1ELl8388608EEENSU_IlLl1ELl1EEESE_jPyNS1_21identity_decomposer_tEjjEEvT1_T2_T3_T4_T5_T6_T7_T8_PKT9_PNS6_7counterINS8_3std3__415iterator_traitsINS1E_IS10_vE10value_typeEvE10value_typeET12_T13_EEPS1J_PS1I_PNS1E_INS1E_IS12_vE10value_typeEvE10value_typeES1O_S1T_S1J_S1J_T10_iibT11_' for 'sm_100'
ptxas info    : Function properties for _ZN3cub17_V_300500_SM_10006detail12batched_topk35device_segmented_topk_filter_kernelINS2_26policy_selector_from_typesIlalLl8388608EEELNS1_4topk6selectE1EN4cuda3__417constant_iteratorIPKllEENSA_IPllEENSA_INS9_17counting_iteratorIjlLi0ELi0ELi0EEElEENS9_18transform_iteratorINS2_26per_segment_indexed_out_opINSA_IPKalEENSA_IPalEEEENSG_IlnLi0ELi0ELi0EEEEENS1_6params13uniform_paramIlLl0ELl268435456EEENSU_IlLl1ELl8388608EEENSU_IlLl1ELl1EEESE_jPyNS1_21identity_decomposer_tEjjEEvT1_T2_T3_T4_T5_T6_T7_T8_PKT9_PNS6_7counterINS8_3std3__415iterator_traitsINS1E_IS10_vE10value_typeEvE10value_typeET12_T13_EEPS1J_PS1I_PNS1E_INS1E_IS12_vE10value_typeEvE10value_typeES1O_S1T_S1J_S1J_T10_iibT11_
    0 bytes stack frame, 0 bytes spill stores, 0 bytes spill loads
ptxas info    : Used 40 registers, used 1 barriers, 8196 bytes smem
ptxas info    : Compile time = 24.163 ms
ptxas info    : Compiling entry function '_ZN3cub17_V_300500_SM_10006detail12batched_topk47device_segmented_topk_finalize_histogram_kernelINS2_26policy_selector_from_typesIlalLl8388608EEEN4cuda3__417constant_iteratorIPKllEENS1_6params13uniform_paramIlLl0ELl268435456EEENSD_IlLl1ELl8388608EEENSD_IlLl1ELl1EEEPlPyNS1_4topk16extract_bin_op_tIlLNSJ_6selectE1ELi11ENS1_21identity_decomposer_tELb1EEEjjlEEvT0_T1_T2_T3_T4_PNSJ_7counterIT9_T7_T8_EEPSV_T5_T6_ib' for 'sm_100'
ptxas info    : Function properties for _ZN3cub17_V_300500_SM_10006detail12batched_topk47device_segmented_topk_finalize_histogram_kernelINS2_26policy_selector_from_typesIlalLl8388608EEEN4cuda3__417constant_iteratorIPKllEENS1_6params13uniform_paramIlLl0ELl268435456EEENSD_IlLl1ELl8388608EEENSD_IlLl1ELl1EEEPlPyNS1_4topk16extract_bin_op_tIlLNSJ_6selectE1ELi11ENS1_21identity_decomposer_tELb1EEEjjlEEvT0_T1_T2_T3_T4_PNSJ_7counterIT9_T7_T8_EEPSV_T5_T6_ib
    0 bytes stack frame, 0 bytes spill stores, 0 bytes spill loads
ptxas info    : Used 40 registers, used 1 barriers, 8192 bytes smem
ptxas info    : Compile time = 9.206 ms
ptxas info    : Compiling entry function '_ZN3cub17_V_300500_SM_10006detail12batched_topk38device_segmented_topk_histogram_kernelINS2_26policy_selector_from_typesIlalLl8388608EEEN4cuda3__417constant_iteratorIPKllEENS1_6params13uniform_paramIlLl0ELl268435456EEENSD_IlLl1ELl8388608EEENSD_IlLl1ELl1EEEPljPyNS1_4topk16extract_bin_op_tIlLNSJ_6selectE1ELi11ENS1_21identity_decomposer_tELb1EEEjjjEEvT0_T1_T2_T3_T4_PKT5_PNSJ_7counterINS6_3std3__415iterator_traitsINSZ_ISO_vE10value_typeEvE10value_typeET8_T9_EEPS14_T6_T7_' for 'sm_100'
ptxas info    : Function properties for _ZN3cub17_V_300500_SM_10006detail12batched_topk38device_segmented_topk_histogram_kernelINS2_26policy_selector_from_typesIlalLl8388608EEEN4cuda3__417constant_iteratorIPKllEENS1_6params13uniform_paramIlLl0ELl268435456EEENSD_IlLl1ELl8388608EEENSD_IlLl1ELl1EEEPljPyNS1_4topk16extract_bin_op_tIlLNSJ_6selectE1ELi11ENS1_21identity_decomposer_tELb1EEEjjjEEvT0_T1_T2_T3_T4_PKT5_PNSJ_7counterINS6_3std3__415iterator_traitsINSZ_ISO_vE10value_typeEvE10value_typeET8_T9_EEPS14_T6_T7_
    0 bytes stack frame, 0 bytes spill stores, 0 bytes spill loads
ptxas info    : Used 30 registers, used 1 barriers, 8240 bytes smem
ptxas info    : Compile time = 19.549 ms
ptxas info    : Compiling entry function '_ZN3cub17_V_300500_SM_10006detail12batched_topk44device_segmented_topk_finalize_filter_kernelINS2_26policy_selector_from_typesIlalLl8388608EEELNS1_4topk6selectE0EN4cuda3__417constant_iteratorIPKllEENSA_IPllEENSA_INS9_17counting_iteratorIjlLi0ELi0ELi0EEElEENS9_18transform_iteratorINS2_26per_segment_indexed_out_opINSA_IPKalEENSA_IPalEEEENSG_IlnLi0ELi0ELi0EEEEENS1_6params13uniform_paramIlLl0ELl268435456EEENSU_IlLl1ELl8388608EEENSU_IlLl1ELl1EEESE_jPyNS1_21identity_decomposer_tEjjlEEvT1_T2_T3_T4_T5_T6_T7_T8_PKT9_PNS6_7counterIT14_T12_T13_EEPS1D_PS1C_PNS8_3std3__415iterator_traitsINS1L_IS12_vE10value_typeEvE10value_typeES1I_S1Q_T10_S1D_S1D_iiT11_b' for 'sm_100'
ptxas info    : Function properties for _ZN3cub17_V_300500_SM_10006detail12batched_topk44device_segmented_topk_finalize_filter_kernelINS2_26policy_selector_from_typesIlalLl8388608EEELNS1_4topk6selectE0EN4cuda3__417constant_iteratorIPKllEENSA_IPllEENSA_INS9_17counting_iteratorIjlLi0ELi0ELi0EEElEENS9_18transform_iteratorINS2_26per_segment_indexed_out_opINSA_IPKalEENSA_IPalEEEENSG_IlnLi0ELi0ELi0EEEEENS1_6params13uniform_paramIlLl0ELl268435456EEENSU_IlLl1ELl8388608EEENSU_IlLl1ELl1EEESE_jPyNS1_21identity_decomposer_tEjjlEEvT1_T2_T3_T4_T5_T6_T7_T8_PKT9_PNS6_7counterIT14_T12_T13_EEPS1D_PS1C_PNS8_3std3__415iterator_traitsINS1L_IS12_vE10value_typeEvE10value_typeES1I_S1Q_T10_S1D_S1D_iiT11_b
    0 bytes stack frame, 0 bytes spill stores, 0 bytes spill loads
ptxas info    : Used 54 registers, used 1 barriers, 8208 bytes smem
ptxas info    : Compile time = 24.065 ms
ptxas info    : Compiling entry function '_ZN3cub17_V_300500_SM_10006detail12batched_topk40device_segmented_topk_last_filter_kernelINS2_26policy_selector_from_typesIlalLl8388608EEELNS1_4topk6selectE0EN4cuda3__417constant_iteratorIPKllEENSA_IPllEENSA_INS9_17counting_iteratorIjlLi0ELi0ELi0EEElEENS9_18transform_iteratorINS2_26per_segment_indexed_out_opINSA_IPKalEENSA_IPalEEEENSG_IlnLi0ELi0ELi0EEEEENS1_6params13uniform_paramIlLl0ELl268435456EEENSU_IlLl1ELl8388608EEENSU_IlLl1ELl1EEESE_jPyNS1_21identity_decomposer_tEjjEEvT1_T2_T3_T4_T5_T6_T7_T8_PKT9_PNS6_7counterINS8_3std3__415iterator_traitsINS1E_IS10_vE10value_typeEvE10value_typeET12_T13_EEPS1I_PNS1E_INS1E_IS12_vE10value_typeEvE10value_typeES1J_T10_iiT11_' for 'sm_100'
ptxas info    : Function properties for _ZN3cub17_V_300500_SM_10006detail12batched_topk40device_segmented_topk_last_filter_kernelINS2_26policy_selector_from_typesIlalLl8388608EEELNS1_4topk6selectE0EN4cuda3__417constant_iteratorIPKllEENSA_IPllEENSA_INS9_17counting_iteratorIjlLi0ELi0ELi0EEElEENS9_18transform_iteratorINS2_26per_segment_indexed_out_opINSA_IPKalEENSA_IPalEEEENSG_IlnLi0ELi0ELi0EEEEENS1_6params13uniform_paramIlLl0ELl268435456EEENSU_IlLl1ELl8388608EEENSU_IlLl1ELl1EEESE_jPyNS1_21identity_decomposer_tEjjEEvT1_T2_T3_T4_T5_T6_T7_T8_PKT9_PNS6_7counterINS8_3std3__415iterator_traitsINS1E_IS10_vE10value_typeEvE10value_typeET12_T13_EEPS1I_PNS1E_INS1E_IS12_vE10value_typeEvE10value_typeES1J_T10_iiT11_
    0 bytes stack frame, 0 bytes spill stores, 0 bytes spill loads
ptxas info    : Used 40 registers, used 0 barriers
ptxas info    : Compile time = 24.760 ms
ptxas info    : Compiling entry function '_ZN3cub17_V_300500_SM_10006detail12batched_topk35device_segmented_topk_filter_kernelINS2_26policy_selector_from_typesIlalLl8388608EEELNS1_4topk6selectE0EN4cuda3__417constant_iteratorIPKllEENSA_IPllEENSA_INS9_17counting_iteratorIjlLi0ELi0ELi0EEElEENS9_18transform_iteratorINS2_26per_segment_indexed_out_opINSA_IPKalEENSA_IPalEEEENSG_IlnLi0ELi0ELi0EEEEENS1_6params13uniform_paramIlLl0ELl268435456EEENSU_IlLl1ELl8388608EEENSU_IlLl1ELl1EEESE_jPyNS1_21identity_decomposer_tEjjEEvT1_T2_T3_T4_T5_T6_T7_T8_PKT9_PNS6_7counterINS8_3std3__415iterator_traitsINS1E_IS10_vE10value_typeEvE10value_typeET12_T13_EEPS1J_PS1I_PNS1E_INS1E_IS12_vE10value_typeEvE10value_typeES1O_S1T_S1J_S1J_T10_iibT11_' for 'sm_100'
ptxas info    : Function properties for _ZN3cub17_V_300500_SM_10006detail12batched_topk35device_segmented_topk_filter_kernelINS2_26policy_selector_from_typesIlalLl8388608EEELNS1_4topk6selectE0EN4cuda3__417constant_iteratorIPKllEENSA_IPllEENSA_INS9_17counting_iteratorIjlLi0ELi0ELi0EEElEENS9_18transform_iteratorINS2_26per_segment_indexed_out_opINSA_IPKalEENSA_IPalEEEENSG_IlnLi0ELi0ELi0EEEEENS1_6params13uniform_paramIlLl0ELl268435456EEENSU_IlLl1ELl8388608EEENSU_IlLl1ELl1EEESE_jPyNS1_21identity_decomposer_tEjjEEvT1_T2_T3_T4_T5_T6_T7_T8_PKT9_PNS6_7counterINS8_3std3__415iterator_traitsINS1E_IS10_vE10value_typeEvE10value_typeET12_T13_EEPS1J_PS1I_PNS1E_INS1E_IS12_vE10value_typeEvE10value_typeES1O_S1T_S1J_S1J_T10_iibT11_
    0 bytes stack frame, 0 bytes spill stores, 0 bytes spill loads
ptxas info    : Used 40 registers, used 1 barriers, 8196 bytes smem
ptxas info    : Compile time = 24.060 ms
ptxas info    : Compiling entry function '_ZN3cub17_V_300500_SM_10006detail12batched_topk47device_segmented_topk_finalize_histogram_kernelINS2_26policy_selector_from_typesIlalLl8388608EEEN4cuda3__417constant_iteratorIPKllEENS1_6params13uniform_paramIlLl0ELl268435456EEENSD_IlLl1ELl8388608EEENSD_IlLl1ELl1EEEPlPyNS1_4topk16extract_bin_op_tIlLNSJ_6selectE0ELi11ENS1_21identity_decomposer_tELb1EEEjjlEEvT0_T1_T2_T3_T4_PNSJ_7counterIT9_T7_T8_EEPSV_T5_T6_ib' for 'sm_100'
ptxas info    : Function properties for _ZN3cub17_V_300500_SM_10006detail12batched_topk47device_segmented_topk_finalize_histogram_kernelINS2_26policy_selector_from_typesIlalLl8388608EEEN4cuda3__417constant_iteratorIPKllEENS1_6params13uniform_paramIlLl0ELl268435456EEENSD_IlLl1ELl8388608EEENSD_IlLl1ELl1EEEPlPyNS1_4topk16extract_bin_op_tIlLNSJ_6selectE0ELi11ENS1_21identity_decomposer_tELb1EEEjjlEEvT0_T1_T2_T3_T4_PNSJ_7counterIT9_T7_T8_EEPSV_T5_T6_ib
    0 bytes stack frame, 0 bytes spill stores, 0 bytes spill loads
ptxas info    : Used 40 registers, used 1 barriers, 8192 bytes smem
ptxas info    : Compile time = 9.206 ms
ptxas info    : Compiling entry function '_ZN3cub17_V_300500_SM_10006detail12batched_topk38device_segmented_topk_histogram_kernelINS2_26policy_selector_from_typesIlalLl8388608EEEN4cuda3__417constant_iteratorIPKllEENS1_6params13uniform_paramIlLl0ELl268435456EEENSD_IlLl1ELl8388608EEENSD_IlLl1ELl1EEEPljPyNS1_4topk16extract_bin_op_tIlLNSJ_6selectE0ELi11ENS1_21identity_decomposer_tELb1EEEjjjEEvT0_T1_T2_T3_T4_PKT5_PNSJ_7counterINS6_3std3__415iterator_traitsINSZ_ISO_vE10value_typeEvE10value_typeET8_T9_EEPS14_T6_T7_' for 'sm_100'
ptxas info    : Function properties for _ZN3cub17_V_300500_SM_10006detail12batched_topk38device_segmented_topk_histogram_kernelINS2_26policy_selector_from_typesIlalLl8388608EEEN4cuda3__417constant_iteratorIPKllEENS1_6params13uniform_paramIlLl0ELl268435456EEENSD_IlLl1ELl8388608EEENSD_IlLl1ELl1EEEPljPyNS1_4topk16extract_bin_op_tIlLNSJ_6selectE0ELi11ENS1_21identity_decomposer_tELb1EEEjjjEEvT0_T1_T2_T3_T4_PKT5_PNSJ_7counterINS6_3std3__415iterator_traitsINSZ_ISO_vE10value_typeEvE10value_typeET8_T9_EEPS14_T6_T7_
    0 bytes stack frame, 0 bytes spill stores, 0 bytes spill loads
ptxas info    : Used 30 registers, used 1 barriers, 8240 bytes smem
ptxas info    : Compile time = 19.127 ms
ptxas info    : Compiling entry function '_ZN3cub17_V_300500_SM_10006detail12batched_topk28device_segmented_topk_kernelINS2_26policy_selector_from_typesIlalLl8388608EEEN4cuda3__417constant_iteratorIPKllEENS8_IPllEENS8_IPKalEENS8_IPalEENS1_6params13uniform_paramIlLl0ELl268435456EEENSK_IlLl1ELl8388608EEENSJ_22uniform_discrete_paramINS1_4topk6selectEJLSP_1EEEENSK_IlLl1ELl1EEEjEEvT0_T1_T2_T3_T4_T5_T6_T7_PNS2_21batched_topk_countersINSZ_10value_typeEEEPS11_PT8_' for 'sm_100'
ptxas info    : Function properties for _ZN3cub17_V_300500_SM_10006detail12batched_topk28device_segmented_topk_kernelINS2_26policy_selector_from_typesIlalLl8388608EEEN4cuda3__417constant_iteratorIPKllEENS8_IPllEENS8_IPKalEENS8_IPalEENS1_6params13uniform_paramIlLl0ELl268435456EEENSK_IlLl1ELl8388608EEENSJ_22uniform_discrete_paramINS1_4topk6selectEJLSP_1EEEENSK_IlLl1ELl1EEEjEEvT0_T1_T2_T3_T4_T5_T6_T7_PNS2_21batched_topk_countersINSZ_10value_typeEEEPS11_PT8_
    0 bytes stack frame, 0 bytes spill stores, 0 bytes spill loads
ptxas info    : Used 183 registers, used 1 barriers, 33808 bytes smem
ptxas info    : Compile time = 67.071 ms
ptxas info    : Compiling entry function '_ZN3cub17_V_300500_SM_10006detail12batched_topk44device_segmented_topk_finalize_filter_kernelINS2_26policy_selector_from_typesIillLl8388608EEELNS1_4topk6selectE1EN4cuda3__417constant_iteratorIPKilEENSA_IPilEENSA_INS9_17counting_iteratorIjlLi0ELi0ELi0EEElEENS9_18transform_iteratorINS2_26per_segment_indexed_out_opINSA_IPKllEENSA_IPllEEEENSG_IlnLi0ELi0ELi0EEEEENS1_6params13uniform_paramIlLl0ELl268435456EEENSU_IlLl1ELl8388608EEENSU_IlLl1ELl1EEESO_jPyNS1_21identity_decomposer_tEjjiEEvT1_T2_T3_T4_T5_T6_T7_T8_PKT9_PNS6_7counterIT14_T12_T13_EEPS1D_PS1C_PNS8_3std3__415iterator_traitsINS1L_IS12_vE10value_typeEvE10value_typeES1I_S1Q_T10_S1D_S1D_iiT11_b' for 'sm_100'
ptxas info    : Function properties for _ZN3cub17_V_300500_SM_10006detail12batched_topk44device_segmented_topk_finalize_filter_kernelINS2_26policy_selector_from_typesIillLl8388608EEELNS1_4topk6selectE1EN4cuda3__417constant_iteratorIPKilEENSA_IPilEENSA_INS9_17counting_iteratorIjlLi0ELi0ELi0EEElEENS9_18transform_iteratorINS2_26per_segment_indexed_out_opINSA_IPKllEENSA_IPllEEEENSG_IlnLi0ELi0ELi0EEEEENS1_6params13uniform_paramIlLl0ELl268435456EEENSU_IlLl1ELl8388608EEENSU_IlLl1ELl1EEESO_jPyNS1_21identity_decomposer_tEjjiEEvT1_T2_T3_T4_T5_T6_T7_T8_PKT9_PNS6_7counterIT14_T12_T13_EEPS1D_PS1C_PNS8_3std3__415iterator_traitsINS1L_IS12_vE10value_typeEvE10value_typeES1I_S1Q_T10_S1D_S1D_iiT11_b
    0 bytes stack frame, 0 bytes spill stores, 0 bytes spill loads
ptxas info    : Used 52 registers, used 1 barriers, 8208 bytes smem
ptxas info    : Compile time = 30.011 ms
ptxas info    : Compiling entry function '_ZN3cub17_V_300500_SM_10006detail12batched_topk40device_segmented_topk_last_filter_kernelINS2_26policy_selector_from_typesIillLl8388608EEELNS1_4topk6selectE1EN4cuda3__417constant_iteratorIPKilEENSA_IPilEENSA_INS9_17counting_iteratorIjlLi0ELi0ELi0EEElEENS9_18transform_iteratorINS2_26per_segment_indexed_out_opINSA_IPKllEENSA_IPllEEEENSG_IlnLi0ELi0ELi0EEEEENS1_6params13uniform_paramIlLl0ELl268435456EEENSU_IlLl1ELl8388608EEENSU_IlLl1ELl1EEESO_jPyNS1_21identity_decomposer_tEjjEEvT1_T2_T3_T4_T5_T6_T7_T8_PKT9_PNS6_7counterINS8_3std3__415iterator_traitsINS1E_IS10_vE10value_typeEvE10value_typeET12_T13_EEPS1I_PNS1E_INS1E_IS12_vE10value_typeEvE10value_typeES1J_T10_iiT11_' for 'sm_100'
ptxas info    : Function properties for _ZN3cub17_V_300500_SM_10006detail12batched_topk40device_segmented_topk_last_filter_kernelINS2_26policy_selector_from_typesIillLl8388608EEELNS1_4topk6selectE1EN4cuda3__417constant_iteratorIPKilEENSA_IPilEENSA_INS9_17counting_iteratorIjlLi0ELi0ELi0EEElEENS9_18transform_iteratorINS2_26per_segment_indexed_out_opINSA_IPKllEENSA_IPllEEEENSG_IlnLi0ELi0ELi0EEEEENS1_6params13uniform_paramIlLl0ELl268435456EEENSU_IlLl1ELl8388608EEENSU_IlLl1ELl1EEESO_jPyNS1_21identity_decomposer_tEjjEEvT1_T2_T3_T4_T5_T6_T7_T8_PKT9_PNS6_7counterINS8_3std3__415iterator_traitsINS1E_IS10_vE10value_typeEvE10value_typeET12_T13_EEPS1I_PNS1E_INS1E_IS12_vE10value_typeEvE10value_typeES1J_T10_iiT11_
    0 bytes stack frame, 0 bytes spill stores, 0 bytes spill loads
ptxas info    : Used 40 registers, used 0 barriers
ptxas info    : Compile time = 31.583 ms
ptxas info    : Compiling entry function '_ZN3cub17_V_300500_SM_10006detail12batched_topk35device_segmented_topk_filter_kernelINS2_26policy_selector_from_typesIillLl8388608EEELNS1_4topk6selectE1EN4cuda3__417constant_iteratorIPKilEENSA_IPilEENSA_INS9_17counting_iteratorIjlLi0ELi0ELi0EEElEENS9_18transform_iteratorINS2_26per_segment_indexed_out_opINSA_IPKllEENSA_IPllEEEENSG_IlnLi0ELi0ELi0EEEEENS1_6params13uniform_paramIlLl0ELl268435456EEENSU_IlLl1ELl8388608EEENSU_IlLl1ELl1EEESO_jPyNS1_21identity_decomposer_tEjjEEvT1_T2_T3_T4_T5_T6_T7_T8_PKT9_PNS6_7counterINS8_3std3__415iterator_traitsINS1E_IS10_vE10value_typeEvE10value_typeET12_T13_EEPS1J_PS1I_PNS1E_INS1E_IS12_vE10value_typeEvE10value_typeES1O_S1T_S1J_S1J_T10_iibT11_' for 'sm_100'
ptxas info    : Function properties for _ZN3cub17_V_300500_SM_10006detail12batched_topk35device_segmented_topk_filter_kernelINS2_26policy_selector_from_typesIillLl8388608EEELNS1_4topk6selectE1EN4cuda3__417constant_iteratorIPKilEENSA_IPilEENSA_INS9_17counting_iteratorIjlLi0ELi0ELi0EEElEENS9_18transform_iteratorINS2_26per_segment_indexed_out_opINSA_IPKllEENSA_IPllEEEENSG_IlnLi0ELi0ELi0EEEEENS1_6params13uniform_paramIlLl0ELl268435456EEENSU_IlLl1ELl8388608EEENSU_IlLl1ELl1EEESO_jPyNS1_21identity_decomposer_tEjjEEvT1_T2_T3_T4_T5_T6_T7_T8_PKT9_PNS6_7counterINS8_3std3__415iterator_traitsINS1E_IS10_vE10value_typeEvE10value_typeET12_T13_EEPS1J_PS1I_PNS1E_INS1E_IS12_vE10value_typeEvE10value_typeES1O_S1T_S1J_S1J_T10_iibT11_
    0 bytes stack frame, 0 bytes spill stores, 0 bytes spill loads
ptxas info    : Used 40 registers, used 1 barriers, 8196 bytes smem
ptxas info    : Compile time = 28.514 ms
ptxas info    : Compiling entry function '_ZN3cub17_V_300500_SM_10006detail12batched_topk47device_segmented_topk_finalize_histogram_kernelINS2_26policy_selector_from_typesIillLl8388608EEEN4cuda3__417constant_iteratorIPKilEENS1_6params13uniform_paramIlLl0ELl268435456EEENSD_IlLl1ELl8388608EEENSD_IlLl1ELl1EEEPlPyNS1_4topk16extract_bin_op_tIiLNSJ_6selectE1ELi11ENS1_21identity_decomposer_tELb1EEEjjiEEvT0_T1_T2_T3_T4_PNSJ_7counterIT9_T7_T8_EEPSV_T5_T6_ib' for 'sm_100'
ptxas info    : Function properties for _ZN3cub17_V_300500_SM_10006detail12batched_topk47device_segmented_topk_finalize_histogram_kernelINS2_26policy_selector_from_typesIillLl8388608EEEN4cuda3__417constant_iteratorIPKilEENS1_6params13uniform_paramIlLl0ELl268435456EEENSD_IlLl1ELl8388608EEENSD_IlLl1ELl1EEEPlPyNS1_4topk16extract_bin_op_tIiLNSJ_6selectE1ELi11ENS1_21identity_decomposer_tELb1EEEjjiEEvT0_T1_T2_T3_T4_PNSJ_7counterIT9_T7_T8_EEPSV_T5_T6_ib
    0 bytes stack frame, 0 bytes spill stores, 0 bytes spill loads
ptxas info    : Used 40 registers, used 1 barriers, 8192 bytes smem
ptxas info    : Compile time = 9.430 ms
ptxas info    : Compiling entry function '_ZN3cub17_V_300500_SM_10006detail12batched_topk38device_segmented_topk_histogram_kernelINS2_26policy_selector_from_typesIillLl8388608EEEN4cuda3__417constant_iteratorIPKilEENS1_6params13uniform_paramIlLl0ELl268435456EEENSD_IlLl1ELl8388608EEENSD_IlLl1ELl1EEEPljPyNS1_4topk16extract_bin_op_tIiLNSJ_6selectE1ELi11ENS1_21identity_decomposer_tELb1EEEjjjEEvT0_T1_T2_T3_T4_PKT5_PNSJ_7counterINS6_3std3__415iterator_traitsINSZ_ISO_vE10value_typeEvE10value_typeET8_T9_EEPS14_T6_T7_' for 'sm_100'
ptxas info    : Function properties for _ZN3cub17_V_300500_SM_10006detail12batched_topk38device_segmented_topk_histogram_kernelINS2_26policy_selector_from_typesIillLl8388608EEEN4cuda3__417constant_iteratorIPKilEENS1_6params13uniform_paramIlLl0ELl268435456EEENSD_IlLl1ELl8388608EEENSD_IlLl1ELl1EEEPljPyNS1_4topk16extract_bin_op_tIiLNSJ_6selectE1ELi11ENS1_21identity_decomposer_tELb1EEEjjjEEvT0_T1_T2_T3_T4_PKT5_PNSJ_7counterINS6_3std3__415iterator_traitsINSZ_ISO_vE10value_typeEvE10value_typeET8_T9_EEPS14_T6_T7_
    0 bytes stack frame, 0 bytes spill stores, 0 bytes spill loads
ptxas info    : Used 30 registers, used 1 barriers, 8240 bytes smem
ptxas info    : Compile time = 23.793 ms
ptxas info    : Compiling entry function '_ZN3cub17_V_300500_SM_10006detail12batched_topk44device_segmented_topk_finalize_filter_kernelINS2_26policy_selector_from_typesIillLl8388608EEELNS1_4topk6selectE0EN4cuda3__417constant_iteratorIPKilEENSA_IPilEENSA_INS9_17counting_iteratorIjlLi0ELi0ELi0EEElEENS9_18transform_iteratorINS2_26per_segment_indexed_out_opINSA_IPKllEENSA_IPllEEEENSG_IlnLi0ELi0ELi0EEEEENS1_6params13uniform_paramIlLl0ELl268435456EEENSU_IlLl1ELl8388608EEENSU_IlLl1ELl1EEESO_jPyNS1_21identity_decomposer_tEjjiEEvT1_T2_T3_T4_T5_T6_T7_T8_PKT9_PNS6_7counterIT14_T12_T13_EEPS1D_PS1C_PNS8_3std3__415iterator_traitsINS1L_IS12_vE10value_typeEvE10value_typeES1I_S1Q_T10_S1D_S1D_iiT11_b' for 'sm_100'
ptxas info    : Function properties for _ZN3cub17_V_300500_SM_10006detail12batched_topk44device_segmented_topk_finalize_filter_kernelINS2_26policy_selector_from_typesIillLl8388608EEELNS1_4topk6selectE0EN4cuda3__417constant_iteratorIPKilEENSA_IPilEENSA_INS9_17counting_iteratorIjlLi0ELi0ELi0EEElEENS9_18transform_iteratorINS2_26per_segment_indexed_out_opINSA_IPKllEENSA_IPllEEEENSG_IlnLi0ELi0ELi0EEEEENS1_6params13uniform_paramIlLl0ELl268435456EEENSU_IlLl1ELl8388608EEENSU_IlLl1ELl1EEESO_jPyNS1_21identity_decomposer_tEjjiEEvT1_T2_T3_T4_T5_T6_T7_T8_PKT9_PNS6_7counterIT14_T12_T13_EEPS1D_PS1C_PNS8_3std3__415iterator_traitsINS1L_IS12_vE10value_typeEvE10value_typeES1I_S1Q_T10_S1D_S1D_iiT11_b
    0 bytes stack frame, 0 bytes spill stores, 0 bytes spill loads
ptxas info    : Used 52 registers, used 1 barriers, 8208 bytes smem
ptxas info    : Compile time = 30.036 ms
ptxas info    : Compiling entry function '_ZN3cub17_V_300500_SM_10006detail12batched_topk40device_segmented_topk_last_filter_kernelINS2_26policy_selector_from_typesIillLl8388608EEELNS1_4topk6selectE0EN4cuda3__417constant_iteratorIPKilEENSA_IPilEENSA_INS9_17counting_iteratorIjlLi0ELi0ELi0EEElEENS9_18transform_iteratorINS2_26per_segment_indexed_out_opINSA_IPKllEENSA_IPllEEEENSG_IlnLi0ELi0ELi0EEEEENS1_6params13uniform_paramIlLl0ELl268435456EEENSU_IlLl1ELl8388608EEENSU_IlLl1ELl1EEESO_jPyNS1_21identity_decomposer_tEjjEEvT1_T2_T3_T4_T5_T6_T7_T8_PKT9_PNS6_7counterINS8_3std3__415iterator_traitsINS1E_IS10_vE10value_typeEvE10value_typeET12_T13_EEPS1I_PNS1E_INS1E_IS12_vE10value_typeEvE10value_typeES1J_T10_iiT11_' for 'sm_100'
ptxas info    : Function properties for _ZN3cub17_V_300500_SM_10006detail12batched_topk40device_segmented_topk_last_filter_kernelINS2_26policy_selector_from_typesIillLl8388608EEELNS1_4topk6selectE0EN4cuda3__417constant_iteratorIPKilEENSA_IPilEENSA_INS9_17counting_iteratorIjlLi0ELi0ELi0EEElEENS9_18transform_iteratorINS2_26per_segment_indexed_out_opINSA_IPKllEENSA_IPllEEEENSG_IlnLi0ELi0ELi0EEEEENS1_6params13uniform_paramIlLl0ELl268435456EEENSU_IlLl1ELl8388608EEENSU_IlLl1ELl1EEESO_jPyNS1_21identity_decomposer_tEjjEEvT1_T2_T3_T4_T5_T6_T7_T8_PKT9_PNS6_7counterINS8_3std3__415iterator_traitsINS1E_IS10_vE10value_typeEvE10value_typeET12_T13_EEPS1I_PNS1E_INS1E_IS12_vE10value_typeEvE10value_typeES1J_T10_iiT11_
    0 bytes stack frame, 0 bytes spill stores, 0 bytes spill loads
ptxas info    : Used 40 registers, used 0 barriers
ptxas info    : Compile time = 31.623 ms
ptxas info    : Compiling entry function '_ZN3cub17_V_300500_SM_10006detail12batched_topk35device_segmented_topk_filter_kernelINS2_26policy_selector_from_typesIillLl8388608EEELNS1_4topk6selectE0EN4cuda3__417constant_iteratorIPKilEENSA_IPilEENSA_INS9_17counting_iteratorIjlLi0ELi0ELi0EEElEENS9_18transform_iteratorINS2_26per_segment_indexed_out_opINSA_IPKllEENSA_IPllEEEENSG_IlnLi0ELi0ELi0EEEEENS1_6params13uniform_paramIlLl0ELl268435456EEENSU_IlLl1ELl8388608EEENSU_IlLl1ELl1EEESO_jPyNS1_21identity_decomposer_tEjjEEvT1_T2_T3_T4_T5_T6_T7_T8_PKT9_PNS6_7counterINS8_3std3__415iterator_traitsINS1E_IS10_vE10value_typeEvE10value_typeET12_T13_EEPS1J_PS1I_PNS1E_INS1E_IS12_vE10value_typeEvE10value_typeES1O_S1T_S1J_S1J_T10_iibT11_' for 'sm_100'
ptxas info    : Function properties for _ZN3cub17_V_300500_SM_10006detail12batched_topk35device_segmented_topk_filter_kernelINS2_26policy_selector_from_typesIillLl8388608EEELNS1_4topk6selectE0EN4cuda3__417constant_iteratorIPKilEENSA_IPilEENSA_INS9_17counting_iteratorIjlLi0ELi0ELi0EEElEENS9_18transform_iteratorINS2_26per_segment_indexed_out_opINSA_IPKllEENSA_IPllEEEENSG_IlnLi0ELi0ELi0EEEEENS1_6params13uniform_paramIlLl0ELl268435456EEENSU_IlLl1ELl8388608EEENSU_IlLl1ELl1EEESO_jPyNS1_21identity_decomposer_tEjjEEvT1_T2_T3_T4_T5_T6_T7_T8_PKT9_PNS6_7counterINS8_3std3__415iterator_traitsINS1E_IS10_vE10value_typeEvE10value_typeET12_T13_EEPS1J_PS1I_PNS1E_INS1E_IS12_vE10value_typeEvE10value_typeES1O_S1T_S1J_S1J_T10_iibT11_
    0 bytes stack frame, 0 bytes spill stores, 0 bytes spill loads
ptxas info    : Used 40 registers, used 1 barriers, 8196 bytes smem
ptxas info    : Compile time = 28.541 ms
ptxas info    : Compiling entry function '_ZN3cub17_V_300500_SM_10006detail12batched_topk47device_segmented_topk_finalize_histogram_kernelINS2_26policy_selector_from_typesIillLl8388608EEEN4cuda3__417constant_iteratorIPKilEENS1_6params13uniform_paramIlLl0ELl268435456EEENSD_IlLl1ELl8388608EEENSD_IlLl1ELl1EEEPlPyNS1_4topk16extract_bin_op_tIiLNSJ_6selectE0ELi11ENS1_21identity_decomposer_tELb1EEEjjiEEvT0_T1_T2_T3_T4_PNSJ_7counterIT9_T7_T8_EEPSV_T5_T6_ib' for 'sm_100'
ptxas info    : Function properties for _ZN3cub17_V_300500_SM_10006detail12batched_topk47device_segmented_topk_finalize_histogram_kernelINS2_26policy_selector_from_typesIillLl8388608EEEN4cuda3__417constant_iteratorIPKilEENS1_6params13uniform_paramIlLl0ELl268435456EEENSD_IlLl1ELl8388608EEENSD_IlLl1ELl1EEEPlPyNS1_4topk16extract_bin_op_tIiLNSJ_6selectE0ELi11ENS1_21identity_decomposer_tELb1EEEjjiEEvT0_T1_T2_T3_T4_PNSJ_7counterIT9_T7_T8_EEPSV_T5_T6_ib
    0 bytes stack frame, 0 bytes spill stores, 0 bytes spill loads
ptxas info    : Used 40 registers, used 1 barriers, 8192 bytes smem
ptxas info    : Compile time = 10.487 ms
ptxas info    : Compiling entry function '_ZN3cub17_V_300500_SM_10006detail12batched_topk38device_segmented_topk_histogram_kernelINS2_26policy_selector_from_typesIillLl8388608EEEN4cuda3__417constant_iteratorIPKilEENS1_6params13uniform_paramIlLl0ELl268435456EEENSD_IlLl1ELl8388608EEENSD_IlLl1ELl1EEEPljPyNS1_4topk16extract_bin_op_tIiLNSJ_6selectE0ELi11ENS1_21identity_decomposer_tELb1EEEjjjEEvT0_T1_T2_T3_T4_PKT5_PNSJ_7counterINS6_3std3__415iterator_traitsINSZ_ISO_vE10value_typeEvE10value_typeET8_T9_EEPS14_T6_T7_' for 'sm_100'
ptxas info    : Function properties for _ZN3cub17_V_300500_SM_10006detail12batched_topk38device_segmented_topk_histogram_kernelINS2_26policy_selector_from_typesIillLl8388608EEEN4cuda3__417constant_iteratorIPKilEENS1_6params13uniform_paramIlLl0ELl268435456EEENSD_IlLl1ELl8388608EEENSD_IlLl1ELl1EEEPljPyNS1_4topk16extract_bin_op_tIiLNSJ_6selectE0ELi11ENS1_21identity_decomposer_tELb1EEEjjjEEvT0_T1_T2_T3_T4_PKT5_PNSJ_7counterINS6_3std3__415iterator_traitsINSZ_ISO_vE10value_typeEvE10value_typeET8_T9_EEPS14_T6_T7_
    0 bytes stack frame, 0 bytes spill stores, 0 bytes spill loads
ptxas info    : Used 30 registers, used 1 barriers, 8240 bytes smem
ptxas info    : Compile time = 23.790 ms
ptxas info    : Compiling entry function '_ZN3cub17_V_300500_SM_10006detail12batched_topk28device_segmented_topk_kernelINS2_26policy_selector_from_typesIillLl8388608EEEN4cuda3__417constant_iteratorIPKilEENS8_IPilEENS8_IPKllEENS8_IPllEENS1_6params13uniform_paramIlLl0ELl268435456EEENSK_IlLl1ELl8388608EEENSJ_22uniform_discrete_paramINS1_4topk6selectEJLSP_1EEEENSK_IlLl1ELl1EEEjEEvT0_T1_T2_T3_T4_T5_T6_T7_PNS2_21batched_topk_countersINSZ_10value_typeEEEPS11_PT8_' for 'sm_100'
ptxas info    : Function properties for _ZN3cub17_V_300500_SM_10006detail12batched_topk28device_segmented_topk_kernelINS2_26policy_selector_from_typesIillLl8388608EEEN4cuda3__417constant_iteratorIPKilEENS8_IPilEENS8_IPKllEENS8_IPllEENS1_6params13uniform_paramIlLl0ELl268435456EEENSK_IlLl1ELl8388608EEENSJ_22uniform_discrete_paramINS1_4topk6selectEJLSP_1EEEENSK_IlLl1ELl1EEEjEEvT0_T1_T2_T3_T4_T5_T6_T7_PNS2_21batched_topk_countersINSZ_10value_typeEEEPS11_PT8_
    0 bytes stack frame, 0 bytes spill stores, 0 bytes spill loads
ptxas info    : Used 196 registers, used 1 barriers, 33808 bytes smem
ptxas info    : Compile time = 60.838 ms
ptxas info    : Compiling entry function '_ZN3cub17_V_300500_SM_10006detail12batched_topk44device_segmented_topk_finalize_filter_kernelINS2_26policy_selector_from_typesIiilLl8388608EEELNS1_4topk6selectE1EN4cuda3__417constant_iteratorIPKilEENSA_IPilEENSA_INS9_17counting_iteratorIjlLi0ELi0ELi0EEElEENS9_18transform_iteratorINS2_26per_segment_indexed_out_opISD_SF_EENSG_IlnLi0ELi0ELi0EEEEENS1_6params13uniform_paramIlLl0ELl268435456EEENSP_IlLl1ELl8388608EEENSP_IlLl1ELl1EEEPljPyNS1_21identity_decomposer_tEjjiEEvT1_T2_T3_T4_T5_T6_T7_T8_PKT9_PNS6_7counterIT14_T12_T13_EEPS19_PS18_PNS8_3std3__415iterator_traitsINS1H_ISY_vE10value_typeEvE10value_typeES1E_S1M_T10_S19_S19_iiT11_b' for 'sm_100'
ptxas info    : Function properties for _ZN3cub17_V_300500_SM_10006detail12batched_topk44device_segmented_topk_finalize_filter_kernelINS2_26policy_selector_from_typesIiilLl8388608EEELNS1_4topk6selectE1EN4cuda3__417constant_iteratorIPKilEENSA_IPilEENSA_INS9_17counting_iteratorIjlLi0ELi0ELi0EEElEENS9_18transform_iteratorINS2_26per_segment_indexed_out_opISD_SF_EENSG_IlnLi0ELi0ELi0EEEEENS1_6params13uniform_paramIlLl0ELl268435456EEENSP_IlLl1ELl8388608EEENSP_IlLl1ELl1EEEPljPyNS1_21identity_decomposer_tEjjiEEvT1_T2_T3_T4_T5_T6_T7_T8_PKT9_PNS6_7counterIT14_T12_T13_EEPS19_PS18_PNS8_3std3__415iterator_traitsINS1H_ISY_vE10value_typeEvE10value_typeES1E_S1M_T10_S19_S19_iiT11_b
    0 bytes stack frame, 0 bytes spill stores, 0 bytes spill loads
ptxas info    : Used 52 registers, used 1 barriers, 8208 bytes smem
ptxas info    : Compile time = 30.010 ms
ptxas info    : Compiling entry function '_ZN3cub17_V_300500_SM_10006detail12batched_topk40device_segmented_topk_last_filter_kernelINS2_26policy_selector_from_typesIiilLl8388608EEELNS1_4topk6selectE1EN4cuda3__417constant_iteratorIPKilEENSA_IPilEENSA_INS9_17counting_iteratorIjlLi0ELi0ELi0EEElEENS9_18transform_iteratorINS2_26per_segment_indexed_out_opISD_SF_EENSG_IlnLi0ELi0ELi0EEEEENS1_6params13uniform_paramIlLl0ELl268435456EEENSP_IlLl1ELl8388608EEENSP_IlLl1ELl1EEEPljPyNS1_21identity_decomposer_tEjjEEvT1_T2_T3_T4_T5_T6_T7_T8_PKT9_PNS6_7counterINS8_3std3__415iterator_traitsINS1A_ISW_vE10value_typeEvE10value_typeET12_T13_EEPS1E_PNS1A_INS1A_ISY_vE10value_typeEvE10value_typeES1F_T10_iiT11_' for 'sm_100'
ptxas info    : Function properties for _ZN3cub17_V_300500_SM_10006detail12batched_topk40device_segmented_topk_last_filter_kernelINS2_26policy_selector_from_typesIiilLl8388608EEELNS1_4topk6selectE1EN4cuda3__417constant_iteratorIPKilEENSA_IPilEENSA_INS9_17counting_iteratorIjlLi0ELi0ELi0EEElEENS9_18transform_iteratorINS2_26per_segment_indexed_out_opISD_SF_EENSG_IlnLi0ELi0ELi0EEEEENS1_6params13uniform_paramIlLl0ELl268435456EEENSP_IlLl1ELl8388608EEENSP_IlLl1ELl1EEEPljPyNS1_21identity_decomposer_tEjjEEvT1_T2_T3_T4_T5_T6_T7_T8_PKT9_PNS6_7counterINS8_3std3__415iterator_traitsINS1A_ISW_vE10value_typeEvE10value_typeET12_T13_EEPS1E_PNS1A_INS1A_ISY_vE10value_typeEvE10value_typeES1F_T10_iiT11_
    0 bytes stack frame, 0 bytes spill stores, 0 bytes spill loads
ptxas info    : Used 40 registers, used 0 barriers
ptxas info    : Compile time = 31.625 ms
ptxas info    : Compiling entry function '_ZN3cub17_V_300500_SM_10006detail12batched_topk35device_segmented_topk_filter_kernelINS2_26policy_selector_from_typesIiilLl8388608EEELNS1_4topk6selectE1EN4cuda3__417constant_iteratorIPKilEENSA_IPilEENSA_INS9_17counting_iteratorIjlLi0ELi0ELi0EEElEENS9_18transform_iteratorINS2_26per_segment_indexed_out_opISD_SF_EENSG_IlnLi0ELi0ELi0EEEEENS1_6params13uniform_paramIlLl0ELl268435456EEENSP_IlLl1ELl8388608EEENSP_IlLl1ELl1EEEPljPyNS1_21identity_decomposer_tEjjEEvT1_T2_T3_T4_T5_T6_T7_T8_PKT9_PNS6_7counterINS8_3std3__415iterator_traitsINS1A_ISW_vE10value_typeEvE10value_typeET12_T13_EEPS1F_PS1E_PNS1A_INS1A_ISY_vE10value_typeEvE10value_typeES1K_S1P_S1F_S1F_T10_iibT11_' for 'sm_100'
ptxas info    : Function properties for _ZN3cub17_V_300500_SM_10006detail12batched_topk35device_segmented_topk_filter_kernelINS2_26policy_selector_from_typesIiilLl8388608EEELNS1_4topk6selectE1EN4cuda3__417constant_iteratorIPKilEENSA_IPilEENSA_INS9_17counting_iteratorIjlLi0ELi0ELi0EEElEENS9_18transform_iteratorINS2_26per_segment_indexed_out_opISD_SF_EENSG_IlnLi0ELi0ELi0EEEEENS1_6params13uniform_paramIlLl0ELl268435456EEENSP_IlLl1ELl8388608EEENSP_IlLl1ELl1EEEPljPyNS1_21identity_decomposer_tEjjEEvT1_T2_T3_T4_T5_T6_T7_T8_PKT9_PNS6_7counterINS8_3std3__415iterator_traitsINS1A_ISW_vE10value_typeEvE10value_typeET12_T13_EEPS1F_PS1E_PNS1A_INS1A_ISY_vE10value_typeEvE10value_typeES1K_S1P_S1F_S1F_T10_iibT11_
    0 bytes stack frame, 0 bytes spill stores, 0 bytes spill loads
ptxas info    : Used 40 registers, used 1 barriers, 8196 bytes smem
ptxas info    : Compile time = 28.527 ms
ptxas info    : Compiling entry function '_ZN3cub17_V_300500_SM_10006detail12batched_topk47device_segmented_topk_finalize_histogram_kernelINS2_26policy_selector_from_typesIiilLl8388608EEEN4cuda3__417constant_iteratorIPKilEENS1_6params13uniform_paramIlLl0ELl268435456EEENSD_IlLl1ELl8388608EEENSD_IlLl1ELl1EEEPlPyNS1_4topk16extract_bin_op_tIiLNSJ_6selectE1ELi11ENS1_21identity_decomposer_tELb1EEEjjiEEvT0_T1_T2_T3_T4_PNSJ_7counterIT9_T7_T8_EEPSV_T5_T6_ib' for 'sm_100'
ptxas info    : Function properties for _ZN3cub17_V_300500_SM_10006detail12batched_topk47device_segmented_topk_finalize_histogram_kernelINS2_26policy_selector_from_typesIiilLl8388608EEEN4cuda3__417constant_iteratorIPKilEENS1_6params13uniform_paramIlLl0ELl268435456EEENSD_IlLl1ELl8388608EEENSD_IlLl1ELl1EEEPlPyNS1_4topk16extract_bin_op_tIiLNSJ_6selectE1ELi11ENS1_21identity_decomposer_tELb1EEEjjiEEvT0_T1_T2_T3_T4_PNSJ_7counterIT9_T7_T8_EEPSV_T5_T6_ib
    0 bytes stack frame, 0 bytes spill stores, 0 bytes spill loads
ptxas info    : Used 40 registers, used 1 barriers, 8192 bytes smem
ptxas info    : Compile time = 9.461 ms
ptxas info    : Compiling entry function '_ZN3cub17_V_300500_SM_10006detail12batched_topk38device_segmented_topk_histogram_kernelINS2_26policy_selector_from_typesIiilLl8388608EEEN4cuda3__417constant_iteratorIPKilEENS1_6params13uniform_paramIlLl0ELl268435456EEENSD_IlLl1ELl8388608EEENSD_IlLl1ELl1EEEPljPyNS1_4topk16extract_bin_op_tIiLNSJ_6selectE1ELi11ENS1_21identity_decomposer_tELb1EEEjjjEEvT0_T1_T2_T3_T4_PKT5_PNSJ_7counterINS6_3std3__415iterator_traitsINSZ_ISO_vE10value_typeEvE10value_typeET8_T9_EEPS14_T6_T7_' for 'sm_100'
ptxas info    : Function properties for _ZN3cub17_V_300500_SM_10006detail12batched_topk38device_segmented_topk_histogram_kernelINS2_26policy_selector_from_typesIiilLl8388608EEEN4cuda3__417constant_iteratorIPKilEENS1_6params13uniform_paramIlLl0ELl268435456EEENSD_IlLl1ELl8388608EEENSD_IlLl1ELl1EEEPljPyNS1_4topk16extract_bin_op_tIiLNSJ_6selectE1ELi11ENS1_21identity_decomposer_tELb1EEEjjjEEvT0_T1_T2_T3_T4_PKT5_PNSJ_7counterINS6_3std3__415iterator_traitsINSZ_ISO_vE10value_typeEvE10value_typeET8_T9_EEPS14_T6_T7_
    0 bytes stack frame, 0 bytes spill stores, 0 bytes spill loads
ptxas info    : Used 30 registers, used 1 barriers, 8240 bytes smem
ptxas info    : Compile time = 23.838 ms
ptxas info    : Compiling entry function '_ZN3cub17_V_300500_SM_10006detail12batched_topk44device_segmented_topk_finalize_filter_kernelINS2_26policy_selector_from_typesIiilLl8388608EEELNS1_4topk6selectE0EN4cuda3__417constant_iteratorIPKilEENSA_IPilEENSA_INS9_17counting_iteratorIjlLi0ELi0ELi0EEElEENS9_18transform_iteratorINS2_26per_segment_indexed_out_opISD_SF_EENSG_IlnLi0ELi0ELi0EEEEENS1_6params13uniform_paramIlLl0ELl268435456EEENSP_IlLl1ELl8388608EEENSP_IlLl1ELl1EEEPljPyNS1_21identity_decomposer_tEjjiEEvT1_T2_T3_T4_T5_T6_T7_T8_PKT9_PNS6_7counterIT14_T12_T13_EEPS19_PS18_PNS8_3std3__415iterator_traitsINS1H_ISY_vE10value_typeEvE10value_typeES1E_S1M_T10_S19_S19_iiT11_b' for 'sm_100'
ptxas info    : Function properties for _ZN3cub17_V_300500_SM_10006detail12batched_topk44device_segmented_topk_finalize_filter_kernelINS2_26policy_selector_from_typesIiilLl8388608EEELNS1_4topk6selectE0EN4cuda3__417constant_iteratorIPKilEENSA_IPilEENSA_INS9_17counting_iteratorIjlLi0ELi0ELi0EEElEENS9_18transform_iteratorINS2_26per_segment_indexed_out_opISD_SF_EENSG_IlnLi0ELi0ELi0EEEEENS1_6params13uniform_paramIlLl0ELl268435456EEENSP_IlLl1ELl8388608EEENSP_IlLl1ELl1EEEPljPyNS1_21identity_decomposer_tEjjiEEvT1_T2_T3_T4_T5_T6_T7_T8_PKT9_PNS6_7counterIT14_T12_T13_EEPS19_PS18_PNS8_3std3__415iterator_traitsINS1H_ISY_vE10value_typeEvE10value_typeES1E_S1M_T10_S19_S19_iiT11_b
    0 bytes stack frame, 0 bytes spill stores, 0 bytes spill loads
ptxas info    : Used 52 registers, used 1 barriers, 8208 bytes smem
ptxas info    : Compile time = 29.982 ms
ptxas info    : Compiling entry function '_ZN3cub17_V_300500_SM_10006detail12batched_topk40device_segmented_topk_last_filter_kernelINS2_26policy_selector_from_typesIiilLl8388608EEELNS1_4topk6selectE0EN4cuda3__417constant_iteratorIPKilEENSA_IPilEENSA_INS9_17counting_iteratorIjlLi0ELi0ELi0EEElEENS9_18transform_iteratorINS2_26per_segment_indexed_out_opISD_SF_EENSG_IlnLi0ELi0ELi0EEEEENS1_6params13uniform_paramIlLl0ELl268435456EEENSP_IlLl1ELl8388608EEENSP_IlLl1ELl1EEEPljPyNS1_21identity_decomposer_tEjjEEvT1_T2_T3_T4_T5_T6_T7_T8_PKT9_PNS6_7counterINS8_3std3__415iterator_traitsINS1A_ISW_vE10value_typeEvE10value_typeET12_T13_EEPS1E_PNS1A_INS1A_ISY_vE10value_typeEvE10value_typeES1F_T10_iiT11_' for 'sm_100'
ptxas info    : Function properties for _ZN3cub17_V_300500_SM_10006detail12batched_topk40device_segmented_topk_last_filter_kernelINS2_26policy_selector_from_typesIiilLl8388608EEELNS1_4topk6selectE0EN4cuda3__417constant_iteratorIPKilEENSA_IPilEENSA_INS9_17counting_iteratorIjlLi0ELi0ELi0EEElEENS9_18transform_iteratorINS2_26per_segment_indexed_out_opISD_SF_EENSG_IlnLi0ELi0ELi0EEEEENS1_6params13uniform_paramIlLl0ELl268435456EEENSP_IlLl1ELl8388608EEENSP_IlLl1ELl1EEEPljPyNS1_21identity_decomposer_tEjjEEvT1_T2_T3_T4_T5_T6_T7_T8_PKT9_PNS6_7counterINS8_3std3__415iterator_traitsINS1A_ISW_vE10value_typeEvE10value_typeET12_T13_EEPS1E_PNS1A_INS1A_ISY_vE10value_typeEvE10value_typeES1F_T10_iiT11_
    0 bytes stack frame, 0 bytes spill stores, 0 bytes spill loads
ptxas info    : Used 40 registers, used 0 barriers
ptxas info    : Compile time = 31.509 ms
ptxas info    : Compiling entry function '_ZN3cub17_V_300500_SM_10006detail12batched_topk35device_segmented_topk_filter_kernelINS2_26policy_selector_from_typesIiilLl8388608EEELNS1_4topk6selectE0EN4cuda3__417constant_iteratorIPKilEENSA_IPilEENSA_INS9_17counting_iteratorIjlLi0ELi0ELi0EEElEENS9_18transform_iteratorINS2_26per_segment_indexed_out_opISD_SF_EENSG_IlnLi0ELi0ELi0EEEEENS1_6params13uniform_paramIlLl0ELl268435456EEENSP_IlLl1ELl8388608EEENSP_IlLl1ELl1EEEPljPyNS1_21identity_decomposer_tEjjEEvT1_T2_T3_T4_T5_T6_T7_T8_PKT9_PNS6_7counterINS8_3std3__415iterator_traitsINS1A_ISW_vE10value_typeEvE10value_typeET12_T13_EEPS1F_PS1E_PNS1A_INS1A_ISY_vE10value_typeEvE10value_typeES1K_S1P_S1F_S1F_T10_iibT11_' for 'sm_100'
ptxas info    : Function properties for _ZN3cub17_V_300500_SM_10006detail12batched_topk35device_segmented_topk_filter_kernelINS2_26policy_selector_from_typesIiilLl8388608EEELNS1_4topk6selectE0EN4cuda3__417constant_iteratorIPKilEENSA_IPilEENSA_INS9_17counting_iteratorIjlLi0ELi0ELi0EEElEENS9_18transform_iteratorINS2_26per_segment_indexed_out_opISD_SF_EENSG_IlnLi0ELi0ELi0EEEEENS1_6params13uniform_paramIlLl0ELl268435456EEENSP_IlLl1ELl8388608EEENSP_IlLl1ELl1EEEPljPyNS1_21identity_decomposer_tEjjEEvT1_T2_T3_T4_T5_T6_T7_T8_PKT9_PNS6_7counterINS8_3std3__415iterator_traitsINS1A_ISW_vE10value_typeEvE10value_typeET12_T13_EEPS1F_PS1E_PNS1A_INS1A_ISY_vE10value_typeEvE10value_typeES1K_S1P_S1F_S1F_T10_iibT11_
    0 bytes stack frame, 0 bytes spill stores, 0 bytes spill loads
ptxas info    : Used 40 registers, used 1 barriers, 8196 bytes smem
ptxas info    : Compile time = 28.539 ms
ptxas info    : Compiling entry function '_ZN3cub17_V_300500_SM_10006detail12batched_topk47device_segmented_topk_finalize_histogram_kernelINS2_26policy_selector_from_typesIiilLl8388608EEEN4cuda3__417constant_iteratorIPKilEENS1_6params13uniform_paramIlLl0ELl268435456EEENSD_IlLl1ELl8388608EEENSD_IlLl1ELl1EEEPlPyNS1_4topk16extract_bin_op_tIiLNSJ_6selectE0ELi11ENS1_21identity_decomposer_tELb1EEEjjiEEvT0_T1_T2_T3_T4_PNSJ_7counterIT9_T7_T8_EEPSV_T5_T6_ib' for 'sm_100'
ptxas info    : Function properties for _ZN3cub17_V_300500_SM_10006detail12batched_topk47device_segmented_topk_finalize_histogram_kernelINS2_26policy_selector_from_typesIiilLl8388608EEEN4cuda3__417constant_iteratorIPKilEENS1_6params13uniform_paramIlLl0ELl268435456EEENSD_IlLl1ELl8388608EEENSD_IlLl1ELl1EEEPlPyNS1_4topk16extract_bin_op_tIiLNSJ_6selectE0ELi11ENS1_21identity_decomposer_tELb1EEEjjiEEvT0_T1_T2_T3_T4_PNSJ_7counterIT9_T7_T8_EEPSV_T5_T6_ib
    0 bytes stack frame, 0 bytes spill stores, 0 bytes spill loads
ptxas info    : Used 40 registers, used 1 barriers, 8192 bytes smem
ptxas info    : Compile time = 9.428 ms
ptxas info    : Compiling entry function '_ZN3cub17_V_300500_SM_10006detail12batched_topk38device_segmented_topk_histogram_kernelINS2_26policy_selector_from_typesIiilLl8388608EEEN4cuda3__417constant_iteratorIPKilEENS1_6params13uniform_paramIlLl0ELl268435456EEENSD_IlLl1ELl8388608EEENSD_IlLl1ELl1EEEPljPyNS1_4topk16extract_bin_op_tIiLNSJ_6selectE0ELi11ENS1_21identity_decomposer_tELb1EEEjjjEEvT0_T1_T2_T3_T4_PKT5_PNSJ_7counterINS6_3std3__415iterator_traitsINSZ_ISO_vE10value_typeEvE10value_typeET8_T9_EEPS14_T6_T7_' for 'sm_100'
ptxas info    : Function properties for _ZN3cub17_V_300500_SM_10006detail12batched_topk38device_segmented_topk_histogram_kernelINS2_26policy_selector_from_typesIiilLl8388608EEEN4cuda3__417constant_iteratorIPKilEENS1_6params13uniform_paramIlLl0ELl268435456EEENSD_IlLl1ELl8388608EEENSD_IlLl1ELl1EEEPljPyNS1_4topk16extract_bin_op_tIiLNSJ_6selectE0ELi11ENS1_21identity_decomposer_tELb1EEEjjjEEvT0_T1_T2_T3_T4_PKT5_PNSJ_7counterINS6_3std3__415iterator_traitsINSZ_ISO_vE10value_typeEvE10value_typeET8_T9_EEPS14_T6_T7_
    0 bytes stack frame, 0 bytes spill stores, 0 bytes spill loads
ptxas info    : Used 30 registers, used 1 barriers, 8240 bytes smem
ptxas info    : Compile time = 23.745 ms
ptxas info    : Compiling entry function '_ZN3cub17_V_300500_SM_10006detail12batched_topk28device_segmented_topk_kernelINS2_26policy_selector_from_typesIiilLl8388608EEEN4cuda3__417constant_iteratorIPKilEENS8_IPilEESB_SD_NS1_6params13uniform_paramIlLl0ELl268435456EEENSF_IlLl1ELl8388608EEENSE_22uniform_discrete_paramINS1_4topk6selectEJLSK_1EEEENSF_IlLl1ELl1EEEjEEvT0_T1_T2_T3_T4_T5_T6_T7_PNS2_21batched_topk_countersINSU_10value_typeEEEPSW_PT8_' for 'sm_100'
ptxas info    : Function properties for _ZN3cub17_V_300500_SM_10006detail12batched_topk28device_segmented_topk_kernelINS2_26policy_selector_from_typesIiilLl8388608EEEN4cuda3__417constant_iteratorIPKilEENS8_IPilEESB_SD_NS1_6params13uniform_paramIlLl0ELl268435456EEENSF_IlLl1ELl8388608EEENSE_22uniform_discrete_paramINS1_4topk6selectEJLSK_1EEEENSF_IlLl1ELl1EEEjEEvT0_T1_T2_T3_T4_T5_T6_T7_PNS2_21batched_topk_countersINSU_10value_typeEEEPSW_PT8_
    0 bytes stack frame, 0 bytes spill stores, 0 bytes spill loads
ptxas info    : Used 254 registers, used 1 barriers, 33808 bytes smem
ptxas info    : Compile time = 111.450 ms
ptxas info    : Compiling entry function '_ZN3cub17_V_300500_SM_10006detail12batched_topk44device_segmented_topk_finalize_filter_kernelINS2_26policy_selector_from_typesIislLl8388608EEELNS1_4topk6selectE1EN4cuda3__417constant_iteratorIPKilEENSA_IPilEENSA_INS9_17counting_iteratorIjlLi0ELi0ELi0EEElEENS9_18transform_iteratorINS2_26per_segment_indexed_out_opINSA_IPKslEENSA_IPslEEEENSG_IlnLi0ELi0ELi0EEEEENS1_6params13uniform_paramIlLl0ELl268435456EEENSU_IlLl1ELl8388608EEENSU_IlLl1ELl1EEEPljPyNS1_21identity_decomposer_tEjjiEEvT1_T2_T3_T4_T5_T6_T7_T8_PKT9_PNS6_7counterIT14_T12_T13_EEPS1E_PS1D_PNS8_3std3__415iterator_traitsINS1M_IS13_vE10value_typeEvE10value_typeES1J_S1R_T10_S1E_S1E_iiT11_b' for 'sm_100'
ptxas info    : Function properties for _ZN3cub17_V_300500_SM_10006detail12batched_topk44device_segmented_topk_finalize_filter_kernelINS2_26policy_selector_from_typesIislLl8388608EEELNS1_4topk6selectE1EN4cuda3__417constant_iteratorIPKilEENSA_IPilEENSA_INS9_17counting_iteratorIjlLi0ELi0ELi0EEElEENS9_18transform_iteratorINS2_26per_segment_indexed_out_opINSA_IPKslEENSA_IPslEEEENSG_IlnLi0ELi0ELi0EEEEENS1_6params13uniform_paramIlLl0ELl268435456EEENSU_IlLl1ELl8388608EEENSU_IlLl1ELl1EEEPljPyNS1_21identity_decomposer_tEjjiEEvT1_T2_T3_T4_T5_T6_T7_T8_PKT9_PNS6_7counterIT14_T12_T13_EEPS1E_PS1D_PNS8_3std3__415iterator_traitsINS1M_IS13_vE10value_typeEvE10value_typeES1J_S1R_T10_S1E_S1E_iiT11_b
    0 bytes stack frame, 0 bytes spill stores, 0 bytes spill loads
ptxas info    : Used 52 registers, used 1 barriers, 8208 bytes smem
ptxas info    : Compile time = 29.977 ms
ptxas info    : Compiling entry function '_ZN3cub17_V_300500_SM_10006detail12batched_topk40device_segmented_topk_last_filter_kernelINS2_26policy_selector_from_typesIislLl8388608EEELNS1_4topk6selectE1EN4cuda3__417constant_iteratorIPKilEENSA_IPilEENSA_INS9_17counting_iteratorIjlLi0ELi0ELi0EEElEENS9_18transform_iteratorINS2_26per_segment_indexed_out_opINSA_IPKslEENSA_IPslEEEENSG_IlnLi0ELi0ELi0EEEEENS1_6params13uniform_paramIlLl0ELl268435456EEENSU_IlLl1ELl8388608EEENSU_IlLl1ELl1EEEPljPyNS1_21identity_decomposer_tEjjEEvT1_T2_T3_T4_T5_T6_T7_T8_PKT9_PNS6_7counterINS8_3std3__415iterator_traitsINS1F_IS11_vE10value_typeEvE10value_typeET12_T13_EEPS1J_PNS1F_INS1F_IS13_vE10value_typeEvE10value_typeES1K_T10_iiT11_' for 'sm_100'
ptxas info    : Function properties for _ZN3cub17_V_300500_SM_10006detail12batched_topk40device_segmented_topk_last_filter_kernelINS2_26policy_selector_from_typesIislLl8388608EEELNS1_4topk6selectE1EN4cuda3__417constant_iteratorIPKilEENSA_IPilEENSA_INS9_17counting_iteratorIjlLi0ELi0ELi0EEElEENS9_18transform_iteratorINS2_26per_segment_indexed_out_opINSA_IPKslEENSA_IPslEEEENSG_IlnLi0ELi0ELi0EEEEENS1_6params13uniform_paramIlLl0ELl268435456EEENSU_IlLl1ELl8388608EEENSU_IlLl1ELl1EEEPljPyNS1_21identity_decomposer_tEjjEEvT1_T2_T3_T4_T5_T6_T7_T8_PKT9_PNS6_7counterINS8_3std3__415iterator_traitsINS1F_IS11_vE10value_typeEvE10value_typeET12_T13_EEPS1J_PNS1F_INS1F_IS13_vE10value_typeEvE10value_typeES1K_T10_iiT11_
    0 bytes stack frame, 0 bytes spill stores, 0 bytes spill loads
ptxas info    : Used 40 registers, used 0 barriers
ptxas info    : Compile time = 31.595 ms
ptxas info    : Compiling entry function '_ZN3cub17_V_300500_SM_10006detail12batched_topk35device_segmented_topk_filter_kernelINS2_26policy_selector_from_typesIislLl8388608EEELNS1_4topk6selectE1EN4cuda3__417constant_iteratorIPKilEENSA_IPilEENSA_INS9_17counting_iteratorIjlLi0ELi0ELi0EEElEENS9_18transform_iteratorINS2_26per_segment_indexed_out_opINSA_IPKslEENSA_IPslEEEENSG_IlnLi0ELi0ELi0EEEEENS1_6params13uniform_paramIlLl0ELl268435456EEENSU_IlLl1ELl8388608EEENSU_IlLl1ELl1EEEPljPyNS1_21identity_decomposer_tEjjEEvT1_T2_T3_T4_T5_T6_T7_T8_PKT9_PNS6_7counterINS8_3std3__415iterator_traitsINS1F_IS11_vE10value_typeEvE10value_typeET12_T13_EEPS1K_PS1J_PNS1F_INS1F_IS13_vE10value_typeEvE10value_typeES1P_S1U_S1K_S1K_T10_iibT11_' for 'sm_100'
ptxas info    : Function properties for _ZN3cub17_V_300500_SM_10006detail12batched_topk35device_segmented_topk_filter_kernelINS2_26policy_selector_from_typesIislLl8388608EEELNS1_4topk6selectE1EN4cuda3__417constant_iteratorIPKilEENSA_IPilEENSA_INS9_17counting_iteratorIjlLi0ELi0ELi0EEElEENS9_18transform_iteratorINS2_26per_segment_indexed_out_opINSA_IPKslEENSA_IPslEEEENSG_IlnLi0ELi0ELi0EEEEENS1_6params13uniform_paramIlLl0ELl268435456EEENSU_IlLl1ELl8388608EEENSU_IlLl1ELl1EEEPljPyNS1_21identity_decomposer_tEjjEEvT1_T2_T3_T4_T5_T6_T7_T8_PKT9_PNS6_7counterINS8_3std3__415iterator_traitsINS1F_IS11_vE10value_typeEvE10value_typeET12_T13_EEPS1K_PS1J_PNS1F_INS1F_IS13_vE10value_typeEvE10value_typeES1P_S1U_S1K_S1K_T10_iibT11_
    0 bytes stack frame, 0 bytes spill stores, 0 bytes spill loads
ptxas info    : Used 40 registers, used 1 barriers, 8196 bytes smem
ptxas info    : Compile time = 28.615 ms
ptxas info    : Compiling entry function '_ZN3cub17_V_300500_SM_10006detail12batched_topk47device_segmented_topk_finalize_histogram_kernelINS2_26policy_selector_from_typesIislLl8388608EEEN4cuda3__417constant_iteratorIPKilEENS1_6params13uniform_paramIlLl0ELl268435456EEENSD_IlLl1ELl8388608EEENSD_IlLl1ELl1EEEPlPyNS1_4topk16extract_bin_op_tIiLNSJ_6selectE1ELi11ENS1_21identity_decomposer_tELb1EEEjjiEEvT0_T1_T2_T3_T4_PNSJ_7counterIT9_T7_T8_EEPSV_T5_T6_ib' for 'sm_100'
ptxas info    : Function properties for _ZN3cub17_V_300500_SM_10006detail12batched_topk47device_segmented_topk_finalize_histogram_kernelINS2_26policy_selector_from_typesIislLl8388608EEEN4cuda3__417constant_iteratorIPKilEENS1_6params13uniform_paramIlLl0ELl268435456EEENSD_IlLl1ELl8388608EEENSD_IlLl1ELl1EEEPlPyNS1_4topk16extract_bin_op_tIiLNSJ_6selectE1ELi11ENS1_21identity_decomposer_tELb1EEEjjiEEvT0_T1_T2_T3_T4_PNSJ_7counterIT9_T7_T8_EEPSV_T5_T6_ib
    0 bytes stack frame, 0 bytes spill stores, 0 bytes spill loads
ptxas info    : Used 40 registers, used 1 barriers, 8192 bytes smem
ptxas info    : Compile time = 9.442 ms
ptxas info    : Compiling entry function '_ZN3cub17_V_300500_SM_10006detail12batched_topk38device_segmented_topk_histogram_kernelINS2_26policy_selector_from_typesIislLl8388608EEEN4cuda3__417constant_iteratorIPKilEENS1_6params13uniform_paramIlLl0ELl268435456EEENSD_IlLl1ELl8388608EEENSD_IlLl1ELl1EEEPljPyNS1_4topk16extract_bin_op_tIiLNSJ_6selectE1ELi11ENS1_21identity_decomposer_tELb1EEEjjjEEvT0_T1_T2_T3_T4_PKT5_PNSJ_7counterINS6_3std3__415iterator_traitsINSZ_ISO_vE10value_typeEvE10value_typeET8_T9_EEPS14_T6_T7_' for 'sm_100'
ptxas info    : Function properties for _ZN3cub17_V_300500_SM_10006detail12batched_topk38device_segmented_topk_histogram_kernelINS2_26policy_selector_from_typesIislLl8388608EEEN4cuda3__417constant_iteratorIPKilEENS1_6params13uniform_paramIlLl0ELl268435456EEENSD_IlLl1ELl8388608EEENSD_IlLl1ELl1EEEPljPyNS1_4topk16extract_bin_op_tIiLNSJ_6selectE1ELi11ENS1_21identity_decomposer_tELb1EEEjjjEEvT0_T1_T2_T3_T4_PKT5_PNSJ_7counterINS6_3std3__415iterator_traitsINSZ_ISO_vE10value_typeEvE10value_typeET8_T9_EEPS14_T6_T7_
    0 bytes stack frame, 0 bytes spill stores, 0 bytes spill loads
ptxas info    : Used 30 registers, used 1 barriers, 8240 bytes smem
ptxas info    : Compile time = 23.749 ms
ptxas info    : Compiling entry function '_ZN3cub17_V_300500_SM_10006detail12batched_topk44device_segmented_topk_finalize_filter_kernelINS2_26policy_selector_from_typesIislLl8388608EEELNS1_4topk6selectE0EN4cuda3__417constant_iteratorIPKilEENSA_IPilEENSA_INS9_17counting_iteratorIjlLi0ELi0ELi0EEElEENS9_18transform_iteratorINS2_26per_segment_indexed_out_opINSA_IPKslEENSA_IPslEEEENSG_IlnLi0ELi0ELi0EEEEENS1_6params13uniform_paramIlLl0ELl268435456EEENSU_IlLl1ELl8388608EEENSU_IlLl1ELl1EEEPljPyNS1_21identity_decomposer_tEjjiEEvT1_T2_T3_T4_T5_T6_T7_T8_PKT9_PNS6_7counterIT14_T12_T13_EEPS1E_PS1D_PNS8_3std3__415iterator_traitsINS1M_IS13_vE10value_typeEvE10value_typeES1J_S1R_T10_S1E_S1E_iiT11_b' for 'sm_100'
ptxas info    : Function properties for _ZN3cub17_V_300500_SM_10006detail12batched_topk44device_segmented_topk_finalize_filter_kernelINS2_26policy_selector_from_typesIislLl8388608EEELNS1_4topk6selectE0EN4cuda3__417constant_iteratorIPKilEENSA_IPilEENSA_INS9_17counting_iteratorIjlLi0ELi0ELi0EEElEENS9_18transform_iteratorINS2_26per_segment_indexed_out_opINSA_IPKslEENSA_IPslEEEENSG_IlnLi0ELi0ELi0EEEEENS1_6params13uniform_paramIlLl0ELl268435456EEENSU_IlLl1ELl8388608EEENSU_IlLl1ELl1EEEPljPyNS1_21identity_decomposer_tEjjiEEvT1_T2_T3_T4_T5_T6_T7_T8_PKT9_PNS6_7counterIT14_T12_T13_EEPS1E_PS1D_PNS8_3std3__415iterator_traitsINS1M_IS13_vE10value_typeEvE10value_typeES1J_S1R_T10_S1E_S1E_iiT11_b
    0 bytes stack frame, 0 bytes spill stores, 0 bytes spill loads
ptxas info    : Used 52 registers, used 1 barriers, 8208 bytes smem
ptxas info    : Compile time = 29.930 ms
ptxas info    : Compiling entry function '_ZN3cub17_V_300500_SM_10006detail12batched_topk40device_segmented_topk_last_filter_kernelINS2_26policy_selector_from_typesIislLl8388608EEELNS1_4topk6selectE0EN4cuda3__417constant_iteratorIPKilEENSA_IPilEENSA_INS9_17counting_iteratorIjlLi0ELi0ELi0EEElEENS9_18transform_iteratorINS2_26per_segment_indexed_out_opINSA_IPKslEENSA_IPslEEEENSG_IlnLi0ELi0ELi0EEEEENS1_6params13uniform_paramIlLl0ELl268435456EEENSU_IlLl1ELl8388608EEENSU_IlLl1ELl1EEEPljPyNS1_21identity_decomposer_tEjjEEvT1_T2_T3_T4_T5_T6_T7_T8_PKT9_PNS6_7counterINS8_3std3__415iterator_traitsINS1F_IS11_vE10value_typeEvE10value_typeET12_T13_EEPS1J_PNS1F_INS1F_IS13_vE10value_typeEvE10value_typeES1K_T10_iiT11_' for 'sm_100'
ptxas info    : Function properties for _ZN3cub17_V_300500_SM_10006detail12batched_topk40device_segmented_topk_last_filter_kernelINS2_26policy_selector_from_typesIislLl8388608EEELNS1_4topk6selectE0EN4cuda3__417constant_iteratorIPKilEENSA_IPilEENSA_INS9_17counting_iteratorIjlLi0ELi0ELi0EEElEENS9_18transform_iteratorINS2_26per_segment_indexed_out_opINSA_IPKslEENSA_IPslEEEENSG_IlnLi0ELi0ELi0EEEEENS1_6params13uniform_paramIlLl0ELl268435456EEENSU_IlLl1ELl8388608EEENSU_IlLl1ELl1EEEPljPyNS1_21identity_decomposer_tEjjEEvT1_T2_T3_T4_T5_T6_T7_T8_PKT9_PNS6_7counterINS8_3std3__415iterator_traitsINS1F_IS11_vE10value_typeEvE10value_typeET12_T13_EEPS1J_PNS1F_INS1F_IS13_vE10value_typeEvE10value_typeES1K_T10_iiT11_
    0 bytes stack frame, 0 bytes spill stores, 0 bytes spill loads
ptxas info    : Used 40 registers, used 0 barriers
ptxas info    : Compile time = 31.543 ms
ptxas info    : Compiling entry function '_ZN3cub17_V_300500_SM_10006detail12batched_topk35device_segmented_topk_filter_kernelINS2_26policy_selector_from_typesIislLl8388608EEELNS1_4topk6selectE0EN4cuda3__417constant_iteratorIPKilEENSA_IPilEENSA_INS9_17counting_iteratorIjlLi0ELi0ELi0EEElEENS9_18transform_iteratorINS2_26per_segment_indexed_out_opINSA_IPKslEENSA_IPslEEEENSG_IlnLi0ELi0ELi0EEEEENS1_6params13uniform_paramIlLl0ELl268435456EEENSU_IlLl1ELl8388608EEENSU_IlLl1ELl1EEEPljPyNS1_21identity_decomposer_tEjjEEvT1_T2_T3_T4_T5_T6_T7_T8_PKT9_PNS6_7counterINS8_3std3__415iterator_traitsINS1F_IS11_vE10value_typeEvE10value_typeET12_T13_EEPS1K_PS1J_PNS1F_INS1F_IS13_vE10value_typeEvE10value_typeES1P_S1U_S1K_S1K_T10_iibT11_' for 'sm_100'
ptxas info    : Function properties for _ZN3cub17_V_300500_SM_10006detail12batched_topk35device_segmented_topk_filter_kernelINS2_26policy_selector_from_typesIislLl8388608EEELNS1_4topk6selectE0EN4cuda3__417constant_iteratorIPKilEENSA_IPilEENSA_INS9_17counting_iteratorIjlLi0ELi0ELi0EEElEENS9_18transform_iteratorINS2_26per_segment_indexed_out_opINSA_IPKslEENSA_IPslEEEENSG_IlnLi0ELi0ELi0EEEEENS1_6params13uniform_paramIlLl0ELl268435456EEENSU_IlLl1ELl8388608EEENSU_IlLl1ELl1EEEPljPyNS1_21identity_decomposer_tEjjEEvT1_T2_T3_T4_T5_T6_T7_T8_PKT9_PNS6_7counterINS8_3std3__415iterator_traitsINS1F_IS11_vE10value_typeEvE10value_typeET12_T13_EEPS1K_PS1J_PNS1F_INS1F_IS13_vE10value_typeEvE10value_typeES1P_S1U_S1K_S1K_T10_iibT11_
    0 bytes stack frame, 0 bytes spill stores, 0 bytes spill loads
ptxas info    : Used 40 registers, used 1 barriers, 8196 bytes smem
ptxas info    : Compile time = 28.660 ms
ptxas info    : Compiling entry function '_ZN3cub17_V_300500_SM_10006detail12batched_topk47device_segmented_topk_finalize_histogram_kernelINS2_26policy_selector_from_typesIislLl8388608EEEN4cuda3__417constant_iteratorIPKilEENS1_6params13uniform_paramIlLl0ELl268435456EEENSD_IlLl1ELl8388608EEENSD_IlLl1ELl1EEEPlPyNS1_4topk16extract_bin_op_tIiLNSJ_6selectE0ELi11ENS1_21identity_decomposer_tELb1EEEjjiEEvT0_T1_T2_T3_T4_PNSJ_7counterIT9_T7_T8_EEPSV_T5_T6_ib' for 'sm_100'
ptxas info    : Function properties for _ZN3cub17_V_300500_SM_10006detail12batched_topk47device_segmented_topk_finalize_histogram_kernelINS2_26policy_selector_from_typesIislLl8388608EEEN4cuda3__417constant_iteratorIPKilEENS1_6params13uniform_paramIlLl0ELl268435456EEENSD_IlLl1ELl8388608EEENSD_IlLl1ELl1EEEPlPyNS1_4topk16extract_bin_op_tIiLNSJ_6selectE0ELi11ENS1_21identity_decomposer_tELb1EEEjjiEEvT0_T1_T2_T3_T4_PNSJ_7counterIT9_T7_T8_EEPSV_T5_T6_ib
    0 bytes stack frame, 0 bytes spill stores, 0 bytes spill loads
ptxas info    : Used 40 registers, used 1 barriers, 8192 bytes smem
ptxas info    : Compile time = 9.468 ms
ptxas info    : Compiling entry function '_ZN3cub17_V_300500_SM_10006detail12batched_topk38device_segmented_topk_histogram_kernelINS2_26policy_selector_from_typesIislLl8388608EEEN4cuda3__417constant_iteratorIPKilEENS1_6params13uniform_paramIlLl0ELl268435456EEENSD_IlLl1ELl8388608EEENSD_IlLl1ELl1EEEPljPyNS1_4topk16extract_bin_op_tIiLNSJ_6selectE0ELi11ENS1_21identity_decomposer_tELb1EEEjjjEEvT0_T1_T2_T3_T4_PKT5_PNSJ_7counterINS6_3std3__415iterator_traitsINSZ_ISO_vE10value_typeEvE10value_typeET8_T9_EEPS14_T6_T7_' for 'sm_100'
ptxas info    : Function properties for _ZN3cub17_V_300500_SM_10006detail12batched_topk38device_segmented_topk_histogram_kernelINS2_26policy_selector_from_typesIislLl8388608EEEN4cuda3__417constant_iteratorIPKilEENS1_6params13uniform_paramIlLl0ELl268435456EEENSD_IlLl1ELl8388608EEENSD_IlLl1ELl1EEEPljPyNS1_4topk16extract_bin_op_tIiLNSJ_6selectE0ELi11ENS1_21identity_decomposer_tELb1EEEjjjEEvT0_T1_T2_T3_T4_PKT5_PNSJ_7counterINS6_3std3__415iterator_traitsINSZ_ISO_vE10value_typeEvE10value_typeET8_T9_EEPS14_T6_T7_
    0 bytes stack frame, 0 bytes spill stores, 0 bytes spill loads
ptxas info    : Used 30 registers, used 1 barriers, 8240 bytes smem
ptxas info    : Compile time = 23.821 ms
ptxas info    : Compiling entry function '_ZN3cub17_V_300500_SM_10006detail12batched_topk28device_segmented_topk_kernelINS2_26policy_selector_from_typesIislLl8388608EEEN4cuda3__417constant_iteratorIPKilEENS8_IPilEENS8_IPKslEENS8_IPslEENS1_6params13uniform_paramIlLl0ELl268435456EEENSK_IlLl1ELl8388608EEENSJ_22uniform_discrete_paramINS1_4topk6selectEJLSP_1EEEENSK_IlLl1ELl1EEEjEEvT0_T1_T2_T3_T4_T5_T6_T7_PNS2_21batched_topk_countersINSZ_10value_typeEEEPS11_PT8_' for 'sm_100'
ptxas info    : Function properties for _ZN3cub17_V_300500_SM_10006detail12batched_topk28device_segmented_topk_kernelINS2_26policy_selector_from_typesIislLl8388608EEEN4cuda3__417constant_iteratorIPKilEENS8_IPilEENS8_IPKslEENS8_IPslEENS1_6params13uniform_paramIlLl0ELl268435456EEENSK_IlLl1ELl8388608EEENSJ_22uniform_discrete_paramINS1_4topk6selectEJLSP_1EEEENSK_IlLl1ELl1EEEjEEvT0_T1_T2_T3_T4_T5_T6_T7_PNS2_21batched_topk_countersINSZ_10value_typeEEEPS11_PT8_
    56 bytes stack frame, 52 bytes spill stores, 52 bytes spill loads
ptxas info    : Used 255 registers, used 1 barriers, 56 bytes cumulative stack size, 33808 bytes smem
ptxas info    : Compile time = 132.389 ms
ptxas info    : Compiling entry function '_ZN3cub17_V_300500_SM_10006detail12batched_topk44device_segmented_topk_finalize_filter_kernelINS2_26policy_selector_from_typesIialLl8388608EEELNS1_4topk6selectE1EN4cuda3__417constant_iteratorIPKilEENSA_IPilEENSA_INS9_17counting_iteratorIjlLi0ELi0ELi0EEElEENS9_18transform_iteratorINS2_26per_segment_indexed_out_opINSA_IPKalEENSA_IPalEEEENSG_IlnLi0ELi0ELi0EEEEENS1_6params13uniform_paramIlLl0ELl268435456EEENSU_IlLl1ELl8388608EEENSU_IlLl1ELl1EEEPljPyNS1_21identity_decomposer_tEjjiEEvT1_T2_T3_T4_T5_T6_T7_T8_PKT9_PNS6_7counterIT14_T12_T13_EEPS1E_PS1D_PNS8_3std3__415iterator_traitsINS1M_IS13_vE10value_typeEvE10value_typeES1J_S1R_T10_S1E_S1E_iiT11_b' for 'sm_100'
ptxas info    : Function properties for _ZN3cub17_V_300500_SM_10006detail12batched_topk44device_segmented_topk_finalize_filter_kernelINS2_26policy_selector_from_typesIialLl8388608EEELNS1_4topk6selectE1EN4cuda3__417constant_iteratorIPKilEENSA_IPilEENSA_INS9_17counting_iteratorIjlLi0ELi0ELi0EEElEENS9_18transform_iteratorINS2_26per_segment_indexed_out_opINSA_IPKalEENSA_IPalEEEENSG_IlnLi0ELi0ELi0EEEEENS1_6params13uniform_paramIlLl0ELl268435456EEENSU_IlLl1ELl8388608EEENSU_IlLl1ELl1EEEPljPyNS1_21identity_decomposer_tEjjiEEvT1_T2_T3_T4_T5_T6_T7_T8_PKT9_PNS6_7counterIT14_T12_T13_EEPS1E_PS1D_PNS8_3std3__415iterator_traitsINS1M_IS13_vE10value_typeEvE10value_typeES1J_S1R_T10_S1E_S1E_iiT11_b
    0 bytes stack frame, 0 bytes spill stores, 0 bytes spill loads
ptxas info    : Used 52 registers, used 1 barriers, 8208 bytes smem
ptxas info    : Compile time = 29.993 ms
ptxas info    : Compiling entry function '_ZN3cub17_V_300500_SM_10006detail12batched_topk40device_segmented_topk_last_filter_kernelINS2_26policy_selector_from_typesIialLl8388608EEELNS1_4topk6selectE1EN4cuda3__417constant_iteratorIPKilEENSA_IPilEENSA_INS9_17counting_iteratorIjlLi0ELi0ELi0EEElEENS9_18transform_iteratorINS2_26per_segment_indexed_out_opINSA_IPKalEENSA_IPalEEEENSG_IlnLi0ELi0ELi0EEEEENS1_6params13uniform_paramIlLl0ELl268435456EEENSU_IlLl1ELl8388608EEENSU_IlLl1ELl1EEEPljPyNS1_21identity_decomposer_tEjjEEvT1_T2_T3_T4_T5_T6_T7_T8_PKT9_PNS6_7counterINS8_3std3__415iterator_traitsINS1F_IS11_vE10value_typeEvE10value_typeET12_T13_EEPS1J_PNS1F_INS1F_IS13_vE10value_typeEvE10value_typeES1K_T10_iiT11_' for 'sm_100'
ptxas info    : Function properties for _ZN3cub17_V_300500_SM_10006detail12batched_topk40device_segmented_topk_last_filter_kernelINS2_26policy_selector_from_typesIialLl8388608EEELNS1_4topk6selectE1EN4cuda3__417constant_iteratorIPKilEENSA_IPilEENSA_INS9_17counting_iteratorIjlLi0ELi0ELi0EEElEENS9_18transform_iteratorINS2_26per_segment_indexed_out_opINSA_IPKalEENSA_IPalEEEENSG_IlnLi0ELi0ELi0EEEEENS1_6params13uniform_paramIlLl0ELl268435456EEENSU_IlLl1ELl8388608EEENSU_IlLl1ELl1EEEPljPyNS1_21identity_decomposer_tEjjEEvT1_T2_T3_T4_T5_T6_T7_T8_PKT9_PNS6_7counterINS8_3std3__415iterator_traitsINS1F_IS11_vE10value_typeEvE10value_typeET12_T13_EEPS1J_PNS1F_INS1F_IS13_vE10value_typeEvE10value_typeES1K_T10_iiT11_
    0 bytes stack frame, 0 bytes spill stores, 0 bytes spill loads
ptxas info    : Used 40 registers, used 0 barriers
ptxas info    : Compile time = 32.231 ms
ptxas info    : Compiling entry function '_ZN3cub17_V_300500_SM_10006detail12batched_topk35device_segmented_topk_filter_kernelINS2_26policy_selector_from_typesIialLl8388608EEELNS1_4topk6selectE1EN4cuda3__417constant_iteratorIPKilEENSA_IPilEENSA_INS9_17counting_iteratorIjlLi0ELi0ELi0EEElEENS9_18transform_iteratorINS2_26per_segment_indexed_out_opINSA_IPKalEENSA_IPalEEEENSG_IlnLi0ELi0ELi0EEEEENS1_6params13uniform_paramIlLl0ELl268435456EEENSU_IlLl1ELl8388608EEENSU_IlLl1ELl1EEEPljPyNS1_21identity_decomposer_tEjjEEvT1_T2_T3_T4_T5_T6_T7_T8_PKT9_PNS6_7counterINS8_3std3__415iterator_traitsINS1F_IS11_vE10value_typeEvE10value_typeET12_T13_EEPS1K_PS1J_PNS1F_INS1F_IS13_vE10value_typeEvE10value_typeES1P_S1U_S1K_S1K_T10_iibT11_' for 'sm_100'
ptxas info    : Function properties for _ZN3cub17_V_300500_SM_10006detail12batched_topk35device_segmented_topk_filter_kernelINS2_26policy_selector_from_typesIialLl8388608EEELNS1_4topk6selectE1EN4cuda3__417constant_iteratorIPKilEENSA_IPilEENSA_INS9_17counting_iteratorIjlLi0ELi0ELi0EEElEENS9_18transform_iteratorINS2_26per_segment_indexed_out_opINSA_IPKalEENSA_IPalEEEENSG_IlnLi0ELi0ELi0EEEEENS1_6params13uniform_paramIlLl0ELl268435456EEENSU_IlLl1ELl8388608EEENSU_IlLl1ELl1EEEPljPyNS1_21identity_decomposer_tEjjEEvT1_T2_T3_T4_T5_T6_T7_T8_PKT9_PNS6_7counterINS8_3std3__415iterator_traitsINS1F_IS11_vE10value_typeEvE10value_typeET12_T13_EEPS1K_PS1J_PNS1F_INS1F_IS13_vE10value_typeEvE10value_typeES1P_S1U_S1K_S1K_T10_iibT11_
    0 bytes stack frame, 0 bytes spill stores, 0 bytes spill loads
ptxas info    : Used 40 registers, used 1 barriers, 8196 bytes smem
ptxas info    : Compile time = 29.035 ms
ptxas info    : Compiling entry function '_ZN3cub17_V_300500_SM_10006detail12batched_topk47device_segmented_topk_finalize_histogram_kernelINS2_26policy_selector_from_typesIialLl8388608EEEN4cuda3__417constant_iteratorIPKilEENS1_6params13uniform_paramIlLl0ELl268435456EEENSD_IlLl1ELl8388608EEENSD_IlLl1ELl1EEEPlPyNS1_4topk16extract_bin_op_tIiLNSJ_6selectE1ELi11ENS1_21identity_decomposer_tELb1EEEjjiEEvT0_T1_T2_T3_T4_PNSJ_7counterIT9_T7_T8_EEPSV_T5_T6_ib' for 'sm_100'
ptxas info    : Function properties for _ZN3cub17_V_300500_SM_10006detail12batched_topk47device_segmented_topk_finalize_histogram_kernelINS2_26policy_selector_from_typesIialLl8388608EEEN4cuda3__417constant_iteratorIPKilEENS1_6params13uniform_paramIlLl0ELl268435456EEENSD_IlLl1ELl8388608EEENSD_IlLl1ELl1EEEPlPyNS1_4topk16extract_bin_op_tIiLNSJ_6selectE1ELi11ENS1_21identity_decomposer_tELb1EEEjjiEEvT0_T1_T2_T3_T4_PNSJ_7counterIT9_T7_T8_EEPSV_T5_T6_ib
    0 bytes stack frame, 0 bytes spill stores, 0 bytes spill loads
ptxas info    : Used 40 registers, used 1 barriers, 8192 bytes smem
ptxas info    : Compile time = 9.434 ms
ptxas info    : Compiling entry function '_ZN3cub17_V_300500_SM_10006detail12batched_topk38device_segmented_topk_histogram_kernelINS2_26policy_selector_from_typesIialLl8388608EEEN4cuda3__417constant_iteratorIPKilEENS1_6params13uniform_paramIlLl0ELl268435456EEENSD_IlLl1ELl8388608EEENSD_IlLl1ELl1EEEPljPyNS1_4topk16extract_bin_op_tIiLNSJ_6selectE1ELi11ENS1_21identity_decomposer_tELb1EEEjjjEEvT0_T1_T2_T3_T4_PKT5_PNSJ_7counterINS6_3std3__415iterator_traitsINSZ_ISO_vE10value_typeEvE10value_typeET8_T9_EEPS14_T6_T7_' for 'sm_100'
ptxas info    : Function properties for _ZN3cub17_V_300500_SM_10006detail12batched_topk38device_segmented_topk_histogram_kernelINS2_26policy_selector_from_typesIialLl8388608EEEN4cuda3__417constant_iteratorIPKilEENS1_6params13uniform_paramIlLl0ELl268435456EEENSD_IlLl1ELl8388608EEENSD_IlLl1ELl1EEEPljPyNS1_4topk16extract_bin_op_tIiLNSJ_6selectE1ELi11ENS1_21identity_decomposer_tELb1EEEjjjEEvT0_T1_T2_T3_T4_PKT5_PNSJ_7counterINS6_3std3__415iterator_traitsINSZ_ISO_vE10value_typeEvE10value_typeET8_T9_EEPS14_T6_T7_
    0 bytes stack frame, 0 bytes spill stores, 0 bytes spill loads
ptxas info    : Used 30 registers, used 1 barriers, 8240 bytes smem
ptxas info    : Compile time = 23.758 ms
ptxas info    : Compiling entry function '_ZN3cub17_V_300500_SM_10006detail12batched_topk44device_segmented_topk_finalize_filter_kernelINS2_26policy_selector_from_typesIialLl8388608EEELNS1_4topk6selectE0EN4cuda3__417constant_iteratorIPKilEENSA_IPilEENSA_INS9_17counting_iteratorIjlLi0ELi0ELi0EEElEENS9_18transform_iteratorINS2_26per_segment_indexed_out_opINSA_IPKalEENSA_IPalEEEENSG_IlnLi0ELi0ELi0EEEEENS1_6params13uniform_paramIlLl0ELl268435456EEENSU_IlLl1ELl8388608EEENSU_IlLl1ELl1EEEPljPyNS1_21identity_decomposer_tEjjiEEvT1_T2_T3_T4_T5_T6_T7_T8_PKT9_PNS6_7counterIT14_T12_T13_EEPS1E_PS1D_PNS8_3std3__415iterator_traitsINS1M_IS13_vE10value_typeEvE10value_typeES1J_S1R_T10_S1E_S1E_iiT11_b' for 'sm_100'
ptxas info    : Function properties for _ZN3cub17_V_300500_SM_10006detail12batched_topk44device_segmented_topk_finalize_filter_kernelINS2_26policy_selector_from_typesIialLl8388608EEELNS1_4topk6selectE0EN4cuda3__417constant_iteratorIPKilEENSA_IPilEENSA_INS9_17counting_iteratorIjlLi0ELi0ELi0EEElEENS9_18transform_iteratorINS2_26per_segment_indexed_out_opINSA_IPKalEENSA_IPalEEEENSG_IlnLi0ELi0ELi0EEEEENS1_6params13uniform_paramIlLl0ELl268435456EEENSU_IlLl1ELl8388608EEENSU_IlLl1ELl1EEEPljPyNS1_21identity_decomposer_tEjjiEEvT1_T2_T3_T4_T5_T6_T7_T8_PKT9_PNS6_7counterIT14_T12_T13_EEPS1E_PS1D_PNS8_3std3__415iterator_traitsINS1M_IS13_vE10value_typeEvE10value_typeES1J_S1R_T10_S1E_S1E_iiT11_b
    0 bytes stack frame, 0 bytes spill stores, 0 bytes spill loads
ptxas info    : Used 52 registers, used 1 barriers, 8208 bytes smem
ptxas info    : Compile time = 30.040 ms
ptxas info    : Compiling entry function '_ZN3cub17_V_300500_SM_10006detail12batched_topk40device_segmented_topk_last_filter_kernelINS2_26policy_selector_from_typesIialLl8388608EEELNS1_4topk6selectE0EN4cuda3__417constant_iteratorIPKilEENSA_IPilEENSA_INS9_17counting_iteratorIjlLi0ELi0ELi0EEElEENS9_18transform_iteratorINS2_26per_segment_indexed_out_opINSA_IPKalEENSA_IPalEEEENSG_IlnLi0ELi0ELi0EEEEENS1_6params13uniform_paramIlLl0ELl268435456EEENSU_IlLl1ELl8388608EEENSU_IlLl1ELl1EEEPljPyNS1_21identity_decomposer_tEjjEEvT1_T2_T3_T4_T5_T6_T7_T8_PKT9_PNS6_7counterINS8_3std3__415iterator_traitsINS1F_IS11_vE10value_typeEvE10value_typeET12_T13_EEPS1J_PNS1F_INS1F_IS13_vE10value_typeEvE10value_typeES1K_T10_iiT11_' for 'sm_100'
ptxas info    : Function properties for _ZN3cub17_V_300500_SM_10006detail12batched_topk40device_segmented_topk_last_filter_kernelINS2_26policy_selector_from_typesIialLl8388608EEELNS1_4topk6selectE0EN4cuda3__417constant_iteratorIPKilEENSA_IPilEENSA_INS9_17counting_iteratorIjlLi0ELi0ELi0EEElEENS9_18transform_iteratorINS2_26per_segment_indexed_out_opINSA_IPKalEENSA_IPalEEEENSG_IlnLi0ELi0ELi0EEEEENS1_6params13uniform_paramIlLl0ELl268435456EEENSU_IlLl1ELl8388608EEENSU_IlLl1ELl1EEEPljPyNS1_21identity_decomposer_tEjjEEvT1_T2_T3_T4_T5_T6_T7_T8_PKT9_PNS6_7counterINS8_3std3__415iterator_traitsINS1F_IS11_vE10value_typeEvE10value_typeET12_T13_EEPS1J_PNS1F_INS1F_IS13_vE10value_typeEvE10value_typeES1K_T10_iiT11_
    0 bytes stack frame, 0 bytes spill stores, 0 bytes spill loads
ptxas info    : Used 40 registers, used 0 barriers
ptxas info    : Compile time = 32.325 ms
ptxas info    : Compiling entry function '_ZN3cub17_V_300500_SM_10006detail12batched_topk35device_segmented_topk_filter_kernelINS2_26policy_selector_from_typesIialLl8388608EEELNS1_4topk6selectE0EN4cuda3__417constant_iteratorIPKilEENSA_IPilEENSA_INS9_17counting_iteratorIjlLi0ELi0ELi0EEElEENS9_18transform_iteratorINS2_26per_segment_indexed_out_opINSA_IPKalEENSA_IPalEEEENSG_IlnLi0ELi0ELi0EEEEENS1_6params13uniform_paramIlLl0ELl268435456EEENSU_IlLl1ELl8388608EEENSU_IlLl1ELl1EEEPljPyNS1_21identity_decomposer_tEjjEEvT1_T2_T3_T4_T5_T6_T7_T8_PKT9_PNS6_7counterINS8_3std3__415iterator_traitsINS1F_IS11_vE10value_typeEvE10value_typeET12_T13_EEPS1K_PS1J_PNS1F_INS1F_IS13_vE10value_typeEvE10value_typeES1P_S1U_S1K_S1K_T10_iibT11_' for 'sm_100'
ptxas info    : Function properties for _ZN3cub17_V_300500_SM_10006detail12batched_topk35device_segmented_topk_filter_kernelINS2_26policy_selector_from_typesIialLl8388608EEELNS1_4topk6selectE0EN4cuda3__417constant_iteratorIPKilEENSA_IPilEENSA_INS9_17counting_iteratorIjlLi0ELi0ELi0EEElEENS9_18transform_iteratorINS2_26per_segment_indexed_out_opINSA_IPKalEENSA_IPalEEEENSG_IlnLi0ELi0ELi0EEEEENS1_6params13uniform_paramIlLl0ELl268435456EEENSU_IlLl1ELl8388608EEENSU_IlLl1ELl1EEEPljPyNS1_21identity_decomposer_tEjjEEvT1_T2_T3_T4_T5_T6_T7_T8_PKT9_PNS6_7counterINS8_3std3__415iterator_traitsINS1F_IS11_vE10value_typeEvE10value_typeET12_T13_EEPS1K_PS1J_PNS1F_INS1F_IS13_vE10value_typeEvE10value_typeES1P_S1U_S1K_S1K_T10_iibT11_
    0 bytes stack frame, 0 bytes spill stores, 0 bytes spill loads
ptxas info    : Used 40 registers, used 1 barriers, 8196 bytes smem
ptxas info    : Compile time = 30.037 ms
ptxas info    : Compiling entry function '_ZN3cub17_V_300500_SM_10006detail12batched_topk47device_segmented_topk_finalize_histogram_kernelINS2_26policy_selector_from_typesIialLl8388608EEEN4cuda3__417constant_iteratorIPKilEENS1_6params13uniform_paramIlLl0ELl268435456EEENSD_IlLl1ELl8388608EEENSD_IlLl1ELl1EEEPlPyNS1_4topk16extract_bin_op_tIiLNSJ_6selectE0ELi11ENS1_21identity_decomposer_tELb1EEEjjiEEvT0_T1_T2_T3_T4_PNSJ_7counterIT9_T7_T8_EEPSV_T5_T6_ib' for 'sm_100'
ptxas info    : Function properties for _ZN3cub17_V_300500_SM_10006detail12batched_topk47device_segmented_topk_finalize_histogram_kernelINS2_26policy_selector_from_typesIialLl8388608EEEN4cuda3__417constant_iteratorIPKilEENS1_6params13uniform_paramIlLl0ELl268435456EEENSD_IlLl1ELl8388608EEENSD_IlLl1ELl1EEEPlPyNS1_4topk16extract_bin_op_tIiLNSJ_6selectE0ELi11ENS1_21identity_decomposer_tELb1EEEjjiEEvT0_T1_T2_T3_T4_PNSJ_7counterIT9_T7_T8_EEPSV_T5_T6_ib
    0 bytes stack frame, 0 bytes spill stores, 0 bytes spill loads
ptxas info    : Used 40 registers, used 1 barriers, 8192 bytes smem
ptxas info    : Compile time = 9.408 ms
ptxas info    : Compiling entry function '_ZN3cub17_V_300500_SM_10006detail12batched_topk38device_segmented_topk_histogram_kernelINS2_26policy_selector_from_typesIialLl8388608EEEN4cuda3__417constant_iteratorIPKilEENS1_6params13uniform_paramIlLl0ELl268435456EEENSD_IlLl1ELl8388608EEENSD_IlLl1ELl1EEEPljPyNS1_4topk16extract_bin_op_tIiLNSJ_6selectE0ELi11ENS1_21identity_decomposer_tELb1EEEjjjEEvT0_T1_T2_T3_T4_PKT5_PNSJ_7counterINS6_3std3__415iterator_traitsINSZ_ISO_vE10value_typeEvE10value_typeET8_T9_EEPS14_T6_T7_' for 'sm_100'
ptxas info    : Function properties for _ZN3cub17_V_300500_SM_10006detail12batched_topk38device_segmented_topk_histogram_kernelINS2_26policy_selector_from_typesIialLl8388608EEEN4cuda3__417constant_iteratorIPKilEENS1_6params13uniform_paramIlLl0ELl268435456EEENSD_IlLl1ELl8388608EEENSD_IlLl1ELl1EEEPljPyNS1_4topk16extract_bin_op_tIiLNSJ_6selectE0ELi11ENS1_21identity_decomposer_tELb1EEEjjjEEvT0_T1_T2_T3_T4_PKT5_PNSJ_7counterINS6_3std3__415iterator_traitsINSZ_ISO_vE10value_typeEvE10value_typeET8_T9_EEPS14_T6_T7_
    0 bytes stack frame, 0 bytes spill stores, 0 bytes spill loads
ptxas info    : Used 30 registers, used 1 barriers, 8240 bytes smem
ptxas info    : Compile time = 23.745 ms
ptxas info    : Compiling entry function '_ZN3cub17_V_300500_SM_10006detail12batched_topk28device_segmented_topk_kernelINS2_26policy_selector_from_typesIialLl8388608EEEN4cuda3__417constant_iteratorIPKilEENS8_IPilEENS8_IPKalEENS8_IPalEENS1_6params13uniform_paramIlLl0ELl268435456EEENSK_IlLl1ELl8388608EEENSJ_22uniform_discrete_paramINS1_4topk6selectEJLSP_1EEEENSK_IlLl1ELl1EEEjEEvT0_T1_T2_T3_T4_T5_T6_T7_PNS2_21batched_topk_countersINSZ_10value_typeEEEPS11_PT8_' for 'sm_100'
ptxas info    : Function properties for _ZN3cub17_V_300500_SM_10006detail12batched_topk28device_segmented_topk_kernelINS2_26policy_selector_from_typesIialLl8388608EEEN4cuda3__417constant_iteratorIPKilEENS8_IPilEENS8_IPKalEENS8_IPalEENS1_6params13uniform_paramIlLl0ELl268435456EEENSK_IlLl1ELl8388608EEENSJ_22uniform_discrete_paramINS1_4topk6selectEJLSP_1EEEENSK_IlLl1ELl1EEEjEEvT0_T1_T2_T3_T4_T5_T6_T7_PNS2_21batched_topk_countersINSZ_10value_typeEEEPS11_PT8_
    32 bytes stack frame, 28 bytes spill stores, 28 bytes spill loads
ptxas info    : Used 255 registers, used 1 barriers, 32 bytes cumulative stack size, 33808 bytes smem
ptxas info    : Compile time = 127.368 ms
ptxas info    : Compiling entry function '_ZN3cub17_V_300500_SM_10006detail12batched_topk44device_segmented_topk_finalize_filter_kernelINS2_26policy_selector_from_typesIsllLl8388608EEELNS1_4topk6selectE1EN4cuda3__417constant_iteratorIPKslEENSA_IPslEENSA_INS9_17counting_iteratorIjlLi0ELi0ELi0EEElEENS9_18transform_iteratorINS2_26per_segment_indexed_out_opINSA_IPKllEENSA_IPllEEEENSG_IlnLi0ELi0ELi0EEEEENS1_6params13uniform_paramIlLl0ELl268435456EEENSU_IlLl1ELl8388608EEENSU_IlLl1ELl1EEESO_jPyNS1_21identity_decomposer_tEjjsEEvT1_T2_T3_T4_T5_T6_T7_T8_PKT9_PNS6_7counterIT14_T12_T13_EEPS1D_PS1C_PNS8_3std3__415iterator_traitsINS1L_IS12_vE10value_typeEvE10value_typeES1I_S1Q_T10_S1D_S1D_iiT11_b' for 'sm_100'
ptxas info    : Function properties for _ZN3cub17_V_300500_SM_10006detail12batched_topk44device_segmented_topk_finalize_filter_kernelINS2_26policy_selector_from_typesIsllLl8388608EEELNS1_4topk6selectE1EN4cuda3__417constant_iteratorIPKslEENSA_IPslEENSA_INS9_17counting_iteratorIjlLi0ELi0ELi0EEElEENS9_18transform_iteratorINS2_26per_segment_indexed_out_opINSA_IPKllEENSA_IPllEEEENSG_IlnLi0ELi0ELi0EEEEENS1_6params13uniform_paramIlLl0ELl268435456EEENSU_IlLl1ELl8388608EEENSU_IlLl1ELl1EEESO_jPyNS1_21identity_decomposer_tEjjsEEvT1_T2_T3_T4_T5_T6_T7_T8_PKT9_PNS6_7counterIT14_T12_T13_EEPS1D_PS1C_PNS8_3std3__415iterator_traitsINS1L_IS12_vE10value_typeEvE10value_typeES1I_S1Q_T10_S1D_S1D_iiT11_b
    0 bytes stack frame, 0 bytes spill stores, 0 bytes spill loads
ptxas info    : Used 64 registers, used 1 barriers, 8208 bytes smem
ptxas info    : Compile time = 46.521 ms
ptxas info    : Compiling entry function '_ZN3cub17_V_300500_SM_10006detail12batched_topk40device_segmented_topk_last_filter_kernelINS2_26policy_selector_from_typesIsllLl8388608EEELNS1_4topk6selectE1EN4cuda3__417constant_iteratorIPKslEENSA_IPslEENSA_INS9_17counting_iteratorIjlLi0ELi0ELi0EEElEENS9_18transform_iteratorINS2_26per_segment_indexed_out_opINSA_IPKllEENSA_IPllEEEENSG_IlnLi0ELi0ELi0EEEEENS1_6params13uniform_paramIlLl0ELl268435456EEENSU_IlLl1ELl8388608EEENSU_IlLl1ELl1EEESO_jPyNS1_21identity_decomposer_tEjjEEvT1_T2_T3_T4_T5_T6_T7_T8_PKT9_PNS6_7counterINS8_3std3__415iterator_traitsINS1E_IS10_vE10value_typeEvE10value_typeET12_T13_EEPS1I_PNS1E_INS1E_IS12_vE10value_typeEvE10value_typeES1J_T10_iiT11_' for 'sm_100'
ptxas info    : Function properties for _ZN3cub17_V_300500_SM_10006detail12batched_topk40device_segmented_topk_last_filter_kernelINS2_26policy_selector_from_typesIsllLl8388608EEELNS1_4topk6selectE1EN4cuda3__417constant_iteratorIPKslEENSA_IPslEENSA_INS9_17counting_iteratorIjlLi0ELi0ELi0EEElEENS9_18transform_iteratorINS2_26per_segment_indexed_out_opINSA_IPKllEENSA_IPllEEEENSG_IlnLi0ELi0ELi0EEEEENS1_6params13uniform_paramIlLl0ELl268435456EEENSU_IlLl1ELl8388608EEENSU_IlLl1ELl1EEESO_jPyNS1_21identity_decomposer_tEjjEEvT1_T2_T3_T4_T5_T6_T7_T8_PKT9_PNS6_7counterINS8_3std3__415iterator_traitsINS1E_IS10_vE10value_typeEvE10value_typeET12_T13_EEPS1I_PNS1E_INS1E_IS12_vE10value_typeEvE10value_typeES1J_T10_iiT11_
    0 bytes stack frame, 0 bytes spill stores, 0 bytes spill loads
ptxas info    : Used 56 registers, used 0 barriers
ptxas info    : Compile time = 58.294 ms
ptxas info    : Compiling entry function '_ZN3cub17_V_300500_SM_10006detail12batched_topk35device_segmented_topk_filter_kernelINS2_26policy_selector_from_typesIsllLl8388608EEELNS1_4topk6selectE1EN4cuda3__417constant_iteratorIPKslEENSA_IPslEENSA_INS9_17counting_iteratorIjlLi0ELi0ELi0EEElEENS9_18transform_iteratorINS2_26per_segment_indexed_out_opINSA_IPKllEENSA_IPllEEEENSG_IlnLi0ELi0ELi0EEEEENS1_6params13uniform_paramIlLl0ELl268435456EEENSU_IlLl1ELl8388608EEENSU_IlLl1ELl1EEESO_jPyNS1_21identity_decomposer_tEjjEEvT1_T2_T3_T4_T5_T6_T7_T8_PKT9_PNS6_7counterINS8_3std3__415iterator_traitsINS1E_IS10_vE10value_typeEvE10value_typeET12_T13_EEPS1J_PS1I_PNS1E_INS1E_IS12_vE10value_typeEvE10value_typeES1O_S1T_S1J_S1J_T10_iibT11_' for 'sm_100'
ptxas info    : Function properties for _ZN3cub17_V_300500_SM_10006detail12batched_topk35device_segmented_topk_filter_kernelINS2_26policy_selector_from_typesIsllLl8388608EEELNS1_4topk6selectE1EN4cuda3__417constant_iteratorIPKslEENSA_IPslEENSA_INS9_17counting_iteratorIjlLi0ELi0ELi0EEElEENS9_18transform_iteratorINS2_26per_segment_indexed_out_opINSA_IPKllEENSA_IPllEEEENSG_IlnLi0ELi0ELi0EEEEENS1_6params13uniform_paramIlLl0ELl268435456EEENSU_IlLl1ELl8388608EEENSU_IlLl1ELl1EEESO_jPyNS1_21identity_decomposer_tEjjEEvT1_T2_T3_T4_T5_T6_T7_T8_PKT9_PNS6_7counterINS8_3std3__415iterator_traitsINS1E_IS10_vE10value_typeEvE10value_typeET12_T13_EEPS1J_PS1I_PNS1E_INS1E_IS12_vE10value_typeEvE10value_typeES1O_S1T_S1J_S1J_T10_iibT11_
    0 bytes stack frame, 0 bytes spill stores, 0 bytes spill loads
ptxas info    : Used 58 registers, used 1 barriers, 8196 bytes smem
ptxas info    : Compile time = 43.588 ms
ptxas info    : Compiling entry function '_ZN3cub17_V_300500_SM_10006detail12batched_topk47device_segmented_topk_finalize_histogram_kernelINS2_26policy_selector_from_typesIsllLl8388608EEEN4cuda3__417constant_iteratorIPKslEENS1_6params13uniform_paramIlLl0ELl268435456EEENSD_IlLl1ELl8388608EEENSD_IlLl1ELl1EEEPlPyNS1_4topk16extract_bin_op_tIsLNSJ_6selectE1ELi11ENS1_21identity_decomposer_tELb1EEEjjsEEvT0_T1_T2_T3_T4_PNSJ_7counterIT9_T7_T8_EEPSV_T5_T6_ib' for 'sm_100'
ptxas info    : Function properties for _ZN3cub17_V_300500_SM_10006detail12batched_topk47device_segmented_topk_finalize_histogram_kernelINS2_26policy_selector_from_typesIsllLl8388608EEEN4cuda3__417constant_iteratorIPKslEENS1_6params13uniform_paramIlLl0ELl268435456EEENSD_IlLl1ELl8388608EEENSD_IlLl1ELl1EEEPlPyNS1_4topk16extract_bin_op_tIsLNSJ_6selectE1ELi11ENS1_21identity_decomposer_tELb1EEEjjsEEvT0_T1_T2_T3_T4_PNSJ_7counterIT9_T7_T8_EEPSV_T5_T6_ib
    0 bytes stack frame, 0 bytes spill stores, 0 bytes spill loads
ptxas info    : Used 32 registers, used 1 barriers, 8192 bytes smem
ptxas info    : Compile time = 10.647 ms
ptxas info    : Compiling entry function '_ZN3cub17_V_300500_SM_10006detail12batched_topk38device_segmented_topk_histogram_kernelINS2_26policy_selector_from_typesIsllLl8388608EEEN4cuda3__417constant_iteratorIPKslEENS1_6params13uniform_paramIlLl0ELl268435456EEENSD_IlLl1ELl8388608EEENSD_IlLl1ELl1EEEPljPyNS1_4topk16extract_bin_op_tIsLNSJ_6selectE1ELi11ENS1_21identity_decomposer_tELb1EEEjjjEEvT0_T1_T2_T3_T4_PKT5_PNSJ_7counterINS6_3std3__415iterator_traitsINSZ_ISO_vE10value_typeEvE10value_typeET8_T9_EEPS14_T6_T7_' for 'sm_100'
ptxas info    : Function properties for _ZN3cub17_V_300500_SM_10006detail12batched_topk38device_segmented_topk_histogram_kernelINS2_26policy_selector_from_typesIsllLl8388608EEEN4cuda3__417constant_iteratorIPKslEENS1_6params13uniform_paramIlLl0ELl268435456EEENSD_IlLl1ELl8388608EEENSD_IlLl1ELl1EEEPljPyNS1_4topk16extract_bin_op_tIsLNSJ_6selectE1ELi11ENS1_21identity_decomposer_tELb1EEEjjjEEvT0_T1_T2_T3_T4_PKT5_PNSJ_7counterINS6_3std3__415iterator_traitsINSZ_ISO_vE10value_typeEvE10value_typeET8_T9_EEPS14_T6_T7_
    0 bytes stack frame, 0 bytes spill stores, 0 bytes spill loads
ptxas info    : Used 28 registers, used 1 barriers, 8240 bytes smem
ptxas info    : Compile time = 38.405 ms
ptxas info    : Compiling entry function '_ZN3cub17_V_300500_SM_10006detail12batched_topk44device_segmented_topk_finalize_filter_kernelINS2_26policy_selector_from_typesIsllLl8388608EEELNS1_4topk6selectE0EN4cuda3__417constant_iteratorIPKslEENSA_IPslEENSA_INS9_17counting_iteratorIjlLi0ELi0ELi0EEElEENS9_18transform_iteratorINS2_26per_segment_indexed_out_opINSA_IPKllEENSA_IPllEEEENSG_IlnLi0ELi0ELi0EEEEENS1_6params13uniform_paramIlLl0ELl268435456EEENSU_IlLl1ELl8388608EEENSU_IlLl1ELl1EEESO_jPyNS1_21identity_decomposer_tEjjsEEvT1_T2_T3_T4_T5_T6_T7_T8_PKT9_PNS6_7counterIT14_T12_T13_EEPS1D_PS1C_PNS8_3std3__415iterator_traitsINS1L_IS12_vE10value_typeEvE10value_typeES1I_S1Q_T10_S1D_S1D_iiT11_b' for 'sm_100'
ptxas info    : Function properties for _ZN3cub17_V_300500_SM_10006detail12batched_topk44device_segmented_topk_finalize_filter_kernelINS2_26policy_selector_from_typesIsllLl8388608EEELNS1_4topk6selectE0EN4cuda3__417constant_iteratorIPKslEENSA_IPslEENSA_INS9_17counting_iteratorIjlLi0ELi0ELi0EEElEENS9_18transform_iteratorINS2_26per_segment_indexed_out_opINSA_IPKllEENSA_IPllEEEENSG_IlnLi0ELi0ELi0EEEEENS1_6params13uniform_paramIlLl0ELl268435456EEENSU_IlLl1ELl8388608EEENSU_IlLl1ELl1EEESO_jPyNS1_21identity_decomposer_tEjjsEEvT1_T2_T3_T4_T5_T6_T7_T8_PKT9_PNS6_7counterIT14_T12_T13_EEPS1D_PS1C_PNS8_3std3__415iterator_traitsINS1L_IS12_vE10value_typeEvE10value_typeES1I_S1Q_T10_S1D_S1D_iiT11_b
    0 bytes stack frame, 0 bytes spill stores, 0 bytes spill loads
ptxas info    : Used 64 registers, used 1 barriers, 8208 bytes smem
ptxas info    : Compile time = 46.684 ms
ptxas info    : Compiling entry function '_ZN3cub17_V_300500_SM_10006detail12batched_topk40device_segmented_topk_last_filter_kernelINS2_26policy_selector_from_typesIsllLl8388608EEELNS1_4topk6selectE0EN4cuda3__417constant_iteratorIPKslEENSA_IPslEENSA_INS9_17counting_iteratorIjlLi0ELi0ELi0EEElEENS9_18transform_iteratorINS2_26per_segment_indexed_out_opINSA_IPKllEENSA_IPllEEEENSG_IlnLi0ELi0ELi0EEEEENS1_6params13uniform_paramIlLl0ELl268435456EEENSU_IlLl1ELl8388608EEENSU_IlLl1ELl1EEESO_jPyNS1_21identity_decomposer_tEjjEEvT1_T2_T3_T4_T5_T6_T7_T8_PKT9_PNS6_7counterINS8_3std3__415iterator_traitsINS1E_IS10_vE10value_typeEvE10value_typeET12_T13_EEPS1I_PNS1E_INS1E_IS12_vE10value_typeEvE10value_typeES1J_T10_iiT11_' for 'sm_100'
ptxas info    : Function properties for _ZN3cub17_V_300500_SM_10006detail12batched_topk40device_segmented_topk_last_filter_kernelINS2_26policy_selector_from_typesIsllLl8388608EEELNS1_4topk6selectE0EN4cuda3__417constant_iteratorIPKslEENSA_IPslEENSA_INS9_17counting_iteratorIjlLi0ELi0ELi0EEElEENS9_18transform_iteratorINS2_26per_segment_indexed_out_opINSA_IPKllEENSA_IPllEEEENSG_IlnLi0ELi0ELi0EEEEENS1_6params13uniform_paramIlLl0ELl268435456EEENSU_IlLl1ELl8388608EEENSU_IlLl1ELl1EEESO_jPyNS1_21identity_decomposer_tEjjEEvT1_T2_T3_T4_T5_T6_T7_T8_PKT9_PNS6_7counterINS8_3std3__415iterator_traitsINS1E_IS10_vE10value_typeEvE10value_typeET12_T13_EEPS1I_PNS1E_INS1E_IS12_vE10value_typeEvE10value_typeES1J_T10_iiT11_
    0 bytes stack frame, 0 bytes spill stores, 0 bytes spill loads
ptxas info    : Used 56 registers, used 0 barriers
ptxas info    : Compile time = 58.349 ms
ptxas info    : Compiling entry function '_ZN3cub17_V_300500_SM_10006detail12batched_topk35device_segmented_topk_filter_kernelINS2_26policy_selector_from_typesIsllLl8388608EEELNS1_4topk6selectE0EN4cuda3__417constant_iteratorIPKslEENSA_IPslEENSA_INS9_17counting_iteratorIjlLi0ELi0ELi0EEElEENS9_18transform_iteratorINS2_26per_segment_indexed_out_opINSA_IPKllEENSA_IPllEEEENSG_IlnLi0ELi0ELi0EEEEENS1_6params13uniform_paramIlLl0ELl268435456EEENSU_IlLl1ELl8388608EEENSU_IlLl1ELl1EEESO_jPyNS1_21identity_decomposer_tEjjEEvT1_T2_T3_T4_T5_T6_T7_T8_PKT9_PNS6_7counterINS8_3std3__415iterator_traitsINS1E_IS10_vE10value_typeEvE10value_typeET12_T13_EEPS1J_PS1I_PNS1E_INS1E_IS12_vE10value_typeEvE10value_typeES1O_S1T_S1J_S1J_T10_iibT11_' for 'sm_100'
ptxas info    : Function properties for _ZN3cub17_V_300500_SM_10006detail12batched_topk35device_segmented_topk_filter_kernelINS2_26policy_selector_from_typesIsllLl8388608EEELNS1_4topk6selectE0EN4cuda3__417constant_iteratorIPKslEENSA_IPslEENSA_INS9_17counting_iteratorIjlLi0ELi0ELi0EEElEENS9_18transform_iteratorINS2_26per_segment_indexed_out_opINSA_IPKllEENSA_IPllEEEENSG_IlnLi0ELi0ELi0EEEEENS1_6params13uniform_paramIlLl0ELl268435456EEENSU_IlLl1ELl8388608EEENSU_IlLl1ELl1EEESO_jPyNS1_21identity_decomposer_tEjjEEvT1_T2_T3_T4_T5_T6_T7_T8_PKT9_PNS6_7counterINS8_3std3__415iterator_traitsINS1E_IS10_vE10value_typeEvE10value_typeET12_T13_EEPS1J_PS1I_PNS1E_INS1E_IS12_vE10value_typeEvE10value_typeES1O_S1T_S1J_S1J_T10_iibT11_
    0 bytes stack frame, 0 bytes spill stores, 0 bytes spill loads
ptxas info    : Used 58 registers, used 1 barriers, 8196 bytes smem
ptxas info    : Compile time = 43.562 ms
ptxas info    : Compiling entry function '_ZN3cub17_V_300500_SM_10006detail12batched_topk47device_segmented_topk_finalize_histogram_kernelINS2_26policy_selector_from_typesIsllLl8388608EEEN4cuda3__417constant_iteratorIPKslEENS1_6params13uniform_paramIlLl0ELl268435456EEENSD_IlLl1ELl8388608EEENSD_IlLl1ELl1EEEPlPyNS1_4topk16extract_bin_op_tIsLNSJ_6selectE0ELi11ENS1_21identity_decomposer_tELb1EEEjjsEEvT0_T1_T2_T3_T4_PNSJ_7counterIT9_T7_T8_EEPSV_T5_T6_ib' for 'sm_100'
ptxas info    : Function properties for _ZN3cub17_V_300500_SM_10006detail12batched_topk47device_segmented_topk_finalize_histogram_kernelINS2_26policy_selector_from_typesIsllLl8388608EEEN4cuda3__417constant_iteratorIPKslEENS1_6params13uniform_paramIlLl0ELl268435456EEENSD_IlLl1ELl8388608EEENSD_IlLl1ELl1EEEPlPyNS1_4topk16extract_bin_op_tIsLNSJ_6selectE0ELi11ENS1_21identity_decomposer_tELb1EEEjjsEEvT0_T1_T2_T3_T4_PNSJ_7counterIT9_T7_T8_EEPSV_T5_T6_ib
    0 bytes stack frame, 0 bytes spill stores, 0 bytes spill loads
ptxas info    : Used 32 registers, used 1 barriers, 8192 bytes smem
ptxas info    : Compile time = 10.647 ms
ptxas info    : Compiling entry function '_ZN3cub17_V_300500_SM_10006detail12batched_topk38device_segmented_topk_histogram_kernelINS2_26policy_selector_from_typesIsllLl8388608EEEN4cuda3__417constant_iteratorIPKslEENS1_6params13uniform_paramIlLl0ELl268435456EEENSD_IlLl1ELl8388608EEENSD_IlLl1ELl1EEEPljPyNS1_4topk16extract_bin_op_tIsLNSJ_6selectE0ELi11ENS1_21identity_decomposer_tELb1EEEjjjEEvT0_T1_T2_T3_T4_PKT5_PNSJ_7counterINS6_3std3__415iterator_traitsINSZ_ISO_vE10value_typeEvE10value_typeET8_T9_EEPS14_T6_T7_' for 'sm_100'
ptxas info    : Function properties for _ZN3cub17_V_300500_SM_10006detail12batched_topk38device_segmented_topk_histogram_kernelINS2_26policy_selector_from_typesIsllLl8388608EEEN4cuda3__417constant_iteratorIPKslEENS1_6params13uniform_paramIlLl0ELl268435456EEENSD_IlLl1ELl8388608EEENSD_IlLl1ELl1EEEPljPyNS1_4topk16extract_bin_op_tIsLNSJ_6selectE0ELi11ENS1_21identity_decomposer_tELb1EEEjjjEEvT0_T1_T2_T3_T4_PKT5_PNSJ_7counterINS6_3std3__415iterator_traitsINSZ_ISO_vE10value_typeEvE10value_typeET8_T9_EEPS14_T6_T7_
    0 bytes stack frame, 0 bytes spill stores, 0 bytes spill loads
ptxas info    : Used 28 registers, used 1 barriers, 8240 bytes smem
ptxas info    : Compile time = 38.473 ms
ptxas info    : Compiling entry function '_ZN3cub17_V_300500_SM_10006detail12batched_topk28device_segmented_topk_kernelINS2_26policy_selector_from_typesIsllLl8388608EEEN4cuda3__417constant_iteratorIPKslEENS8_IPslEENS8_IPKllEENS8_IPllEENS1_6params13uniform_paramIlLl0ELl268435456EEENSK_IlLl1ELl8388608EEENSJ_22uniform_discrete_paramINS1_4topk6selectEJLSP_1EEEENSK_IlLl1ELl1EEEjEEvT0_T1_T2_T3_T4_T5_T6_T7_PNS2_21batched_topk_countersINSZ_10value_typeEEEPS11_PT8_' for 'sm_100'
ptxas info    : Function properties for _ZN3cub17_V_300500_SM_10006detail12batched_topk28device_segmented_topk_kernelINS2_26policy_selector_from_typesIsllLl8388608EEEN4cuda3__417constant_iteratorIPKslEENS8_IPslEENS8_IPKllEENS8_IPllEENS1_6params13uniform_paramIlLl0ELl268435456EEENSK_IlLl1ELl8388608EEENSJ_22uniform_discrete_paramINS1_4topk6selectEJLSP_1EEEENSK_IlLl1ELl1EEEjEEvT0_T1_T2_T3_T4_T5_T6_T7_PNS2_21batched_topk_countersINSZ_10value_typeEEEPS11_PT8_
    0 bytes stack frame, 0 bytes spill stores, 0 bytes spill loads
ptxas info    : Used 196 registers, used 1 barriers, 33808 bytes smem
ptxas info    : Compile time = 63.940 ms
ptxas info    : Compiling entry function '_ZN3cub17_V_300500_SM_10006detail12batched_topk44device_segmented_topk_finalize_filter_kernelINS2_26policy_selector_from_typesIsilLl8388608EEELNS1_4topk6selectE1EN4cuda3__417constant_iteratorIPKslEENSA_IPslEENSA_INS9_17counting_iteratorIjlLi0ELi0ELi0EEElEENS9_18transform_iteratorINS2_26per_segment_indexed_out_opINSA_IPKilEENSA_IPilEEEENSG_IlnLi0ELi0ELi0EEEEENS1_6params13uniform_paramIlLl0ELl268435456EEENSU_IlLl1ELl8388608EEENSU_IlLl1ELl1EEEPljPyNS1_21identity_decomposer_tEjjsEEvT1_T2_T3_T4_T5_T6_T7_T8_PKT9_PNS6_7counterIT14_T12_T13_EEPS1E_PS1D_PNS8_3std3__415iterator_traitsINS1M_IS13_vE10value_typeEvE10value_typeES1J_S1R_T10_S1E_S1E_iiT11_b' for 'sm_100'
ptxas info    : Function properties for _ZN3cub17_V_300500_SM_10006detail12batched_topk44device_segmented_topk_finalize_filter_kernelINS2_26policy_selector_from_typesIsilLl8388608EEELNS1_4topk6selectE1EN4cuda3__417constant_iteratorIPKslEENSA_IPslEENSA_INS9_17counting_iteratorIjlLi0ELi0ELi0EEElEENS9_18transform_iteratorINS2_26per_segment_indexed_out_opINSA_IPKilEENSA_IPilEEEENSG_IlnLi0ELi0ELi0EEEEENS1_6params13uniform_paramIlLl0ELl268435456EEENSU_IlLl1ELl8388608EEENSU_IlLl1ELl1EEEPljPyNS1_21identity_decomposer_tEjjsEEvT1_T2_T3_T4_T5_T6_T7_T8_PKT9_PNS6_7counterIT14_T12_T13_EEPS1E_PS1D_PNS8_3std3__415iterator_traitsINS1M_IS13_vE10value_typeEvE10value_typeES1J_S1R_T10_S1E_S1E_iiT11_b
    0 bytes stack frame, 0 bytes spill stores, 0 bytes spill loads
ptxas info    : Used 64 registers, used 1 barriers, 8208 bytes smem
ptxas info    : Compile time = 46.568 ms
ptxas info    : Compiling entry function '_ZN3cub17_V_300500_SM_10006detail12batched_topk40device_segmented_topk_last_filter_kernelINS2_26policy_selector_from_typesIsilLl8388608EEELNS1_4topk6selectE1EN4cuda3__417constant_iteratorIPKslEENSA_IPslEENSA_INS9_17counting_iteratorIjlLi0ELi0ELi0EEElEENS9_18transform_iteratorINS2_26per_segment_indexed_out_opINSA_IPKilEENSA_IPilEEEENSG_IlnLi0ELi0ELi0EEEEENS1_6params13uniform_paramIlLl0ELl268435456EEENSU_IlLl1ELl8388608EEENSU_IlLl1ELl1EEEPljPyNS1_21identity_decomposer_tEjjEEvT1_T2_T3_T4_T5_T6_T7_T8_PKT9_PNS6_7counterINS8_3std3__415iterator_traitsINS1F_IS11_vE10value_typeEvE10value_typeET12_T13_EEPS1J_PNS1F_INS1F_IS13_vE10value_typeEvE10value_typeES1K_T10_iiT11_' for 'sm_100'
ptxas info    : Function properties for _ZN3cub17_V_300500_SM_10006detail12batched_topk40device_segmented_topk_last_filter_kernelINS2_26policy_selector_from_typesIsilLl8388608EEELNS1_4topk6selectE1EN4cuda3__417constant_iteratorIPKslEENSA_IPslEENSA_INS9_17counting_iteratorIjlLi0ELi0ELi0EEElEENS9_18transform_iteratorINS2_26per_segment_indexed_out_opINSA_IPKilEENSA_IPilEEEENSG_IlnLi0ELi0ELi0EEEEENS1_6params13uniform_paramIlLl0ELl268435456EEENSU_IlLl1ELl8388608EEENSU_IlLl1ELl1EEEPljPyNS1_21identity_decomposer_tEjjEEvT1_T2_T3_T4_T5_T6_T7_T8_PKT9_PNS6_7counterINS8_3std3__415iterator_traitsINS1F_IS11_vE10value_typeEvE10value_typeET12_T13_EEPS1J_PNS1F_INS1F_IS13_vE10value_typeEvE10value_typeES1K_T10_iiT11_
    0 bytes stack frame, 0 bytes spill stores, 0 bytes spill loads
ptxas info    : Used 56 registers, used 0 barriers
ptxas info    : Compile time = 58.230 ms
ptxas info    : Compiling entry function '_ZN3cub17_V_300500_SM_10006detail12batched_topk35device_segmented_topk_filter_kernelINS2_26policy_selector_from_typesIsilLl8388608EEELNS1_4topk6selectE1EN4cuda3__417constant_iteratorIPKslEENSA_IPslEENSA_INS9_17counting_iteratorIjlLi0ELi0ELi0EEElEENS9_18transform_iteratorINS2_26per_segment_indexed_out_opINSA_IPKilEENSA_IPilEEEENSG_IlnLi0ELi0ELi0EEEEENS1_6params13uniform_paramIlLl0ELl268435456EEENSU_IlLl1ELl8388608EEENSU_IlLl1ELl1EEEPljPyNS1_21identity_decomposer_tEjjEEvT1_T2_T3_T4_T5_T6_T7_T8_PKT9_PNS6_7counterINS8_3std3__415iterator_traitsINS1F_IS11_vE10value_typeEvE10value_typeET12_T13_EEPS1K_PS1J_PNS1F_INS1F_IS13_vE10value_typeEvE10value_typeES1P_S1U_S1K_S1K_T10_iibT11_' for 'sm_100'
ptxas info    : Function properties for _ZN3cub17_V_300500_SM_10006detail12batched_topk35device_segmented_topk_filter_kernelINS2_26policy_selector_from_typesIsilLl8388608EEELNS1_4topk6selectE1EN4cuda3__417constant_iteratorIPKslEENSA_IPslEENSA_INS9_17counting_iteratorIjlLi0ELi0ELi0EEElEENS9_18transform_iteratorINS2_26per_segment_indexed_out_opINSA_IPKilEENSA_IPilEEEENSG_IlnLi0ELi0ELi0EEEEENS1_6params13uniform_paramIlLl0ELl268435456EEENSU_IlLl1ELl8388608EEENSU_IlLl1ELl1EEEPljPyNS1_21identity_decomposer_tEjjEEvT1_T2_T3_T4_T5_T6_T7_T8_PKT9_PNS6_7counterINS8_3std3__415iterator_traitsINS1F_IS11_vE10value_typeEvE10value_typeET12_T13_EEPS1K_PS1J_PNS1F_INS1F_IS13_vE10value_typeEvE10value_typeES1P_S1U_S1K_S1K_T10_iibT11_
    0 bytes stack frame, 0 bytes spill stores, 0 bytes spill loads
ptxas info    : Used 58 registers, used 1 barriers, 8196 bytes smem
ptxas info    : Compile time = 43.641 ms
ptxas info    : Compiling entry function '_ZN3cub17_V_300500_SM_10006detail12batched_topk47device_segmented_topk_finalize_histogram_kernelINS2_26policy_selector_from_typesIsilLl8388608EEEN4cuda3__417constant_iteratorIPKslEENS1_6params13uniform_paramIlLl0ELl268435456EEENSD_IlLl1ELl8388608EEENSD_IlLl1ELl1EEEPlPyNS1_4topk16extract_bin_op_tIsLNSJ_6selectE1ELi11ENS1_21identity_decomposer_tELb1EEEjjsEEvT0_T1_T2_T3_T4_PNSJ_7counterIT9_T7_T8_EEPSV_T5_T6_ib' for 'sm_100'
ptxas info    : Function properties for _ZN3cub17_V_300500_SM_10006detail12batched_topk47device_segmented_topk_finalize_histogram_kernelINS2_26policy_selector_from_typesIsilLl8388608EEEN4cuda3__417constant_iteratorIPKslEENS1_6params13uniform_paramIlLl0ELl268435456EEENSD_IlLl1ELl8388608EEENSD_IlLl1ELl1EEEPlPyNS1_4topk16extract_bin_op_tIsLNSJ_6selectE1ELi11ENS1_21identity_decomposer_tELb1EEEjjsEEvT0_T1_T2_T3_T4_PNSJ_7counterIT9_T7_T8_EEPSV_T5_T6_ib
    0 bytes stack frame, 0 bytes spill stores, 0 bytes spill loads
ptxas info    : Used 32 registers, used 1 barriers, 8192 bytes smem
ptxas info    : Compile time = 10.657 ms
ptxas info    : Compiling entry function '_ZN3cub17_V_300500_SM_10006detail12batched_topk38device_segmented_topk_histogram_kernelINS2_26policy_selector_from_typesIsilLl8388608EEEN4cuda3__417constant_iteratorIPKslEENS1_6params13uniform_paramIlLl0ELl268435456EEENSD_IlLl1ELl8388608EEENSD_IlLl1ELl1EEEPljPyNS1_4topk16extract_bin_op_tIsLNSJ_6selectE1ELi11ENS1_21identity_decomposer_tELb1EEEjjjEEvT0_T1_T2_T3_T4_PKT5_PNSJ_7counterINS6_3std3__415iterator_traitsINSZ_ISO_vE10value_typeEvE10value_typeET8_T9_EEPS14_T6_T7_' for 'sm_100'
ptxas info    : Function properties for _ZN3cub17_V_300500_SM_10006detail12batched_topk38device_segmented_topk_histogram_kernelINS2_26policy_selector_from_typesIsilLl8388608EEEN4cuda3__417constant_iteratorIPKslEENS1_6params13uniform_paramIlLl0ELl268435456EEENSD_IlLl1ELl8388608EEENSD_IlLl1ELl1EEEPljPyNS1_4topk16extract_bin_op_tIsLNSJ_6selectE1ELi11ENS1_21identity_decomposer_tELb1EEEjjjEEvT0_T1_T2_T3_T4_PKT5_PNSJ_7counterINS6_3std3__415iterator_traitsINSZ_ISO_vE10value_typeEvE10value_typeET8_T9_EEPS14_T6_T7_
    0 bytes stack frame, 0 bytes spill stores, 0 bytes spill loads
ptxas info    : Used 28 registers, used 1 barriers, 8240 bytes smem
ptxas info    : Compile time = 38.456 ms
ptxas info    : Compiling entry function '_ZN3cub17_V_300500_SM_10006detail12batched_topk44device_segmented_topk_finalize_filter_kernelINS2_26policy_selector_from_typesIsilLl8388608EEELNS1_4topk6selectE0EN4cuda3__417constant_iteratorIPKslEENSA_IPslEENSA_INS9_17counting_iteratorIjlLi0ELi0ELi0EEElEENS9_18transform_iteratorINS2_26per_segment_indexed_out_opINSA_IPKilEENSA_IPilEEEENSG_IlnLi0ELi0ELi0EEEEENS1_6params13uniform_paramIlLl0ELl268435456EEENSU_IlLl1ELl8388608EEENSU_IlLl1ELl1EEEPljPyNS1_21identity_decomposer_tEjjsEEvT1_T2_T3_T4_T5_T6_T7_T8_PKT9_PNS6_7counterIT14_T12_T13_EEPS1E_PS1D_PNS8_3std3__415iterator_traitsINS1M_IS13_vE10value_typeEvE10value_typeES1J_S1R_T10_S1E_S1E_iiT11_b' for 'sm_100'
ptxas info    : Function properties for _ZN3cub17_V_300500_SM_10006detail12batched_topk44device_segmented_topk_finalize_filter_kernelINS2_26policy_selector_from_typesIsilLl8388608EEELNS1_4topk6selectE0EN4cuda3__417constant_iteratorIPKslEENSA_IPslEENSA_INS9_17counting_iteratorIjlLi0ELi0ELi0EEElEENS9_18transform_iteratorINS2_26per_segment_indexed_out_opINSA_IPKilEENSA_IPilEEEENSG_IlnLi0ELi0ELi0EEEEENS1_6params13uniform_paramIlLl0ELl268435456EEENSU_IlLl1ELl8388608EEENSU_IlLl1ELl1EEEPljPyNS1_21identity_decomposer_tEjjsEEvT1_T2_T3_T4_T5_T6_T7_T8_PKT9_PNS6_7counterIT14_T12_T13_EEPS1E_PS1D_PNS8_3std3__415iterator_traitsINS1M_IS13_vE10value_typeEvE10value_typeES1J_S1R_T10_S1E_S1E_iiT11_b
    0 bytes stack frame, 0 bytes spill stores, 0 bytes spill loads
ptxas info    : Used 64 registers, used 1 barriers, 8208 bytes smem
ptxas info    : Compile time = 46.629 ms
ptxas info    : Compiling entry function '_ZN3cub17_V_300500_SM_10006detail12batched_topk40device_segmented_topk_last_filter_kernelINS2_26policy_selector_from_typesIsilLl8388608EEELNS1_4topk6selectE0EN4cuda3__417constant_iteratorIPKslEENSA_IPslEENSA_INS9_17counting_iteratorIjlLi0ELi0ELi0EEElEENS9_18transform_iteratorINS2_26per_segment_indexed_out_opINSA_IPKilEENSA_IPilEEEENSG_IlnLi0ELi0ELi0EEEEENS1_6params13uniform_paramIlLl0ELl268435456EEENSU_IlLl1ELl8388608EEENSU_IlLl1ELl1EEEPljPyNS1_21identity_decomposer_tEjjEEvT1_T2_T3_T4_T5_T6_T7_T8_PKT9_PNS6_7counterINS8_3std3__415iterator_traitsINS1F_IS11_vE10value_typeEvE10value_typeET12_T13_EEPS1J_PNS1F_INS1F_IS13_vE10value_typeEvE10value_typeES1K_T10_iiT11_' for 'sm_100'
ptxas info    : Function properties for _ZN3cub17_V_300500_SM_10006detail12batched_topk40device_segmented_topk_last_filter_kernelINS2_26policy_selector_from_typesIsilLl8388608EEELNS1_4topk6selectE0EN4cuda3__417constant_iteratorIPKslEENSA_IPslEENSA_INS9_17counting_iteratorIjlLi0ELi0ELi0EEElEENS9_18transform_iteratorINS2_26per_segment_indexed_out_opINSA_IPKilEENSA_IPilEEEENSG_IlnLi0ELi0ELi0EEEEENS1_6params13uniform_paramIlLl0ELl268435456EEENSU_IlLl1ELl8388608EEENSU_IlLl1ELl1EEEPljPyNS1_21identity_decomposer_tEjjEEvT1_T2_T3_T4_T5_T6_T7_T8_PKT9_PNS6_7counterINS8_3std3__415iterator_traitsINS1F_IS11_vE10value_typeEvE10value_typeET12_T13_EEPS1J_PNS1F_INS1F_IS13_vE10value_typeEvE10value_typeES1K_T10_iiT11_
    0 bytes stack frame, 0 bytes spill stores, 0 bytes spill loads
ptxas info    : Used 56 registers, used 0 barriers
ptxas info    : Compile time = 58.219 ms
ptxas info    : Compiling entry function '_ZN3cub17_V_300500_SM_10006detail12batched_topk35device_segmented_topk_filter_kernelINS2_26policy_selector_from_typesIsilLl8388608EEELNS1_4topk6selectE0EN4cuda3__417constant_iteratorIPKslEENSA_IPslEENSA_INS9_17counting_iteratorIjlLi0ELi0ELi0EEElEENS9_18transform_iteratorINS2_26per_segment_indexed_out_opINSA_IPKilEENSA_IPilEEEENSG_IlnLi0ELi0ELi0EEEEENS1_6params13uniform_paramIlLl0ELl268435456EEENSU_IlLl1ELl8388608EEENSU_IlLl1ELl1EEEPljPyNS1_21identity_decomposer_tEjjEEvT1_T2_T3_T4_T5_T6_T7_T8_PKT9_PNS6_7counterINS8_3std3__415iterator_traitsINS1F_IS11_vE10value_typeEvE10value_typeET12_T13_EEPS1K_PS1J_PNS1F_INS1F_IS13_vE10value_typeEvE10value_typeES1P_S1U_S1K_S1K_T10_iibT11_' for 'sm_100'
ptxas info    : Function properties for _ZN3cub17_V_300500_SM_10006detail12batched_topk35device_segmented_topk_filter_kernelINS2_26policy_selector_from_typesIsilLl8388608EEELNS1_4topk6selectE0EN4cuda3__417constant_iteratorIPKslEENSA_IPslEENSA_INS9_17counting_iteratorIjlLi0ELi0ELi0EEElEENS9_18transform_iteratorINS2_26per_segment_indexed_out_opINSA_IPKilEENSA_IPilEEEENSG_IlnLi0ELi0ELi0EEEEENS1_6params13uniform_paramIlLl0ELl268435456EEENSU_IlLl1ELl8388608EEENSU_IlLl1ELl1EEEPljPyNS1_21identity_decomposer_tEjjEEvT1_T2_T3_T4_T5_T6_T7_T8_PKT9_PNS6_7counterINS8_3std3__415iterator_traitsINS1F_IS11_vE10value_typeEvE10value_typeET12_T13_EEPS1K_PS1J_PNS1F_INS1F_IS13_vE10value_typeEvE10value_typeES1P_S1U_S1K_S1K_T10_iibT11_
    0 bytes stack frame, 0 bytes spill stores, 0 bytes spill loads
ptxas info    : Used 58 registers, used 1 barriers, 8196 bytes smem
ptxas info    : Compile time = 43.583 ms
ptxas info    : Compiling entry function '_ZN3cub17_V_300500_SM_10006detail12batched_topk47device_segmented_topk_finalize_histogram_kernelINS2_26policy_selector_from_typesIsilLl8388608EEEN4cuda3__417constant_iteratorIPKslEENS1_6params13uniform_paramIlLl0ELl268435456EEENSD_IlLl1ELl8388608EEENSD_IlLl1ELl1EEEPlPyNS1_4topk16extract_bin_op_tIsLNSJ_6selectE0ELi11ENS1_21identity_decomposer_tELb1EEEjjsEEvT0_T1_T2_T3_T4_PNSJ_7counterIT9_T7_T8_EEPSV_T5_T6_ib' for 'sm_100'
ptxas info    : Function properties for _ZN3cub17_V_300500_SM_10006detail12batched_topk47device_segmented_topk_finalize_histogram_kernelINS2_26policy_selector_from_typesIsilLl8388608EEEN4cuda3__417constant_iteratorIPKslEENS1_6params13uniform_paramIlLl0ELl268435456EEENSD_IlLl1ELl8388608EEENSD_IlLl1ELl1EEEPlPyNS1_4topk16extract_bin_op_tIsLNSJ_6selectE0ELi11ENS1_21identity_decomposer_tELb1EEEjjsEEvT0_T1_T2_T3_T4_PNSJ_7counterIT9_T7_T8_EEPSV_T5_T6_ib
    0 bytes stack frame, 0 bytes spill stores, 0 bytes spill loads
ptxas info    : Used 32 registers, used 1 barriers, 8192 bytes smem
ptxas info    : Compile time = 10.646 ms
ptxas info    : Compiling entry function '_ZN3cub17_V_300500_SM_10006detail12batched_topk38device_segmented_topk_histogram_kernelINS2_26policy_selector_from_typesIsilLl8388608EEEN4cuda3__417constant_iteratorIPKslEENS1_6params13uniform_paramIlLl0ELl268435456EEENSD_IlLl1ELl8388608EEENSD_IlLl1ELl1EEEPljPyNS1_4topk16extract_bin_op_tIsLNSJ_6selectE0ELi11ENS1_21identity_decomposer_tELb1EEEjjjEEvT0_T1_T2_T3_T4_PKT5_PNSJ_7counterINS6_3std3__415iterator_traitsINSZ_ISO_vE10value_typeEvE10value_typeET8_T9_EEPS14_T6_T7_' for 'sm_100'
ptxas info    : Function properties for _ZN3cub17_V_300500_SM_10006detail12batched_topk38device_segmented_topk_histogram_kernelINS2_26policy_selector_from_typesIsilLl8388608EEEN4cuda3__417constant_iteratorIPKslEENS1_6params13uniform_paramIlLl0ELl268435456EEENSD_IlLl1ELl8388608EEENSD_IlLl1ELl1EEEPljPyNS1_4topk16extract_bin_op_tIsLNSJ_6selectE0ELi11ENS1_21identity_decomposer_tELb1EEEjjjEEvT0_T1_T2_T3_T4_PKT5_PNSJ_7counterINS6_3std3__415iterator_traitsINSZ_ISO_vE10value_typeEvE10value_typeET8_T9_EEPS14_T6_T7_
    0 bytes stack frame, 0 bytes spill stores, 0 bytes spill loads
ptxas info    : Used 28 registers, used 1 barriers, 8240 bytes smem
ptxas info    : Compile time = 38.387 ms
ptxas info    : Compiling entry function '_ZN3cub17_V_300500_SM_10006detail12batched_topk28device_segmented_topk_kernelINS2_26policy_selector_from_typesIsilLl8388608EEEN4cuda3__417constant_iteratorIPKslEENS8_IPslEENS8_IPKilEENS8_IPilEENS1_6params13uniform_paramIlLl0ELl268435456EEENSK_IlLl1ELl8388608EEENSJ_22uniform_discrete_paramINS1_4topk6selectEJLSP_1EEEENSK_IlLl1ELl1EEEjEEvT0_T1_T2_T3_T4_T5_T6_T7_PNS2_21batched_topk_countersINSZ_10value_typeEEEPS11_PT8_' for 'sm_100'
ptxas info    : Function properties for _ZN3cub17_V_300500_SM_10006detail12batched_topk28device_segmented_topk_kernelINS2_26policy_selector_from_typesIsilLl8388608EEEN4cuda3__417constant_iteratorIPKslEENS8_IPslEENS8_IPKilEENS8_IPilEENS1_6params13uniform_paramIlLl0ELl268435456EEENSK_IlLl1ELl8388608EEENSJ_22uniform_discrete_paramINS1_4topk6selectEJLSP_1EEEENSK_IlLl1ELl1EEEjEEvT0_T1_T2_T3_T4_T5_T6_T7_PNS2_21batched_topk_countersINSZ_10value_typeEEEPS11_PT8_
    128 bytes stack frame, 124 bytes spill stores, 124 bytes spill loads
ptxas info    : Used 255 registers, used 1 barriers, 128 bytes cumulative stack size, 33808 bytes smem
ptxas info    : Compile time = 133.626 ms
ptxas info    : Compiling entry function '_ZN3cub17_V_300500_SM_10006detail12batched_topk44device_segmented_topk_finalize_filter_kernelINS2_26policy_selector_from_typesIsslLl8388608EEELNS1_4topk6selectE1EN4cuda3__417constant_iteratorIPKslEENSA_IPslEENSA_INS9_17counting_iteratorIjlLi0ELi0ELi0EEElEENS9_18transform_iteratorINS2_26per_segment_indexed_out_opISD_SF_EENSG_IlnLi0ELi0ELi0EEEEENS1_6params13uniform_paramIlLl0ELl268435456EEENSP_IlLl1ELl8388608EEENSP_IlLl1ELl1EEEPljPyNS1_21identity_decomposer_tEjjsEEvT1_T2_T3_T4_T5_T6_T7_T8_PKT9_PNS6_7counterIT14_T12_T13_EEPS19_PS18_PNS8_3std3__415iterator_traitsINS1H_ISY_vE10value_typeEvE10value_typeES1E_S1M_T10_S19_S19_iiT11_b' for 'sm_100'
ptxas info    : Function properties for _ZN3cub17_V_300500_SM_10006detail12batched_topk44device_segmented_topk_finalize_filter_kernelINS2_26policy_selector_from_typesIsslLl8388608EEELNS1_4topk6selectE1EN4cuda3__417constant_iteratorIPKslEENSA_IPslEENSA_INS9_17counting_iteratorIjlLi0ELi0ELi0EEElEENS9_18transform_iteratorINS2_26per_segment_indexed_out_opISD_SF_EENSG_IlnLi0ELi0ELi0EEEEENS1_6params13uniform_paramIlLl0ELl268435456EEENSP_IlLl1ELl8388608EEENSP_IlLl1ELl1EEEPljPyNS1_21identity_decomposer_tEjjsEEvT1_T2_T3_T4_T5_T6_T7_T8_PKT9_PNS6_7counterIT14_T12_T13_EEPS19_PS18_PNS8_3std3__415iterator_traitsINS1H_ISY_vE10value_typeEvE10value_typeES1E_S1M_T10_S19_S19_iiT11_b
    0 bytes stack frame, 0 bytes spill stores, 0 bytes spill loads
ptxas info    : Used 64 registers, used 1 barriers, 8208 bytes smem
ptxas info    : Compile time = 48.552 ms
ptxas info    : Compiling entry function '_ZN3cub17_V_300500_SM_10006detail12batched_topk40device_segmented_topk_last_filter_kernelINS2_26policy_selector_from_typesIsslLl8388608EEELNS1_4topk6selectE1EN4cuda3__417constant_iteratorIPKslEENSA_IPslEENSA_INS9_17counting_iteratorIjlLi0ELi0ELi0EEElEENS9_18transform_iteratorINS2_26per_segment_indexed_out_opISD_SF_EENSG_IlnLi0ELi0ELi0EEEEENS1_6params13uniform_paramIlLl0ELl268435456EEENSP_IlLl1ELl8388608EEENSP_IlLl1ELl1EEEPljPyNS1_21identity_decomposer_tEjjEEvT1_T2_T3_T4_T5_T6_T7_T8_PKT9_PNS6_7counterINS8_3std3__415iterator_traitsINS1A_ISW_vE10value_typeEvE10value_typeET12_T13_EEPS1E_PNS1A_INS1A_ISY_vE10value_typeEvE10value_typeES1F_T10_iiT11_' for 'sm_100'
ptxas info    : Function properties for _ZN3cub17_V_300500_SM_10006detail12batched_topk40device_segmented_topk_last_filter_kernelINS2_26policy_selector_from_typesIsslLl8388608EEELNS1_4topk6selectE1EN4cuda3__417constant_iteratorIPKslEENSA_IPslEENSA_INS9_17counting_iteratorIjlLi0ELi0ELi0EEElEENS9_18transform_iteratorINS2_26per_segment_indexed_out_opISD_SF_EENSG_IlnLi0ELi0ELi0EEEEENS1_6params13uniform_paramIlLl0ELl268435456EEENSP_IlLl1ELl8388608EEENSP_IlLl1ELl1EEEPljPyNS1_21identity_decomposer_tEjjEEvT1_T2_T3_T4_T5_T6_T7_T8_PKT9_PNS6_7counterINS8_3std3__415iterator_traitsINS1A_ISW_vE10value_typeEvE10value_typeET12_T13_EEPS1E_PNS1A_INS1A_ISY_vE10value_typeEvE10value_typeES1F_T10_iiT11_
    0 bytes stack frame, 0 bytes spill stores, 0 bytes spill loads
ptxas info    : Used 56 registers, used 0 barriers
ptxas info    : Compile time = 58.696 ms
ptxas info    : Compiling entry function '_ZN3cub17_V_300500_SM_10006detail12batched_topk35device_segmented_topk_filter_kernelINS2_26policy_selector_from_typesIsslLl8388608EEELNS1_4topk6selectE1EN4cuda3__417constant_iteratorIPKslEENSA_IPslEENSA_INS9_17counting_iteratorIjlLi0ELi0ELi0EEElEENS9_18transform_iteratorINS2_26per_segment_indexed_out_opISD_SF_EENSG_IlnLi0ELi0ELi0EEEEENS1_6params13uniform_paramIlLl0ELl268435456EEENSP_IlLl1ELl8388608EEENSP_IlLl1ELl1EEEPljPyNS1_21identity_decomposer_tEjjEEvT1_T2_T3_T4_T5_T6_T7_T8_PKT9_PNS6_7counterINS8_3std3__415iterator_traitsINS1A_ISW_vE10value_typeEvE10value_typeET12_T13_EEPS1F_PS1E_PNS1A_INS1A_ISY_vE10value_typeEvE10value_typeES1K_S1P_S1F_S1F_T10_iibT11_' for 'sm_100'
ptxas info    : Function properties for _ZN3cub17_V_300500_SM_10006detail12batched_topk35device_segmented_topk_filter_kernelINS2_26policy_selector_from_typesIsslLl8388608EEELNS1_4topk6selectE1EN4cuda3__417constant_iteratorIPKslEENSA_IPslEENSA_INS9_17counting_iteratorIjlLi0ELi0ELi0EEElEENS9_18transform_iteratorINS2_26per_segment_indexed_out_opISD_SF_EENSG_IlnLi0ELi0ELi0EEEEENS1_6params13uniform_paramIlLl0ELl268435456EEENSP_IlLl1ELl8388608EEENSP_IlLl1ELl1EEEPljPyNS1_21identity_decomposer_tEjjEEvT1_T2_T3_T4_T5_T6_T7_T8_PKT9_PNS6_7counterINS8_3std3__415iterator_traitsINS1A_ISW_vE10value_typeEvE10value_typeET12_T13_EEPS1F_PS1E_PNS1A_INS1A_ISY_vE10value_typeEvE10value_typeES1K_S1P_S1F_S1F_T10_iibT11_
    0 bytes stack frame, 0 bytes spill stores, 0 bytes spill loads
ptxas info    : Used 58 registers, used 1 barriers, 8196 bytes smem
ptxas info    : Compile time = 43.510 ms
ptxas info    : Compiling entry function '_ZN3cub17_V_300500_SM_10006detail12batched_topk47device_segmented_topk_finalize_histogram_kernelINS2_26policy_selector_from_typesIsslLl8388608EEEN4cuda3__417constant_iteratorIPKslEENS1_6params13uniform_paramIlLl0ELl268435456EEENSD_IlLl1ELl8388608EEENSD_IlLl1ELl1EEEPlPyNS1_4topk16extract_bin_op_tIsLNSJ_6selectE1ELi11ENS1_21identity_decomposer_tELb1EEEjjsEEvT0_T1_T2_T3_T4_PNSJ_7counterIT9_T7_T8_EEPSV_T5_T6_ib' for 'sm_100'
ptxas info    : Function properties for _ZN3cub17_V_300500_SM_10006detail12batched_topk47device_segmented_topk_finalize_histogram_kernelINS2_26policy_selector_from_typesIsslLl8388608EEEN4cuda3__417constant_iteratorIPKslEENS1_6params13uniform_paramIlLl0ELl268435456EEENSD_IlLl1ELl8388608EEENSD_IlLl1ELl1EEEPlPyNS1_4topk16extract_bin_op_tIsLNSJ_6selectE1ELi11ENS1_21identity_decomposer_tELb1EEEjjsEEvT0_T1_T2_T3_T4_PNSJ_7counterIT9_T7_T8_EEPSV_T5_T6_ib
    0 bytes stack frame, 0 bytes spill stores, 0 bytes spill loads
ptxas info    : Used 32 registers, used 1 barriers, 8192 bytes smem
ptxas info    : Compile time = 10.653 ms
ptxas info    : Compiling entry function '_ZN3cub17_V_300500_SM_10006detail12batched_topk38device_segmented_topk_histogram_kernelINS2_26policy_selector_from_typesIsslLl8388608EEEN4cuda3__417constant_iteratorIPKslEENS1_6params13uniform_paramIlLl0ELl268435456EEENSD_IlLl1ELl8388608EEENSD_IlLl1ELl1EEEPljPyNS1_4topk16extract_bin_op_tIsLNSJ_6selectE1ELi11ENS1_21identity_decomposer_tELb1EEEjjjEEvT0_T1_T2_T3_T4_PKT5_PNSJ_7counterINS6_3std3__415iterator_traitsINSZ_ISO_vE10value_typeEvE10value_typeET8_T9_EEPS14_T6_T7_' for 'sm_100'
ptxas info    : Function properties for _ZN3cub17_V_300500_SM_10006detail12batched_topk38device_segmented_topk_histogram_kernelINS2_26policy_selector_from_typesIsslLl8388608EEEN4cuda3__417constant_iteratorIPKslEENS1_6params13uniform_paramIlLl0ELl268435456EEENSD_IlLl1ELl8388608EEENSD_IlLl1ELl1EEEPljPyNS1_4topk16extract_bin_op_tIsLNSJ_6selectE1ELi11ENS1_21identity_decomposer_tELb1EEEjjjEEvT0_T1_T2_T3_T4_PKT5_PNSJ_7counterINS6_3std3__415iterator_traitsINSZ_ISO_vE10value_typeEvE10value_typeET8_T9_EEPS14_T6_T7_
    0 bytes stack frame, 0 bytes spill stores, 0 bytes spill loads
ptxas info    : Used 28 registers, used 1 barriers, 8240 bytes smem
ptxas info    : Compile time = 38.502 ms
ptxas info    : Compiling entry function '_ZN3cub17_V_300500_SM_10006detail12batched_topk44device_segmented_topk_finalize_filter_kernelINS2_26policy_selector_from_typesIsslLl8388608EEELNS1_4topk6selectE0EN4cuda3__417constant_iteratorIPKslEENSA_IPslEENSA_INS9_17counting_iteratorIjlLi0ELi0ELi0EEElEENS9_18transform_iteratorINS2_26per_segment_indexed_out_opISD_SF_EENSG_IlnLi0ELi0ELi0EEEEENS1_6params13uniform_paramIlLl0ELl268435456EEENSP_IlLl1ELl8388608EEENSP_IlLl1ELl1EEEPljPyNS1_21identity_decomposer_tEjjsEEvT1_T2_T3_T4_T5_T6_T7_T8_PKT9_PNS6_7counterIT14_T12_T13_EEPS19_PS18_PNS8_3std3__415iterator_traitsINS1H_ISY_vE10value_typeEvE10value_typeES1E_S1M_T10_S19_S19_iiT11_b' for 'sm_100'
ptxas info    : Function properties for _ZN3cub17_V_300500_SM_10006detail12batched_topk44device_segmented_topk_finalize_filter_kernelINS2_26policy_selector_from_typesIsslLl8388608EEELNS1_4topk6selectE0EN4cuda3__417constant_iteratorIPKslEENSA_IPslEENSA_INS9_17counting_iteratorIjlLi0ELi0ELi0EEElEENS9_18transform_iteratorINS2_26per_segment_indexed_out_opISD_SF_EENSG_IlnLi0ELi0ELi0EEEEENS1_6params13uniform_paramIlLl0ELl268435456EEENSP_IlLl1ELl8388608EEENSP_IlLl1ELl1EEEPljPyNS1_21identity_decomposer_tEjjsEEvT1_T2_T3_T4_T5_T6_T7_T8_PKT9_PNS6_7counterIT14_T12_T13_EEPS19_PS18_PNS8_3std3__415iterator_traitsINS1H_ISY_vE10value_typeEvE10value_typeES1E_S1M_T10_S19_S19_iiT11_b
    0 bytes stack frame, 0 bytes spill stores, 0 bytes spill loads
ptxas info    : Used 64 registers, used 1 barriers, 8208 bytes smem
ptxas info    : Compile time = 46.531 ms
ptxas info    : Compiling entry function '_ZN3cub17_V_300500_SM_10006detail12batched_topk40device_segmented_topk_last_filter_kernelINS2_26policy_selector_from_typesIsslLl8388608EEELNS1_4topk6selectE0EN4cuda3__417constant_iteratorIPKslEENSA_IPslEENSA_INS9_17counting_iteratorIjlLi0ELi0ELi0EEElEENS9_18transform_iteratorINS2_26per_segment_indexed_out_opISD_SF_EENSG_IlnLi0ELi0ELi0EEEEENS1_6params13uniform_paramIlLl0ELl268435456EEENSP_IlLl1ELl8388608EEENSP_IlLl1ELl1EEEPljPyNS1_21identity_decomposer_tEjjEEvT1_T2_T3_T4_T5_T6_T7_T8_PKT9_PNS6_7counterINS8_3std3__415iterator_traitsINS1A_ISW_vE10value_typeEvE10value_typeET12_T13_EEPS1E_PNS1A_INS1A_ISY_vE10value_typeEvE10value_typeES1F_T10_iiT11_' for 'sm_100'
ptxas info    : Function properties for _ZN3cub17_V_300500_SM_10006detail12batched_topk40device_segmented_topk_last_filter_kernelINS2_26policy_selector_from_typesIsslLl8388608EEELNS1_4topk6selectE0EN4cuda3__417constant_iteratorIPKslEENSA_IPslEENSA_INS9_17counting_iteratorIjlLi0ELi0ELi0EEElEENS9_18transform_iteratorINS2_26per_segment_indexed_out_opISD_SF_EENSG_IlnLi0ELi0ELi0EEEEENS1_6params13uniform_paramIlLl0ELl268435456EEENSP_IlLl1ELl8388608EEENSP_IlLl1ELl1EEEPljPyNS1_21identity_decomposer_tEjjEEvT1_T2_T3_T4_T5_T6_T7_T8_PKT9_PNS6_7counterINS8_3std3__415iterator_traitsINS1A_ISW_vE10value_typeEvE10value_typeET12_T13_EEPS1E_PNS1A_INS1A_ISY_vE10value_typeEvE10value_typeES1F_T10_iiT11_
    0 bytes stack frame, 0 bytes spill stores, 0 bytes spill loads
ptxas info    : Used 56 registers, used 0 barriers
ptxas info    : Compile time = 58.475 ms
ptxas info    : Compiling entry function '_ZN3cub17_V_300500_SM_10006detail12batched_topk35device_segmented_topk_filter_kernelINS2_26policy_selector_from_typesIsslLl8388608EEELNS1_4topk6selectE0EN4cuda3__417constant_iteratorIPKslEENSA_IPslEENSA_INS9_17counting_iteratorIjlLi0ELi0ELi0EEElEENS9_18transform_iteratorINS2_26per_segment_indexed_out_opISD_SF_EENSG_IlnLi0ELi0ELi0EEEEENS1_6params13uniform_paramIlLl0ELl268435456EEENSP_IlLl1ELl8388608EEENSP_IlLl1ELl1EEEPljPyNS1_21identity_decomposer_tEjjEEvT1_T2_T3_T4_T5_T6_T7_T8_PKT9_PNS6_7counterINS8_3std3__415iterator_traitsINS1A_ISW_vE10value_typeEvE10value_typeET12_T13_EEPS1F_PS1E_PNS1A_INS1A_ISY_vE10value_typeEvE10value_typeES1K_S1P_S1F_S1F_T10_iibT11_' for 'sm_100'
ptxas info    : Function properties for _ZN3cub17_V_300500_SM_10006detail12batched_topk35device_segmented_topk_filter_kernelINS2_26policy_selector_from_typesIsslLl8388608EEELNS1_4topk6selectE0EN4cuda3__417constant_iteratorIPKslEENSA_IPslEENSA_INS9_17counting_iteratorIjlLi0ELi0ELi0EEElEENS9_18transform_iteratorINS2_26per_segment_indexed_out_opISD_SF_EENSG_IlnLi0ELi0ELi0EEEEENS1_6params13uniform_paramIlLl0ELl268435456EEENSP_IlLl1ELl8388608EEENSP_IlLl1ELl1EEEPljPyNS1_21identity_decomposer_tEjjEEvT1_T2_T3_T4_T5_T6_T7_T8_PKT9_PNS6_7counterINS8_3std3__415iterator_traitsINS1A_ISW_vE10value_typeEvE10value_typeET12_T13_EEPS1F_PS1E_PNS1A_INS1A_ISY_vE10value_typeEvE10value_typeES1K_S1P_S1F_S1F_T10_iibT11_
    0 bytes stack frame, 0 bytes spill stores, 0 bytes spill loads
ptxas info    : Used 58 registers, used 1 barriers, 8196 bytes smem
ptxas info    : Compile time = 43.622 ms
ptxas info    : Compiling entry function '_ZN3cub17_V_300500_SM_10006detail12batched_topk47device_segmented_topk_finalize_histogram_kernelINS2_26policy_selector_from_typesIsslLl8388608EEEN4cuda3__417constant_iteratorIPKslEENS1_6params13uniform_paramIlLl0ELl268435456EEENSD_IlLl1ELl8388608EEENSD_IlLl1ELl1EEEPlPyNS1_4topk16extract_bin_op_tIsLNSJ_6selectE0ELi11ENS1_21identity_decomposer_tELb1EEEjjsEEvT0_T1_T2_T3_T4_PNSJ_7counterIT9_T7_T8_EEPSV_T5_T6_ib' for 'sm_100'
ptxas info    : Function properties for _ZN3cub17_V_300500_SM_10006detail12batched_topk47device_segmented_topk_finalize_histogram_kernelINS2_26policy_selector_from_typesIsslLl8388608EEEN4cuda3__417constant_iteratorIPKslEENS1_6params13uniform_paramIlLl0ELl268435456EEENSD_IlLl1ELl8388608EEENSD_IlLl1ELl1EEEPlPyNS1_4topk16extract_bin_op_tIsLNSJ_6selectE0ELi11ENS1_21identity_decomposer_tELb1EEEjjsEEvT0_T1_T2_T3_T4_PNSJ_7counterIT9_T7_T8_EEPSV_T5_T6_ib
    0 bytes stack frame, 0 bytes spill stores, 0 bytes spill loads
ptxas info    : Used 32 registers, used 1 barriers, 8192 bytes smem
ptxas info    : Compile time = 10.640 ms
ptxas info    : Compiling entry function '_ZN3cub17_V_300500_SM_10006detail12batched_topk38device_segmented_topk_histogram_kernelINS2_26policy_selector_from_typesIsslLl8388608EEEN4cuda3__417constant_iteratorIPKslEENS1_6params13uniform_paramIlLl0ELl268435456EEENSD_IlLl1ELl8388608EEENSD_IlLl1ELl1EEEPljPyNS1_4topk16extract_bin_op_tIsLNSJ_6selectE0ELi11ENS1_21identity_decomposer_tELb1EEEjjjEEvT0_T1_T2_T3_T4_PKT5_PNSJ_7counterINS6_3std3__415iterator_traitsINSZ_ISO_vE10value_typeEvE10value_typeET8_T9_EEPS14_T6_T7_' for 'sm_100'
ptxas info    : Function properties for _ZN3cub17_V_300500_SM_10006detail12batched_topk38device_segmented_topk_histogram_kernelINS2_26policy_selector_from_typesIsslLl8388608EEEN4cuda3__417constant_iteratorIPKslEENS1_6params13uniform_paramIlLl0ELl268435456EEENSD_IlLl1ELl8388608EEENSD_IlLl1ELl1EEEPljPyNS1_4topk16extract_bin_op_tIsLNSJ_6selectE0ELi11ENS1_21identity_decomposer_tELb1EEEjjjEEvT0_T1_T2_T3_T4_PKT5_PNSJ_7counterINS6_3std3__415iterator_traitsINSZ_ISO_vE10value_typeEvE10value_typeET8_T9_EEPS14_T6_T7_
    0 bytes stack frame, 0 bytes spill stores, 0 bytes spill loads
ptxas info    : Used 28 registers, used 1 barriers, 8240 bytes smem
ptxas info    : Compile time = 38.399 ms
ptxas info    : Compiling entry function '_ZN3cub17_V_300500_SM_10006detail12batched_topk28device_segmented_topk_kernelINS2_26policy_selector_from_typesIsslLl8388608EEEN4cuda3__417constant_iteratorIPKslEENS8_IPslEESB_SD_NS1_6params13uniform_paramIlLl0ELl268435456EEENSF_IlLl1ELl8388608EEENSE_22uniform_discrete_paramINS1_4topk6selectEJLSK_1EEEENSF_IlLl1ELl1EEEjEEvT0_T1_T2_T3_T4_T5_T6_T7_PNS2_21batched_topk_countersINSU_10value_typeEEEPSW_PT8_' for 'sm_100'
ptxas info    : Function properties for _ZN3cub17_V_300500_SM_10006detail12batched_topk28device_segmented_topk_kernelINS2_26policy_selector_from_typesIsslLl8388608EEEN4cuda3__417constant_iteratorIPKslEENS8_IPslEESB_SD_NS1_6params13uniform_paramIlLl0ELl268435456EEENSF_IlLl1ELl8388608EEENSE_22uniform_discrete_paramINS1_4topk6selectEJLSK_1EEEENSF_IlLl1ELl1EEEjEEvT0_T1_T2_T3_T4_T5_T6_T7_PNS2_21batched_topk_countersINSU_10value_typeEEEPSW_PT8_
    904 bytes stack frame, 916 bytes spill stores, 1036 bytes spill loads
ptxas info    : Used 255 registers, used 1 barriers, 904 bytes cumulative stack size, 33808 bytes smem
ptxas info    : Compile time = 349.080 ms
ptxas info    : Compiling entry function '_ZN3cub17_V_300500_SM_10006detail12batched_topk44device_segmented_topk_finalize_filter_kernelINS2_26policy_selector_from_typesIsalLl8388608EEELNS1_4topk6selectE1EN4cuda3__417constant_iteratorIPKslEENSA_IPslEENSA_INS9_17counting_iteratorIjlLi0ELi0ELi0EEElEENS9_18transform_iteratorINS2_26per_segment_indexed_out_opINSA_IPKalEENSA_IPalEEEENSG_IlnLi0ELi0ELi0EEEEENS1_6params13uniform_paramIlLl0ELl268435456EEENSU_IlLl1ELl8388608EEENSU_IlLl1ELl1EEEPljPyNS1_21identity_decomposer_tEjjsEEvT1_T2_T3_T4_T5_T6_T7_T8_PKT9_PNS6_7counterIT14_T12_T13_EEPS1E_PS1D_PNS8_3std3__415iterator_traitsINS1M_IS13_vE10value_typeEvE10value_typeES1J_S1R_T10_S1E_S1E_iiT11_b' for 'sm_100'
ptxas info    : Function properties for _ZN3cub17_V_300500_SM_10006detail12batched_topk44device_segmented_topk_finalize_filter_kernelINS2_26policy_selector_from_typesIsalLl8388608EEELNS1_4topk6selectE1EN4cuda3__417constant_iteratorIPKslEENSA_IPslEENSA_INS9_17counting_iteratorIjlLi0ELi0ELi0EEElEENS9_18transform_iteratorINS2_26per_segment_indexed_out_opINSA_IPKalEENSA_IPalEEEENSG_IlnLi0ELi0ELi0EEEEENS1_6params13uniform_paramIlLl0ELl268435456EEENSU_IlLl1ELl8388608EEENSU_IlLl1ELl1EEEPljPyNS1_21identity_decomposer_tEjjsEEvT1_T2_T3_T4_T5_T6_T7_T8_PKT9_PNS6_7counterIT14_T12_T13_EEPS1E_PS1D_PNS8_3std3__415iterator_traitsINS1M_IS13_vE10value_typeEvE10value_typeES1J_S1R_T10_S1E_S1E_iiT11_b
    0 bytes stack frame, 0 bytes spill stores, 0 bytes spill loads
ptxas info    : Used 64 registers, used 1 barriers, 8208 bytes smem
ptxas info    : Compile time = 45.971 ms
ptxas info    : Compiling entry function '_ZN3cub17_V_300500_SM_10006detail12batched_topk40device_segmented_topk_last_filter_kernelINS2_26policy_selector_from_typesIsalLl8388608EEELNS1_4topk6selectE1EN4cuda3__417constant_iteratorIPKslEENSA_IPslEENSA_INS9_17counting_iteratorIjlLi0ELi0ELi0EEElEENS9_18transform_iteratorINS2_26per_segment_indexed_out_opINSA_IPKalEENSA_IPalEEEENSG_IlnLi0ELi0ELi0EEEEENS1_6params13uniform_paramIlLl0ELl268435456EEENSU_IlLl1ELl8388608EEENSU_IlLl1ELl1EEEPljPyNS1_21identity_decomposer_tEjjEEvT1_T2_T3_T4_T5_T6_T7_T8_PKT9_PNS6_7counterINS8_3std3__415iterator_traitsINS1F_IS11_vE10value_typeEvE10value_typeET12_T13_EEPS1J_PNS1F_INS1F_IS13_vE10value_typeEvE10value_typeES1K_T10_iiT11_' for 'sm_100'
ptxas info    : Function properties for _ZN3cub17_V_300500_SM_10006detail12batched_topk40device_segmented_topk_last_filter_kernelINS2_26policy_selector_from_typesIsalLl8388608EEELNS1_4topk6selectE1EN4cuda3__417constant_iteratorIPKslEENSA_IPslEENSA_INS9_17counting_iteratorIjlLi0ELi0ELi0EEElEENS9_18transform_iteratorINS2_26per_segment_indexed_out_opINSA_IPKalEENSA_IPalEEEENSG_IlnLi0ELi0ELi0EEEEENS1_6params13uniform_paramIlLl0ELl268435456EEENSU_IlLl1ELl8388608EEENSU_IlLl1ELl1EEEPljPyNS1_21identity_decomposer_tEjjEEvT1_T2_T3_T4_T5_T6_T7_T8_PKT9_PNS6_7counterINS8_3std3__415iterator_traitsINS1F_IS11_vE10value_typeEvE10value_typeET12_T13_EEPS1J_PNS1F_INS1F_IS13_vE10value_typeEvE10value_typeES1K_T10_iiT11_
    0 bytes stack frame, 0 bytes spill stores, 0 bytes spill loads
ptxas info    : Used 54 registers, used 0 barriers
ptxas info    : Compile time = 61.075 ms
ptxas info    : Compiling entry function '_ZN3cub17_V_300500_SM_10006detail12batched_topk35device_segmented_topk_filter_kernelINS2_26policy_selector_from_typesIsalLl8388608EEELNS1_4topk6selectE1EN4cuda3__417constant_iteratorIPKslEENSA_IPslEENSA_INS9_17counting_iteratorIjlLi0ELi0ELi0EEElEENS9_18transform_iteratorINS2_26per_segment_indexed_out_opINSA_IPKalEENSA_IPalEEEENSG_IlnLi0ELi0ELi0EEEEENS1_6params13uniform_paramIlLl0ELl268435456EEENSU_IlLl1ELl8388608EEENSU_IlLl1ELl1EEEPljPyNS1_21identity_decomposer_tEjjEEvT1_T2_T3_T4_T5_T6_T7_T8_PKT9_PNS6_7counterINS8_3std3__415iterator_traitsINS1F_IS11_vE10value_typeEvE10value_typeET12_T13_EEPS1K_PS1J_PNS1F_INS1F_IS13_vE10value_typeEvE10value_typeES1P_S1U_S1K_S1K_T10_iibT11_' for 'sm_100'
ptxas info    : Function properties for _ZN3cub17_V_300500_SM_10006detail12batched_topk35device_segmented_topk_filter_kernelINS2_26policy_selector_from_typesIsalLl8388608EEELNS1_4topk6selectE1EN4cuda3__417constant_iteratorIPKslEENSA_IPslEENSA_INS9_17counting_iteratorIjlLi0ELi0ELi0EEElEENS9_18transform_iteratorINS2_26per_segment_indexed_out_opINSA_IPKalEENSA_IPalEEEENSG_IlnLi0ELi0ELi0EEEEENS1_6params13uniform_paramIlLl0ELl268435456EEENSU_IlLl1ELl8388608EEENSU_IlLl1ELl1EEEPljPyNS1_21identity_decomposer_tEjjEEvT1_T2_T3_T4_T5_T6_T7_T8_PKT9_PNS6_7counterINS8_3std3__415iterator_traitsINS1F_IS11_vE10value_typeEvE10value_typeET12_T13_EEPS1K_PS1J_PNS1F_INS1F_IS13_vE10value_typeEvE10value_typeES1P_S1U_S1K_S1K_T10_iibT11_
    0 bytes stack frame, 0 bytes spill stores, 0 bytes spill loads
ptxas info    : Used 56 registers, used 1 barriers, 8196 bytes smem
ptxas info    : Compile time = 44.846 ms
ptxas info    : Compiling entry function '_ZN3cub17_V_300500_SM_10006detail12batched_topk47device_segmented_topk_finalize_histogram_kernelINS2_26policy_selector_from_typesIsalLl8388608EEEN4cuda3__417constant_iteratorIPKslEENS1_6params13uniform_paramIlLl0ELl268435456EEENSD_IlLl1ELl8388608EEENSD_IlLl1ELl1EEEPlPyNS1_4topk16extract_bin_op_tIsLNSJ_6selectE1ELi11ENS1_21identity_decomposer_tELb1EEEjjsEEvT0_T1_T2_T3_T4_PNSJ_7counterIT9_T7_T8_EEPSV_T5_T6_ib' for 'sm_100'
ptxas info    : Function properties for _ZN3cub17_V_300500_SM_10006detail12batched_topk47device_segmented_topk_finalize_histogram_kernelINS2_26policy_selector_from_typesIsalLl8388608EEEN4cuda3__417constant_iteratorIPKslEENS1_6params13uniform_paramIlLl0ELl268435456EEENSD_IlLl1ELl8388608EEENSD_IlLl1ELl1EEEPlPyNS1_4topk16extract_bin_op_tIsLNSJ_6selectE1ELi11ENS1_21identity_decomposer_tELb1EEEjjsEEvT0_T1_T2_T3_T4_PNSJ_7counterIT9_T7_T8_EEPSV_T5_T6_ib
    0 bytes stack frame, 0 bytes spill stores, 0 bytes spill loads
ptxas info    : Used 32 registers, used 1 barriers, 8192 bytes smem
ptxas info    : Compile time = 10.633 ms
ptxas info    : Compiling entry function '_ZN3cub17_V_300500_SM_10006detail12batched_topk38device_segmented_topk_histogram_kernelINS2_26policy_selector_from_typesIsalLl8388608EEEN4cuda3__417constant_iteratorIPKslEENS1_6params13uniform_paramIlLl0ELl268435456EEENSD_IlLl1ELl8388608EEENSD_IlLl1ELl1EEEPljPyNS1_4topk16extract_bin_op_tIsLNSJ_6selectE1ELi11ENS1_21identity_decomposer_tELb1EEEjjjEEvT0_T1_T2_T3_T4_PKT5_PNSJ_7counterINS6_3std3__415iterator_traitsINSZ_ISO_vE10value_typeEvE10value_typeET8_T9_EEPS14_T6_T7_' for 'sm_100'
ptxas info    : Function properties for _ZN3cub17_V_300500_SM_10006detail12batched_topk38device_segmented_topk_histogram_kernelINS2_26policy_selector_from_typesIsalLl8388608EEEN4cuda3__417constant_iteratorIPKslEENS1_6params13uniform_paramIlLl0ELl268435456EEENSD_IlLl1ELl8388608EEENSD_IlLl1ELl1EEEPljPyNS1_4topk16extract_bin_op_tIsLNSJ_6selectE1ELi11ENS1_21identity_decomposer_tELb1EEEjjjEEvT0_T1_T2_T3_T4_PKT5_PNSJ_7counterINS6_3std3__415iterator_traitsINSZ_ISO_vE10value_typeEvE10value_typeET8_T9_EEPS14_T6_T7_
    0 bytes stack frame, 0 bytes spill stores, 0 bytes spill loads
ptxas info    : Used 28 registers, used 1 barriers, 8240 bytes smem
ptxas info    : Compile time = 38.536 ms
ptxas info    : Compiling entry function '_ZN3cub17_V_300500_SM_10006detail12batched_topk44device_segmented_topk_finalize_filter_kernelINS2_26policy_selector_from_typesIsalLl8388608EEELNS1_4topk6selectE0EN4cuda3__417constant_iteratorIPKslEENSA_IPslEENSA_INS9_17counting_iteratorIjlLi0ELi0ELi0EEElEENS9_18transform_iteratorINS2_26per_segment_indexed_out_opINSA_IPKalEENSA_IPalEEEENSG_IlnLi0ELi0ELi0EEEEENS1_6params13uniform_paramIlLl0ELl268435456EEENSU_IlLl1ELl8388608EEENSU_IlLl1ELl1EEEPljPyNS1_21identity_decomposer_tEjjsEEvT1_T2_T3_T4_T5_T6_T7_T8_PKT9_PNS6_7counterIT14_T12_T13_EEPS1E_PS1D_PNS8_3std3__415iterator_traitsINS1M_IS13_vE10value_typeEvE10value_typeES1J_S1R_T10_S1E_S1E_iiT11_b' for 'sm_100'
ptxas info    : Function properties for _ZN3cub17_V_300500_SM_10006detail12batched_topk44device_segmented_topk_finalize_filter_kernelINS2_26policy_selector_from_typesIsalLl8388608EEELNS1_4topk6selectE0EN4cuda3__417constant_iteratorIPKslEENSA_IPslEENSA_INS9_17counting_iteratorIjlLi0ELi0ELi0EEElEENS9_18transform_iteratorINS2_26per_segment_indexed_out_opINSA_IPKalEENSA_IPalEEEENSG_IlnLi0ELi0ELi0EEEEENS1_6params13uniform_paramIlLl0ELl268435456EEENSU_IlLl1ELl8388608EEENSU_IlLl1ELl1EEEPljPyNS1_21identity_decomposer_tEjjsEEvT1_T2_T3_T4_T5_T6_T7_T8_PKT9_PNS6_7counterIT14_T12_T13_EEPS1E_PS1D_PNS8_3std3__415iterator_traitsINS1M_IS13_vE10value_typeEvE10value_typeES1J_S1R_T10_S1E_S1E_iiT11_b
    0 bytes stack frame, 0 bytes spill stores, 0 bytes spill loads
ptxas info    : Used 64 registers, used 1 barriers, 8208 bytes smem
ptxas info    : Compile time = 46.041 ms
ptxas info    : Compiling entry function '_ZN3cub17_V_300500_SM_10006detail12batched_topk40device_segmented_topk_last_filter_kernelINS2_26policy_selector_from_typesIsalLl8388608EEELNS1_4topk6selectE0EN4cuda3__417constant_iteratorIPKslEENSA_IPslEENSA_INS9_17counting_iteratorIjlLi0ELi0ELi0EEElEENS9_18transform_iteratorINS2_26per_segment_indexed_out_opINSA_IPKalEENSA_IPalEEEENSG_IlnLi0ELi0ELi0EEEEENS1_6params13uniform_paramIlLl0ELl268435456EEENSU_IlLl1ELl8388608EEENSU_IlLl1ELl1EEEPljPyNS1_21identity_decomposer_tEjjEEvT1_T2_T3_T4_T5_T6_T7_T8_PKT9_PNS6_7counterINS8_3std3__415iterator_traitsINS1F_IS11_vE10value_typeEvE10value_typeET12_T13_EEPS1J_PNS1F_INS1F_IS13_vE10value_typeEvE10value_typeES1K_T10_iiT11_' for 'sm_100'
ptxas info    : Function properties for _ZN3cub17_V_300500_SM_10006detail12batched_topk40device_segmented_topk_last_filter_kernelINS2_26policy_selector_from_typesIsalLl8388608EEELNS1_4topk6selectE0EN4cuda3__417constant_iteratorIPKslEENSA_IPslEENSA_INS9_17counting_iteratorIjlLi0ELi0ELi0EEElEENS9_18transform_iteratorINS2_26per_segment_indexed_out_opINSA_IPKalEENSA_IPalEEEENSG_IlnLi0ELi0ELi0EEEEENS1_6params13uniform_paramIlLl0ELl268435456EEENSU_IlLl1ELl8388608EEENSU_IlLl1ELl1EEEPljPyNS1_21identity_decomposer_tEjjEEvT1_T2_T3_T4_T5_T6_T7_T8_PKT9_PNS6_7counterINS8_3std3__415iterator_traitsINS1F_IS11_vE10value_typeEvE10value_typeET12_T13_EEPS1J_PNS1F_INS1F_IS13_vE10value_typeEvE10value_typeES1K_T10_iiT11_
    0 bytes stack frame, 0 bytes spill stores, 0 bytes spill loads
ptxas info    : Used 54 registers, used 0 barriers
ptxas info    : Compile time = 61.117 ms
ptxas info    : Compiling entry function '_ZN3cub17_V_300500_SM_10006detail12batched_topk35device_segmented_topk_filter_kernelINS2_26policy_selector_from_typesIsalLl8388608EEELNS1_4topk6selectE0EN4cuda3__417constant_iteratorIPKslEENSA_IPslEENSA_INS9_17counting_iteratorIjlLi0ELi0ELi0EEElEENS9_18transform_iteratorINS2_26per_segment_indexed_out_opINSA_IPKalEENSA_IPalEEEENSG_IlnLi0ELi0ELi0EEEEENS1_6params13uniform_paramIlLl0ELl268435456EEENSU_IlLl1ELl8388608EEENSU_IlLl1ELl1EEEPljPyNS1_21identity_decomposer_tEjjEEvT1_T2_T3_T4_T5_T6_T7_T8_PKT9_PNS6_7counterINS8_3std3__415iterator_traitsINS1F_IS11_vE10value_typeEvE10value_typeET12_T13_EEPS1K_PS1J_PNS1F_INS1F_IS13_vE10value_typeEvE10value_typeES1P_S1U_S1K_S1K_T10_iibT11_' for 'sm_100'
ptxas info    : Function properties for _ZN3cub17_V_300500_SM_10006detail12batched_topk35device_segmented_topk_filter_kernelINS2_26policy_selector_from_typesIsalLl8388608EEELNS1_4topk6selectE0EN4cuda3__417constant_iteratorIPKslEENSA_IPslEENSA_INS9_17counting_iteratorIjlLi0ELi0ELi0EEElEENS9_18transform_iteratorINS2_26per_segment_indexed_out_opINSA_IPKalEENSA_IPalEEEENSG_IlnLi0ELi0ELi0EEEEENS1_6params13uniform_paramIlLl0ELl268435456EEENSU_IlLl1ELl8388608EEENSU_IlLl1ELl1EEEPljPyNS1_21identity_decomposer_tEjjEEvT1_T2_T3_T4_T5_T6_T7_T8_PKT9_PNS6_7counterINS8_3std3__415iterator_traitsINS1F_IS11_vE10value_typeEvE10value_typeET12_T13_EEPS1K_PS1J_PNS1F_INS1F_IS13_vE10value_typeEvE10value_typeES1P_S1U_S1K_S1K_T10_iibT11_
    0 bytes stack frame, 0 bytes spill stores, 0 bytes spill loads
ptxas info    : Used 56 registers, used 1 barriers, 8196 bytes smem
ptxas info    : Compile time = 44.864 ms
ptxas info    : Compiling entry function '_ZN3cub17_V_300500_SM_10006detail12batched_topk47device_segmented_topk_finalize_histogram_kernelINS2_26policy_selector_from_typesIsalLl8388608EEEN4cuda3__417constant_iteratorIPKslEENS1_6params13uniform_paramIlLl0ELl268435456EEENSD_IlLl1ELl8388608EEENSD_IlLl1ELl1EEEPlPyNS1_4topk16extract_bin_op_tIsLNSJ_6selectE0ELi11ENS1_21identity_decomposer_tELb1EEEjjsEEvT0_T1_T2_T3_T4_PNSJ_7counterIT9_T7_T8_EEPSV_T5_T6_ib' for 'sm_100'
ptxas info    : Function properties for _ZN3cub17_V_300500_SM_10006detail12batched_topk47device_segmented_topk_finalize_histogram_kernelINS2_26policy_selector_from_typesIsalLl8388608EEEN4cuda3__417constant_iteratorIPKslEENS1_6params13uniform_paramIlLl0ELl268435456EEENSD_IlLl1ELl8388608EEENSD_IlLl1ELl1EEEPlPyNS1_4topk16extract_bin_op_tIsLNSJ_6selectE0ELi11ENS1_21identity_decomposer_tELb1EEEjjsEEvT0_T1_T2_T3_T4_PNSJ_7counterIT9_T7_T8_EEPSV_T5_T6_ib
    0 bytes stack frame, 0 bytes spill stores, 0 bytes spill loads
ptxas info    : Used 32 registers, used 1 barriers, 8192 bytes smem
ptxas info    : Compile time = 10.647 ms
ptxas info    : Compiling entry function '_ZN3cub17_V_300500_SM_10006detail12batched_topk38device_segmented_topk_histogram_kernelINS2_26policy_selector_from_typesIsalLl8388608EEEN4cuda3__417constant_iteratorIPKslEENS1_6params13uniform_paramIlLl0ELl268435456EEENSD_IlLl1ELl8388608EEENSD_IlLl1ELl1EEEPljPyNS1_4topk16extract_bin_op_tIsLNSJ_6selectE0ELi11ENS1_21identity_decomposer_tELb1EEEjjjEEvT0_T1_T2_T3_T4_PKT5_PNSJ_7counterINS6_3std3__415iterator_traitsINSZ_ISO_vE10value_typeEvE10value_typeET8_T9_EEPS14_T6_T7_' for 'sm_100'
ptxas info    : Function properties for _ZN3cub17_V_300500_SM_10006detail12batched_topk38device_segmented_topk_histogram_kernelINS2_26policy_selector_from_typesIsalLl8388608EEEN4cuda3__417constant_iteratorIPKslEENS1_6params13uniform_paramIlLl0ELl268435456EEENSD_IlLl1ELl8388608EEENSD_IlLl1ELl1EEEPljPyNS1_4topk16extract_bin_op_tIsLNSJ_6selectE0ELi11ENS1_21identity_decomposer_tELb1EEEjjjEEvT0_T1_T2_T3_T4_PKT5_PNSJ_7counterINS6_3std3__415iterator_traitsINSZ_ISO_vE10value_typeEvE10value_typeET8_T9_EEPS14_T6_T7_
    0 bytes stack frame, 0 bytes spill stores, 0 bytes spill loads
ptxas info    : Used 28 registers, used 1 barriers, 8240 bytes smem
ptxas info    : Compile time = 38.524 ms
ptxas info    : Compiling entry function '_ZN3cub17_V_300500_SM_10006detail12batched_topk28device_segmented_topk_kernelINS2_26policy_selector_from_typesIsalLl8388608EEEN4cuda3__417constant_iteratorIPKslEENS8_IPslEENS8_IPKalEENS8_IPalEENS1_6params13uniform_paramIlLl0ELl268435456EEENSK_IlLl1ELl8388608EEENSJ_22uniform_discrete_paramINS1_4topk6selectEJLSP_1EEEENSK_IlLl1ELl1EEEjEEvT0_T1_T2_T3_T4_T5_T6_T7_PNS2_21batched_topk_countersINSZ_10value_typeEEEPS11_PT8_' for 'sm_100'
ptxas info    : Function properties for _ZN3cub17_V_300500_SM_10006detail12batched_topk28device_segmented_topk_kernelINS2_26policy_selector_from_typesIsalLl8388608EEEN4cuda3__417constant_iteratorIPKslEENS8_IPslEENS8_IPKalEENS8_IPalEENS1_6params13uniform_paramIlLl0ELl268435456EEENSK_IlLl1ELl8388608EEENSJ_22uniform_discrete_paramINS1_4topk6selectEJLSP_1EEEENSK_IlLl1ELl1EEEjEEvT0_T1_T2_T3_T4_T5_T6_T7_PNS2_21batched_topk_countersINSZ_10value_typeEEEPS11_PT8_
    1424 bytes stack frame, 1432 bytes spill stores, 1568 bytes spill loads
ptxas info    : Used 255 registers, used 1 barriers, 1424 bytes cumulative stack size, 33808 bytes smem
ptxas info    : Compile time = 402.879 ms
ptxas info    : Compiling entry function '_ZN3cub17_V_300500_SM_10006detail12batched_topk44device_segmented_topk_finalize_filter_kernelINS2_26policy_selector_from_typesIallLl8388608EEELNS1_4topk6selectE1EN4cuda3__417constant_iteratorIPKalEENSA_IPalEENSA_INS9_17counting_iteratorIjlLi0ELi0ELi0EEElEENS9_18transform_iteratorINS2_26per_segment_indexed_out_opINSA_IPKllEENSA_IPllEEEENSG_IlnLi0ELi0ELi0EEEEENS1_6params13uniform_paramIlLl0ELl268435456EEENSU_IlLl1ELl8388608EEENSU_IlLl1ELl1EEESO_jPyNS1_21identity_decomposer_tEjjaEEvT1_T2_T3_T4_T5_T6_T7_T8_PKT9_PNS6_7counterIT14_T12_T13_EEPS1D_PS1C_PNS8_3std3__415iterator_traitsINS1L_IS12_vE10value_typeEvE10value_typeES1I_S1Q_T10_S1D_S1D_iiT11_b' for 'sm_100'
ptxas info    : Function properties for _ZN3cub17_V_300500_SM_10006detail12batched_topk44device_segmented_topk_finalize_filter_kernelINS2_26policy_selector_from_typesIallLl8388608EEELNS1_4topk6selectE1EN4cuda3__417constant_iteratorIPKalEENSA_IPalEENSA_INS9_17counting_iteratorIjlLi0ELi0ELi0EEElEENS9_18transform_iteratorINS2_26per_segment_indexed_out_opINSA_IPKllEENSA_IPllEEEENSG_IlnLi0ELi0ELi0EEEEENS1_6params13uniform_paramIlLl0ELl268435456EEENSU_IlLl1ELl8388608EEENSU_IlLl1ELl1EEESO_jPyNS1_21identity_decomposer_tEjjaEEvT1_T2_T3_T4_T5_T6_T7_T8_PKT9_PNS6_7counterIT14_T12_T13_EEPS1D_PS1C_PNS8_3std3__415iterator_traitsINS1L_IS12_vE10value_typeEvE10value_typeES1I_S1Q_T10_S1D_S1D_iiT11_b
    0 bytes stack frame, 0 bytes spill stores, 0 bytes spill loads
ptxas info    : Used 118 registers, used 1 barriers, 2048 bytes smem
ptxas info    : Compile time = 68.523 ms
ptxas info    : Compiling entry function '_ZN3cub17_V_300500_SM_10006detail12batched_topk40device_segmented_topk_last_filter_kernelINS2_26policy_selector_from_typesIallLl8388608EEELNS1_4topk6selectE1EN4cuda3__417constant_iteratorIPKalEENSA_IPalEENSA_INS9_17counting_iteratorIjlLi0ELi0ELi0EEElEENS9_18transform_iteratorINS2_26per_segment_indexed_out_opINSA_IPKllEENSA_IPllEEEENSG_IlnLi0ELi0ELi0EEEEENS1_6params13uniform_paramIlLl0ELl268435456EEENSU_IlLl1ELl8388608EEENSU_IlLl1ELl1EEESO_jPyNS1_21identity_decomposer_tEjjEEvT1_T2_T3_T4_T5_T6_T7_T8_PKT9_PNS6_7counterINS8_3std3__415iterator_traitsINS1E_IS10_vE10value_typeEvE10value_typeET12_T13_EEPS1I_PNS1E_INS1E_IS12_vE10value_typeEvE10value_typeES1J_T10_iiT11_' for 'sm_100'
ptxas info    : Function properties for _ZN3cub17_V_300500_SM_10006detail12batched_topk40device_segmented_topk_last_filter_kernelINS2_26policy_selector_from_typesIallLl8388608EEELNS1_4topk6selectE1EN4cuda3__417constant_iteratorIPKalEENSA_IPalEENSA_INS9_17counting_iteratorIjlLi0ELi0ELi0EEElEENS9_18transform_iteratorINS2_26per_segment_indexed_out_opINSA_IPKllEENSA_IPllEEEENSG_IlnLi0ELi0ELi0EEEEENS1_6params13uniform_paramIlLl0ELl268435456EEENSU_IlLl1ELl8388608EEENSU_IlLl1ELl1EEESO_jPyNS1_21identity_decomposer_tEjjEEvT1_T2_T3_T4_T5_T6_T7_T8_PKT9_PNS6_7counterINS8_3std3__415iterator_traitsINS1E_IS10_vE10value_typeEvE10value_typeET12_T13_EEPS1I_PNS1E_INS1E_IS12_vE10value_typeEvE10value_typeES1J_T10_iiT11_
    0 bytes stack frame, 0 bytes spill stores, 0 bytes spill loads
ptxas info    : Used 64 registers, used 0 barriers
ptxas info    : Compile time = 140.139 ms
ptxas info    : Compiling entry function '_ZN3cub17_V_300500_SM_10006detail12batched_topk35device_segmented_topk_filter_kernelINS2_26policy_selector_from_typesIallLl8388608EEELNS1_4topk6selectE1EN4cuda3__417constant_iteratorIPKalEENSA_IPalEENSA_INS9_17counting_iteratorIjlLi0ELi0ELi0EEElEENS9_18transform_iteratorINS2_26per_segment_indexed_out_opINSA_IPKllEENSA_IPllEEEENSG_IlnLi0ELi0ELi0EEEEENS1_6params13uniform_paramIlLl0ELl268435456EEENSU_IlLl1ELl8388608EEENSU_IlLl1ELl1EEESO_jPyNS1_21identity_decomposer_tEjjEEvT1_T2_T3_T4_T5_T6_T7_T8_PKT9_PNS6_7counterINS8_3std3__415iterator_traitsINS1E_IS10_vE10value_typeEvE10value_typeET12_T13_EEPS1J_PS1I_PNS1E_INS1E_IS12_vE10value_typeEvE10value_typeES1O_S1T_S1J_S1J_T10_iibT11_' for 'sm_100'
ptxas info    : Function properties for _ZN3cub17_V_300500_SM_10006detail12batched_topk35device_segmented_topk_filter_kernelINS2_26policy_selector_from_typesIallLl8388608EEELNS1_4topk6selectE1EN4cuda3__417constant_iteratorIPKalEENSA_IPalEENSA_INS9_17counting_iteratorIjlLi0ELi0ELi0EEElEENS9_18transform_iteratorINS2_26per_segment_indexed_out_opINSA_IPKllEENSA_IPllEEEENSG_IlnLi0ELi0ELi0EEEEENS1_6params13uniform_paramIlLl0ELl268435456EEENSU_IlLl1ELl8388608EEENSU_IlLl1ELl1EEESO_jPyNS1_21identity_decomposer_tEjjEEvT1_T2_T3_T4_T5_T6_T7_T8_PKT9_PNS6_7counterINS8_3std3__415iterator_traitsINS1E_IS10_vE10value_typeEvE10value_typeET12_T13_EEPS1J_PS1I_PNS1E_INS1E_IS12_vE10value_typeEvE10value_typeES1O_S1T_S1J_S1J_T10_iibT11_
    0 bytes stack frame, 0 bytes spill stores, 0 bytes spill loads
ptxas info    : Used 64 registers, used 1 barriers, 1028 bytes smem
ptxas info    : Compile time = 77.239 ms
ptxas info    : Compiling entry function '_ZN3cub17_V_300500_SM_10006detail12batched_topk47device_segmented_topk_finalize_histogram_kernelINS2_26policy_selector_from_typesIallLl8388608EEEN4cuda3__417constant_iteratorIPKalEENS1_6params13uniform_paramIlLl0ELl268435456EEENSD_IlLl1ELl8388608EEENSD_IlLl1ELl1EEEPlPyNS1_4topk16extract_bin_op_tIaLNSJ_6selectE1ELi8ENS1_21identity_decomposer_tELb1EEEjjaEEvT0_T1_T2_T3_T4_PNSJ_7counterIT9_T7_T8_EEPSV_T5_T6_ib' for 'sm_100'
ptxas info    : Function properties for _ZN3cub17_V_300500_SM_10006detail12batched_topk47device_segmented_topk_finalize_histogram_kernelINS2_26policy_selector_from_typesIallLl8388608EEEN4cuda3__417constant_iteratorIPKalEENS1_6params13uniform_paramIlLl0ELl268435456EEENSD_IlLl1ELl8388608EEENSD_IlLl1ELl1EEEPlPyNS1_4topk16extract_bin_op_tIaLNSJ_6selectE1ELi8ENS1_21identity_decomposer_tELb1EEEjjaEEvT0_T1_T2_T3_T4_PNSJ_7counterIT9_T7_T8_EEPSV_T5_T6_ib
    0 bytes stack frame, 0 bytes spill stores, 0 bytes spill loads
ptxas info    : Used 32 registers, used 1 barriers, 2048 bytes smem
ptxas info    : Compile time = 11.971 ms
ptxas info    : Compiling entry function '_ZN3cub17_V_300500_SM_10006detail12batched_topk38device_segmented_topk_histogram_kernelINS2_26policy_selector_from_typesIallLl8388608EEEN4cuda3__417constant_iteratorIPKalEENS1_6params13uniform_paramIlLl0ELl268435456EEENSD_IlLl1ELl8388608EEENSD_IlLl1ELl1EEEPljPyNS1_4topk16extract_bin_op_tIaLNSJ_6selectE1ELi8ENS1_21identity_decomposer_tELb1EEEjjjEEvT0_T1_T2_T3_T4_PKT5_PNSJ_7counterINS6_3std3__415iterator_traitsINSZ_ISO_vE10value_typeEvE10value_typeET8_T9_EEPS14_T6_T7_' for 'sm_100'
ptxas info    : Function properties for _ZN3cub17_V_300500_SM_10006detail12batched_topk38device_segmented_topk_histogram_kernelINS2_26policy_selector_from_typesIallLl8388608EEEN4cuda3__417constant_iteratorIPKalEENS1_6params13uniform_paramIlLl0ELl268435456EEENSD_IlLl1ELl8388608EEENSD_IlLl1ELl1EEEPljPyNS1_4topk16extract_bin_op_tIaLNSJ_6selectE1ELi8ENS1_21identity_decomposer_tELb1EEEjjjEEvT0_T1_T2_T3_T4_PKT5_PNSJ_7counterINS6_3std3__415iterator_traitsINSZ_ISO_vE10value_typeEvE10value_typeET8_T9_EEPS14_T6_T7_
    0 bytes stack frame, 0 bytes spill stores, 0 bytes spill loads
ptxas info    : Used 26 registers, used 1 barriers, 1072 bytes smem
ptxas info    : Compile time = 67.084 ms
ptxas info    : Compiling entry function '_ZN3cub17_V_300500_SM_10006detail12batched_topk44device_segmented_topk_finalize_filter_kernelINS2_26policy_selector_from_typesIallLl8388608EEELNS1_4topk6selectE0EN4cuda3__417constant_iteratorIPKalEENSA_IPalEENSA_INS9_17counting_iteratorIjlLi0ELi0ELi0EEElEENS9_18transform_iteratorINS2_26per_segment_indexed_out_opINSA_IPKllEENSA_IPllEEEENSG_IlnLi0ELi0ELi0EEEEENS1_6params13uniform_paramIlLl0ELl268435456EEENSU_IlLl1ELl8388608EEENSU_IlLl1ELl1EEESO_jPyNS1_21identity_decomposer_tEjjaEEvT1_T2_T3_T4_T5_T6_T7_T8_PKT9_PNS6_7counterIT14_T12_T13_EEPS1D_PS1C_PNS8_3std3__415iterator_traitsINS1L_IS12_vE10value_typeEvE10value_typeES1I_S1Q_T10_S1D_S1D_iiT11_b' for 'sm_100'
ptxas info    : Function properties for _ZN3cub17_V_300500_SM_10006detail12batched_topk44device_segmented_topk_finalize_filter_kernelINS2_26policy_selector_from_typesIallLl8388608EEELNS1_4topk6selectE0EN4cuda3__417constant_iteratorIPKalEENSA_IPalEENSA_INS9_17counting_iteratorIjlLi0ELi0ELi0EEElEENS9_18transform_iteratorINS2_26per_segment_indexed_out_opINSA_IPKllEENSA_IPllEEEENSG_IlnLi0ELi0ELi0EEEEENS1_6params13uniform_paramIlLl0ELl268435456EEENSU_IlLl1ELl8388608EEENSU_IlLl1ELl1EEESO_jPyNS1_21identity_decomposer_tEjjaEEvT1_T2_T3_T4_T5_T6_T7_T8_PKT9_PNS6_7counterIT14_T12_T13_EEPS1D_PS1C_PNS8_3std3__415iterator_traitsINS1L_IS12_vE10value_typeEvE10value_typeES1I_S1Q_T10_S1D_S1D_iiT11_b
    0 bytes stack frame, 0 bytes spill stores, 0 bytes spill loads
ptxas info    : Used 118 registers, used 1 barriers, 2048 bytes smem
ptxas info    : Compile time = 68.583 ms
ptxas info    : Compiling entry function '_ZN3cub17_V_300500_SM_10006detail12batched_topk40device_segmented_topk_last_filter_kernelINS2_26policy_selector_from_typesIallLl8388608EEELNS1_4topk6selectE0EN4cuda3__417constant_iteratorIPKalEENSA_IPalEENSA_INS9_17counting_iteratorIjlLi0ELi0ELi0EEElEENS9_18transform_iteratorINS2_26per_segment_indexed_out_opINSA_IPKllEENSA_IPllEEEENSG_IlnLi0ELi0ELi0EEEEENS1_6params13uniform_paramIlLl0ELl268435456EEENSU_IlLl1ELl8388608EEENSU_IlLl1ELl1EEESO_jPyNS1_21identity_decomposer_tEjjEEvT1_T2_T3_T4_T5_T6_T7_T8_PKT9_PNS6_7counterINS8_3std3__415iterator_traitsINS1E_IS10_vE10value_typeEvE10value_typeET12_T13_EEPS1I_PNS1E_INS1E_IS12_vE10value_typeEvE10value_typeES1J_T10_iiT11_' for 'sm_100'
ptxas info    : Function properties for _ZN3cub17_V_300500_SM_10006detail12batched_topk40device_segmented_topk_last_filter_kernelINS2_26policy_selector_from_typesIallLl8388608EEELNS1_4topk6selectE0EN4cuda3__417constant_iteratorIPKalEENSA_IPalEENSA_INS9_17counting_iteratorIjlLi0ELi0ELi0EEElEENS9_18transform_iteratorINS2_26per_segment_indexed_out_opINSA_IPKllEENSA_IPllEEEENSG_IlnLi0ELi0ELi0EEEEENS1_6params13uniform_paramIlLl0ELl268435456EEENSU_IlLl1ELl8388608EEENSU_IlLl1ELl1EEESO_jPyNS1_21identity_decomposer_tEjjEEvT1_T2_T3_T4_T5_T6_T7_T8_PKT9_PNS6_7counterINS8_3std3__415iterator_traitsINS1E_IS10_vE10value_typeEvE10value_typeET12_T13_EEPS1I_PNS1E_INS1E_IS12_vE10value_typeEvE10value_typeES1J_T10_iiT11_
    0 bytes stack frame, 0 bytes spill stores, 0 bytes spill loads
ptxas info    : Used 64 registers, used 0 barriers
ptxas info    : Compile time = 139.996 ms
ptxas info    : Compiling entry function '_ZN3cub17_V_300500_SM_10006detail12batched_topk35device_segmented_topk_filter_kernelINS2_26policy_selector_from_typesIallLl8388608EEELNS1_4topk6selectE0EN4cuda3__417constant_iteratorIPKalEENSA_IPalEENSA_INS9_17counting_iteratorIjlLi0ELi0ELi0EEElEENS9_18transform_iteratorINS2_26per_segment_indexed_out_opINSA_IPKllEENSA_IPllEEEENSG_IlnLi0ELi0ELi0EEEEENS1_6params13uniform_paramIlLl0ELl268435456EEENSU_IlLl1ELl8388608EEENSU_IlLl1ELl1EEESO_jPyNS1_21identity_decomposer_tEjjEEvT1_T2_T3_T4_T5_T6_T7_T8_PKT9_PNS6_7counterINS8_3std3__415iterator_traitsINS1E_IS10_vE10value_typeEvE10value_typeET12_T13_EEPS1J_PS1I_PNS1E_INS1E_IS12_vE10value_typeEvE10value_typeES1O_S1T_S1J_S1J_T10_iibT11_' for 'sm_100'
ptxas info    : Function properties for _ZN3cub17_V_300500_SM_10006detail12batched_topk35device_segmented_topk_filter_kernelINS2_26policy_selector_from_typesIallLl8388608EEELNS1_4topk6selectE0EN4cuda3__417constant_iteratorIPKalEENSA_IPalEENSA_INS9_17counting_iteratorIjlLi0ELi0ELi0EEElEENS9_18transform_iteratorINS2_26per_segment_indexed_out_opINSA_IPKllEENSA_IPllEEEENSG_IlnLi0ELi0ELi0EEEEENS1_6params13uniform_paramIlLl0ELl268435456EEENSU_IlLl1ELl8388608EEENSU_IlLl1ELl1EEESO_jPyNS1_21identity_decomposer_tEjjEEvT1_T2_T3_T4_T5_T6_T7_T8_PKT9_PNS6_7counterINS8_3std3__415iterator_traitsINS1E_IS10_vE10value_typeEvE10value_typeET12_T13_EEPS1J_PS1I_PNS1E_INS1E_IS12_vE10value_typeEvE10value_typeES1O_S1T_S1J_S1J_T10_iibT11_
    0 bytes stack frame, 0 bytes spill stores, 0 bytes spill loads
ptxas info    : Used 64 registers, used 1 barriers, 1028 bytes smem
ptxas info    : Compile time = 76.255 ms
ptxas info    : Compiling entry function '_ZN3cub17_V_300500_SM_10006detail12batched_topk47device_segmented_topk_finalize_histogram_kernelINS2_26policy_selector_from_typesIallLl8388608EEEN4cuda3__417constant_iteratorIPKalEENS1_6params13uniform_paramIlLl0ELl268435456EEENSD_IlLl1ELl8388608EEENSD_IlLl1ELl1EEEPlPyNS1_4topk16extract_bin_op_tIaLNSJ_6selectE0ELi8ENS1_21identity_decomposer_tELb1EEEjjaEEvT0_T1_T2_T3_T4_PNSJ_7counterIT9_T7_T8_EEPSV_T5_T6_ib' for 'sm_100'
ptxas info    : Function properties for _ZN3cub17_V_300500_SM_10006detail12batched_topk47device_segmented_topk_finalize_histogram_kernelINS2_26policy_selector_from_typesIallLl8388608EEEN4cuda3__417constant_iteratorIPKalEENS1_6params13uniform_paramIlLl0ELl268435456EEENSD_IlLl1ELl8388608EEENSD_IlLl1ELl1EEEPlPyNS1_4topk16extract_bin_op_tIaLNSJ_6selectE0ELi8ENS1_21identity_decomposer_tELb1EEEjjaEEvT0_T1_T2_T3_T4_PNSJ_7counterIT9_T7_T8_EEPSV_T5_T6_ib
    0 bytes stack frame, 0 bytes spill stores, 0 bytes spill loads
ptxas info    : Used 32 registers, used 1 barriers, 2048 bytes smem
ptxas info    : Compile time = 11.045 ms
ptxas info    : Compiling entry function '_ZN3cub17_V_300500_SM_10006detail12batched_topk38device_segmented_topk_histogram_kernelINS2_26policy_selector_from_typesIallLl8388608EEEN4cuda3__417constant_iteratorIPKalEENS1_6params13uniform_paramIlLl0ELl268435456EEENSD_IlLl1ELl8388608EEENSD_IlLl1ELl1EEEPljPyNS1_4topk16extract_bin_op_tIaLNSJ_6selectE0ELi8ENS1_21identity_decomposer_tELb1EEEjjjEEvT0_T1_T2_T3_T4_PKT5_PNSJ_7counterINS6_3std3__415iterator_traitsINSZ_ISO_vE10value_typeEvE10value_typeET8_T9_EEPS14_T6_T7_' for 'sm_100'
ptxas info    : Function properties for _ZN3cub17_V_300500_SM_10006detail12batched_topk38device_segmented_topk_histogram_kernelINS2_26policy_selector_from_typesIallLl8388608EEEN4cuda3__417constant_iteratorIPKalEENS1_6params13uniform_paramIlLl0ELl268435456EEENSD_IlLl1ELl8388608EEENSD_IlLl1ELl1EEEPljPyNS1_4topk16extract_bin_op_tIaLNSJ_6selectE0ELi8ENS1_21identity_decomposer_tELb1EEEjjjEEvT0_T1_T2_T3_T4_PKT5_PNSJ_7counterINS6_3std3__415iterator_traitsINSZ_ISO_vE10value_typeEvE10value_typeET8_T9_EEPS14_T6_T7_
    0 bytes stack frame, 0 bytes spill stores, 0 bytes spill loads
ptxas info    : Used 26 registers, used 1 barriers, 1072 bytes smem
ptxas info    : Compile time = 67.334 ms
ptxas info    : Compiling entry function '_ZN3cub17_V_300500_SM_10006detail12batched_topk28device_segmented_topk_kernelINS2_26policy_selector_from_typesIallLl8388608EEEN4cuda3__417constant_iteratorIPKalEENS8_IPalEENS8_IPKllEENS8_IPllEENS1_6params13uniform_paramIlLl0ELl268435456EEENSK_IlLl1ELl8388608EEENSJ_22uniform_discrete_paramINS1_4topk6selectEJLSP_1EEEENSK_IlLl1ELl1EEEjEEvT0_T1_T2_T3_T4_T5_T6_T7_PNS2_21batched_topk_countersINSZ_10value_typeEEEPS11_PT8_' for 'sm_100'
ptxas info    : Function properties for _ZN3cub17_V_300500_SM_10006detail12batched_topk28device_segmented_topk_kernelINS2_26policy_selector_from_typesIallLl8388608EEEN4cuda3__417constant_iteratorIPKalEENS8_IPalEENS8_IPKllEENS8_IPllEENS1_6params13uniform_paramIlLl0ELl268435456EEENSK_IlLl1ELl8388608EEENSJ_22uniform_discrete_paramINS1_4topk6selectEJLSP_1EEEENSK_IlLl1ELl1EEEjEEvT0_T1_T2_T3_T4_T5_T6_T7_PNS2_21batched_topk_countersINSZ_10value_typeEEEPS11_PT8_
    0 bytes stack frame, 0 bytes spill stores, 0 bytes spill loads
ptxas info    : Used 128 registers, used 1 barriers, 33808 bytes smem
ptxas info    : Compile time = 57.826 ms
ptxas info    : Compiling entry function '_ZN3cub17_V_300500_SM_10006detail12batched_topk44device_segmented_topk_finalize_filter_kernelINS2_26policy_selector_from_typesIailLl8388608EEELNS1_4topk6selectE1EN4cuda3__417constant_iteratorIPKalEENSA_IPalEENSA_INS9_17counting_iteratorIjlLi0ELi0ELi0EEElEENS9_18transform_iteratorINS2_26per_segment_indexed_out_opINSA_IPKilEENSA_IPilEEEENSG_IlnLi0ELi0ELi0EEEEENS1_6params13uniform_paramIlLl0ELl268435456EEENSU_IlLl1ELl8388608EEENSU_IlLl1ELl1EEEPljPyNS1_21identity_decomposer_tEjjaEEvT1_T2_T3_T4_T5_T6_T7_T8_PKT9_PNS6_7counterIT14_T12_T13_EEPS1E_PS1D_PNS8_3std3__415iterator_traitsINS1M_IS13_vE10value_typeEvE10value_typeES1J_S1R_T10_S1E_S1E_iiT11_b' for 'sm_100'
ptxas info    : Function properties for _ZN3cub17_V_300500_SM_10006detail12batched_topk44device_segmented_topk_finalize_filter_kernelINS2_26policy_selector_from_typesIailLl8388608EEELNS1_4topk6selectE1EN4cuda3__417constant_iteratorIPKalEENSA_IPalEENSA_INS9_17counting_iteratorIjlLi0ELi0ELi0EEElEENS9_18transform_iteratorINS2_26per_segment_indexed_out_opINSA_IPKilEENSA_IPilEEEENSG_IlnLi0ELi0ELi0EEEEENS1_6params13uniform_paramIlLl0ELl268435456EEENSU_IlLl1ELl8388608EEENSU_IlLl1ELl1EEEPljPyNS1_21identity_decomposer_tEjjaEEvT1_T2_T3_T4_T5_T6_T7_T8_PKT9_PNS6_7counterIT14_T12_T13_EEPS1E_PS1D_PNS8_3std3__415iterator_traitsINS1M_IS13_vE10value_typeEvE10value_typeES1J_S1R_T10_S1E_S1E_iiT11_b
    0 bytes stack frame, 0 bytes spill stores, 0 bytes spill loads
ptxas info    : Used 118 registers, used 1 barriers, 2048 bytes smem
ptxas info    : Compile time = 68.411 ms
ptxas info    : Compiling entry function '_ZN3cub17_V_300500_SM_10006detail12batched_topk40device_segmented_topk_last_filter_kernelINS2_26policy_selector_from_typesIailLl8388608EEELNS1_4topk6selectE1EN4cuda3__417constant_iteratorIPKalEENSA_IPalEENSA_INS9_17counting_iteratorIjlLi0ELi0ELi0EEElEENS9_18transform_iteratorINS2_26per_segment_indexed_out_opINSA_IPKilEENSA_IPilEEEENSG_IlnLi0ELi0ELi0EEEEENS1_6params13uniform_paramIlLl0ELl268435456EEENSU_IlLl1ELl8388608EEENSU_IlLl1ELl1EEEPljPyNS1_21identity_decomposer_tEjjEEvT1_T2_T3_T4_T5_T6_T7_T8_PKT9_PNS6_7counterINS8_3std3__415iterator_traitsINS1F_IS11_vE10value_typeEvE10value_typeET12_T13_EEPS1J_PNS1F_INS1F_IS13_vE10value_typeEvE10value_typeES1K_T10_iiT11_' for 'sm_100'
ptxas info    : Function properties for _ZN3cub17_V_300500_SM_10006detail12batched_topk40device_segmented_topk_last_filter_kernelINS2_26policy_selector_from_typesIailLl8388608EEELNS1_4topk6selectE1EN4cuda3__417constant_iteratorIPKalEENSA_IPalEENSA_INS9_17counting_iteratorIjlLi0ELi0ELi0EEElEENS9_18transform_iteratorINS2_26per_segment_indexed_out_opINSA_IPKilEENSA_IPilEEEENSG_IlnLi0ELi0ELi0EEEEENS1_6params13uniform_paramIlLl0ELl268435456EEENSU_IlLl1ELl8388608EEENSU_IlLl1ELl1EEEPljPyNS1_21identity_decomposer_tEjjEEvT1_T2_T3_T4_T5_T6_T7_T8_PKT9_PNS6_7counterINS8_3std3__415iterator_traitsINS1F_IS11_vE10value_typeEvE10value_typeET12_T13_EEPS1J_PNS1F_INS1F_IS13_vE10value_typeEvE10value_typeES1K_T10_iiT11_
    0 bytes stack frame, 0 bytes spill stores, 0 bytes spill loads
ptxas info    : Used 64 registers, used 0 barriers
ptxas info    : Compile time = 139.382 ms
ptxas info    : Compiling entry function '_ZN3cub17_V_300500_SM_10006detail12batched_topk35device_segmented_topk_filter_kernelINS2_26policy_selector_from_typesIailLl8388608EEELNS1_4topk6selectE1EN4cuda3__417constant_iteratorIPKalEENSA_IPalEENSA_INS9_17counting_iteratorIjlLi0ELi0ELi0EEElEENS9_18transform_iteratorINS2_26per_segment_indexed_out_opINSA_IPKilEENSA_IPilEEEENSG_IlnLi0ELi0ELi0EEEEENS1_6params13uniform_paramIlLl0ELl268435456EEENSU_IlLl1ELl8388608EEENSU_IlLl1ELl1EEEPljPyNS1_21identity_decomposer_tEjjEEvT1_T2_T3_T4_T5_T6_T7_T8_PKT9_PNS6_7counterINS8_3std3__415iterator_traitsINS1F_IS11_vE10value_typeEvE10value_typeET12_T13_EEPS1K_PS1J_PNS1F_INS1F_IS13_vE10value_typeEvE10value_typeES1P_S1U_S1K_S1K_T10_iibT11_' for 'sm_100'
ptxas info    : Function properties for _ZN3cub17_V_300500_SM_10006detail12batched_topk35device_segmented_topk_filter_kernelINS2_26policy_selector_from_typesIailLl8388608EEELNS1_4topk6selectE1EN4cuda3__417constant_iteratorIPKalEENSA_IPalEENSA_INS9_17counting_iteratorIjlLi0ELi0ELi0EEElEENS9_18transform_iteratorINS2_26per_segment_indexed_out_opINSA_IPKilEENSA_IPilEEEENSG_IlnLi0ELi0ELi0EEEEENS1_6params13uniform_paramIlLl0ELl268435456EEENSU_IlLl1ELl8388608EEENSU_IlLl1ELl1EEEPljPyNS1_21identity_decomposer_tEjjEEvT1_T2_T3_T4_T5_T6_T7_T8_PKT9_PNS6_7counterINS8_3std3__415iterator_traitsINS1F_IS11_vE10value_typeEvE10value_typeET12_T13_EEPS1K_PS1J_PNS1F_INS1F_IS13_vE10value_typeEvE10value_typeES1P_S1U_S1K_S1K_T10_iibT11_
    0 bytes stack frame, 0 bytes spill stores, 0 bytes spill loads
ptxas info    : Used 64 registers, used 1 barriers, 1028 bytes smem
ptxas info    : Compile time = 76.537 ms
ptxas info    : Compiling entry function '_ZN3cub17_V_300500_SM_10006detail12batched_topk47device_segmented_topk_finalize_histogram_kernelINS2_26policy_selector_from_typesIailLl8388608EEEN4cuda3__417constant_iteratorIPKalEENS1_6params13uniform_paramIlLl0ELl268435456EEENSD_IlLl1ELl8388608EEENSD_IlLl1ELl1EEEPlPyNS1_4topk16extract_bin_op_tIaLNSJ_6selectE1ELi8ENS1_21identity_decomposer_tELb1EEEjjaEEvT0_T1_T2_T3_T4_PNSJ_7counterIT9_T7_T8_EEPSV_T5_T6_ib' for 'sm_100'
ptxas info    : Function properties for _ZN3cub17_V_300500_SM_10006detail12batched_topk47device_segmented_topk_finalize_histogram_kernelINS2_26policy_selector_from_typesIailLl8388608EEEN4cuda3__417constant_iteratorIPKalEENS1_6params13uniform_paramIlLl0ELl268435456EEENSD_IlLl1ELl8388608EEENSD_IlLl1ELl1EEEPlPyNS1_4topk16extract_bin_op_tIaLNSJ_6selectE1ELi8ENS1_21identity_decomposer_tELb1EEEjjaEEvT0_T1_T2_T3_T4_PNSJ_7counterIT9_T7_T8_EEPSV_T5_T6_ib
    0 bytes stack frame, 0 bytes spill stores, 0 bytes spill loads
ptxas info    : Used 32 registers, used 1 barriers, 2048 bytes smem
ptxas info    : Compile time = 11.019 ms
ptxas info    : Compiling entry function '_ZN3cub17_V_300500_SM_10006detail12batched_topk38device_segmented_topk_histogram_kernelINS2_26policy_selector_from_typesIailLl8388608EEEN4cuda3__417constant_iteratorIPKalEENS1_6params13uniform_paramIlLl0ELl268435456EEENSD_IlLl1ELl8388608EEENSD_IlLl1ELl1EEEPljPyNS1_4topk16extract_bin_op_tIaLNSJ_6selectE1ELi8ENS1_21identity_decomposer_tELb1EEEjjjEEvT0_T1_T2_T3_T4_PKT5_PNSJ_7counterINS6_3std3__415iterator_traitsINSZ_ISO_vE10value_typeEvE10value_typeET8_T9_EEPS14_T6_T7_' for 'sm_100'
ptxas info    : Function properties for _ZN3cub17_V_300500_SM_10006detail12batched_topk38device_segmented_topk_histogram_kernelINS2_26policy_selector_from_typesIailLl8388608EEEN4cuda3__417constant_iteratorIPKalEENS1_6params13uniform_paramIlLl0ELl268435456EEENSD_IlLl1ELl8388608EEENSD_IlLl1ELl1EEEPljPyNS1_4topk16extract_bin_op_tIaLNSJ_6selectE1ELi8ENS1_21identity_decomposer_tELb1EEEjjjEEvT0_T1_T2_T3_T4_PKT5_PNSJ_7counterINS6_3std3__415iterator_traitsINSZ_ISO_vE10value_typeEvE10value_typeET8_T9_EEPS14_T6_T7_
    0 bytes stack frame, 0 bytes spill stores, 0 bytes spill loads
ptxas info    : Used 26 registers, used 1 barriers, 1072 bytes smem
ptxas info    : Compile time = 66.911 ms
ptxas info    : Compiling entry function '_ZN3cub17_V_300500_SM_10006detail12batched_topk44device_segmented_topk_finalize_filter_kernelINS2_26policy_selector_from_typesIailLl8388608EEELNS1_4topk6selectE0EN4cuda3__417constant_iteratorIPKalEENSA_IPalEENSA_INS9_17counting_iteratorIjlLi0ELi0ELi0EEElEENS9_18transform_iteratorINS2_26per_segment_indexed_out_opINSA_IPKilEENSA_IPilEEEENSG_IlnLi0ELi0ELi0EEEEENS1_6params13uniform_paramIlLl0ELl268435456EEENSU_IlLl1ELl8388608EEENSU_IlLl1ELl1EEEPljPyNS1_21identity_decomposer_tEjjaEEvT1_T2_T3_T4_T5_T6_T7_T8_PKT9_PNS6_7counterIT14_T12_T13_EEPS1E_PS1D_PNS8_3std3__415iterator_traitsINS1M_IS13_vE10value_typeEvE10value_typeES1J_S1R_T10_S1E_S1E_iiT11_b' for 'sm_100'
ptxas info    : Function properties for _ZN3cub17_V_300500_SM_10006detail12batched_topk44device_segmented_topk_finalize_filter_kernelINS2_26policy_selector_from_typesIailLl8388608EEELNS1_4topk6selectE0EN4cuda3__417constant_iteratorIPKalEENSA_IPalEENSA_INS9_17counting_iteratorIjlLi0ELi0ELi0EEElEENS9_18transform_iteratorINS2_26per_segment_indexed_out_opINSA_IPKilEENSA_IPilEEEENSG_IlnLi0ELi0ELi0EEEEENS1_6params13uniform_paramIlLl0ELl268435456EEENSU_IlLl1ELl8388608EEENSU_IlLl1ELl1EEEPljPyNS1_21identity_decomposer_tEjjaEEvT1_T2_T3_T4_T5_T6_T7_T8_PKT9_PNS6_7counterIT14_T12_T13_EEPS1E_PS1D_PNS8_3std3__415iterator_traitsINS1M_IS13_vE10value_typeEvE10value_typeES1J_S1R_T10_S1E_S1E_iiT11_b
    0 bytes stack frame, 0 bytes spill stores, 0 bytes spill loads
ptxas info    : Used 118 registers, used 1 barriers, 2048 bytes smem
ptxas info    : Compile time = 68.236 ms
ptxas info    : Compiling entry function '_ZN3cub17_V_300500_SM_10006detail12batched_topk40device_segmented_topk_last_filter_kernelINS2_26policy_selector_from_typesIailLl8388608EEELNS1_4topk6selectE0EN4cuda3__417constant_iteratorIPKalEENSA_IPalEENSA_INS9_17counting_iteratorIjlLi0ELi0ELi0EEElEENS9_18transform_iteratorINS2_26per_segment_indexed_out_opINSA_IPKilEENSA_IPilEEEENSG_IlnLi0ELi0ELi0EEEEENS1_6params13uniform_paramIlLl0ELl268435456EEENSU_IlLl1ELl8388608EEENSU_IlLl1ELl1EEEPljPyNS1_21identity_decomposer_tEjjEEvT1_T2_T3_T4_T5_T6_T7_T8_PKT9_PNS6_7counterINS8_3std3__415iterator_traitsINS1F_IS11_vE10value_typeEvE10value_typeET12_T13_EEPS1J_PNS1F_INS1F_IS13_vE10value_typeEvE10value_typeES1K_T10_iiT11_' for 'sm_100'
ptxas info    : Function properties for _ZN3cub17_V_300500_SM_10006detail12batched_topk40device_segmented_topk_last_filter_kernelINS2_26policy_selector_from_typesIailLl8388608EEELNS1_4topk6selectE0EN4cuda3__417constant_iteratorIPKalEENSA_IPalEENSA_INS9_17counting_iteratorIjlLi0ELi0ELi0EEElEENS9_18transform_iteratorINS2_26per_segment_indexed_out_opINSA_IPKilEENSA_IPilEEEENSG_IlnLi0ELi0ELi0EEEEENS1_6params13uniform_paramIlLl0ELl268435456EEENSU_IlLl1ELl8388608EEENSU_IlLl1ELl1EEEPljPyNS1_21identity_decomposer_tEjjEEvT1_T2_T3_T4_T5_T6_T7_T8_PKT9_PNS6_7counterINS8_3std3__415iterator_traitsINS1F_IS11_vE10value_typeEvE10value_typeET12_T13_EEPS1J_PNS1F_INS1F_IS13_vE10value_typeEvE10value_typeES1K_T10_iiT11_
    0 bytes stack frame, 0 bytes spill stores, 0 bytes spill loads
ptxas info    : Used 64 registers, used 0 barriers
ptxas info    : Compile time = 139.257 ms
ptxas info    : Compiling entry function '_ZN3cub17_V_300500_SM_10006detail12batched_topk35device_segmented_topk_filter_kernelINS2_26policy_selector_from_typesIailLl8388608EEELNS1_4topk6selectE0EN4cuda3__417constant_iteratorIPKalEENSA_IPalEENSA_INS9_17counting_iteratorIjlLi0ELi0ELi0EEElEENS9_18transform_iteratorINS2_26per_segment_indexed_out_opINSA_IPKilEENSA_IPilEEEENSG_IlnLi0ELi0ELi0EEEEENS1_6params13uniform_paramIlLl0ELl268435456EEENSU_IlLl1ELl8388608EEENSU_IlLl1ELl1EEEPljPyNS1_21identity_decomposer_tEjjEEvT1_T2_T3_T4_T5_T6_T7_T8_PKT9_PNS6_7counterINS8_3std3__415iterator_traitsINS1F_IS11_vE10value_typeEvE10value_typeET12_T13_EEPS1K_PS1J_PNS1F_INS1F_IS13_vE10value_typeEvE10value_typeES1P_S1U_S1K_S1K_T10_iibT11_' for 'sm_100'
ptxas info    : Function properties for _ZN3cub17_V_300500_SM_10006detail12batched_topk35device_segmented_topk_filter_kernelINS2_26policy_selector_from_typesIailLl8388608EEELNS1_4topk6selectE0EN4cuda3__417constant_iteratorIPKalEENSA_IPalEENSA_INS9_17counting_iteratorIjlLi0ELi0ELi0EEElEENS9_18transform_iteratorINS2_26per_segment_indexed_out_opINSA_IPKilEENSA_IPilEEEENSG_IlnLi0ELi0ELi0EEEEENS1_6params13uniform_paramIlLl0ELl268435456EEENSU_IlLl1ELl8388608EEENSU_IlLl1ELl1EEEPljPyNS1_21identity_decomposer_tEjjEEvT1_T2_T3_T4_T5_T6_T7_T8_PKT9_PNS6_7counterINS8_3std3__415iterator_traitsINS1F_IS11_vE10value_typeEvE10value_typeET12_T13_EEPS1K_PS1J_PNS1F_INS1F_IS13_vE10value_typeEvE10value_typeES1P_S1U_S1K_S1K_T10_iibT11_
    0 bytes stack frame, 0 bytes spill stores, 0 bytes spill loads
ptxas info    : Used 64 registers, used 1 barriers, 1028 bytes smem
ptxas info    : Compile time = 76.315 ms
ptxas info    : Compiling entry function '_ZN3cub17_V_300500_SM_10006detail12batched_topk47device_segmented_topk_finalize_histogram_kernelINS2_26policy_selector_from_typesIailLl8388608EEEN4cuda3__417constant_iteratorIPKalEENS1_6params13uniform_paramIlLl0ELl268435456EEENSD_IlLl1ELl8388608EEENSD_IlLl1ELl1EEEPlPyNS1_4topk16extract_bin_op_tIaLNSJ_6selectE0ELi8ENS1_21identity_decomposer_tELb1EEEjjaEEvT0_T1_T2_T3_T4_PNSJ_7counterIT9_T7_T8_EEPSV_T5_T6_ib' for 'sm_100'
ptxas info    : Function properties for _ZN3cub17_V_300500_SM_10006detail12batched_topk47device_segmented_topk_finalize_histogram_kernelINS2_26policy_selector_from_typesIailLl8388608EEEN4cuda3__417constant_iteratorIPKalEENS1_6params13uniform_paramIlLl0ELl268435456EEENSD_IlLl1ELl8388608EEENSD_IlLl1ELl1EEEPlPyNS1_4topk16extract_bin_op_tIaLNSJ_6selectE0ELi8ENS1_21identity_decomposer_tELb1EEEjjaEEvT0_T1_T2_T3_T4_PNSJ_7counterIT9_T7_T8_EEPSV_T5_T6_ib
    0 bytes stack frame, 0 bytes spill stores, 0 bytes spill loads
ptxas info    : Used 32 registers, used 1 barriers, 2048 bytes smem
ptxas info    : Compile time = 11.014 ms
ptxas info    : Compiling entry function '_ZN3cub17_V_300500_SM_10006detail12batched_topk38device_segmented_topk_histogram_kernelINS2_26policy_selector_from_typesIailLl8388608EEEN4cuda3__417constant_iteratorIPKalEENS1_6params13uniform_paramIlLl0ELl268435456EEENSD_IlLl1ELl8388608EEENSD_IlLl1ELl1EEEPljPyNS1_4topk16extract_bin_op_tIaLNSJ_6selectE0ELi8ENS1_21identity_decomposer_tELb1EEEjjjEEvT0_T1_T2_T3_T4_PKT5_PNSJ_7counterINS6_3std3__415iterator_traitsINSZ_ISO_vE10value_typeEvE10value_typeET8_T9_EEPS14_T6_T7_' for 'sm_100'
ptxas info    : Function properties for _ZN3cub17_V_300500_SM_10006detail12batched_topk38device_segmented_topk_histogram_kernelINS2_26policy_selector_from_typesIailLl8388608EEEN4cuda3__417constant_iteratorIPKalEENS1_6params13uniform_paramIlLl0ELl268435456EEENSD_IlLl1ELl8388608EEENSD_IlLl1ELl1EEEPljPyNS1_4topk16extract_bin_op_tIaLNSJ_6selectE0ELi8ENS1_21identity_decomposer_tELb1EEEjjjEEvT0_T1_T2_T3_T4_PKT5_PNSJ_7counterINS6_3std3__415iterator_traitsINSZ_ISO_vE10value_typeEvE10value_typeET8_T9_EEPS14_T6_T7_
    0 bytes stack frame, 0 bytes spill stores, 0 bytes spill loads
ptxas info    : Used 26 registers, used 1 barriers, 1072 bytes smem
ptxas info    : Compile time = 67.911 ms
ptxas info    : Compiling entry function '_ZN3cub17_V_300500_SM_10006detail12batched_topk28device_segmented_topk_kernelINS2_26policy_selector_from_typesIailLl8388608EEEN4cuda3__417constant_iteratorIPKalEENS8_IPalEENS8_IPKilEENS8_IPilEENS1_6params13uniform_paramIlLl0ELl268435456EEENSK_IlLl1ELl8388608EEENSJ_22uniform_discrete_paramINS1_4topk6selectEJLSP_1EEEENSK_IlLl1ELl1EEEjEEvT0_T1_T2_T3_T4_T5_T6_T7_PNS2_21batched_topk_countersINSZ_10value_typeEEEPS11_PT8_' for 'sm_100'
ptxas info    : Function properties for _ZN3cub17_V_300500_SM_10006detail12batched_topk28device_segmented_topk_kernelINS2_26policy_selector_from_typesIailLl8388608EEEN4cuda3__417constant_iteratorIPKalEENS8_IPalEENS8_IPKilEENS8_IPilEENS1_6params13uniform_paramIlLl0ELl268435456EEENSK_IlLl1ELl8388608EEENSJ_22uniform_discrete_paramINS1_4topk6selectEJLSP_1EEEENSK_IlLl1ELl1EEEjEEvT0_T1_T2_T3_T4_T5_T6_T7_PNS2_21batched_topk_countersINSZ_10value_typeEEEPS11_PT8_
    0 bytes stack frame, 0 bytes spill stores, 0 bytes spill loads
ptxas info    : Used 255 registers, used 1 barriers, 33808 bytes smem
ptxas info    : Compile time = 122.257 ms
ptxas info    : Compiling entry function '_ZN3cub17_V_300500_SM_10006detail12batched_topk44device_segmented_topk_finalize_filter_kernelINS2_26policy_selector_from_typesIaslLl8388608EEELNS1_4topk6selectE1EN4cuda3__417constant_iteratorIPKalEENSA_IPalEENSA_INS9_17counting_iteratorIjlLi0ELi0ELi0EEElEENS9_18transform_iteratorINS2_26per_segment_indexed_out_opINSA_IPKslEENSA_IPslEEEENSG_IlnLi0ELi0ELi0EEEEENS1_6params13uniform_paramIlLl0ELl268435456EEENSU_IlLl1ELl8388608EEENSU_IlLl1ELl1EEEPljPyNS1_21identity_decomposer_tEjjaEEvT1_T2_T3_T4_T5_T6_T7_T8_PKT9_PNS6_7counterIT14_T12_T13_EEPS1E_PS1D_PNS8_3std3__415iterator_traitsINS1M_IS13_vE10value_typeEvE10value_typeES1J_S1R_T10_S1E_S1E_iiT11_b' for 'sm_100'
ptxas info    : Function properties for _ZN3cub17_V_300500_SM_10006detail12batched_topk44device_segmented_topk_finalize_filter_kernelINS2_26policy_selector_from_typesIaslLl8388608EEELNS1_4topk6selectE1EN4cuda3__417constant_iteratorIPKalEENSA_IPalEENSA_INS9_17counting_iteratorIjlLi0ELi0ELi0EEElEENS9_18transform_iteratorINS2_26per_segment_indexed_out_opINSA_IPKslEENSA_IPslEEEENSG_IlnLi0ELi0ELi0EEEEENS1_6params13uniform_paramIlLl0ELl268435456EEENSU_IlLl1ELl8388608EEENSU_IlLl1ELl1EEEPljPyNS1_21identity_decomposer_tEjjaEEvT1_T2_T3_T4_T5_T6_T7_T8_PKT9_PNS6_7counterIT14_T12_T13_EEPS1E_PS1D_PNS8_3std3__415iterator_traitsINS1M_IS13_vE10value_typeEvE10value_typeES1J_S1R_T10_S1E_S1E_iiT11_b
    0 bytes stack frame, 0 bytes spill stores, 0 bytes spill loads
ptxas info    : Used 118 registers, used 1 barriers, 2048 bytes smem
ptxas info    : Compile time = 69.320 ms
ptxas info    : Compiling entry function '_ZN3cub17_V_300500_SM_10006detail12batched_topk40device_segmented_topk_last_filter_kernelINS2_26policy_selector_from_typesIaslLl8388608EEELNS1_4topk6selectE1EN4cuda3__417constant_iteratorIPKalEENSA_IPalEENSA_INS9_17counting_iteratorIjlLi0ELi0ELi0EEElEENS9_18transform_iteratorINS2_26per_segment_indexed_out_opINSA_IPKslEENSA_IPslEEEENSG_IlnLi0ELi0ELi0EEEEENS1_6params13uniform_paramIlLl0ELl268435456EEENSU_IlLl1ELl8388608EEENSU_IlLl1ELl1EEEPljPyNS1_21identity_decomposer_tEjjEEvT1_T2_T3_T4_T5_T6_T7_T8_PKT9_PNS6_7counterINS8_3std3__415iterator_traitsINS1F_IS11_vE10value_typeEvE10value_typeET12_T13_EEPS1J_PNS1F_INS1F_IS13_vE10value_typeEvE10value_typeES1K_T10_iiT11_' for 'sm_100'
ptxas info    : Function properties for _ZN3cub17_V_300500_SM_10006detail12batched_topk40device_segmented_topk_last_filter_kernelINS2_26policy_selector_from_typesIaslLl8388608EEELNS1_4topk6selectE1EN4cuda3__417constant_iteratorIPKalEENSA_IPalEENSA_INS9_17counting_iteratorIjlLi0ELi0ELi0EEElEENS9_18transform_iteratorINS2_26per_segment_indexed_out_opINSA_IPKslEENSA_IPslEEEENSG_IlnLi0ELi0ELi0EEEEENS1_6params13uniform_paramIlLl0ELl268435456EEENSU_IlLl1ELl8388608EEENSU_IlLl1ELl1EEEPljPyNS1_21identity_decomposer_tEjjEEvT1_T2_T3_T4_T5_T6_T7_T8_PKT9_PNS6_7counterINS8_3std3__415iterator_traitsINS1F_IS11_vE10value_typeEvE10value_typeET12_T13_EEPS1J_PNS1F_INS1F_IS13_vE10value_typeEvE10value_typeES1K_T10_iiT11_
    0 bytes stack frame, 0 bytes spill stores, 0 bytes spill loads
ptxas info    : Used 64 registers, used 0 barriers
ptxas info    : Compile time = 139.530 ms
ptxas info    : Compiling entry function '_ZN3cub17_V_300500_SM_10006detail12batched_topk35device_segmented_topk_filter_kernelINS2_26policy_selector_from_typesIaslLl8388608EEELNS1_4topk6selectE1EN4cuda3__417constant_iteratorIPKalEENSA_IPalEENSA_INS9_17counting_iteratorIjlLi0ELi0ELi0EEElEENS9_18transform_iteratorINS2_26per_segment_indexed_out_opINSA_IPKslEENSA_IPslEEEENSG_IlnLi0ELi0ELi0EEEEENS1_6params13uniform_paramIlLl0ELl268435456EEENSU_IlLl1ELl8388608EEENSU_IlLl1ELl1EEEPljPyNS1_21identity_decomposer_tEjjEEvT1_T2_T3_T4_T5_T6_T7_T8_PKT9_PNS6_7counterINS8_3std3__415iterator_traitsINS1F_IS11_vE10value_typeEvE10value_typeET12_T13_EEPS1K_PS1J_PNS1F_INS1F_IS13_vE10value_typeEvE10value_typeES1P_S1U_S1K_S1K_T10_iibT11_' for 'sm_100'
ptxas info    : Function properties for _ZN3cub17_V_300500_SM_10006detail12batched_topk35device_segmented_topk_filter_kernelINS2_26policy_selector_from_typesIaslLl8388608EEELNS1_4topk6selectE1EN4cuda3__417constant_iteratorIPKalEENSA_IPalEENSA_INS9_17counting_iteratorIjlLi0ELi0ELi0EEElEENS9_18transform_iteratorINS2_26per_segment_indexed_out_opINSA_IPKslEENSA_IPslEEEENSG_IlnLi0ELi0ELi0EEEEENS1_6params13uniform_paramIlLl0ELl268435456EEENSU_IlLl1ELl8388608EEENSU_IlLl1ELl1EEEPljPyNS1_21identity_decomposer_tEjjEEvT1_T2_T3_T4_T5_T6_T7_T8_PKT9_PNS6_7counterINS8_3std3__415iterator_traitsINS1F_IS11_vE10value_typeEvE10value_typeET12_T13_EEPS1K_PS1J_PNS1F_INS1F_IS13_vE10value_typeEvE10value_typeES1P_S1U_S1K_S1K_T10_iibT11_
    0 bytes stack frame, 0 bytes spill stores, 0 bytes spill loads
ptxas info    : Used 64 registers, used 1 barriers, 1028 bytes smem
ptxas info    : Compile time = 77.107 ms
ptxas info    : Compiling entry function '_ZN3cub17_V_300500_SM_10006detail12batched_topk47device_segmented_topk_finalize_histogram_kernelINS2_26policy_selector_from_typesIaslLl8388608EEEN4cuda3__417constant_iteratorIPKalEENS1_6params13uniform_paramIlLl0ELl268435456EEENSD_IlLl1ELl8388608EEENSD_IlLl1ELl1EEEPlPyNS1_4topk16extract_bin_op_tIaLNSJ_6selectE1ELi8ENS1_21identity_decomposer_tELb1EEEjjaEEvT0_T1_T2_T3_T4_PNSJ_7counterIT9_T7_T8_EEPSV_T5_T6_ib' for 'sm_100'
ptxas info    : Function properties for _ZN3cub17_V_300500_SM_10006detail12batched_topk47device_segmented_topk_finalize_histogram_kernelINS2_26policy_selector_from_typesIaslLl8388608EEEN4cuda3__417constant_iteratorIPKalEENS1_6params13uniform_paramIlLl0ELl268435456EEENSD_IlLl1ELl8388608EEENSD_IlLl1ELl1EEEPlPyNS1_4topk16extract_bin_op_tIaLNSJ_6selectE1ELi8ENS1_21identity_decomposer_tELb1EEEjjaEEvT0_T1_T2_T3_T4_PNSJ_7counterIT9_T7_T8_EEPSV_T5_T6_ib
    0 bytes stack frame, 0 bytes spill stores, 0 bytes spill loads
ptxas info    : Used 32 registers, used 1 barriers, 2048 bytes smem
ptxas info    : Compile time = 11.032 ms
ptxas info    : Compiling entry function '_ZN3cub17_V_300500_SM_10006detail12batched_topk38device_segmented_topk_histogram_kernelINS2_26policy_selector_from_typesIaslLl8388608EEEN4cuda3__417constant_iteratorIPKalEENS1_6params13uniform_paramIlLl0ELl268435456EEENSD_IlLl1ELl8388608EEENSD_IlLl1ELl1EEEPljPyNS1_4topk16extract_bin_op_tIaLNSJ_6selectE1ELi8ENS1_21identity_decomposer_tELb1EEEjjjEEvT0_T1_T2_T3_T4_PKT5_PNSJ_7counterINS6_3std3__415iterator_traitsINSZ_ISO_vE10value_typeEvE10value_typeET8_T9_EEPS14_T6_T7_' for 'sm_100'
ptxas info    : Function properties for _ZN3cub17_V_300500_SM_10006detail12batched_topk38device_segmented_topk_histogram_kernelINS2_26policy_selector_from_typesIaslLl8388608EEEN4cuda3__417constant_iteratorIPKalEENS1_6params13uniform_paramIlLl0ELl268435456EEENSD_IlLl1ELl8388608EEENSD_IlLl1ELl1EEEPljPyNS1_4topk16extract_bin_op_tIaLNSJ_6selectE1ELi8ENS1_21identity_decomposer_tELb1EEEjjjEEvT0_T1_T2_T3_T4_PKT5_PNSJ_7counterINS6_3std3__415iterator_traitsINSZ_ISO_vE10value_typeEvE10value_typeET8_T9_EEPS14_T6_T7_
    0 bytes stack frame, 0 bytes spill stores, 0 bytes spill loads
ptxas info    : Used 26 registers, used 1 barriers, 1072 bytes smem
ptxas info    : Compile time = 66.901 ms
ptxas info    : Compiling entry function '_ZN3cub17_V_300500_SM_10006detail12batched_topk44device_segmented_topk_finalize_filter_kernelINS2_26policy_selector_from_typesIaslLl8388608EEELNS1_4topk6selectE0EN4cuda3__417constant_iteratorIPKalEENSA_IPalEENSA_INS9_17counting_iteratorIjlLi0ELi0ELi0EEElEENS9_18transform_iteratorINS2_26per_segment_indexed_out_opINSA_IPKslEENSA_IPslEEEENSG_IlnLi0ELi0ELi0EEEEENS1_6params13uniform_paramIlLl0ELl268435456EEENSU_IlLl1ELl8388608EEENSU_IlLl1ELl1EEEPljPyNS1_21identity_decomposer_tEjjaEEvT1_T2_T3_T4_T5_T6_T7_T8_PKT9_PNS6_7counterIT14_T12_T13_EEPS1E_PS1D_PNS8_3std3__415iterator_traitsINS1M_IS13_vE10value_typeEvE10value_typeES1J_S1R_T10_S1E_S1E_iiT11_b' for 'sm_100'
ptxas info    : Function properties for _ZN3cub17_V_300500_SM_10006detail12batched_topk44device_segmented_topk_finalize_filter_kernelINS2_26policy_selector_from_typesIaslLl8388608EEELNS1_4topk6selectE0EN4cuda3__417constant_iteratorIPKalEENSA_IPalEENSA_INS9_17counting_iteratorIjlLi0ELi0ELi0EEElEENS9_18transform_iteratorINS2_26per_segment_indexed_out_opINSA_IPKslEENSA_IPslEEEENSG_IlnLi0ELi0ELi0EEEEENS1_6params13uniform_paramIlLl0ELl268435456EEENSU_IlLl1ELl8388608EEENSU_IlLl1ELl1EEEPljPyNS1_21identity_decomposer_tEjjaEEvT1_T2_T3_T4_T5_T6_T7_T8_PKT9_PNS6_7counterIT14_T12_T13_EEPS1E_PS1D_PNS8_3std3__415iterator_traitsINS1M_IS13_vE10value_typeEvE10value_typeES1J_S1R_T10_S1E_S1E_iiT11_b
    0 bytes stack frame, 0 bytes spill stores, 0 bytes spill loads
ptxas info    : Used 118 registers, used 1 barriers, 2048 bytes smem
ptxas info    : Compile time = 68.048 ms
ptxas info    : Compiling entry function '_ZN3cub17_V_300500_SM_10006detail12batched_topk40device_segmented_topk_last_filter_kernelINS2_26policy_selector_from_typesIaslLl8388608EEELNS1_4topk6selectE0EN4cuda3__417constant_iteratorIPKalEENSA_IPalEENSA_INS9_17counting_iteratorIjlLi0ELi0ELi0EEElEENS9_18transform_iteratorINS2_26per_segment_indexed_out_opINSA_IPKslEENSA_IPslEEEENSG_IlnLi0ELi0ELi0EEEEENS1_6params13uniform_paramIlLl0ELl268435456EEENSU_IlLl1ELl8388608EEENSU_IlLl1ELl1EEEPljPyNS1_21identity_decomposer_tEjjEEvT1_T2_T3_T4_T5_T6_T7_T8_PKT9_PNS6_7counterINS8_3std3__415iterator_traitsINS1F_IS11_vE10value_typeEvE10value_typeET12_T13_EEPS1J_PNS1F_INS1F_IS13_vE10value_typeEvE10value_typeES1K_T10_iiT11_' for 'sm_100'
ptxas info    : Function properties for _ZN3cub17_V_300500_SM_10006detail12batched_topk40device_segmented_topk_last_filter_kernelINS2_26policy_selector_from_typesIaslLl8388608EEELNS1_4topk6selectE0EN4cuda3__417constant_iteratorIPKalEENSA_IPalEENSA_INS9_17counting_iteratorIjlLi0ELi0ELi0EEElEENS9_18transform_iteratorINS2_26per_segment_indexed_out_opINSA_IPKslEENSA_IPslEEEENSG_IlnLi0ELi0ELi0EEEEENS1_6params13uniform_paramIlLl0ELl268435456EEENSU_IlLl1ELl8388608EEENSU_IlLl1ELl1EEEPljPyNS1_21identity_decomposer_tEjjEEvT1_T2_T3_T4_T5_T6_T7_T8_PKT9_PNS6_7counterINS8_3std3__415iterator_traitsINS1F_IS11_vE10value_typeEvE10value_typeET12_T13_EEPS1J_PNS1F_INS1F_IS13_vE10value_typeEvE10value_typeES1K_T10_iiT11_
    0 bytes stack frame, 0 bytes spill stores, 0 bytes spill loads
ptxas info    : Used 64 registers, used 0 barriers
ptxas info    : Compile time = 139.507 ms
ptxas info    : Compiling entry function '_ZN3cub17_V_300500_SM_10006detail12batched_topk35device_segmented_topk_filter_kernelINS2_26policy_selector_from_typesIaslLl8388608EEELNS1_4topk6selectE0EN4cuda3__417constant_iteratorIPKalEENSA_IPalEENSA_INS9_17counting_iteratorIjlLi0ELi0ELi0EEElEENS9_18transform_iteratorINS2_26per_segment_indexed_out_opINSA_IPKslEENSA_IPslEEEENSG_IlnLi0ELi0ELi0EEEEENS1_6params13uniform_paramIlLl0ELl268435456EEENSU_IlLl1ELl8388608EEENSU_IlLl1ELl1EEEPljPyNS1_21identity_decomposer_tEjjEEvT1_T2_T3_T4_T5_T6_T7_T8_PKT9_PNS6_7counterINS8_3std3__415iterator_traitsINS1F_IS11_vE10value_typeEvE10value_typeET12_T13_EEPS1K_PS1J_PNS1F_INS1F_IS13_vE10value_typeEvE10value_typeES1P_S1U_S1K_S1K_T10_iibT11_' for 'sm_100'
ptxas info    : Function properties for _ZN3cub17_V_300500_SM_10006detail12batched_topk35device_segmented_topk_filter_kernelINS2_26policy_selector_from_typesIaslLl8388608EEELNS1_4topk6selectE0EN4cuda3__417constant_iteratorIPKalEENSA_IPalEENSA_INS9_17counting_iteratorIjlLi0ELi0ELi0EEElEENS9_18transform_iteratorINS2_26per_segment_indexed_out_opINSA_IPKslEENSA_IPslEEEENSG_IlnLi0ELi0ELi0EEEEENS1_6params13uniform_paramIlLl0ELl268435456EEENSU_IlLl1ELl8388608EEENSU_IlLl1ELl1EEEPljPyNS1_21identity_decomposer_tEjjEEvT1_T2_T3_T4_T5_T6_T7_T8_PKT9_PNS6_7counterINS8_3std3__415iterator_traitsINS1F_IS11_vE10value_typeEvE10value_typeET12_T13_EEPS1K_PS1J_PNS1F_INS1F_IS13_vE10value_typeEvE10value_typeES1P_S1U_S1K_S1K_T10_iibT11_
    0 bytes stack frame, 0 bytes spill stores, 0 bytes spill loads
ptxas info    : Used 64 registers, used 1 barriers, 1028 bytes smem
ptxas info    : Compile time = 77.033 ms
ptxas info    : Compiling entry function '_ZN3cub17_V_300500_SM_10006detail12batched_topk47device_segmented_topk_finalize_histogram_kernelINS2_26policy_selector_from_typesIaslLl8388608EEEN4cuda3__417constant_iteratorIPKalEENS1_6params13uniform_paramIlLl0ELl268435456EEENSD_IlLl1ELl8388608EEENSD_IlLl1ELl1EEEPlPyNS1_4topk16extract_bin_op_tIaLNSJ_6selectE0ELi8ENS1_21identity_decomposer_tELb1EEEjjaEEvT0_T1_T2_T3_T4_PNSJ_7counterIT9_T7_T8_EEPSV_T5_T6_ib' for 'sm_100'
ptxas info    : Function properties for _ZN3cub17_V_300500_SM_10006detail12batched_topk47device_segmented_topk_finalize_histogram_kernelINS2_26policy_selector_from_typesIaslLl8388608EEEN4cuda3__417constant_iteratorIPKalEENS1_6params13uniform_paramIlLl0ELl268435456EEENSD_IlLl1ELl8388608EEENSD_IlLl1ELl1EEEPlPyNS1_4topk16extract_bin_op_tIaLNSJ_6selectE0ELi8ENS1_21identity_decomposer_tELb1EEEjjaEEvT0_T1_T2_T3_T4_PNSJ_7counterIT9_T7_T8_EEPSV_T5_T6_ib
    0 bytes stack frame, 0 bytes spill stores, 0 bytes spill loads
ptxas info    : Used 32 registers, used 1 barriers, 2048 bytes smem
ptxas info    : Compile time = 11.049 ms
ptxas info    : Compiling entry function '_ZN3cub17_V_300500_SM_10006detail12batched_topk38device_segmented_topk_histogram_kernelINS2_26policy_selector_from_typesIaslLl8388608EEEN4cuda3__417constant_iteratorIPKalEENS1_6params13uniform_paramIlLl0ELl268435456EEENSD_IlLl1ELl8388608EEENSD_IlLl1ELl1EEEPljPyNS1_4topk16extract_bin_op_tIaLNSJ_6selectE0ELi8ENS1_21identity_decomposer_tELb1EEEjjjEEvT0_T1_T2_T3_T4_PKT5_PNSJ_7counterINS6_3std3__415iterator_traitsINSZ_ISO_vE10value_typeEvE10value_typeET8_T9_EEPS14_T6_T7_' for 'sm_100'
ptxas info    : Function properties for _ZN3cub17_V_300500_SM_10006detail12batched_topk38device_segmented_topk_histogram_kernelINS2_26policy_selector_from_typesIaslLl8388608EEEN4cuda3__417constant_iteratorIPKalEENS1_6params13uniform_paramIlLl0ELl268435456EEENSD_IlLl1ELl8388608EEENSD_IlLl1ELl1EEEPljPyNS1_4topk16extract_bin_op_tIaLNSJ_6selectE0ELi8ENS1_21identity_decomposer_tELb1EEEjjjEEvT0_T1_T2_T3_T4_PKT5_PNSJ_7counterINS6_3std3__415iterator_traitsINSZ_ISO_vE10value_typeEvE10value_typeET8_T9_EEPS14_T6_T7_
    0 bytes stack frame, 0 bytes spill stores, 0 bytes spill loads
ptxas info    : Used 26 registers, used 1 barriers, 1072 bytes smem
ptxas info    : Compile time = 67.785 ms
ptxas info    : Compiling entry function '_ZN3cub17_V_300500_SM_10006detail12batched_topk28device_segmented_topk_kernelINS2_26policy_selector_from_typesIaslLl8388608EEEN4cuda3__417constant_iteratorIPKalEENS8_IPalEENS8_IPKslEENS8_IPslEENS1_6params13uniform_paramIlLl0ELl268435456EEENSK_IlLl1ELl8388608EEENSJ_22uniform_discrete_paramINS1_4topk6selectEJLSP_1EEEENSK_IlLl1ELl1EEEjEEvT0_T1_T2_T3_T4_T5_T6_T7_PNS2_21batched_topk_countersINSZ_10value_typeEEEPS11_PT8_' for 'sm_100'
ptxas info    : Function properties for _ZN3cub17_V_300500_SM_10006detail12batched_topk28device_segmented_topk_kernelINS2_26policy_selector_from_typesIaslLl8388608EEEN4cuda3__417constant_iteratorIPKalEENS8_IPalEENS8_IPKslEENS8_IPslEENS1_6params13uniform_paramIlLl0ELl268435456EEENSK_IlLl1ELl8388608EEENSJ_22uniform_discrete_paramINS1_4topk6selectEJLSP_1EEEENSK_IlLl1ELl1EEEjEEvT0_T1_T2_T3_T4_T5_T6_T7_PNS2_21batched_topk_countersINSZ_10value_typeEEEPS11_PT8_
    672 bytes stack frame, 724 bytes spill stores, 724 bytes spill loads
ptxas info    : Used 255 registers, used 1 barriers, 672 bytes cumulative stack size, 33808 bytes smem
ptxas info    : Compile time = 459.240 ms
ptxas info    : Compiling entry function '_ZN3cub17_V_300500_SM_10006detail12batched_topk44device_segmented_topk_finalize_filter_kernelINS2_26policy_selector_from_typesIaalLl8388608EEELNS1_4topk6selectE1EN4cuda3__417constant_iteratorIPKalEENSA_IPalEENSA_INS9_17counting_iteratorIjlLi0ELi0ELi0EEElEENS9_18transform_iteratorINS2_26per_segment_indexed_out_opISD_SF_EENSG_IlnLi0ELi0ELi0EEEEENS1_6params13uniform_paramIlLl0ELl268435456EEENSP_IlLl1ELl8388608EEENSP_IlLl1ELl1EEEPljPyNS1_21identity_decomposer_tEjjaEEvT1_T2_T3_T4_T5_T6_T7_T8_PKT9_PNS6_7counterIT14_T12_T13_EEPS19_PS18_PNS8_3std3__415iterator_traitsINS1H_ISY_vE10value_typeEvE10value_typeES1E_S1M_T10_S19_S19_iiT11_b' for 'sm_100'
ptxas info    : Function properties for _ZN3cub17_V_300500_SM_10006detail12batched_topk44device_segmented_topk_finalize_filter_kernelINS2_26policy_selector_from_typesIaalLl8388608EEELNS1_4topk6selectE1EN4cuda3__417constant_iteratorIPKalEENSA_IPalEENSA_INS9_17counting_iteratorIjlLi0ELi0ELi0EEElEENS9_18transform_iteratorINS2_26per_segment_indexed_out_opISD_SF_EENSG_IlnLi0ELi0ELi0EEEEENS1_6params13uniform_paramIlLl0ELl268435456EEENSP_IlLl1ELl8388608EEENSP_IlLl1ELl1EEEPljPyNS1_21identity_decomposer_tEjjaEEvT1_T2_T3_T4_T5_T6_T7_T8_PKT9_PNS6_7counterIT14_T12_T13_EEPS19_PS18_PNS8_3std3__415iterator_traitsINS1H_ISY_vE10value_typeEvE10value_typeES1E_S1M_T10_S19_S19_iiT11_b
    0 bytes stack frame, 0 bytes spill stores, 0 bytes spill loads
ptxas info    : Used 116 registers, used 1 barriers, 2048 bytes smem
ptxas info    : Compile time = 65.590 ms
ptxas info    : Compiling entry function '_ZN3cub17_V_300500_SM_10006detail12batched_topk40device_segmented_topk_last_filter_kernelINS2_26policy_selector_from_typesIaalLl8388608EEELNS1_4topk6selectE1EN4cuda3__417constant_iteratorIPKalEENSA_IPalEENSA_INS9_17counting_iteratorIjlLi0ELi0ELi0EEElEENS9_18transform_iteratorINS2_26per_segment_indexed_out_opISD_SF_EENSG_IlnLi0ELi0ELi0EEEEENS1_6params13uniform_paramIlLl0ELl268435456EEENSP_IlLl1ELl8388608EEENSP_IlLl1ELl1EEEPljPyNS1_21identity_decomposer_tEjjEEvT1_T2_T3_T4_T5_T6_T7_T8_PKT9_PNS6_7counterINS8_3std3__415iterator_traitsINS1A_ISW_vE10value_typeEvE10value_typeET12_T13_EEPS1E_PNS1A_INS1A_ISY_vE10value_typeEvE10value_typeES1F_T10_iiT11_' for 'sm_100'
ptxas info    : Function properties for _ZN3cub17_V_300500_SM_10006detail12batched_topk40device_segmented_topk_last_filter_kernelINS2_26policy_selector_from_typesIaalLl8388608EEELNS1_4topk6selectE1EN4cuda3__417constant_iteratorIPKalEENSA_IPalEENSA_INS9_17counting_iteratorIjlLi0ELi0ELi0EEElEENS9_18transform_iteratorINS2_26per_segment_indexed_out_opISD_SF_EENSG_IlnLi0ELi0ELi0EEEEENS1_6params13uniform_paramIlLl0ELl268435456EEENSP_IlLl1ELl8388608EEENSP_IlLl1ELl1EEEPljPyNS1_21identity_decomposer_tEjjEEvT1_T2_T3_T4_T5_T6_T7_T8_PKT9_PNS6_7counterINS8_3std3__415iterator_traitsINS1A_ISW_vE10value_typeEvE10value_typeET12_T13_EEPS1E_PNS1A_INS1A_ISY_vE10value_typeEvE10value_typeES1F_T10_iiT11_
    0 bytes stack frame, 0 bytes spill stores, 0 bytes spill loads
ptxas info    : Used 64 registers, used 0 barriers
ptxas info    : Compile time = 150.416 ms
ptxas info    : Compiling entry function '_ZN3cub17_V_300500_SM_10006detail12batched_topk35device_segmented_topk_filter_kernelINS2_26policy_selector_from_typesIaalLl8388608EEELNS1_4topk6selectE1EN4cuda3__417constant_iteratorIPKalEENSA_IPalEENSA_INS9_17counting_iteratorIjlLi0ELi0ELi0EEElEENS9_18transform_iteratorINS2_26per_segment_indexed_out_opISD_SF_EENSG_IlnLi0ELi0ELi0EEEEENS1_6params13uniform_paramIlLl0ELl268435456EEENSP_IlLl1ELl8388608EEENSP_IlLl1ELl1EEEPljPyNS1_21identity_decomposer_tEjjEEvT1_T2_T3_T4_T5_T6_T7_T8_PKT9_PNS6_7counterINS8_3std3__415iterator_traitsINS1A_ISW_vE10value_typeEvE10value_typeET12_T13_EEPS1F_PS1E_PNS1A_INS1A_ISY_vE10value_typeEvE10value_typeES1K_S1P_S1F_S1F_T10_iibT11_' for 'sm_100'
ptxas info    : Function properties for _ZN3cub17_V_300500_SM_10006detail12batched_topk35device_segmented_topk_filter_kernelINS2_26policy_selector_from_typesIaalLl8388608EEELNS1_4topk6selectE1EN4cuda3__417constant_iteratorIPKalEENSA_IPalEENSA_INS9_17counting_iteratorIjlLi0ELi0ELi0EEElEENS9_18transform_iteratorINS2_26per_segment_indexed_out_opISD_SF_EENSG_IlnLi0ELi0ELi0EEEEENS1_6params13uniform_paramIlLl0ELl268435456EEENSP_IlLl1ELl8388608EEENSP_IlLl1ELl1EEEPljPyNS1_21identity_decomposer_tEjjEEvT1_T2_T3_T4_T5_T6_T7_T8_PKT9_PNS6_7counterINS8_3std3__415iterator_traitsINS1A_ISW_vE10value_typeEvE10value_typeET12_T13_EEPS1F_PS1E_PNS1A_INS1A_ISY_vE10value_typeEvE10value_typeES1K_S1P_S1F_S1F_T10_iibT11_
    0 bytes stack frame, 0 bytes spill stores, 0 bytes spill loads
ptxas info    : Used 64 registers, used 1 barriers, 1028 bytes smem
ptxas info    : Compile time = 79.766 ms
ptxas info    : Compiling entry function '_ZN3cub17_V_300500_SM_10006detail12batched_topk47device_segmented_topk_finalize_histogram_kernelINS2_26policy_selector_from_typesIaalLl8388608EEEN4cuda3__417constant_iteratorIPKalEENS1_6params13uniform_paramIlLl0ELl268435456EEENSD_IlLl1ELl8388608EEENSD_IlLl1ELl1EEEPlPyNS1_4topk16extract_bin_op_tIaLNSJ_6selectE1ELi8ENS1_21identity_decomposer_tELb1EEEjjaEEvT0_T1_T2_T3_T4_PNSJ_7counterIT9_T7_T8_EEPSV_T5_T6_ib' for 'sm_100'
ptxas info    : Function properties for _ZN3cub17_V_300500_SM_10006detail12batched_topk47device_segmented_topk_finalize_histogram_kernelINS2_26policy_selector_from_typesIaalLl8388608EEEN4cuda3__417constant_iteratorIPKalEENS1_6params13uniform_paramIlLl0ELl268435456EEENSD_IlLl1ELl8388608EEENSD_IlLl1ELl1EEEPlPyNS1_4topk16extract_bin_op_tIaLNSJ_6selectE1ELi8ENS1_21identity_decomposer_tELb1EEEjjaEEvT0_T1_T2_T3_T4_PNSJ_7counterIT9_T7_T8_EEPSV_T5_T6_ib
    0 bytes stack frame, 0 bytes spill stores, 0 bytes spill loads
ptxas info    : Used 32 registers, used 1 barriers, 2048 bytes smem
ptxas info    : Compile time = 11.022 ms
ptxas info    : Compiling entry function '_ZN3cub17_V_300500_SM_10006detail12batched_topk38device_segmented_topk_histogram_kernelINS2_26policy_selector_from_typesIaalLl8388608EEEN4cuda3__417constant_iteratorIPKalEENS1_6params13uniform_paramIlLl0ELl268435456EEENSD_IlLl1ELl8388608EEENSD_IlLl1ELl1EEEPljPyNS1_4topk16extract_bin_op_tIaLNSJ_6selectE1ELi8ENS1_21identity_decomposer_tELb1EEEjjjEEvT0_T1_T2_T3_T4_PKT5_PNSJ_7counterINS6_3std3__415iterator_traitsINSZ_ISO_vE10value_typeEvE10value_typeET8_T9_EEPS14_T6_T7_' for 'sm_100'
ptxas info    : Function properties for _ZN3cub17_V_300500_SM_10006detail12batched_topk38device_segmented_topk_histogram_kernelINS2_26policy_selector_from_typesIaalLl8388608EEEN4cuda3__417constant_iteratorIPKalEENS1_6params13uniform_paramIlLl0ELl268435456EEENSD_IlLl1ELl8388608EEENSD_IlLl1ELl1EEEPljPyNS1_4topk16extract_bin_op_tIaLNSJ_6selectE1ELi8ENS1_21identity_decomposer_tELb1EEEjjjEEvT0_T1_T2_T3_T4_PKT5_PNSJ_7counterINS6_3std3__415iterator_traitsINSZ_ISO_vE10value_typeEvE10value_typeET8_T9_EEPS14_T6_T7_
    0 bytes stack frame, 0 bytes spill stores, 0 bytes spill loads
ptxas info    : Used 26 registers, used 1 barriers, 1072 bytes smem
ptxas info    : Compile time = 67.245 ms
ptxas info    : Compiling entry function '_ZN3cub17_V_300500_SM_10006detail12batched_topk44device_segmented_topk_finalize_filter_kernelINS2_26policy_selector_from_typesIaalLl8388608EEELNS1_4topk6selectE0EN4cuda3__417constant_iteratorIPKalEENSA_IPalEENSA_INS9_17counting_iteratorIjlLi0ELi0ELi0EEElEENS9_18transform_iteratorINS2_26per_segment_indexed_out_opISD_SF_EENSG_IlnLi0ELi0ELi0EEEEENS1_6params13uniform_paramIlLl0ELl268435456EEENSP_IlLl1ELl8388608EEENSP_IlLl1ELl1EEEPljPyNS1_21identity_decomposer_tEjjaEEvT1_T2_T3_T4_T5_T6_T7_T8_PKT9_PNS6_7counterIT14_T12_T13_EEPS19_PS18_PNS8_3std3__415iterator_traitsINS1H_ISY_vE10value_typeEvE10value_typeES1E_S1M_T10_S19_S19_iiT11_b' for 'sm_100'
ptxas info    : Function properties for _ZN3cub17_V_300500_SM_10006detail12batched_topk44device_segmented_topk_finalize_filter_kernelINS2_26policy_selector_from_typesIaalLl8388608EEELNS1_4topk6selectE0EN4cuda3__417constant_iteratorIPKalEENSA_IPalEENSA_INS9_17counting_iteratorIjlLi0ELi0ELi0EEElEENS9_18transform_iteratorINS2_26per_segment_indexed_out_opISD_SF_EENSG_IlnLi0ELi0ELi0EEEEENS1_6params13uniform_paramIlLl0ELl268435456EEENSP_IlLl1ELl8388608EEENSP_IlLl1ELl1EEEPljPyNS1_21identity_decomposer_tEjjaEEvT1_T2_T3_T4_T5_T6_T7_T8_PKT9_PNS6_7counterIT14_T12_T13_EEPS19_PS18_PNS8_3std3__415iterator_traitsINS1H_ISY_vE10value_typeEvE10value_typeES1E_S1M_T10_S19_S19_iiT11_b
    0 bytes stack frame, 0 bytes spill stores, 0 bytes spill loads
ptxas info    : Used 116 registers, used 1 barriers, 2048 bytes smem
ptxas info    : Compile time = 65.583 ms
ptxas info    : Compiling entry function '_ZN3cub17_V_300500_SM_10006detail12batched_topk40device_segmented_topk_last_filter_kernelINS2_26policy_selector_from_typesIaalLl8388608EEELNS1_4topk6selectE0EN4cuda3__417constant_iteratorIPKalEENSA_IPalEENSA_INS9_17counting_iteratorIjlLi0ELi0ELi0EEElEENS9_18transform_iteratorINS2_26per_segment_indexed_out_opISD_SF_EENSG_IlnLi0ELi0ELi0EEEEENS1_6params13uniform_paramIlLl0ELl268435456EEENSP_IlLl1ELl8388608EEENSP_IlLl1ELl1EEEPljPyNS1_21identity_decomposer_tEjjEEvT1_T2_T3_T4_T5_T6_T7_T8_PKT9_PNS6_7counterINS8_3std3__415iterator_traitsINS1A_ISW_vE10value_typeEvE10value_typeET12_T13_EEPS1E_PNS1A_INS1A_ISY_vE10value_typeEvE10value_typeES1F_T10_iiT11_' for 'sm_100'
ptxas info    : Function properties for _ZN3cub17_V_300500_SM_10006detail12batched_topk40device_segmented_topk_last_filter_kernelINS2_26policy_selector_from_typesIaalLl8388608EEELNS1_4topk6selectE0EN4cuda3__417constant_iteratorIPKalEENSA_IPalEENSA_INS9_17counting_iteratorIjlLi0ELi0ELi0EEElEENS9_18transform_iteratorINS2_26per_segment_indexed_out_opISD_SF_EENSG_IlnLi0ELi0ELi0EEEEENS1_6params13uniform_paramIlLl0ELl268435456EEENSP_IlLl1ELl8388608EEENSP_IlLl1ELl1EEEPljPyNS1_21identity_decomposer_tEjjEEvT1_T2_T3_T4_T5_T6_T7_T8_PKT9_PNS6_7counterINS8_3std3__415iterator_traitsINS1A_ISW_vE10value_typeEvE10value_typeET12_T13_EEPS1E_PNS1A_INS1A_ISY_vE10value_typeEvE10value_typeES1F_T10_iiT11_
    0 bytes stack frame, 0 bytes spill stores, 0 bytes spill loads
ptxas info    : Used 64 registers, used 0 barriers
ptxas info    : Compile time = 149.273 ms
ptxas info    : Compiling entry function '_ZN3cub17_V_300500_SM_10006detail12batched_topk35device_segmented_topk_filter_kernelINS2_26policy_selector_from_typesIaalLl8388608EEELNS1_4topk6selectE0EN4cuda3__417constant_iteratorIPKalEENSA_IPalEENSA_INS9_17counting_iteratorIjlLi0ELi0ELi0EEElEENS9_18transform_iteratorINS2_26per_segment_indexed_out_opISD_SF_EENSG_IlnLi0ELi0ELi0EEEEENS1_6params13uniform_paramIlLl0ELl268435456EEENSP_IlLl1ELl8388608EEENSP_IlLl1ELl1EEEPljPyNS1_21identity_decomposer_tEjjEEvT1_T2_T3_T4_T5_T6_T7_T8_PKT9_PNS6_7counterINS8_3std3__415iterator_traitsINS1A_ISW_vE10value_typeEvE10value_typeET12_T13_EEPS1F_PS1E_PNS1A_INS1A_ISY_vE10value_typeEvE10value_typeES1K_S1P_S1F_S1F_T10_iibT11_' for 'sm_100'
ptxas info    : Function properties for _ZN3cub17_V_300500_SM_10006detail12batched_topk35device_segmented_topk_filter_kernelINS2_26policy_selector_from_typesIaalLl8388608EEELNS1_4topk6selectE0EN4cuda3__417constant_iteratorIPKalEENSA_IPalEENSA_INS9_17counting_iteratorIjlLi0ELi0ELi0EEElEENS9_18transform_iteratorINS2_26per_segment_indexed_out_opISD_SF_EENSG_IlnLi0ELi0ELi0EEEEENS1_6params13uniform_paramIlLl0ELl268435456EEENSP_IlLl1ELl8388608EEENSP_IlLl1ELl1EEEPljPyNS1_21identity_decomposer_tEjjEEvT1_T2_T3_T4_T5_T6_T7_T8_PKT9_PNS6_7counterINS8_3std3__415iterator_traitsINS1A_ISW_vE10value_typeEvE10value_typeET12_T13_EEPS1F_PS1E_PNS1A_INS1A_ISY_vE10value_typeEvE10value_typeES1K_S1P_S1F_S1F_T10_iibT11_
    0 bytes stack frame, 0 bytes spill stores, 0 bytes spill loads
ptxas info    : Used 64 registers, used 1 barriers, 1028 bytes smem
ptxas info    : Compile time = 80.480 ms
ptxas info    : Compiling entry function '_ZN3cub17_V_300500_SM_10006detail12batched_topk47device_segmented_topk_finalize_histogram_kernelINS2_26policy_selector_from_typesIaalLl8388608EEEN4cuda3__417constant_iteratorIPKalEENS1_6params13uniform_paramIlLl0ELl268435456EEENSD_IlLl1ELl8388608EEENSD_IlLl1ELl1EEEPlPyNS1_4topk16extract_bin_op_tIaLNSJ_6selectE0ELi8ENS1_21identity_decomposer_tELb1EEEjjaEEvT0_T1_T2_T3_T4_PNSJ_7counterIT9_T7_T8_EEPSV_T5_T6_ib' for 'sm_100'
ptxas info    : Function properties for _ZN3cub17_V_300500_SM_10006detail12batched_topk47device_segmented_topk_finalize_histogram_kernelINS2_26policy_selector_from_typesIaalLl8388608EEEN4cuda3__417constant_iteratorIPKalEENS1_6params13uniform_paramIlLl0ELl268435456EEENSD_IlLl1ELl8388608EEENSD_IlLl1ELl1EEEPlPyNS1_4topk16extract_bin_op_tIaLNSJ_6selectE0ELi8ENS1_21identity_decomposer_tELb1EEEjjaEEvT0_T1_T2_T3_T4_PNSJ_7counterIT9_T7_T8_EEPSV_T5_T6_ib
    0 bytes stack frame, 0 bytes spill stores, 0 bytes spill loads
ptxas info    : Used 32 registers, used 1 barriers, 2048 bytes smem
ptxas info    : Compile time = 11.003 ms
ptxas info    : Compiling entry function '_ZN3cub17_V_300500_SM_10006detail12batched_topk38device_segmented_topk_histogram_kernelINS2_26policy_selector_from_typesIaalLl8388608EEEN4cuda3__417constant_iteratorIPKalEENS1_6params13uniform_paramIlLl0ELl268435456EEENSD_IlLl1ELl8388608EEENSD_IlLl1ELl1EEEPljPyNS1_4topk16extract_bin_op_tIaLNSJ_6selectE0ELi8ENS1_21identity_decomposer_tELb1EEEjjjEEvT0_T1_T2_T3_T4_PKT5_PNSJ_7counterINS6_3std3__415iterator_traitsINSZ_ISO_vE10value_typeEvE10value_typeET8_T9_EEPS14_T6_T7_' for 'sm_100'
ptxas info    : Function properties for _ZN3cub17_V_300500_SM_10006detail12batched_topk38device_segmented_topk_histogram_kernelINS2_26policy_selector_from_typesIaalLl8388608EEEN4cuda3__417constant_iteratorIPKalEENS1_6params13uniform_paramIlLl0ELl268435456EEENSD_IlLl1ELl8388608EEENSD_IlLl1ELl1EEEPljPyNS1_4topk16extract_bin_op_tIaLNSJ_6selectE0ELi8ENS1_21identity_decomposer_tELb1EEEjjjEEvT0_T1_T2_T3_T4_PKT5_PNSJ_7counterINS6_3std3__415iterator_traitsINSZ_ISO_vE10value_typeEvE10value_typeET8_T9_EEPS14_T6_T7_
    0 bytes stack frame, 0 bytes spill stores, 0 bytes spill loads
ptxas info    : Used 26 registers, used 1 barriers, 1072 bytes smem
ptxas info    : Compile time = 67.257 ms
ptxas info    : Compiling entry function '_ZN3cub17_V_300500_SM_10006detail12batched_topk28device_segmented_topk_kernelINS2_26policy_selector_from_typesIaalLl8388608EEEN4cuda3__417constant_iteratorIPKalEENS8_IPalEESB_SD_NS1_6params13uniform_paramIlLl0ELl268435456EEENSF_IlLl1ELl8388608EEENSE_22uniform_discrete_paramINS1_4topk6selectEJLSK_1EEEENSF_IlLl1ELl1EEEjEEvT0_T1_T2_T3_T4_T5_T6_T7_PNS2_21batched_topk_countersINSU_10value_typeEEEPSW_PT8_' for 'sm_100'
ptxas info    : Function properties for _ZN3cub17_V_300500_SM_10006detail12batched_topk28device_segmented_topk_kernelINS2_26policy_selector_from_typesIaalLl8388608EEEN4cuda3__417constant_iteratorIPKalEENS8_IPalEESB_SD_NS1_6params13uniform_paramIlLl0ELl268435456EEENSF_IlLl1ELl8388608EEENSE_22uniform_discrete_paramINS1_4topk6selectEJLSK_1EEEENSF_IlLl1ELl1EEEjEEvT0_T1_T2_T3_T4_T5_T6_T7_PNS2_21batched_topk_countersINSU_10value_typeEEEPSW_PT8_
    136 bytes stack frame, 184 bytes spill stores, 184 bytes spill loads
ptxas info    : Used 255 registers, used 1 barriers, 136 bytes cumulative stack size, 33808 bytes smem
ptxas info    : Compile time = 341.836 ms
ptxas info    : Compiling entry function '_ZN3cub17_V_300500_SM_10006detail11EmptyKernelIvEEvv' for 'sm_100'
ptxas info    : Function properties for _ZN3cub17_V_300500_SM_10006detail11EmptyKernelIvEEvv
    0 bytes stack frame, 0 bytes spill stores, 0 bytes spill loads
ptxas info    : Used 4 registers, used 0 barriers
ptxas info    : Compile time = 0.475 ms
[5/5] Linking CUDA executable bin/cub.bench.topk.pairs.base
