[0/2] Re-checking globbed directories...
[1/44] Generate git revision file for nvbench_git_revision
[2/44] Building CXX object _deps/nvbench-build/nvbench/CMakeFiles/nvbench.dir/axis_base.cxx.o
[3/44] Building CXX object _deps/fmt-build/CMakeFiles/fmt.dir/src/os.cc.o
[4/44] Building CXX object _deps/nvbench-build/nvbench/CMakeFiles/nvbench.dir/float64_axis.cxx.o
[5/44] Building CXX object _deps/nvbench-build/nvbench/CMakeFiles/nvbench.dir/int64_axis.cxx.o
[6/44] Building CXX object _deps/nvbench-build/nvbench/CMakeFiles/nvbench.dir/criterion_manager.cxx.o
[7/44] Building CXX object _deps/nvbench-build/nvbench/CMakeFiles/nvbench.dir/benchmark_base.cxx.o
[8/44] Building CXX object _deps/nvbench-build/nvbench/CMakeFiles/nvbench.dir/benchmark_manager.cxx.o
[9/44] Building CUDA object _deps/nvbench-build/nvbench/CMakeFiles/nvbench.dir/cuda_call.cu.o
ptxas info    : 0 bytes gmem
[10/44] Building CXX object _deps/nvbench-build/nvbench/CMakeFiles/nvbench.dir/printer_base.cxx.o
[11/44] Building CXX object _deps/nvbench-build/nvbench/CMakeFiles/nvbench.dir/printer_multiplex.cxx.o
[12/44] Building CXX object _deps/nvbench-build/nvbench/CMakeFiles/nvbench.dir/axes_metadata.cxx.o
[13/44] Building CUDA object _deps/nvbench-build/nvbench/CMakeFiles/nvbench.dir/device_info.cu.o
ptxas info    : 0 bytes gmem
ptxas info    : Compiling entry function '_ZN7nvbench6detail11noop_kernelIvEEvv' for 'sm_100'
ptxas info    : Function properties for _ZN7nvbench6detail11noop_kernelIvEEvv
    0 bytes stack frame, 0 bytes spill stores, 0 bytes spill loads
ptxas info    : Used 4 registers, used 0 barriers
ptxas info    : Compile time = 0.856 ms
[14/44] Building CXX object _deps/nvbench-build/nvbench/CMakeFiles/nvbench.dir/named_values.cxx.o
[15/44] Building CUDA object _deps/nvbench-build/nvbench/CMakeFiles/nvbench.dir/device_manager.cu.o
ptxas info    : 0 bytes gmem
ptxas info    : Compiling entry function '_ZN7nvbench6detail11noop_kernelIvEEvv' for 'sm_100'
ptxas info    : Function properties for _ZN7nvbench6detail11noop_kernelIvEEvv
    0 bytes stack frame, 0 bytes spill stores, 0 bytes spill loads
ptxas info    : Used 4 registers, used 0 barriers
ptxas info    : Compile time = 0.986 ms
[16/44] Building CXX object _deps/nvbench-build/nvbench/CMakeFiles/nvbench.dir/string_axis.cxx.o
[17/44] Building CXX object _deps/nvbench-build/nvbench/CMakeFiles/nvbench.dir/stopping_criterion.cxx.o
[18/44] Building CXX object _deps/nvbench-build/nvbench/CMakeFiles/nvbench.dir/type_strings.cxx.o
[19/44] Building CXX object _deps/nvbench-build/nvbench/CMakeFiles/nvbench.dir/runner.cxx.o
[20/44] Building CXX object _deps/nvbench-build/nvbench/CMakeFiles/nvbench.dir/detail/entropy_criterion.cxx.o
[21/44] Building CXX object _deps/nvbench-build/nvbench/CMakeFiles/nvbench.dir/type_axis.cxx.o
[22/44] Building CUDA object _deps/nvbench-build/nvbench/CMakeFiles/nvbench.main.dir/main.cu.o
ptxas info    : 0 bytes gmem
ptxas info    : Compiling entry function '_ZN7nvbench6detail11noop_kernelIvEEvv' for 'sm_100'
ptxas info    : Function properties for _ZN7nvbench6detail11noop_kernelIvEEvv
    0 bytes stack frame, 0 bytes spill stores, 0 bytes spill loads
ptxas info    : Used 4 registers, used 0 barriers
ptxas info    : Compile time = 1.024 ms
[23/44] Building CXX object _deps/nvbench-build/nvbench/CMakeFiles/nvbench.dir/detail/gpu_frequency.cxx.o
[24/44] Building CXX object _deps/nvbench-build/nvbench/CMakeFiles/nvbench.dir/detail/stdrel_criterion.cxx.o
[25/44] Building CXX object _deps/nvbench-build/nvbench/CMakeFiles/nvbench.dir/internal/nvml.cxx.o
[26/44] Building CXX object _deps/nvbench-build/nvbench/CMakeFiles/nvbench.dir/detail/measure_cpu_only.cxx.o
[27/44] Building CXX object _deps/nvbench-build/nvbench/CMakeFiles/nvbench.dir/state.cxx.o
[28/44] Building CXX object _deps/nvbench-build/nvbench/CMakeFiles/nvbench.dir/detail/state_generator.cxx.o
[29/44] Building CUDA object _deps/nvbench-build/nvbench/CMakeFiles/nvbench.dir/csv_printer.cu.o
ptxas info    : 0 bytes gmem
ptxas info    : Compiling entry function '_ZN7nvbench6detail11noop_kernelIvEEvv' for 'sm_100'
ptxas info    : Function properties for _ZN7nvbench6detail11noop_kernelIvEEvv
    0 bytes stack frame, 0 bytes spill stores, 0 bytes spill loads
ptxas info    : Used 4 registers, used 0 barriers
ptxas info    : Compile time = 1.006 ms
[30/44] Building CUDA object _deps/nvbench-build/nvbench/CMakeFiles/nvbench.dir/blocking_kernel.cu.o
ptxas info    : 1231 bytes gmem
ptxas info    : Compiling entry function '_ZN51_GLOBAL__N__bee2c5ac_18_blocking_kernel_cu_86d27a5812block_streamEPVKiPVid' for 'sm_100'
ptxas info    : Function properties for _ZN51_GLOBAL__N__bee2c5ac_18_blocking_kernel_cu_86d27a5812block_streamEPVKiPVid
    8 bytes stack frame, 0 bytes spill stores, 0 bytes spill loads
ptxas info    : Used 24 registers, used 0 barriers, 8 bytes cumulative stack size
ptxas info    : Compile time = 5.187 ms
ptxas info    : Compiling entry function '_ZN7nvbench6detail11noop_kernelIvEEvv' for 'sm_100'
ptxas info    : Function properties for _ZN7nvbench6detail11noop_kernelIvEEvv
    0 bytes stack frame, 0 bytes spill stores, 0 bytes spill loads
ptxas info    : Used 4 registers, used 0 barriers
ptxas info    : Compile time = 0.490 ms
[31/44] Building CXX object _deps/fmt-build/CMakeFiles/fmt.dir/src/format.cc.o
[32/44] Linking CXX static library _deps/fmt-build/libfmt.a
[33/44] Building CUDA object _deps/nvbench-build/nvbench/CMakeFiles/nvbench.dir/detail/timestamps_kernel.cu.o
ptxas info    : 0 bytes gmem
ptxas info    : Compiling entry function '_ZN53_GLOBAL__N__c92c84d5_20_timestamps_kernel_cu_605b294321get_timestamps_kernelEPmS0_' for 'sm_100'
ptxas info    : Function properties for _ZN53_GLOBAL__N__c92c84d5_20_timestamps_kernel_cu_605b294321get_timestamps_kernelEPmS0_
    0 bytes stack frame, 0 bytes spill stores, 0 bytes spill loads
ptxas info    : Used 12 registers, used 0 barriers
ptxas info    : Compile time = 1.555 ms
ptxas info    : Compiling entry function '_ZN7nvbench6detail11noop_kernelIvEEvv' for 'sm_100'
ptxas info    : Function properties for _ZN7nvbench6detail11noop_kernelIvEEvv
    0 bytes stack frame, 0 bytes spill stores, 0 bytes spill loads
ptxas info    : Used 4 registers, used 0 barriers
ptxas info    : Compile time = 0.414 ms
[34/44] Building CXX object _deps/nvbench-build/nvbench/CMakeFiles/nvbench.dir/cupti_profiler_host.cxx.o
[35/44] Building CUDA object _deps/nvbench-build/nvbench/CMakeFiles/nvbench.dir/markdown_printer.cu.o
ptxas info    : 0 bytes gmem
ptxas info    : Compiling entry function '_ZN7nvbench6detail11noop_kernelIvEEvv' for 'sm_100'
ptxas info    : Function properties for _ZN7nvbench6detail11noop_kernelIvEEvv
    0 bytes stack frame, 0 bytes spill stores, 0 bytes spill loads
ptxas info    : Used 4 registers, used 0 barriers
ptxas info    : Compile time = 1.016 ms
[36/44] Building CUDA object _deps/nvbench-build/nvbench/CMakeFiles/nvbench.dir/detail/measure_hot.cu.o
ptxas info    : 0 bytes gmem
ptxas info    : Compiling entry function '_ZN7nvbench6detail11noop_kernelIvEEvv' for 'sm_100'
ptxas info    : Function properties for _ZN7nvbench6detail11noop_kernelIvEEvv
    0 bytes stack frame, 0 bytes spill stores, 0 bytes spill loads
ptxas info    : Used 4 registers, used 0 barriers
ptxas info    : Compile time = 0.996 ms
[37/44] Building CUDA object _deps/nvbench-build/nvbench/CMakeFiles/nvbench.dir/detail/measure_cupti.cu.o
ptxas info    : 0 bytes gmem
ptxas info    : Compiling entry function '_ZN7nvbench6detail11noop_kernelIvEEvv' for 'sm_100'
ptxas info    : Function properties for _ZN7nvbench6detail11noop_kernelIvEEvv
    0 bytes stack frame, 0 bytes spill stores, 0 bytes spill loads
ptxas info    : Used 4 registers, used 0 barriers
ptxas info    : Compile time = 1.102 ms
[38/44] Building CUDA object _deps/nvbench-build/nvbench/CMakeFiles/nvbench.dir/detail/measure_cold.cu.o
ptxas info    : 0 bytes gmem
ptxas info    : Compiling entry function '_ZN7nvbench6detail11noop_kernelIvEEvv' for 'sm_100'
ptxas info    : Function properties for _ZN7nvbench6detail11noop_kernelIvEEvv
    0 bytes stack frame, 0 bytes spill stores, 0 bytes spill loads
ptxas info    : Used 4 registers, used 0 barriers
ptxas info    : Compile time = 1.093 ms
[39/44] Building CUDA object _deps/nvbench-build/nvbench/CMakeFiles/nvbench.dir/option_parser.cu.o
ptxas info    : 0 bytes gmem
ptxas info    : Compiling entry function '_ZN7nvbench6detail11noop_kernelIvEEvv' for 'sm_100'
ptxas info    : Function properties for _ZN7nvbench6detail11noop_kernelIvEEvv
    0 bytes stack frame, 0 bytes spill stores, 0 bytes spill loads
ptxas info    : Used 4 registers, used 0 barriers
ptxas info    : Compile time = 1.129 ms
[40/44] Building CUDA object _deps/nvbench-build/nvbench/CMakeFiles/nvbench.dir/json_printer.cu.o
ptxas info    : 0 bytes gmem
ptxas info    : Compiling entry function '_ZN7nvbench6detail11noop_kernelIvEEvv' for 'sm_100'
ptxas info    : Function properties for _ZN7nvbench6detail11noop_kernelIvEEvv
    0 bytes stack frame, 0 bytes spill stores, 0 bytes spill loads
ptxas info    : Used 4 registers, used 0 barriers
ptxas info    : Compile time = 1.122 ms
[41/44] Linking CXX shared library lib/libnvbench.so
[42/44] Building CUDA object cub/benchmarks/CMakeFiles/cub.bench.topk.pairs.base.dir/bench/topk/pairs.cu.o
ptxas info    : 124 bytes gmem
ptxas info    : Compiling entry function '_ZN7nvbench6detail11noop_kernelIvEEvv' for 'sm_100'
ptxas info    : Function properties for _ZN7nvbench6detail11noop_kernelIvEEvv
    0 bytes stack frame, 0 bytes spill stores, 0 bytes spill loads
ptxas info    : Used 4 registers, used 0 barriers
ptxas info    : Compile time = 1.394 ms
ptxas info    : Compiling entry function '_ZN3cub17_V_300400_SM_10006detail8for_each13static_kernelINS2_15policy_selectorEmN6thrust17_V_300400_SM_10008cuda_cub20__uninitialized_fill7functorINS6_10device_ptrIlEElEEEEvT0_T1_' for 'sm_100'
ptxas info    : Function properties for _ZN3cub17_V_300400_SM_10006detail8for_each13static_kernelINS2_15policy_selectorEmN6thrust17_V_300400_SM_10008cuda_cub20__uninitialized_fill7functorINS6_10device_ptrIlEElEEEEvT0_T1_
    0 bytes stack frame, 0 bytes spill stores, 0 bytes spill loads
ptxas info    : Used 9 registers, used 0 barriers
ptxas info    : Compile time = 2.096 ms
ptxas info    : Compiling entry function '_ZN3cub17_V_300400_SM_10006detail8for_each13static_kernelINS2_15policy_selectorEmN6thrust17_V_300400_SM_10008cuda_cub20__uninitialized_fill7functorINS6_10device_ptrIiEEiEEEEvT0_T1_' for 'sm_100'
ptxas info    : Function properties for _ZN3cub17_V_300400_SM_10006detail8for_each13static_kernelINS2_15policy_selectorEmN6thrust17_V_300400_SM_10008cuda_cub20__uninitialized_fill7functorINS6_10device_ptrIiEEiEEEEvT0_T1_
    0 bytes stack frame, 0 bytes spill stores, 0 bytes spill loads
ptxas info    : Used 8 registers, used 0 barriers
ptxas info    : Compile time = 1.770 ms
ptxas info    : Compiling entry function '_ZN3cub17_V_300400_SM_10006detail8for_each13static_kernelINS2_15policy_selectorEmN6thrust17_V_300400_SM_10008cuda_cub20__uninitialized_fill7functorINS6_10device_ptrIsEEsEEEEvT0_T1_' for 'sm_100'
ptxas info    : Function properties for _ZN3cub17_V_300400_SM_10006detail8for_each13static_kernelINS2_15policy_selectorEmN6thrust17_V_300400_SM_10008cuda_cub20__uninitialized_fill7functorINS6_10device_ptrIsEEsEEEEvT0_T1_
    0 bytes stack frame, 0 bytes spill stores, 0 bytes spill loads
ptxas info    : Used 8 registers, used 0 barriers
ptxas info    : Compile time = 1.760 ms
ptxas info    : Compiling entry function '_ZN3cub17_V_300400_SM_10006detail8for_each13static_kernelINS2_15policy_selectorEmN6thrust17_V_300400_SM_10008cuda_cub20__uninitialized_fill7functorINS6_10device_ptrIaEEaEEEEvT0_T1_' for 'sm_100'
ptxas info    : Function properties for _ZN3cub17_V_300400_SM_10006detail8for_each13static_kernelINS2_15policy_selectorEmN6thrust17_V_300400_SM_10008cuda_cub20__uninitialized_fill7functorINS6_10device_ptrIaEEaEEEEvT0_T1_
    0 bytes stack frame, 0 bytes spill stores, 0 bytes spill loads
ptxas info    : Used 10 registers, used 0 barriers
ptxas info    : Compile time = 1.838 ms
ptxas info    : Compiling entry function '_ZN3cub17_V_300400_SM_10006detail4topk26DeviceTopKLastFilterKernelINS2_26policy_selector_from_typesIlEEPKlPlS7_S8_jjlNS2_24identify_candidates_op_tIlLNS2_6selectE1ELi11ENS1_21identity_decomposer_tELb1EEEEEvT0_T1_T2_T3_PT6_PT4_PNS2_7CounterIN4cuda3std3__415iterator_traitsISD_vE10value_typeESJ_T5_EESJ_SS_SJ_T7_i' for 'sm_100'
ptxas info    : Function properties for _ZN3cub17_V_300400_SM_10006detail4topk26DeviceTopKLastFilterKernelINS2_26policy_selector_from_typesIlEEPKlPlS7_S8_jjlNS2_24identify_candidates_op_tIlLNS2_6selectE1ELi11ENS1_21identity_decomposer_tELb1EEEEEvT0_T1_T2_T3_PT6_PT4_PNS2_7CounterIN4cuda3std3__415iterator_traitsISD_vE10value_typeESJ_T5_EESJ_SS_SJ_T7_i
    0 bytes stack frame, 0 bytes spill stores, 0 bytes spill loads
ptxas info    : Used 32 registers, used 1 barriers
ptxas info    : Compile time = 19.249 ms
ptxas info    : Compiling entry function '_ZN3cub17_V_300400_SM_10006detail4topk25DeviceTopKHistogramKernelINS2_26policy_selector_from_typesIlEEPKlPlS7_S8_jjlNS2_16extract_bin_op_tIlLNS2_6selectE1ELi11ENS1_21identity_decomposer_tELb1EEEEEvT0_T1_T2_T3_PNS2_7CounterIN4cuda3std3__415iterator_traitsISD_vE10value_typeET4_T5_EEPSO_SO_SP_SO_T7_ib' for 'sm_100'
ptxas info    : Function properties for _ZN3cub17_V_300400_SM_10006detail4topk25DeviceTopKHistogramKernelINS2_26policy_selector_from_typesIlEEPKlPlS7_S8_jjlNS2_16extract_bin_op_tIlLNS2_6selectE1ELi11ENS1_21identity_decomposer_tELb1EEEEEvT0_T1_T2_T3_PNS2_7CounterIN4cuda3std3__415iterator_traitsISD_vE10value_typeET4_T5_EEPSO_SO_SP_SO_T7_ib
    0 bytes stack frame, 0 bytes spill stores, 0 bytes spill loads
ptxas info    : Used 31 registers, used 1 barriers, 16400 bytes smem
ptxas info    : Compile time = 14.046 ms
ptxas info    : Compiling entry function '_ZN3cub17_V_300400_SM_10006detail4topk16DeviceTopKKernelINS2_26policy_selector_from_typesIlEEPKlPlS7_S8_jjlNS2_16extract_bin_op_tIlLNS2_6selectE1ELi11ENS1_21identity_decomposer_tELb1EEENS2_24identify_candidates_op_tIlLSA_1ELi11ESB_Lb1EEEEEvT0_T1_T2_T3_PT6_PT4_SK_SM_PNS2_7CounterIN4cuda3std3__415iterator_traitsISF_vE10value_typeESL_T5_EESM_SL_SU_SL_T7_T8_ib' for 'sm_100'
ptxas info    : Function properties for _ZN3cub17_V_300400_SM_10006detail4topk16DeviceTopKKernelINS2_26policy_selector_from_typesIlEEPKlPlS7_S8_jjlNS2_16extract_bin_op_tIlLNS2_6selectE1ELi11ENS1_21identity_decomposer_tELb1EEENS2_24identify_candidates_op_tIlLSA_1ELi11ESB_Lb1EEEEEvT0_T1_T2_T3_PT6_PT4_SK_SM_PNS2_7CounterIN4cuda3std3__415iterator_traitsISF_vE10value_typeESL_T5_EESM_SL_SU_SL_T7_T8_ib
    0 bytes stack frame, 0 bytes spill stores, 0 bytes spill loads
ptxas info    : Used 32 registers, used 1 barriers, 16400 bytes smem
ptxas info    : Compile time = 55.917 ms
ptxas info    : Compiling entry function '_ZN3cub17_V_300400_SM_10006detail4topk26DeviceTopKLastFilterKernelINS2_26policy_selector_from_typesIlEEPKlPlPKiPijjlNS2_24identify_candidates_op_tIlLNS2_6selectE1ELi11ENS1_21identity_decomposer_tELb1EEEEEvT0_T1_T2_T3_PT6_PT4_PNS2_7CounterIN4cuda3std3__415iterator_traitsISG_vE10value_typeESM_T5_EESM_SV_SM_T7_i' for 'sm_100'
ptxas info    : Function properties for _ZN3cub17_V_300400_SM_10006detail4topk26DeviceTopKLastFilterKernelINS2_26policy_selector_from_typesIlEEPKlPlPKiPijjlNS2_24identify_candidates_op_tIlLNS2_6selectE1ELi11ENS1_21identity_decomposer_tELb1EEEEEvT0_T1_T2_T3_PT6_PT4_PNS2_7CounterIN4cuda3std3__415iterator_traitsISG_vE10value_typeESM_T5_EESM_SV_SM_T7_i
    0 bytes stack frame, 0 bytes spill stores, 0 bytes spill loads
ptxas info    : Used 32 registers, used 1 barriers
ptxas info    : Compile time = 17.897 ms
ptxas info    : Compiling entry function '_ZN3cub17_V_300400_SM_10006detail4topk25DeviceTopKHistogramKernelINS2_26policy_selector_from_typesIlEEPKlPlPKiPijjlNS2_16extract_bin_op_tIlLNS2_6selectE1ELi11ENS1_21identity_decomposer_tELb1EEEEEvT0_T1_T2_T3_PNS2_7CounterIN4cuda3std3__415iterator_traitsISG_vE10value_typeET4_T5_EEPSR_SR_SS_SR_T7_ib' for 'sm_100'
ptxas info    : Function properties for _ZN3cub17_V_300400_SM_10006detail4topk25DeviceTopKHistogramKernelINS2_26policy_selector_from_typesIlEEPKlPlPKiPijjlNS2_16extract_bin_op_tIlLNS2_6selectE1ELi11ENS1_21identity_decomposer_tELb1EEEEEvT0_T1_T2_T3_PNS2_7CounterIN4cuda3std3__415iterator_traitsISG_vE10value_typeET4_T5_EEPSR_SR_SS_SR_T7_ib
    0 bytes stack frame, 0 bytes spill stores, 0 bytes spill loads
ptxas info    : Used 31 registers, used 1 barriers, 16400 bytes smem
ptxas info    : Compile time = 13.016 ms
ptxas info    : Compiling entry function '_ZN3cub17_V_300400_SM_10006detail4topk16DeviceTopKKernelINS2_26policy_selector_from_typesIlEEPKlPlPKiPijjlNS2_16extract_bin_op_tIlLNS2_6selectE1ELi11ENS1_21identity_decomposer_tELb1EEENS2_24identify_candidates_op_tIlLSD_1ELi11ESE_Lb1EEEEEvT0_T1_T2_T3_PT6_PT4_SN_SP_PNS2_7CounterIN4cuda3std3__415iterator_traitsISI_vE10value_typeESO_T5_EESP_SO_SX_SO_T7_T8_ib' for 'sm_100'
ptxas info    : Function properties for _ZN3cub17_V_300400_SM_10006detail4topk16DeviceTopKKernelINS2_26policy_selector_from_typesIlEEPKlPlPKiPijjlNS2_16extract_bin_op_tIlLNS2_6selectE1ELi11ENS1_21identity_decomposer_tELb1EEENS2_24identify_candidates_op_tIlLSD_1ELi11ESE_Lb1EEEEEvT0_T1_T2_T3_PT6_PT4_SN_SP_PNS2_7CounterIN4cuda3std3__415iterator_traitsISI_vE10value_typeESO_T5_EESP_SO_SX_SO_T7_T8_ib
    0 bytes stack frame, 0 bytes spill stores, 0 bytes spill loads
ptxas info    : Used 32 registers, used 1 barriers, 16400 bytes smem
ptxas info    : Compile time = 55.305 ms
ptxas info    : Compiling entry function '_ZN3cub17_V_300400_SM_10006detail4topk26DeviceTopKLastFilterKernelINS2_26policy_selector_from_typesIlEEPKlPlPKsPsjjlNS2_24identify_candidates_op_tIlLNS2_6selectE1ELi11ENS1_21identity_decomposer_tELb1EEEEEvT0_T1_T2_T3_PT6_PT4_PNS2_7CounterIN4cuda3std3__415iterator_traitsISG_vE10value_typeESM_T5_EESM_SV_SM_T7_i' for 'sm_100'
ptxas info    : Function properties for _ZN3cub17_V_300400_SM_10006detail4topk26DeviceTopKLastFilterKernelINS2_26policy_selector_from_typesIlEEPKlPlPKsPsjjlNS2_24identify_candidates_op_tIlLNS2_6selectE1ELi11ENS1_21identity_decomposer_tELb1EEEEEvT0_T1_T2_T3_PT6_PT4_PNS2_7CounterIN4cuda3std3__415iterator_traitsISG_vE10value_typeESM_T5_EESM_SV_SM_T7_i
    0 bytes stack frame, 0 bytes spill stores, 0 bytes spill loads
ptxas info    : Used 32 registers, used 1 barriers
ptxas info    : Compile time = 17.933 ms
ptxas info    : Compiling entry function '_ZN3cub17_V_300400_SM_10006detail4topk25DeviceTopKHistogramKernelINS2_26policy_selector_from_typesIlEEPKlPlPKsPsjjlNS2_16extract_bin_op_tIlLNS2_6selectE1ELi11ENS1_21identity_decomposer_tELb1EEEEEvT0_T1_T2_T3_PNS2_7CounterIN4cuda3std3__415iterator_traitsISG_vE10value_typeET4_T5_EEPSR_SR_SS_SR_T7_ib' for 'sm_100'
ptxas info    : Function properties for _ZN3cub17_V_300400_SM_10006detail4topk25DeviceTopKHistogramKernelINS2_26policy_selector_from_typesIlEEPKlPlPKsPsjjlNS2_16extract_bin_op_tIlLNS2_6selectE1ELi11ENS1_21identity_decomposer_tELb1EEEEEvT0_T1_T2_T3_PNS2_7CounterIN4cuda3std3__415iterator_traitsISG_vE10value_typeET4_T5_EEPSR_SR_SS_SR_T7_ib
    0 bytes stack frame, 0 bytes spill stores, 0 bytes spill loads
ptxas info    : Used 31 registers, used 1 barriers, 16400 bytes smem
ptxas info    : Compile time = 13.060 ms
ptxas info    : Compiling entry function '_ZN3cub17_V_300400_SM_10006detail4topk16DeviceTopKKernelINS2_26policy_selector_from_typesIlEEPKlPlPKsPsjjlNS2_16extract_bin_op_tIlLNS2_6selectE1ELi11ENS1_21identity_decomposer_tELb1EEENS2_24identify_candidates_op_tIlLSD_1ELi11ESE_Lb1EEEEEvT0_T1_T2_T3_PT6_PT4_SN_SP_PNS2_7CounterIN4cuda3std3__415iterator_traitsISI_vE10value_typeESO_T5_EESP_SO_SX_SO_T7_T8_ib' for 'sm_100'
ptxas info    : Function properties for _ZN3cub17_V_300400_SM_10006detail4topk16DeviceTopKKernelINS2_26policy_selector_from_typesIlEEPKlPlPKsPsjjlNS2_16extract_bin_op_tIlLNS2_6selectE1ELi11ENS1_21identity_decomposer_tELb1EEENS2_24identify_candidates_op_tIlLSD_1ELi11ESE_Lb1EEEEEvT0_T1_T2_T3_PT6_PT4_SN_SP_PNS2_7CounterIN4cuda3std3__415iterator_traitsISI_vE10value_typeESO_T5_EESP_SO_SX_SO_T7_T8_ib
    0 bytes stack frame, 0 bytes spill stores, 0 bytes spill loads
ptxas info    : Used 32 registers, used 1 barriers, 16400 bytes smem
ptxas info    : Compile time = 54.223 ms
ptxas info    : Compiling entry function '_ZN3cub17_V_300400_SM_10006detail4topk26DeviceTopKLastFilterKernelINS2_26policy_selector_from_typesIlEEPKlPlPKaPajjlNS2_24identify_candidates_op_tIlLNS2_6selectE1ELi11ENS1_21identity_decomposer_tELb1EEEEEvT0_T1_T2_T3_PT6_PT4_PNS2_7CounterIN4cuda3std3__415iterator_traitsISG_vE10value_typeESM_T5_EESM_SV_SM_T7_i' for 'sm_100'
ptxas info    : Function properties for _ZN3cub17_V_300400_SM_10006detail4topk26DeviceTopKLastFilterKernelINS2_26policy_selector_from_typesIlEEPKlPlPKaPajjlNS2_24identify_candidates_op_tIlLNS2_6selectE1ELi11ENS1_21identity_decomposer_tELb1EEEEEvT0_T1_T2_T3_PT6_PT4_PNS2_7CounterIN4cuda3std3__415iterator_traitsISG_vE10value_typeESM_T5_EESM_SV_SM_T7_i
    0 bytes stack frame, 0 bytes spill stores, 0 bytes spill loads
ptxas info    : Used 30 registers, used 1 barriers
ptxas info    : Compile time = 18.693 ms
ptxas info    : Compiling entry function '_ZN3cub17_V_300400_SM_10006detail4topk25DeviceTopKHistogramKernelINS2_26policy_selector_from_typesIlEEPKlPlPKaPajjlNS2_16extract_bin_op_tIlLNS2_6selectE1ELi11ENS1_21identity_decomposer_tELb1EEEEEvT0_T1_T2_T3_PNS2_7CounterIN4cuda3std3__415iterator_traitsISG_vE10value_typeET4_T5_EEPSR_SR_SS_SR_T7_ib' for 'sm_100'
ptxas info    : Function properties for _ZN3cub17_V_300400_SM_10006detail4topk25DeviceTopKHistogramKernelINS2_26policy_selector_from_typesIlEEPKlPlPKaPajjlNS2_16extract_bin_op_tIlLNS2_6selectE1ELi11ENS1_21identity_decomposer_tELb1EEEEEvT0_T1_T2_T3_PNS2_7CounterIN4cuda3std3__415iterator_traitsISG_vE10value_typeET4_T5_EEPSR_SR_SS_SR_T7_ib
    0 bytes stack frame, 0 bytes spill stores, 0 bytes spill loads
ptxas info    : Used 31 registers, used 1 barriers, 16400 bytes smem
ptxas info    : Compile time = 12.869 ms
ptxas info    : Compiling entry function '_ZN3cub17_V_300400_SM_10006detail4topk16DeviceTopKKernelINS2_26policy_selector_from_typesIlEEPKlPlPKaPajjlNS2_16extract_bin_op_tIlLNS2_6selectE1ELi11ENS1_21identity_decomposer_tELb1EEENS2_24identify_candidates_op_tIlLSD_1ELi11ESE_Lb1EEEEEvT0_T1_T2_T3_PT6_PT4_SN_SP_PNS2_7CounterIN4cuda3std3__415iterator_traitsISI_vE10value_typeESO_T5_EESP_SO_SX_SO_T7_T8_ib' for 'sm_100'
ptxas info    : Function properties for _ZN3cub17_V_300400_SM_10006detail4topk16DeviceTopKKernelINS2_26policy_selector_from_typesIlEEPKlPlPKaPajjlNS2_16extract_bin_op_tIlLNS2_6selectE1ELi11ENS1_21identity_decomposer_tELb1EEENS2_24identify_candidates_op_tIlLSD_1ELi11ESE_Lb1EEEEEvT0_T1_T2_T3_PT6_PT4_SN_SP_PNS2_7CounterIN4cuda3std3__415iterator_traitsISI_vE10value_typeESO_T5_EESP_SO_SX_SO_T7_T8_ib
    0 bytes stack frame, 0 bytes spill stores, 0 bytes spill loads
ptxas info    : Used 32 registers, used 1 barriers, 16400 bytes smem
ptxas info    : Compile time = 55.410 ms
ptxas info    : Compiling entry function '_ZN3cub17_V_300400_SM_10006detail4topk26DeviceTopKLastFilterKernelINS2_26policy_selector_from_typesIiEEPKiPiPKlPljjiNS2_24identify_candidates_op_tIiLNS2_6selectE1ELi11ENS1_21identity_decomposer_tELb1EEEEEvT0_T1_T2_T3_PT6_PT4_PNS2_7CounterIN4cuda3std3__415iterator_traitsISG_vE10value_typeESM_T5_EESM_SV_SM_T7_i' for 'sm_100'
ptxas info    : Function properties for _ZN3cub17_V_300400_SM_10006detail4topk26DeviceTopKLastFilterKernelINS2_26policy_selector_from_typesIiEEPKiPiPKlPljjiNS2_24identify_candidates_op_tIiLNS2_6selectE1ELi11ENS1_21identity_decomposer_tELb1EEEEEvT0_T1_T2_T3_PT6_PT4_PNS2_7CounterIN4cuda3std3__415iterator_traitsISG_vE10value_typeESM_T5_EESM_SV_SM_T7_i
    0 bytes stack frame, 0 bytes spill stores, 0 bytes spill loads
ptxas info    : Used 32 registers, used 1 barriers
ptxas info    : Compile time = 25.694 ms
ptxas info    : Compiling entry function '_ZN3cub17_V_300400_SM_10006detail4topk25DeviceTopKHistogramKernelINS2_26policy_selector_from_typesIiEEPKiPiPKlPljjiNS2_16extract_bin_op_tIiLNS2_6selectE1ELi11ENS1_21identity_decomposer_tELb1EEEEEvT0_T1_T2_T3_PNS2_7CounterIN4cuda3std3__415iterator_traitsISG_vE10value_typeET4_T5_EEPSR_SR_SS_SR_T7_ib' for 'sm_100'
ptxas info    : Function properties for _ZN3cub17_V_300400_SM_10006detail4topk25DeviceTopKHistogramKernelINS2_26policy_selector_from_typesIiEEPKiPiPKlPljjiNS2_16extract_bin_op_tIiLNS2_6selectE1ELi11ENS1_21identity_decomposer_tELb1EEEEEvT0_T1_T2_T3_PNS2_7CounterIN4cuda3std3__415iterator_traitsISG_vE10value_typeET4_T5_EEPSR_SR_SS_SR_T7_ib
    0 bytes stack frame, 0 bytes spill stores, 0 bytes spill loads
ptxas info    : Used 31 registers, used 1 barriers, 16400 bytes smem
ptxas info    : Compile time = 13.721 ms
ptxas info    : Compiling entry function '_ZN3cub17_V_300400_SM_10006detail4topk16DeviceTopKKernelINS2_26policy_selector_from_typesIiEEPKiPiPKlPljjiNS2_16extract_bin_op_tIiLNS2_6selectE1ELi11ENS1_21identity_decomposer_tELb1EEENS2_24identify_candidates_op_tIiLSD_1ELi11ESE_Lb1EEEEEvT0_T1_T2_T3_PT6_PT4_SN_SP_PNS2_7CounterIN4cuda3std3__415iterator_traitsISI_vE10value_typeESO_T5_EESP_SO_SX_SO_T7_T8_ib' for 'sm_100'
ptxas info    : Function properties for _ZN3cub17_V_300400_SM_10006detail4topk16DeviceTopKKernelINS2_26policy_selector_from_typesIiEEPKiPiPKlPljjiNS2_16extract_bin_op_tIiLNS2_6selectE1ELi11ENS1_21identity_decomposer_tELb1EEENS2_24identify_candidates_op_tIiLSD_1ELi11ESE_Lb1EEEEEvT0_T1_T2_T3_PT6_PT4_SN_SP_PNS2_7CounterIN4cuda3std3__415iterator_traitsISI_vE10value_typeESO_T5_EESP_SO_SX_SO_T7_T8_ib
    0 bytes stack frame, 0 bytes spill stores, 0 bytes spill loads
ptxas info    : Used 32 registers, used 1 barriers, 16400 bytes smem
ptxas info    : Compile time = 78.624 ms
ptxas info    : Compiling entry function '_ZN3cub17_V_300400_SM_10006detail4topk26DeviceTopKLastFilterKernelINS2_26policy_selector_from_typesIiEEPKiPiS7_S8_jjiNS2_24identify_candidates_op_tIiLNS2_6selectE1ELi11ENS1_21identity_decomposer_tELb1EEEEEvT0_T1_T2_T3_PT6_PT4_PNS2_7CounterIN4cuda3std3__415iterator_traitsISD_vE10value_typeESJ_T5_EESJ_SS_SJ_T7_i' for 'sm_100'
ptxas info    : Function properties for _ZN3cub17_V_300400_SM_10006detail4topk26DeviceTopKLastFilterKernelINS2_26policy_selector_from_typesIiEEPKiPiS7_S8_jjiNS2_24identify_candidates_op_tIiLNS2_6selectE1ELi11ENS1_21identity_decomposer_tELb1EEEEEvT0_T1_T2_T3_PT6_PT4_PNS2_7CounterIN4cuda3std3__415iterator_traitsISD_vE10value_typeESJ_T5_EESJ_SS_SJ_T7_i
    0 bytes stack frame, 0 bytes spill stores, 0 bytes spill loads
ptxas info    : Used 32 registers, used 1 barriers
ptxas info    : Compile time = 26.406 ms
ptxas info    : Compiling entry function '_ZN3cub17_V_300400_SM_10006detail4topk25DeviceTopKHistogramKernelINS2_26policy_selector_from_typesIiEEPKiPiS7_S8_jjiNS2_16extract_bin_op_tIiLNS2_6selectE1ELi11ENS1_21identity_decomposer_tELb1EEEEEvT0_T1_T2_T3_PNS2_7CounterIN4cuda3std3__415iterator_traitsISD_vE10value_typeET4_T5_EEPSO_SO_SP_SO_T7_ib' for 'sm_100'
ptxas info    : Function properties for _ZN3cub17_V_300400_SM_10006detail4topk25DeviceTopKHistogramKernelINS2_26policy_selector_from_typesIiEEPKiPiS7_S8_jjiNS2_16extract_bin_op_tIiLNS2_6selectE1ELi11ENS1_21identity_decomposer_tELb1EEEEEvT0_T1_T2_T3_PNS2_7CounterIN4cuda3std3__415iterator_traitsISD_vE10value_typeET4_T5_EEPSO_SO_SP_SO_T7_ib
    0 bytes stack frame, 0 bytes spill stores, 0 bytes spill loads
ptxas info    : Used 31 registers, used 1 barriers, 16400 bytes smem
ptxas info    : Compile time = 13.708 ms
ptxas info    : Compiling entry function '_ZN3cub17_V_300400_SM_10006detail4topk16DeviceTopKKernelINS2_26policy_selector_from_typesIiEEPKiPiS7_S8_jjiNS2_16extract_bin_op_tIiLNS2_6selectE1ELi11ENS1_21identity_decomposer_tELb1EEENS2_24identify_candidates_op_tIiLSA_1ELi11ESB_Lb1EEEEEvT0_T1_T2_T3_PT6_PT4_SK_SM_PNS2_7CounterIN4cuda3std3__415iterator_traitsISF_vE10value_typeESL_T5_EESM_SL_SU_SL_T7_T8_ib' for 'sm_100'
ptxas info    : Function properties for _ZN3cub17_V_300400_SM_10006detail4topk16DeviceTopKKernelINS2_26policy_selector_from_typesIiEEPKiPiS7_S8_jjiNS2_16extract_bin_op_tIiLNS2_6selectE1ELi11ENS1_21identity_decomposer_tELb1EEENS2_24identify_candidates_op_tIiLSA_1ELi11ESB_Lb1EEEEEvT0_T1_T2_T3_PT6_PT4_SK_SM_PNS2_7CounterIN4cuda3std3__415iterator_traitsISF_vE10value_typeESL_T5_EESM_SL_SU_SL_T7_T8_ib
    0 bytes stack frame, 0 bytes spill stores, 0 bytes spill loads
ptxas info    : Used 32 registers, used 1 barriers, 16400 bytes smem
ptxas info    : Compile time = 77.598 ms
ptxas info    : Compiling entry function '_ZN3cub17_V_300400_SM_10006detail4topk26DeviceTopKLastFilterKernelINS2_26policy_selector_from_typesIiEEPKiPiPKsPsjjiNS2_24identify_candidates_op_tIiLNS2_6selectE1ELi11ENS1_21identity_decomposer_tELb1EEEEEvT0_T1_T2_T3_PT6_PT4_PNS2_7CounterIN4cuda3std3__415iterator_traitsISG_vE10value_typeESM_T5_EESM_SV_SM_T7_i' for 'sm_100'
ptxas info    : Function properties for _ZN3cub17_V_300400_SM_10006detail4topk26DeviceTopKLastFilterKernelINS2_26policy_selector_from_typesIiEEPKiPiPKsPsjjiNS2_24identify_candidates_op_tIiLNS2_6selectE1ELi11ENS1_21identity_decomposer_tELb1EEEEEvT0_T1_T2_T3_PT6_PT4_PNS2_7CounterIN4cuda3std3__415iterator_traitsISG_vE10value_typeESM_T5_EESM_SV_SM_T7_i
    0 bytes stack frame, 0 bytes spill stores, 0 bytes spill loads
ptxas info    : Used 32 registers, used 1 barriers
ptxas info    : Compile time = 26.537 ms
ptxas info    : Compiling entry function '_ZN3cub17_V_300400_SM_10006detail4topk25DeviceTopKHistogramKernelINS2_26policy_selector_from_typesIiEEPKiPiPKsPsjjiNS2_16extract_bin_op_tIiLNS2_6selectE1ELi11ENS1_21identity_decomposer_tELb1EEEEEvT0_T1_T2_T3_PNS2_7CounterIN4cuda3std3__415iterator_traitsISG_vE10value_typeET4_T5_EEPSR_SR_SS_SR_T7_ib' for 'sm_100'
ptxas info    : Function properties for _ZN3cub17_V_300400_SM_10006detail4topk25DeviceTopKHistogramKernelINS2_26policy_selector_from_typesIiEEPKiPiPKsPsjjiNS2_16extract_bin_op_tIiLNS2_6selectE1ELi11ENS1_21identity_decomposer_tELb1EEEEEvT0_T1_T2_T3_PNS2_7CounterIN4cuda3std3__415iterator_traitsISG_vE10value_typeET4_T5_EEPSR_SR_SS_SR_T7_ib
    0 bytes stack frame, 0 bytes spill stores, 0 bytes spill loads
ptxas info    : Used 31 registers, used 1 barriers, 16400 bytes smem
ptxas info    : Compile time = 13.722 ms
ptxas info    : Compiling entry function '_ZN3cub17_V_300400_SM_10006detail4topk16DeviceTopKKernelINS2_26policy_selector_from_typesIiEEPKiPiPKsPsjjiNS2_16extract_bin_op_tIiLNS2_6selectE1ELi11ENS1_21identity_decomposer_tELb1EEENS2_24identify_candidates_op_tIiLSD_1ELi11ESE_Lb1EEEEEvT0_T1_T2_T3_PT6_PT4_SN_SP_PNS2_7CounterIN4cuda3std3__415iterator_traitsISI_vE10value_typeESO_T5_EESP_SO_SX_SO_T7_T8_ib' for 'sm_100'
ptxas info    : Function properties for _ZN3cub17_V_300400_SM_10006detail4topk16DeviceTopKKernelINS2_26policy_selector_from_typesIiEEPKiPiPKsPsjjiNS2_16extract_bin_op_tIiLNS2_6selectE1ELi11ENS1_21identity_decomposer_tELb1EEENS2_24identify_candidates_op_tIiLSD_1ELi11ESE_Lb1EEEEEvT0_T1_T2_T3_PT6_PT4_SN_SP_PNS2_7CounterIN4cuda3std3__415iterator_traitsISI_vE10value_typeESO_T5_EESP_SO_SX_SO_T7_T8_ib
    0 bytes stack frame, 0 bytes spill stores, 0 bytes spill loads
ptxas info    : Used 32 registers, used 1 barriers, 16400 bytes smem
ptxas info    : Compile time = 77.647 ms
ptxas info    : Compiling entry function '_ZN3cub17_V_300400_SM_10006detail4topk26DeviceTopKLastFilterKernelINS2_26policy_selector_from_typesIiEEPKiPiPKaPajjiNS2_24identify_candidates_op_tIiLNS2_6selectE1ELi11ENS1_21identity_decomposer_tELb1EEEEEvT0_T1_T2_T3_PT6_PT4_PNS2_7CounterIN4cuda3std3__415iterator_traitsISG_vE10value_typeESM_T5_EESM_SV_SM_T7_i' for 'sm_100'
ptxas info    : Function properties for _ZN3cub17_V_300400_SM_10006detail4topk26DeviceTopKLastFilterKernelINS2_26policy_selector_from_typesIiEEPKiPiPKaPajjiNS2_24identify_candidates_op_tIiLNS2_6selectE1ELi11ENS1_21identity_decomposer_tELb1EEEEEvT0_T1_T2_T3_PT6_PT4_PNS2_7CounterIN4cuda3std3__415iterator_traitsISG_vE10value_typeESM_T5_EESM_SV_SM_T7_i
    0 bytes stack frame, 0 bytes spill stores, 0 bytes spill loads
ptxas info    : Used 32 registers, used 1 barriers
ptxas info    : Compile time = 27.250 ms
ptxas info    : Compiling entry function '_ZN3cub17_V_300400_SM_10006detail4topk25DeviceTopKHistogramKernelINS2_26policy_selector_from_typesIiEEPKiPiPKaPajjiNS2_16extract_bin_op_tIiLNS2_6selectE1ELi11ENS1_21identity_decomposer_tELb1EEEEEvT0_T1_T2_T3_PNS2_7CounterIN4cuda3std3__415iterator_traitsISG_vE10value_typeET4_T5_EEPSR_SR_SS_SR_T7_ib' for 'sm_100'
ptxas info    : Function properties for _ZN3cub17_V_300400_SM_10006detail4topk25DeviceTopKHistogramKernelINS2_26policy_selector_from_typesIiEEPKiPiPKaPajjiNS2_16extract_bin_op_tIiLNS2_6selectE1ELi11ENS1_21identity_decomposer_tELb1EEEEEvT0_T1_T2_T3_PNS2_7CounterIN4cuda3std3__415iterator_traitsISG_vE10value_typeET4_T5_EEPSR_SR_SS_SR_T7_ib
    0 bytes stack frame, 0 bytes spill stores, 0 bytes spill loads
ptxas info    : Used 31 registers, used 1 barriers, 16400 bytes smem
ptxas info    : Compile time = 13.438 ms
ptxas info    : Compiling entry function '_ZN3cub17_V_300400_SM_10006detail4topk16DeviceTopKKernelINS2_26policy_selector_from_typesIiEEPKiPiPKaPajjiNS2_16extract_bin_op_tIiLNS2_6selectE1ELi11ENS1_21identity_decomposer_tELb1EEENS2_24identify_candidates_op_tIiLSD_1ELi11ESE_Lb1EEEEEvT0_T1_T2_T3_PT6_PT4_SN_SP_PNS2_7CounterIN4cuda3std3__415iterator_traitsISI_vE10value_typeESO_T5_EESP_SO_SX_SO_T7_T8_ib' for 'sm_100'
ptxas info    : Function properties for _ZN3cub17_V_300400_SM_10006detail4topk16DeviceTopKKernelINS2_26policy_selector_from_typesIiEEPKiPiPKaPajjiNS2_16extract_bin_op_tIiLNS2_6selectE1ELi11ENS1_21identity_decomposer_tELb1EEENS2_24identify_candidates_op_tIiLSD_1ELi11ESE_Lb1EEEEEvT0_T1_T2_T3_PT6_PT4_SN_SP_PNS2_7CounterIN4cuda3std3__415iterator_traitsISI_vE10value_typeESO_T5_EESP_SO_SX_SO_T7_T8_ib
    0 bytes stack frame, 0 bytes spill stores, 0 bytes spill loads
ptxas info    : Used 32 registers, used 1 barriers, 16400 bytes smem
ptxas info    : Compile time = 79.931 ms
ptxas info    : Compiling entry function '_ZN3cub17_V_300400_SM_10006detail4topk26DeviceTopKLastFilterKernelINS2_26policy_selector_from_typesIsEEPKsPsPKlPljjsNS2_24identify_candidates_op_tIsLNS2_6selectE1ELi11ENS1_21identity_decomposer_tELb1EEEEEvT0_T1_T2_T3_PT6_PT4_PNS2_7CounterIN4cuda3std3__415iterator_traitsISG_vE10value_typeESM_T5_EESM_SV_SM_T7_i' for 'sm_100'
ptxas info    : Function properties for _ZN3cub17_V_300400_SM_10006detail4topk26DeviceTopKLastFilterKernelINS2_26policy_selector_from_typesIsEEPKsPsPKlPljjsNS2_24identify_candidates_op_tIsLNS2_6selectE1ELi11ENS1_21identity_decomposer_tELb1EEEEEvT0_T1_T2_T3_PT6_PT4_PNS2_7CounterIN4cuda3std3__415iterator_traitsISG_vE10value_typeESM_T5_EESM_SV_SM_T7_i
    0 bytes stack frame, 0 bytes spill stores, 0 bytes spill loads
ptxas info    : Used 32 registers, used 1 barriers
ptxas info    : Compile time = 48.487 ms
ptxas info    : Compiling entry function '_ZN3cub17_V_300400_SM_10006detail4topk25DeviceTopKHistogramKernelINS2_26policy_selector_from_typesIsEEPKsPsPKlPljjsNS2_16extract_bin_op_tIsLNS2_6selectE1ELi11ENS1_21identity_decomposer_tELb1EEEEEvT0_T1_T2_T3_PNS2_7CounterIN4cuda3std3__415iterator_traitsISG_vE10value_typeET4_T5_EEPSR_SR_SS_SR_T7_ib' for 'sm_100'
ptxas info    : Function properties for _ZN3cub17_V_300400_SM_10006detail4topk25DeviceTopKHistogramKernelINS2_26policy_selector_from_typesIsEEPKsPsPKlPljjsNS2_16extract_bin_op_tIsLNS2_6selectE1ELi11ENS1_21identity_decomposer_tELb1EEEEEvT0_T1_T2_T3_PNS2_7CounterIN4cuda3std3__415iterator_traitsISG_vE10value_typeET4_T5_EEPSR_SR_SS_SR_T7_ib
    0 bytes stack frame, 0 bytes spill stores, 0 bytes spill loads
ptxas info    : Used 31 registers, used 1 barriers, 16400 bytes smem
ptxas info    : Compile time = 16.716 ms
ptxas info    : Compiling entry function '_ZN3cub17_V_300400_SM_10006detail4topk16DeviceTopKKernelINS2_26policy_selector_from_typesIsEEPKsPsPKlPljjsNS2_16extract_bin_op_tIsLNS2_6selectE1ELi11ENS1_21identity_decomposer_tELb1EEENS2_24identify_candidates_op_tIsLSD_1ELi11ESE_Lb1EEEEEvT0_T1_T2_T3_PT6_PT4_SN_SP_PNS2_7CounterIN4cuda3std3__415iterator_traitsISI_vE10value_typeESO_T5_EESP_SO_SX_SO_T7_T8_ib' for 'sm_100'
ptxas info    : Function properties for _ZN3cub17_V_300400_SM_10006detail4topk16DeviceTopKKernelINS2_26policy_selector_from_typesIsEEPKsPsPKlPljjsNS2_16extract_bin_op_tIsLNS2_6selectE1ELi11ENS1_21identity_decomposer_tELb1EEENS2_24identify_candidates_op_tIsLSD_1ELi11ESE_Lb1EEEEEvT0_T1_T2_T3_PT6_PT4_SN_SP_PNS2_7CounterIN4cuda3std3__415iterator_traitsISI_vE10value_typeESO_T5_EESP_SO_SX_SO_T7_T8_ib
    0 bytes stack frame, 0 bytes spill stores, 0 bytes spill loads
ptxas info    : Used 32 registers, used 1 barriers, 16400 bytes smem
ptxas info    : Compile time = 179.027 ms
ptxas info    : Compiling entry function '_ZN3cub17_V_300400_SM_10006detail4topk26DeviceTopKLastFilterKernelINS2_26policy_selector_from_typesIsEEPKsPsPKiPijjsNS2_24identify_candidates_op_tIsLNS2_6selectE1ELi11ENS1_21identity_decomposer_tELb1EEEEEvT0_T1_T2_T3_PT6_PT4_PNS2_7CounterIN4cuda3std3__415iterator_traitsISG_vE10value_typeESM_T5_EESM_SV_SM_T7_i' for 'sm_100'
ptxas info    : Function properties for _ZN3cub17_V_300400_SM_10006detail4topk26DeviceTopKLastFilterKernelINS2_26policy_selector_from_typesIsEEPKsPsPKiPijjsNS2_24identify_candidates_op_tIsLNS2_6selectE1ELi11ENS1_21identity_decomposer_tELb1EEEEEvT0_T1_T2_T3_PT6_PT4_PNS2_7CounterIN4cuda3std3__415iterator_traitsISG_vE10value_typeESM_T5_EESM_SV_SM_T7_i
    0 bytes stack frame, 0 bytes spill stores, 0 bytes spill loads
ptxas info    : Used 32 registers, used 1 barriers
ptxas info    : Compile time = 48.781 ms
ptxas info    : Compiling entry function '_ZN3cub17_V_300400_SM_10006detail4topk25DeviceTopKHistogramKernelINS2_26policy_selector_from_typesIsEEPKsPsPKiPijjsNS2_16extract_bin_op_tIsLNS2_6selectE1ELi11ENS1_21identity_decomposer_tELb1EEEEEvT0_T1_T2_T3_PNS2_7CounterIN4cuda3std3__415iterator_traitsISG_vE10value_typeET4_T5_EEPSR_SR_SS_SR_T7_ib' for 'sm_100'
ptxas info    : Function properties for _ZN3cub17_V_300400_SM_10006detail4topk25DeviceTopKHistogramKernelINS2_26policy_selector_from_typesIsEEPKsPsPKiPijjsNS2_16extract_bin_op_tIsLNS2_6selectE1ELi11ENS1_21identity_decomposer_tELb1EEEEEvT0_T1_T2_T3_PNS2_7CounterIN4cuda3std3__415iterator_traitsISG_vE10value_typeET4_T5_EEPSR_SR_SS_SR_T7_ib
    0 bytes stack frame, 0 bytes spill stores, 0 bytes spill loads
ptxas info    : Used 31 registers, used 1 barriers, 16400 bytes smem
ptxas info    : Compile time = 16.660 ms
ptxas info    : Compiling entry function '_ZN3cub17_V_300400_SM_10006detail4topk16DeviceTopKKernelINS2_26policy_selector_from_typesIsEEPKsPsPKiPijjsNS2_16extract_bin_op_tIsLNS2_6selectE1ELi11ENS1_21identity_decomposer_tELb1EEENS2_24identify_candidates_op_tIsLSD_1ELi11ESE_Lb1EEEEEvT0_T1_T2_T3_PT6_PT4_SN_SP_PNS2_7CounterIN4cuda3std3__415iterator_traitsISI_vE10value_typeESO_T5_EESP_SO_SX_SO_T7_T8_ib' for 'sm_100'
ptxas info    : Function properties for _ZN3cub17_V_300400_SM_10006detail4topk16DeviceTopKKernelINS2_26policy_selector_from_typesIsEEPKsPsPKiPijjsNS2_16extract_bin_op_tIsLNS2_6selectE1ELi11ENS1_21identity_decomposer_tELb1EEENS2_24identify_candidates_op_tIsLSD_1ELi11ESE_Lb1EEEEEvT0_T1_T2_T3_PT6_PT4_SN_SP_PNS2_7CounterIN4cuda3std3__415iterator_traitsISI_vE10value_typeESO_T5_EESP_SO_SX_SO_T7_T8_ib
    0 bytes stack frame, 0 bytes spill stores, 0 bytes spill loads
ptxas info    : Used 32 registers, used 1 barriers, 16400 bytes smem
ptxas info    : Compile time = 176.200 ms
ptxas info    : Compiling entry function '_ZN3cub17_V_300400_SM_10006detail4topk26DeviceTopKLastFilterKernelINS2_26policy_selector_from_typesIsEEPKsPsS7_S8_jjsNS2_24identify_candidates_op_tIsLNS2_6selectE1ELi11ENS1_21identity_decomposer_tELb1EEEEEvT0_T1_T2_T3_PT6_PT4_PNS2_7CounterIN4cuda3std3__415iterator_traitsISD_vE10value_typeESJ_T5_EESJ_SS_SJ_T7_i' for 'sm_100'
ptxas info    : Function properties for _ZN3cub17_V_300400_SM_10006detail4topk26DeviceTopKLastFilterKernelINS2_26policy_selector_from_typesIsEEPKsPsS7_S8_jjsNS2_24identify_candidates_op_tIsLNS2_6selectE1ELi11ENS1_21identity_decomposer_tELb1EEEEEvT0_T1_T2_T3_PT6_PT4_PNS2_7CounterIN4cuda3std3__415iterator_traitsISD_vE10value_typeESJ_T5_EESJ_SS_SJ_T7_i
    0 bytes stack frame, 0 bytes spill stores, 0 bytes spill loads
ptxas info    : Used 32 registers, used 1 barriers
ptxas info    : Compile time = 46.798 ms
ptxas info    : Compiling entry function '_ZN3cub17_V_300400_SM_10006detail4topk25DeviceTopKHistogramKernelINS2_26policy_selector_from_typesIsEEPKsPsS7_S8_jjsNS2_16extract_bin_op_tIsLNS2_6selectE1ELi11ENS1_21identity_decomposer_tELb1EEEEEvT0_T1_T2_T3_PNS2_7CounterIN4cuda3std3__415iterator_traitsISD_vE10value_typeET4_T5_EEPSO_SO_SP_SO_T7_ib' for 'sm_100'
ptxas info    : Function properties for _ZN3cub17_V_300400_SM_10006detail4topk25DeviceTopKHistogramKernelINS2_26policy_selector_from_typesIsEEPKsPsS7_S8_jjsNS2_16extract_bin_op_tIsLNS2_6selectE1ELi11ENS1_21identity_decomposer_tELb1EEEEEvT0_T1_T2_T3_PNS2_7CounterIN4cuda3std3__415iterator_traitsISD_vE10value_typeET4_T5_EEPSO_SO_SP_SO_T7_ib
    0 bytes stack frame, 0 bytes spill stores, 0 bytes spill loads
ptxas info    : Used 31 registers, used 1 barriers, 16400 bytes smem
ptxas info    : Compile time = 16.730 ms
ptxas info    : Compiling entry function '_ZN3cub17_V_300400_SM_10006detail4topk16DeviceTopKKernelINS2_26policy_selector_from_typesIsEEPKsPsS7_S8_jjsNS2_16extract_bin_op_tIsLNS2_6selectE1ELi11ENS1_21identity_decomposer_tELb1EEENS2_24identify_candidates_op_tIsLSA_1ELi11ESB_Lb1EEEEEvT0_T1_T2_T3_PT6_PT4_SK_SM_PNS2_7CounterIN4cuda3std3__415iterator_traitsISF_vE10value_typeESL_T5_EESM_SL_SU_SL_T7_T8_ib' for 'sm_100'
ptxas info    : Function properties for _ZN3cub17_V_300400_SM_10006detail4topk16DeviceTopKKernelINS2_26policy_selector_from_typesIsEEPKsPsS7_S8_jjsNS2_16extract_bin_op_tIsLNS2_6selectE1ELi11ENS1_21identity_decomposer_tELb1EEENS2_24identify_candidates_op_tIsLSA_1ELi11ESB_Lb1EEEEEvT0_T1_T2_T3_PT6_PT4_SK_SM_PNS2_7CounterIN4cuda3std3__415iterator_traitsISF_vE10value_typeESL_T5_EESM_SL_SU_SL_T7_T8_ib
    0 bytes stack frame, 0 bytes spill stores, 0 bytes spill loads
ptxas info    : Used 32 registers, used 1 barriers, 16400 bytes smem
ptxas info    : Compile time = 171.686 ms
ptxas info    : Compiling entry function '_ZN3cub17_V_300400_SM_10006detail4topk26DeviceTopKLastFilterKernelINS2_26policy_selector_from_typesIsEEPKsPsPKaPajjsNS2_24identify_candidates_op_tIsLNS2_6selectE1ELi11ENS1_21identity_decomposer_tELb1EEEEEvT0_T1_T2_T3_PT6_PT4_PNS2_7CounterIN4cuda3std3__415iterator_traitsISG_vE10value_typeESM_T5_EESM_SV_SM_T7_i' for 'sm_100'
ptxas info    : Function properties for _ZN3cub17_V_300400_SM_10006detail4topk26DeviceTopKLastFilterKernelINS2_26policy_selector_from_typesIsEEPKsPsPKaPajjsNS2_24identify_candidates_op_tIsLNS2_6selectE1ELi11ENS1_21identity_decomposer_tELb1EEEEEvT0_T1_T2_T3_PT6_PT4_PNS2_7CounterIN4cuda3std3__415iterator_traitsISG_vE10value_typeESM_T5_EESM_SV_SM_T7_i
    0 bytes stack frame, 0 bytes spill stores, 0 bytes spill loads
ptxas info    : Used 32 registers, used 1 barriers
ptxas info    : Compile time = 49.608 ms
ptxas info    : Compiling entry function '_ZN3cub17_V_300400_SM_10006detail4topk25DeviceTopKHistogramKernelINS2_26policy_selector_from_typesIsEEPKsPsPKaPajjsNS2_16extract_bin_op_tIsLNS2_6selectE1ELi11ENS1_21identity_decomposer_tELb1EEEEEvT0_T1_T2_T3_PNS2_7CounterIN4cuda3std3__415iterator_traitsISG_vE10value_typeET4_T5_EEPSR_SR_SS_SR_T7_ib' for 'sm_100'
ptxas info    : Function properties for _ZN3cub17_V_300400_SM_10006detail4topk25DeviceTopKHistogramKernelINS2_26policy_selector_from_typesIsEEPKsPsPKaPajjsNS2_16extract_bin_op_tIsLNS2_6selectE1ELi11ENS1_21identity_decomposer_tELb1EEEEEvT0_T1_T2_T3_PNS2_7CounterIN4cuda3std3__415iterator_traitsISG_vE10value_typeET4_T5_EEPSR_SR_SS_SR_T7_ib
    0 bytes stack frame, 0 bytes spill stores, 0 bytes spill loads
ptxas info    : Used 31 registers, used 1 barriers, 16400 bytes smem
ptxas info    : Compile time = 16.729 ms
ptxas info    : Compiling entry function '_ZN3cub17_V_300400_SM_10006detail4topk16DeviceTopKKernelINS2_26policy_selector_from_typesIsEEPKsPsPKaPajjsNS2_16extract_bin_op_tIsLNS2_6selectE1ELi11ENS1_21identity_decomposer_tELb1EEENS2_24identify_candidates_op_tIsLSD_1ELi11ESE_Lb1EEEEEvT0_T1_T2_T3_PT6_PT4_SN_SP_PNS2_7CounterIN4cuda3std3__415iterator_traitsISI_vE10value_typeESO_T5_EESP_SO_SX_SO_T7_T8_ib' for 'sm_100'
ptxas info    : Function properties for _ZN3cub17_V_300400_SM_10006detail4topk16DeviceTopKKernelINS2_26policy_selector_from_typesIsEEPKsPsPKaPajjsNS2_16extract_bin_op_tIsLNS2_6selectE1ELi11ENS1_21identity_decomposer_tELb1EEENS2_24identify_candidates_op_tIsLSD_1ELi11ESE_Lb1EEEEEvT0_T1_T2_T3_PT6_PT4_SN_SP_PNS2_7CounterIN4cuda3std3__415iterator_traitsISI_vE10value_typeESO_T5_EESP_SO_SX_SO_T7_T8_ib
    0 bytes stack frame, 0 bytes spill stores, 0 bytes spill loads
ptxas info    : Used 32 registers, used 1 barriers, 16400 bytes smem
ptxas info    : Compile time = 179.291 ms
ptxas info    : Compiling entry function '_ZN3cub17_V_300400_SM_10006detail4topk26DeviceTopKLastFilterKernelINS2_26policy_selector_from_typesIaEEPKaPaPKlPljjaNS2_24identify_candidates_op_tIaLNS2_6selectE1ELi8ENS1_21identity_decomposer_tELb1EEEEEvT0_T1_T2_T3_PT6_PT4_PNS2_7CounterIN4cuda3std3__415iterator_traitsISG_vE10value_typeESM_T5_EESM_SV_SM_T7_i' for 'sm_100'
ptxas info    : Function properties for _ZN3cub17_V_300400_SM_10006detail4topk26DeviceTopKLastFilterKernelINS2_26policy_selector_from_typesIaEEPKaPaPKlPljjaNS2_24identify_candidates_op_tIaLNS2_6selectE1ELi8ENS1_21identity_decomposer_tELb1EEEEEvT0_T1_T2_T3_PT6_PT4_PNS2_7CounterIN4cuda3std3__415iterator_traitsISG_vE10value_typeESM_T5_EESM_SV_SM_T7_i
    0 bytes stack frame, 0 bytes spill stores, 0 bytes spill loads
ptxas info    : Used 32 registers, used 1 barriers
ptxas info    : Compile time = 115.931 ms
ptxas info    : Compiling entry function '_ZN3cub17_V_300400_SM_10006detail4topk25DeviceTopKHistogramKernelINS2_26policy_selector_from_typesIaEEPKaPaPKlPljjaNS2_16extract_bin_op_tIaLNS2_6selectE1ELi8ENS1_21identity_decomposer_tELb1EEEEEvT0_T1_T2_T3_PNS2_7CounterIN4cuda3std3__415iterator_traitsISG_vE10value_typeET4_T5_EEPSR_SR_SS_SR_T7_ib' for 'sm_100'
ptxas info    : Function properties for _ZN3cub17_V_300400_SM_10006detail4topk25DeviceTopKHistogramKernelINS2_26policy_selector_from_typesIaEEPKaPaPKlPljjaNS2_16extract_bin_op_tIaLNS2_6selectE1ELi8ENS1_21identity_decomposer_tELb1EEEEEvT0_T1_T2_T3_PNS2_7CounterIN4cuda3std3__415iterator_traitsISG_vE10value_typeET4_T5_EEPSR_SR_SS_SR_T7_ib
    0 bytes stack frame, 0 bytes spill stores, 0 bytes spill loads
ptxas info    : Used 32 registers, used 1 barriers, 3088 bytes smem
ptxas info    : Compile time = 19.501 ms
ptxas info    : Compiling entry function '_ZN3cub17_V_300400_SM_10006detail4topk16DeviceTopKKernelINS2_26policy_selector_from_typesIaEEPKaPaPKlPljjaNS2_16extract_bin_op_tIaLNS2_6selectE1ELi8ENS1_21identity_decomposer_tELb1EEENS2_24identify_candidates_op_tIaLSD_1ELi8ESE_Lb1EEEEEvT0_T1_T2_T3_PT6_PT4_SN_SP_PNS2_7CounterIN4cuda3std3__415iterator_traitsISI_vE10value_typeESO_T5_EESP_SO_SX_SO_T7_T8_ib' for 'sm_100'
ptxas info    : Function properties for _ZN3cub17_V_300400_SM_10006detail4topk16DeviceTopKKernelINS2_26policy_selector_from_typesIaEEPKaPaPKlPljjaNS2_16extract_bin_op_tIaLNS2_6selectE1ELi8ENS1_21identity_decomposer_tELb1EEENS2_24identify_candidates_op_tIaLSD_1ELi8ESE_Lb1EEEEEvT0_T1_T2_T3_PT6_PT4_SN_SP_PNS2_7CounterIN4cuda3std3__415iterator_traitsISI_vE10value_typeESO_T5_EESP_SO_SX_SO_T7_T8_ib
    0 bytes stack frame, 0 bytes spill stores, 0 bytes spill loads
ptxas info    : Used 40 registers, used 1 barriers, 3088 bytes smem
ptxas info    : Compile time = 367.335 ms
ptxas info    : Compiling entry function '_ZN3cub17_V_300400_SM_10006detail4topk26DeviceTopKLastFilterKernelINS2_26policy_selector_from_typesIaEEPKaPaPKiPijjaNS2_24identify_candidates_op_tIaLNS2_6selectE1ELi8ENS1_21identity_decomposer_tELb1EEEEEvT0_T1_T2_T3_PT6_PT4_PNS2_7CounterIN4cuda3std3__415iterator_traitsISG_vE10value_typeESM_T5_EESM_SV_SM_T7_i' for 'sm_100'
ptxas info    : Function properties for _ZN3cub17_V_300400_SM_10006detail4topk26DeviceTopKLastFilterKernelINS2_26policy_selector_from_typesIaEEPKaPaPKiPijjaNS2_24identify_candidates_op_tIaLNS2_6selectE1ELi8ENS1_21identity_decomposer_tELb1EEEEEvT0_T1_T2_T3_PT6_PT4_PNS2_7CounterIN4cuda3std3__415iterator_traitsISG_vE10value_typeESM_T5_EESM_SV_SM_T7_i
    0 bytes stack frame, 0 bytes spill stores, 0 bytes spill loads
ptxas info    : Used 32 registers, used 1 barriers
ptxas info    : Compile time = 115.868 ms
ptxas info    : Compiling entry function '_ZN3cub17_V_300400_SM_10006detail4topk25DeviceTopKHistogramKernelINS2_26policy_selector_from_typesIaEEPKaPaPKiPijjaNS2_16extract_bin_op_tIaLNS2_6selectE1ELi8ENS1_21identity_decomposer_tELb1EEEEEvT0_T1_T2_T3_PNS2_7CounterIN4cuda3std3__415iterator_traitsISG_vE10value_typeET4_T5_EEPSR_SR_SS_SR_T7_ib' for 'sm_100'
ptxas info    : Function properties for _ZN3cub17_V_300400_SM_10006detail4topk25DeviceTopKHistogramKernelINS2_26policy_selector_from_typesIaEEPKaPaPKiPijjaNS2_16extract_bin_op_tIaLNS2_6selectE1ELi8ENS1_21identity_decomposer_tELb1EEEEEvT0_T1_T2_T3_PNS2_7CounterIN4cuda3std3__415iterator_traitsISG_vE10value_typeET4_T5_EEPSR_SR_SS_SR_T7_ib
    0 bytes stack frame, 0 bytes spill stores, 0 bytes spill loads
ptxas info    : Used 32 registers, used 1 barriers, 3088 bytes smem
ptxas info    : Compile time = 19.443 ms
ptxas info    : Compiling entry function '_ZN3cub17_V_300400_SM_10006detail4topk16DeviceTopKKernelINS2_26policy_selector_from_typesIaEEPKaPaPKiPijjaNS2_16extract_bin_op_tIaLNS2_6selectE1ELi8ENS1_21identity_decomposer_tELb1EEENS2_24identify_candidates_op_tIaLSD_1ELi8ESE_Lb1EEEEEvT0_T1_T2_T3_PT6_PT4_SN_SP_PNS2_7CounterIN4cuda3std3__415iterator_traitsISI_vE10value_typeESO_T5_EESP_SO_SX_SO_T7_T8_ib' for 'sm_100'
ptxas info    : Function properties for _ZN3cub17_V_300400_SM_10006detail4topk16DeviceTopKKernelINS2_26policy_selector_from_typesIaEEPKaPaPKiPijjaNS2_16extract_bin_op_tIaLNS2_6selectE1ELi8ENS1_21identity_decomposer_tELb1EEENS2_24identify_candidates_op_tIaLSD_1ELi8ESE_Lb1EEEEEvT0_T1_T2_T3_PT6_PT4_SN_SP_PNS2_7CounterIN4cuda3std3__415iterator_traitsISI_vE10value_typeESO_T5_EESP_SO_SX_SO_T7_T8_ib
    0 bytes stack frame, 0 bytes spill stores, 0 bytes spill loads
ptxas info    : Used 40 registers, used 1 barriers, 3088 bytes smem
ptxas info    : Compile time = 363.838 ms
ptxas info    : Compiling entry function '_ZN3cub17_V_300400_SM_10006detail4topk26DeviceTopKLastFilterKernelINS2_26policy_selector_from_typesIaEEPKaPaPKsPsjjaNS2_24identify_candidates_op_tIaLNS2_6selectE1ELi8ENS1_21identity_decomposer_tELb1EEEEEvT0_T1_T2_T3_PT6_PT4_PNS2_7CounterIN4cuda3std3__415iterator_traitsISG_vE10value_typeESM_T5_EESM_SV_SM_T7_i' for 'sm_100'
ptxas info    : Function properties for _ZN3cub17_V_300400_SM_10006detail4topk26DeviceTopKLastFilterKernelINS2_26policy_selector_from_typesIaEEPKaPaPKsPsjjaNS2_24identify_candidates_op_tIaLNS2_6selectE1ELi8ENS1_21identity_decomposer_tELb1EEEEEvT0_T1_T2_T3_PT6_PT4_PNS2_7CounterIN4cuda3std3__415iterator_traitsISG_vE10value_typeESM_T5_EESM_SV_SM_T7_i
    0 bytes stack frame, 0 bytes spill stores, 0 bytes spill loads
ptxas info    : Used 32 registers, used 1 barriers
ptxas info    : Compile time = 116.104 ms
ptxas info    : Compiling entry function '_ZN3cub17_V_300400_SM_10006detail4topk25DeviceTopKHistogramKernelINS2_26policy_selector_from_typesIaEEPKaPaPKsPsjjaNS2_16extract_bin_op_tIaLNS2_6selectE1ELi8ENS1_21identity_decomposer_tELb1EEEEEvT0_T1_T2_T3_PNS2_7CounterIN4cuda3std3__415iterator_traitsISG_vE10value_typeET4_T5_EEPSR_SR_SS_SR_T7_ib' for 'sm_100'
ptxas info    : Function properties for _ZN3cub17_V_300400_SM_10006detail4topk25DeviceTopKHistogramKernelINS2_26policy_selector_from_typesIaEEPKaPaPKsPsjjaNS2_16extract_bin_op_tIaLNS2_6selectE1ELi8ENS1_21identity_decomposer_tELb1EEEEEvT0_T1_T2_T3_PNS2_7CounterIN4cuda3std3__415iterator_traitsISG_vE10value_typeET4_T5_EEPSR_SR_SS_SR_T7_ib
    0 bytes stack frame, 0 bytes spill stores, 0 bytes spill loads
ptxas info    : Used 32 registers, used 1 barriers, 3088 bytes smem
ptxas info    : Compile time = 19.469 ms
ptxas info    : Compiling entry function '_ZN3cub17_V_300400_SM_10006detail4topk16DeviceTopKKernelINS2_26policy_selector_from_typesIaEEPKaPaPKsPsjjaNS2_16extract_bin_op_tIaLNS2_6selectE1ELi8ENS1_21identity_decomposer_tELb1EEENS2_24identify_candidates_op_tIaLSD_1ELi8ESE_Lb1EEEEEvT0_T1_T2_T3_PT6_PT4_SN_SP_PNS2_7CounterIN4cuda3std3__415iterator_traitsISI_vE10value_typeESO_T5_EESP_SO_SX_SO_T7_T8_ib' for 'sm_100'
ptxas info    : Function properties for _ZN3cub17_V_300400_SM_10006detail4topk16DeviceTopKKernelINS2_26policy_selector_from_typesIaEEPKaPaPKsPsjjaNS2_16extract_bin_op_tIaLNS2_6selectE1ELi8ENS1_21identity_decomposer_tELb1EEENS2_24identify_candidates_op_tIaLSD_1ELi8ESE_Lb1EEEEEvT0_T1_T2_T3_PT6_PT4_SN_SP_PNS2_7CounterIN4cuda3std3__415iterator_traitsISI_vE10value_typeESO_T5_EESP_SO_SX_SO_T7_T8_ib
    0 bytes stack frame, 0 bytes spill stores, 0 bytes spill loads
ptxas info    : Used 40 registers, used 1 barriers, 3088 bytes smem
ptxas info    : Compile time = 372.001 ms
ptxas info    : Compiling entry function '_ZN3cub17_V_300400_SM_10006detail4topk26DeviceTopKLastFilterKernelINS2_26policy_selector_from_typesIaEEPKaPaS7_S8_jjaNS2_24identify_candidates_op_tIaLNS2_6selectE1ELi8ENS1_21identity_decomposer_tELb1EEEEEvT0_T1_T2_T3_PT6_PT4_PNS2_7CounterIN4cuda3std3__415iterator_traitsISD_vE10value_typeESJ_T5_EESJ_SS_SJ_T7_i' for 'sm_100'
ptxas info    : Function properties for _ZN3cub17_V_300400_SM_10006detail4topk26DeviceTopKLastFilterKernelINS2_26policy_selector_from_typesIaEEPKaPaS7_S8_jjaNS2_24identify_candidates_op_tIaLNS2_6selectE1ELi8ENS1_21identity_decomposer_tELb1EEEEEvT0_T1_T2_T3_PT6_PT4_PNS2_7CounterIN4cuda3std3__415iterator_traitsISD_vE10value_typeESJ_T5_EESJ_SS_SJ_T7_i
    0 bytes stack frame, 0 bytes spill stores, 0 bytes spill loads
ptxas info    : Used 32 registers, used 1 barriers
ptxas info    : Compile time = 111.666 ms
ptxas info    : Compiling entry function '_ZN3cub17_V_300400_SM_10006detail4topk25DeviceTopKHistogramKernelINS2_26policy_selector_from_typesIaEEPKaPaS7_S8_jjaNS2_16extract_bin_op_tIaLNS2_6selectE1ELi8ENS1_21identity_decomposer_tELb1EEEEEvT0_T1_T2_T3_PNS2_7CounterIN4cuda3std3__415iterator_traitsISD_vE10value_typeET4_T5_EEPSO_SO_SP_SO_T7_ib' for 'sm_100'
ptxas info    : Function properties for _ZN3cub17_V_300400_SM_10006detail4topk25DeviceTopKHistogramKernelINS2_26policy_selector_from_typesIaEEPKaPaS7_S8_jjaNS2_16extract_bin_op_tIaLNS2_6selectE1ELi8ENS1_21identity_decomposer_tELb1EEEEEvT0_T1_T2_T3_PNS2_7CounterIN4cuda3std3__415iterator_traitsISD_vE10value_typeET4_T5_EEPSO_SO_SP_SO_T7_ib
    0 bytes stack frame, 0 bytes spill stores, 0 bytes spill loads
ptxas info    : Used 32 registers, used 1 barriers, 3088 bytes smem
ptxas info    : Compile time = 19.476 ms
ptxas info    : Compiling entry function '_ZN3cub17_V_300400_SM_10006detail4topk16DeviceTopKKernelINS2_26policy_selector_from_typesIaEEPKaPaS7_S8_jjaNS2_16extract_bin_op_tIaLNS2_6selectE1ELi8ENS1_21identity_decomposer_tELb1EEENS2_24identify_candidates_op_tIaLSA_1ELi8ESB_Lb1EEEEEvT0_T1_T2_T3_PT6_PT4_SK_SM_PNS2_7CounterIN4cuda3std3__415iterator_traitsISF_vE10value_typeESL_T5_EESM_SL_SU_SL_T7_T8_ib' for 'sm_100'
ptxas info    : Function properties for _ZN3cub17_V_300400_SM_10006detail4topk16DeviceTopKKernelINS2_26policy_selector_from_typesIaEEPKaPaS7_S8_jjaNS2_16extract_bin_op_tIaLNS2_6selectE1ELi8ENS1_21identity_decomposer_tELb1EEENS2_24identify_candidates_op_tIaLSA_1ELi8ESB_Lb1EEEEEvT0_T1_T2_T3_PT6_PT4_SK_SM_PNS2_7CounterIN4cuda3std3__415iterator_traitsISF_vE10value_typeESL_T5_EESM_SL_SU_SL_T7_T8_ib
    0 bytes stack frame, 0 bytes spill stores, 0 bytes spill loads
ptxas info    : Used 32 registers, used 1 barriers, 3088 bytes smem
ptxas info    : Compile time = 371.391 ms
ptxas info    : Compiling entry function '_ZN3cub17_V_300400_SM_10006detail11EmptyKernelIvEEvv' for 'sm_100'
ptxas info    : Function properties for _ZN3cub17_V_300400_SM_10006detail11EmptyKernelIvEEvv
    0 bytes stack frame, 0 bytes spill stores, 0 bytes spill loads
ptxas info    : Used 4 registers, used 0 barriers
ptxas info    : Compile time = 0.511 ms
[43/44] Building CUDA object nvbench_helper/CMakeFiles/cccl.nvbench_helper.dir/nvbench_helper/nvbench_helper.cu.o
ptxas info    : 121 bytes gmem
ptxas info    : Compiling entry function '_ZN7nvbench6detail11noop_kernelIvEEvv' for 'sm_100'
ptxas info    : Function properties for _ZN7nvbench6detail11noop_kernelIvEEvv
    0 bytes stack frame, 0 bytes spill stores, 0 bytes spill loads
ptxas info    : Used 4 registers, used 0 barriers
ptxas info    : Compile time = 1.521 ms
ptxas info    : Compiling entry function '_ZN3cub17_V_300400_SM_10006detail4find11find_kernelINS2_26policy_selector_from_typesImEEPmyN6detail4ge_tImEEEEvT0_T1_PSB_T2_' for 'sm_100'
ptxas info    : Function properties for _ZN3cub17_V_300400_SM_10006detail4find11find_kernelINS2_26policy_selector_from_typesImEEPmyN6detail4ge_tImEEEEvT0_T1_PSB_T2_
    0 bytes stack frame, 0 bytes spill stores, 0 bytes spill loads
ptxas info    : Used 26 registers, used 1 barriers, 16 bytes smem
ptxas info    : Compile time = 9.627 ms
ptxas info    : Compiling entry function '_ZN3cub17_V_300400_SM_10006detail4find11find_kernelINS2_26policy_selector_from_typesImEEPmjN6detail4ge_tImEEEEvT0_T1_PSB_T2_' for 'sm_100'
ptxas info    : Function properties for _ZN3cub17_V_300400_SM_10006detail4find11find_kernelINS2_26policy_selector_from_typesImEEPmjN6detail4ge_tImEEEEvT0_T1_PSB_T2_
    0 bytes stack frame, 0 bytes spill stores, 0 bytes spill loads
ptxas info    : Used 29 registers, used 1 barriers, 16 bytes smem
ptxas info    : Compile time = 6.621 ms
ptxas info    : Compiling entry function '_ZN3cub17_V_300400_SM_10006detail4find11find_kernelINS2_26policy_selector_from_typesIlEEPlyN6detail4ge_tIlEEEEvT0_T1_PSB_T2_' for 'sm_100'
ptxas info    : Function properties for _ZN3cub17_V_300400_SM_10006detail4find11find_kernelINS2_26policy_selector_from_typesIlEEPlyN6detail4ge_tIlEEEEvT0_T1_PSB_T2_
    0 bytes stack frame, 0 bytes spill stores, 0 bytes spill loads
ptxas info    : Used 26 registers, used 1 barriers, 16 bytes smem
ptxas info    : Compile time = 8.993 ms
ptxas info    : Compiling entry function '_ZN3cub17_V_300400_SM_10006detail4find11find_kernelINS2_26policy_selector_from_typesIlEEPljN6detail4ge_tIlEEEEvT0_T1_PSB_T2_' for 'sm_100'
ptxas info    : Function properties for _ZN3cub17_V_300400_SM_10006detail4find11find_kernelINS2_26policy_selector_from_typesIlEEPljN6detail4ge_tIlEEEEvT0_T1_PSB_T2_
    0 bytes stack frame, 0 bytes spill stores, 0 bytes spill loads
ptxas info    : Used 29 registers, used 1 barriers, 16 bytes smem
ptxas info    : Compile time = 6.540 ms
ptxas info    : Compiling entry function '_ZN3cub17_V_300400_SM_10006detail4find11find_kernelINS2_26policy_selector_from_typesIjEEPjyN6detail4ge_tIjEEEEvT0_T1_PSB_T2_' for 'sm_100'
ptxas info    : Function properties for _ZN3cub17_V_300400_SM_10006detail4find11find_kernelINS2_26policy_selector_from_typesIjEEPjyN6detail4ge_tIjEEEEvT0_T1_PSB_T2_
    0 bytes stack frame, 0 bytes spill stores, 0 bytes spill loads
ptxas info    : Used 27 registers, used 1 barriers, 16 bytes smem
ptxas info    : Compile time = 11.698 ms
ptxas info    : Compiling entry function '_ZN3cub17_V_300400_SM_10006detail4find11find_kernelINS2_26policy_selector_from_typesIjEEPjjN6detail4ge_tIjEEEEvT0_T1_PSB_T2_' for 'sm_100'
ptxas info    : Function properties for _ZN3cub17_V_300400_SM_10006detail4find11find_kernelINS2_26policy_selector_from_typesIjEEPjjN6detail4ge_tIjEEEEvT0_T1_PSB_T2_
    0 bytes stack frame, 0 bytes spill stores, 0 bytes spill loads
ptxas info    : Used 30 registers, used 1 barriers, 16 bytes smem
ptxas info    : Compile time = 8.279 ms
ptxas info    : Compiling entry function '_ZN3cub17_V_300400_SM_10006detail4find22init_found_pos_pointerIyyEEvPT_T0_' for 'sm_100'
ptxas info    : Function properties for _ZN3cub17_V_300400_SM_10006detail4find22init_found_pos_pointerIyyEEvPT_T0_
    0 bytes stack frame, 0 bytes spill stores, 0 bytes spill loads
ptxas info    : Used 8 registers, used 0 barriers
ptxas info    : Compile time = 0.775 ms
ptxas info    : Compiling entry function '_ZN3cub17_V_300400_SM_10006detail4find11find_kernelINS2_26policy_selector_from_typesIiEEPiyN6detail4ge_tIiEEEEvT0_T1_PSB_T2_' for 'sm_100'
ptxas info    : Function properties for _ZN3cub17_V_300400_SM_10006detail4find11find_kernelINS2_26policy_selector_from_typesIiEEPiyN6detail4ge_tIiEEEEvT0_T1_PSB_T2_
    0 bytes stack frame, 0 bytes spill stores, 0 bytes spill loads
ptxas info    : Used 27 registers, used 1 barriers, 16 bytes smem
ptxas info    : Compile time = 11.600 ms
ptxas info    : Compiling entry function '_ZN3cub17_V_300400_SM_10006detail4find22init_found_pos_pointerIjjEEvPT_T0_' for 'sm_100'
ptxas info    : Function properties for _ZN3cub17_V_300400_SM_10006detail4find22init_found_pos_pointerIjjEEvPT_T0_
    0 bytes stack frame, 0 bytes spill stores, 0 bytes spill loads
ptxas info    : Used 8 registers, used 0 barriers
ptxas info    : Compile time = 0.776 ms
ptxas info    : Compiling entry function '_ZN3cub17_V_300400_SM_10006detail4find11find_kernelINS2_26policy_selector_from_typesIiEEPijN6detail4ge_tIiEEEEvT0_T1_PSB_T2_' for 'sm_100'
ptxas info    : Function properties for _ZN3cub17_V_300400_SM_10006detail4find11find_kernelINS2_26policy_selector_from_typesIiEEPijN6detail4ge_tIiEEEEvT0_T1_PSB_T2_
    0 bytes stack frame, 0 bytes spill stores, 0 bytes spill loads
ptxas info    : Used 30 registers, used 1 barriers, 16 bytes smem
ptxas info    : Compile time = 8.262 ms
ptxas info    : Compiling entry function '_ZN3cub17_V_300400_SM_10006detail6reduce28DeviceReduceSingleTileKernelINS2_26policy_selector_from_typesImyN4cuda3std3__44plusImEEEEPmSB_iS9_mmNS7_8identityEEEvT0_T1_T2_T3_T4_T6_' for 'sm_100'
ptxas info    : Function properties for _ZN3cub17_V_300400_SM_10006detail6reduce28DeviceReduceSingleTileKernelINS2_26policy_selector_from_typesImyN4cuda3std3__44plusImEEEEPmSB_iS9_mmNS7_8identityEEEvT0_T1_T2_T3_T4_T6_
    0 bytes stack frame, 0 bytes spill stores, 0 bytes spill loads
ptxas info    : Used 48 registers, used 1 barriers, 160 bytes smem
ptxas info    : Compile time = 18.262 ms
ptxas info    : Compiling entry function '_ZN3cub17_V_300400_SM_10006detail6reduce18DeviceReduceKernelINS2_26policy_selector_from_typesImyN4cuda3std3__44plusImEEEEPmyS9_mNS7_8identityEEEvT0_PT3_T1_NS0_13GridEvenShareISG_EET2_T4_' for 'sm_100'
ptxas info    : Function properties for _ZN3cub17_V_300400_SM_10006detail6reduce18DeviceReduceKernelINS2_26policy_selector_from_typesImyN4cuda3std3__44plusImEEEEPmyS9_mNS7_8identityEEEvT0_PT3_T1_NS0_13GridEvenShareISG_EET2_T4_
    0 bytes stack frame, 0 bytes spill stores, 0 bytes spill loads
ptxas info    : Used 32 registers, used 1 barriers, 160 bytes smem
ptxas info    : Compile time = 20.275 ms
ptxas info    : Compiling entry function '_ZN3cub17_V_300400_SM_10006detail6reduce28DeviceReduceSingleTileKernelINS2_26policy_selector_from_typesImyN4cuda3std3__44plusImEEEEPmSB_yS9_mmNS7_8identityEEEvT0_T1_T2_T3_T4_T6_' for 'sm_100'
ptxas info    : Function properties for _ZN3cub17_V_300400_SM_10006detail6reduce28DeviceReduceSingleTileKernelINS2_26policy_selector_from_typesImyN4cuda3std3__44plusImEEEEPmSB_yS9_mmNS7_8identityEEEvT0_T1_T2_T3_T4_T6_
    0 bytes stack frame, 0 bytes spill stores, 0 bytes spill loads
ptxas info    : Used 48 registers, used 1 barriers, 160 bytes smem
ptxas info    : Compile time = 18.450 ms
ptxas info    : Compiling entry function '_ZN3cub17_V_300400_SM_10006detail6reduce28DeviceReduceSingleTileKernelINS2_26policy_selector_from_typesImjN4cuda3std3__44plusImEEEEPmSB_iS9_mmNS7_8identityEEEvT0_T1_T2_T3_T4_T6_' for 'sm_100'
ptxas info    : Function properties for _ZN3cub17_V_300400_SM_10006detail6reduce28DeviceReduceSingleTileKernelINS2_26policy_selector_from_typesImjN4cuda3std3__44plusImEEEEPmSB_iS9_mmNS7_8identityEEEvT0_T1_T2_T3_T4_T6_
    0 bytes stack frame, 0 bytes spill stores, 0 bytes spill loads
ptxas info    : Used 48 registers, used 1 barriers, 160 bytes smem
ptxas info    : Compile time = 17.851 ms
ptxas info    : Compiling entry function '_ZN3cub17_V_300400_SM_10006detail6reduce18DeviceReduceKernelINS2_26policy_selector_from_typesImjN4cuda3std3__44plusImEEEEPmjS9_mNS7_8identityEEEvT0_PT3_T1_NS0_13GridEvenShareISG_EET2_T4_' for 'sm_100'
ptxas info    : Function properties for _ZN3cub17_V_300400_SM_10006detail6reduce18DeviceReduceKernelINS2_26policy_selector_from_typesImjN4cuda3std3__44plusImEEEEPmjS9_mNS7_8identityEEEvT0_PT3_T1_NS0_13GridEvenShareISG_EET2_T4_
    0 bytes stack frame, 0 bytes spill stores, 0 bytes spill loads
ptxas info    : Used 32 registers, used 1 barriers, 160 bytes smem
ptxas info    : Compile time = 15.225 ms
ptxas info    : Compiling entry function '_ZN3cub17_V_300400_SM_10006detail6reduce28DeviceReduceSingleTileKernelINS2_26policy_selector_from_typesImjN4cuda3std3__44plusImEEEEPmSB_jS9_mmNS7_8identityEEEvT0_T1_T2_T3_T4_T6_' for 'sm_100'
ptxas info    : Function properties for _ZN3cub17_V_300400_SM_10006detail6reduce28DeviceReduceSingleTileKernelINS2_26policy_selector_from_typesImjN4cuda3std3__44plusImEEEEPmSB_jS9_mmNS7_8identityEEEvT0_T1_T2_T3_T4_T6_
    0 bytes stack frame, 0 bytes spill stores, 0 bytes spill loads
ptxas info    : Used 46 registers, used 1 barriers, 160 bytes smem
ptxas info    : Compile time = 15.819 ms
ptxas info    : Compiling entry function '_ZN3cub17_V_300400_SM_10006detail6reduce18DeviceReduceKernelINS2_26policy_selector_from_typesIlyN4cuda3std3__44plusIlEEEEPlyS9_lNS7_8identityEEEvT0_PT3_T1_NS0_13GridEvenShareISG_EET2_T4_' for 'sm_100'
ptxas info    : Function properties for _ZN3cub17_V_300400_SM_10006detail6reduce18DeviceReduceKernelINS2_26policy_selector_from_typesIlyN4cuda3std3__44plusIlEEEEPlyS9_lNS7_8identityEEEvT0_PT3_T1_NS0_13GridEvenShareISG_EET2_T4_
    0 bytes stack frame, 0 bytes spill stores, 0 bytes spill loads
ptxas info    : Used 32 registers, used 1 barriers, 160 bytes smem
ptxas info    : Compile time = 20.342 ms
ptxas info    : Compiling entry function '_ZN3cub17_V_300400_SM_10006detail6reduce28DeviceReduceSingleTileKernelINS2_26policy_selector_from_typesIlyN4cuda3std3__44plusIlEEEEPlSB_yS9_llNS7_8identityEEEvT0_T1_T2_T3_T4_T6_' for 'sm_100'
ptxas info    : Function properties for _ZN3cub17_V_300400_SM_10006detail6reduce28DeviceReduceSingleTileKernelINS2_26policy_selector_from_typesIlyN4cuda3std3__44plusIlEEEEPlSB_yS9_llNS7_8identityEEEvT0_T1_T2_T3_T4_T6_
    0 bytes stack frame, 0 bytes spill stores, 0 bytes spill loads
ptxas info    : Used 48 registers, used 1 barriers, 160 bytes smem
ptxas info    : Compile time = 18.410 ms
ptxas info    : Compiling entry function '_ZN3cub17_V_300400_SM_10006detail6reduce18DeviceReduceKernelINS2_26policy_selector_from_typesIljN4cuda3std3__44plusIlEEEEPljS9_lNS7_8identityEEEvT0_PT3_T1_NS0_13GridEvenShareISG_EET2_T4_' for 'sm_100'
ptxas info    : Function properties for _ZN3cub17_V_300400_SM_10006detail6reduce18DeviceReduceKernelINS2_26policy_selector_from_typesIljN4cuda3std3__44plusIlEEEEPljS9_lNS7_8identityEEEvT0_PT3_T1_NS0_13GridEvenShareISG_EET2_T4_
    0 bytes stack frame, 0 bytes spill stores, 0 bytes spill loads
ptxas info    : Used 32 registers, used 1 barriers, 160 bytes smem
ptxas info    : Compile time = 14.969 ms
ptxas info    : Compiling entry function '_ZN3cub17_V_300400_SM_10006detail6reduce28DeviceReduceSingleTileKernelINS2_26policy_selector_from_typesIljN4cuda3std3__44plusIlEEEEPlSB_jS9_llNS7_8identityEEEvT0_T1_T2_T3_T4_T6_' for 'sm_100'
ptxas info    : Function properties for _ZN3cub17_V_300400_SM_10006detail6reduce28DeviceReduceSingleTileKernelINS2_26policy_selector_from_typesIljN4cuda3std3__44plusIlEEEEPlSB_jS9_llNS7_8identityEEEvT0_T1_T2_T3_T4_T6_
    0 bytes stack frame, 0 bytes spill stores, 0 bytes spill loads
ptxas info    : Used 46 registers, used 1 barriers, 160 bytes smem
ptxas info    : Compile time = 15.720 ms
ptxas info    : Compiling entry function '_ZN3cub17_V_300400_SM_10006detail6reduce28DeviceReduceSingleTileKernelINS2_26policy_selector_from_typesIjyN4cuda3std3__44plusIjEEEEPjSB_iS9_jjNS7_8identityEEEvT0_T1_T2_T3_T4_T6_' for 'sm_100'
ptxas info    : Function properties for _ZN3cub17_V_300400_SM_10006detail6reduce28DeviceReduceSingleTileKernelINS2_26policy_selector_from_typesIjyN4cuda3std3__44plusIjEEEEPjSB_iS9_jjNS7_8identityEEEvT0_T1_T2_T3_T4_T6_
    0 bytes stack frame, 0 bytes spill stores, 0 bytes spill loads
ptxas info    : Used 30 registers, used 1 barriers, 48 bytes smem
ptxas info    : Compile time = 23.199 ms
ptxas info    : Compiling entry function '_ZN3cub17_V_300400_SM_10006detail6reduce18DeviceReduceKernelINS2_26policy_selector_from_typesIjyN4cuda3std3__44plusIjEEEEPjyS9_jNS7_8identityEEEvT0_PT3_T1_NS0_13GridEvenShareISG_EET2_T4_' for 'sm_100'
ptxas info    : Function properties for _ZN3cub17_V_300400_SM_10006detail6reduce18DeviceReduceKernelINS2_26policy_selector_from_typesIjyN4cuda3std3__44plusIjEEEEPjyS9_jNS7_8identityEEEvT0_PT3_T1_NS0_13GridEvenShareISG_EET2_T4_
    0 bytes stack frame, 0 bytes spill stores, 0 bytes spill loads
ptxas info    : Used 29 registers, used 1 barriers, 48 bytes smem
ptxas info    : Compile time = 29.086 ms
ptxas info    : Compiling entry function '_ZN3cub17_V_300400_SM_10006detail6reduce28DeviceReduceSingleTileKernelINS2_26policy_selector_from_typesIjyN4cuda3std3__44plusIjEEEEPjSB_yS9_jjNS7_8identityEEEvT0_T1_T2_T3_T4_T6_' for 'sm_100'
ptxas info    : Function properties for _ZN3cub17_V_300400_SM_10006detail6reduce28DeviceReduceSingleTileKernelINS2_26policy_selector_from_typesIjyN4cuda3std3__44plusIjEEEEPjSB_yS9_jjNS7_8identityEEEvT0_T1_T2_T3_T4_T6_
    0 bytes stack frame, 0 bytes spill stores, 0 bytes spill loads
ptxas info    : Used 32 registers, used 1 barriers, 48 bytes smem
ptxas info    : Compile time = 24.473 ms
ptxas info    : Compiling entry function '_ZN3cub17_V_300400_SM_10006detail6reduce28DeviceReduceSingleTileKernelINS2_26policy_selector_from_typesIjjN4cuda3std3__44plusIjEEEEPjSB_iS9_jjNS7_8identityEEEvT0_T1_T2_T3_T4_T6_' for 'sm_100'
ptxas info    : Function properties for _ZN3cub17_V_300400_SM_10006detail6reduce28DeviceReduceSingleTileKernelINS2_26policy_selector_from_typesIjjN4cuda3std3__44plusIjEEEEPjSB_iS9_jjNS7_8identityEEEvT0_T1_T2_T3_T4_T6_
    0 bytes stack frame, 0 bytes spill stores, 0 bytes spill loads
ptxas info    : Used 30 registers, used 1 barriers, 48 bytes smem
ptxas info    : Compile time = 23.754 ms
ptxas info    : Compiling entry function '_ZN3cub17_V_300400_SM_10006detail6reduce18DeviceReduceKernelINS2_26policy_selector_from_typesIjjN4cuda3std3__44plusIjEEEEPjjS9_jNS7_8identityEEEvT0_PT3_T1_NS0_13GridEvenShareISG_EET2_T4_' for 'sm_100'
ptxas info    : Function properties for _ZN3cub17_V_300400_SM_10006detail6reduce18DeviceReduceKernelINS2_26policy_selector_from_typesIjjN4cuda3std3__44plusIjEEEEPjjS9_jNS7_8identityEEEvT0_PT3_T1_NS0_13GridEvenShareISG_EET2_T4_
    0 bytes stack frame, 0 bytes spill stores, 0 bytes spill loads
ptxas info    : Used 32 registers, used 1 barriers, 48 bytes smem
ptxas info    : Compile time = 19.663 ms
ptxas info    : Compiling entry function '_ZN3cub17_V_300400_SM_10006detail6reduce28DeviceReduceSingleTileKernelINS2_26policy_selector_from_typesIjjN4cuda3std3__44plusIjEEEEPjSB_jS9_jjNS7_8identityEEEvT0_T1_T2_T3_T4_T6_' for 'sm_100'
ptxas info    : Function properties for _ZN3cub17_V_300400_SM_10006detail6reduce28DeviceReduceSingleTileKernelINS2_26policy_selector_from_typesIjjN4cuda3std3__44plusIjEEEEPjSB_jS9_jjNS7_8identityEEEvT0_T1_T2_T3_T4_T6_
    0 bytes stack frame, 0 bytes spill stores, 0 bytes spill loads
ptxas info    : Used 28 registers, used 1 barriers, 48 bytes smem
ptxas info    : Compile time = 19.677 ms
ptxas info    : Compiling entry function '_ZN3cub17_V_300400_SM_10006detail6reduce28DeviceReduceSingleTileKernelINS2_26policy_selector_from_typesIiyN4cuda3std3__44plusIiEEEEPiSB_iS9_iiNS7_8identityEEEvT0_T1_T2_T3_T4_T6_' for 'sm_100'
ptxas info    : Function properties for _ZN3cub17_V_300400_SM_10006detail6reduce28DeviceReduceSingleTileKernelINS2_26policy_selector_from_typesIiyN4cuda3std3__44plusIiEEEEPiSB_iS9_iiNS7_8identityEEEvT0_T1_T2_T3_T4_T6_
    0 bytes stack frame, 0 bytes spill stores, 0 bytes spill loads
ptxas info    : Used 30 registers, used 1 barriers, 48 bytes smem
ptxas info    : Compile time = 23.821 ms
ptxas info    : Compiling entry function '_ZN3cub17_V_300400_SM_10006detail6reduce18DeviceReduceKernelINS2_26policy_selector_from_typesIiyN4cuda3std3__44plusIiEEEEPiyS9_iNS7_8identityEEEvT0_PT3_T1_NS0_13GridEvenShareISG_EET2_T4_' for 'sm_100'
ptxas info    : Function properties for _ZN3cub17_V_300400_SM_10006detail6reduce18DeviceReduceKernelINS2_26policy_selector_from_typesIiyN4cuda3std3__44plusIiEEEEPiyS9_iNS7_8identityEEEvT0_PT3_T1_NS0_13GridEvenShareISG_EET2_T4_
    0 bytes stack frame, 0 bytes spill stores, 0 bytes spill loads
ptxas info    : Used 29 registers, used 1 barriers, 48 bytes smem
ptxas info    : Compile time = 28.767 ms
ptxas info    : Compiling entry function '_ZN3cub17_V_300400_SM_10006detail6reduce28DeviceReduceSingleTileKernelINS2_26policy_selector_from_typesIiyN4cuda3std3__44plusIiEEEEPiSB_yS9_iiNS7_8identityEEEvT0_T1_T2_T3_T4_T6_' for 'sm_100'
ptxas info    : Function properties for _ZN3cub17_V_300400_SM_10006detail6reduce28DeviceReduceSingleTileKernelINS2_26policy_selector_from_typesIiyN4cuda3std3__44plusIiEEEEPiSB_yS9_iiNS7_8identityEEEvT0_T1_T2_T3_T4_T6_
    0 bytes stack frame, 0 bytes spill stores, 0 bytes spill loads
ptxas info    : Used 32 registers, used 1 barriers, 48 bytes smem
ptxas info    : Compile time = 24.616 ms
ptxas info    : Compiling entry function '_ZN3cub17_V_300400_SM_10006detail6reduce28DeviceReduceSingleTileKernelINS2_26policy_selector_from_typesIijN4cuda3std3__44plusIiEEEEPiSB_iS9_iiNS7_8identityEEEvT0_T1_T2_T3_T4_T6_' for 'sm_100'
ptxas info    : Function properties for _ZN3cub17_V_300400_SM_10006detail6reduce28DeviceReduceSingleTileKernelINS2_26policy_selector_from_typesIijN4cuda3std3__44plusIiEEEEPiSB_iS9_iiNS7_8identityEEEvT0_T1_T2_T3_T4_T6_
    0 bytes stack frame, 0 bytes spill stores, 0 bytes spill loads
ptxas info    : Used 30 registers, used 1 barriers, 48 bytes smem
ptxas info    : Compile time = 23.880 ms
ptxas info    : Compiling entry function '_ZN3cub17_V_300400_SM_10006detail6reduce18DeviceReduceKernelINS2_26policy_selector_from_typesIijN4cuda3std3__44plusIiEEEEPijS9_iNS7_8identityEEEvT0_PT3_T1_NS0_13GridEvenShareISG_EET2_T4_' for 'sm_100'
ptxas info    : Function properties for _ZN3cub17_V_300400_SM_10006detail6reduce18DeviceReduceKernelINS2_26policy_selector_from_typesIijN4cuda3std3__44plusIiEEEEPijS9_iNS7_8identityEEEvT0_PT3_T1_NS0_13GridEvenShareISG_EET2_T4_
    0 bytes stack frame, 0 bytes spill stores, 0 bytes spill loads
ptxas info    : Used 32 registers, used 1 barriers, 48 bytes smem
ptxas info    : Compile time = 19.663 ms
ptxas info    : Compiling entry function '_ZN3cub17_V_300400_SM_10006detail6reduce28DeviceReduceSingleTileKernelINS2_26policy_selector_from_typesIijN4cuda3std3__44plusIiEEEEPiSB_jS9_iiNS7_8identityEEEvT0_T1_T2_T3_T4_T6_' for 'sm_100'
ptxas info    : Function properties for _ZN3cub17_V_300400_SM_10006detail6reduce28DeviceReduceSingleTileKernelINS2_26policy_selector_from_typesIijN4cuda3std3__44plusIiEEEEPiSB_jS9_iiNS7_8identityEEEvT0_T1_T2_T3_T4_T6_
    0 bytes stack frame, 0 bytes spill stores, 0 bytes spill loads
ptxas info    : Used 28 registers, used 1 barriers, 48 bytes smem
ptxas info    : Compile time = 19.668 ms
ptxas info    : Compiling entry function '_ZN3cub17_V_300400_SM_10006detail6reduce28DeviceReduceSingleTileKernelINS2_26policy_selector_from_typesIdyN4cuda3std3__44plusIdEEEEPdSB_iS9_ddNS7_8identityEEEvT0_T1_T2_T3_T4_T6_' for 'sm_100'
ptxas info    : Function properties for _ZN3cub17_V_300400_SM_10006detail6reduce28DeviceReduceSingleTileKernelINS2_26policy_selector_from_typesIdyN4cuda3std3__44plusIdEEEEPdSB_iS9_ddNS7_8identityEEEvT0_T1_T2_T3_T4_T6_
    0 bytes stack frame, 0 bytes spill stores, 0 bytes spill loads
ptxas info    : Used 48 registers, used 1 barriers, 160 bytes smem
ptxas info    : Compile time = 16.944 ms
ptxas info    : Compiling entry function '_ZN3cub17_V_300400_SM_10006detail6reduce18DeviceReduceKernelINS2_26policy_selector_from_typesIdyN4cuda3std3__44plusIdEEEEPKdyS9_dNS7_8identityEEEvT0_PT3_T1_NS0_13GridEvenShareISH_EET2_T4_' for 'sm_100'
ptxas info    : Function properties for _ZN3cub17_V_300400_SM_10006detail6reduce18DeviceReduceKernelINS2_26policy_selector_from_typesIdyN4cuda3std3__44plusIdEEEEPKdyS9_dNS7_8identityEEEvT0_PT3_T1_NS0_13GridEvenShareISH_EET2_T4_
    0 bytes stack frame, 0 bytes spill stores, 0 bytes spill loads
ptxas info    : Used 32 registers, used 1 barriers, 160 bytes smem
ptxas info    : Compile time = 18.232 ms
ptxas info    : Compiling entry function '_ZN3cub17_V_300400_SM_10006detail6reduce28DeviceReduceSingleTileKernelINS2_26policy_selector_from_typesIdyN4cuda3std3__44plusIdEEEEPKdPdyS9_ddNS7_8identityEEEvT0_T1_T2_T3_T4_T6_' for 'sm_100'
ptxas info    : Function properties for _ZN3cub17_V_300400_SM_10006detail6reduce28DeviceReduceSingleTileKernelINS2_26policy_selector_from_typesIdyN4cuda3std3__44plusIdEEEEPKdPdyS9_ddNS7_8identityEEEvT0_T1_T2_T3_T4_T6_
    0 bytes stack frame, 0 bytes spill stores, 0 bytes spill loads
ptxas info    : Used 48 registers, used 1 barriers, 160 bytes smem
ptxas info    : Compile time = 16.851 ms
ptxas info    : Compiling entry function '_ZN3cub17_V_300400_SM_10006detail6reduce28DeviceReduceSingleTileKernelINS2_26policy_selector_from_typesIdjN4cuda3std3__44plusIdEEEEPdSB_iS9_ddNS7_8identityEEEvT0_T1_T2_T3_T4_T6_' for 'sm_100'
ptxas info    : Function properties for _ZN3cub17_V_300400_SM_10006detail6reduce28DeviceReduceSingleTileKernelINS2_26policy_selector_from_typesIdjN4cuda3std3__44plusIdEEEEPdSB_iS9_ddNS7_8identityEEEvT0_T1_T2_T3_T4_T6_
    0 bytes stack frame, 0 bytes spill stores, 0 bytes spill loads
ptxas info    : Used 48 registers, used 1 barriers, 192 bytes smem
ptxas info    : Compile time = 17.270 ms
ptxas info    : Compiling entry function '_ZN3cub17_V_300400_SM_10006detail6reduce18DeviceReduceKernelINS2_26policy_selector_from_typesIdjN4cuda3std3__44plusIdEEEEPKdjS9_dNS7_8identityEEEvT0_PT3_T1_NS0_13GridEvenShareISH_EET2_T4_' for 'sm_100'
ptxas info    : Function properties for _ZN3cub17_V_300400_SM_10006detail6reduce18DeviceReduceKernelINS2_26policy_selector_from_typesIdjN4cuda3std3__44plusIdEEEEPKdjS9_dNS7_8identityEEEvT0_PT3_T1_NS0_13GridEvenShareISH_EET2_T4_
    0 bytes stack frame, 0 bytes spill stores, 0 bytes spill loads
ptxas info    : Used 30 registers, used 1 barriers, 192 bytes smem
ptxas info    : Compile time = 15.029 ms
ptxas info    : Compiling entry function '_ZN3cub17_V_300400_SM_10006detail6reduce28DeviceReduceSingleTileKernelINS2_26policy_selector_from_typesIdjN4cuda3std3__44plusIdEEEEPKdPdjS9_ddNS7_8identityEEEvT0_T1_T2_T3_T4_T6_' for 'sm_100'
ptxas info    : Function properties for _ZN3cub17_V_300400_SM_10006detail6reduce28DeviceReduceSingleTileKernelINS2_26policy_selector_from_typesIdjN4cuda3std3__44plusIdEEEEPKdPdjS9_ddNS7_8identityEEEvT0_T1_T2_T3_T4_T6_
    0 bytes stack frame, 0 bytes spill stores, 0 bytes spill loads
ptxas info    : Used 44 registers, used 1 barriers, 192 bytes smem
ptxas info    : Compile time = 15.298 ms
ptxas info    : Compiling entry function '_ZN3cub17_V_300400_SM_10006detail6reduce28DeviceReduceSingleTileKernelINS2_26policy_selector_from_typesIlyN4cuda3std3__44plusIlEEEEPlSB_iS9_llNS7_8identityEEEvT0_T1_T2_T3_T4_T6_' for 'sm_100'
ptxas info    : Function properties for _ZN3cub17_V_300400_SM_10006detail6reduce28DeviceReduceSingleTileKernelINS2_26policy_selector_from_typesIlyN4cuda3std3__44plusIlEEEEPlSB_iS9_llNS7_8identityEEEvT0_T1_T2_T3_T4_T6_
    0 bytes stack frame, 0 bytes spill stores, 0 bytes spill loads
ptxas info    : Used 48 registers, used 1 barriers, 160 bytes smem
ptxas info    : Compile time = 17.838 ms
ptxas info    : Compiling entry function '_ZN3cub17_V_300400_SM_10006detail6reduce18DeviceReduceKernelINS2_26policy_selector_from_typesIlyN4cuda3std3__44plusIlEEEEN6thrust17_V_300400_SM_100018transform_iteratorINS5_3__414equal_to_valueIdEEPKdllEEyS9_lNS7_8identityEEEvT0_PT3_T1_NS0_13GridEvenShareISO_EET2_T4_' for 'sm_100'
ptxas info    : Function properties for _ZN3cub17_V_300400_SM_10006detail6reduce18DeviceReduceKernelINS2_26policy_selector_from_typesIlyN4cuda3std3__44plusIlEEEEN6thrust17_V_300400_SM_100018transform_iteratorINS5_3__414equal_to_valueIdEEPKdllEEyS9_lNS7_8identityEEEvT0_PT3_T1_NS0_13GridEvenShareISO_EET2_T4_
    0 bytes stack frame, 0 bytes spill stores, 0 bytes spill loads
ptxas info    : Used 32 registers, used 1 barriers, 160 bytes smem
ptxas info    : Compile time = 23.856 ms
ptxas info    : Compiling entry function '_ZN3cub17_V_300400_SM_10006detail6reduce28DeviceReduceSingleTileKernelINS2_26policy_selector_from_typesIlyN4cuda3std3__44plusIlEEEEN6thrust17_V_300400_SM_100018transform_iteratorINS5_3__414equal_to_valueIdEEPKdllEEPlyS9_llNS7_8identityEEEvT0_T1_T2_T3_T4_T6_' for 'sm_100'
ptxas info    : Function properties for _ZN3cub17_V_300400_SM_10006detail6reduce28DeviceReduceSingleTileKernelINS2_26policy_selector_from_typesIlyN4cuda3std3__44plusIlEEEEN6thrust17_V_300400_SM_100018transform_iteratorINS5_3__414equal_to_valueIdEEPKdllEEPlyS9_llNS7_8identityEEEvT0_T1_T2_T3_T4_T6_
    0 bytes stack frame, 0 bytes spill stores, 0 bytes spill loads
ptxas info    : Used 48 registers, used 1 barriers, 160 bytes smem
ptxas info    : Compile time = 22.269 ms
ptxas info    : Compiling entry function '_ZN3cub17_V_300400_SM_10006detail6reduce28DeviceReduceSingleTileKernelINS2_26policy_selector_from_typesIljN4cuda3std3__44plusIlEEEEPlSB_iS9_llNS7_8identityEEEvT0_T1_T2_T3_T4_T6_' for 'sm_100'
ptxas info    : Function properties for _ZN3cub17_V_300400_SM_10006detail6reduce28DeviceReduceSingleTileKernelINS2_26policy_selector_from_typesIljN4cuda3std3__44plusIlEEEEPlSB_iS9_llNS7_8identityEEEvT0_T1_T2_T3_T4_T6_
    0 bytes stack frame, 0 bytes spill stores, 0 bytes spill loads
ptxas info    : Used 48 registers, used 1 barriers, 160 bytes smem
ptxas info    : Compile time = 18.524 ms
ptxas info    : Compiling entry function '_ZN3cub17_V_300400_SM_10006detail6reduce18DeviceReduceKernelINS2_26policy_selector_from_typesIljN4cuda3std3__44plusIlEEEEN6thrust17_V_300400_SM_100018transform_iteratorINS5_3__414equal_to_valueIdEEPKdllEEjS9_lNS7_8identityEEEvT0_PT3_T1_NS0_13GridEvenShareISO_EET2_T4_' for 'sm_100'
ptxas info    : Function properties for _ZN3cub17_V_300400_SM_10006detail6reduce18DeviceReduceKernelINS2_26policy_selector_from_typesIljN4cuda3std3__44plusIlEEEEN6thrust17_V_300400_SM_100018transform_iteratorINS5_3__414equal_to_valueIdEEPKdllEEjS9_lNS7_8identityEEEvT0_PT3_T1_NS0_13GridEvenShareISO_EET2_T4_
    0 bytes stack frame, 0 bytes spill stores, 0 bytes spill loads
ptxas info    : Used 32 registers, used 1 barriers, 160 bytes smem
ptxas info    : Compile time = 24.173 ms
ptxas info    : Compiling entry function '_ZN3cub17_V_300400_SM_10006detail6reduce28DeviceReduceSingleTileKernelINS2_26policy_selector_from_typesIljN4cuda3std3__44plusIlEEEEN6thrust17_V_300400_SM_100018transform_iteratorINS5_3__414equal_to_valueIdEEPKdllEEPljS9_llNS7_8identityEEEvT0_T1_T2_T3_T4_T6_' for 'sm_100'
ptxas info    : Function properties for _ZN3cub17_V_300400_SM_10006detail6reduce28DeviceReduceSingleTileKernelINS2_26policy_selector_from_typesIljN4cuda3std3__44plusIlEEEEN6thrust17_V_300400_SM_100018transform_iteratorINS5_3__414equal_to_valueIdEEPKdllEEPljS9_llNS7_8identityEEEvT0_T1_T2_T3_T4_T6_
    0 bytes stack frame, 0 bytes spill stores, 0 bytes spill loads
ptxas info    : Used 47 registers, used 1 barriers, 160 bytes smem
ptxas info    : Compile time = 21.974 ms
ptxas info    : Compiling entry function '_ZN3cub17_V_300400_SM_10006detail4scan16DeviceScanKernelINS2_26policy_selector_from_typesIPmS5_mmN4cuda3std3__44plusIvEEEES5_S5_NS0_13ScanTileStateImLb1EEESA_NS1_10InputValueImS5_EEmmLb0EmEEvT0_T1_NS2_23tile_state_kernel_arg_tIT2_T6_EEiT3_T4_T5_i' for 'sm_100'
ptxas info    : Function properties for _ZN3cub17_V_300400_SM_10006detail4scan16DeviceScanKernelINS2_26policy_selector_from_typesIPmS5_mmN4cuda3std3__44plusIvEEEES5_S5_NS0_13ScanTileStateImLb1EEESA_NS1_10InputValueImS5_EEmmLb0EmEEvT0_T1_NS2_23tile_state_kernel_arg_tIT2_T6_EEiT3_T4_T5_i
    0 bytes stack frame, 0 bytes spill stores, 0 bytes spill loads
ptxas info    : Used 206 registers, used 3 barriers
ptxas info    : Compile time = 85.182 ms
ptxas info    : Compiling entry function '_ZN3cub17_V_300400_SM_10006detail4scan20DeviceScanInitKernelINS2_26policy_selector_from_typesIPmS5_mmN4cuda3std3__44plusIvEEEES5_S5_NS0_13ScanTileStateImLb1EEEmEEvNS2_23tile_state_kernel_arg_tIT2_T3_EEi' for 'sm_100'
ptxas info    : Function properties for _ZN3cub17_V_300400_SM_10006detail4scan20DeviceScanInitKernelINS2_26policy_selector_from_typesIPmS5_mmN4cuda3std3__44plusIvEEEES5_S5_NS0_13ScanTileStateImLb1EEEmEEvNS2_23tile_state_kernel_arg_tIT2_T3_EEi
    0 bytes stack frame, 0 bytes spill stores, 0 bytes spill loads
ptxas info    : Used 8 registers, used 0 barriers
ptxas info    : Compile time = 1.011 ms
ptxas info    : Compiling entry function '_ZN3cub17_V_300400_SM_10006detail4scan16DeviceScanKernelINS2_26policy_selector_from_typesIPmS5_mjN4cuda3std3__44plusIvEEEES5_S5_NS0_13ScanTileStateImLb1EEESA_NS1_10InputValueImS5_EEjmLb0EmEEvT0_T1_NS2_23tile_state_kernel_arg_tIT2_T6_EEiT3_T4_T5_i' for 'sm_100'
ptxas info    : Function properties for _ZN3cub17_V_300400_SM_10006detail4scan16DeviceScanKernelINS2_26policy_selector_from_typesIPmS5_mjN4cuda3std3__44plusIvEEEES5_S5_NS0_13ScanTileStateImLb1EEESA_NS1_10InputValueImS5_EEjmLb0EmEEvT0_T1_NS2_23tile_state_kernel_arg_tIT2_T6_EEiT3_T4_T5_i
    0 bytes stack frame, 0 bytes spill stores, 0 bytes spill loads
ptxas info    : Used 206 registers, used 3 barriers
ptxas info    : Compile time = 83.071 ms
ptxas info    : Compiling entry function '_ZN3cub17_V_300400_SM_10006detail4scan20DeviceScanInitKernelINS2_26policy_selector_from_typesIPmS5_mjN4cuda3std3__44plusIvEEEES5_S5_NS0_13ScanTileStateImLb1EEEmEEvNS2_23tile_state_kernel_arg_tIT2_T3_EEi' for 'sm_100'
ptxas info    : Function properties for _ZN3cub17_V_300400_SM_10006detail4scan20DeviceScanInitKernelINS2_26policy_selector_from_typesIPmS5_mjN4cuda3std3__44plusIvEEEES5_S5_NS0_13ScanTileStateImLb1EEEmEEvNS2_23tile_state_kernel_arg_tIT2_T3_EEi
    0 bytes stack frame, 0 bytes spill stores, 0 bytes spill loads
ptxas info    : Used 8 registers, used 0 barriers
ptxas info    : Compile time = 1.015 ms
ptxas info    : Compiling entry function '_ZN3cub17_V_300400_SM_10006detail4scan16DeviceScanKernelINS2_26policy_selector_from_typesIPlS5_lmN4cuda3std3__44plusIvEEEES5_S5_NS0_13ScanTileStateIlLb1EEESA_NS1_10InputValueIlS5_EEmlLb0ElEEvT0_T1_NS2_23tile_state_kernel_arg_tIT2_T6_EEiT3_T4_T5_i' for 'sm_100'
ptxas info    : Function properties for _ZN3cub17_V_300400_SM_10006detail4scan16DeviceScanKernelINS2_26policy_selector_from_typesIPlS5_lmN4cuda3std3__44plusIvEEEES5_S5_NS0_13ScanTileStateIlLb1EEESA_NS1_10InputValueIlS5_EEmlLb0ElEEvT0_T1_NS2_23tile_state_kernel_arg_tIT2_T6_EEiT3_T4_T5_i
    0 bytes stack frame, 0 bytes spill stores, 0 bytes spill loads
ptxas info    : Used 206 registers, used 3 barriers
ptxas info    : Compile time = 82.898 ms
ptxas info    : Compiling entry function '_ZN3cub17_V_300400_SM_10006detail4scan20DeviceScanInitKernelINS2_26policy_selector_from_typesIPlS5_lmN4cuda3std3__44plusIvEEEES5_S5_NS0_13ScanTileStateIlLb1EEElEEvNS2_23tile_state_kernel_arg_tIT2_T3_EEi' for 'sm_100'
ptxas info    : Function properties for _ZN3cub17_V_300400_SM_10006detail4scan20DeviceScanInitKernelINS2_26policy_selector_from_typesIPlS5_lmN4cuda3std3__44plusIvEEEES5_S5_NS0_13ScanTileStateIlLb1EEElEEvNS2_23tile_state_kernel_arg_tIT2_T3_EEi
    0 bytes stack frame, 0 bytes spill stores, 0 bytes spill loads
ptxas info    : Used 8 registers, used 0 barriers
ptxas info    : Compile time = 1.020 ms
ptxas info    : Compiling entry function '_ZN3cub17_V_300400_SM_10006detail4scan16DeviceScanKernelINS2_26policy_selector_from_typesIPlS5_ljN4cuda3std3__44plusIvEEEES5_S5_NS0_13ScanTileStateIlLb1EEESA_NS1_10InputValueIlS5_EEjlLb0ElEEvT0_T1_NS2_23tile_state_kernel_arg_tIT2_T6_EEiT3_T4_T5_i' for 'sm_100'
ptxas info    : Function properties for _ZN3cub17_V_300400_SM_10006detail4scan16DeviceScanKernelINS2_26policy_selector_from_typesIPlS5_ljN4cuda3std3__44plusIvEEEES5_S5_NS0_13ScanTileStateIlLb1EEESA_NS1_10InputValueIlS5_EEjlLb0ElEEvT0_T1_NS2_23tile_state_kernel_arg_tIT2_T6_EEiT3_T4_T5_i
    0 bytes stack frame, 0 bytes spill stores, 0 bytes spill loads
ptxas info    : Used 206 registers, used 3 barriers
ptxas info    : Compile time = 82.427 ms
ptxas info    : Compiling entry function '_ZN3cub17_V_300400_SM_10006detail4scan20DeviceScanInitKernelINS2_26policy_selector_from_typesIPlS5_ljN4cuda3std3__44plusIvEEEES5_S5_NS0_13ScanTileStateIlLb1EEElEEvNS2_23tile_state_kernel_arg_tIT2_T3_EEi' for 'sm_100'
ptxas info    : Function properties for _ZN3cub17_V_300400_SM_10006detail4scan20DeviceScanInitKernelINS2_26policy_selector_from_typesIPlS5_ljN4cuda3std3__44plusIvEEEES5_S5_NS0_13ScanTileStateIlLb1EEElEEvNS2_23tile_state_kernel_arg_tIT2_T3_EEi
    0 bytes stack frame, 0 bytes spill stores, 0 bytes spill loads
ptxas info    : Used 8 registers, used 0 barriers
ptxas info    : Compile time = 1.018 ms
ptxas info    : Compiling entry function '_ZN3cub17_V_300400_SM_10006detail4scan16DeviceScanKernelINS2_26policy_selector_from_typesIPjS5_jmN4cuda3std3__44plusIvEEEES5_S5_NS0_13ScanTileStateIjLb1EEESA_NS1_10InputValueIjS5_EEmjLb0EjEEvT0_T1_NS2_23tile_state_kernel_arg_tIT2_T6_EEiT3_T4_T5_i' for 'sm_100'
ptxas info    : Function properties for _ZN3cub17_V_300400_SM_10006detail4scan16DeviceScanKernelINS2_26policy_selector_from_typesIPjS5_jmN4cuda3std3__44plusIvEEEES5_S5_NS0_13ScanTileStateIjLb1EEESA_NS1_10InputValueIjS5_EEmjLb0EjEEvT0_T1_NS2_23tile_state_kernel_arg_tIT2_T6_EEiT3_T4_T5_i
    0 bytes stack frame, 0 bytes spill stores, 0 bytes spill loads
ptxas info    : Used 103 registers, used 3 barriers
ptxas info    : Compile time = 55.476 ms
ptxas info    : Compiling entry function '_ZN3cub17_V_300400_SM_10006detail4scan20DeviceScanInitKernelINS2_26policy_selector_from_typesIPjS5_jmN4cuda3std3__44plusIvEEEES5_S5_NS0_13ScanTileStateIjLb1EEEjEEvNS2_23tile_state_kernel_arg_tIT2_T3_EEi' for 'sm_100'
ptxas info    : Function properties for _ZN3cub17_V_300400_SM_10006detail4scan20DeviceScanInitKernelINS2_26policy_selector_from_typesIPjS5_jmN4cuda3std3__44plusIvEEEES5_S5_NS0_13ScanTileStateIjLb1EEEjEEvNS2_23tile_state_kernel_arg_tIT2_T3_EEi
    0 bytes stack frame, 0 bytes spill stores, 0 bytes spill loads
ptxas info    : Used 8 registers, used 0 barriers
ptxas info    : Compile time = 1.022 ms
ptxas info    : Compiling entry function '_ZN3cub17_V_300400_SM_10006detail4scan16DeviceScanKernelINS2_26policy_selector_from_typesIPjS5_jjN4cuda3std3__44plusIvEEEES5_S5_NS0_13ScanTileStateIjLb1EEESA_NS1_10InputValueIjS5_EEjjLb0EjEEvT0_T1_NS2_23tile_state_kernel_arg_tIT2_T6_EEiT3_T4_T5_i' for 'sm_100'
ptxas info    : Function properties for _ZN3cub17_V_300400_SM_10006detail4scan16DeviceScanKernelINS2_26policy_selector_from_typesIPjS5_jjN4cuda3std3__44plusIvEEEES5_S5_NS0_13ScanTileStateIjLb1EEESA_NS1_10InputValueIjS5_EEjjLb0EjEEvT0_T1_NS2_23tile_state_kernel_arg_tIT2_T6_EEiT3_T4_T5_i
    0 bytes stack frame, 0 bytes spill stores, 0 bytes spill loads
ptxas info    : Used 101 registers, used 3 barriers
ptxas info    : Compile time = 54.926 ms
ptxas info    : Compiling entry function '_ZN3cub17_V_300400_SM_10006detail4scan20DeviceScanInitKernelINS2_26policy_selector_from_typesIPjS5_jjN4cuda3std3__44plusIvEEEES5_S5_NS0_13ScanTileStateIjLb1EEEjEEvNS2_23tile_state_kernel_arg_tIT2_T3_EEi' for 'sm_100'
ptxas info    : Function properties for _ZN3cub17_V_300400_SM_10006detail4scan20DeviceScanInitKernelINS2_26policy_selector_from_typesIPjS5_jjN4cuda3std3__44plusIvEEEES5_S5_NS0_13ScanTileStateIjLb1EEEjEEvNS2_23tile_state_kernel_arg_tIT2_T3_EEi
    0 bytes stack frame, 0 bytes spill stores, 0 bytes spill loads
ptxas info    : Used 8 registers, used 0 barriers
ptxas info    : Compile time = 1.002 ms
ptxas info    : Compiling entry function '_ZN3cub17_V_300400_SM_10006detail4scan16DeviceScanKernelINS2_26policy_selector_from_typesIPiS5_imN4cuda3std3__44plusIvEEEES5_S5_NS0_13ScanTileStateIiLb1EEESA_NS1_10InputValueIiS5_EEmiLb0EiEEvT0_T1_NS2_23tile_state_kernel_arg_tIT2_T6_EEiT3_T4_T5_i' for 'sm_100'
ptxas info    : Function properties for _ZN3cub17_V_300400_SM_10006detail4scan16DeviceScanKernelINS2_26policy_selector_from_typesIPiS5_imN4cuda3std3__44plusIvEEEES5_S5_NS0_13ScanTileStateIiLb1EEESA_NS1_10InputValueIiS5_EEmiLb0EiEEvT0_T1_NS2_23tile_state_kernel_arg_tIT2_T6_EEiT3_T4_T5_i
    0 bytes stack frame, 0 bytes spill stores, 0 bytes spill loads
ptxas info    : Used 108 registers, used 3 barriers
ptxas info    : Compile time = 55.278 ms
ptxas info    : Compiling entry function '_ZN3cub17_V_300400_SM_10006detail4scan20DeviceScanInitKernelINS2_26policy_selector_from_typesIPiS5_imN4cuda3std3__44plusIvEEEES5_S5_NS0_13ScanTileStateIiLb1EEEiEEvNS2_23tile_state_kernel_arg_tIT2_T3_EEi' for 'sm_100'
ptxas info    : Function properties for _ZN3cub17_V_300400_SM_10006detail4scan20DeviceScanInitKernelINS2_26policy_selector_from_typesIPiS5_imN4cuda3std3__44plusIvEEEES5_S5_NS0_13ScanTileStateIiLb1EEEiEEvNS2_23tile_state_kernel_arg_tIT2_T3_EEi
    0 bytes stack frame, 0 bytes spill stores, 0 bytes spill loads
ptxas info    : Used 8 registers, used 0 barriers
ptxas info    : Compile time = 1.016 ms
ptxas info    : Compiling entry function '_ZN3cub17_V_300400_SM_10006detail4scan16DeviceScanKernelINS2_26policy_selector_from_typesIPiS5_ijN4cuda3std3__44plusIvEEEES5_S5_NS0_13ScanTileStateIiLb1EEESA_NS1_10InputValueIiS5_EEjiLb0EiEEvT0_T1_NS2_23tile_state_kernel_arg_tIT2_T6_EEiT3_T4_T5_i' for 'sm_100'
ptxas info    : Function properties for _ZN3cub17_V_300400_SM_10006detail4scan16DeviceScanKernelINS2_26policy_selector_from_typesIPiS5_ijN4cuda3std3__44plusIvEEEES5_S5_NS0_13ScanTileStateIiLb1EEESA_NS1_10InputValueIiS5_EEjiLb0EiEEvT0_T1_NS2_23tile_state_kernel_arg_tIT2_T6_EEiT3_T4_T5_i
    0 bytes stack frame, 0 bytes spill stores, 0 bytes spill loads
ptxas info    : Used 107 registers, used 3 barriers
ptxas info    : Compile time = 55.158 ms
ptxas info    : Compiling entry function '_ZN3cub17_V_300400_SM_10006detail4scan20DeviceScanInitKernelINS2_26policy_selector_from_typesIPiS5_ijN4cuda3std3__44plusIvEEEES5_S5_NS0_13ScanTileStateIiLb1EEEiEEvNS2_23tile_state_kernel_arg_tIT2_T3_EEi' for 'sm_100'
ptxas info    : Function properties for _ZN3cub17_V_300400_SM_10006detail4scan20DeviceScanInitKernelINS2_26policy_selector_from_typesIPiS5_ijN4cuda3std3__44plusIvEEEES5_S5_NS0_13ScanTileStateIiLb1EEEiEEvNS2_23tile_state_kernel_arg_tIT2_T3_EEi
    0 bytes stack frame, 0 bytes spill stores, 0 bytes spill loads
ptxas info    : Used 8 registers, used 0 barriers
ptxas info    : Compile time = 1.009 ms
ptxas info    : Compiling entry function '_ZN3cub17_V_300400_SM_10006detail9transform16transform_kernelINS2_26policy_selector_from_typesILb0ELb1EN4cuda3std3__45tupleIJPNS7_7complexIdEESB_EEESB_EElNS2_21always_true_predicateENS5_3__438__callable_permitting_copied_argumentsIN50_GLOBAL__N__8f46261c_17_nvbench_helper_cu_9d8f05325and_tEEESB_JSB_SB_EEEvT0_ibT1_T2_T3_DpNS2_10kernel_argIT4_EE' for 'sm_100'
ptxas info    : Function properties for _ZN3cub17_V_300400_SM_10006detail9transform16transform_kernelINS2_26policy_selector_from_typesILb0ELb1EN4cuda3std3__45tupleIJPNS7_7complexIdEESB_EEESB_EElNS2_21always_true_predicateENS5_3__438__callable_permitting_copied_argumentsIN50_GLOBAL__N__8f46261c_17_nvbench_helper_cu_9d8f05325and_tEEESB_JSB_SB_EEEvT0_ibT1_T2_T3_DpNS2_10kernel_argIT4_EE
    0 bytes stack frame, 0 bytes spill stores, 0 bytes spill loads
ptxas info    : Used 17 registers, used 1 barriers
ptxas info    : Compile time = 8.849 ms
ptxas info    : Compiling entry function '_ZN3cub17_V_300400_SM_10006detail9transform16transform_kernelINS2_26policy_selector_from_typesILb0ELb1EN4cuda3std3__45tupleIJPNS7_7complexIdEESB_EEESB_EEiNS2_21always_true_predicateENS5_3__438__callable_permitting_copied_argumentsIN50_GLOBAL__N__8f46261c_17_nvbench_helper_cu_9d8f05325and_tEEESB_JSB_SB_EEEvT0_ibT1_T2_T3_DpNS2_10kernel_argIT4_EE' for 'sm_100'
ptxas info    : Function properties for _ZN3cub17_V_300400_SM_10006detail9transform16transform_kernelINS2_26policy_selector_from_typesILb0ELb1EN4cuda3std3__45tupleIJPNS7_7complexIdEESB_EEESB_EEiNS2_21always_true_predicateENS5_3__438__callable_permitting_copied_argumentsIN50_GLOBAL__N__8f46261c_17_nvbench_helper_cu_9d8f05325and_tEEESB_JSB_SB_EEEvT0_ibT1_T2_T3_DpNS2_10kernel_argIT4_EE
    0 bytes stack frame, 0 bytes spill stores, 0 bytes spill loads
ptxas info    : Used 16 registers, used 1 barriers
ptxas info    : Compile time = 8.465 ms
ptxas info    : Compiling entry function '_ZN3cub17_V_300400_SM_10006detail9transform16transform_kernelINS2_26policy_selector_from_typesILb0ELb1EN4cuda3std3__45tupleIJEEEPNS7_7complexIdEEEElNS2_21always_true_predicateENS1_17__return_constantISB_EESC_JEEEvT0_ibT1_T2_T3_DpNS2_10kernel_argIT4_EE' for 'sm_100'
ptxas info    : Function properties for _ZN3cub17_V_300400_SM_10006detail9transform16transform_kernelINS2_26policy_selector_from_typesILb0ELb1EN4cuda3std3__45tupleIJEEEPNS7_7complexIdEEEElNS2_21always_true_predicateENS1_17__return_constantISB_EESC_JEEEvT0_ibT1_T2_T3_DpNS2_10kernel_argIT4_EE
    0 bytes stack frame, 0 bytes spill stores, 0 bytes spill loads
ptxas info    : Used 32 registers, used 0 barriers
ptxas info    : Compile time = 8.183 ms
ptxas info    : Compiling entry function '_ZN3cub17_V_300400_SM_10006detail9transform16transform_kernelINS2_26policy_selector_from_typesILb0ELb1EN4cuda3std3__45tupleIJEEEPNS7_7complexIdEEEEiNS2_21always_true_predicateENS1_17__return_constantISB_EESC_JEEEvT0_ibT1_T2_T3_DpNS2_10kernel_argIT4_EE' for 'sm_100'
ptxas info    : Function properties for _ZN3cub17_V_300400_SM_10006detail9transform16transform_kernelINS2_26policy_selector_from_typesILb0ELb1EN4cuda3std3__45tupleIJEEEPNS7_7complexIdEEEEiNS2_21always_true_predicateENS1_17__return_constantISB_EESC_JEEEvT0_ibT1_T2_T3_DpNS2_10kernel_argIT4_EE
    0 bytes stack frame, 0 bytes spill stores, 0 bytes spill loads
ptxas info    : Used 31 registers, used 0 barriers
ptxas info    : Compile time = 6.758 ms
ptxas info    : Compiling entry function '_ZN3cub17_V_300400_SM_10006detail9transform16transform_kernelINS2_26policy_selector_from_typesILb0ELb1EN4cuda3std3__45tupleIJPNS7_7complexIfEESB_EEESB_EElNS2_21always_true_predicateENS5_3__438__callable_permitting_copied_argumentsIN50_GLOBAL__N__8f46261c_17_nvbench_helper_cu_9d8f05325and_tEEESB_JSB_SB_EEEvT0_ibT1_T2_T3_DpNS2_10kernel_argIT4_EE' for 'sm_100'
ptxas info    : Function properties for _ZN3cub17_V_300400_SM_10006detail9transform16transform_kernelINS2_26policy_selector_from_typesILb0ELb1EN4cuda3std3__45tupleIJPNS7_7complexIfEESB_EEESB_EElNS2_21always_true_predicateENS5_3__438__callable_permitting_copied_argumentsIN50_GLOBAL__N__8f46261c_17_nvbench_helper_cu_9d8f05325and_tEEESB_JSB_SB_EEEvT0_ibT1_T2_T3_DpNS2_10kernel_argIT4_EE
    0 bytes stack frame, 0 bytes spill stores, 0 bytes spill loads
ptxas info    : Used 12 registers, used 1 barriers
ptxas info    : Compile time = 9.409 ms
ptxas info    : Compiling entry function '_ZN3cub17_V_300400_SM_10006detail9transform16transform_kernelINS2_26policy_selector_from_typesILb0ELb1EN4cuda3std3__45tupleIJPNS7_7complexIfEESB_EEESB_EEiNS2_21always_true_predicateENS5_3__438__callable_permitting_copied_argumentsIN50_GLOBAL__N__8f46261c_17_nvbench_helper_cu_9d8f05325and_tEEESB_JSB_SB_EEEvT0_ibT1_T2_T3_DpNS2_10kernel_argIT4_EE' for 'sm_100'
ptxas info    : Function properties for _ZN3cub17_V_300400_SM_10006detail9transform16transform_kernelINS2_26policy_selector_from_typesILb0ELb1EN4cuda3std3__45tupleIJPNS7_7complexIfEESB_EEESB_EEiNS2_21always_true_predicateENS5_3__438__callable_permitting_copied_argumentsIN50_GLOBAL__N__8f46261c_17_nvbench_helper_cu_9d8f05325and_tEEESB_JSB_SB_EEEvT0_ibT1_T2_T3_DpNS2_10kernel_argIT4_EE
    0 bytes stack frame, 0 bytes spill stores, 0 bytes spill loads
ptxas info    : Used 12 registers, used 1 barriers
ptxas info    : Compile time = 8.991 ms
ptxas info    : Compiling entry function '_ZN3cub17_V_300400_SM_10006detail9transform16transform_kernelINS2_26policy_selector_from_typesILb0ELb1EN4cuda3std3__45tupleIJEEEPNS7_7complexIfEEEElNS2_21always_true_predicateENS1_17__return_constantISB_EESC_JEEEvT0_ibT1_T2_T3_DpNS2_10kernel_argIT4_EE' for 'sm_100'
ptxas info    : Function properties for _ZN3cub17_V_300400_SM_10006detail9transform16transform_kernelINS2_26policy_selector_from_typesILb0ELb1EN4cuda3std3__45tupleIJEEEPNS7_7complexIfEEEElNS2_21always_true_predicateENS1_17__return_constantISB_EESC_JEEEvT0_ibT1_T2_T3_DpNS2_10kernel_argIT4_EE
    0 bytes stack frame, 0 bytes spill stores, 0 bytes spill loads
ptxas info    : Used 32 registers, used 0 barriers
ptxas info    : Compile time = 7.804 ms
ptxas info    : Compiling entry function '_ZN3cub17_V_300400_SM_10006detail9transform16transform_kernelINS2_26policy_selector_from_typesILb0ELb1EN4cuda3std3__45tupleIJEEEPNS7_7complexIfEEEEiNS2_21always_true_predicateENS1_17__return_constantISB_EESC_JEEEvT0_ibT1_T2_T3_DpNS2_10kernel_argIT4_EE' for 'sm_100'
ptxas info    : Function properties for _ZN3cub17_V_300400_SM_10006detail9transform16transform_kernelINS2_26policy_selector_from_typesILb0ELb1EN4cuda3std3__45tupleIJEEEPNS7_7complexIfEEEEiNS2_21always_true_predicateENS1_17__return_constantISB_EESC_JEEEvT0_ibT1_T2_T3_DpNS2_10kernel_argIT4_EE
    0 bytes stack frame, 0 bytes spill stores, 0 bytes spill loads
ptxas info    : Used 30 registers, used 0 barriers
ptxas info    : Compile time = 6.459 ms
ptxas info    : Compiling entry function '_ZN3cub17_V_300400_SM_10006detail9transform16transform_kernelINS2_26policy_selector_from_typesILb0ELb1EN4cuda3std3__45tupleIJPdS9_EEES9_EElNS2_21always_true_predicateENS5_3__438__callable_permitting_copied_argumentsIN50_GLOBAL__N__8f46261c_17_nvbench_helper_cu_9d8f05325and_tEEES9_JS9_S9_EEEvT0_ibT1_T2_T3_DpNS2_10kernel_argIT4_EE' for 'sm_100'
ptxas info    : Function properties for _ZN3cub17_V_300400_SM_10006detail9transform16transform_kernelINS2_26policy_selector_from_typesILb0ELb1EN4cuda3std3__45tupleIJPdS9_EEES9_EElNS2_21always_true_predicateENS5_3__438__callable_permitting_copied_argumentsIN50_GLOBAL__N__8f46261c_17_nvbench_helper_cu_9d8f05325and_tEEES9_JS9_S9_EEEvT0_ibT1_T2_T3_DpNS2_10kernel_argIT4_EE
    0 bytes stack frame, 0 bytes spill stores, 0 bytes spill loads
ptxas info    : Used 12 registers, used 1 barriers
ptxas info    : Compile time = 9.374 ms
ptxas info    : Compiling entry function '_ZN3cub17_V_300400_SM_10006detail9transform16transform_kernelINS2_26policy_selector_from_typesILb0ELb1EN4cuda3std3__45tupleIJPdS9_EEES9_EEiNS2_21always_true_predicateENS5_3__438__callable_permitting_copied_argumentsIN50_GLOBAL__N__8f46261c_17_nvbench_helper_cu_9d8f05325and_tEEES9_JS9_S9_EEEvT0_ibT1_T2_T3_DpNS2_10kernel_argIT4_EE' for 'sm_100'
ptxas info    : Function properties for _ZN3cub17_V_300400_SM_10006detail9transform16transform_kernelINS2_26policy_selector_from_typesILb0ELb1EN4cuda3std3__45tupleIJPdS9_EEES9_EEiNS2_21always_true_predicateENS5_3__438__callable_permitting_copied_argumentsIN50_GLOBAL__N__8f46261c_17_nvbench_helper_cu_9d8f05325and_tEEES9_JS9_S9_EEEvT0_ibT1_T2_T3_DpNS2_10kernel_argIT4_EE
    0 bytes stack frame, 0 bytes spill stores, 0 bytes spill loads
ptxas info    : Used 12 registers, used 1 barriers
ptxas info    : Compile time = 8.977 ms
ptxas info    : Compiling entry function '_ZN3cub17_V_300400_SM_10006detail9transform16transform_kernelINS2_26policy_selector_from_typesILb0ELb1EN4cuda3std3__45tupleIJPKdEEEPdEElNS2_21always_true_predicateENS5_3__438__callable_permitting_copied_argumentsIN50_GLOBAL__N__8f46261c_17_nvbench_helper_cu_9d8f053216random_to_item_tIdEEEESC_JSA_EEEvT0_ibT1_T2_T3_DpNS2_10kernel_argIT4_EE' for 'sm_100'
ptxas info    : Function properties for _ZN3cub17_V_300400_SM_10006detail9transform16transform_kernelINS2_26policy_selector_from_typesILb0ELb1EN4cuda3std3__45tupleIJPKdEEEPdEElNS2_21always_true_predicateENS5_3__438__callable_permitting_copied_argumentsIN50_GLOBAL__N__8f46261c_17_nvbench_helper_cu_9d8f053216random_to_item_tIdEEEESC_JSA_EEEvT0_ibT1_T2_T3_DpNS2_10kernel_argIT4_EE
    0 bytes stack frame, 0 bytes spill stores, 0 bytes spill loads
ptxas info    : Used 13 registers, used 1 barriers
ptxas info    : Compile time = 7.281 ms
ptxas info    : Compiling entry function '_ZN3cub17_V_300400_SM_10006detail9transform16transform_kernelINS2_26policy_selector_from_typesILb0ELb1EN4cuda3std3__45tupleIJPKdEEEPdEEiNS2_21always_true_predicateENS5_3__438__callable_permitting_copied_argumentsIN50_GLOBAL__N__8f46261c_17_nvbench_helper_cu_9d8f053216random_to_item_tIdEEEESC_JSA_EEEvT0_ibT1_T2_T3_DpNS2_10kernel_argIT4_EE' for 'sm_100'
ptxas info    : Function properties for _ZN3cub17_V_300400_SM_10006detail9transform16transform_kernelINS2_26policy_selector_from_typesILb0ELb1EN4cuda3std3__45tupleIJPKdEEEPdEEiNS2_21always_true_predicateENS5_3__438__callable_permitting_copied_argumentsIN50_GLOBAL__N__8f46261c_17_nvbench_helper_cu_9d8f053216random_to_item_tIdEEEESC_JSA_EEEvT0_ibT1_T2_T3_DpNS2_10kernel_argIT4_EE
    0 bytes stack frame, 0 bytes spill stores, 0 bytes spill loads
ptxas info    : Used 13 registers, used 1 barriers
ptxas info    : Compile time = 6.940 ms
ptxas info    : Compiling entry function '_ZN3cub17_V_300400_SM_10006detail9transform16transform_kernelINS2_26policy_selector_from_typesILb0ELb1EN4cuda3std3__45tupleIJPfS9_EEES9_EElNS2_21always_true_predicateENS5_3__438__callable_permitting_copied_argumentsIN50_GLOBAL__N__8f46261c_17_nvbench_helper_cu_9d8f05325and_tEEES9_JS9_S9_EEEvT0_ibT1_T2_T3_DpNS2_10kernel_argIT4_EE' for 'sm_100'
ptxas info    : Function properties for _ZN3cub17_V_300400_SM_10006detail9transform16transform_kernelINS2_26policy_selector_from_typesILb0ELb1EN4cuda3std3__45tupleIJPfS9_EEES9_EElNS2_21always_true_predicateENS5_3__438__callable_permitting_copied_argumentsIN50_GLOBAL__N__8f46261c_17_nvbench_helper_cu_9d8f05325and_tEEES9_JS9_S9_EEEvT0_ibT1_T2_T3_DpNS2_10kernel_argIT4_EE
    0 bytes stack frame, 0 bytes spill stores, 0 bytes spill loads
ptxas info    : Used 12 registers, used 1 barriers
ptxas info    : Compile time = 9.279 ms
ptxas info    : Compiling entry function '_ZN3cub17_V_300400_SM_10006detail9transform16transform_kernelINS2_26policy_selector_from_typesILb0ELb1EN4cuda3std3__45tupleIJPfS9_EEES9_EEiNS2_21always_true_predicateENS5_3__438__callable_permitting_copied_argumentsIN50_GLOBAL__N__8f46261c_17_nvbench_helper_cu_9d8f05325and_tEEES9_JS9_S9_EEEvT0_ibT1_T2_T3_DpNS2_10kernel_argIT4_EE' for 'sm_100'
ptxas info    : Function properties for _ZN3cub17_V_300400_SM_10006detail9transform16transform_kernelINS2_26policy_selector_from_typesILb0ELb1EN4cuda3std3__45tupleIJPfS9_EEES9_EEiNS2_21always_true_predicateENS5_3__438__callable_permitting_copied_argumentsIN50_GLOBAL__N__8f46261c_17_nvbench_helper_cu_9d8f05325and_tEEES9_JS9_S9_EEEvT0_ibT1_T2_T3_DpNS2_10kernel_argIT4_EE
    0 bytes stack frame, 0 bytes spill stores, 0 bytes spill loads
ptxas info    : Used 12 registers, used 1 barriers
ptxas info    : Compile time = 8.889 ms
ptxas info    : Compiling entry function '_ZN3cub17_V_300400_SM_10006detail9transform16transform_kernelINS2_26policy_selector_from_typesILb0ELb1EN4cuda3std3__45tupleIJEEEPfEElNS2_21always_true_predicateENS1_17__return_constantIfEESA_JEEEvT0_ibT1_T2_T3_DpNS2_10kernel_argIT4_EE' for 'sm_100'
ptxas info    : Function properties for _ZN3cub17_V_300400_SM_10006detail9transform16transform_kernelINS2_26policy_selector_from_typesILb0ELb1EN4cuda3std3__45tupleIJEEEPfEElNS2_21always_true_predicateENS1_17__return_constantIfEESA_JEEEvT0_ibT1_T2_T3_DpNS2_10kernel_argIT4_EE
    0 bytes stack frame, 0 bytes spill stores, 0 bytes spill loads
ptxas info    : Used 32 registers, used 0 barriers
ptxas info    : Compile time = 7.688 ms
ptxas info    : Compiling entry function '_ZN3cub17_V_300400_SM_10006detail9transform16transform_kernelINS2_26policy_selector_from_typesILb0ELb1EN4cuda3std3__45tupleIJEEEPfEEiNS2_21always_true_predicateENS1_17__return_constantIfEESA_JEEEvT0_ibT1_T2_T3_DpNS2_10kernel_argIT4_EE' for 'sm_100'
ptxas info    : Function properties for _ZN3cub17_V_300400_SM_10006detail9transform16transform_kernelINS2_26policy_selector_from_typesILb0ELb1EN4cuda3std3__45tupleIJEEEPfEEiNS2_21always_true_predicateENS1_17__return_constantIfEESA_JEEEvT0_ibT1_T2_T3_DpNS2_10kernel_argIT4_EE
    0 bytes stack frame, 0 bytes spill stores, 0 bytes spill loads
ptxas info    : Used 32 registers, used 0 barriers
ptxas info    : Compile time = 6.329 ms
ptxas info    : Compiling entry function '_ZN3cub17_V_300400_SM_10006detail9transform16transform_kernelINS2_26policy_selector_from_typesILb0ELb1EN4cuda3std3__45tupleIJPKdEEEPfEElNS2_21always_true_predicateENS5_3__438__callable_permitting_copied_argumentsIN50_GLOBAL__N__8f46261c_17_nvbench_helper_cu_9d8f053216random_to_item_tIfEEEESC_JSA_EEEvT0_ibT1_T2_T3_DpNS2_10kernel_argIT4_EE' for 'sm_100'
ptxas info    : Function properties for _ZN3cub17_V_300400_SM_10006detail9transform16transform_kernelINS2_26policy_selector_from_typesILb0ELb1EN4cuda3std3__45tupleIJPKdEEEPfEElNS2_21always_true_predicateENS5_3__438__callable_permitting_copied_argumentsIN50_GLOBAL__N__8f46261c_17_nvbench_helper_cu_9d8f053216random_to_item_tIfEEEESC_JSA_EEEvT0_ibT1_T2_T3_DpNS2_10kernel_argIT4_EE
    0 bytes stack frame, 0 bytes spill stores, 0 bytes spill loads
ptxas info    : Used 12 registers, used 1 barriers
ptxas info    : Compile time = 7.406 ms
ptxas info    : Compiling entry function '_ZN3cub17_V_300400_SM_10006detail9transform16transform_kernelINS2_26policy_selector_from_typesILb0ELb1EN4cuda3std3__45tupleIJPKdEEEPfEEiNS2_21always_true_predicateENS5_3__438__callable_permitting_copied_argumentsIN50_GLOBAL__N__8f46261c_17_nvbench_helper_cu_9d8f053216random_to_item_tIfEEEESC_JSA_EEEvT0_ibT1_T2_T3_DpNS2_10kernel_argIT4_EE' for 'sm_100'
ptxas info    : Function properties for _ZN3cub17_V_300400_SM_10006detail9transform16transform_kernelINS2_26policy_selector_from_typesILb0ELb1EN4cuda3std3__45tupleIJPKdEEEPfEEiNS2_21always_true_predicateENS5_3__438__callable_permitting_copied_argumentsIN50_GLOBAL__N__8f46261c_17_nvbench_helper_cu_9d8f053216random_to_item_tIfEEEESC_JSA_EEEvT0_ibT1_T2_T3_DpNS2_10kernel_argIT4_EE
    0 bytes stack frame, 0 bytes spill stores, 0 bytes spill loads
ptxas info    : Used 12 registers, used 1 barriers
ptxas info    : Compile time = 6.986 ms
ptxas info    : Compiling entry function '_ZN3cub17_V_300400_SM_10006detail9transform16transform_kernelINS2_26policy_selector_from_typesILb0ELb1EN4cuda3std3__45tupleIJPoS9_EEES9_EElNS2_21always_true_predicateENS5_3__438__callable_permitting_copied_argumentsIN50_GLOBAL__N__8f46261c_17_nvbench_helper_cu_9d8f05325and_tEEES9_JS9_S9_EEEvT0_ibT1_T2_T3_DpNS2_10kernel_argIT4_EE' for 'sm_100'
ptxas info    : Function properties for _ZN3cub17_V_300400_SM_10006detail9transform16transform_kernelINS2_26policy_selector_from_typesILb0ELb1EN4cuda3std3__45tupleIJPoS9_EEES9_EElNS2_21always_true_predicateENS5_3__438__callable_permitting_copied_argumentsIN50_GLOBAL__N__8f46261c_17_nvbench_helper_cu_9d8f05325and_tEEES9_JS9_S9_EEEvT0_ibT1_T2_T3_DpNS2_10kernel_argIT4_EE
    0 bytes stack frame, 0 bytes spill stores, 0 bytes spill loads
ptxas info    : Used 17 registers, used 1 barriers
ptxas info    : Compile time = 8.854 ms
ptxas info    : Compiling entry function '_ZN3cub17_V_300400_SM_10006detail9transform16transform_kernelINS2_26policy_selector_from_typesILb0ELb1EN4cuda3std3__45tupleIJPoS9_EEES9_EEiNS2_21always_true_predicateENS5_3__438__callable_permitting_copied_argumentsIN50_GLOBAL__N__8f46261c_17_nvbench_helper_cu_9d8f05325and_tEEES9_JS9_S9_EEEvT0_ibT1_T2_T3_DpNS2_10kernel_argIT4_EE' for 'sm_100'
ptxas info    : Function properties for _ZN3cub17_V_300400_SM_10006detail9transform16transform_kernelINS2_26policy_selector_from_typesILb0ELb1EN4cuda3std3__45tupleIJPoS9_EEES9_EEiNS2_21always_true_predicateENS5_3__438__callable_permitting_copied_argumentsIN50_GLOBAL__N__8f46261c_17_nvbench_helper_cu_9d8f05325and_tEEES9_JS9_S9_EEEvT0_ibT1_T2_T3_DpNS2_10kernel_argIT4_EE
    0 bytes stack frame, 0 bytes spill stores, 0 bytes spill loads
ptxas info    : Used 16 registers, used 1 barriers
ptxas info    : Compile time = 8.460 ms
ptxas info    : Compiling entry function '_ZN3cub17_V_300400_SM_10006detail9transform16transform_kernelINS2_26policy_selector_from_typesILb0ELb1EN4cuda3std3__45tupleIJEEEPoEElNS2_21always_true_predicateENS1_17__return_constantIoEESA_JEEEvT0_ibT1_T2_T3_DpNS2_10kernel_argIT4_EE' for 'sm_100'
ptxas info    : Function properties for _ZN3cub17_V_300400_SM_10006detail9transform16transform_kernelINS2_26policy_selector_from_typesILb0ELb1EN4cuda3std3__45tupleIJEEEPoEElNS2_21always_true_predicateENS1_17__return_constantIoEESA_JEEEvT0_ibT1_T2_T3_DpNS2_10kernel_argIT4_EE
    0 bytes stack frame, 0 bytes spill stores, 0 bytes spill loads
ptxas info    : Used 32 registers, used 0 barriers
ptxas info    : Compile time = 8.185 ms
ptxas info    : Compiling entry function '_ZN3cub17_V_300400_SM_10006detail9transform16transform_kernelINS2_26policy_selector_from_typesILb0ELb1EN4cuda3std3__45tupleIJEEEPoEEiNS2_21always_true_predicateENS1_17__return_constantIoEESA_JEEEvT0_ibT1_T2_T3_DpNS2_10kernel_argIT4_EE' for 'sm_100'
ptxas info    : Function properties for _ZN3cub17_V_300400_SM_10006detail9transform16transform_kernelINS2_26policy_selector_from_typesILb0ELb1EN4cuda3std3__45tupleIJEEEPoEEiNS2_21always_true_predicateENS1_17__return_constantIoEESA_JEEEvT0_ibT1_T2_T3_DpNS2_10kernel_argIT4_EE
    0 bytes stack frame, 0 bytes spill stores, 0 bytes spill loads
ptxas info    : Used 31 registers, used 0 barriers
ptxas info    : Compile time = 6.733 ms
ptxas info    : Compiling entry function '_ZN3cub17_V_300400_SM_10006detail9transform16transform_kernelINS2_26policy_selector_from_typesILb0ELb1EN4cuda3std3__45tupleIJPKdEEEPoEElNS2_21always_true_predicateENS5_3__438__callable_permitting_copied_argumentsIN50_GLOBAL__N__8f46261c_17_nvbench_helper_cu_9d8f053216random_to_item_tIoEEEESC_JSA_EEEvT0_ibT1_T2_T3_DpNS2_10kernel_argIT4_EE' for 'sm_100'
ptxas info    : Function properties for _ZN3cub17_V_300400_SM_10006detail9transform16transform_kernelINS2_26policy_selector_from_typesILb0ELb1EN4cuda3std3__45tupleIJPKdEEEPoEElNS2_21always_true_predicateENS5_3__438__callable_permitting_copied_argumentsIN50_GLOBAL__N__8f46261c_17_nvbench_helper_cu_9d8f053216random_to_item_tIoEEEESC_JSA_EEEvT0_ibT1_T2_T3_DpNS2_10kernel_argIT4_EE
    0 bytes stack frame, 0 bytes spill stores, 0 bytes spill loads
ptxas info    : Used 17 registers, used 1 barriers
ptxas info    : Compile time = 9.778 ms
ptxas info    : Compiling entry function '_ZN3cub17_V_300400_SM_10006detail9transform16transform_kernelINS2_26policy_selector_from_typesILb0ELb1EN4cuda3std3__45tupleIJPKdEEEPoEEiNS2_21always_true_predicateENS5_3__438__callable_permitting_copied_argumentsIN50_GLOBAL__N__8f46261c_17_nvbench_helper_cu_9d8f053216random_to_item_tIoEEEESC_JSA_EEEvT0_ibT1_T2_T3_DpNS2_10kernel_argIT4_EE' for 'sm_100'
ptxas info    : Function properties for _ZN3cub17_V_300400_SM_10006detail9transform16transform_kernelINS2_26policy_selector_from_typesILb0ELb1EN4cuda3std3__45tupleIJPKdEEEPoEEiNS2_21always_true_predicateENS5_3__438__callable_permitting_copied_argumentsIN50_GLOBAL__N__8f46261c_17_nvbench_helper_cu_9d8f053216random_to_item_tIoEEEESC_JSA_EEEvT0_ibT1_T2_T3_DpNS2_10kernel_argIT4_EE
    0 bytes stack frame, 0 bytes spill stores, 0 bytes spill loads
ptxas info    : Used 16 registers, used 1 barriers
ptxas info    : Compile time = 9.429 ms
ptxas info    : Compiling entry function '_ZN3cub17_V_300400_SM_10006detail9transform16transform_kernelINS2_26policy_selector_from_typesILb0ELb1EN4cuda3std3__45tupleIJPnS9_EEES9_EElNS2_21always_true_predicateENS5_3__438__callable_permitting_copied_argumentsIN50_GLOBAL__N__8f46261c_17_nvbench_helper_cu_9d8f05325and_tEEES9_JS9_S9_EEEvT0_ibT1_T2_T3_DpNS2_10kernel_argIT4_EE' for 'sm_100'
ptxas info    : Function properties for _ZN3cub17_V_300400_SM_10006detail9transform16transform_kernelINS2_26policy_selector_from_typesILb0ELb1EN4cuda3std3__45tupleIJPnS9_EEES9_EElNS2_21always_true_predicateENS5_3__438__callable_permitting_copied_argumentsIN50_GLOBAL__N__8f46261c_17_nvbench_helper_cu_9d8f05325and_tEEES9_JS9_S9_EEEvT0_ibT1_T2_T3_DpNS2_10kernel_argIT4_EE
    0 bytes stack frame, 0 bytes spill stores, 0 bytes spill loads
ptxas info    : Used 17 registers, used 1 barriers
ptxas info    : Compile time = 8.857 ms
ptxas info    : Compiling entry function '_ZN3cub17_V_300400_SM_10006detail9transform16transform_kernelINS2_26policy_selector_from_typesILb0ELb1EN4cuda3std3__45tupleIJPnS9_EEES9_EEiNS2_21always_true_predicateENS5_3__438__callable_permitting_copied_argumentsIN50_GLOBAL__N__8f46261c_17_nvbench_helper_cu_9d8f05325and_tEEES9_JS9_S9_EEEvT0_ibT1_T2_T3_DpNS2_10kernel_argIT4_EE' for 'sm_100'
ptxas info    : Function properties for _ZN3cub17_V_300400_SM_10006detail9transform16transform_kernelINS2_26policy_selector_from_typesILb0ELb1EN4cuda3std3__45tupleIJPnS9_EEES9_EEiNS2_21always_true_predicateENS5_3__438__callable_permitting_copied_argumentsIN50_GLOBAL__N__8f46261c_17_nvbench_helper_cu_9d8f05325and_tEEES9_JS9_S9_EEEvT0_ibT1_T2_T3_DpNS2_10kernel_argIT4_EE
    0 bytes stack frame, 0 bytes spill stores, 0 bytes spill loads
ptxas info    : Used 16 registers, used 1 barriers
ptxas info    : Compile time = 8.479 ms
ptxas info    : Compiling entry function '_ZN3cub17_V_300400_SM_10006detail9transform16transform_kernelINS2_26policy_selector_from_typesILb0ELb1EN4cuda3std3__45tupleIJEEEPnEElNS2_21always_true_predicateENS1_17__return_constantInEESA_JEEEvT0_ibT1_T2_T3_DpNS2_10kernel_argIT4_EE' for 'sm_100'
ptxas info    : Function properties for _ZN3cub17_V_300400_SM_10006detail9transform16transform_kernelINS2_26policy_selector_from_typesILb0ELb1EN4cuda3std3__45tupleIJEEEPnEElNS2_21always_true_predicateENS1_17__return_constantInEESA_JEEEvT0_ibT1_T2_T3_DpNS2_10kernel_argIT4_EE
    0 bytes stack frame, 0 bytes spill stores, 0 bytes spill loads
ptxas info    : Used 32 registers, used 0 barriers
ptxas info    : Compile time = 8.175 ms
ptxas info    : Compiling entry function '_ZN3cub17_V_300400_SM_10006detail9transform16transform_kernelINS2_26policy_selector_from_typesILb0ELb1EN4cuda3std3__45tupleIJEEEPnEEiNS2_21always_true_predicateENS1_17__return_constantInEESA_JEEEvT0_ibT1_T2_T3_DpNS2_10kernel_argIT4_EE' for 'sm_100'
ptxas info    : Function properties for _ZN3cub17_V_300400_SM_10006detail9transform16transform_kernelINS2_26policy_selector_from_typesILb0ELb1EN4cuda3std3__45tupleIJEEEPnEEiNS2_21always_true_predicateENS1_17__return_constantInEESA_JEEEvT0_ibT1_T2_T3_DpNS2_10kernel_argIT4_EE
    0 bytes stack frame, 0 bytes spill stores, 0 bytes spill loads
ptxas info    : Used 31 registers, used 0 barriers
ptxas info    : Compile time = 6.736 ms
ptxas info    : Compiling entry function '_ZN3cub17_V_300400_SM_10006detail9transform16transform_kernelINS2_26policy_selector_from_typesILb0ELb1EN4cuda3std3__45tupleIJPKdEEEPnEElNS2_21always_true_predicateENS5_3__438__callable_permitting_copied_argumentsIN50_GLOBAL__N__8f46261c_17_nvbench_helper_cu_9d8f053216random_to_item_tInEEEESC_JSA_EEEvT0_ibT1_T2_T3_DpNS2_10kernel_argIT4_EE' for 'sm_100'
ptxas info    : Function properties for _ZN3cub17_V_300400_SM_10006detail9transform16transform_kernelINS2_26policy_selector_from_typesILb0ELb1EN4cuda3std3__45tupleIJPKdEEEPnEElNS2_21always_true_predicateENS5_3__438__callable_permitting_copied_argumentsIN50_GLOBAL__N__8f46261c_17_nvbench_helper_cu_9d8f053216random_to_item_tInEEEESC_JSA_EEEvT0_ibT1_T2_T3_DpNS2_10kernel_argIT4_EE
    0 bytes stack frame, 0 bytes spill stores, 0 bytes spill loads
ptxas info    : Used 17 registers, used 1 barriers
ptxas info    : Compile time = 10.751 ms
ptxas info    : Compiling entry function '_ZN3cub17_V_300400_SM_10006detail9transform16transform_kernelINS2_26policy_selector_from_typesILb0ELb1EN4cuda3std3__45tupleIJPKdEEEPnEEiNS2_21always_true_predicateENS5_3__438__callable_permitting_copied_argumentsIN50_GLOBAL__N__8f46261c_17_nvbench_helper_cu_9d8f053216random_to_item_tInEEEESC_JSA_EEEvT0_ibT1_T2_T3_DpNS2_10kernel_argIT4_EE' for 'sm_100'
ptxas info    : Function properties for _ZN3cub17_V_300400_SM_10006detail9transform16transform_kernelINS2_26policy_selector_from_typesILb0ELb1EN4cuda3std3__45tupleIJPKdEEEPnEEiNS2_21always_true_predicateENS5_3__438__callable_permitting_copied_argumentsIN50_GLOBAL__N__8f46261c_17_nvbench_helper_cu_9d8f053216random_to_item_tInEEEESC_JSA_EEEvT0_ibT1_T2_T3_DpNS2_10kernel_argIT4_EE
    0 bytes stack frame, 0 bytes spill stores, 0 bytes spill loads
ptxas info    : Used 17 registers, used 1 barriers
ptxas info    : Compile time = 10.302 ms
ptxas info    : Compiling entry function '_ZN3cub17_V_300400_SM_10006detail9transform16transform_kernelINS2_26policy_selector_from_typesILb0ELb1EN4cuda3std3__45tupleIJPsS9_EEES9_EElNS2_21always_true_predicateENS5_3__438__callable_permitting_copied_argumentsIN50_GLOBAL__N__8f46261c_17_nvbench_helper_cu_9d8f05325and_tEEES9_JS9_S9_EEEvT0_ibT1_T2_T3_DpNS2_10kernel_argIT4_EE' for 'sm_100'
ptxas info    : Function properties for _ZN3cub17_V_300400_SM_10006detail9transform16transform_kernelINS2_26policy_selector_from_typesILb0ELb1EN4cuda3std3__45tupleIJPsS9_EEES9_EElNS2_21always_true_predicateENS5_3__438__callable_permitting_copied_argumentsIN50_GLOBAL__N__8f46261c_17_nvbench_helper_cu_9d8f05325and_tEEES9_JS9_S9_EEEvT0_ibT1_T2_T3_DpNS2_10kernel_argIT4_EE
    0 bytes stack frame, 0 bytes spill stores, 0 bytes spill loads
ptxas info    : Used 12 registers, used 1 barriers
ptxas info    : Compile time = 9.264 ms
ptxas info    : Compiling entry function '_ZN3cub17_V_300400_SM_10006detail9transform16transform_kernelINS2_26policy_selector_from_typesILb0ELb1EN4cuda3std3__45tupleIJPsS9_EEES9_EEiNS2_21always_true_predicateENS5_3__438__callable_permitting_copied_argumentsIN50_GLOBAL__N__8f46261c_17_nvbench_helper_cu_9d8f05325and_tEEES9_JS9_S9_EEEvT0_ibT1_T2_T3_DpNS2_10kernel_argIT4_EE' for 'sm_100'
ptxas info    : Function properties for _ZN3cub17_V_300400_SM_10006detail9transform16transform_kernelINS2_26policy_selector_from_typesILb0ELb1EN4cuda3std3__45tupleIJPsS9_EEES9_EEiNS2_21always_true_predicateENS5_3__438__callable_permitting_copied_argumentsIN50_GLOBAL__N__8f46261c_17_nvbench_helper_cu_9d8f05325and_tEEES9_JS9_S9_EEEvT0_ibT1_T2_T3_DpNS2_10kernel_argIT4_EE
    0 bytes stack frame, 0 bytes spill stores, 0 bytes spill loads
ptxas info    : Used 12 registers, used 1 barriers
ptxas info    : Compile time = 8.882 ms
ptxas info    : Compiling entry function '_ZN3cub17_V_300400_SM_10006detail9transform16transform_kernelINS2_26policy_selector_from_typesILb0ELb1EN4cuda3std3__45tupleIJEEEPsEElNS2_21always_true_predicateENS1_17__return_constantIsEESA_JEEEvT0_ibT1_T2_T3_DpNS2_10kernel_argIT4_EE' for 'sm_100'
ptxas info    : Function properties for _ZN3cub17_V_300400_SM_10006detail9transform16transform_kernelINS2_26policy_selector_from_typesILb0ELb1EN4cuda3std3__45tupleIJEEEPsEElNS2_21always_true_predicateENS1_17__return_constantIsEESA_JEEEvT0_ibT1_T2_T3_DpNS2_10kernel_argIT4_EE
    0 bytes stack frame, 0 bytes spill stores, 0 bytes spill loads
ptxas info    : Used 32 registers, used 0 barriers
ptxas info    : Compile time = 7.551 ms
ptxas info    : Compiling entry function '_ZN3cub17_V_300400_SM_10006detail9transform16transform_kernelINS2_26policy_selector_from_typesILb0ELb1EN4cuda3std3__45tupleIJEEEPsEEiNS2_21always_true_predicateENS1_17__return_constantIsEESA_JEEEvT0_ibT1_T2_T3_DpNS2_10kernel_argIT4_EE' for 'sm_100'
ptxas info    : Function properties for _ZN3cub17_V_300400_SM_10006detail9transform16transform_kernelINS2_26policy_selector_from_typesILb0ELb1EN4cuda3std3__45tupleIJEEEPsEEiNS2_21always_true_predicateENS1_17__return_constantIsEESA_JEEEvT0_ibT1_T2_T3_DpNS2_10kernel_argIT4_EE
    0 bytes stack frame, 0 bytes spill stores, 0 bytes spill loads
ptxas info    : Used 32 registers, used 0 barriers
ptxas info    : Compile time = 6.207 ms
ptxas info    : Compiling entry function '_ZN3cub17_V_300400_SM_10006detail9transform16transform_kernelINS2_26policy_selector_from_typesILb0ELb1EN4cuda3std3__45tupleIJPKdEEEPsEElNS2_21always_true_predicateENS5_3__438__callable_permitting_copied_argumentsIN50_GLOBAL__N__8f46261c_17_nvbench_helper_cu_9d8f053216random_to_item_tIsEEEESC_JSA_EEEvT0_ibT1_T2_T3_DpNS2_10kernel_argIT4_EE' for 'sm_100'
ptxas info    : Function properties for _ZN3cub17_V_300400_SM_10006detail9transform16transform_kernelINS2_26policy_selector_from_typesILb0ELb1EN4cuda3std3__45tupleIJPKdEEEPsEElNS2_21always_true_predicateENS5_3__438__callable_permitting_copied_argumentsIN50_GLOBAL__N__8f46261c_17_nvbench_helper_cu_9d8f053216random_to_item_tIsEEEESC_JSA_EEEvT0_ibT1_T2_T3_DpNS2_10kernel_argIT4_EE
    0 bytes stack frame, 0 bytes spill stores, 0 bytes spill loads
ptxas info    : Used 12 registers, used 1 barriers
ptxas info    : Compile time = 7.432 ms
ptxas info    : Compiling entry function '_ZN3cub17_V_300400_SM_10006detail9transform16transform_kernelINS2_26policy_selector_from_typesILb0ELb1EN4cuda3std3__45tupleIJPKdEEEPsEEiNS2_21always_true_predicateENS5_3__438__callable_permitting_copied_argumentsIN50_GLOBAL__N__8f46261c_17_nvbench_helper_cu_9d8f053216random_to_item_tIsEEEESC_JSA_EEEvT0_ibT1_T2_T3_DpNS2_10kernel_argIT4_EE' for 'sm_100'
ptxas info    : Function properties for _ZN3cub17_V_300400_SM_10006detail9transform16transform_kernelINS2_26policy_selector_from_typesILb0ELb1EN4cuda3std3__45tupleIJPKdEEEPsEEiNS2_21always_true_predicateENS5_3__438__callable_permitting_copied_argumentsIN50_GLOBAL__N__8f46261c_17_nvbench_helper_cu_9d8f053216random_to_item_tIsEEEESC_JSA_EEEvT0_ibT1_T2_T3_DpNS2_10kernel_argIT4_EE
    0 bytes stack frame, 0 bytes spill stores, 0 bytes spill loads
ptxas info    : Used 12 registers, used 1 barriers
ptxas info    : Compile time = 7.052 ms
ptxas info    : Compiling entry function '_ZN3cub17_V_300400_SM_10006detail9transform16transform_kernelINS2_26policy_selector_from_typesILb0ELb1EN4cuda3std3__45tupleIJPaS9_EEES9_EElNS2_21always_true_predicateENS5_3__438__callable_permitting_copied_argumentsIN50_GLOBAL__N__8f46261c_17_nvbench_helper_cu_9d8f05325and_tEEES9_JS9_S9_EEEvT0_ibT1_T2_T3_DpNS2_10kernel_argIT4_EE' for 'sm_100'
ptxas info    : Function properties for _ZN3cub17_V_300400_SM_10006detail9transform16transform_kernelINS2_26policy_selector_from_typesILb0ELb1EN4cuda3std3__45tupleIJPaS9_EEES9_EElNS2_21always_true_predicateENS5_3__438__callable_permitting_copied_argumentsIN50_GLOBAL__N__8f46261c_17_nvbench_helper_cu_9d8f05325and_tEEES9_JS9_S9_EEEvT0_ibT1_T2_T3_DpNS2_10kernel_argIT4_EE
    0 bytes stack frame, 0 bytes spill stores, 0 bytes spill loads
ptxas info    : Used 12 registers, used 1 barriers
ptxas info    : Compile time = 9.145 ms
ptxas info    : Compiling entry function '_ZN3cub17_V_300400_SM_10006detail9transform16transform_kernelINS2_26policy_selector_from_typesILb0ELb1EN4cuda3std3__45tupleIJPaS9_EEES9_EEiNS2_21always_true_predicateENS5_3__438__callable_permitting_copied_argumentsIN50_GLOBAL__N__8f46261c_17_nvbench_helper_cu_9d8f05325and_tEEES9_JS9_S9_EEEvT0_ibT1_T2_T3_DpNS2_10kernel_argIT4_EE' for 'sm_100'
ptxas info    : Function properties for _ZN3cub17_V_300400_SM_10006detail9transform16transform_kernelINS2_26policy_selector_from_typesILb0ELb1EN4cuda3std3__45tupleIJPaS9_EEES9_EEiNS2_21always_true_predicateENS5_3__438__callable_permitting_copied_argumentsIN50_GLOBAL__N__8f46261c_17_nvbench_helper_cu_9d8f05325and_tEEES9_JS9_S9_EEEvT0_ibT1_T2_T3_DpNS2_10kernel_argIT4_EE
    0 bytes stack frame, 0 bytes spill stores, 0 bytes spill loads
ptxas info    : Used 12 registers, used 1 barriers
ptxas info    : Compile time = 8.855 ms
ptxas info    : Compiling entry function '_ZN3cub17_V_300400_SM_10006detail9transform16transform_kernelINS2_26policy_selector_from_typesILb0ELb1EN4cuda3std3__45tupleIJEEEPaEElNS2_21always_true_predicateENS1_17__return_constantIaEESA_JEEEvT0_ibT1_T2_T3_DpNS2_10kernel_argIT4_EE' for 'sm_100'
ptxas info    : Function properties for _ZN3cub17_V_300400_SM_10006detail9transform16transform_kernelINS2_26policy_selector_from_typesILb0ELb1EN4cuda3std3__45tupleIJEEEPaEElNS2_21always_true_predicateENS1_17__return_constantIaEESA_JEEEvT0_ibT1_T2_T3_DpNS2_10kernel_argIT4_EE
    0 bytes stack frame, 0 bytes spill stores, 0 bytes spill loads
ptxas info    : Used 24 registers, used 0 barriers
ptxas info    : Compile time = 7.896 ms
ptxas info    : Compiling entry function '_ZN3cub17_V_300400_SM_10006detail9transform16transform_kernelINS2_26policy_selector_from_typesILb0ELb1EN4cuda3std3__45tupleIJEEEPaEEiNS2_21always_true_predicateENS1_17__return_constantIaEESA_JEEEvT0_ibT1_T2_T3_DpNS2_10kernel_argIT4_EE' for 'sm_100'
ptxas info    : Function properties for _ZN3cub17_V_300400_SM_10006detail9transform16transform_kernelINS2_26policy_selector_from_typesILb0ELb1EN4cuda3std3__45tupleIJEEEPaEEiNS2_21always_true_predicateENS1_17__return_constantIaEESA_JEEEvT0_ibT1_T2_T3_DpNS2_10kernel_argIT4_EE
    0 bytes stack frame, 0 bytes spill stores, 0 bytes spill loads
ptxas info    : Used 22 registers, used 0 barriers
ptxas info    : Compile time = 6.532 ms
ptxas info    : Compiling entry function '_ZN3cub17_V_300400_SM_10006detail9transform16transform_kernelINS2_26policy_selector_from_typesILb0ELb1EN4cuda3std3__45tupleIJPKdEEEPaEElNS2_21always_true_predicateENS5_3__438__callable_permitting_copied_argumentsIN50_GLOBAL__N__8f46261c_17_nvbench_helper_cu_9d8f053216random_to_item_tIaEEEESC_JSA_EEEvT0_ibT1_T2_T3_DpNS2_10kernel_argIT4_EE' for 'sm_100'
ptxas info    : Function properties for _ZN3cub17_V_300400_SM_10006detail9transform16transform_kernelINS2_26policy_selector_from_typesILb0ELb1EN4cuda3std3__45tupleIJPKdEEEPaEElNS2_21always_true_predicateENS5_3__438__callable_permitting_copied_argumentsIN50_GLOBAL__N__8f46261c_17_nvbench_helper_cu_9d8f053216random_to_item_tIaEEEESC_JSA_EEEvT0_ibT1_T2_T3_DpNS2_10kernel_argIT4_EE
    0 bytes stack frame, 0 bytes spill stores, 0 bytes spill loads
ptxas info    : Used 12 registers, used 1 barriers
ptxas info    : Compile time = 7.419 ms
ptxas info    : Compiling entry function '_ZN3cub17_V_300400_SM_10006detail9transform16transform_kernelINS2_26policy_selector_from_typesILb0ELb1EN4cuda3std3__45tupleIJPKdEEEPaEEiNS2_21always_true_predicateENS5_3__438__callable_permitting_copied_argumentsIN50_GLOBAL__N__8f46261c_17_nvbench_helper_cu_9d8f053216random_to_item_tIaEEEESC_JSA_EEEvT0_ibT1_T2_T3_DpNS2_10kernel_argIT4_EE' for 'sm_100'
ptxas info    : Function properties for _ZN3cub17_V_300400_SM_10006detail9transform16transform_kernelINS2_26policy_selector_from_typesILb0ELb1EN4cuda3std3__45tupleIJPKdEEEPaEEiNS2_21always_true_predicateENS5_3__438__callable_permitting_copied_argumentsIN50_GLOBAL__N__8f46261c_17_nvbench_helper_cu_9d8f053216random_to_item_tIaEEEESC_JSA_EEEvT0_ibT1_T2_T3_DpNS2_10kernel_argIT4_EE
    0 bytes stack frame, 0 bytes spill stores, 0 bytes spill loads
ptxas info    : Used 12 registers, used 1 barriers
ptxas info    : Compile time = 7.177 ms
ptxas info    : Compiling entry function '_ZN3cub17_V_300400_SM_10006detail9transform16transform_kernelINS2_26policy_selector_from_typesILb0ELb1EN4cuda3std3__45tupleIJPtS9_EEES9_EElNS2_21always_true_predicateENS5_3__438__callable_permitting_copied_argumentsIN50_GLOBAL__N__8f46261c_17_nvbench_helper_cu_9d8f05325and_tEEES9_JS9_S9_EEEvT0_ibT1_T2_T3_DpNS2_10kernel_argIT4_EE' for 'sm_100'
ptxas info    : Function properties for _ZN3cub17_V_300400_SM_10006detail9transform16transform_kernelINS2_26policy_selector_from_typesILb0ELb1EN4cuda3std3__45tupleIJPtS9_EEES9_EElNS2_21always_true_predicateENS5_3__438__callable_permitting_copied_argumentsIN50_GLOBAL__N__8f46261c_17_nvbench_helper_cu_9d8f05325and_tEEES9_JS9_S9_EEEvT0_ibT1_T2_T3_DpNS2_10kernel_argIT4_EE
    0 bytes stack frame, 0 bytes spill stores, 0 bytes spill loads
ptxas info    : Used 12 registers, used 1 barriers
ptxas info    : Compile time = 9.277 ms
ptxas info    : Compiling entry function '_ZN3cub17_V_300400_SM_10006detail9transform16transform_kernelINS2_26policy_selector_from_typesILb0ELb1EN4cuda3std3__45tupleIJPtS9_EEES9_EEiNS2_21always_true_predicateENS5_3__438__callable_permitting_copied_argumentsIN50_GLOBAL__N__8f46261c_17_nvbench_helper_cu_9d8f05325and_tEEES9_JS9_S9_EEEvT0_ibT1_T2_T3_DpNS2_10kernel_argIT4_EE' for 'sm_100'
ptxas info    : Function properties for _ZN3cub17_V_300400_SM_10006detail9transform16transform_kernelINS2_26policy_selector_from_typesILb0ELb1EN4cuda3std3__45tupleIJPtS9_EEES9_EEiNS2_21always_true_predicateENS5_3__438__callable_permitting_copied_argumentsIN50_GLOBAL__N__8f46261c_17_nvbench_helper_cu_9d8f05325and_tEEES9_JS9_S9_EEEvT0_ibT1_T2_T3_DpNS2_10kernel_argIT4_EE
    0 bytes stack frame, 0 bytes spill stores, 0 bytes spill loads
ptxas info    : Used 12 registers, used 1 barriers
ptxas info    : Compile time = 8.887 ms
ptxas info    : Compiling entry function '_ZN3cub17_V_300400_SM_10006detail9transform16transform_kernelINS2_26policy_selector_from_typesILb0ELb1EN4cuda3std3__45tupleIJEEEPtEElNS2_21always_true_predicateENS1_17__return_constantItEESA_JEEEvT0_ibT1_T2_T3_DpNS2_10kernel_argIT4_EE' for 'sm_100'
ptxas info    : Function properties for _ZN3cub17_V_300400_SM_10006detail9transform16transform_kernelINS2_26policy_selector_from_typesILb0ELb1EN4cuda3std3__45tupleIJEEEPtEElNS2_21always_true_predicateENS1_17__return_constantItEESA_JEEEvT0_ibT1_T2_T3_DpNS2_10kernel_argIT4_EE
    0 bytes stack frame, 0 bytes spill stores, 0 bytes spill loads
ptxas info    : Used 32 registers, used 0 barriers
ptxas info    : Compile time = 7.538 ms
ptxas info    : Compiling entry function '_ZN3cub17_V_300400_SM_10006detail9transform16transform_kernelINS2_26policy_selector_from_typesILb0ELb1EN4cuda3std3__45tupleIJEEEPtEEiNS2_21always_true_predicateENS1_17__return_constantItEESA_JEEEvT0_ibT1_T2_T3_DpNS2_10kernel_argIT4_EE' for 'sm_100'
ptxas info    : Function properties for _ZN3cub17_V_300400_SM_10006detail9transform16transform_kernelINS2_26policy_selector_from_typesILb0ELb1EN4cuda3std3__45tupleIJEEEPtEEiNS2_21always_true_predicateENS1_17__return_constantItEESA_JEEEvT0_ibT1_T2_T3_DpNS2_10kernel_argIT4_EE
    0 bytes stack frame, 0 bytes spill stores, 0 bytes spill loads
ptxas info    : Used 32 registers, used 0 barriers
ptxas info    : Compile time = 6.212 ms
ptxas info    : Compiling entry function '_ZN3cub17_V_300400_SM_10006detail9transform16transform_kernelINS2_26policy_selector_from_typesILb0ELb1EN4cuda3std3__45tupleIJPKdEEEPtEElNS2_21always_true_predicateENS5_3__438__callable_permitting_copied_argumentsIN50_GLOBAL__N__8f46261c_17_nvbench_helper_cu_9d8f053216random_to_item_tItEEEESC_JSA_EEEvT0_ibT1_T2_T3_DpNS2_10kernel_argIT4_EE' for 'sm_100'
ptxas info    : Function properties for _ZN3cub17_V_300400_SM_10006detail9transform16transform_kernelINS2_26policy_selector_from_typesILb0ELb1EN4cuda3std3__45tupleIJPKdEEEPtEElNS2_21always_true_predicateENS5_3__438__callable_permitting_copied_argumentsIN50_GLOBAL__N__8f46261c_17_nvbench_helper_cu_9d8f053216random_to_item_tItEEEESC_JSA_EEEvT0_ibT1_T2_T3_DpNS2_10kernel_argIT4_EE
    0 bytes stack frame, 0 bytes spill stores, 0 bytes spill loads
ptxas info    : Used 12 registers, used 1 barriers
ptxas info    : Compile time = 7.435 ms
ptxas info    : Compiling entry function '_ZN3cub17_V_300400_SM_10006detail9transform16transform_kernelINS2_26policy_selector_from_typesILb0ELb1EN4cuda3std3__45tupleIJPKdEEEPtEEiNS2_21always_true_predicateENS5_3__438__callable_permitting_copied_argumentsIN50_GLOBAL__N__8f46261c_17_nvbench_helper_cu_9d8f053216random_to_item_tItEEEESC_JSA_EEEvT0_ibT1_T2_T3_DpNS2_10kernel_argIT4_EE' for 'sm_100'
ptxas info    : Function properties for _ZN3cub17_V_300400_SM_10006detail9transform16transform_kernelINS2_26policy_selector_from_typesILb0ELb1EN4cuda3std3__45tupleIJPKdEEEPtEEiNS2_21always_true_predicateENS5_3__438__callable_permitting_copied_argumentsIN50_GLOBAL__N__8f46261c_17_nvbench_helper_cu_9d8f053216random_to_item_tItEEEESC_JSA_EEEvT0_ibT1_T2_T3_DpNS2_10kernel_argIT4_EE
    0 bytes stack frame, 0 bytes spill stores, 0 bytes spill loads
ptxas info    : Used 12 registers, used 1 barriers
ptxas info    : Compile time = 7.022 ms
ptxas info    : Compiling entry function '_ZN3cub17_V_300400_SM_10006detail9transform16transform_kernelINS2_26policy_selector_from_typesILb0ELb1EN4cuda3std3__45tupleIJPhS9_EEES9_EElNS2_21always_true_predicateENS5_3__438__callable_permitting_copied_argumentsIN50_GLOBAL__N__8f46261c_17_nvbench_helper_cu_9d8f05325and_tEEES9_JS9_S9_EEEvT0_ibT1_T2_T3_DpNS2_10kernel_argIT4_EE' for 'sm_100'
ptxas info    : Function properties for _ZN3cub17_V_300400_SM_10006detail9transform16transform_kernelINS2_26policy_selector_from_typesILb0ELb1EN4cuda3std3__45tupleIJPhS9_EEES9_EElNS2_21always_true_predicateENS5_3__438__callable_permitting_copied_argumentsIN50_GLOBAL__N__8f46261c_17_nvbench_helper_cu_9d8f05325and_tEEES9_JS9_S9_EEEvT0_ibT1_T2_T3_DpNS2_10kernel_argIT4_EE
    0 bytes stack frame, 0 bytes spill stores, 0 bytes spill loads
ptxas info    : Used 12 registers, used 1 barriers
ptxas info    : Compile time = 9.114 ms
ptxas info    : Compiling entry function '_ZN3cub17_V_300400_SM_10006detail9transform16transform_kernelINS2_26policy_selector_from_typesILb0ELb1EN4cuda3std3__45tupleIJPhS9_EEES9_EEiNS2_21always_true_predicateENS5_3__438__callable_permitting_copied_argumentsIN50_GLOBAL__N__8f46261c_17_nvbench_helper_cu_9d8f05325and_tEEES9_JS9_S9_EEEvT0_ibT1_T2_T3_DpNS2_10kernel_argIT4_EE' for 'sm_100'
ptxas info    : Function properties for _ZN3cub17_V_300400_SM_10006detail9transform16transform_kernelINS2_26policy_selector_from_typesILb0ELb1EN4cuda3std3__45tupleIJPhS9_EEES9_EEiNS2_21always_true_predicateENS5_3__438__callable_permitting_copied_argumentsIN50_GLOBAL__N__8f46261c_17_nvbench_helper_cu_9d8f05325and_tEEES9_JS9_S9_EEEvT0_ibT1_T2_T3_DpNS2_10kernel_argIT4_EE
    0 bytes stack frame, 0 bytes spill stores, 0 bytes spill loads
ptxas info    : Used 12 registers, used 1 barriers
ptxas info    : Compile time = 8.901 ms
ptxas info    : Compiling entry function '_ZN3cub17_V_300400_SM_10006detail9transform16transform_kernelINS2_26policy_selector_from_typesILb0ELb1EN4cuda3std3__45tupleIJEEEPhEElNS2_21always_true_predicateENS1_17__return_constantIhEESA_JEEEvT0_ibT1_T2_T3_DpNS2_10kernel_argIT4_EE' for 'sm_100'
ptxas info    : Function properties for _ZN3cub17_V_300400_SM_10006detail9transform16transform_kernelINS2_26policy_selector_from_typesILb0ELb1EN4cuda3std3__45tupleIJEEEPhEElNS2_21always_true_predicateENS1_17__return_constantIhEESA_JEEEvT0_ibT1_T2_T3_DpNS2_10kernel_argIT4_EE
    0 bytes stack frame, 0 bytes spill stores, 0 bytes spill loads
ptxas info    : Used 24 registers, used 0 barriers
ptxas info    : Compile time = 7.883 ms
ptxas info    : Compiling entry function '_ZN3cub17_V_300400_SM_10006detail9transform16transform_kernelINS2_26policy_selector_from_typesILb0ELb1EN4cuda3std3__45tupleIJEEEPhEEiNS2_21always_true_predicateENS1_17__return_constantIhEESA_JEEEvT0_ibT1_T2_T3_DpNS2_10kernel_argIT4_EE' for 'sm_100'
ptxas info    : Function properties for _ZN3cub17_V_300400_SM_10006detail9transform16transform_kernelINS2_26policy_selector_from_typesILb0ELb1EN4cuda3std3__45tupleIJEEEPhEEiNS2_21always_true_predicateENS1_17__return_constantIhEESA_JEEEvT0_ibT1_T2_T3_DpNS2_10kernel_argIT4_EE
    0 bytes stack frame, 0 bytes spill stores, 0 bytes spill loads
ptxas info    : Used 22 registers, used 0 barriers
ptxas info    : Compile time = 7.026 ms
ptxas info    : Compiling entry function '_ZN3cub17_V_300400_SM_10006detail9transform16transform_kernelINS2_26policy_selector_from_typesILb0ELb1EN4cuda3std3__45tupleIJPKdEEEPhEElNS2_21always_true_predicateENS5_3__438__callable_permitting_copied_argumentsIN50_GLOBAL__N__8f46261c_17_nvbench_helper_cu_9d8f053216random_to_item_tIhEEEESC_JSA_EEEvT0_ibT1_T2_T3_DpNS2_10kernel_argIT4_EE' for 'sm_100'
ptxas info    : Function properties for _ZN3cub17_V_300400_SM_10006detail9transform16transform_kernelINS2_26policy_selector_from_typesILb0ELb1EN4cuda3std3__45tupleIJPKdEEEPhEElNS2_21always_true_predicateENS5_3__438__callable_permitting_copied_argumentsIN50_GLOBAL__N__8f46261c_17_nvbench_helper_cu_9d8f053216random_to_item_tIhEEEESC_JSA_EEEvT0_ibT1_T2_T3_DpNS2_10kernel_argIT4_EE
    0 bytes stack frame, 0 bytes spill stores, 0 bytes spill loads
ptxas info    : Used 12 registers, used 1 barriers
ptxas info    : Compile time = 7.412 ms
ptxas info    : Compiling entry function '_ZN3cub17_V_300400_SM_10006detail9transform16transform_kernelINS2_26policy_selector_from_typesILb0ELb1EN4cuda3std3__45tupleIJPKdEEEPhEEiNS2_21always_true_predicateENS5_3__438__callable_permitting_copied_argumentsIN50_GLOBAL__N__8f46261c_17_nvbench_helper_cu_9d8f053216random_to_item_tIhEEEESC_JSA_EEEvT0_ibT1_T2_T3_DpNS2_10kernel_argIT4_EE' for 'sm_100'
ptxas info    : Function properties for _ZN3cub17_V_300400_SM_10006detail9transform16transform_kernelINS2_26policy_selector_from_typesILb0ELb1EN4cuda3std3__45tupleIJPKdEEEPhEEiNS2_21always_true_predicateENS5_3__438__callable_permitting_copied_argumentsIN50_GLOBAL__N__8f46261c_17_nvbench_helper_cu_9d8f053216random_to_item_tIhEEEESC_JSA_EEEvT0_ibT1_T2_T3_DpNS2_10kernel_argIT4_EE
    0 bytes stack frame, 0 bytes spill stores, 0 bytes spill loads
ptxas info    : Used 12 registers, used 1 barriers
ptxas info    : Compile time = 7.187 ms
ptxas info    : Compiling entry function '_ZN3cub17_V_300400_SM_10006detail9transform16transform_kernelINS2_26policy_selector_from_typesILb0ELb1EN4cuda3std3__45tupleIJPKdEEEPbEElNS2_21always_true_predicateENS5_3__438__callable_permitting_copied_argumentsIN50_GLOBAL__N__8f46261c_17_nvbench_helper_cu_9d8f053223random_to_probability_tEEESC_JSA_EEEvT0_ibT1_T2_T3_DpNS2_10kernel_argIT4_EE' for 'sm_100'
ptxas info    : Function properties for _ZN3cub17_V_300400_SM_10006detail9transform16transform_kernelINS2_26policy_selector_from_typesILb0ELb1EN4cuda3std3__45tupleIJPKdEEEPbEElNS2_21always_true_predicateENS5_3__438__callable_permitting_copied_argumentsIN50_GLOBAL__N__8f46261c_17_nvbench_helper_cu_9d8f053223random_to_probability_tEEESC_JSA_EEEvT0_ibT1_T2_T3_DpNS2_10kernel_argIT4_EE
    0 bytes stack frame, 0 bytes spill stores, 0 bytes spill loads
ptxas info    : Used 13 registers, used 1 barriers
ptxas info    : Compile time = 7.218 ms
ptxas info    : Compiling entry function '_ZN3cub17_V_300400_SM_10006detail9transform16transform_kernelINS2_26policy_selector_from_typesILb0ELb1EN4cuda3std3__45tupleIJPKdEEEPbEEiNS2_21always_true_predicateENS5_3__438__callable_permitting_copied_argumentsIN50_GLOBAL__N__8f46261c_17_nvbench_helper_cu_9d8f053223random_to_probability_tEEESC_JSA_EEEvT0_ibT1_T2_T3_DpNS2_10kernel_argIT4_EE' for 'sm_100'
ptxas info    : Function properties for _ZN3cub17_V_300400_SM_10006detail9transform16transform_kernelINS2_26policy_selector_from_typesILb0ELb1EN4cuda3std3__45tupleIJPKdEEEPbEEiNS2_21always_true_predicateENS5_3__438__callable_permitting_copied_argumentsIN50_GLOBAL__N__8f46261c_17_nvbench_helper_cu_9d8f053223random_to_probability_tEEESC_JSA_EEEvT0_ibT1_T2_T3_DpNS2_10kernel_argIT4_EE
    0 bytes stack frame, 0 bytes spill stores, 0 bytes spill loads
ptxas info    : Used 13 registers, used 1 barriers
ptxas info    : Compile time = 6.963 ms
ptxas info    : Compiling entry function '_ZN3cub17_V_300400_SM_10006detail9transform16transform_kernelINS2_26policy_selector_from_typesILb0ELb1EN4cuda3std3__45tupleIJEEEPbEElNS2_21always_true_predicateENS1_17__return_constantIbEESA_JEEEvT0_ibT1_T2_T3_DpNS2_10kernel_argIT4_EE' for 'sm_100'
ptxas info    : Function properties for _ZN3cub17_V_300400_SM_10006detail9transform16transform_kernelINS2_26policy_selector_from_typesILb0ELb1EN4cuda3std3__45tupleIJEEEPbEElNS2_21always_true_predicateENS1_17__return_constantIbEESA_JEEEvT0_ibT1_T2_T3_DpNS2_10kernel_argIT4_EE
    0 bytes stack frame, 0 bytes spill stores, 0 bytes spill loads
ptxas info    : Used 24 registers, used 0 barriers
ptxas info    : Compile time = 7.883 ms
ptxas info    : Compiling entry function '_ZN3cub17_V_300400_SM_10006detail9transform16transform_kernelINS2_26policy_selector_from_typesILb0ELb1EN4cuda3std3__45tupleIJEEEPbEEiNS2_21always_true_predicateENS1_17__return_constantIbEESA_JEEEvT0_ibT1_T2_T3_DpNS2_10kernel_argIT4_EE' for 'sm_100'
ptxas info    : Function properties for _ZN3cub17_V_300400_SM_10006detail9transform16transform_kernelINS2_26policy_selector_from_typesILb0ELb1EN4cuda3std3__45tupleIJEEEPbEEiNS2_21always_true_predicateENS1_17__return_constantIbEESA_JEEEvT0_ibT1_T2_T3_DpNS2_10kernel_argIT4_EE
    0 bytes stack frame, 0 bytes spill stores, 0 bytes spill loads
ptxas info    : Used 22 registers, used 0 barriers
ptxas info    : Compile time = 6.536 ms
ptxas info    : Compiling entry function '_ZN3cub17_V_300400_SM_10006detail9transform16transform_kernelINS2_26policy_selector_from_typesILb0ELb1EN4cuda3std3__45tupleIJPmS9_EEES9_EElNS2_21always_true_predicateENS5_3__438__callable_permitting_copied_argumentsIN50_GLOBAL__N__8f46261c_17_nvbench_helper_cu_9d8f05325and_tEEES9_JS9_S9_EEEvT0_ibT1_T2_T3_DpNS2_10kernel_argIT4_EE' for 'sm_100'
ptxas info    : Function properties for _ZN3cub17_V_300400_SM_10006detail9transform16transform_kernelINS2_26policy_selector_from_typesILb0ELb1EN4cuda3std3__45tupleIJPmS9_EEES9_EElNS2_21always_true_predicateENS5_3__438__callable_permitting_copied_argumentsIN50_GLOBAL__N__8f46261c_17_nvbench_helper_cu_9d8f05325and_tEEES9_JS9_S9_EEEvT0_ibT1_T2_T3_DpNS2_10kernel_argIT4_EE
    0 bytes stack frame, 0 bytes spill stores, 0 bytes spill loads
ptxas info    : Used 12 registers, used 1 barriers
ptxas info    : Compile time = 9.358 ms
ptxas info    : Compiling entry function '_ZN3cub17_V_300400_SM_10006detail9transform16transform_kernelINS2_26policy_selector_from_typesILb0ELb1EN4cuda3std3__45tupleIJPmS9_EEES9_EEiNS2_21always_true_predicateENS5_3__438__callable_permitting_copied_argumentsIN50_GLOBAL__N__8f46261c_17_nvbench_helper_cu_9d8f05325and_tEEES9_JS9_S9_EEEvT0_ibT1_T2_T3_DpNS2_10kernel_argIT4_EE' for 'sm_100'
ptxas info    : Function properties for _ZN3cub17_V_300400_SM_10006detail9transform16transform_kernelINS2_26policy_selector_from_typesILb0ELb1EN4cuda3std3__45tupleIJPmS9_EEES9_EEiNS2_21always_true_predicateENS5_3__438__callable_permitting_copied_argumentsIN50_GLOBAL__N__8f46261c_17_nvbench_helper_cu_9d8f05325and_tEEES9_JS9_S9_EEEvT0_ibT1_T2_T3_DpNS2_10kernel_argIT4_EE
    0 bytes stack frame, 0 bytes spill stores, 0 bytes spill loads
ptxas info    : Used 12 registers, used 1 barriers
ptxas info    : Compile time = 8.968 ms
ptxas info    : Compiling entry function '_ZN3cub17_V_300400_SM_10006detail9transform16transform_kernelINS2_26policy_selector_from_typesILb0ELb1EN4cuda3std3__45tupleIJEEEPmEElNS2_21always_true_predicateENS1_17__return_constantImEESA_JEEEvT0_ibT1_T2_T3_DpNS2_10kernel_argIT4_EE' for 'sm_100'
ptxas info    : Function properties for _ZN3cub17_V_300400_SM_10006detail9transform16transform_kernelINS2_26policy_selector_from_typesILb0ELb1EN4cuda3std3__45tupleIJEEEPmEElNS2_21always_true_predicateENS1_17__return_constantImEESA_JEEEvT0_ibT1_T2_T3_DpNS2_10kernel_argIT4_EE
    0 bytes stack frame, 0 bytes spill stores, 0 bytes spill loads
ptxas info    : Used 32 registers, used 0 barriers
ptxas info    : Compile time = 7.579 ms
ptxas info    : Compiling entry function '_ZN3cub17_V_300400_SM_10006detail9transform16transform_kernelINS2_26policy_selector_from_typesILb0ELb1EN4cuda3std3__45tupleIJEEEPmEEiNS2_21always_true_predicateENS1_17__return_constantImEESA_JEEEvT0_ibT1_T2_T3_DpNS2_10kernel_argIT4_EE' for 'sm_100'
ptxas info    : Function properties for _ZN3cub17_V_300400_SM_10006detail9transform16transform_kernelINS2_26policy_selector_from_typesILb0ELb1EN4cuda3std3__45tupleIJEEEPmEEiNS2_21always_true_predicateENS1_17__return_constantImEESA_JEEEvT0_ibT1_T2_T3_DpNS2_10kernel_argIT4_EE
    0 bytes stack frame, 0 bytes spill stores, 0 bytes spill loads
ptxas info    : Used 30 registers, used 0 barriers
ptxas info    : Compile time = 6.153 ms
ptxas info    : Compiling entry function '_ZN3cub17_V_300400_SM_10006detail9transform16transform_kernelINS2_26policy_selector_from_typesILb0ELb1EN4cuda3std3__45tupleIJPKdEEEPmEElNS2_21always_true_predicateENS5_3__438__callable_permitting_copied_argumentsIN50_GLOBAL__N__8f46261c_17_nvbench_helper_cu_9d8f053216random_to_item_tImEEEESC_JSA_EEEvT0_ibT1_T2_T3_DpNS2_10kernel_argIT4_EE' for 'sm_100'
ptxas info    : Function properties for _ZN3cub17_V_300400_SM_10006detail9transform16transform_kernelINS2_26policy_selector_from_typesILb0ELb1EN4cuda3std3__45tupleIJPKdEEEPmEElNS2_21always_true_predicateENS5_3__438__callable_permitting_copied_argumentsIN50_GLOBAL__N__8f46261c_17_nvbench_helper_cu_9d8f053216random_to_item_tImEEEESC_JSA_EEEvT0_ibT1_T2_T3_DpNS2_10kernel_argIT4_EE
    0 bytes stack frame, 0 bytes spill stores, 0 bytes spill loads
ptxas info    : Used 12 registers, used 1 barriers
ptxas info    : Compile time = 7.417 ms
ptxas info    : Compiling entry function '_ZN3cub17_V_300400_SM_10006detail9transform16transform_kernelINS2_26policy_selector_from_typesILb0ELb1EN4cuda3std3__45tupleIJPKdEEEPmEEiNS2_21always_true_predicateENS5_3__438__callable_permitting_copied_argumentsIN50_GLOBAL__N__8f46261c_17_nvbench_helper_cu_9d8f053216random_to_item_tImEEEESC_JSA_EEEvT0_ibT1_T2_T3_DpNS2_10kernel_argIT4_EE' for 'sm_100'
ptxas info    : Function properties for _ZN3cub17_V_300400_SM_10006detail9transform16transform_kernelINS2_26policy_selector_from_typesILb0ELb1EN4cuda3std3__45tupleIJPKdEEEPmEEiNS2_21always_true_predicateENS5_3__438__callable_permitting_copied_argumentsIN50_GLOBAL__N__8f46261c_17_nvbench_helper_cu_9d8f053216random_to_item_tImEEEESC_JSA_EEEvT0_ibT1_T2_T3_DpNS2_10kernel_argIT4_EE
    0 bytes stack frame, 0 bytes spill stores, 0 bytes spill loads
ptxas info    : Used 12 registers, used 1 barriers
ptxas info    : Compile time = 7.036 ms
ptxas info    : Compiling entry function '_ZN3cub17_V_300400_SM_10006detail9transform16transform_kernelINS2_26policy_selector_from_typesILb0ELb1EN4cuda3std3__45tupleIJNS5_3__417counting_iteratorIlnLi0ELi0ELi0EEEEEEPmEElNS2_21always_true_predicateENS9_38__callable_permitting_copied_argumentsIN50_GLOBAL__N__8f46261c_17_nvbench_helper_cu_9d8f053218lognormal_adjust_tImEEEESD_JSB_EEEvT0_ibT1_T2_T3_DpNS2_10kernel_argIT4_EE' for 'sm_100'
ptxas info    : Function properties for _ZN3cub17_V_300400_SM_10006detail9transform16transform_kernelINS2_26policy_selector_from_typesILb0ELb1EN4cuda3std3__45tupleIJNS5_3__417counting_iteratorIlnLi0ELi0ELi0EEEEEEPmEElNS2_21always_true_predicateENS9_38__callable_permitting_copied_argumentsIN50_GLOBAL__N__8f46261c_17_nvbench_helper_cu_9d8f053218lognormal_adjust_tImEEEESD_JSB_EEEvT0_ibT1_T2_T3_DpNS2_10kernel_argIT4_EE
    0 bytes stack frame, 0 bytes spill stores, 0 bytes spill loads
ptxas info    : Used 32 registers, used 0 barriers
ptxas info    : Compile time = 16.886 ms
ptxas info    : Compiling entry function '_ZN3cub17_V_300400_SM_10006detail9transform16transform_kernelINS2_26policy_selector_from_typesILb0ELb1EN4cuda3std3__45tupleIJNS5_3__417counting_iteratorIlnLi0ELi0ELi0EEEEEEPmEEiNS2_21always_true_predicateENS9_38__callable_permitting_copied_argumentsIN50_GLOBAL__N__8f46261c_17_nvbench_helper_cu_9d8f053218lognormal_adjust_tImEEEESD_JSB_EEEvT0_ibT1_T2_T3_DpNS2_10kernel_argIT4_EE' for 'sm_100'
ptxas info    : Function properties for _ZN3cub17_V_300400_SM_10006detail9transform16transform_kernelINS2_26policy_selector_from_typesILb0ELb1EN4cuda3std3__45tupleIJNS5_3__417counting_iteratorIlnLi0ELi0ELi0EEEEEEPmEEiNS2_21always_true_predicateENS9_38__callable_permitting_copied_argumentsIN50_GLOBAL__N__8f46261c_17_nvbench_helper_cu_9d8f053218lognormal_adjust_tImEEEESD_JSB_EEEvT0_ibT1_T2_T3_DpNS2_10kernel_argIT4_EE
    0 bytes stack frame, 0 bytes spill stores, 0 bytes spill loads
ptxas info    : Used 32 registers, used 0 barriers
ptxas info    : Compile time = 14.067 ms
ptxas info    : Compiling entry function '_ZN3cub17_V_300400_SM_10006detail9transform16transform_kernelINS2_26policy_selector_from_typesILb0ELb1EN4cuda3std3__45tupleIJPKdEEEPmEElNS2_21always_true_predicateENS5_3__438__callable_permitting_copied_argumentsIN50_GLOBAL__N__8f46261c_17_nvbench_helper_cu_9d8f053223lognormal_transformer_tImEEEESC_JSA_EEEvT0_ibT1_T2_T3_DpNS2_10kernel_argIT4_EE' for 'sm_100'
ptxas info    : Function properties for _ZN3cub17_V_300400_SM_10006detail9transform16transform_kernelINS2_26policy_selector_from_typesILb0ELb1EN4cuda3std3__45tupleIJPKdEEEPmEElNS2_21always_true_predicateENS5_3__438__callable_permitting_copied_argumentsIN50_GLOBAL__N__8f46261c_17_nvbench_helper_cu_9d8f053223lognormal_transformer_tImEEEESC_JSA_EEEvT0_ibT1_T2_T3_DpNS2_10kernel_argIT4_EE
    0 bytes stack frame, 0 bytes spill stores, 0 bytes spill loads
ptxas info    : Used 30 registers, used 1 barriers
ptxas info    : Compile time = 13.102 ms
ptxas info    : Compiling entry function '_ZN3cub17_V_300400_SM_10006detail9transform16transform_kernelINS2_26policy_selector_from_typesILb0ELb1EN4cuda3std3__45tupleIJPKdEEEPmEEiNS2_21always_true_predicateENS5_3__438__callable_permitting_copied_argumentsIN50_GLOBAL__N__8f46261c_17_nvbench_helper_cu_9d8f053223lognormal_transformer_tImEEEESC_JSA_EEEvT0_ibT1_T2_T3_DpNS2_10kernel_argIT4_EE' for 'sm_100'
ptxas info    : Function properties for _ZN3cub17_V_300400_SM_10006detail9transform16transform_kernelINS2_26policy_selector_from_typesILb0ELb1EN4cuda3std3__45tupleIJPKdEEEPmEEiNS2_21always_true_predicateENS5_3__438__callable_permitting_copied_argumentsIN50_GLOBAL__N__8f46261c_17_nvbench_helper_cu_9d8f053223lognormal_transformer_tImEEEESC_JSA_EEEvT0_ibT1_T2_T3_DpNS2_10kernel_argIT4_EE
    0 bytes stack frame, 0 bytes spill stores, 0 bytes spill loads
ptxas info    : Used 30 registers, used 1 barriers
ptxas info    : Compile time = 12.638 ms
ptxas info    : Compiling entry function '_ZN3cub17_V_300400_SM_10006detail9transform16transform_kernelINS2_26policy_selector_from_typesILb0ELb1EN4cuda3std3__45tupleIJPlS9_EEES9_EElNS2_21always_true_predicateENS5_3__438__callable_permitting_copied_argumentsIN50_GLOBAL__N__8f46261c_17_nvbench_helper_cu_9d8f05325and_tEEES9_JS9_S9_EEEvT0_ibT1_T2_T3_DpNS2_10kernel_argIT4_EE' for 'sm_100'
ptxas info    : Function properties for _ZN3cub17_V_300400_SM_10006detail9transform16transform_kernelINS2_26policy_selector_from_typesILb0ELb1EN4cuda3std3__45tupleIJPlS9_EEES9_EElNS2_21always_true_predicateENS5_3__438__callable_permitting_copied_argumentsIN50_GLOBAL__N__8f46261c_17_nvbench_helper_cu_9d8f05325and_tEEES9_JS9_S9_EEEvT0_ibT1_T2_T3_DpNS2_10kernel_argIT4_EE
    0 bytes stack frame, 0 bytes spill stores, 0 bytes spill loads
ptxas info    : Used 12 registers, used 1 barriers
ptxas info    : Compile time = 9.410 ms
ptxas info    : Compiling entry function '_ZN3cub17_V_300400_SM_10006detail9transform16transform_kernelINS2_26policy_selector_from_typesILb0ELb1EN4cuda3std3__45tupleIJPlS9_EEES9_EEiNS2_21always_true_predicateENS5_3__438__callable_permitting_copied_argumentsIN50_GLOBAL__N__8f46261c_17_nvbench_helper_cu_9d8f05325and_tEEES9_JS9_S9_EEEvT0_ibT1_T2_T3_DpNS2_10kernel_argIT4_EE' for 'sm_100'
ptxas info    : Function properties for _ZN3cub17_V_300400_SM_10006detail9transform16transform_kernelINS2_26policy_selector_from_typesILb0ELb1EN4cuda3std3__45tupleIJPlS9_EEES9_EEiNS2_21always_true_predicateENS5_3__438__callable_permitting_copied_argumentsIN50_GLOBAL__N__8f46261c_17_nvbench_helper_cu_9d8f05325and_tEEES9_JS9_S9_EEEvT0_ibT1_T2_T3_DpNS2_10kernel_argIT4_EE
    0 bytes stack frame, 0 bytes spill stores, 0 bytes spill loads
ptxas info    : Used 12 registers, used 1 barriers
ptxas info    : Compile time = 8.986 ms
ptxas info    : Compiling entry function '_ZN3cub17_V_300400_SM_10006detail9transform16transform_kernelINS2_26policy_selector_from_typesILb0ELb1EN4cuda3std3__45tupleIJEEEPlEElNS2_21always_true_predicateENS1_17__return_constantIlEESA_JEEEvT0_ibT1_T2_T3_DpNS2_10kernel_argIT4_EE' for 'sm_100'
ptxas info    : Function properties for _ZN3cub17_V_300400_SM_10006detail9transform16transform_kernelINS2_26policy_selector_from_typesILb0ELb1EN4cuda3std3__45tupleIJEEEPlEElNS2_21always_true_predicateENS1_17__return_constantIlEESA_JEEEvT0_ibT1_T2_T3_DpNS2_10kernel_argIT4_EE
    0 bytes stack frame, 0 bytes spill stores, 0 bytes spill loads
ptxas info    : Used 32 registers, used 0 barriers
ptxas info    : Compile time = 7.539 ms
ptxas info    : Compiling entry function '_ZN3cub17_V_300400_SM_10006detail9transform16transform_kernelINS2_26policy_selector_from_typesILb0ELb1EN4cuda3std3__45tupleIJEEEPlEEiNS2_21always_true_predicateENS1_17__return_constantIlEESA_JEEEvT0_ibT1_T2_T3_DpNS2_10kernel_argIT4_EE' for 'sm_100'
ptxas info    : Function properties for _ZN3cub17_V_300400_SM_10006detail9transform16transform_kernelINS2_26policy_selector_from_typesILb0ELb1EN4cuda3std3__45tupleIJEEEPlEEiNS2_21always_true_predicateENS1_17__return_constantIlEESA_JEEEvT0_ibT1_T2_T3_DpNS2_10kernel_argIT4_EE
    0 bytes stack frame, 0 bytes spill stores, 0 bytes spill loads
ptxas info    : Used 30 registers, used 0 barriers
ptxas info    : Compile time = 6.142 ms
ptxas info    : Compiling entry function '_ZN3cub17_V_300400_SM_10006detail9transform16transform_kernelINS2_26policy_selector_from_typesILb0ELb1EN4cuda3std3__45tupleIJPKdEEEPlEElNS2_21always_true_predicateENS5_3__438__callable_permitting_copied_argumentsIN50_GLOBAL__N__8f46261c_17_nvbench_helper_cu_9d8f053216random_to_item_tIlEEEESC_JSA_EEEvT0_ibT1_T2_T3_DpNS2_10kernel_argIT4_EE' for 'sm_100'
ptxas info    : Function properties for _ZN3cub17_V_300400_SM_10006detail9transform16transform_kernelINS2_26policy_selector_from_typesILb0ELb1EN4cuda3std3__45tupleIJPKdEEEPlEElNS2_21always_true_predicateENS5_3__438__callable_permitting_copied_argumentsIN50_GLOBAL__N__8f46261c_17_nvbench_helper_cu_9d8f053216random_to_item_tIlEEEESC_JSA_EEEvT0_ibT1_T2_T3_DpNS2_10kernel_argIT4_EE
    0 bytes stack frame, 0 bytes spill stores, 0 bytes spill loads
ptxas info    : Used 12 registers, used 1 barriers
ptxas info    : Compile time = 7.426 ms
ptxas info    : Compiling entry function '_ZN3cub17_V_300400_SM_10006detail9transform16transform_kernelINS2_26policy_selector_from_typesILb0ELb1EN4cuda3std3__45tupleIJPKdEEEPlEEiNS2_21always_true_predicateENS5_3__438__callable_permitting_copied_argumentsIN50_GLOBAL__N__8f46261c_17_nvbench_helper_cu_9d8f053216random_to_item_tIlEEEESC_JSA_EEEvT0_ibT1_T2_T3_DpNS2_10kernel_argIT4_EE' for 'sm_100'
ptxas info    : Function properties for _ZN3cub17_V_300400_SM_10006detail9transform16transform_kernelINS2_26policy_selector_from_typesILb0ELb1EN4cuda3std3__45tupleIJPKdEEEPlEEiNS2_21always_true_predicateENS5_3__438__callable_permitting_copied_argumentsIN50_GLOBAL__N__8f46261c_17_nvbench_helper_cu_9d8f053216random_to_item_tIlEEEESC_JSA_EEEvT0_ibT1_T2_T3_DpNS2_10kernel_argIT4_EE
    0 bytes stack frame, 0 bytes spill stores, 0 bytes spill loads
ptxas info    : Used 12 registers, used 1 barriers
ptxas info    : Compile time = 7.047 ms
ptxas info    : Compiling entry function '_ZN3cub17_V_300400_SM_10006detail9transform16transform_kernelINS2_26policy_selector_from_typesILb0ELb1EN4cuda3std3__45tupleIJNS5_3__417counting_iteratorIlnLi0ELi0ELi0EEEEEEPlEElNS2_21always_true_predicateENS9_38__callable_permitting_copied_argumentsIN50_GLOBAL__N__8f46261c_17_nvbench_helper_cu_9d8f053218lognormal_adjust_tIlEEEESD_JSB_EEEvT0_ibT1_T2_T3_DpNS2_10kernel_argIT4_EE' for 'sm_100'
ptxas info    : Function properties for _ZN3cub17_V_300400_SM_10006detail9transform16transform_kernelINS2_26policy_selector_from_typesILb0ELb1EN4cuda3std3__45tupleIJNS5_3__417counting_iteratorIlnLi0ELi0ELi0EEEEEEPlEElNS2_21always_true_predicateENS9_38__callable_permitting_copied_argumentsIN50_GLOBAL__N__8f46261c_17_nvbench_helper_cu_9d8f053218lognormal_adjust_tIlEEEESD_JSB_EEEvT0_ibT1_T2_T3_DpNS2_10kernel_argIT4_EE
    0 bytes stack frame, 0 bytes spill stores, 0 bytes spill loads
ptxas info    : Used 32 registers, used 0 barriers
ptxas info    : Compile time = 17.052 ms
ptxas info    : Compiling entry function '_ZN3cub17_V_300400_SM_10006detail9transform16transform_kernelINS2_26policy_selector_from_typesILb0ELb1EN4cuda3std3__45tupleIJNS5_3__417counting_iteratorIlnLi0ELi0ELi0EEEEEEPlEEiNS2_21always_true_predicateENS9_38__callable_permitting_copied_argumentsIN50_GLOBAL__N__8f46261c_17_nvbench_helper_cu_9d8f053218lognormal_adjust_tIlEEEESD_JSB_EEEvT0_ibT1_T2_T3_DpNS2_10kernel_argIT4_EE' for 'sm_100'
ptxas info    : Function properties for _ZN3cub17_V_300400_SM_10006detail9transform16transform_kernelINS2_26policy_selector_from_typesILb0ELb1EN4cuda3std3__45tupleIJNS5_3__417counting_iteratorIlnLi0ELi0ELi0EEEEEEPlEEiNS2_21always_true_predicateENS9_38__callable_permitting_copied_argumentsIN50_GLOBAL__N__8f46261c_17_nvbench_helper_cu_9d8f053218lognormal_adjust_tIlEEEESD_JSB_EEEvT0_ibT1_T2_T3_DpNS2_10kernel_argIT4_EE
    0 bytes stack frame, 0 bytes spill stores, 0 bytes spill loads
ptxas info    : Used 32 registers, used 0 barriers
ptxas info    : Compile time = 14.198 ms
ptxas info    : Compiling entry function '_ZN3cub17_V_300400_SM_10006detail9transform16transform_kernelINS2_26policy_selector_from_typesILb0ELb1EN4cuda3std3__45tupleIJPKdEEEPlEElNS2_21always_true_predicateENS5_3__438__callable_permitting_copied_argumentsIN50_GLOBAL__N__8f46261c_17_nvbench_helper_cu_9d8f053223lognormal_transformer_tIlEEEESC_JSA_EEEvT0_ibT1_T2_T3_DpNS2_10kernel_argIT4_EE' for 'sm_100'
ptxas info    : Function properties for _ZN3cub17_V_300400_SM_10006detail9transform16transform_kernelINS2_26policy_selector_from_typesILb0ELb1EN4cuda3std3__45tupleIJPKdEEEPlEElNS2_21always_true_predicateENS5_3__438__callable_permitting_copied_argumentsIN50_GLOBAL__N__8f46261c_17_nvbench_helper_cu_9d8f053223lognormal_transformer_tIlEEEESC_JSA_EEEvT0_ibT1_T2_T3_DpNS2_10kernel_argIT4_EE
    0 bytes stack frame, 0 bytes spill stores, 0 bytes spill loads
ptxas info    : Used 30 registers, used 1 barriers
ptxas info    : Compile time = 13.123 ms
ptxas info    : Compiling entry function '_ZN3cub17_V_300400_SM_10006detail9transform16transform_kernelINS2_26policy_selector_from_typesILb0ELb1EN4cuda3std3__45tupleIJPKdEEEPlEEiNS2_21always_true_predicateENS5_3__438__callable_permitting_copied_argumentsIN50_GLOBAL__N__8f46261c_17_nvbench_helper_cu_9d8f053223lognormal_transformer_tIlEEEESC_JSA_EEEvT0_ibT1_T2_T3_DpNS2_10kernel_argIT4_EE' for 'sm_100'
ptxas info    : Function properties for _ZN3cub17_V_300400_SM_10006detail9transform16transform_kernelINS2_26policy_selector_from_typesILb0ELb1EN4cuda3std3__45tupleIJPKdEEEPlEEiNS2_21always_true_predicateENS5_3__438__callable_permitting_copied_argumentsIN50_GLOBAL__N__8f46261c_17_nvbench_helper_cu_9d8f053223lognormal_transformer_tIlEEEESC_JSA_EEEvT0_ibT1_T2_T3_DpNS2_10kernel_argIT4_EE
    0 bytes stack frame, 0 bytes spill stores, 0 bytes spill loads
ptxas info    : Used 30 registers, used 1 barriers
ptxas info    : Compile time = 12.709 ms
ptxas info    : Compiling entry function '_ZN3cub17_V_300400_SM_10006detail9transform16transform_kernelINS2_26policy_selector_from_typesILb0ELb1EN4cuda3std3__45tupleIJPjS9_EEES9_EElNS2_21always_true_predicateENS5_3__438__callable_permitting_copied_argumentsIN50_GLOBAL__N__8f46261c_17_nvbench_helper_cu_9d8f05325and_tEEES9_JS9_S9_EEEvT0_ibT1_T2_T3_DpNS2_10kernel_argIT4_EE' for 'sm_100'
ptxas info    : Function properties for _ZN3cub17_V_300400_SM_10006detail9transform16transform_kernelINS2_26policy_selector_from_typesILb0ELb1EN4cuda3std3__45tupleIJPjS9_EEES9_EElNS2_21always_true_predicateENS5_3__438__callable_permitting_copied_argumentsIN50_GLOBAL__N__8f46261c_17_nvbench_helper_cu_9d8f05325and_tEEES9_JS9_S9_EEEvT0_ibT1_T2_T3_DpNS2_10kernel_argIT4_EE
    0 bytes stack frame, 0 bytes spill stores, 0 bytes spill loads
ptxas info    : Used 12 registers, used 1 barriers
ptxas info    : Compile time = 9.302 ms
ptxas info    : Compiling entry function '_ZN3cub17_V_300400_SM_10006detail9transform16transform_kernelINS2_26policy_selector_from_typesILb0ELb1EN4cuda3std3__45tupleIJPjS9_EEES9_EEiNS2_21always_true_predicateENS5_3__438__callable_permitting_copied_argumentsIN50_GLOBAL__N__8f46261c_17_nvbench_helper_cu_9d8f05325and_tEEES9_JS9_S9_EEEvT0_ibT1_T2_T3_DpNS2_10kernel_argIT4_EE' for 'sm_100'
ptxas info    : Function properties for _ZN3cub17_V_300400_SM_10006detail9transform16transform_kernelINS2_26policy_selector_from_typesILb0ELb1EN4cuda3std3__45tupleIJPjS9_EEES9_EEiNS2_21always_true_predicateENS5_3__438__callable_permitting_copied_argumentsIN50_GLOBAL__N__8f46261c_17_nvbench_helper_cu_9d8f05325and_tEEES9_JS9_S9_EEEvT0_ibT1_T2_T3_DpNS2_10kernel_argIT4_EE
    0 bytes stack frame, 0 bytes spill stores, 0 bytes spill loads
ptxas info    : Used 12 registers, used 1 barriers
ptxas info    : Compile time = 8.957 ms
ptxas info    : Compiling entry function '_ZN3cub17_V_300400_SM_10006detail9transform16transform_kernelINS2_26policy_selector_from_typesILb0ELb1EN4cuda3std3__45tupleIJEEEPjEElNS2_21always_true_predicateENS1_17__return_constantIjEESA_JEEEvT0_ibT1_T2_T3_DpNS2_10kernel_argIT4_EE' for 'sm_100'
ptxas info    : Function properties for _ZN3cub17_V_300400_SM_10006detail9transform16transform_kernelINS2_26policy_selector_from_typesILb0ELb1EN4cuda3std3__45tupleIJEEEPjEElNS2_21always_true_predicateENS1_17__return_constantIjEESA_JEEEvT0_ibT1_T2_T3_DpNS2_10kernel_argIT4_EE
    0 bytes stack frame, 0 bytes spill stores, 0 bytes spill loads
ptxas info    : Used 32 registers, used 0 barriers
ptxas info    : Compile time = 7.665 ms
ptxas info    : Compiling entry function '_ZN3cub17_V_300400_SM_10006detail9transform16transform_kernelINS2_26policy_selector_from_typesILb0ELb1EN4cuda3std3__45tupleIJEEEPjEEiNS2_21always_true_predicateENS1_17__return_constantIjEESA_JEEEvT0_ibT1_T2_T3_DpNS2_10kernel_argIT4_EE' for 'sm_100'
ptxas info    : Function properties for _ZN3cub17_V_300400_SM_10006detail9transform16transform_kernelINS2_26policy_selector_from_typesILb0ELb1EN4cuda3std3__45tupleIJEEEPjEEiNS2_21always_true_predicateENS1_17__return_constantIjEESA_JEEEvT0_ibT1_T2_T3_DpNS2_10kernel_argIT4_EE
    0 bytes stack frame, 0 bytes spill stores, 0 bytes spill loads
ptxas info    : Used 32 registers, used 0 barriers
ptxas info    : Compile time = 6.338 ms
ptxas info    : Compiling entry function '_ZN3cub17_V_300400_SM_10006detail9transform16transform_kernelINS2_26policy_selector_from_typesILb0ELb1EN4cuda3std3__45tupleIJPKdEEEPjEElNS2_21always_true_predicateENS5_3__438__callable_permitting_copied_argumentsIN50_GLOBAL__N__8f46261c_17_nvbench_helper_cu_9d8f053216random_to_item_tIjEEEESC_JSA_EEEvT0_ibT1_T2_T3_DpNS2_10kernel_argIT4_EE' for 'sm_100'
ptxas info    : Function properties for _ZN3cub17_V_300400_SM_10006detail9transform16transform_kernelINS2_26policy_selector_from_typesILb0ELb1EN4cuda3std3__45tupleIJPKdEEEPjEElNS2_21always_true_predicateENS5_3__438__callable_permitting_copied_argumentsIN50_GLOBAL__N__8f46261c_17_nvbench_helper_cu_9d8f053216random_to_item_tIjEEEESC_JSA_EEEvT0_ibT1_T2_T3_DpNS2_10kernel_argIT4_EE
    0 bytes stack frame, 0 bytes spill stores, 0 bytes spill loads
ptxas info    : Used 12 registers, used 1 barriers
ptxas info    : Compile time = 7.431 ms
ptxas info    : Compiling entry function '_ZN3cub17_V_300400_SM_10006detail9transform16transform_kernelINS2_26policy_selector_from_typesILb0ELb1EN4cuda3std3__45tupleIJPKdEEEPjEEiNS2_21always_true_predicateENS5_3__438__callable_permitting_copied_argumentsIN50_GLOBAL__N__8f46261c_17_nvbench_helper_cu_9d8f053216random_to_item_tIjEEEESC_JSA_EEEvT0_ibT1_T2_T3_DpNS2_10kernel_argIT4_EE' for 'sm_100'
ptxas info    : Function properties for _ZN3cub17_V_300400_SM_10006detail9transform16transform_kernelINS2_26policy_selector_from_typesILb0ELb1EN4cuda3std3__45tupleIJPKdEEEPjEEiNS2_21always_true_predicateENS5_3__438__callable_permitting_copied_argumentsIN50_GLOBAL__N__8f46261c_17_nvbench_helper_cu_9d8f053216random_to_item_tIjEEEESC_JSA_EEEvT0_ibT1_T2_T3_DpNS2_10kernel_argIT4_EE
    0 bytes stack frame, 0 bytes spill stores, 0 bytes spill loads
ptxas info    : Used 12 registers, used 1 barriers
ptxas info    : Compile time = 7.069 ms
ptxas info    : Compiling entry function '_ZN3cub17_V_300400_SM_10006detail9transform16transform_kernelINS2_26policy_selector_from_typesILb0ELb1EN4cuda3std3__45tupleIJNS5_3__417counting_iteratorIlnLi0ELi0ELi0EEEEEEPjEElNS2_21always_true_predicateENS9_38__callable_permitting_copied_argumentsIN50_GLOBAL__N__8f46261c_17_nvbench_helper_cu_9d8f053218lognormal_adjust_tIjEEEESD_JSB_EEEvT0_ibT1_T2_T3_DpNS2_10kernel_argIT4_EE' for 'sm_100'
ptxas info    : Function properties for _ZN3cub17_V_300400_SM_10006detail9transform16transform_kernelINS2_26policy_selector_from_typesILb0ELb1EN4cuda3std3__45tupleIJNS5_3__417counting_iteratorIlnLi0ELi0ELi0EEEEEEPjEElNS2_21always_true_predicateENS9_38__callable_permitting_copied_argumentsIN50_GLOBAL__N__8f46261c_17_nvbench_helper_cu_9d8f053218lognormal_adjust_tIjEEEESD_JSB_EEEvT0_ibT1_T2_T3_DpNS2_10kernel_argIT4_EE
    0 bytes stack frame, 0 bytes spill stores, 0 bytes spill loads
ptxas info    : Used 30 registers, used 0 barriers
ptxas info    : Compile time = 17.191 ms
ptxas info    : Compiling entry function '_ZN3cub17_V_300400_SM_10006detail9transform16transform_kernelINS2_26policy_selector_from_typesILb0ELb1EN4cuda3std3__45tupleIJNS5_3__417counting_iteratorIlnLi0ELi0ELi0EEEEEEPjEEiNS2_21always_true_predicateENS9_38__callable_permitting_copied_argumentsIN50_GLOBAL__N__8f46261c_17_nvbench_helper_cu_9d8f053218lognormal_adjust_tIjEEEESD_JSB_EEEvT0_ibT1_T2_T3_DpNS2_10kernel_argIT4_EE' for 'sm_100'
ptxas info    : Function properties for _ZN3cub17_V_300400_SM_10006detail9transform16transform_kernelINS2_26policy_selector_from_typesILb0ELb1EN4cuda3std3__45tupleIJNS5_3__417counting_iteratorIlnLi0ELi0ELi0EEEEEEPjEEiNS2_21always_true_predicateENS9_38__callable_permitting_copied_argumentsIN50_GLOBAL__N__8f46261c_17_nvbench_helper_cu_9d8f053218lognormal_adjust_tIjEEEESD_JSB_EEEvT0_ibT1_T2_T3_DpNS2_10kernel_argIT4_EE
    0 bytes stack frame, 0 bytes spill stores, 0 bytes spill loads
ptxas info    : Used 30 registers, used 0 barriers
ptxas info    : Compile time = 14.656 ms
ptxas info    : Compiling entry function '_ZN3cub17_V_300400_SM_10006detail9transform16transform_kernelINS2_26policy_selector_from_typesILb0ELb1EN4cuda3std3__45tupleIJPKdEEEPjEElNS2_21always_true_predicateENS5_3__438__callable_permitting_copied_argumentsIN50_GLOBAL__N__8f46261c_17_nvbench_helper_cu_9d8f053223lognormal_transformer_tIjEEEESC_JSA_EEEvT0_ibT1_T2_T3_DpNS2_10kernel_argIT4_EE' for 'sm_100'
ptxas info    : Function properties for _ZN3cub17_V_300400_SM_10006detail9transform16transform_kernelINS2_26policy_selector_from_typesILb0ELb1EN4cuda3std3__45tupleIJPKdEEEPjEElNS2_21always_true_predicateENS5_3__438__callable_permitting_copied_argumentsIN50_GLOBAL__N__8f46261c_17_nvbench_helper_cu_9d8f053223lognormal_transformer_tIjEEEESC_JSA_EEEvT0_ibT1_T2_T3_DpNS2_10kernel_argIT4_EE
    0 bytes stack frame, 0 bytes spill stores, 0 bytes spill loads
ptxas info    : Used 30 registers, used 1 barriers
ptxas info    : Compile time = 13.118 ms
ptxas info    : Compiling entry function '_ZN3cub17_V_300400_SM_10006detail9transform16transform_kernelINS2_26policy_selector_from_typesILb0ELb1EN4cuda3std3__45tupleIJPKdEEEPjEEiNS2_21always_true_predicateENS5_3__438__callable_permitting_copied_argumentsIN50_GLOBAL__N__8f46261c_17_nvbench_helper_cu_9d8f053223lognormal_transformer_tIjEEEESC_JSA_EEEvT0_ibT1_T2_T3_DpNS2_10kernel_argIT4_EE' for 'sm_100'
ptxas info    : Function properties for _ZN3cub17_V_300400_SM_10006detail9transform16transform_kernelINS2_26policy_selector_from_typesILb0ELb1EN4cuda3std3__45tupleIJPKdEEEPjEEiNS2_21always_true_predicateENS5_3__438__callable_permitting_copied_argumentsIN50_GLOBAL__N__8f46261c_17_nvbench_helper_cu_9d8f053223lognormal_transformer_tIjEEEESC_JSA_EEEvT0_ibT1_T2_T3_DpNS2_10kernel_argIT4_EE
    0 bytes stack frame, 0 bytes spill stores, 0 bytes spill loads
ptxas info    : Used 30 registers, used 1 barriers
ptxas info    : Compile time = 12.640 ms
ptxas info    : Compiling entry function '_ZN3cub17_V_300400_SM_10006detail9transform16transform_kernelINS2_26policy_selector_from_typesILb0ELb1EN4cuda3std3__45tupleIJPiS9_EEES9_EElNS2_21always_true_predicateENS5_3__438__callable_permitting_copied_argumentsIN50_GLOBAL__N__8f46261c_17_nvbench_helper_cu_9d8f05325and_tEEES9_JS9_S9_EEEvT0_ibT1_T2_T3_DpNS2_10kernel_argIT4_EE' for 'sm_100'
ptxas info    : Function properties for _ZN3cub17_V_300400_SM_10006detail9transform16transform_kernelINS2_26policy_selector_from_typesILb0ELb1EN4cuda3std3__45tupleIJPiS9_EEES9_EElNS2_21always_true_predicateENS5_3__438__callable_permitting_copied_argumentsIN50_GLOBAL__N__8f46261c_17_nvbench_helper_cu_9d8f05325and_tEEES9_JS9_S9_EEEvT0_ibT1_T2_T3_DpNS2_10kernel_argIT4_EE
    0 bytes stack frame, 0 bytes spill stores, 0 bytes spill loads
ptxas info    : Used 12 registers, used 1 barriers
ptxas info    : Compile time = 9.338 ms
ptxas info    : Compiling entry function '_ZN3cub17_V_300400_SM_10006detail9transform16transform_kernelINS2_26policy_selector_from_typesILb0ELb1EN4cuda3std3__45tupleIJPiS9_EEES9_EEiNS2_21always_true_predicateENS5_3__438__callable_permitting_copied_argumentsIN50_GLOBAL__N__8f46261c_17_nvbench_helper_cu_9d8f05325and_tEEES9_JS9_S9_EEEvT0_ibT1_T2_T3_DpNS2_10kernel_argIT4_EE' for 'sm_100'
ptxas info    : Function properties for _ZN3cub17_V_300400_SM_10006detail9transform16transform_kernelINS2_26policy_selector_from_typesILb0ELb1EN4cuda3std3__45tupleIJPiS9_EEES9_EEiNS2_21always_true_predicateENS5_3__438__callable_permitting_copied_argumentsIN50_GLOBAL__N__8f46261c_17_nvbench_helper_cu_9d8f05325and_tEEES9_JS9_S9_EEEvT0_ibT1_T2_T3_DpNS2_10kernel_argIT4_EE
    0 bytes stack frame, 0 bytes spill stores, 0 bytes spill loads
ptxas info    : Used 12 registers, used 1 barriers
ptxas info    : Compile time = 8.911 ms
ptxas info    : Compiling entry function '_ZN3cub17_V_300400_SM_10006detail9transform16transform_kernelINS2_26policy_selector_from_typesILb0ELb1EN4cuda3std3__45tupleIJEEEPiEElNS2_21always_true_predicateENS1_17__return_constantIiEESA_JEEEvT0_ibT1_T2_T3_DpNS2_10kernel_argIT4_EE' for 'sm_100'
ptxas info    : Function properties for _ZN3cub17_V_300400_SM_10006detail9transform16transform_kernelINS2_26policy_selector_from_typesILb0ELb1EN4cuda3std3__45tupleIJEEEPiEElNS2_21always_true_predicateENS1_17__return_constantIiEESA_JEEEvT0_ibT1_T2_T3_DpNS2_10kernel_argIT4_EE
    0 bytes stack frame, 0 bytes spill stores, 0 bytes spill loads
ptxas info    : Used 32 registers, used 0 barriers
ptxas info    : Compile time = 7.669 ms
ptxas info    : Compiling entry function '_ZN3cub17_V_300400_SM_10006detail9transform16transform_kernelINS2_26policy_selector_from_typesILb0ELb1EN4cuda3std3__45tupleIJEEEPiEEiNS2_21always_true_predicateENS1_17__return_constantIiEESA_JEEEvT0_ibT1_T2_T3_DpNS2_10kernel_argIT4_EE' for 'sm_100'
ptxas info    : Function properties for _ZN3cub17_V_300400_SM_10006detail9transform16transform_kernelINS2_26policy_selector_from_typesILb0ELb1EN4cuda3std3__45tupleIJEEEPiEEiNS2_21always_true_predicateENS1_17__return_constantIiEESA_JEEEvT0_ibT1_T2_T3_DpNS2_10kernel_argIT4_EE
    0 bytes stack frame, 0 bytes spill stores, 0 bytes spill loads
ptxas info    : Used 32 registers, used 0 barriers
ptxas info    : Compile time = 6.303 ms
ptxas info    : Compiling entry function '_ZN3cub17_V_300400_SM_10006detail9transform16transform_kernelINS2_26policy_selector_from_typesILb0ELb1EN4cuda3std3__45tupleIJPKdEEEPiEElNS2_21always_true_predicateENS5_3__438__callable_permitting_copied_argumentsIN50_GLOBAL__N__8f46261c_17_nvbench_helper_cu_9d8f053216random_to_item_tIiEEEESC_JSA_EEEvT0_ibT1_T2_T3_DpNS2_10kernel_argIT4_EE' for 'sm_100'
ptxas info    : Function properties for _ZN3cub17_V_300400_SM_10006detail9transform16transform_kernelINS2_26policy_selector_from_typesILb0ELb1EN4cuda3std3__45tupleIJPKdEEEPiEElNS2_21always_true_predicateENS5_3__438__callable_permitting_copied_argumentsIN50_GLOBAL__N__8f46261c_17_nvbench_helper_cu_9d8f053216random_to_item_tIiEEEESC_JSA_EEEvT0_ibT1_T2_T3_DpNS2_10kernel_argIT4_EE
    0 bytes stack frame, 0 bytes spill stores, 0 bytes spill loads
ptxas info    : Used 12 registers, used 1 barriers
ptxas info    : Compile time = 7.454 ms
ptxas info    : Compiling entry function '_ZN3cub17_V_300400_SM_10006detail9transform16transform_kernelINS2_26policy_selector_from_typesILb0ELb1EN4cuda3std3__45tupleIJPKdEEEPiEEiNS2_21always_true_predicateENS5_3__438__callable_permitting_copied_argumentsIN50_GLOBAL__N__8f46261c_17_nvbench_helper_cu_9d8f053216random_to_item_tIiEEEESC_JSA_EEEvT0_ibT1_T2_T3_DpNS2_10kernel_argIT4_EE' for 'sm_100'
ptxas info    : Function properties for _ZN3cub17_V_300400_SM_10006detail9transform16transform_kernelINS2_26policy_selector_from_typesILb0ELb1EN4cuda3std3__45tupleIJPKdEEEPiEEiNS2_21always_true_predicateENS5_3__438__callable_permitting_copied_argumentsIN50_GLOBAL__N__8f46261c_17_nvbench_helper_cu_9d8f053216random_to_item_tIiEEEESC_JSA_EEEvT0_ibT1_T2_T3_DpNS2_10kernel_argIT4_EE
    0 bytes stack frame, 0 bytes spill stores, 0 bytes spill loads
ptxas info    : Used 12 registers, used 1 barriers
ptxas info    : Compile time = 7.058 ms
ptxas info    : Compiling entry function '_ZN3cub17_V_300400_SM_10006detail9transform16transform_kernelINS2_26policy_selector_from_typesILb0ELb1EN4cuda3std3__45tupleIJNS5_3__417counting_iteratorIlnLi0ELi0ELi0EEEEEEPiEElNS2_21always_true_predicateENS9_38__callable_permitting_copied_argumentsIN50_GLOBAL__N__8f46261c_17_nvbench_helper_cu_9d8f053218lognormal_adjust_tIiEEEESD_JSB_EEEvT0_ibT1_T2_T3_DpNS2_10kernel_argIT4_EE' for 'sm_100'
ptxas info    : Function properties for _ZN3cub17_V_300400_SM_10006detail9transform16transform_kernelINS2_26policy_selector_from_typesILb0ELb1EN4cuda3std3__45tupleIJNS5_3__417counting_iteratorIlnLi0ELi0ELi0EEEEEEPiEElNS2_21always_true_predicateENS9_38__callable_permitting_copied_argumentsIN50_GLOBAL__N__8f46261c_17_nvbench_helper_cu_9d8f053218lognormal_adjust_tIiEEEESD_JSB_EEEvT0_ibT1_T2_T3_DpNS2_10kernel_argIT4_EE
    0 bytes stack frame, 0 bytes spill stores, 0 bytes spill loads
ptxas info    : Used 30 registers, used 0 barriers
ptxas info    : Compile time = 17.488 ms
ptxas info    : Compiling entry function '_ZN3cub17_V_300400_SM_10006detail9transform16transform_kernelINS2_26policy_selector_from_typesILb0ELb1EN4cuda3std3__45tupleIJNS5_3__417counting_iteratorIlnLi0ELi0ELi0EEEEEEPiEEiNS2_21always_true_predicateENS9_38__callable_permitting_copied_argumentsIN50_GLOBAL__N__8f46261c_17_nvbench_helper_cu_9d8f053218lognormal_adjust_tIiEEEESD_JSB_EEEvT0_ibT1_T2_T3_DpNS2_10kernel_argIT4_EE' for 'sm_100'
ptxas info    : Function properties for _ZN3cub17_V_300400_SM_10006detail9transform16transform_kernelINS2_26policy_selector_from_typesILb0ELb1EN4cuda3std3__45tupleIJNS5_3__417counting_iteratorIlnLi0ELi0ELi0EEEEEEPiEEiNS2_21always_true_predicateENS9_38__callable_permitting_copied_argumentsIN50_GLOBAL__N__8f46261c_17_nvbench_helper_cu_9d8f053218lognormal_adjust_tIiEEEESD_JSB_EEEvT0_ibT1_T2_T3_DpNS2_10kernel_argIT4_EE
    0 bytes stack frame, 0 bytes spill stores, 0 bytes spill loads
ptxas info    : Used 30 registers, used 0 barriers
ptxas info    : Compile time = 14.655 ms
ptxas info    : Compiling entry function '_ZN3cub17_V_300400_SM_10006detail9transform16transform_kernelINS2_26policy_selector_from_typesILb0ELb1EN4cuda3std3__45tupleIJPKdEEEPiEElNS2_21always_true_predicateENS5_3__438__callable_permitting_copied_argumentsIN50_GLOBAL__N__8f46261c_17_nvbench_helper_cu_9d8f053223lognormal_transformer_tIiEEEESC_JSA_EEEvT0_ibT1_T2_T3_DpNS2_10kernel_argIT4_EE' for 'sm_100'
ptxas info    : Function properties for _ZN3cub17_V_300400_SM_10006detail9transform16transform_kernelINS2_26policy_selector_from_typesILb0ELb1EN4cuda3std3__45tupleIJPKdEEEPiEElNS2_21always_true_predicateENS5_3__438__callable_permitting_copied_argumentsIN50_GLOBAL__N__8f46261c_17_nvbench_helper_cu_9d8f053223lognormal_transformer_tIiEEEESC_JSA_EEEvT0_ibT1_T2_T3_DpNS2_10kernel_argIT4_EE
    0 bytes stack frame, 0 bytes spill stores, 0 bytes spill loads
ptxas info    : Used 30 registers, used 1 barriers
ptxas info    : Compile time = 13.104 ms
ptxas info    : Compiling entry function '_ZN3cub17_V_300400_SM_10006detail9transform16transform_kernelINS2_26policy_selector_from_typesILb0ELb1EN4cuda3std3__45tupleIJPKdEEEPiEEiNS2_21always_true_predicateENS5_3__438__callable_permitting_copied_argumentsIN50_GLOBAL__N__8f46261c_17_nvbench_helper_cu_9d8f053223lognormal_transformer_tIiEEEESC_JSA_EEEvT0_ibT1_T2_T3_DpNS2_10kernel_argIT4_EE' for 'sm_100'
ptxas info    : Function properties for _ZN3cub17_V_300400_SM_10006detail9transform16transform_kernelINS2_26policy_selector_from_typesILb0ELb1EN4cuda3std3__45tupleIJPKdEEEPiEEiNS2_21always_true_predicateENS5_3__438__callable_permitting_copied_argumentsIN50_GLOBAL__N__8f46261c_17_nvbench_helper_cu_9d8f053223lognormal_transformer_tIiEEEESC_JSA_EEEvT0_ibT1_T2_T3_DpNS2_10kernel_argIT4_EE
    0 bytes stack frame, 0 bytes spill stores, 0 bytes spill loads
ptxas info    : Used 30 registers, used 1 barriers
ptxas info    : Compile time = 12.681 ms
ptxas info    : Compiling entry function '_ZN3cub17_V_300400_SM_10006detail9transform16transform_kernelINS2_26policy_selector_from_typesILb0ELb1EN4cuda3std3__45tupleIJEEEPdEElNS2_21always_true_predicateENS1_17__return_constantIdEESA_JEEEvT0_ibT1_T2_T3_DpNS2_10kernel_argIT4_EE' for 'sm_100'
ptxas info    : Function properties for _ZN3cub17_V_300400_SM_10006detail9transform16transform_kernelINS2_26policy_selector_from_typesILb0ELb1EN4cuda3std3__45tupleIJEEEPdEElNS2_21always_true_predicateENS1_17__return_constantIdEESA_JEEEvT0_ibT1_T2_T3_DpNS2_10kernel_argIT4_EE
    0 bytes stack frame, 0 bytes spill stores, 0 bytes spill loads
ptxas info    : Used 32 registers, used 0 barriers
ptxas info    : Compile time = 7.440 ms
ptxas info    : Compiling entry function '_ZN3cub17_V_300400_SM_10006detail9transform16transform_kernelINS2_26policy_selector_from_typesILb0ELb1EN4cuda3std3__45tupleIJEEEPdEEiNS2_21always_true_predicateENS1_17__return_constantIdEESA_JEEEvT0_ibT1_T2_T3_DpNS2_10kernel_argIT4_EE' for 'sm_100'
ptxas info    : Function properties for _ZN3cub17_V_300400_SM_10006detail9transform16transform_kernelINS2_26policy_selector_from_typesILb0ELb1EN4cuda3std3__45tupleIJEEEPdEEiNS2_21always_true_predicateENS1_17__return_constantIdEESA_JEEEvT0_ibT1_T2_T3_DpNS2_10kernel_argIT4_EE
    0 bytes stack frame, 0 bytes spill stores, 0 bytes spill loads
ptxas info    : Used 30 registers, used 0 barriers
ptxas info    : Compile time = 6.189 ms
ptxas info    : Compiling entry function '_ZN3cub17_V_300400_SM_10006detail8for_each13static_kernelINS2_15policy_selectorEmNS0_9DeviceFor14__op_wrapper_tImN6thrust17_V_300400_SM_10006detail24construct1_via_allocatorINS8_16device_allocatorIN4cuda3std3__47complexIdEEEEEENS8_10device_ptrISG_EEEEEEvT0_T1_' for 'sm_100'
ptxas info    : Function properties for _ZN3cub17_V_300400_SM_10006detail8for_each13static_kernelINS2_15policy_selectorEmNS0_9DeviceFor14__op_wrapper_tImN6thrust17_V_300400_SM_10006detail24construct1_via_allocatorINS8_16device_allocatorIN4cuda3std3__47complexIdEEEEEENS8_10device_ptrISG_EEEEEEvT0_T1_
    0 bytes stack frame, 0 bytes spill stores, 0 bytes spill loads
ptxas info    : Used 7 registers, used 0 barriers
ptxas info    : Compile time = 1.725 ms
ptxas info    : Compiling entry function '_ZN3cub17_V_300400_SM_10006detail8for_each13static_kernelINS2_15policy_selectorEmNS0_9DeviceFor14__op_wrapper_tImN50_GLOBAL__N__8f46261c_17_nvbench_helper_cu_9d8f053210set_imag_tIdEEN6thrust17_V_300400_SM_100017counting_iteratorImNSB_11use_defaultESD_SD_NSB_20__compile_time_valueILi1EEEEEEEEEvT0_T1_' for 'sm_100'
ptxas info    : Function properties for _ZN3cub17_V_300400_SM_10006detail8for_each13static_kernelINS2_15policy_selectorEmNS0_9DeviceFor14__op_wrapper_tImN50_GLOBAL__N__8f46261c_17_nvbench_helper_cu_9d8f053210set_imag_tIdEEN6thrust17_V_300400_SM_100017counting_iteratorImNSB_11use_defaultESD_SD_NSB_20__compile_time_valueILi1EEEEEEEEEvT0_T1_
    0 bytes stack frame, 0 bytes spill stores, 0 bytes spill loads
ptxas info    : Used 18 registers, used 0 barriers
ptxas info    : Compile time = 2.758 ms
ptxas info    : Compiling entry function '_ZN3cub17_V_300400_SM_10006detail8for_each13static_kernelINS2_15policy_selectorEmNS0_9DeviceFor14__op_wrapper_tImN50_GLOBAL__N__8f46261c_17_nvbench_helper_cu_9d8f053210set_real_tIdEEN6thrust17_V_300400_SM_100017counting_iteratorImNSB_11use_defaultESD_SD_NSB_20__compile_time_valueILi1EEEEEEEEEvT0_T1_' for 'sm_100'
ptxas info    : Function properties for _ZN3cub17_V_300400_SM_10006detail8for_each13static_kernelINS2_15policy_selectorEmNS0_9DeviceFor14__op_wrapper_tImN50_GLOBAL__N__8f46261c_17_nvbench_helper_cu_9d8f053210set_real_tIdEEN6thrust17_V_300400_SM_100017counting_iteratorImNSB_11use_defaultESD_SD_NSB_20__compile_time_valueILi1EEEEEEEEEvT0_T1_
    0 bytes stack frame, 0 bytes spill stores, 0 bytes spill loads
ptxas info    : Used 18 registers, used 0 barriers
ptxas info    : Compile time = 2.746 ms
ptxas info    : Compiling entry function '_ZN3cub17_V_300400_SM_10006detail8for_each13static_kernelINS2_15policy_selectorEmNS0_9DeviceFor14__op_wrapper_tImN6thrust17_V_300400_SM_10006detail24construct1_via_allocatorINS8_16device_allocatorIN4cuda3std3__47complexIfEEEEEENS8_10device_ptrISG_EEEEEEvT0_T1_' for 'sm_100'
ptxas info    : Function properties for _ZN3cub17_V_300400_SM_10006detail8for_each13static_kernelINS2_15policy_selectorEmNS0_9DeviceFor14__op_wrapper_tImN6thrust17_V_300400_SM_10006detail24construct1_via_allocatorINS8_16device_allocatorIN4cuda3std3__47complexIfEEEEEENS8_10device_ptrISG_EEEEEEvT0_T1_
    0 bytes stack frame, 0 bytes spill stores, 0 bytes spill loads
ptxas info    : Used 7 registers, used 0 barriers
ptxas info    : Compile time = 1.716 ms
ptxas info    : Compiling entry function '_ZN3cub17_V_300400_SM_10006detail8for_each13static_kernelINS2_15policy_selectorEmNS0_9DeviceFor14__op_wrapper_tImN50_GLOBAL__N__8f46261c_17_nvbench_helper_cu_9d8f053210set_imag_tIfEEN6thrust17_V_300400_SM_100017counting_iteratorImNSB_11use_defaultESD_SD_NSB_20__compile_time_valueILi1EEEEEEEEEvT0_T1_' for 'sm_100'
ptxas info    : Function properties for _ZN3cub17_V_300400_SM_10006detail8for_each13static_kernelINS2_15policy_selectorEmNS0_9DeviceFor14__op_wrapper_tImN50_GLOBAL__N__8f46261c_17_nvbench_helper_cu_9d8f053210set_imag_tIfEEN6thrust17_V_300400_SM_100017counting_iteratorImNSB_11use_defaultESD_SD_NSB_20__compile_time_valueILi1EEEEEEEEEvT0_T1_
    0 bytes stack frame, 0 bytes spill stores, 0 bytes spill loads
ptxas info    : Used 18 registers, used 0 barriers
ptxas info    : Compile time = 3.029 ms
ptxas info    : Compiling entry function '_ZN3cub17_V_300400_SM_10006detail8for_each13static_kernelINS2_15policy_selectorEmNS0_9DeviceFor14__op_wrapper_tImN50_GLOBAL__N__8f46261c_17_nvbench_helper_cu_9d8f053210set_real_tIfEEN6thrust17_V_300400_SM_100017counting_iteratorImNSB_11use_defaultESD_SD_NSB_20__compile_time_valueILi1EEEEEEEEEvT0_T1_' for 'sm_100'
ptxas info    : Function properties for _ZN3cub17_V_300400_SM_10006detail8for_each13static_kernelINS2_15policy_selectorEmNS0_9DeviceFor14__op_wrapper_tImN50_GLOBAL__N__8f46261c_17_nvbench_helper_cu_9d8f053210set_real_tIfEEN6thrust17_V_300400_SM_100017counting_iteratorImNSB_11use_defaultESD_SD_NSB_20__compile_time_valueILi1EEEEEEEEEvT0_T1_
    0 bytes stack frame, 0 bytes spill stores, 0 bytes spill loads
ptxas info    : Used 18 registers, used 0 barriers
ptxas info    : Compile time = 3.035 ms
ptxas info    : Compiling entry function '_ZN3cub17_V_300400_SM_10006detail8for_each13static_kernelINS2_15policy_selectorEmN6thrust17_V_300400_SM_10008cuda_cub20__uninitialized_fill7functorINS6_10device_ptrIfEEfEEEEvT0_T1_' for 'sm_100'
ptxas info    : Function properties for _ZN3cub17_V_300400_SM_10006detail8for_each13static_kernelINS2_15policy_selectorEmN6thrust17_V_300400_SM_10008cuda_cub20__uninitialized_fill7functorINS6_10device_ptrIfEEfEEEEvT0_T1_
    0 bytes stack frame, 0 bytes spill stores, 0 bytes spill loads
ptxas info    : Used 8 registers, used 0 barriers
ptxas info    : Compile time = 1.789 ms
ptxas info    : Compiling entry function '_ZN3cub17_V_300400_SM_10006detail8for_each13static_kernelINS2_15policy_selectorEmN6thrust17_V_300400_SM_10008cuda_cub20__uninitialized_fill7functorINS6_10device_ptrIoEEoEEEEvT0_T1_' for 'sm_100'
ptxas info    : Function properties for _ZN3cub17_V_300400_SM_10006detail8for_each13static_kernelINS2_15policy_selectorEmN6thrust17_V_300400_SM_10008cuda_cub20__uninitialized_fill7functorINS6_10device_ptrIoEEoEEEEvT0_T1_
    0 bytes stack frame, 0 bytes spill stores, 0 bytes spill loads
ptxas info    : Used 11 registers, used 0 barriers
ptxas info    : Compile time = 1.864 ms
ptxas info    : Compiling entry function '_ZN3cub17_V_300400_SM_10006detail8for_each13static_kernelINS2_15policy_selectorEmN6thrust17_V_300400_SM_10008cuda_cub20__uninitialized_fill7functorINS6_10device_ptrInEEnEEEEvT0_T1_' for 'sm_100'
ptxas info    : Function properties for _ZN3cub17_V_300400_SM_10006detail8for_each13static_kernelINS2_15policy_selectorEmN6thrust17_V_300400_SM_10008cuda_cub20__uninitialized_fill7functorINS6_10device_ptrInEEnEEEEvT0_T1_
    0 bytes stack frame, 0 bytes spill stores, 0 bytes spill loads
ptxas info    : Used 11 registers, used 0 barriers
ptxas info    : Compile time = 1.850 ms
ptxas info    : Compiling entry function '_ZN3cub17_V_300400_SM_10006detail8for_each13static_kernelINS2_15policy_selectorEmN6thrust17_V_300400_SM_10008cuda_cub20__uninitialized_fill7functorINS6_10device_ptrIsEEsEEEEvT0_T1_' for 'sm_100'
ptxas info    : Function properties for _ZN3cub17_V_300400_SM_10006detail8for_each13static_kernelINS2_15policy_selectorEmN6thrust17_V_300400_SM_10008cuda_cub20__uninitialized_fill7functorINS6_10device_ptrIsEEsEEEEvT0_T1_
    0 bytes stack frame, 0 bytes spill stores, 0 bytes spill loads
ptxas info    : Used 8 registers, used 0 barriers
ptxas info    : Compile time = 1.783 ms
ptxas info    : Compiling entry function '_ZN3cub17_V_300400_SM_10006detail8for_each13static_kernelINS2_15policy_selectorEmN6thrust17_V_300400_SM_10008cuda_cub20__uninitialized_fill7functorINS6_10device_ptrIaEEaEEEEvT0_T1_' for 'sm_100'
ptxas info    : Function properties for _ZN3cub17_V_300400_SM_10006detail8for_each13static_kernelINS2_15policy_selectorEmN6thrust17_V_300400_SM_10008cuda_cub20__uninitialized_fill7functorINS6_10device_ptrIaEEaEEEEvT0_T1_
    0 bytes stack frame, 0 bytes spill stores, 0 bytes spill loads
ptxas info    : Used 10 registers, used 0 barriers
ptxas info    : Compile time = 1.720 ms
ptxas info    : Compiling entry function '_ZN3cub17_V_300400_SM_10006detail8for_each13static_kernelINS2_15policy_selectorEmN6thrust17_V_300400_SM_10008cuda_cub20__uninitialized_fill7functorINS6_10device_ptrItEEtEEEEvT0_T1_' for 'sm_100'
ptxas info    : Function properties for _ZN3cub17_V_300400_SM_10006detail8for_each13static_kernelINS2_15policy_selectorEmN6thrust17_V_300400_SM_10008cuda_cub20__uninitialized_fill7functorINS6_10device_ptrItEEtEEEEvT0_T1_
    0 bytes stack frame, 0 bytes spill stores, 0 bytes spill loads
ptxas info    : Used 8 registers, used 0 barriers
ptxas info    : Compile time = 1.794 ms
ptxas info    : Compiling entry function '_ZN3cub17_V_300400_SM_10006detail8for_each13static_kernelINS2_15policy_selectorEmN6thrust17_V_300400_SM_10008cuda_cub20__uninitialized_fill7functorINS6_10device_ptrIhEEhEEEEvT0_T1_' for 'sm_100'
ptxas info    : Function properties for _ZN3cub17_V_300400_SM_10006detail8for_each13static_kernelINS2_15policy_selectorEmN6thrust17_V_300400_SM_10008cuda_cub20__uninitialized_fill7functorINS6_10device_ptrIhEEhEEEEvT0_T1_
    0 bytes stack frame, 0 bytes spill stores, 0 bytes spill loads
ptxas info    : Used 10 registers, used 0 barriers
ptxas info    : Compile time = 1.721 ms
ptxas info    : Compiling entry function '_ZN3cub17_V_300400_SM_10006detail8for_each13static_kernelINS2_15policy_selectorEmN6thrust17_V_300400_SM_10008cuda_cub20__uninitialized_fill7functorINS6_10device_ptrImEEmEEEEvT0_T1_' for 'sm_100'
ptxas info    : Function properties for _ZN3cub17_V_300400_SM_10006detail8for_each13static_kernelINS2_15policy_selectorEmN6thrust17_V_300400_SM_10008cuda_cub20__uninitialized_fill7functorINS6_10device_ptrImEEmEEEEvT0_T1_
    0 bytes stack frame, 0 bytes spill stores, 0 bytes spill loads
ptxas info    : Used 9 registers, used 0 barriers
ptxas info    : Compile time = 1.796 ms
ptxas info    : Compiling entry function '_ZN3cub17_V_300400_SM_10006detail8for_each13static_kernelINS2_15policy_selectorEmN6thrust17_V_300400_SM_10008cuda_cub20__uninitialized_fill7functorINS6_10device_ptrIlEElEEEEvT0_T1_' for 'sm_100'
ptxas info    : Function properties for _ZN3cub17_V_300400_SM_10006detail8for_each13static_kernelINS2_15policy_selectorEmN6thrust17_V_300400_SM_10008cuda_cub20__uninitialized_fill7functorINS6_10device_ptrIlEElEEEEvT0_T1_
    0 bytes stack frame, 0 bytes spill stores, 0 bytes spill loads
ptxas info    : Used 9 registers, used 0 barriers
ptxas info    : Compile time = 1.779 ms
ptxas info    : Compiling entry function '_ZN3cub17_V_300400_SM_10006detail8for_each13static_kernelINS2_15policy_selectorEmN6thrust17_V_300400_SM_10008cuda_cub20__uninitialized_fill7functorINS6_10device_ptrIjEEjEEEEvT0_T1_' for 'sm_100'
ptxas info    : Function properties for _ZN3cub17_V_300400_SM_10006detail8for_each13static_kernelINS2_15policy_selectorEmN6thrust17_V_300400_SM_10008cuda_cub20__uninitialized_fill7functorINS6_10device_ptrIjEEjEEEEvT0_T1_
    0 bytes stack frame, 0 bytes spill stores, 0 bytes spill loads
ptxas info    : Used 8 registers, used 0 barriers
ptxas info    : Compile time = 1.788 ms
ptxas info    : Compiling entry function '_ZN3cub17_V_300400_SM_10006detail8for_each13static_kernelINS2_15policy_selectorEmN6thrust17_V_300400_SM_10008cuda_cub20__uninitialized_fill7functorINS6_10device_ptrIiEEiEEEEvT0_T1_' for 'sm_100'
ptxas info    : Function properties for _ZN3cub17_V_300400_SM_10006detail8for_each13static_kernelINS2_15policy_selectorEmN6thrust17_V_300400_SM_10008cuda_cub20__uninitialized_fill7functorINS6_10device_ptrIiEEiEEEEvT0_T1_
    0 bytes stack frame, 0 bytes spill stores, 0 bytes spill loads
ptxas info    : Used 8 registers, used 0 barriers
ptxas info    : Compile time = 1.802 ms
ptxas info    : Compiling entry function '_ZN3cub17_V_300400_SM_10006detail8for_each13static_kernelINS2_15policy_selectorEmN6thrust17_V_300400_SM_10008cuda_cub20__uninitialized_fill7functorINS6_10device_ptrIdEEdEEEEvT0_T1_' for 'sm_100'
ptxas info    : Function properties for _ZN3cub17_V_300400_SM_10006detail8for_each13static_kernelINS2_15policy_selectorEmN6thrust17_V_300400_SM_10008cuda_cub20__uninitialized_fill7functorINS6_10device_ptrIdEEdEEEEvT0_T1_
    0 bytes stack frame, 0 bytes spill stores, 0 bytes spill loads
ptxas info    : Used 9 registers, used 0 barriers
ptxas info    : Compile time = 1.789 ms
ptxas info    : Compiling entry function '_ZN3cub17_V_300400_SM_10006detail12batch_memcpy27MultiBlockBatchMemcpyKernelINS2_15policy_selectorEjPN4cuda3__417constant_iteratorINS5_3std3__47complexIdEElEEPPSB_PmPjNS0_13ScanTileStateIjLb1EEEjLNS0_7CopyAlgE1EEEvT1_T2_T3_T4_T5_T6_' for 'sm_100'
ptxas info    : Function properties for _ZN3cub17_V_300400_SM_10006detail12batch_memcpy27MultiBlockBatchMemcpyKernelINS2_15policy_selectorEjPN4cuda3__417constant_iteratorINS5_3std3__47complexIdEElEEPPSB_PmPjNS0_13ScanTileStateIjLb1EEEjLNS0_7CopyAlgE1EEEvT1_T2_T3_T4_T5_T6_
    0 bytes stack frame, 0 bytes spill stores, 0 bytes spill loads
ptxas info    : Used 29 registers, used 1 barriers, 16 bytes smem
ptxas info    : Compile time = 17.075 ms
ptxas info    : Compiling entry function '_ZN3cub17_V_300400_SM_10006detail12batch_memcpy17BatchMemcpyKernelINS2_15policy_selectorEN6thrust17_V_300400_SM_100018transform_iteratorIN6detail14repeat_index_tIN4cuda3std3__47complexIdEEEENS6_17counting_iteratorIiNS6_11use_defaultESH_SH_NS6_20__compile_time_valueILi1EEEEESH_SH_EENS7_INS8_20offset_to_iterator_tISE_EEPmSH_SH_EENS7_INS8_16offset_to_size_tESK_SH_SH_EEjPNSA_3__417constant_iteratorISE_lEEPPSE_SO_PjjNS0_13ScanTileStateIjLb1EEES10_LNS0_7CopyAlgE1EEEvT0_T1_T2_T3_T4_T5_T6_T7_T9_T10_' for 'sm_100'
ptxas info    : Function properties for _ZN3cub17_V_300400_SM_10006detail12batch_memcpy17BatchMemcpyKernelINS2_15policy_selectorEN6thrust17_V_300400_SM_100018transform_iteratorIN6detail14repeat_index_tIN4cuda3std3__47complexIdEEEENS6_17counting_iteratorIiNS6_11use_defaultESH_SH_NS6_20__compile_time_valueILi1EEEEESH_SH_EENS7_INS8_20offset_to_iterator_tISE_EEPmSH_SH_EENS7_INS8_16offset_to_size_tESK_SH_SH_EEjPNSA_3__417constant_iteratorISE_lEEPPSE_SO_PjjNS0_13ScanTileStateIjLb1EEES10_LNS0_7CopyAlgE1EEEvT0_T1_T2_T3_T4_T5_T6_T7_T9_T10_
    0 bytes stack frame, 0 bytes spill stores, 0 bytes spill loads
ptxas info    : Used 40 registers, used 1 barriers, 9360 bytes smem
ptxas info    : Compile time = 58.970 ms
ptxas info    : Compiling entry function '_ZN3cub17_V_300400_SM_10006detail12batch_memcpy27MultiBlockBatchMemcpyKernelINS2_15policy_selectorEjPN4cuda3__417constant_iteratorINS5_3std3__47complexIfEElEEPPSB_PmPjNS0_13ScanTileStateIjLb1EEEjLNS0_7CopyAlgE1EEEvT1_T2_T3_T4_T5_T6_' for 'sm_100'
ptxas info    : Function properties for _ZN3cub17_V_300400_SM_10006detail12batch_memcpy27MultiBlockBatchMemcpyKernelINS2_15policy_selectorEjPN4cuda3__417constant_iteratorINS5_3std3__47complexIfEElEEPPSB_PmPjNS0_13ScanTileStateIjLb1EEEjLNS0_7CopyAlgE1EEEvT1_T2_T3_T4_T5_T6_
    0 bytes stack frame, 0 bytes spill stores, 0 bytes spill loads
ptxas info    : Used 22 registers, used 1 barriers, 16 bytes smem
ptxas info    : Compile time = 17.226 ms
ptxas info    : Compiling entry function '_ZN3cub17_V_300400_SM_10006detail12batch_memcpy17BatchMemcpyKernelINS2_15policy_selectorEN6thrust17_V_300400_SM_100018transform_iteratorIN6detail14repeat_index_tIN4cuda3std3__47complexIfEEEENS6_17counting_iteratorIiNS6_11use_defaultESH_SH_NS6_20__compile_time_valueILi1EEEEESH_SH_EENS7_INS8_20offset_to_iterator_tISE_EEPmSH_SH_EENS7_INS8_16offset_to_size_tESK_SH_SH_EEjPNSA_3__417constant_iteratorISE_lEEPPSE_SO_PjjNS0_13ScanTileStateIjLb1EEES10_LNS0_7CopyAlgE1EEEvT0_T1_T2_T3_T4_T5_T6_T7_T9_T10_' for 'sm_100'
ptxas info    : Function properties for _ZN3cub17_V_300400_SM_10006detail12batch_memcpy17BatchMemcpyKernelINS2_15policy_selectorEN6thrust17_V_300400_SM_100018transform_iteratorIN6detail14repeat_index_tIN4cuda3std3__47complexIfEEEENS6_17counting_iteratorIiNS6_11use_defaultESH_SH_NS6_20__compile_time_valueILi1EEEEESH_SH_EENS7_INS8_20offset_to_iterator_tISE_EEPmSH_SH_EENS7_INS8_16offset_to_size_tESK_SH_SH_EEjPNSA_3__417constant_iteratorISE_lEEPPSE_SO_PjjNS0_13ScanTileStateIjLb1EEES10_LNS0_7CopyAlgE1EEEvT0_T1_T2_T3_T4_T5_T6_T7_T9_T10_
    0 bytes stack frame, 0 bytes spill stores, 0 bytes spill loads
ptxas info    : Used 48 registers, used 1 barriers, 9360 bytes smem
ptxas info    : Compile time = 56.886 ms
ptxas info    : Compiling entry function '_ZN3cub17_V_300400_SM_10006detail12batch_memcpy27MultiBlockBatchMemcpyKernelINS2_15policy_selectorEjPN4cuda3__417constant_iteratorIdlEEPPdPmPjNS0_13ScanTileStateIjLb1EEEjLNS0_7CopyAlgE1EEEvT1_T2_T3_T4_T5_T6_' for 'sm_100'
ptxas info    : Function properties for _ZN3cub17_V_300400_SM_10006detail12batch_memcpy27MultiBlockBatchMemcpyKernelINS2_15policy_selectorEjPN4cuda3__417constant_iteratorIdlEEPPdPmPjNS0_13ScanTileStateIjLb1EEEjLNS0_7CopyAlgE1EEEvT1_T2_T3_T4_T5_T6_
    0 bytes stack frame, 0 bytes spill stores, 0 bytes spill loads
ptxas info    : Used 22 registers, used 1 barriers, 16 bytes smem
ptxas info    : Compile time = 16.116 ms
ptxas info    : Compiling entry function '_ZN3cub17_V_300400_SM_10006detail12batch_memcpy17BatchMemcpyKernelINS2_15policy_selectorEN6thrust17_V_300400_SM_100018transform_iteratorIN6detail14repeat_index_tIdEENS6_17counting_iteratorIiNS6_11use_defaultESC_SC_NS6_20__compile_time_valueILi1EEEEESC_SC_EENS7_INS8_20offset_to_iterator_tIdEEPmSC_SC_EENS7_INS8_16offset_to_size_tESF_SC_SC_EEjPN4cuda3__417constant_iteratorIdlEEPPdSJ_PjjNS0_13ScanTileStateIjLb1EEESW_LNS0_7CopyAlgE1EEEvT0_T1_T2_T3_T4_T5_T6_T7_T9_T10_' for 'sm_100'
ptxas info    : Function properties for _ZN3cub17_V_300400_SM_10006detail12batch_memcpy17BatchMemcpyKernelINS2_15policy_selectorEN6thrust17_V_300400_SM_100018transform_iteratorIN6detail14repeat_index_tIdEENS6_17counting_iteratorIiNS6_11use_defaultESC_SC_NS6_20__compile_time_valueILi1EEEEESC_SC_EENS7_INS8_20offset_to_iterator_tIdEEPmSC_SC_EENS7_INS8_16offset_to_size_tESF_SC_SC_EEjPN4cuda3__417constant_iteratorIdlEEPPdSJ_PjjNS0_13ScanTileStateIjLb1EEESW_LNS0_7CopyAlgE1EEEvT0_T1_T2_T3_T4_T5_T6_T7_T9_T10_
    0 bytes stack frame, 0 bytes spill stores, 0 bytes spill loads
ptxas info    : Used 40 registers, used 1 barriers, 9360 bytes smem
ptxas info    : Compile time = 54.802 ms
ptxas info    : Compiling entry function '_ZN3cub17_V_300400_SM_10006detail12batch_memcpy27MultiBlockBatchMemcpyKernelINS2_15policy_selectorEjPN4cuda3__417constant_iteratorIflEEPPfPmPjNS0_13ScanTileStateIjLb1EEEjLNS0_7CopyAlgE1EEEvT1_T2_T3_T4_T5_T6_' for 'sm_100'
ptxas info    : Function properties for _ZN3cub17_V_300400_SM_10006detail12batch_memcpy27MultiBlockBatchMemcpyKernelINS2_15policy_selectorEjPN4cuda3__417constant_iteratorIflEEPPfPmPjNS0_13ScanTileStateIjLb1EEEjLNS0_7CopyAlgE1EEEvT1_T2_T3_T4_T5_T6_
    0 bytes stack frame, 0 bytes spill stores, 0 bytes spill loads
ptxas info    : Used 21 registers, used 1 barriers, 16 bytes smem
ptxas info    : Compile time = 16.134 ms
ptxas info    : Compiling entry function '_ZN3cub17_V_300400_SM_10006detail12batch_memcpy17BatchMemcpyKernelINS2_15policy_selectorEN6thrust17_V_300400_SM_100018transform_iteratorIN6detail14repeat_index_tIfEENS6_17counting_iteratorIiNS6_11use_defaultESC_SC_NS6_20__compile_time_valueILi1EEEEESC_SC_EENS7_INS8_20offset_to_iterator_tIfEEPmSC_SC_EENS7_INS8_16offset_to_size_tESF_SC_SC_EEjPN4cuda3__417constant_iteratorIflEEPPfSJ_PjjNS0_13ScanTileStateIjLb1EEESW_LNS0_7CopyAlgE1EEEvT0_T1_T2_T3_T4_T5_T6_T7_T9_T10_' for 'sm_100'
ptxas info    : Function properties for _ZN3cub17_V_300400_SM_10006detail12batch_memcpy17BatchMemcpyKernelINS2_15policy_selectorEN6thrust17_V_300400_SM_100018transform_iteratorIN6detail14repeat_index_tIfEENS6_17counting_iteratorIiNS6_11use_defaultESC_SC_NS6_20__compile_time_valueILi1EEEEESC_SC_EENS7_INS8_20offset_to_iterator_tIfEEPmSC_SC_EENS7_INS8_16offset_to_size_tESF_SC_SC_EEjPN4cuda3__417constant_iteratorIflEEPPfSJ_PjjNS0_13ScanTileStateIjLb1EEESW_LNS0_7CopyAlgE1EEEvT0_T1_T2_T3_T4_T5_T6_T7_T9_T10_
    0 bytes stack frame, 0 bytes spill stores, 0 bytes spill loads
ptxas info    : Used 48 registers, used 1 barriers, 9360 bytes smem
ptxas info    : Compile time = 54.718 ms
ptxas info    : Compiling entry function '_ZN3cub17_V_300400_SM_10006detail12batch_memcpy27MultiBlockBatchMemcpyKernelINS2_15policy_selectorEjPN4cuda3__417constant_iteratorIolEEPPoPmPjNS0_13ScanTileStateIjLb1EEEjLNS0_7CopyAlgE1EEEvT1_T2_T3_T4_T5_T6_' for 'sm_100'
ptxas info    : Function properties for _ZN3cub17_V_300400_SM_10006detail12batch_memcpy27MultiBlockBatchMemcpyKernelINS2_15policy_selectorEjPN4cuda3__417constant_iteratorIolEEPPoPmPjNS0_13ScanTileStateIjLb1EEEjLNS0_7CopyAlgE1EEEvT1_T2_T3_T4_T5_T6_
    0 bytes stack frame, 0 bytes spill stores, 0 bytes spill loads
ptxas info    : Used 29 registers, used 1 barriers, 16 bytes smem
ptxas info    : Compile time = 9.808 ms
ptxas info    : Compiling entry function '_ZN3cub17_V_300400_SM_10006detail12batch_memcpy17BatchMemcpyKernelINS2_15policy_selectorEN6thrust17_V_300400_SM_100018transform_iteratorIN6detail14repeat_index_tIoEENS6_17counting_iteratorIiNS6_11use_defaultESC_SC_NS6_20__compile_time_valueILi1EEEEESC_SC_EENS7_INS8_20offset_to_iterator_tIoEEPmSC_SC_EENS7_INS8_16offset_to_size_tESF_SC_SC_EEjPN4cuda3__417constant_iteratorIolEEPPoSJ_PjjNS0_13ScanTileStateIjLb1EEESW_LNS0_7CopyAlgE1EEEvT0_T1_T2_T3_T4_T5_T6_T7_T9_T10_' for 'sm_100'
ptxas info    : Function properties for _ZN3cub17_V_300400_SM_10006detail12batch_memcpy17BatchMemcpyKernelINS2_15policy_selectorEN6thrust17_V_300400_SM_100018transform_iteratorIN6detail14repeat_index_tIoEENS6_17counting_iteratorIiNS6_11use_defaultESC_SC_NS6_20__compile_time_valueILi1EEEEESC_SC_EENS7_INS8_20offset_to_iterator_tIoEEPmSC_SC_EENS7_INS8_16offset_to_size_tESF_SC_SC_EEjPN4cuda3__417constant_iteratorIolEEPPoSJ_PjjNS0_13ScanTileStateIjLb1EEESW_LNS0_7CopyAlgE1EEEvT0_T1_T2_T3_T4_T5_T6_T7_T9_T10_
    0 bytes stack frame, 0 bytes spill stores, 0 bytes spill loads
ptxas info    : Used 48 registers, used 1 barriers, 9360 bytes smem
ptxas info    : Compile time = 57.063 ms
ptxas info    : Compiling entry function '_ZN3cub17_V_300400_SM_10006detail12batch_memcpy27MultiBlockBatchMemcpyKernelINS2_15policy_selectorEjPN4cuda3__417constant_iteratorInlEEPPnPmPjNS0_13ScanTileStateIjLb1EEEjLNS0_7CopyAlgE1EEEvT1_T2_T3_T4_T5_T6_' for 'sm_100'
ptxas info    : Function properties for _ZN3cub17_V_300400_SM_10006detail12batch_memcpy27MultiBlockBatchMemcpyKernelINS2_15policy_selectorEjPN4cuda3__417constant_iteratorInlEEPPnPmPjNS0_13ScanTileStateIjLb1EEEjLNS0_7CopyAlgE1EEEvT1_T2_T3_T4_T5_T6_
    0 bytes stack frame, 0 bytes spill stores, 0 bytes spill loads
ptxas info    : Used 29 registers, used 1 barriers, 16 bytes smem
ptxas info    : Compile time = 9.803 ms
ptxas info    : Compiling entry function '_ZN3cub17_V_300400_SM_10006detail12batch_memcpy17BatchMemcpyKernelINS2_15policy_selectorEN6thrust17_V_300400_SM_100018transform_iteratorIN6detail14repeat_index_tInEENS6_17counting_iteratorIiNS6_11use_defaultESC_SC_NS6_20__compile_time_valueILi1EEEEESC_SC_EENS7_INS8_20offset_to_iterator_tInEEPmSC_SC_EENS7_INS8_16offset_to_size_tESF_SC_SC_EEjPN4cuda3__417constant_iteratorInlEEPPnSJ_PjjNS0_13ScanTileStateIjLb1EEESW_LNS0_7CopyAlgE1EEEvT0_T1_T2_T3_T4_T5_T6_T7_T9_T10_' for 'sm_100'
ptxas info    : Function properties for _ZN3cub17_V_300400_SM_10006detail12batch_memcpy17BatchMemcpyKernelINS2_15policy_selectorEN6thrust17_V_300400_SM_100018transform_iteratorIN6detail14repeat_index_tInEENS6_17counting_iteratorIiNS6_11use_defaultESC_SC_NS6_20__compile_time_valueILi1EEEEESC_SC_EENS7_INS8_20offset_to_iterator_tInEEPmSC_SC_EENS7_INS8_16offset_to_size_tESF_SC_SC_EEjPN4cuda3__417constant_iteratorInlEEPPnSJ_PjjNS0_13ScanTileStateIjLb1EEESW_LNS0_7CopyAlgE1EEEvT0_T1_T2_T3_T4_T5_T6_T7_T9_T10_
    0 bytes stack frame, 0 bytes spill stores, 0 bytes spill loads
ptxas info    : Used 48 registers, used 1 barriers, 9360 bytes smem
ptxas info    : Compile time = 57.399 ms
ptxas info    : Compiling entry function '_ZN3cub17_V_300400_SM_10006detail12batch_memcpy27MultiBlockBatchMemcpyKernelINS2_15policy_selectorEjPN4cuda3__417constant_iteratorIllEEPPlPmPjNS0_13ScanTileStateIjLb1EEEjLNS0_7CopyAlgE1EEEvT1_T2_T3_T4_T5_T6_' for 'sm_100'
ptxas info    : Function properties for _ZN3cub17_V_300400_SM_10006detail12batch_memcpy27MultiBlockBatchMemcpyKernelINS2_15policy_selectorEjPN4cuda3__417constant_iteratorIllEEPPlPmPjNS0_13ScanTileStateIjLb1EEEjLNS0_7CopyAlgE1EEEvT1_T2_T3_T4_T5_T6_
    0 bytes stack frame, 0 bytes spill stores, 0 bytes spill loads
ptxas info    : Used 22 registers, used 1 barriers, 16 bytes smem
ptxas info    : Compile time = 16.152 ms
ptxas info    : Compiling entry function '_ZN3cub17_V_300400_SM_10006detail12batch_memcpy17BatchMemcpyKernelINS2_15policy_selectorEN6thrust17_V_300400_SM_100018transform_iteratorIN6detail14repeat_index_tIlEENS6_17counting_iteratorIiNS6_11use_defaultESC_SC_NS6_20__compile_time_valueILi1EEEEESC_SC_EENS7_INS8_20offset_to_iterator_tIlEEPmSC_SC_EENS7_INS8_16offset_to_size_tESF_SC_SC_EEjPN4cuda3__417constant_iteratorIllEEPPlSJ_PjjNS0_13ScanTileStateIjLb1EEESW_LNS0_7CopyAlgE1EEEvT0_T1_T2_T3_T4_T5_T6_T7_T9_T10_' for 'sm_100'
ptxas info    : Function properties for _ZN3cub17_V_300400_SM_10006detail12batch_memcpy17BatchMemcpyKernelINS2_15policy_selectorEN6thrust17_V_300400_SM_100018transform_iteratorIN6detail14repeat_index_tIlEENS6_17counting_iteratorIiNS6_11use_defaultESC_SC_NS6_20__compile_time_valueILi1EEEEESC_SC_EENS7_INS8_20offset_to_iterator_tIlEEPmSC_SC_EENS7_INS8_16offset_to_size_tESF_SC_SC_EEjPN4cuda3__417constant_iteratorIllEEPPlSJ_PjjNS0_13ScanTileStateIjLb1EEESW_LNS0_7CopyAlgE1EEEvT0_T1_T2_T3_T4_T5_T6_T7_T9_T10_
    0 bytes stack frame, 0 bytes spill stores, 0 bytes spill loads
ptxas info    : Used 40 registers, used 1 barriers, 9360 bytes smem
ptxas info    : Compile time = 53.919 ms
ptxas info    : Compiling entry function '_ZN3cub17_V_300400_SM_10006detail12batch_memcpy27MultiBlockBatchMemcpyKernelINS2_15policy_selectorEjPN4cuda3__417constant_iteratorIilEEPPiPmPjNS0_13ScanTileStateIjLb1EEEjLNS0_7CopyAlgE1EEEvT1_T2_T3_T4_T5_T6_' for 'sm_100'
ptxas info    : Function properties for _ZN3cub17_V_300400_SM_10006detail12batch_memcpy27MultiBlockBatchMemcpyKernelINS2_15policy_selectorEjPN4cuda3__417constant_iteratorIilEEPPiPmPjNS0_13ScanTileStateIjLb1EEEjLNS0_7CopyAlgE1EEEvT1_T2_T3_T4_T5_T6_
    0 bytes stack frame, 0 bytes spill stores, 0 bytes spill loads
ptxas info    : Used 21 registers, used 1 barriers, 16 bytes smem
ptxas info    : Compile time = 16.121 ms
ptxas info    : Compiling entry function '_ZN3cub17_V_300400_SM_10006detail12batch_memcpy17BatchMemcpyKernelINS2_15policy_selectorEN6thrust17_V_300400_SM_100018transform_iteratorIN6detail14repeat_index_tIiEENS6_17counting_iteratorIiNS6_11use_defaultESC_SC_NS6_20__compile_time_valueILi1EEEEESC_SC_EENS7_INS8_20offset_to_iterator_tIiEEPmSC_SC_EENS7_INS8_16offset_to_size_tESF_SC_SC_EEjPN4cuda3__417constant_iteratorIilEEPPiSJ_PjjNS0_13ScanTileStateIjLb1EEESW_LNS0_7CopyAlgE1EEEvT0_T1_T2_T3_T4_T5_T6_T7_T9_T10_' for 'sm_100'
ptxas info    : Function properties for _ZN3cub17_V_300400_SM_10006detail12batch_memcpy17BatchMemcpyKernelINS2_15policy_selectorEN6thrust17_V_300400_SM_100018transform_iteratorIN6detail14repeat_index_tIiEENS6_17counting_iteratorIiNS6_11use_defaultESC_SC_NS6_20__compile_time_valueILi1EEEEESC_SC_EENS7_INS8_20offset_to_iterator_tIiEEPmSC_SC_EENS7_INS8_16offset_to_size_tESF_SC_SC_EEjPN4cuda3__417constant_iteratorIilEEPPiSJ_PjjNS0_13ScanTileStateIjLb1EEESW_LNS0_7CopyAlgE1EEEvT0_T1_T2_T3_T4_T5_T6_T7_T9_T10_
    0 bytes stack frame, 0 bytes spill stores, 0 bytes spill loads
ptxas info    : Used 48 registers, used 1 barriers, 9360 bytes smem
ptxas info    : Compile time = 53.295 ms
ptxas info    : Compiling entry function '_ZN3cub17_V_300400_SM_10006detail12batch_memcpy27MultiBlockBatchMemcpyKernelINS2_15policy_selectorEjPN4cuda3__417constant_iteratorIslEEPPsPmPjNS0_13ScanTileStateIjLb1EEEjLNS0_7CopyAlgE1EEEvT1_T2_T3_T4_T5_T6_' for 'sm_100'
ptxas info    : Function properties for _ZN3cub17_V_300400_SM_10006detail12batch_memcpy27MultiBlockBatchMemcpyKernelINS2_15policy_selectorEjPN4cuda3__417constant_iteratorIslEEPPsPmPjNS0_13ScanTileStateIjLb1EEEjLNS0_7CopyAlgE1EEEvT1_T2_T3_T4_T5_T6_
    0 bytes stack frame, 0 bytes spill stores, 0 bytes spill loads
ptxas info    : Used 21 registers, used 1 barriers, 16 bytes smem
ptxas info    : Compile time = 16.174 ms
ptxas info    : Compiling entry function '_ZN3cub17_V_300400_SM_10006detail12batch_memcpy17BatchMemcpyKernelINS2_15policy_selectorEN6thrust17_V_300400_SM_100018transform_iteratorIN6detail14repeat_index_tIsEENS6_17counting_iteratorIiNS6_11use_defaultESC_SC_NS6_20__compile_time_valueILi1EEEEESC_SC_EENS7_INS8_20offset_to_iterator_tIsEEPmSC_SC_EENS7_INS8_16offset_to_size_tESF_SC_SC_EEjPN4cuda3__417constant_iteratorIslEEPPsSJ_PjjNS0_13ScanTileStateIjLb1EEESW_LNS0_7CopyAlgE1EEEvT0_T1_T2_T3_T4_T5_T6_T7_T9_T10_' for 'sm_100'
ptxas info    : Function properties for _ZN3cub17_V_300400_SM_10006detail12batch_memcpy17BatchMemcpyKernelINS2_15policy_selectorEN6thrust17_V_300400_SM_100018transform_iteratorIN6detail14repeat_index_tIsEENS6_17counting_iteratorIiNS6_11use_defaultESC_SC_NS6_20__compile_time_valueILi1EEEEESC_SC_EENS7_INS8_20offset_to_iterator_tIsEEPmSC_SC_EENS7_INS8_16offset_to_size_tESF_SC_SC_EEjPN4cuda3__417constant_iteratorIslEEPPsSJ_PjjNS0_13ScanTileStateIjLb1EEESW_LNS0_7CopyAlgE1EEEvT0_T1_T2_T3_T4_T5_T6_T7_T9_T10_
    0 bytes stack frame, 0 bytes spill stores, 0 bytes spill loads
ptxas info    : Used 48 registers, used 1 barriers, 9360 bytes smem
ptxas info    : Compile time = 53.837 ms
ptxas info    : Compiling entry function '_ZN3cub17_V_300400_SM_10006detail12batch_memcpy27MultiBlockBatchMemcpyKernelINS2_15policy_selectorEjPN4cuda3__417constant_iteratorIalEEPPaPmPjNS0_13ScanTileStateIjLb1EEEjLNS0_7CopyAlgE1EEEvT1_T2_T3_T4_T5_T6_' for 'sm_100'
ptxas info    : Function properties for _ZN3cub17_V_300400_SM_10006detail12batch_memcpy27MultiBlockBatchMemcpyKernelINS2_15policy_selectorEjPN4cuda3__417constant_iteratorIalEEPPaPmPjNS0_13ScanTileStateIjLb1EEEjLNS0_7CopyAlgE1EEEvT1_T2_T3_T4_T5_T6_
    0 bytes stack frame, 0 bytes spill stores, 0 bytes spill loads
ptxas info    : Used 21 registers, used 1 barriers, 16 bytes smem
ptxas info    : Compile time = 15.846 ms
ptxas info    : Compiling entry function '_ZN3cub17_V_300400_SM_10006detail12batch_memcpy17BatchMemcpyKernelINS2_15policy_selectorEN6thrust17_V_300400_SM_100018transform_iteratorIN6detail14repeat_index_tIaEENS6_17counting_iteratorIiNS6_11use_defaultESC_SC_NS6_20__compile_time_valueILi1EEEEESC_SC_EENS7_INS8_20offset_to_iterator_tIaEEPmSC_SC_EENS7_INS8_16offset_to_size_tESF_SC_SC_EEjPN4cuda3__417constant_iteratorIalEEPPaSJ_PjjNS0_13ScanTileStateIjLb1EEESW_LNS0_7CopyAlgE1EEEvT0_T1_T2_T3_T4_T5_T6_T7_T9_T10_' for 'sm_100'
ptxas info    : Function properties for _ZN3cub17_V_300400_SM_10006detail12batch_memcpy17BatchMemcpyKernelINS2_15policy_selectorEN6thrust17_V_300400_SM_100018transform_iteratorIN6detail14repeat_index_tIaEENS6_17counting_iteratorIiNS6_11use_defaultESC_SC_NS6_20__compile_time_valueILi1EEEEESC_SC_EENS7_INS8_20offset_to_iterator_tIaEEPmSC_SC_EENS7_INS8_16offset_to_size_tESF_SC_SC_EEjPN4cuda3__417constant_iteratorIalEEPPaSJ_PjjNS0_13ScanTileStateIjLb1EEESW_LNS0_7CopyAlgE1EEEvT0_T1_T2_T3_T4_T5_T6_T7_T9_T10_
    0 bytes stack frame, 0 bytes spill stores, 0 bytes spill loads
ptxas info    : Used 48 registers, used 1 barriers, 9360 bytes smem
ptxas info    : Compile time = 52.533 ms
ptxas info    : Compiling entry function '_ZN3cub17_V_300400_SM_10006detail12batch_memcpy27MultiBlockBatchMemcpyKernelINS2_15policy_selectorEjPN4cuda3__417constant_iteratorImlEEPPmSA_PjNS0_13ScanTileStateIjLb1EEEjLNS0_7CopyAlgE1EEEvT1_T2_T3_T4_T5_T6_' for 'sm_100'
ptxas info    : Function properties for _ZN3cub17_V_300400_SM_10006detail12batch_memcpy27MultiBlockBatchMemcpyKernelINS2_15policy_selectorEjPN4cuda3__417constant_iteratorImlEEPPmSA_PjNS0_13ScanTileStateIjLb1EEEjLNS0_7CopyAlgE1EEEvT1_T2_T3_T4_T5_T6_
    0 bytes stack frame, 0 bytes spill stores, 0 bytes spill loads
ptxas info    : Used 22 registers, used 1 barriers, 16 bytes smem
ptxas info    : Compile time = 16.151 ms
ptxas info    : Compiling entry function '_ZN3cub17_V_300400_SM_10006detail12batch_memcpy17BatchMemcpyKernelINS2_15policy_selectorEN6thrust17_V_300400_SM_100018transform_iteratorIN6detail14repeat_index_tImEENS6_17counting_iteratorIiNS6_11use_defaultESC_SC_NS6_20__compile_time_valueILi1EEEEESC_SC_EENS7_INS8_20offset_to_iterator_tImEEPmSC_SC_EENS7_INS8_16offset_to_size_tESF_SC_SC_EEjPN4cuda3__417constant_iteratorImlEEPSJ_SJ_PjjNS0_13ScanTileStateIjLb1EEESV_LNS0_7CopyAlgE1EEEvT0_T1_T2_T3_T4_T5_T6_T7_T9_T10_' for 'sm_100'
ptxas info    : Function properties for _ZN3cub17_V_300400_SM_10006detail12batch_memcpy17BatchMemcpyKernelINS2_15policy_selectorEN6thrust17_V_300400_SM_100018transform_iteratorIN6detail14repeat_index_tImEENS6_17counting_iteratorIiNS6_11use_defaultESC_SC_NS6_20__compile_time_valueILi1EEEEESC_SC_EENS7_INS8_20offset_to_iterator_tImEEPmSC_SC_EENS7_INS8_16offset_to_size_tESF_SC_SC_EEjPN4cuda3__417constant_iteratorImlEEPSJ_SJ_PjjNS0_13ScanTileStateIjLb1EEESV_LNS0_7CopyAlgE1EEEvT0_T1_T2_T3_T4_T5_T6_T7_T9_T10_
    0 bytes stack frame, 0 bytes spill stores, 0 bytes spill loads
ptxas info    : Used 40 registers, used 1 barriers, 9360 bytes smem
ptxas info    : Compile time = 53.986 ms
ptxas info    : Compiling entry function '_ZN3cub17_V_300400_SM_10006detail12batch_memcpy27MultiBlockBatchMemcpyKernelINS2_15policy_selectorEjPN4cuda3__417constant_iteratorIjlEEPPjPmSA_NS0_13ScanTileStateIjLb1EEEjLNS0_7CopyAlgE1EEEvT1_T2_T3_T4_T5_T6_' for 'sm_100'
ptxas info    : Function properties for _ZN3cub17_V_300400_SM_10006detail12batch_memcpy27MultiBlockBatchMemcpyKernelINS2_15policy_selectorEjPN4cuda3__417constant_iteratorIjlEEPPjPmSA_NS0_13ScanTileStateIjLb1EEEjLNS0_7CopyAlgE1EEEvT1_T2_T3_T4_T5_T6_
    0 bytes stack frame, 0 bytes spill stores, 0 bytes spill loads
ptxas info    : Used 21 registers, used 1 barriers, 16 bytes smem
ptxas info    : Compile time = 16.188 ms
ptxas info    : Compiling entry function '_ZN3cub17_V_300400_SM_10006detail12batch_memcpy17BatchMemcpyKernelINS2_15policy_selectorEN6thrust17_V_300400_SM_100018transform_iteratorIN6detail14repeat_index_tIjEENS6_17counting_iteratorIiNS6_11use_defaultESC_SC_NS6_20__compile_time_valueILi1EEEEESC_SC_EENS7_INS8_20offset_to_iterator_tIjEEPmSC_SC_EENS7_INS8_16offset_to_size_tESF_SC_SC_EEjPN4cuda3__417constant_iteratorIjlEEPPjSJ_SS_jNS0_13ScanTileStateIjLb1EEESV_LNS0_7CopyAlgE1EEEvT0_T1_T2_T3_T4_T5_T6_T7_T9_T10_' for 'sm_100'
ptxas info    : Function properties for _ZN3cub17_V_300400_SM_10006detail12batch_memcpy17BatchMemcpyKernelINS2_15policy_selectorEN6thrust17_V_300400_SM_100018transform_iteratorIN6detail14repeat_index_tIjEENS6_17counting_iteratorIiNS6_11use_defaultESC_SC_NS6_20__compile_time_valueILi1EEEEESC_SC_EENS7_INS8_20offset_to_iterator_tIjEEPmSC_SC_EENS7_INS8_16offset_to_size_tESF_SC_SC_EEjPN4cuda3__417constant_iteratorIjlEEPPjSJ_SS_jNS0_13ScanTileStateIjLb1EEESV_LNS0_7CopyAlgE1EEEvT0_T1_T2_T3_T4_T5_T6_T7_T9_T10_
    0 bytes stack frame, 0 bytes spill stores, 0 bytes spill loads
ptxas info    : Used 48 registers, used 1 barriers, 9360 bytes smem
ptxas info    : Compile time = 53.802 ms
ptxas info    : Compiling entry function '_ZN3cub17_V_300400_SM_10006detail12batch_memcpy27MultiBlockBatchMemcpyKernelINS2_15policy_selectorEjPN4cuda3__417constant_iteratorItlEEPPtPmPjNS0_13ScanTileStateIjLb1EEEjLNS0_7CopyAlgE1EEEvT1_T2_T3_T4_T5_T6_' for 'sm_100'
ptxas info    : Function properties for _ZN3cub17_V_300400_SM_10006detail12batch_memcpy27MultiBlockBatchMemcpyKernelINS2_15policy_selectorEjPN4cuda3__417constant_iteratorItlEEPPtPmPjNS0_13ScanTileStateIjLb1EEEjLNS0_7CopyAlgE1EEEvT1_T2_T3_T4_T5_T6_
    0 bytes stack frame, 0 bytes spill stores, 0 bytes spill loads
ptxas info    : Used 21 registers, used 1 barriers, 16 bytes smem
ptxas info    : Compile time = 16.176 ms
ptxas info    : Compiling entry function '_ZN3cub17_V_300400_SM_10006detail12batch_memcpy17BatchMemcpyKernelINS2_15policy_selectorEN6thrust17_V_300400_SM_100018transform_iteratorIN6detail14repeat_index_tItEENS6_17counting_iteratorIiNS6_11use_defaultESC_SC_NS6_20__compile_time_valueILi1EEEEESC_SC_EENS7_INS8_20offset_to_iterator_tItEEPmSC_SC_EENS7_INS8_16offset_to_size_tESF_SC_SC_EEjPN4cuda3__417constant_iteratorItlEEPPtSJ_PjjNS0_13ScanTileStateIjLb1EEESW_LNS0_7CopyAlgE1EEEvT0_T1_T2_T3_T4_T5_T6_T7_T9_T10_' for 'sm_100'
ptxas info    : Function properties for _ZN3cub17_V_300400_SM_10006detail12batch_memcpy17BatchMemcpyKernelINS2_15policy_selectorEN6thrust17_V_300400_SM_100018transform_iteratorIN6detail14repeat_index_tItEENS6_17counting_iteratorIiNS6_11use_defaultESC_SC_NS6_20__compile_time_valueILi1EEEEESC_SC_EENS7_INS8_20offset_to_iterator_tItEEPmSC_SC_EENS7_INS8_16offset_to_size_tESF_SC_SC_EEjPN4cuda3__417constant_iteratorItlEEPPtSJ_PjjNS0_13ScanTileStateIjLb1EEESW_LNS0_7CopyAlgE1EEEvT0_T1_T2_T3_T4_T5_T6_T7_T9_T10_
    0 bytes stack frame, 0 bytes spill stores, 0 bytes spill loads
ptxas info    : Used 48 registers, used 1 barriers, 9360 bytes smem
ptxas info    : Compile time = 53.516 ms
ptxas info    : Compiling entry function '_ZN3cub17_V_300400_SM_10006detail12batch_memcpy27MultiBlockBatchMemcpyKernelINS2_15policy_selectorEjPN4cuda3__417constant_iteratorIhlEEPPhPmPjNS0_13ScanTileStateIjLb1EEEjLNS0_7CopyAlgE1EEEvT1_T2_T3_T4_T5_T6_' for 'sm_100'
ptxas info    : Function properties for _ZN3cub17_V_300400_SM_10006detail12batch_memcpy27MultiBlockBatchMemcpyKernelINS2_15policy_selectorEjPN4cuda3__417constant_iteratorIhlEEPPhPmPjNS0_13ScanTileStateIjLb1EEEjLNS0_7CopyAlgE1EEEvT1_T2_T3_T4_T5_T6_
    0 bytes stack frame, 0 bytes spill stores, 0 bytes spill loads
ptxas info    : Used 21 registers, used 1 barriers, 16 bytes smem
ptxas info    : Compile time = 15.893 ms
ptxas info    : Compiling entry function '_ZN3cub17_V_300400_SM_10006detail12batch_memcpy17BatchMemcpyKernelINS2_15policy_selectorEN6thrust17_V_300400_SM_100018transform_iteratorIN6detail14repeat_index_tIhEENS6_17counting_iteratorIiNS6_11use_defaultESC_SC_NS6_20__compile_time_valueILi1EEEEESC_SC_EENS7_INS8_20offset_to_iterator_tIhEEPmSC_SC_EENS7_INS8_16offset_to_size_tESF_SC_SC_EEjPN4cuda3__417constant_iteratorIhlEEPPhSJ_PjjNS0_13ScanTileStateIjLb1EEESW_LNS0_7CopyAlgE1EEEvT0_T1_T2_T3_T4_T5_T6_T7_T9_T10_' for 'sm_100'
ptxas info    : Function properties for _ZN3cub17_V_300400_SM_10006detail12batch_memcpy17BatchMemcpyKernelINS2_15policy_selectorEN6thrust17_V_300400_SM_100018transform_iteratorIN6detail14repeat_index_tIhEENS6_17counting_iteratorIiNS6_11use_defaultESC_SC_NS6_20__compile_time_valueILi1EEEEESC_SC_EENS7_INS8_20offset_to_iterator_tIhEEPmSC_SC_EENS7_INS8_16offset_to_size_tESF_SC_SC_EEjPN4cuda3__417constant_iteratorIhlEEPPhSJ_PjjNS0_13ScanTileStateIjLb1EEESW_LNS0_7CopyAlgE1EEEvT0_T1_T2_T3_T4_T5_T6_T7_T9_T10_
    0 bytes stack frame, 0 bytes spill stores, 0 bytes spill loads
ptxas info    : Used 48 registers, used 1 barriers, 9360 bytes smem
ptxas info    : Compile time = 52.405 ms
ptxas info    : Compiling entry function '_ZN3cub17_V_300400_SM_10006detail12batch_memcpy27MultiBlockBatchMemcpyKernelINS2_15policy_selectorEjPN4cuda3__417constant_iteratorIblEEPPbPmPjNS0_13ScanTileStateIjLb1EEEjLNS0_7CopyAlgE1EEEvT1_T2_T3_T4_T5_T6_' for 'sm_100'
ptxas info    : Function properties for _ZN3cub17_V_300400_SM_10006detail12batch_memcpy27MultiBlockBatchMemcpyKernelINS2_15policy_selectorEjPN4cuda3__417constant_iteratorIblEEPPbPmPjNS0_13ScanTileStateIjLb1EEEjLNS0_7CopyAlgE1EEEvT1_T2_T3_T4_T5_T6_
    0 bytes stack frame, 0 bytes spill stores, 0 bytes spill loads
ptxas info    : Used 21 registers, used 1 barriers, 16 bytes smem
ptxas info    : Compile time = 15.844 ms
ptxas info    : Compiling entry function '_ZN3cub17_V_300400_SM_10006detail12batch_memcpy17BatchMemcpyKernelINS2_15policy_selectorEN6thrust17_V_300400_SM_100018transform_iteratorIN6detail14repeat_index_tIbEENS6_17counting_iteratorIiNS6_11use_defaultESC_SC_NS6_20__compile_time_valueILi1EEEEESC_SC_EENS7_INS8_20offset_to_iterator_tIbEEPmSC_SC_EENS7_INS8_16offset_to_size_tESF_SC_SC_EEjPN4cuda3__417constant_iteratorIblEEPPbSJ_PjjNS0_13ScanTileStateIjLb1EEESW_LNS0_7CopyAlgE1EEEvT0_T1_T2_T3_T4_T5_T6_T7_T9_T10_' for 'sm_100'
ptxas info    : Function properties for _ZN3cub17_V_300400_SM_10006detail12batch_memcpy17BatchMemcpyKernelINS2_15policy_selectorEN6thrust17_V_300400_SM_100018transform_iteratorIN6detail14repeat_index_tIbEENS6_17counting_iteratorIiNS6_11use_defaultESC_SC_NS6_20__compile_time_valueILi1EEEEESC_SC_EENS7_INS8_20offset_to_iterator_tIbEEPmSC_SC_EENS7_INS8_16offset_to_size_tESF_SC_SC_EEjPN4cuda3__417constant_iteratorIblEEPPbSJ_PjjNS0_13ScanTileStateIjLb1EEESW_LNS0_7CopyAlgE1EEEvT0_T1_T2_T3_T4_T5_T6_T7_T9_T10_
    0 bytes stack frame, 0 bytes spill stores, 0 bytes spill loads
ptxas info    : Used 48 registers, used 1 barriers, 9360 bytes smem
ptxas info    : Compile time = 53.688 ms
ptxas info    : Compiling entry function '_ZN3cub17_V_300400_SM_10006detail12batch_memcpy19InitTileStateKernelINS0_13ScanTileStateIjLb1EEES5_jEEvT_T0_T1_' for 'sm_100'
ptxas info    : Function properties for _ZN3cub17_V_300400_SM_10006detail12batch_memcpy19InitTileStateKernelINS0_13ScanTileStateIjLb1EEES5_jEEvT_T0_T1_
    0 bytes stack frame, 0 bytes spill stores, 0 bytes spill loads
ptxas info    : Used 16 registers, used 0 barriers
ptxas info    : Compile time = 1.484 ms
ptxas info    : Compiling entry function '_ZN3cub17_V_300400_SM_10006detail11EmptyKernelIvEEvv' for 'sm_100'
ptxas info    : Function properties for _ZN3cub17_V_300400_SM_10006detail11EmptyKernelIvEEvv
    0 bytes stack frame, 0 bytes spill stores, 0 bytes spill loads
ptxas info    : Used 4 registers, used 0 barriers
ptxas info    : Compile time = 0.451 ms
[44/44] Linking CUDA executable bin/cub.bench.topk.pairs.base
