[0/2] Re-checking globbed directories...
[1/44] Generate git revision file for nvbench_git_revision
[2/44] Building CXX object _deps/nvbench-build/nvbench/CMakeFiles/nvbench.dir/axis_base.cxx.o
[3/44] Building CXX object _deps/fmt-build/CMakeFiles/fmt.dir/src/os.cc.o
[4/44] Building CXX object _deps/nvbench-build/nvbench/CMakeFiles/nvbench.dir/float64_axis.cxx.o
[5/44] Building CXX object _deps/nvbench-build/nvbench/CMakeFiles/nvbench.dir/int64_axis.cxx.o
[6/44] Building CXX object _deps/nvbench-build/nvbench/CMakeFiles/nvbench.dir/benchmark_manager.cxx.o
[7/44] Building CXX object _deps/nvbench-build/nvbench/CMakeFiles/nvbench.dir/benchmark_base.cxx.o
[8/44] Building CXX object _deps/nvbench-build/nvbench/CMakeFiles/nvbench.dir/criterion_manager.cxx.o
[9/44] Building CXX object _deps/nvbench-build/nvbench/CMakeFiles/nvbench.dir/printer_base.cxx.o
[10/44] Building CXX object _deps/nvbench-build/nvbench/CMakeFiles/nvbench.dir/printer_multiplex.cxx.o
[11/44] Building CUDA object _deps/nvbench-build/nvbench/CMakeFiles/nvbench.dir/cuda_call.cu.o
ptxas info    : 0 bytes gmem
[12/44] Building CUDA object _deps/nvbench-build/nvbench/CMakeFiles/nvbench.dir/device_info.cu.o
ptxas info    : 0 bytes gmem
ptxas info    : Compiling entry function '_ZN7nvbench6detail11noop_kernelIvEEvv' for 'sm_100'
ptxas info    : Function properties for _ZN7nvbench6detail11noop_kernelIvEEvv
    0 bytes stack frame, 0 bytes spill stores, 0 bytes spill loads
ptxas info    : Used 4 registers, used 0 barriers
ptxas info    : Compile time = 1.118 ms
[13/44] Building CXX object _deps/nvbench-build/nvbench/CMakeFiles/nvbench.dir/string_axis.cxx.o
[14/44] Building CXX object _deps/nvbench-build/nvbench/CMakeFiles/nvbench.dir/runner.cxx.o
[15/44] Building CXX object _deps/nvbench-build/nvbench/CMakeFiles/nvbench.dir/stopping_criterion.cxx.o
[16/44] Building CXX object _deps/nvbench-build/nvbench/CMakeFiles/nvbench.dir/axes_metadata.cxx.o
[17/44] Building CXX object _deps/nvbench-build/nvbench/CMakeFiles/nvbench.dir/named_values.cxx.o
[18/44] Building CXX object _deps/nvbench-build/nvbench/CMakeFiles/nvbench.dir/type_strings.cxx.o
[19/44] Building CXX object _deps/nvbench-build/nvbench/CMakeFiles/nvbench.dir/detail/entropy_criterion.cxx.o
[20/44] Building CUDA object _deps/nvbench-build/nvbench/CMakeFiles/nvbench.dir/device_manager.cu.o
ptxas info    : 0 bytes gmem
ptxas info    : Compiling entry function '_ZN7nvbench6detail11noop_kernelIvEEvv' for 'sm_100'
ptxas info    : Function properties for _ZN7nvbench6detail11noop_kernelIvEEvv
    0 bytes stack frame, 0 bytes spill stores, 0 bytes spill loads
ptxas info    : Used 4 registers, used 0 barriers
ptxas info    : Compile time = 1.599 ms
[21/44] Building CXX object _deps/nvbench-build/nvbench/CMakeFiles/nvbench.dir/state.cxx.o
[22/44] Building CXX object _deps/nvbench-build/nvbench/CMakeFiles/nvbench.dir/type_axis.cxx.o
[23/44] Building CXX object _deps/nvbench-build/nvbench/CMakeFiles/nvbench.dir/detail/gpu_frequency.cxx.o
[24/44] Building CUDA object _deps/nvbench-build/nvbench/CMakeFiles/nvbench.main.dir/main.cu.o
ptxas info    : 0 bytes gmem
ptxas info    : Compiling entry function '_ZN7nvbench6detail11noop_kernelIvEEvv' for 'sm_100'
ptxas info    : Function properties for _ZN7nvbench6detail11noop_kernelIvEEvv
    0 bytes stack frame, 0 bytes spill stores, 0 bytes spill loads
ptxas info    : Used 4 registers, used 0 barriers
ptxas info    : Compile time = 1.183 ms
[25/44] Building CXX object _deps/nvbench-build/nvbench/CMakeFiles/nvbench.dir/detail/stdrel_criterion.cxx.o
[26/44] Building CUDA object _deps/nvbench-build/nvbench/CMakeFiles/nvbench.dir/blocking_kernel.cu.o
ptxas info    : 1231 bytes gmem
ptxas info    : Compiling entry function '_ZN51_GLOBAL__N__2bb2989b_18_blocking_kernel_cu_86d27a5812block_streamEPVKiPVid' for 'sm_100'
ptxas info    : Function properties for _ZN51_GLOBAL__N__2bb2989b_18_blocking_kernel_cu_86d27a5812block_streamEPVKiPVid
    8 bytes stack frame, 0 bytes spill stores, 0 bytes spill loads
ptxas info    : Used 24 registers, used 0 barriers, 8 bytes cumulative stack size
ptxas info    : Compile time = 3.313 ms
ptxas info    : Compiling entry function '_ZN7nvbench6detail11noop_kernelIvEEvv' for 'sm_100'
ptxas info    : Function properties for _ZN7nvbench6detail11noop_kernelIvEEvv
    0 bytes stack frame, 0 bytes spill stores, 0 bytes spill loads
ptxas info    : Used 4 registers, used 0 barriers
ptxas info    : Compile time = 0.467 ms
[27/44] Building CXX object _deps/nvbench-build/nvbench/CMakeFiles/nvbench.dir/internal/nvml.cxx.o
[28/44] Building CXX object _deps/fmt-build/CMakeFiles/fmt.dir/src/format.cc.o
[29/44] Linking CXX static library _deps/fmt-build/libfmt.a
[30/44] Building CXX object _deps/nvbench-build/nvbench/CMakeFiles/nvbench.dir/detail/measure_cpu_only.cxx.o
[31/44] Building CXX object _deps/nvbench-build/nvbench/CMakeFiles/nvbench.dir/detail/state_generator.cxx.o
[32/44] Building CUDA object _deps/nvbench-build/nvbench/CMakeFiles/nvbench.dir/csv_printer.cu.o
ptxas info    : 0 bytes gmem
ptxas info    : Compiling entry function '_ZN7nvbench6detail11noop_kernelIvEEvv' for 'sm_100'
ptxas info    : Function properties for _ZN7nvbench6detail11noop_kernelIvEEvv
    0 bytes stack frame, 0 bytes spill stores, 0 bytes spill loads
ptxas info    : Used 4 registers, used 0 barriers
ptxas info    : Compile time = 0.859 ms
[33/44] Building CUDA object _deps/nvbench-build/nvbench/CMakeFiles/nvbench.dir/detail/timestamps_kernel.cu.o
ptxas info    : 0 bytes gmem
ptxas info    : Compiling entry function '_ZN53_GLOBAL__N__2321a19e_20_timestamps_kernel_cu_605b294321get_timestamps_kernelEPmS0_' for 'sm_100'
ptxas info    : Function properties for _ZN53_GLOBAL__N__2321a19e_20_timestamps_kernel_cu_605b294321get_timestamps_kernelEPmS0_
    0 bytes stack frame, 0 bytes spill stores, 0 bytes spill loads
ptxas info    : Used 12 registers, used 0 barriers
ptxas info    : Compile time = 1.739 ms
ptxas info    : Compiling entry function '_ZN7nvbench6detail11noop_kernelIvEEvv' for 'sm_100'
ptxas info    : Function properties for _ZN7nvbench6detail11noop_kernelIvEEvv
    0 bytes stack frame, 0 bytes spill stores, 0 bytes spill loads
ptxas info    : Used 4 registers, used 0 barriers
ptxas info    : Compile time = 0.425 ms
[34/44] Building CXX object _deps/nvbench-build/nvbench/CMakeFiles/nvbench.dir/cupti_profiler_host.cxx.o
[35/44] Building CUDA object _deps/nvbench-build/nvbench/CMakeFiles/nvbench.dir/markdown_printer.cu.o
ptxas info    : 0 bytes gmem
ptxas info    : Compiling entry function '_ZN7nvbench6detail11noop_kernelIvEEvv' for 'sm_100'
ptxas info    : Function properties for _ZN7nvbench6detail11noop_kernelIvEEvv
    0 bytes stack frame, 0 bytes spill stores, 0 bytes spill loads
ptxas info    : Used 4 registers, used 0 barriers
ptxas info    : Compile time = 1.162 ms
[36/44] Building CUDA object _deps/nvbench-build/nvbench/CMakeFiles/nvbench.dir/detail/measure_hot.cu.o
ptxas info    : 0 bytes gmem
ptxas info    : Compiling entry function '_ZN7nvbench6detail11noop_kernelIvEEvv' for 'sm_100'
ptxas info    : Function properties for _ZN7nvbench6detail11noop_kernelIvEEvv
    0 bytes stack frame, 0 bytes spill stores, 0 bytes spill loads
ptxas info    : Used 4 registers, used 0 barriers
ptxas info    : Compile time = 1.240 ms
[37/44] Building CUDA object _deps/nvbench-build/nvbench/CMakeFiles/nvbench.dir/detail/measure_cold.cu.o
ptxas info    : 0 bytes gmem
ptxas info    : Compiling entry function '_ZN7nvbench6detail11noop_kernelIvEEvv' for 'sm_100'
ptxas info    : Function properties for _ZN7nvbench6detail11noop_kernelIvEEvv
    0 bytes stack frame, 0 bytes spill stores, 0 bytes spill loads
ptxas info    : Used 4 registers, used 0 barriers
ptxas info    : Compile time = 1.279 ms
[38/44] Building CUDA object _deps/nvbench-build/nvbench/CMakeFiles/nvbench.dir/detail/measure_cupti.cu.o
ptxas info    : 0 bytes gmem
ptxas info    : Compiling entry function '_ZN7nvbench6detail11noop_kernelIvEEvv' for 'sm_100'
ptxas info    : Function properties for _ZN7nvbench6detail11noop_kernelIvEEvv
    0 bytes stack frame, 0 bytes spill stores, 0 bytes spill loads
ptxas info    : Used 4 registers, used 0 barriers
ptxas info    : Compile time = 1.308 ms
[39/44] Building CUDA object _deps/nvbench-build/nvbench/CMakeFiles/nvbench.dir/option_parser.cu.o
ptxas info    : 0 bytes gmem
ptxas info    : Compiling entry function '_ZN7nvbench6detail11noop_kernelIvEEvv' for 'sm_100'
ptxas info    : Function properties for _ZN7nvbench6detail11noop_kernelIvEEvv
    0 bytes stack frame, 0 bytes spill stores, 0 bytes spill loads
ptxas info    : Used 4 registers, used 0 barriers
ptxas info    : Compile time = 1.242 ms
[40/44] Building CUDA object _deps/nvbench-build/nvbench/CMakeFiles/nvbench.dir/json_printer.cu.o
ptxas info    : 0 bytes gmem
ptxas info    : Compiling entry function '_ZN7nvbench6detail11noop_kernelIvEEvv' for 'sm_100'
ptxas info    : Function properties for _ZN7nvbench6detail11noop_kernelIvEEvv
    0 bytes stack frame, 0 bytes spill stores, 0 bytes spill loads
ptxas info    : Used 4 registers, used 0 barriers
ptxas info    : Compile time = 1.173 ms
[41/44] Linking CXX shared library lib/libnvbench.so
[42/44] Building CUDA object nvbench_helper/CMakeFiles/cccl.nvbench_helper.dir/nvbench_helper/nvbench_helper.cu.o
ptxas info    : 121 bytes gmem
ptxas info    : Compiling entry function '_ZN7nvbench6detail11noop_kernelIvEEvv' for 'sm_100'
ptxas info    : Function properties for _ZN7nvbench6detail11noop_kernelIvEEvv
    0 bytes stack frame, 0 bytes spill stores, 0 bytes spill loads
ptxas info    : Used 4 registers, used 0 barriers
ptxas info    : Compile time = 1.791 ms
ptxas info    : Compiling entry function '_ZN3cub17_V_300500_SM_10006detail4find11find_kernelINS2_26policy_selector_from_typesImEEPmyN6detail4ge_tImEEEEvT0_T1_PSB_T2_' for 'sm_100'
ptxas info    : Function properties for _ZN3cub17_V_300500_SM_10006detail4find11find_kernelINS2_26policy_selector_from_typesImEEPmyN6detail4ge_tImEEEEvT0_T1_PSB_T2_
    0 bytes stack frame, 0 bytes spill stores, 0 bytes spill loads
ptxas info    : Used 26 registers, used 1 barriers, 16 bytes smem
ptxas info    : Compile time = 9.610 ms
ptxas info    : Compiling entry function '_ZN3cub17_V_300500_SM_10006detail4find11find_kernelINS2_26policy_selector_from_typesImEEPmjN6detail4ge_tImEEEEvT0_T1_PSB_T2_' for 'sm_100'
ptxas info    : Function properties for _ZN3cub17_V_300500_SM_10006detail4find11find_kernelINS2_26policy_selector_from_typesImEEPmjN6detail4ge_tImEEEEvT0_T1_PSB_T2_
    0 bytes stack frame, 0 bytes spill stores, 0 bytes spill loads
ptxas info    : Used 29 registers, used 1 barriers, 16 bytes smem
ptxas info    : Compile time = 6.622 ms
ptxas info    : Compiling entry function '_ZN3cub17_V_300500_SM_10006detail4find11find_kernelINS2_26policy_selector_from_typesIlEEPlyN6detail4ge_tIlEEEEvT0_T1_PSB_T2_' for 'sm_100'
ptxas info    : Function properties for _ZN3cub17_V_300500_SM_10006detail4find11find_kernelINS2_26policy_selector_from_typesIlEEPlyN6detail4ge_tIlEEEEvT0_T1_PSB_T2_
    0 bytes stack frame, 0 bytes spill stores, 0 bytes spill loads
ptxas info    : Used 26 registers, used 1 barriers, 16 bytes smem
ptxas info    : Compile time = 9.079 ms
ptxas info    : Compiling entry function '_ZN3cub17_V_300500_SM_10006detail4find11find_kernelINS2_26policy_selector_from_typesIlEEPljN6detail4ge_tIlEEEEvT0_T1_PSB_T2_' for 'sm_100'
ptxas info    : Function properties for _ZN3cub17_V_300500_SM_10006detail4find11find_kernelINS2_26policy_selector_from_typesIlEEPljN6detail4ge_tIlEEEEvT0_T1_PSB_T2_
    0 bytes stack frame, 0 bytes spill stores, 0 bytes spill loads
ptxas info    : Used 29 registers, used 1 barriers, 16 bytes smem
ptxas info    : Compile time = 6.543 ms
ptxas info    : Compiling entry function '_ZN3cub17_V_300500_SM_10006detail4find11find_kernelINS2_26policy_selector_from_typesIjEEPjyN6detail4ge_tIjEEEEvT0_T1_PSB_T2_' for 'sm_100'
ptxas info    : Function properties for _ZN3cub17_V_300500_SM_10006detail4find11find_kernelINS2_26policy_selector_from_typesIjEEPjyN6detail4ge_tIjEEEEvT0_T1_PSB_T2_
    0 bytes stack frame, 0 bytes spill stores, 0 bytes spill loads
ptxas info    : Used 27 registers, used 1 barriers, 16 bytes smem
ptxas info    : Compile time = 11.713 ms
ptxas info    : Compiling entry function '_ZN3cub17_V_300500_SM_10006detail4find11find_kernelINS2_26policy_selector_from_typesIjEEPjjN6detail4ge_tIjEEEEvT0_T1_PSB_T2_' for 'sm_100'
ptxas info    : Function properties for _ZN3cub17_V_300500_SM_10006detail4find11find_kernelINS2_26policy_selector_from_typesIjEEPjjN6detail4ge_tIjEEEEvT0_T1_PSB_T2_
    0 bytes stack frame, 0 bytes spill stores, 0 bytes spill loads
ptxas info    : Used 30 registers, used 1 barriers, 16 bytes smem
ptxas info    : Compile time = 8.275 ms
ptxas info    : Compiling entry function '_ZN3cub17_V_300500_SM_10006detail4find22init_found_pos_pointerIyyEEvPT_T0_' for 'sm_100'
ptxas info    : Function properties for _ZN3cub17_V_300500_SM_10006detail4find22init_found_pos_pointerIyyEEvPT_T0_
    0 bytes stack frame, 0 bytes spill stores, 0 bytes spill loads
ptxas info    : Used 8 registers, used 0 barriers
ptxas info    : Compile time = 0.779 ms
ptxas info    : Compiling entry function '_ZN3cub17_V_300500_SM_10006detail4find11find_kernelINS2_26policy_selector_from_typesIiEEPiyN6detail4ge_tIiEEEEvT0_T1_PSB_T2_' for 'sm_100'
ptxas info    : Function properties for _ZN3cub17_V_300500_SM_10006detail4find11find_kernelINS2_26policy_selector_from_typesIiEEPiyN6detail4ge_tIiEEEEvT0_T1_PSB_T2_
    0 bytes stack frame, 0 bytes spill stores, 0 bytes spill loads
ptxas info    : Used 27 registers, used 1 barriers, 16 bytes smem
ptxas info    : Compile time = 11.603 ms
ptxas info    : Compiling entry function '_ZN3cub17_V_300500_SM_10006detail4find22init_found_pos_pointerIjjEEvPT_T0_' for 'sm_100'
ptxas info    : Function properties for _ZN3cub17_V_300500_SM_10006detail4find22init_found_pos_pointerIjjEEvPT_T0_
    0 bytes stack frame, 0 bytes spill stores, 0 bytes spill loads
ptxas info    : Used 8 registers, used 0 barriers
ptxas info    : Compile time = 0.780 ms
ptxas info    : Compiling entry function '_ZN3cub17_V_300500_SM_10006detail4find11find_kernelINS2_26policy_selector_from_typesIiEEPijN6detail4ge_tIiEEEEvT0_T1_PSB_T2_' for 'sm_100'
ptxas info    : Function properties for _ZN3cub17_V_300500_SM_10006detail4find11find_kernelINS2_26policy_selector_from_typesIiEEPijN6detail4ge_tIiEEEEvT0_T1_PSB_T2_
    0 bytes stack frame, 0 bytes spill stores, 0 bytes spill loads
ptxas info    : Used 30 registers, used 1 barriers, 16 bytes smem
ptxas info    : Compile time = 8.268 ms
ptxas info    : Compiling entry function '_ZN3cub17_V_300500_SM_10006detail6reduce28DeviceReduceSingleTileKernelINS2_26policy_selector_from_typesImyN4cuda3std3__44plusImEEEEPmSB_iS9_mmNS7_8identityEEEvT0_T1_T2_T3_T4_T6_' for 'sm_100'
ptxas info    : Function properties for _ZN3cub17_V_300500_SM_10006detail6reduce28DeviceReduceSingleTileKernelINS2_26policy_selector_from_typesImyN4cuda3std3__44plusImEEEEPmSB_iS9_mmNS7_8identityEEEvT0_T1_T2_T3_T4_T6_
    0 bytes stack frame, 0 bytes spill stores, 0 bytes spill loads
ptxas info    : Used 48 registers, used 1 barriers, 160 bytes smem
ptxas info    : Compile time = 18.242 ms
ptxas info    : Compiling entry function '_ZN3cub17_V_300500_SM_10006detail6reduce18DeviceReduceKernelINS2_26policy_selector_from_typesImyN4cuda3std3__44plusImEEEEPmyS9_mNS7_8identityEEEvT0_PT3_T1_NS0_13GridEvenShareISG_EET2_T4_' for 'sm_100'
ptxas info    : Function properties for _ZN3cub17_V_300500_SM_10006detail6reduce18DeviceReduceKernelINS2_26policy_selector_from_typesImyN4cuda3std3__44plusImEEEEPmyS9_mNS7_8identityEEEvT0_PT3_T1_NS0_13GridEvenShareISG_EET2_T4_
    0 bytes stack frame, 0 bytes spill stores, 0 bytes spill loads
ptxas info    : Used 32 registers, used 1 barriers, 160 bytes smem
ptxas info    : Compile time = 20.298 ms
ptxas info    : Compiling entry function '_ZN3cub17_V_300500_SM_10006detail6reduce28DeviceReduceSingleTileKernelINS2_26policy_selector_from_typesImyN4cuda3std3__44plusImEEEEPmSB_yS9_mmNS7_8identityEEEvT0_T1_T2_T3_T4_T6_' for 'sm_100'
ptxas info    : Function properties for _ZN3cub17_V_300500_SM_10006detail6reduce28DeviceReduceSingleTileKernelINS2_26policy_selector_from_typesImyN4cuda3std3__44plusImEEEEPmSB_yS9_mmNS7_8identityEEEvT0_T1_T2_T3_T4_T6_
    0 bytes stack frame, 0 bytes spill stores, 0 bytes spill loads
ptxas info    : Used 48 registers, used 1 barriers, 160 bytes smem
ptxas info    : Compile time = 18.402 ms
ptxas info    : Compiling entry function '_ZN3cub17_V_300500_SM_10006detail6reduce28DeviceReduceSingleTileKernelINS2_26policy_selector_from_typesImjN4cuda3std3__44plusImEEEEPmSB_iS9_mmNS7_8identityEEEvT0_T1_T2_T3_T4_T6_' for 'sm_100'
ptxas info    : Function properties for _ZN3cub17_V_300500_SM_10006detail6reduce28DeviceReduceSingleTileKernelINS2_26policy_selector_from_typesImjN4cuda3std3__44plusImEEEEPmSB_iS9_mmNS7_8identityEEEvT0_T1_T2_T3_T4_T6_
    0 bytes stack frame, 0 bytes spill stores, 0 bytes spill loads
ptxas info    : Used 48 registers, used 1 barriers, 160 bytes smem
ptxas info    : Compile time = 17.838 ms
ptxas info    : Compiling entry function '_ZN3cub17_V_300500_SM_10006detail6reduce18DeviceReduceKernelINS2_26policy_selector_from_typesImjN4cuda3std3__44plusImEEEEPmjS9_mNS7_8identityEEEvT0_PT3_T1_NS0_13GridEvenShareISG_EET2_T4_' for 'sm_100'
ptxas info    : Function properties for _ZN3cub17_V_300500_SM_10006detail6reduce18DeviceReduceKernelINS2_26policy_selector_from_typesImjN4cuda3std3__44plusImEEEEPmjS9_mNS7_8identityEEEvT0_PT3_T1_NS0_13GridEvenShareISG_EET2_T4_
    0 bytes stack frame, 0 bytes spill stores, 0 bytes spill loads
ptxas info    : Used 32 registers, used 1 barriers, 160 bytes smem
ptxas info    : Compile time = 15.453 ms
ptxas info    : Compiling entry function '_ZN3cub17_V_300500_SM_10006detail6reduce28DeviceReduceSingleTileKernelINS2_26policy_selector_from_typesImjN4cuda3std3__44plusImEEEEPmSB_jS9_mmNS7_8identityEEEvT0_T1_T2_T3_T4_T6_' for 'sm_100'
ptxas info    : Function properties for _ZN3cub17_V_300500_SM_10006detail6reduce28DeviceReduceSingleTileKernelINS2_26policy_selector_from_typesImjN4cuda3std3__44plusImEEEEPmSB_jS9_mmNS7_8identityEEEvT0_T1_T2_T3_T4_T6_
    0 bytes stack frame, 0 bytes spill stores, 0 bytes spill loads
ptxas info    : Used 46 registers, used 1 barriers, 160 bytes smem
ptxas info    : Compile time = 15.788 ms
ptxas info    : Compiling entry function '_ZN3cub17_V_300500_SM_10006detail6reduce18DeviceReduceKernelINS2_26policy_selector_from_typesIlyN4cuda3std3__44plusIlEEEEPlyS9_lNS7_8identityEEEvT0_PT3_T1_NS0_13GridEvenShareISG_EET2_T4_' for 'sm_100'
ptxas info    : Function properties for _ZN3cub17_V_300500_SM_10006detail6reduce18DeviceReduceKernelINS2_26policy_selector_from_typesIlyN4cuda3std3__44plusIlEEEEPlyS9_lNS7_8identityEEEvT0_PT3_T1_NS0_13GridEvenShareISG_EET2_T4_
    0 bytes stack frame, 0 bytes spill stores, 0 bytes spill loads
ptxas info    : Used 32 registers, used 1 barriers, 160 bytes smem
ptxas info    : Compile time = 20.528 ms
ptxas info    : Compiling entry function '_ZN3cub17_V_300500_SM_10006detail6reduce28DeviceReduceSingleTileKernelINS2_26policy_selector_from_typesIlyN4cuda3std3__44plusIlEEEEPlSB_yS9_llNS7_8identityEEEvT0_T1_T2_T3_T4_T6_' for 'sm_100'
ptxas info    : Function properties for _ZN3cub17_V_300500_SM_10006detail6reduce28DeviceReduceSingleTileKernelINS2_26policy_selector_from_typesIlyN4cuda3std3__44plusIlEEEEPlSB_yS9_llNS7_8identityEEEvT0_T1_T2_T3_T4_T6_
    0 bytes stack frame, 0 bytes spill stores, 0 bytes spill loads
ptxas info    : Used 48 registers, used 1 barriers, 160 bytes smem
ptxas info    : Compile time = 18.383 ms
ptxas info    : Compiling entry function '_ZN3cub17_V_300500_SM_10006detail6reduce18DeviceReduceKernelINS2_26policy_selector_from_typesIljN4cuda3std3__44plusIlEEEEPljS9_lNS7_8identityEEEvT0_PT3_T1_NS0_13GridEvenShareISG_EET2_T4_' for 'sm_100'
ptxas info    : Function properties for _ZN3cub17_V_300500_SM_10006detail6reduce18DeviceReduceKernelINS2_26policy_selector_from_typesIljN4cuda3std3__44plusIlEEEEPljS9_lNS7_8identityEEEvT0_PT3_T1_NS0_13GridEvenShareISG_EET2_T4_
    0 bytes stack frame, 0 bytes spill stores, 0 bytes spill loads
ptxas info    : Used 32 registers, used 1 barriers, 160 bytes smem
ptxas info    : Compile time = 14.959 ms
ptxas info    : Compiling entry function '_ZN3cub17_V_300500_SM_10006detail6reduce28DeviceReduceSingleTileKernelINS2_26policy_selector_from_typesIljN4cuda3std3__44plusIlEEEEPlSB_jS9_llNS7_8identityEEEvT0_T1_T2_T3_T4_T6_' for 'sm_100'
ptxas info    : Function properties for _ZN3cub17_V_300500_SM_10006detail6reduce28DeviceReduceSingleTileKernelINS2_26policy_selector_from_typesIljN4cuda3std3__44plusIlEEEEPlSB_jS9_llNS7_8identityEEEvT0_T1_T2_T3_T4_T6_
    0 bytes stack frame, 0 bytes spill stores, 0 bytes spill loads
ptxas info    : Used 46 registers, used 1 barriers, 160 bytes smem
ptxas info    : Compile time = 15.707 ms
ptxas info    : Compiling entry function '_ZN3cub17_V_300500_SM_10006detail6reduce28DeviceReduceSingleTileKernelINS2_26policy_selector_from_typesIjyN4cuda3std3__44plusIjEEEEPjSB_iS9_jjNS7_8identityEEEvT0_T1_T2_T3_T4_T6_' for 'sm_100'
ptxas info    : Function properties for _ZN3cub17_V_300500_SM_10006detail6reduce28DeviceReduceSingleTileKernelINS2_26policy_selector_from_typesIjyN4cuda3std3__44plusIjEEEEPjSB_iS9_jjNS7_8identityEEEvT0_T1_T2_T3_T4_T6_
    0 bytes stack frame, 0 bytes spill stores, 0 bytes spill loads
ptxas info    : Used 30 registers, used 1 barriers, 48 bytes smem
ptxas info    : Compile time = 23.225 ms
ptxas info    : Compiling entry function '_ZN3cub17_V_300500_SM_10006detail6reduce18DeviceReduceKernelINS2_26policy_selector_from_typesIjyN4cuda3std3__44plusIjEEEEPjyS9_jNS7_8identityEEEvT0_PT3_T1_NS0_13GridEvenShareISG_EET2_T4_' for 'sm_100'
ptxas info    : Function properties for _ZN3cub17_V_300500_SM_10006detail6reduce18DeviceReduceKernelINS2_26policy_selector_from_typesIjyN4cuda3std3__44plusIjEEEEPjyS9_jNS7_8identityEEEvT0_PT3_T1_NS0_13GridEvenShareISG_EET2_T4_
    0 bytes stack frame, 0 bytes spill stores, 0 bytes spill loads
ptxas info    : Used 29 registers, used 1 barriers, 48 bytes smem
ptxas info    : Compile time = 29.009 ms
ptxas info    : Compiling entry function '_ZN3cub17_V_300500_SM_10006detail6reduce28DeviceReduceSingleTileKernelINS2_26policy_selector_from_typesIjyN4cuda3std3__44plusIjEEEEPjSB_yS9_jjNS7_8identityEEEvT0_T1_T2_T3_T4_T6_' for 'sm_100'
ptxas info    : Function properties for _ZN3cub17_V_300500_SM_10006detail6reduce28DeviceReduceSingleTileKernelINS2_26policy_selector_from_typesIjyN4cuda3std3__44plusIjEEEEPjSB_yS9_jjNS7_8identityEEEvT0_T1_T2_T3_T4_T6_
    0 bytes stack frame, 0 bytes spill stores, 0 bytes spill loads
ptxas info    : Used 32 registers, used 1 barriers, 48 bytes smem
ptxas info    : Compile time = 24.469 ms
ptxas info    : Compiling entry function '_ZN3cub17_V_300500_SM_10006detail6reduce28DeviceReduceSingleTileKernelINS2_26policy_selector_from_typesIjjN4cuda3std3__44plusIjEEEEPjSB_iS9_jjNS7_8identityEEEvT0_T1_T2_T3_T4_T6_' for 'sm_100'
ptxas info    : Function properties for _ZN3cub17_V_300500_SM_10006detail6reduce28DeviceReduceSingleTileKernelINS2_26policy_selector_from_typesIjjN4cuda3std3__44plusIjEEEEPjSB_iS9_jjNS7_8identityEEEvT0_T1_T2_T3_T4_T6_
    0 bytes stack frame, 0 bytes spill stores, 0 bytes spill loads
ptxas info    : Used 30 registers, used 1 barriers, 48 bytes smem
ptxas info    : Compile time = 23.810 ms
ptxas info    : Compiling entry function '_ZN3cub17_V_300500_SM_10006detail6reduce18DeviceReduceKernelINS2_26policy_selector_from_typesIjjN4cuda3std3__44plusIjEEEEPjjS9_jNS7_8identityEEEvT0_PT3_T1_NS0_13GridEvenShareISG_EET2_T4_' for 'sm_100'
ptxas info    : Function properties for _ZN3cub17_V_300500_SM_10006detail6reduce18DeviceReduceKernelINS2_26policy_selector_from_typesIjjN4cuda3std3__44plusIjEEEEPjjS9_jNS7_8identityEEEvT0_PT3_T1_NS0_13GridEvenShareISG_EET2_T4_
    0 bytes stack frame, 0 bytes spill stores, 0 bytes spill loads
ptxas info    : Used 32 registers, used 1 barriers, 48 bytes smem
ptxas info    : Compile time = 19.632 ms
ptxas info    : Compiling entry function '_ZN3cub17_V_300500_SM_10006detail6reduce28DeviceReduceSingleTileKernelINS2_26policy_selector_from_typesIjjN4cuda3std3__44plusIjEEEEPjSB_jS9_jjNS7_8identityEEEvT0_T1_T2_T3_T4_T6_' for 'sm_100'
ptxas info    : Function properties for _ZN3cub17_V_300500_SM_10006detail6reduce28DeviceReduceSingleTileKernelINS2_26policy_selector_from_typesIjjN4cuda3std3__44plusIjEEEEPjSB_jS9_jjNS7_8identityEEEvT0_T1_T2_T3_T4_T6_
    0 bytes stack frame, 0 bytes spill stores, 0 bytes spill loads
ptxas info    : Used 28 registers, used 1 barriers, 48 bytes smem
ptxas info    : Compile time = 19.581 ms
ptxas info    : Compiling entry function '_ZN3cub17_V_300500_SM_10006detail6reduce28DeviceReduceSingleTileKernelINS2_26policy_selector_from_typesIiyN4cuda3std3__44plusIiEEEEPiSB_iS9_iiNS7_8identityEEEvT0_T1_T2_T3_T4_T6_' for 'sm_100'
ptxas info    : Function properties for _ZN3cub17_V_300500_SM_10006detail6reduce28DeviceReduceSingleTileKernelINS2_26policy_selector_from_typesIiyN4cuda3std3__44plusIiEEEEPiSB_iS9_iiNS7_8identityEEEvT0_T1_T2_T3_T4_T6_
    0 bytes stack frame, 0 bytes spill stores, 0 bytes spill loads
ptxas info    : Used 30 registers, used 1 barriers, 48 bytes smem
ptxas info    : Compile time = 23.804 ms
ptxas info    : Compiling entry function '_ZN3cub17_V_300500_SM_10006detail6reduce18DeviceReduceKernelINS2_26policy_selector_from_typesIiyN4cuda3std3__44plusIiEEEEPiyS9_iNS7_8identityEEEvT0_PT3_T1_NS0_13GridEvenShareISG_EET2_T4_' for 'sm_100'
ptxas info    : Function properties for _ZN3cub17_V_300500_SM_10006detail6reduce18DeviceReduceKernelINS2_26policy_selector_from_typesIiyN4cuda3std3__44plusIiEEEEPiyS9_iNS7_8identityEEEvT0_PT3_T1_NS0_13GridEvenShareISG_EET2_T4_
    0 bytes stack frame, 0 bytes spill stores, 0 bytes spill loads
ptxas info    : Used 29 registers, used 1 barriers, 48 bytes smem
ptxas info    : Compile time = 28.443 ms
ptxas info    : Compiling entry function '_ZN3cub17_V_300500_SM_10006detail6reduce28DeviceReduceSingleTileKernelINS2_26policy_selector_from_typesIiyN4cuda3std3__44plusIiEEEEPiSB_yS9_iiNS7_8identityEEEvT0_T1_T2_T3_T4_T6_' for 'sm_100'
ptxas info    : Function properties for _ZN3cub17_V_300500_SM_10006detail6reduce28DeviceReduceSingleTileKernelINS2_26policy_selector_from_typesIiyN4cuda3std3__44plusIiEEEEPiSB_yS9_iiNS7_8identityEEEvT0_T1_T2_T3_T4_T6_
    0 bytes stack frame, 0 bytes spill stores, 0 bytes spill loads
ptxas info    : Used 32 registers, used 1 barriers, 48 bytes smem
ptxas info    : Compile time = 24.523 ms
ptxas info    : Compiling entry function '_ZN3cub17_V_300500_SM_10006detail6reduce28DeviceReduceSingleTileKernelINS2_26policy_selector_from_typesIijN4cuda3std3__44plusIiEEEEPiSB_iS9_iiNS7_8identityEEEvT0_T1_T2_T3_T4_T6_' for 'sm_100'
ptxas info    : Function properties for _ZN3cub17_V_300500_SM_10006detail6reduce28DeviceReduceSingleTileKernelINS2_26policy_selector_from_typesIijN4cuda3std3__44plusIiEEEEPiSB_iS9_iiNS7_8identityEEEvT0_T1_T2_T3_T4_T6_
    0 bytes stack frame, 0 bytes spill stores, 0 bytes spill loads
ptxas info    : Used 30 registers, used 1 barriers, 48 bytes smem
ptxas info    : Compile time = 23.747 ms
ptxas info    : Compiling entry function '_ZN3cub17_V_300500_SM_10006detail6reduce18DeviceReduceKernelINS2_26policy_selector_from_typesIijN4cuda3std3__44plusIiEEEEPijS9_iNS7_8identityEEEvT0_PT3_T1_NS0_13GridEvenShareISG_EET2_T4_' for 'sm_100'
ptxas info    : Function properties for _ZN3cub17_V_300500_SM_10006detail6reduce18DeviceReduceKernelINS2_26policy_selector_from_typesIijN4cuda3std3__44plusIiEEEEPijS9_iNS7_8identityEEEvT0_PT3_T1_NS0_13GridEvenShareISG_EET2_T4_
    0 bytes stack frame, 0 bytes spill stores, 0 bytes spill loads
ptxas info    : Used 32 registers, used 1 barriers, 48 bytes smem
ptxas info    : Compile time = 19.643 ms
ptxas info    : Compiling entry function '_ZN3cub17_V_300500_SM_10006detail6reduce28DeviceReduceSingleTileKernelINS2_26policy_selector_from_typesIijN4cuda3std3__44plusIiEEEEPiSB_jS9_iiNS7_8identityEEEvT0_T1_T2_T3_T4_T6_' for 'sm_100'
ptxas info    : Function properties for _ZN3cub17_V_300500_SM_10006detail6reduce28DeviceReduceSingleTileKernelINS2_26policy_selector_from_typesIijN4cuda3std3__44plusIiEEEEPiSB_jS9_iiNS7_8identityEEEvT0_T1_T2_T3_T4_T6_
    0 bytes stack frame, 0 bytes spill stores, 0 bytes spill loads
ptxas info    : Used 28 registers, used 1 barriers, 48 bytes smem
ptxas info    : Compile time = 19.608 ms
ptxas info    : Compiling entry function '_ZN3cub17_V_300500_SM_10006detail6reduce28DeviceReduceSingleTileKernelINS2_26policy_selector_from_typesIdyN4cuda3std3__44plusIdEEEEPdSB_iS9_ddNS7_8identityEEEvT0_T1_T2_T3_T4_T6_' for 'sm_100'
ptxas info    : Function properties for _ZN3cub17_V_300500_SM_10006detail6reduce28DeviceReduceSingleTileKernelINS2_26policy_selector_from_typesIdyN4cuda3std3__44plusIdEEEEPdSB_iS9_ddNS7_8identityEEEvT0_T1_T2_T3_T4_T6_
    0 bytes stack frame, 0 bytes spill stores, 0 bytes spill loads
ptxas info    : Used 48 registers, used 1 barriers, 160 bytes smem
ptxas info    : Compile time = 16.929 ms
ptxas info    : Compiling entry function '_ZN3cub17_V_300500_SM_10006detail6reduce18DeviceReduceKernelINS2_26policy_selector_from_typesIdyN4cuda3std3__44plusIdEEEEPKdyS9_dNS7_8identityEEEvT0_PT3_T1_NS0_13GridEvenShareISH_EET2_T4_' for 'sm_100'
ptxas info    : Function properties for _ZN3cub17_V_300500_SM_10006detail6reduce18DeviceReduceKernelINS2_26policy_selector_from_typesIdyN4cuda3std3__44plusIdEEEEPKdyS9_dNS7_8identityEEEvT0_PT3_T1_NS0_13GridEvenShareISH_EET2_T4_
    0 bytes stack frame, 0 bytes spill stores, 0 bytes spill loads
ptxas info    : Used 32 registers, used 1 barriers, 160 bytes smem
ptxas info    : Compile time = 18.147 ms
ptxas info    : Compiling entry function '_ZN3cub17_V_300500_SM_10006detail6reduce28DeviceReduceSingleTileKernelINS2_26policy_selector_from_typesIdyN4cuda3std3__44plusIdEEEEPKdPdyS9_ddNS7_8identityEEEvT0_T1_T2_T3_T4_T6_' for 'sm_100'
ptxas info    : Function properties for _ZN3cub17_V_300500_SM_10006detail6reduce28DeviceReduceSingleTileKernelINS2_26policy_selector_from_typesIdyN4cuda3std3__44plusIdEEEEPKdPdyS9_ddNS7_8identityEEEvT0_T1_T2_T3_T4_T6_
    0 bytes stack frame, 0 bytes spill stores, 0 bytes spill loads
ptxas info    : Used 48 registers, used 1 barriers, 160 bytes smem
ptxas info    : Compile time = 16.839 ms
ptxas info    : Compiling entry function '_ZN3cub17_V_300500_SM_10006detail6reduce28DeviceReduceSingleTileKernelINS2_26policy_selector_from_typesIdjN4cuda3std3__44plusIdEEEEPdSB_iS9_ddNS7_8identityEEEvT0_T1_T2_T3_T4_T6_' for 'sm_100'
ptxas info    : Function properties for _ZN3cub17_V_300500_SM_10006detail6reduce28DeviceReduceSingleTileKernelINS2_26policy_selector_from_typesIdjN4cuda3std3__44plusIdEEEEPdSB_iS9_ddNS7_8identityEEEvT0_T1_T2_T3_T4_T6_
    0 bytes stack frame, 0 bytes spill stores, 0 bytes spill loads
ptxas info    : Used 48 registers, used 1 barriers, 192 bytes smem
ptxas info    : Compile time = 17.168 ms
ptxas info    : Compiling entry function '_ZN3cub17_V_300500_SM_10006detail6reduce18DeviceReduceKernelINS2_26policy_selector_from_typesIdjN4cuda3std3__44plusIdEEEEPKdjS9_dNS7_8identityEEEvT0_PT3_T1_NS0_13GridEvenShareISH_EET2_T4_' for 'sm_100'
ptxas info    : Function properties for _ZN3cub17_V_300500_SM_10006detail6reduce18DeviceReduceKernelINS2_26policy_selector_from_typesIdjN4cuda3std3__44plusIdEEEEPKdjS9_dNS7_8identityEEEvT0_PT3_T1_NS0_13GridEvenShareISH_EET2_T4_
    0 bytes stack frame, 0 bytes spill stores, 0 bytes spill loads
ptxas info    : Used 30 registers, used 1 barriers, 192 bytes smem
ptxas info    : Compile time = 14.995 ms
ptxas info    : Compiling entry function '_ZN3cub17_V_300500_SM_10006detail6reduce28DeviceReduceSingleTileKernelINS2_26policy_selector_from_typesIdjN4cuda3std3__44plusIdEEEEPKdPdjS9_ddNS7_8identityEEEvT0_T1_T2_T3_T4_T6_' for 'sm_100'
ptxas info    : Function properties for _ZN3cub17_V_300500_SM_10006detail6reduce28DeviceReduceSingleTileKernelINS2_26policy_selector_from_typesIdjN4cuda3std3__44plusIdEEEEPKdPdjS9_ddNS7_8identityEEEvT0_T1_T2_T3_T4_T6_
    0 bytes stack frame, 0 bytes spill stores, 0 bytes spill loads
ptxas info    : Used 44 registers, used 1 barriers, 192 bytes smem
ptxas info    : Compile time = 15.250 ms
ptxas info    : Compiling entry function '_ZN3cub17_V_300500_SM_10006detail6reduce28DeviceReduceSingleTileKernelINS2_26policy_selector_from_typesIlyN4cuda3std3__44plusIlEEEEPlSB_iS9_llNS7_8identityEEEvT0_T1_T2_T3_T4_T6_' for 'sm_100'
ptxas info    : Function properties for _ZN3cub17_V_300500_SM_10006detail6reduce28DeviceReduceSingleTileKernelINS2_26policy_selector_from_typesIlyN4cuda3std3__44plusIlEEEEPlSB_iS9_llNS7_8identityEEEvT0_T1_T2_T3_T4_T6_
    0 bytes stack frame, 0 bytes spill stores, 0 bytes spill loads
ptxas info    : Used 48 registers, used 1 barriers, 160 bytes smem
ptxas info    : Compile time = 17.851 ms
ptxas info    : Compiling entry function '_ZN3cub17_V_300500_SM_10006detail6reduce18DeviceReduceKernelINS2_26policy_selector_from_typesIlyN4cuda3std3__44plusIlEEEEN6thrust17_V_300500_SM_100018transform_iteratorINS5_3__414equal_to_valueIdEEPKdllEEyS9_lNS7_8identityEEEvT0_PT3_T1_NS0_13GridEvenShareISO_EET2_T4_' for 'sm_100'
ptxas info    : Function properties for _ZN3cub17_V_300500_SM_10006detail6reduce18DeviceReduceKernelINS2_26policy_selector_from_typesIlyN4cuda3std3__44plusIlEEEEN6thrust17_V_300500_SM_100018transform_iteratorINS5_3__414equal_to_valueIdEEPKdllEEyS9_lNS7_8identityEEEvT0_PT3_T1_NS0_13GridEvenShareISO_EET2_T4_
    0 bytes stack frame, 0 bytes spill stores, 0 bytes spill loads
ptxas info    : Used 32 registers, used 1 barriers, 160 bytes smem
ptxas info    : Compile time = 23.839 ms
ptxas info    : Compiling entry function '_ZN3cub17_V_300500_SM_10006detail6reduce28DeviceReduceSingleTileKernelINS2_26policy_selector_from_typesIlyN4cuda3std3__44plusIlEEEEN6thrust17_V_300500_SM_100018transform_iteratorINS5_3__414equal_to_valueIdEEPKdllEEPlyS9_llNS7_8identityEEEvT0_T1_T2_T3_T4_T6_' for 'sm_100'
ptxas info    : Function properties for _ZN3cub17_V_300500_SM_10006detail6reduce28DeviceReduceSingleTileKernelINS2_26policy_selector_from_typesIlyN4cuda3std3__44plusIlEEEEN6thrust17_V_300500_SM_100018transform_iteratorINS5_3__414equal_to_valueIdEEPKdllEEPlyS9_llNS7_8identityEEEvT0_T1_T2_T3_T4_T6_
    0 bytes stack frame, 0 bytes spill stores, 0 bytes spill loads
ptxas info    : Used 48 registers, used 1 barriers, 160 bytes smem
ptxas info    : Compile time = 22.178 ms
ptxas info    : Compiling entry function '_ZN3cub17_V_300500_SM_10006detail6reduce28DeviceReduceSingleTileKernelINS2_26policy_selector_from_typesIljN4cuda3std3__44plusIlEEEEPlSB_iS9_llNS7_8identityEEEvT0_T1_T2_T3_T4_T6_' for 'sm_100'
ptxas info    : Function properties for _ZN3cub17_V_300500_SM_10006detail6reduce28DeviceReduceSingleTileKernelINS2_26policy_selector_from_typesIljN4cuda3std3__44plusIlEEEEPlSB_iS9_llNS7_8identityEEEvT0_T1_T2_T3_T4_T6_
    0 bytes stack frame, 0 bytes spill stores, 0 bytes spill loads
ptxas info    : Used 48 registers, used 1 barriers, 160 bytes smem
ptxas info    : Compile time = 18.447 ms
ptxas info    : Compiling entry function '_ZN3cub17_V_300500_SM_10006detail6reduce18DeviceReduceKernelINS2_26policy_selector_from_typesIljN4cuda3std3__44plusIlEEEEN6thrust17_V_300500_SM_100018transform_iteratorINS5_3__414equal_to_valueIdEEPKdllEEjS9_lNS7_8identityEEEvT0_PT3_T1_NS0_13GridEvenShareISO_EET2_T4_' for 'sm_100'
ptxas info    : Function properties for _ZN3cub17_V_300500_SM_10006detail6reduce18DeviceReduceKernelINS2_26policy_selector_from_typesIljN4cuda3std3__44plusIlEEEEN6thrust17_V_300500_SM_100018transform_iteratorINS5_3__414equal_to_valueIdEEPKdllEEjS9_lNS7_8identityEEEvT0_PT3_T1_NS0_13GridEvenShareISO_EET2_T4_
    0 bytes stack frame, 0 bytes spill stores, 0 bytes spill loads
ptxas info    : Used 32 registers, used 1 barriers, 160 bytes smem
ptxas info    : Compile time = 24.179 ms
ptxas info    : Compiling entry function '_ZN3cub17_V_300500_SM_10006detail6reduce28DeviceReduceSingleTileKernelINS2_26policy_selector_from_typesIljN4cuda3std3__44plusIlEEEEN6thrust17_V_300500_SM_100018transform_iteratorINS5_3__414equal_to_valueIdEEPKdllEEPljS9_llNS7_8identityEEEvT0_T1_T2_T3_T4_T6_' for 'sm_100'
ptxas info    : Function properties for _ZN3cub17_V_300500_SM_10006detail6reduce28DeviceReduceSingleTileKernelINS2_26policy_selector_from_typesIljN4cuda3std3__44plusIlEEEEN6thrust17_V_300500_SM_100018transform_iteratorINS5_3__414equal_to_valueIdEEPKdllEEPljS9_llNS7_8identityEEEvT0_T1_T2_T3_T4_T6_
    0 bytes stack frame, 0 bytes spill stores, 0 bytes spill loads
ptxas info    : Used 47 registers, used 1 barriers, 160 bytes smem
ptxas info    : Compile time = 21.929 ms
ptxas info    : Compiling entry function '_ZN3cub17_V_300500_SM_10006detail4scan16DeviceScanKernelINS2_26policy_selector_from_typesIPmS5_mmN4cuda3std3__44plusIvEEEES5_S5_NS0_13ScanTileStateImLb1EEESA_NS1_10InputValueImS5_EEmmLb0EmEEvT0_T1_NS2_23tile_state_kernel_arg_tIT2_T6_EEiT3_T4_T5_i' for 'sm_100'
ptxas info    : Function properties for _ZN3cub17_V_300500_SM_10006detail4scan16DeviceScanKernelINS2_26policy_selector_from_typesIPmS5_mmN4cuda3std3__44plusIvEEEES5_S5_NS0_13ScanTileStateImLb1EEESA_NS1_10InputValueImS5_EEmmLb0EmEEvT0_T1_NS2_23tile_state_kernel_arg_tIT2_T6_EEiT3_T4_T5_i
    0 bytes stack frame, 0 bytes spill stores, 0 bytes spill loads
ptxas info    : Used 206 registers, used 3 barriers
ptxas info    : Compile time = 84.993 ms
ptxas info    : Compiling entry function '_ZN3cub17_V_300500_SM_10006detail4scan20DeviceScanInitKernelINS2_26policy_selector_from_typesIPmS5_mmN4cuda3std3__44plusIvEEEES5_S5_NS0_13ScanTileStateImLb1EEEmEEvNS2_23tile_state_kernel_arg_tIT2_T3_EEi' for 'sm_100'
ptxas info    : Function properties for _ZN3cub17_V_300500_SM_10006detail4scan20DeviceScanInitKernelINS2_26policy_selector_from_typesIPmS5_mmN4cuda3std3__44plusIvEEEES5_S5_NS0_13ScanTileStateImLb1EEEmEEvNS2_23tile_state_kernel_arg_tIT2_T3_EEi
    0 bytes stack frame, 0 bytes spill stores, 0 bytes spill loads
ptxas info    : Used 8 registers, used 0 barriers
ptxas info    : Compile time = 1.008 ms
ptxas info    : Compiling entry function '_ZN3cub17_V_300500_SM_10006detail4scan16DeviceScanKernelINS2_26policy_selector_from_typesIPmS5_mjN4cuda3std3__44plusIvEEEES5_S5_NS0_13ScanTileStateImLb1EEESA_NS1_10InputValueImS5_EEjmLb0EmEEvT0_T1_NS2_23tile_state_kernel_arg_tIT2_T6_EEiT3_T4_T5_i' for 'sm_100'
ptxas info    : Function properties for _ZN3cub17_V_300500_SM_10006detail4scan16DeviceScanKernelINS2_26policy_selector_from_typesIPmS5_mjN4cuda3std3__44plusIvEEEES5_S5_NS0_13ScanTileStateImLb1EEESA_NS1_10InputValueImS5_EEjmLb0EmEEvT0_T1_NS2_23tile_state_kernel_arg_tIT2_T6_EEiT3_T4_T5_i
    0 bytes stack frame, 0 bytes spill stores, 0 bytes spill loads
ptxas info    : Used 206 registers, used 3 barriers
ptxas info    : Compile time = 83.172 ms
ptxas info    : Compiling entry function '_ZN3cub17_V_300500_SM_10006detail4scan20DeviceScanInitKernelINS2_26policy_selector_from_typesIPmS5_mjN4cuda3std3__44plusIvEEEES5_S5_NS0_13ScanTileStateImLb1EEEmEEvNS2_23tile_state_kernel_arg_tIT2_T3_EEi' for 'sm_100'
ptxas info    : Function properties for _ZN3cub17_V_300500_SM_10006detail4scan20DeviceScanInitKernelINS2_26policy_selector_from_typesIPmS5_mjN4cuda3std3__44plusIvEEEES5_S5_NS0_13ScanTileStateImLb1EEEmEEvNS2_23tile_state_kernel_arg_tIT2_T3_EEi
    0 bytes stack frame, 0 bytes spill stores, 0 bytes spill loads
ptxas info    : Used 8 registers, used 0 barriers
ptxas info    : Compile time = 1.010 ms
ptxas info    : Compiling entry function '_ZN3cub17_V_300500_SM_10006detail4scan16DeviceScanKernelINS2_26policy_selector_from_typesIPlS5_lmN4cuda3std3__44plusIvEEEES5_S5_NS0_13ScanTileStateIlLb1EEESA_NS1_10InputValueIlS5_EEmlLb0ElEEvT0_T1_NS2_23tile_state_kernel_arg_tIT2_T6_EEiT3_T4_T5_i' for 'sm_100'
ptxas info    : Function properties for _ZN3cub17_V_300500_SM_10006detail4scan16DeviceScanKernelINS2_26policy_selector_from_typesIPlS5_lmN4cuda3std3__44plusIvEEEES5_S5_NS0_13ScanTileStateIlLb1EEESA_NS1_10InputValueIlS5_EEmlLb0ElEEvT0_T1_NS2_23tile_state_kernel_arg_tIT2_T6_EEiT3_T4_T5_i
    0 bytes stack frame, 0 bytes spill stores, 0 bytes spill loads
ptxas info    : Used 206 registers, used 3 barriers
ptxas info    : Compile time = 82.693 ms
ptxas info    : Compiling entry function '_ZN3cub17_V_300500_SM_10006detail4scan20DeviceScanInitKernelINS2_26policy_selector_from_typesIPlS5_lmN4cuda3std3__44plusIvEEEES5_S5_NS0_13ScanTileStateIlLb1EEElEEvNS2_23tile_state_kernel_arg_tIT2_T3_EEi' for 'sm_100'
ptxas info    : Function properties for _ZN3cub17_V_300500_SM_10006detail4scan20DeviceScanInitKernelINS2_26policy_selector_from_typesIPlS5_lmN4cuda3std3__44plusIvEEEES5_S5_NS0_13ScanTileStateIlLb1EEElEEvNS2_23tile_state_kernel_arg_tIT2_T3_EEi
    0 bytes stack frame, 0 bytes spill stores, 0 bytes spill loads
ptxas info    : Used 8 registers, used 0 barriers
ptxas info    : Compile time = 1.019 ms
ptxas info    : Compiling entry function '_ZN3cub17_V_300500_SM_10006detail4scan16DeviceScanKernelINS2_26policy_selector_from_typesIPlS5_ljN4cuda3std3__44plusIvEEEES5_S5_NS0_13ScanTileStateIlLb1EEESA_NS1_10InputValueIlS5_EEjlLb0ElEEvT0_T1_NS2_23tile_state_kernel_arg_tIT2_T6_EEiT3_T4_T5_i' for 'sm_100'
ptxas info    : Function properties for _ZN3cub17_V_300500_SM_10006detail4scan16DeviceScanKernelINS2_26policy_selector_from_typesIPlS5_ljN4cuda3std3__44plusIvEEEES5_S5_NS0_13ScanTileStateIlLb1EEESA_NS1_10InputValueIlS5_EEjlLb0ElEEvT0_T1_NS2_23tile_state_kernel_arg_tIT2_T6_EEiT3_T4_T5_i
    0 bytes stack frame, 0 bytes spill stores, 0 bytes spill loads
ptxas info    : Used 206 registers, used 3 barriers
ptxas info    : Compile time = 82.818 ms
ptxas info    : Compiling entry function '_ZN3cub17_V_300500_SM_10006detail4scan20DeviceScanInitKernelINS2_26policy_selector_from_typesIPlS5_ljN4cuda3std3__44plusIvEEEES5_S5_NS0_13ScanTileStateIlLb1EEElEEvNS2_23tile_state_kernel_arg_tIT2_T3_EEi' for 'sm_100'
ptxas info    : Function properties for _ZN3cub17_V_300500_SM_10006detail4scan20DeviceScanInitKernelINS2_26policy_selector_from_typesIPlS5_ljN4cuda3std3__44plusIvEEEES5_S5_NS0_13ScanTileStateIlLb1EEElEEvNS2_23tile_state_kernel_arg_tIT2_T3_EEi
    0 bytes stack frame, 0 bytes spill stores, 0 bytes spill loads
ptxas info    : Used 8 registers, used 0 barriers
ptxas info    : Compile time = 1.015 ms
ptxas info    : Compiling entry function '_ZN3cub17_V_300500_SM_10006detail4scan16DeviceScanKernelINS2_26policy_selector_from_typesIPjS5_jmN4cuda3std3__44plusIvEEEES5_S5_NS0_13ScanTileStateIjLb1EEESA_NS1_10InputValueIjS5_EEmjLb0EjEEvT0_T1_NS2_23tile_state_kernel_arg_tIT2_T6_EEiT3_T4_T5_i' for 'sm_100'
ptxas info    : Function properties for _ZN3cub17_V_300500_SM_10006detail4scan16DeviceScanKernelINS2_26policy_selector_from_typesIPjS5_jmN4cuda3std3__44plusIvEEEES5_S5_NS0_13ScanTileStateIjLb1EEESA_NS1_10InputValueIjS5_EEmjLb0EjEEvT0_T1_NS2_23tile_state_kernel_arg_tIT2_T6_EEiT3_T4_T5_i
    0 bytes stack frame, 0 bytes spill stores, 0 bytes spill loads
ptxas info    : Used 103 registers, used 3 barriers
ptxas info    : Compile time = 55.893 ms
ptxas info    : Compiling entry function '_ZN3cub17_V_300500_SM_10006detail4scan20DeviceScanInitKernelINS2_26policy_selector_from_typesIPjS5_jmN4cuda3std3__44plusIvEEEES5_S5_NS0_13ScanTileStateIjLb1EEEjEEvNS2_23tile_state_kernel_arg_tIT2_T3_EEi' for 'sm_100'
ptxas info    : Function properties for _ZN3cub17_V_300500_SM_10006detail4scan20DeviceScanInitKernelINS2_26policy_selector_from_typesIPjS5_jmN4cuda3std3__44plusIvEEEES5_S5_NS0_13ScanTileStateIjLb1EEEjEEvNS2_23tile_state_kernel_arg_tIT2_T3_EEi
    0 bytes stack frame, 0 bytes spill stores, 0 bytes spill loads
ptxas info    : Used 8 registers, used 0 barriers
ptxas info    : Compile time = 0.995 ms
ptxas info    : Compiling entry function '_ZN3cub17_V_300500_SM_10006detail4scan16DeviceScanKernelINS2_26policy_selector_from_typesIPjS5_jjN4cuda3std3__44plusIvEEEES5_S5_NS0_13ScanTileStateIjLb1EEESA_NS1_10InputValueIjS5_EEjjLb0EjEEvT0_T1_NS2_23tile_state_kernel_arg_tIT2_T6_EEiT3_T4_T5_i' for 'sm_100'
ptxas info    : Function properties for _ZN3cub17_V_300500_SM_10006detail4scan16DeviceScanKernelINS2_26policy_selector_from_typesIPjS5_jjN4cuda3std3__44plusIvEEEES5_S5_NS0_13ScanTileStateIjLb1EEESA_NS1_10InputValueIjS5_EEjjLb0EjEEvT0_T1_NS2_23tile_state_kernel_arg_tIT2_T6_EEiT3_T4_T5_i
    0 bytes stack frame, 0 bytes spill stores, 0 bytes spill loads
ptxas info    : Used 101 registers, used 3 barriers
ptxas info    : Compile time = 55.354 ms
ptxas info    : Compiling entry function '_ZN3cub17_V_300500_SM_10006detail4scan20DeviceScanInitKernelINS2_26policy_selector_from_typesIPjS5_jjN4cuda3std3__44plusIvEEEES5_S5_NS0_13ScanTileStateIjLb1EEEjEEvNS2_23tile_state_kernel_arg_tIT2_T3_EEi' for 'sm_100'
ptxas info    : Function properties for _ZN3cub17_V_300500_SM_10006detail4scan20DeviceScanInitKernelINS2_26policy_selector_from_typesIPjS5_jjN4cuda3std3__44plusIvEEEES5_S5_NS0_13ScanTileStateIjLb1EEEjEEvNS2_23tile_state_kernel_arg_tIT2_T3_EEi
    0 bytes stack frame, 0 bytes spill stores, 0 bytes spill loads
ptxas info    : Used 8 registers, used 0 barriers
ptxas info    : Compile time = 1.000 ms
ptxas info    : Compiling entry function '_ZN3cub17_V_300500_SM_10006detail4scan16DeviceScanKernelINS2_26policy_selector_from_typesIPiS5_imN4cuda3std3__44plusIvEEEES5_S5_NS0_13ScanTileStateIiLb1EEESA_NS1_10InputValueIiS5_EEmiLb0EiEEvT0_T1_NS2_23tile_state_kernel_arg_tIT2_T6_EEiT3_T4_T5_i' for 'sm_100'
ptxas info    : Function properties for _ZN3cub17_V_300500_SM_10006detail4scan16DeviceScanKernelINS2_26policy_selector_from_typesIPiS5_imN4cuda3std3__44plusIvEEEES5_S5_NS0_13ScanTileStateIiLb1EEESA_NS1_10InputValueIiS5_EEmiLb0EiEEvT0_T1_NS2_23tile_state_kernel_arg_tIT2_T6_EEiT3_T4_T5_i
    0 bytes stack frame, 0 bytes spill stores, 0 bytes spill loads
ptxas info    : Used 108 registers, used 3 barriers
ptxas info    : Compile time = 55.721 ms
ptxas info    : Compiling entry function '_ZN3cub17_V_300500_SM_10006detail4scan20DeviceScanInitKernelINS2_26policy_selector_from_typesIPiS5_imN4cuda3std3__44plusIvEEEES5_S5_NS0_13ScanTileStateIiLb1EEEiEEvNS2_23tile_state_kernel_arg_tIT2_T3_EEi' for 'sm_100'
ptxas info    : Function properties for _ZN3cub17_V_300500_SM_10006detail4scan20DeviceScanInitKernelINS2_26policy_selector_from_typesIPiS5_imN4cuda3std3__44plusIvEEEES5_S5_NS0_13ScanTileStateIiLb1EEEiEEvNS2_23tile_state_kernel_arg_tIT2_T3_EEi
    0 bytes stack frame, 0 bytes spill stores, 0 bytes spill loads
ptxas info    : Used 8 registers, used 0 barriers
ptxas info    : Compile time = 1.009 ms
ptxas info    : Compiling entry function '_ZN3cub17_V_300500_SM_10006detail4scan16DeviceScanKernelINS2_26policy_selector_from_typesIPiS5_ijN4cuda3std3__44plusIvEEEES5_S5_NS0_13ScanTileStateIiLb1EEESA_NS1_10InputValueIiS5_EEjiLb0EiEEvT0_T1_NS2_23tile_state_kernel_arg_tIT2_T6_EEiT3_T4_T5_i' for 'sm_100'
ptxas info    : Function properties for _ZN3cub17_V_300500_SM_10006detail4scan16DeviceScanKernelINS2_26policy_selector_from_typesIPiS5_ijN4cuda3std3__44plusIvEEEES5_S5_NS0_13ScanTileStateIiLb1EEESA_NS1_10InputValueIiS5_EEjiLb0EiEEvT0_T1_NS2_23tile_state_kernel_arg_tIT2_T6_EEiT3_T4_T5_i
    0 bytes stack frame, 0 bytes spill stores, 0 bytes spill loads
ptxas info    : Used 107 registers, used 3 barriers
ptxas info    : Compile time = 55.630 ms
ptxas info    : Compiling entry function '_ZN3cub17_V_300500_SM_10006detail4scan20DeviceScanInitKernelINS2_26policy_selector_from_typesIPiS5_ijN4cuda3std3__44plusIvEEEES5_S5_NS0_13ScanTileStateIiLb1EEEiEEvNS2_23tile_state_kernel_arg_tIT2_T3_EEi' for 'sm_100'
ptxas info    : Function properties for _ZN3cub17_V_300500_SM_10006detail4scan20DeviceScanInitKernelINS2_26policy_selector_from_typesIPiS5_ijN4cuda3std3__44plusIvEEEES5_S5_NS0_13ScanTileStateIiLb1EEEiEEvNS2_23tile_state_kernel_arg_tIT2_T3_EEi
    0 bytes stack frame, 0 bytes spill stores, 0 bytes spill loads
ptxas info    : Used 8 registers, used 0 barriers
ptxas info    : Compile time = 1.009 ms
ptxas info    : Compiling entry function '_ZN3cub17_V_300500_SM_10006detail9transform16transform_kernelINS2_26policy_selector_from_typesILb0ELb1EN4cuda3std3__45tupleIJPNS7_7complexIdEESB_EEESB_EElNS5_3__411always_trueENSE_38__callable_permitting_copied_argumentsIN6detail5and_tEEESB_JSB_SB_EEEvT0_ibT1_T2_T3_DpNS2_10kernel_argIT4_EE' for 'sm_100'
ptxas info    : Function properties for _ZN3cub17_V_300500_SM_10006detail9transform16transform_kernelINS2_26policy_selector_from_typesILb0ELb1EN4cuda3std3__45tupleIJPNS7_7complexIdEESB_EEESB_EElNS5_3__411always_trueENSE_38__callable_permitting_copied_argumentsIN6detail5and_tEEESB_JSB_SB_EEEvT0_ibT1_T2_T3_DpNS2_10kernel_argIT4_EE
    0 bytes stack frame, 0 bytes spill stores, 0 bytes spill loads
ptxas info    : Used 17 registers, used 1 barriers
ptxas info    : Compile time = 8.832 ms
ptxas info    : Compiling entry function '_ZN3cub17_V_300500_SM_10006detail9transform16transform_kernelINS2_26policy_selector_from_typesILb0ELb1EN4cuda3std3__45tupleIJPNS7_7complexIdEESB_EEESB_EEiNS5_3__411always_trueENSE_38__callable_permitting_copied_argumentsIN6detail5and_tEEESB_JSB_SB_EEEvT0_ibT1_T2_T3_DpNS2_10kernel_argIT4_EE' for 'sm_100'
ptxas info    : Function properties for _ZN3cub17_V_300500_SM_10006detail9transform16transform_kernelINS2_26policy_selector_from_typesILb0ELb1EN4cuda3std3__45tupleIJPNS7_7complexIdEESB_EEESB_EEiNS5_3__411always_trueENSE_38__callable_permitting_copied_argumentsIN6detail5and_tEEESB_JSB_SB_EEEvT0_ibT1_T2_T3_DpNS2_10kernel_argIT4_EE
    0 bytes stack frame, 0 bytes spill stores, 0 bytes spill loads
ptxas info    : Used 17 registers, used 1 barriers
ptxas info    : Compile time = 8.331 ms
ptxas info    : Compiling entry function '_ZN3cub17_V_300500_SM_10006detail9transform16transform_kernelINS2_26policy_selector_from_typesILb0ELb1EN4cuda3std3__45tupleIJEEEPNS7_7complexIdEEEElNS5_3__411always_trueENS1_17__return_constantISB_EESC_JEEEvT0_ibT1_T2_T3_DpNS2_10kernel_argIT4_EE' for 'sm_100'
ptxas info    : Function properties for _ZN3cub17_V_300500_SM_10006detail9transform16transform_kernelINS2_26policy_selector_from_typesILb0ELb1EN4cuda3std3__45tupleIJEEEPNS7_7complexIdEEEElNS5_3__411always_trueENS1_17__return_constantISB_EESC_JEEEvT0_ibT1_T2_T3_DpNS2_10kernel_argIT4_EE
    0 bytes stack frame, 0 bytes spill stores, 0 bytes spill loads
ptxas info    : Used 32 registers, used 0 barriers
ptxas info    : Compile time = 8.182 ms
ptxas info    : Compiling entry function '_ZN3cub17_V_300500_SM_10006detail9transform16transform_kernelINS2_26policy_selector_from_typesILb0ELb1EN4cuda3std3__45tupleIJEEEPNS7_7complexIdEEEEiNS5_3__411always_trueENS1_17__return_constantISB_EESC_JEEEvT0_ibT1_T2_T3_DpNS2_10kernel_argIT4_EE' for 'sm_100'
ptxas info    : Function properties for _ZN3cub17_V_300500_SM_10006detail9transform16transform_kernelINS2_26policy_selector_from_typesILb0ELb1EN4cuda3std3__45tupleIJEEEPNS7_7complexIdEEEEiNS5_3__411always_trueENS1_17__return_constantISB_EESC_JEEEvT0_ibT1_T2_T3_DpNS2_10kernel_argIT4_EE
    0 bytes stack frame, 0 bytes spill stores, 0 bytes spill loads
ptxas info    : Used 31 registers, used 0 barriers
ptxas info    : Compile time = 6.724 ms
ptxas info    : Compiling entry function '_ZN3cub17_V_300500_SM_10006detail9transform16transform_kernelINS2_26policy_selector_from_typesILb0ELb1EN4cuda3std3__45tupleIJPNS7_7complexIfEESB_EEESB_EElNS5_3__411always_trueENSE_38__callable_permitting_copied_argumentsIN6detail5and_tEEESB_JSB_SB_EEEvT0_ibT1_T2_T3_DpNS2_10kernel_argIT4_EE' for 'sm_100'
ptxas info    : Function properties for _ZN3cub17_V_300500_SM_10006detail9transform16transform_kernelINS2_26policy_selector_from_typesILb0ELb1EN4cuda3std3__45tupleIJPNS7_7complexIfEESB_EEESB_EElNS5_3__411always_trueENSE_38__callable_permitting_copied_argumentsIN6detail5and_tEEESB_JSB_SB_EEEvT0_ibT1_T2_T3_DpNS2_10kernel_argIT4_EE
    0 bytes stack frame, 0 bytes spill stores, 0 bytes spill loads
ptxas info    : Used 12 registers, used 1 barriers
ptxas info    : Compile time = 9.408 ms
ptxas info    : Compiling entry function '_ZN3cub17_V_300500_SM_10006detail9transform16transform_kernelINS2_26policy_selector_from_typesILb0ELb1EN4cuda3std3__45tupleIJPNS7_7complexIfEESB_EEESB_EEiNS5_3__411always_trueENSE_38__callable_permitting_copied_argumentsIN6detail5and_tEEESB_JSB_SB_EEEvT0_ibT1_T2_T3_DpNS2_10kernel_argIT4_EE' for 'sm_100'
ptxas info    : Function properties for _ZN3cub17_V_300500_SM_10006detail9transform16transform_kernelINS2_26policy_selector_from_typesILb0ELb1EN4cuda3std3__45tupleIJPNS7_7complexIfEESB_EEESB_EEiNS5_3__411always_trueENSE_38__callable_permitting_copied_argumentsIN6detail5and_tEEESB_JSB_SB_EEEvT0_ibT1_T2_T3_DpNS2_10kernel_argIT4_EE
    0 bytes stack frame, 0 bytes spill stores, 0 bytes spill loads
ptxas info    : Used 12 registers, used 1 barriers
ptxas info    : Compile time = 8.967 ms
ptxas info    : Compiling entry function '_ZN3cub17_V_300500_SM_10006detail9transform16transform_kernelINS2_26policy_selector_from_typesILb0ELb1EN4cuda3std3__45tupleIJEEEPNS7_7complexIfEEEElNS5_3__411always_trueENS1_17__return_constantISB_EESC_JEEEvT0_ibT1_T2_T3_DpNS2_10kernel_argIT4_EE' for 'sm_100'
ptxas info    : Function properties for _ZN3cub17_V_300500_SM_10006detail9transform16transform_kernelINS2_26policy_selector_from_typesILb0ELb1EN4cuda3std3__45tupleIJEEEPNS7_7complexIfEEEElNS5_3__411always_trueENS1_17__return_constantISB_EESC_JEEEvT0_ibT1_T2_T3_DpNS2_10kernel_argIT4_EE
    0 bytes stack frame, 0 bytes spill stores, 0 bytes spill loads
ptxas info    : Used 32 registers, used 0 barriers
ptxas info    : Compile time = 7.784 ms
ptxas info    : Compiling entry function '_ZN3cub17_V_300500_SM_10006detail9transform16transform_kernelINS2_26policy_selector_from_typesILb0ELb1EN4cuda3std3__45tupleIJEEEPNS7_7complexIfEEEEiNS5_3__411always_trueENS1_17__return_constantISB_EESC_JEEEvT0_ibT1_T2_T3_DpNS2_10kernel_argIT4_EE' for 'sm_100'
ptxas info    : Function properties for _ZN3cub17_V_300500_SM_10006detail9transform16transform_kernelINS2_26policy_selector_from_typesILb0ELb1EN4cuda3std3__45tupleIJEEEPNS7_7complexIfEEEEiNS5_3__411always_trueENS1_17__return_constantISB_EESC_JEEEvT0_ibT1_T2_T3_DpNS2_10kernel_argIT4_EE
    0 bytes stack frame, 0 bytes spill stores, 0 bytes spill loads
ptxas info    : Used 30 registers, used 0 barriers
ptxas info    : Compile time = 6.475 ms
ptxas info    : Compiling entry function '_ZN3cub17_V_300500_SM_10006detail9transform16transform_kernelINS2_26policy_selector_from_typesILb0ELb1EN4cuda3std3__45tupleIJPdS9_EEES9_EElNS5_3__411always_trueENSC_38__callable_permitting_copied_argumentsIN6detail5and_tEEES9_JS9_S9_EEEvT0_ibT1_T2_T3_DpNS2_10kernel_argIT4_EE' for 'sm_100'
ptxas info    : Function properties for _ZN3cub17_V_300500_SM_10006detail9transform16transform_kernelINS2_26policy_selector_from_typesILb0ELb1EN4cuda3std3__45tupleIJPdS9_EEES9_EElNS5_3__411always_trueENSC_38__callable_permitting_copied_argumentsIN6detail5and_tEEES9_JS9_S9_EEEvT0_ibT1_T2_T3_DpNS2_10kernel_argIT4_EE
    0 bytes stack frame, 0 bytes spill stores, 0 bytes spill loads
ptxas info    : Used 12 registers, used 1 barriers
ptxas info    : Compile time = 9.360 ms
ptxas info    : Compiling entry function '_ZN3cub17_V_300500_SM_10006detail9transform16transform_kernelINS2_26policy_selector_from_typesILb0ELb1EN4cuda3std3__45tupleIJPdS9_EEES9_EEiNS5_3__411always_trueENSC_38__callable_permitting_copied_argumentsIN6detail5and_tEEES9_JS9_S9_EEEvT0_ibT1_T2_T3_DpNS2_10kernel_argIT4_EE' for 'sm_100'
ptxas info    : Function properties for _ZN3cub17_V_300500_SM_10006detail9transform16transform_kernelINS2_26policy_selector_from_typesILb0ELb1EN4cuda3std3__45tupleIJPdS9_EEES9_EEiNS5_3__411always_trueENSC_38__callable_permitting_copied_argumentsIN6detail5and_tEEES9_JS9_S9_EEEvT0_ibT1_T2_T3_DpNS2_10kernel_argIT4_EE
    0 bytes stack frame, 0 bytes spill stores, 0 bytes spill loads
ptxas info    : Used 12 registers, used 1 barriers
ptxas info    : Compile time = 8.936 ms
ptxas info    : Compiling entry function '_ZN3cub17_V_300500_SM_10006detail9transform16transform_kernelINS2_26policy_selector_from_typesILb0ELb1EN4cuda3std3__45tupleIJPKdEEEPdEElNS5_3__411always_trueENSE_38__callable_permitting_copied_argumentsIN6detail16random_to_item_tIdEEEESC_JSA_EEEvT0_ibT1_T2_T3_DpNS2_10kernel_argIT4_EE' for 'sm_100'
ptxas info    : Function properties for _ZN3cub17_V_300500_SM_10006detail9transform16transform_kernelINS2_26policy_selector_from_typesILb0ELb1EN4cuda3std3__45tupleIJPKdEEEPdEElNS5_3__411always_trueENSE_38__callable_permitting_copied_argumentsIN6detail16random_to_item_tIdEEEESC_JSA_EEEvT0_ibT1_T2_T3_DpNS2_10kernel_argIT4_EE
    0 bytes stack frame, 0 bytes spill stores, 0 bytes spill loads
ptxas info    : Used 13 registers, used 1 barriers
ptxas info    : Compile time = 7.281 ms
ptxas info    : Compiling entry function '_ZN3cub17_V_300500_SM_10006detail9transform16transform_kernelINS2_26policy_selector_from_typesILb0ELb1EN4cuda3std3__45tupleIJPKdEEEPdEEiNS5_3__411always_trueENSE_38__callable_permitting_copied_argumentsIN6detail16random_to_item_tIdEEEESC_JSA_EEEvT0_ibT1_T2_T3_DpNS2_10kernel_argIT4_EE' for 'sm_100'
ptxas info    : Function properties for _ZN3cub17_V_300500_SM_10006detail9transform16transform_kernelINS2_26policy_selector_from_typesILb0ELb1EN4cuda3std3__45tupleIJPKdEEEPdEEiNS5_3__411always_trueENSE_38__callable_permitting_copied_argumentsIN6detail16random_to_item_tIdEEEESC_JSA_EEEvT0_ibT1_T2_T3_DpNS2_10kernel_argIT4_EE
    0 bytes stack frame, 0 bytes spill stores, 0 bytes spill loads
ptxas info    : Used 13 registers, used 1 barriers
ptxas info    : Compile time = 6.852 ms
ptxas info    : Compiling entry function '_ZN3cub17_V_300500_SM_10006detail9transform16transform_kernelINS2_26policy_selector_from_typesILb0ELb1EN4cuda3std3__45tupleIJPfS9_EEES9_EElNS5_3__411always_trueENSC_38__callable_permitting_copied_argumentsIN6detail5and_tEEES9_JS9_S9_EEEvT0_ibT1_T2_T3_DpNS2_10kernel_argIT4_EE' for 'sm_100'
ptxas info    : Function properties for _ZN3cub17_V_300500_SM_10006detail9transform16transform_kernelINS2_26policy_selector_from_typesILb0ELb1EN4cuda3std3__45tupleIJPfS9_EEES9_EElNS5_3__411always_trueENSC_38__callable_permitting_copied_argumentsIN6detail5and_tEEES9_JS9_S9_EEEvT0_ibT1_T2_T3_DpNS2_10kernel_argIT4_EE
    0 bytes stack frame, 0 bytes spill stores, 0 bytes spill loads
ptxas info    : Used 12 registers, used 1 barriers
ptxas info    : Compile time = 9.296 ms
ptxas info    : Compiling entry function '_ZN3cub17_V_300500_SM_10006detail9transform16transform_kernelINS2_26policy_selector_from_typesILb0ELb1EN4cuda3std3__45tupleIJPfS9_EEES9_EEiNS5_3__411always_trueENSC_38__callable_permitting_copied_argumentsIN6detail5and_tEEES9_JS9_S9_EEEvT0_ibT1_T2_T3_DpNS2_10kernel_argIT4_EE' for 'sm_100'
ptxas info    : Function properties for _ZN3cub17_V_300500_SM_10006detail9transform16transform_kernelINS2_26policy_selector_from_typesILb0ELb1EN4cuda3std3__45tupleIJPfS9_EEES9_EEiNS5_3__411always_trueENSC_38__callable_permitting_copied_argumentsIN6detail5and_tEEES9_JS9_S9_EEEvT0_ibT1_T2_T3_DpNS2_10kernel_argIT4_EE
    0 bytes stack frame, 0 bytes spill stores, 0 bytes spill loads
ptxas info    : Used 12 registers, used 1 barriers
ptxas info    : Compile time = 8.857 ms
ptxas info    : Compiling entry function '_ZN3cub17_V_300500_SM_10006detail9transform16transform_kernelINS2_26policy_selector_from_typesILb0ELb1EN4cuda3std3__45tupleIJEEEPfEElNS5_3__411always_trueENS1_17__return_constantIfEESA_JEEEvT0_ibT1_T2_T3_DpNS2_10kernel_argIT4_EE' for 'sm_100'
ptxas info    : Function properties for _ZN3cub17_V_300500_SM_10006detail9transform16transform_kernelINS2_26policy_selector_from_typesILb0ELb1EN4cuda3std3__45tupleIJEEEPfEElNS5_3__411always_trueENS1_17__return_constantIfEESA_JEEEvT0_ibT1_T2_T3_DpNS2_10kernel_argIT4_EE
    0 bytes stack frame, 0 bytes spill stores, 0 bytes spill loads
ptxas info    : Used 32 registers, used 0 barriers
ptxas info    : Compile time = 7.659 ms
ptxas info    : Compiling entry function '_ZN3cub17_V_300500_SM_10006detail9transform16transform_kernelINS2_26policy_selector_from_typesILb0ELb1EN4cuda3std3__45tupleIJEEEPfEEiNS5_3__411always_trueENS1_17__return_constantIfEESA_JEEEvT0_ibT1_T2_T3_DpNS2_10kernel_argIT4_EE' for 'sm_100'
ptxas info    : Function properties for _ZN3cub17_V_300500_SM_10006detail9transform16transform_kernelINS2_26policy_selector_from_typesILb0ELb1EN4cuda3std3__45tupleIJEEEPfEEiNS5_3__411always_trueENS1_17__return_constantIfEESA_JEEEvT0_ibT1_T2_T3_DpNS2_10kernel_argIT4_EE
    0 bytes stack frame, 0 bytes spill stores, 0 bytes spill loads
ptxas info    : Used 32 registers, used 0 barriers
ptxas info    : Compile time = 6.294 ms
ptxas info    : Compiling entry function '_ZN3cub17_V_300500_SM_10006detail9transform16transform_kernelINS2_26policy_selector_from_typesILb0ELb1EN4cuda3std3__45tupleIJPKdEEEPfEElNS5_3__411always_trueENSE_38__callable_permitting_copied_argumentsIN6detail16random_to_item_tIfEEEESC_JSA_EEEvT0_ibT1_T2_T3_DpNS2_10kernel_argIT4_EE' for 'sm_100'
ptxas info    : Function properties for _ZN3cub17_V_300500_SM_10006detail9transform16transform_kernelINS2_26policy_selector_from_typesILb0ELb1EN4cuda3std3__45tupleIJPKdEEEPfEElNS5_3__411always_trueENSE_38__callable_permitting_copied_argumentsIN6detail16random_to_item_tIfEEEESC_JSA_EEEvT0_ibT1_T2_T3_DpNS2_10kernel_argIT4_EE
    0 bytes stack frame, 0 bytes spill stores, 0 bytes spill loads
ptxas info    : Used 12 registers, used 1 barriers
ptxas info    : Compile time = 7.399 ms
ptxas info    : Compiling entry function '_ZN3cub17_V_300500_SM_10006detail9transform16transform_kernelINS2_26policy_selector_from_typesILb0ELb1EN4cuda3std3__45tupleIJPKdEEEPfEEiNS5_3__411always_trueENSE_38__callable_permitting_copied_argumentsIN6detail16random_to_item_tIfEEEESC_JSA_EEEvT0_ibT1_T2_T3_DpNS2_10kernel_argIT4_EE' for 'sm_100'
ptxas info    : Function properties for _ZN3cub17_V_300500_SM_10006detail9transform16transform_kernelINS2_26policy_selector_from_typesILb0ELb1EN4cuda3std3__45tupleIJPKdEEEPfEEiNS5_3__411always_trueENSE_38__callable_permitting_copied_argumentsIN6detail16random_to_item_tIfEEEESC_JSA_EEEvT0_ibT1_T2_T3_DpNS2_10kernel_argIT4_EE
    0 bytes stack frame, 0 bytes spill stores, 0 bytes spill loads
ptxas info    : Used 12 registers, used 1 barriers
ptxas info    : Compile time = 6.961 ms
ptxas info    : Compiling entry function '_ZN3cub17_V_300500_SM_10006detail9transform16transform_kernelINS2_26policy_selector_from_typesILb0ELb1EN4cuda3std3__45tupleIJPoS9_EEES9_EElNS5_3__411always_trueENSC_38__callable_permitting_copied_argumentsIN6detail5and_tEEES9_JS9_S9_EEEvT0_ibT1_T2_T3_DpNS2_10kernel_argIT4_EE' for 'sm_100'
ptxas info    : Function properties for _ZN3cub17_V_300500_SM_10006detail9transform16transform_kernelINS2_26policy_selector_from_typesILb0ELb1EN4cuda3std3__45tupleIJPoS9_EEES9_EElNS5_3__411always_trueENSC_38__callable_permitting_copied_argumentsIN6detail5and_tEEES9_JS9_S9_EEEvT0_ibT1_T2_T3_DpNS2_10kernel_argIT4_EE
    0 bytes stack frame, 0 bytes spill stores, 0 bytes spill loads
ptxas info    : Used 17 registers, used 1 barriers
ptxas info    : Compile time = 8.837 ms
ptxas info    : Compiling entry function '_ZN3cub17_V_300500_SM_10006detail9transform16transform_kernelINS2_26policy_selector_from_typesILb0ELb1EN4cuda3std3__45tupleIJPoS9_EEES9_EEiNS5_3__411always_trueENSC_38__callable_permitting_copied_argumentsIN6detail5and_tEEES9_JS9_S9_EEEvT0_ibT1_T2_T3_DpNS2_10kernel_argIT4_EE' for 'sm_100'
ptxas info    : Function properties for _ZN3cub17_V_300500_SM_10006detail9transform16transform_kernelINS2_26policy_selector_from_typesILb0ELb1EN4cuda3std3__45tupleIJPoS9_EEES9_EEiNS5_3__411always_trueENSC_38__callable_permitting_copied_argumentsIN6detail5and_tEEES9_JS9_S9_EEEvT0_ibT1_T2_T3_DpNS2_10kernel_argIT4_EE
    0 bytes stack frame, 0 bytes spill stores, 0 bytes spill loads
ptxas info    : Used 17 registers, used 1 barriers
ptxas info    : Compile time = 8.326 ms
ptxas info    : Compiling entry function '_ZN3cub17_V_300500_SM_10006detail9transform16transform_kernelINS2_26policy_selector_from_typesILb0ELb1EN4cuda3std3__45tupleIJEEEPoEElNS5_3__411always_trueENS1_17__return_constantIoEESA_JEEEvT0_ibT1_T2_T3_DpNS2_10kernel_argIT4_EE' for 'sm_100'
ptxas info    : Function properties for _ZN3cub17_V_300500_SM_10006detail9transform16transform_kernelINS2_26policy_selector_from_typesILb0ELb1EN4cuda3std3__45tupleIJEEEPoEElNS5_3__411always_trueENS1_17__return_constantIoEESA_JEEEvT0_ibT1_T2_T3_DpNS2_10kernel_argIT4_EE
    0 bytes stack frame, 0 bytes spill stores, 0 bytes spill loads
ptxas info    : Used 32 registers, used 0 barriers
ptxas info    : Compile time = 8.178 ms
ptxas info    : Compiling entry function '_ZN3cub17_V_300500_SM_10006detail9transform16transform_kernelINS2_26policy_selector_from_typesILb0ELb1EN4cuda3std3__45tupleIJEEEPoEEiNS5_3__411always_trueENS1_17__return_constantIoEESA_JEEEvT0_ibT1_T2_T3_DpNS2_10kernel_argIT4_EE' for 'sm_100'
ptxas info    : Function properties for _ZN3cub17_V_300500_SM_10006detail9transform16transform_kernelINS2_26policy_selector_from_typesILb0ELb1EN4cuda3std3__45tupleIJEEEPoEEiNS5_3__411always_trueENS1_17__return_constantIoEESA_JEEEvT0_ibT1_T2_T3_DpNS2_10kernel_argIT4_EE
    0 bytes stack frame, 0 bytes spill stores, 0 bytes spill loads
ptxas info    : Used 31 registers, used 0 barriers
ptxas info    : Compile time = 6.720 ms
ptxas info    : Compiling entry function '_ZN3cub17_V_300500_SM_10006detail9transform16transform_kernelINS2_26policy_selector_from_typesILb0ELb1EN4cuda3std3__45tupleIJPKdEEEPoEElNS5_3__411always_trueENSE_38__callable_permitting_copied_argumentsIN6detail16random_to_item_tIoEEEESC_JSA_EEEvT0_ibT1_T2_T3_DpNS2_10kernel_argIT4_EE' for 'sm_100'
ptxas info    : Function properties for _ZN3cub17_V_300500_SM_10006detail9transform16transform_kernelINS2_26policy_selector_from_typesILb0ELb1EN4cuda3std3__45tupleIJPKdEEEPoEElNS5_3__411always_trueENSE_38__callable_permitting_copied_argumentsIN6detail16random_to_item_tIoEEEESC_JSA_EEEvT0_ibT1_T2_T3_DpNS2_10kernel_argIT4_EE
    0 bytes stack frame, 0 bytes spill stores, 0 bytes spill loads
ptxas info    : Used 17 registers, used 1 barriers
ptxas info    : Compile time = 9.777 ms
ptxas info    : Compiling entry function '_ZN3cub17_V_300500_SM_10006detail9transform16transform_kernelINS2_26policy_selector_from_typesILb0ELb1EN4cuda3std3__45tupleIJPKdEEEPoEEiNS5_3__411always_trueENSE_38__callable_permitting_copied_argumentsIN6detail16random_to_item_tIoEEEESC_JSA_EEEvT0_ibT1_T2_T3_DpNS2_10kernel_argIT4_EE' for 'sm_100'
ptxas info    : Function properties for _ZN3cub17_V_300500_SM_10006detail9transform16transform_kernelINS2_26policy_selector_from_typesILb0ELb1EN4cuda3std3__45tupleIJPKdEEEPoEEiNS5_3__411always_trueENSE_38__callable_permitting_copied_argumentsIN6detail16random_to_item_tIoEEEESC_JSA_EEEvT0_ibT1_T2_T3_DpNS2_10kernel_argIT4_EE
    0 bytes stack frame, 0 bytes spill stores, 0 bytes spill loads
ptxas info    : Used 16 registers, used 1 barriers
ptxas info    : Compile time = 9.367 ms
ptxas info    : Compiling entry function '_ZN3cub17_V_300500_SM_10006detail9transform16transform_kernelINS2_26policy_selector_from_typesILb0ELb1EN4cuda3std3__45tupleIJPnS9_EEES9_EElNS5_3__411always_trueENSC_38__callable_permitting_copied_argumentsIN6detail5and_tEEES9_JS9_S9_EEEvT0_ibT1_T2_T3_DpNS2_10kernel_argIT4_EE' for 'sm_100'
ptxas info    : Function properties for _ZN3cub17_V_300500_SM_10006detail9transform16transform_kernelINS2_26policy_selector_from_typesILb0ELb1EN4cuda3std3__45tupleIJPnS9_EEES9_EElNS5_3__411always_trueENSC_38__callable_permitting_copied_argumentsIN6detail5and_tEEES9_JS9_S9_EEEvT0_ibT1_T2_T3_DpNS2_10kernel_argIT4_EE
    0 bytes stack frame, 0 bytes spill stores, 0 bytes spill loads
ptxas info    : Used 17 registers, used 1 barriers
ptxas info    : Compile time = 8.829 ms
ptxas info    : Compiling entry function '_ZN3cub17_V_300500_SM_10006detail9transform16transform_kernelINS2_26policy_selector_from_typesILb0ELb1EN4cuda3std3__45tupleIJPnS9_EEES9_EEiNS5_3__411always_trueENSC_38__callable_permitting_copied_argumentsIN6detail5and_tEEES9_JS9_S9_EEEvT0_ibT1_T2_T3_DpNS2_10kernel_argIT4_EE' for 'sm_100'
ptxas info    : Function properties for _ZN3cub17_V_300500_SM_10006detail9transform16transform_kernelINS2_26policy_selector_from_typesILb0ELb1EN4cuda3std3__45tupleIJPnS9_EEES9_EEiNS5_3__411always_trueENSC_38__callable_permitting_copied_argumentsIN6detail5and_tEEES9_JS9_S9_EEEvT0_ibT1_T2_T3_DpNS2_10kernel_argIT4_EE
    0 bytes stack frame, 0 bytes spill stores, 0 bytes spill loads
ptxas info    : Used 17 registers, used 1 barriers
ptxas info    : Compile time = 8.323 ms
ptxas info    : Compiling entry function '_ZN3cub17_V_300500_SM_10006detail9transform16transform_kernelINS2_26policy_selector_from_typesILb0ELb1EN4cuda3std3__45tupleIJEEEPnEElNS5_3__411always_trueENS1_17__return_constantInEESA_JEEEvT0_ibT1_T2_T3_DpNS2_10kernel_argIT4_EE' for 'sm_100'
ptxas info    : Function properties for _ZN3cub17_V_300500_SM_10006detail9transform16transform_kernelINS2_26policy_selector_from_typesILb0ELb1EN4cuda3std3__45tupleIJEEEPnEElNS5_3__411always_trueENS1_17__return_constantInEESA_JEEEvT0_ibT1_T2_T3_DpNS2_10kernel_argIT4_EE
    0 bytes stack frame, 0 bytes spill stores, 0 bytes spill loads
ptxas info    : Used 32 registers, used 0 barriers
ptxas info    : Compile time = 8.201 ms
ptxas info    : Compiling entry function '_ZN3cub17_V_300500_SM_10006detail9transform16transform_kernelINS2_26policy_selector_from_typesILb0ELb1EN4cuda3std3__45tupleIJEEEPnEEiNS5_3__411always_trueENS1_17__return_constantInEESA_JEEEvT0_ibT1_T2_T3_DpNS2_10kernel_argIT4_EE' for 'sm_100'
ptxas info    : Function properties for _ZN3cub17_V_300500_SM_10006detail9transform16transform_kernelINS2_26policy_selector_from_typesILb0ELb1EN4cuda3std3__45tupleIJEEEPnEEiNS5_3__411always_trueENS1_17__return_constantInEESA_JEEEvT0_ibT1_T2_T3_DpNS2_10kernel_argIT4_EE
    0 bytes stack frame, 0 bytes spill stores, 0 bytes spill loads
ptxas info    : Used 31 registers, used 0 barriers
ptxas info    : Compile time = 6.718 ms
ptxas info    : Compiling entry function '_ZN3cub17_V_300500_SM_10006detail9transform16transform_kernelINS2_26policy_selector_from_typesILb0ELb1EN4cuda3std3__45tupleIJPKdEEEPnEElNS5_3__411always_trueENSE_38__callable_permitting_copied_argumentsIN6detail16random_to_item_tInEEEESC_JSA_EEEvT0_ibT1_T2_T3_DpNS2_10kernel_argIT4_EE' for 'sm_100'
ptxas info    : Function properties for _ZN3cub17_V_300500_SM_10006detail9transform16transform_kernelINS2_26policy_selector_from_typesILb0ELb1EN4cuda3std3__45tupleIJPKdEEEPnEElNS5_3__411always_trueENSE_38__callable_permitting_copied_argumentsIN6detail16random_to_item_tInEEEESC_JSA_EEEvT0_ibT1_T2_T3_DpNS2_10kernel_argIT4_EE
    0 bytes stack frame, 0 bytes spill stores, 0 bytes spill loads
ptxas info    : Used 17 registers, used 1 barriers
ptxas info    : Compile time = 10.671 ms
ptxas info    : Compiling entry function '_ZN3cub17_V_300500_SM_10006detail9transform16transform_kernelINS2_26policy_selector_from_typesILb0ELb1EN4cuda3std3__45tupleIJPKdEEEPnEEiNS5_3__411always_trueENSE_38__callable_permitting_copied_argumentsIN6detail16random_to_item_tInEEEESC_JSA_EEEvT0_ibT1_T2_T3_DpNS2_10kernel_argIT4_EE' for 'sm_100'
ptxas info    : Function properties for _ZN3cub17_V_300500_SM_10006detail9transform16transform_kernelINS2_26policy_selector_from_typesILb0ELb1EN4cuda3std3__45tupleIJPKdEEEPnEEiNS5_3__411always_trueENSE_38__callable_permitting_copied_argumentsIN6detail16random_to_item_tInEEEESC_JSA_EEEvT0_ibT1_T2_T3_DpNS2_10kernel_argIT4_EE
    0 bytes stack frame, 0 bytes spill stores, 0 bytes spill loads
ptxas info    : Used 17 registers, used 1 barriers
ptxas info    : Compile time = 10.237 ms
ptxas info    : Compiling entry function '_ZN3cub17_V_300500_SM_10006detail9transform16transform_kernelINS2_26policy_selector_from_typesILb0ELb1EN4cuda3std3__45tupleIJPsS9_EEES9_EElNS5_3__411always_trueENSC_38__callable_permitting_copied_argumentsIN6detail5and_tEEES9_JS9_S9_EEEvT0_ibT1_T2_T3_DpNS2_10kernel_argIT4_EE' for 'sm_100'
ptxas info    : Function properties for _ZN3cub17_V_300500_SM_10006detail9transform16transform_kernelINS2_26policy_selector_from_typesILb0ELb1EN4cuda3std3__45tupleIJPsS9_EEES9_EElNS5_3__411always_trueENSC_38__callable_permitting_copied_argumentsIN6detail5and_tEEES9_JS9_S9_EEEvT0_ibT1_T2_T3_DpNS2_10kernel_argIT4_EE
    0 bytes stack frame, 0 bytes spill stores, 0 bytes spill loads
ptxas info    : Used 12 registers, used 1 barriers
ptxas info    : Compile time = 9.272 ms
ptxas info    : Compiling entry function '_ZN3cub17_V_300500_SM_10006detail9transform16transform_kernelINS2_26policy_selector_from_typesILb0ELb1EN4cuda3std3__45tupleIJPsS9_EEES9_EEiNS5_3__411always_trueENSC_38__callable_permitting_copied_argumentsIN6detail5and_tEEES9_JS9_S9_EEEvT0_ibT1_T2_T3_DpNS2_10kernel_argIT4_EE' for 'sm_100'
ptxas info    : Function properties for _ZN3cub17_V_300500_SM_10006detail9transform16transform_kernelINS2_26policy_selector_from_typesILb0ELb1EN4cuda3std3__45tupleIJPsS9_EEES9_EEiNS5_3__411always_trueENSC_38__callable_permitting_copied_argumentsIN6detail5and_tEEES9_JS9_S9_EEEvT0_ibT1_T2_T3_DpNS2_10kernel_argIT4_EE
    0 bytes stack frame, 0 bytes spill stores, 0 bytes spill loads
ptxas info    : Used 12 registers, used 1 barriers
ptxas info    : Compile time = 8.879 ms
ptxas info    : Compiling entry function '_ZN3cub17_V_300500_SM_10006detail9transform16transform_kernelINS2_26policy_selector_from_typesILb0ELb1EN4cuda3std3__45tupleIJEEEPsEElNS5_3__411always_trueENS1_17__return_constantIsEESA_JEEEvT0_ibT1_T2_T3_DpNS2_10kernel_argIT4_EE' for 'sm_100'
ptxas info    : Function properties for _ZN3cub17_V_300500_SM_10006detail9transform16transform_kernelINS2_26policy_selector_from_typesILb0ELb1EN4cuda3std3__45tupleIJEEEPsEElNS5_3__411always_trueENS1_17__return_constantIsEESA_JEEEvT0_ibT1_T2_T3_DpNS2_10kernel_argIT4_EE
    0 bytes stack frame, 0 bytes spill stores, 0 bytes spill loads
ptxas info    : Used 32 registers, used 0 barriers
ptxas info    : Compile time = 7.556 ms
ptxas info    : Compiling entry function '_ZN3cub17_V_300500_SM_10006detail9transform16transform_kernelINS2_26policy_selector_from_typesILb0ELb1EN4cuda3std3__45tupleIJEEEPsEEiNS5_3__411always_trueENS1_17__return_constantIsEESA_JEEEvT0_ibT1_T2_T3_DpNS2_10kernel_argIT4_EE' for 'sm_100'
ptxas info    : Function properties for _ZN3cub17_V_300500_SM_10006detail9transform16transform_kernelINS2_26policy_selector_from_typesILb0ELb1EN4cuda3std3__45tupleIJEEEPsEEiNS5_3__411always_trueENS1_17__return_constantIsEESA_JEEEvT0_ibT1_T2_T3_DpNS2_10kernel_argIT4_EE
    0 bytes stack frame, 0 bytes spill stores, 0 bytes spill loads
ptxas info    : Used 32 registers, used 0 barriers
ptxas info    : Compile time = 6.178 ms
ptxas info    : Compiling entry function '_ZN3cub17_V_300500_SM_10006detail9transform16transform_kernelINS2_26policy_selector_from_typesILb0ELb1EN4cuda3std3__45tupleIJPKdEEEPsEElNS5_3__411always_trueENSE_38__callable_permitting_copied_argumentsIN6detail16random_to_item_tIsEEEESC_JSA_EEEvT0_ibT1_T2_T3_DpNS2_10kernel_argIT4_EE' for 'sm_100'
ptxas info    : Function properties for _ZN3cub17_V_300500_SM_10006detail9transform16transform_kernelINS2_26policy_selector_from_typesILb0ELb1EN4cuda3std3__45tupleIJPKdEEEPsEElNS5_3__411always_trueENSE_38__callable_permitting_copied_argumentsIN6detail16random_to_item_tIsEEEESC_JSA_EEEvT0_ibT1_T2_T3_DpNS2_10kernel_argIT4_EE
    0 bytes stack frame, 0 bytes spill stores, 0 bytes spill loads
ptxas info    : Used 12 registers, used 1 barriers
ptxas info    : Compile time = 7.421 ms
ptxas info    : Compiling entry function '_ZN3cub17_V_300500_SM_10006detail9transform16transform_kernelINS2_26policy_selector_from_typesILb0ELb1EN4cuda3std3__45tupleIJPKdEEEPsEEiNS5_3__411always_trueENSE_38__callable_permitting_copied_argumentsIN6detail16random_to_item_tIsEEEESC_JSA_EEEvT0_ibT1_T2_T3_DpNS2_10kernel_argIT4_EE' for 'sm_100'
ptxas info    : Function properties for _ZN3cub17_V_300500_SM_10006detail9transform16transform_kernelINS2_26policy_selector_from_typesILb0ELb1EN4cuda3std3__45tupleIJPKdEEEPsEEiNS5_3__411always_trueENSE_38__callable_permitting_copied_argumentsIN6detail16random_to_item_tIsEEEESC_JSA_EEEvT0_ibT1_T2_T3_DpNS2_10kernel_argIT4_EE
    0 bytes stack frame, 0 bytes spill stores, 0 bytes spill loads
ptxas info    : Used 12 registers, used 1 barriers
ptxas info    : Compile time = 7.037 ms
ptxas info    : Compiling entry function '_ZN3cub17_V_300500_SM_10006detail9transform16transform_kernelINS2_26policy_selector_from_typesILb0ELb1EN4cuda3std3__45tupleIJPaS9_EEES9_EElNS5_3__411always_trueENSC_38__callable_permitting_copied_argumentsIN6detail5and_tEEES9_JS9_S9_EEEvT0_ibT1_T2_T3_DpNS2_10kernel_argIT4_EE' for 'sm_100'
ptxas info    : Function properties for _ZN3cub17_V_300500_SM_10006detail9transform16transform_kernelINS2_26policy_selector_from_typesILb0ELb1EN4cuda3std3__45tupleIJPaS9_EEES9_EElNS5_3__411always_trueENSC_38__callable_permitting_copied_argumentsIN6detail5and_tEEES9_JS9_S9_EEEvT0_ibT1_T2_T3_DpNS2_10kernel_argIT4_EE
    0 bytes stack frame, 0 bytes spill stores, 0 bytes spill loads
ptxas info    : Used 12 registers, used 1 barriers
ptxas info    : Compile time = 9.111 ms
ptxas info    : Compiling entry function '_ZN3cub17_V_300500_SM_10006detail9transform16transform_kernelINS2_26policy_selector_from_typesILb0ELb1EN4cuda3std3__45tupleIJPaS9_EEES9_EEiNS5_3__411always_trueENSC_38__callable_permitting_copied_argumentsIN6detail5and_tEEES9_JS9_S9_EEEvT0_ibT1_T2_T3_DpNS2_10kernel_argIT4_EE' for 'sm_100'
ptxas info    : Function properties for _ZN3cub17_V_300500_SM_10006detail9transform16transform_kernelINS2_26policy_selector_from_typesILb0ELb1EN4cuda3std3__45tupleIJPaS9_EEES9_EEiNS5_3__411always_trueENSC_38__callable_permitting_copied_argumentsIN6detail5and_tEEES9_JS9_S9_EEEvT0_ibT1_T2_T3_DpNS2_10kernel_argIT4_EE
    0 bytes stack frame, 0 bytes spill stores, 0 bytes spill loads
ptxas info    : Used 12 registers, used 1 barriers
ptxas info    : Compile time = 8.936 ms
ptxas info    : Compiling entry function '_ZN3cub17_V_300500_SM_10006detail9transform16transform_kernelINS2_26policy_selector_from_typesILb0ELb1EN4cuda3std3__45tupleIJEEEPaEElNS5_3__411always_trueENS1_17__return_constantIaEESA_JEEEvT0_ibT1_T2_T3_DpNS2_10kernel_argIT4_EE' for 'sm_100'
ptxas info    : Function properties for _ZN3cub17_V_300500_SM_10006detail9transform16transform_kernelINS2_26policy_selector_from_typesILb0ELb1EN4cuda3std3__45tupleIJEEEPaEElNS5_3__411always_trueENS1_17__return_constantIaEESA_JEEEvT0_ibT1_T2_T3_DpNS2_10kernel_argIT4_EE
    0 bytes stack frame, 0 bytes spill stores, 0 bytes spill loads
ptxas info    : Used 24 registers, used 0 barriers
ptxas info    : Compile time = 7.918 ms
ptxas info    : Compiling entry function '_ZN3cub17_V_300500_SM_10006detail9transform16transform_kernelINS2_26policy_selector_from_typesILb0ELb1EN4cuda3std3__45tupleIJEEEPaEEiNS5_3__411always_trueENS1_17__return_constantIaEESA_JEEEvT0_ibT1_T2_T3_DpNS2_10kernel_argIT4_EE' for 'sm_100'
ptxas info    : Function properties for _ZN3cub17_V_300500_SM_10006detail9transform16transform_kernelINS2_26policy_selector_from_typesILb0ELb1EN4cuda3std3__45tupleIJEEEPaEEiNS5_3__411always_trueENS1_17__return_constantIaEESA_JEEEvT0_ibT1_T2_T3_DpNS2_10kernel_argIT4_EE
    0 bytes stack frame, 0 bytes spill stores, 0 bytes spill loads
ptxas info    : Used 22 registers, used 0 barriers
ptxas info    : Compile time = 6.551 ms
ptxas info    : Compiling entry function '_ZN3cub17_V_300500_SM_10006detail9transform16transform_kernelINS2_26policy_selector_from_typesILb0ELb1EN4cuda3std3__45tupleIJPKdEEEPaEElNS5_3__411always_trueENSE_38__callable_permitting_copied_argumentsIN6detail16random_to_item_tIaEEEESC_JSA_EEEvT0_ibT1_T2_T3_DpNS2_10kernel_argIT4_EE' for 'sm_100'
ptxas info    : Function properties for _ZN3cub17_V_300500_SM_10006detail9transform16transform_kernelINS2_26policy_selector_from_typesILb0ELb1EN4cuda3std3__45tupleIJPKdEEEPaEElNS5_3__411always_trueENSE_38__callable_permitting_copied_argumentsIN6detail16random_to_item_tIaEEEESC_JSA_EEEvT0_ibT1_T2_T3_DpNS2_10kernel_argIT4_EE
    0 bytes stack frame, 0 bytes spill stores, 0 bytes spill loads
ptxas info    : Used 12 registers, used 1 barriers
ptxas info    : Compile time = 7.407 ms
ptxas info    : Compiling entry function '_ZN3cub17_V_300500_SM_10006detail9transform16transform_kernelINS2_26policy_selector_from_typesILb0ELb1EN4cuda3std3__45tupleIJPKdEEEPaEEiNS5_3__411always_trueENSE_38__callable_permitting_copied_argumentsIN6detail16random_to_item_tIaEEEESC_JSA_EEEvT0_ibT1_T2_T3_DpNS2_10kernel_argIT4_EE' for 'sm_100'
ptxas info    : Function properties for _ZN3cub17_V_300500_SM_10006detail9transform16transform_kernelINS2_26policy_selector_from_typesILb0ELb1EN4cuda3std3__45tupleIJPKdEEEPaEEiNS5_3__411always_trueENSE_38__callable_permitting_copied_argumentsIN6detail16random_to_item_tIaEEEESC_JSA_EEEvT0_ibT1_T2_T3_DpNS2_10kernel_argIT4_EE
    0 bytes stack frame, 0 bytes spill stores, 0 bytes spill loads
ptxas info    : Used 12 registers, used 1 barriers
ptxas info    : Compile time = 7.149 ms
ptxas info    : Compiling entry function '_ZN3cub17_V_300500_SM_10006detail9transform16transform_kernelINS2_26policy_selector_from_typesILb0ELb1EN4cuda3std3__45tupleIJPtS9_EEES9_EElNS5_3__411always_trueENSC_38__callable_permitting_copied_argumentsIN6detail5and_tEEES9_JS9_S9_EEEvT0_ibT1_T2_T3_DpNS2_10kernel_argIT4_EE' for 'sm_100'
ptxas info    : Function properties for _ZN3cub17_V_300500_SM_10006detail9transform16transform_kernelINS2_26policy_selector_from_typesILb0ELb1EN4cuda3std3__45tupleIJPtS9_EEES9_EElNS5_3__411always_trueENSC_38__callable_permitting_copied_argumentsIN6detail5and_tEEES9_JS9_S9_EEEvT0_ibT1_T2_T3_DpNS2_10kernel_argIT4_EE
    0 bytes stack frame, 0 bytes spill stores, 0 bytes spill loads
ptxas info    : Used 12 registers, used 1 barriers
ptxas info    : Compile time = 9.265 ms
ptxas info    : Compiling entry function '_ZN3cub17_V_300500_SM_10006detail9transform16transform_kernelINS2_26policy_selector_from_typesILb0ELb1EN4cuda3std3__45tupleIJPtS9_EEES9_EEiNS5_3__411always_trueENSC_38__callable_permitting_copied_argumentsIN6detail5and_tEEES9_JS9_S9_EEEvT0_ibT1_T2_T3_DpNS2_10kernel_argIT4_EE' for 'sm_100'
ptxas info    : Function properties for _ZN3cub17_V_300500_SM_10006detail9transform16transform_kernelINS2_26policy_selector_from_typesILb0ELb1EN4cuda3std3__45tupleIJPtS9_EEES9_EEiNS5_3__411always_trueENSC_38__callable_permitting_copied_argumentsIN6detail5and_tEEES9_JS9_S9_EEEvT0_ibT1_T2_T3_DpNS2_10kernel_argIT4_EE
    0 bytes stack frame, 0 bytes spill stores, 0 bytes spill loads
ptxas info    : Used 12 registers, used 1 barriers
ptxas info    : Compile time = 8.854 ms
ptxas info    : Compiling entry function '_ZN3cub17_V_300500_SM_10006detail9transform16transform_kernelINS2_26policy_selector_from_typesILb0ELb1EN4cuda3std3__45tupleIJEEEPtEElNS5_3__411always_trueENS1_17__return_constantItEESA_JEEEvT0_ibT1_T2_T3_DpNS2_10kernel_argIT4_EE' for 'sm_100'
ptxas info    : Function properties for _ZN3cub17_V_300500_SM_10006detail9transform16transform_kernelINS2_26policy_selector_from_typesILb0ELb1EN4cuda3std3__45tupleIJEEEPtEElNS5_3__411always_trueENS1_17__return_constantItEESA_JEEEvT0_ibT1_T2_T3_DpNS2_10kernel_argIT4_EE
    0 bytes stack frame, 0 bytes spill stores, 0 bytes spill loads
ptxas info    : Used 32 registers, used 0 barriers
ptxas info    : Compile time = 7.549 ms
ptxas info    : Compiling entry function '_ZN3cub17_V_300500_SM_10006detail9transform16transform_kernelINS2_26policy_selector_from_typesILb0ELb1EN4cuda3std3__45tupleIJEEEPtEEiNS5_3__411always_trueENS1_17__return_constantItEESA_JEEEvT0_ibT1_T2_T3_DpNS2_10kernel_argIT4_EE' for 'sm_100'
ptxas info    : Function properties for _ZN3cub17_V_300500_SM_10006detail9transform16transform_kernelINS2_26policy_selector_from_typesILb0ELb1EN4cuda3std3__45tupleIJEEEPtEEiNS5_3__411always_trueENS1_17__return_constantItEESA_JEEEvT0_ibT1_T2_T3_DpNS2_10kernel_argIT4_EE
    0 bytes stack frame, 0 bytes spill stores, 0 bytes spill loads
ptxas info    : Used 32 registers, used 0 barriers
ptxas info    : Compile time = 6.192 ms
ptxas info    : Compiling entry function '_ZN3cub17_V_300500_SM_10006detail9transform16transform_kernelINS2_26policy_selector_from_typesILb0ELb1EN4cuda3std3__45tupleIJPKdEEEPtEElNS5_3__411always_trueENSE_38__callable_permitting_copied_argumentsIN6detail16random_to_item_tItEEEESC_JSA_EEEvT0_ibT1_T2_T3_DpNS2_10kernel_argIT4_EE' for 'sm_100'
ptxas info    : Function properties for _ZN3cub17_V_300500_SM_10006detail9transform16transform_kernelINS2_26policy_selector_from_typesILb0ELb1EN4cuda3std3__45tupleIJPKdEEEPtEElNS5_3__411always_trueENSE_38__callable_permitting_copied_argumentsIN6detail16random_to_item_tItEEEESC_JSA_EEEvT0_ibT1_T2_T3_DpNS2_10kernel_argIT4_EE
    0 bytes stack frame, 0 bytes spill stores, 0 bytes spill loads
ptxas info    : Used 12 registers, used 1 barriers
ptxas info    : Compile time = 7.435 ms
ptxas info    : Compiling entry function '_ZN3cub17_V_300500_SM_10006detail9transform16transform_kernelINS2_26policy_selector_from_typesILb0ELb1EN4cuda3std3__45tupleIJPKdEEEPtEEiNS5_3__411always_trueENSE_38__callable_permitting_copied_argumentsIN6detail16random_to_item_tItEEEESC_JSA_EEEvT0_ibT1_T2_T3_DpNS2_10kernel_argIT4_EE' for 'sm_100'
ptxas info    : Function properties for _ZN3cub17_V_300500_SM_10006detail9transform16transform_kernelINS2_26policy_selector_from_typesILb0ELb1EN4cuda3std3__45tupleIJPKdEEEPtEEiNS5_3__411always_trueENSE_38__callable_permitting_copied_argumentsIN6detail16random_to_item_tItEEEESC_JSA_EEEvT0_ibT1_T2_T3_DpNS2_10kernel_argIT4_EE
    0 bytes stack frame, 0 bytes spill stores, 0 bytes spill loads
ptxas info    : Used 12 registers, used 1 barriers
ptxas info    : Compile time = 6.982 ms
ptxas info    : Compiling entry function '_ZN3cub17_V_300500_SM_10006detail9transform16transform_kernelINS2_26policy_selector_from_typesILb0ELb1EN4cuda3std3__45tupleIJPhS9_EEES9_EElNS5_3__411always_trueENSC_38__callable_permitting_copied_argumentsIN6detail5and_tEEES9_JS9_S9_EEEvT0_ibT1_T2_T3_DpNS2_10kernel_argIT4_EE' for 'sm_100'
ptxas info    : Function properties for _ZN3cub17_V_300500_SM_10006detail9transform16transform_kernelINS2_26policy_selector_from_typesILb0ELb1EN4cuda3std3__45tupleIJPhS9_EEES9_EElNS5_3__411always_trueENSC_38__callable_permitting_copied_argumentsIN6detail5and_tEEES9_JS9_S9_EEEvT0_ibT1_T2_T3_DpNS2_10kernel_argIT4_EE
    0 bytes stack frame, 0 bytes spill stores, 0 bytes spill loads
ptxas info    : Used 12 registers, used 1 barriers
ptxas info    : Compile time = 9.076 ms
ptxas info    : Compiling entry function '_ZN3cub17_V_300500_SM_10006detail9transform16transform_kernelINS2_26policy_selector_from_typesILb0ELb1EN4cuda3std3__45tupleIJPhS9_EEES9_EEiNS5_3__411always_trueENSC_38__callable_permitting_copied_argumentsIN6detail5and_tEEES9_JS9_S9_EEEvT0_ibT1_T2_T3_DpNS2_10kernel_argIT4_EE' for 'sm_100'
ptxas info    : Function properties for _ZN3cub17_V_300500_SM_10006detail9transform16transform_kernelINS2_26policy_selector_from_typesILb0ELb1EN4cuda3std3__45tupleIJPhS9_EEES9_EEiNS5_3__411always_trueENSC_38__callable_permitting_copied_argumentsIN6detail5and_tEEES9_JS9_S9_EEEvT0_ibT1_T2_T3_DpNS2_10kernel_argIT4_EE
    0 bytes stack frame, 0 bytes spill stores, 0 bytes spill loads
ptxas info    : Used 12 registers, used 1 barriers
ptxas info    : Compile time = 8.900 ms
ptxas info    : Compiling entry function '_ZN3cub17_V_300500_SM_10006detail9transform16transform_kernelINS2_26policy_selector_from_typesILb0ELb1EN4cuda3std3__45tupleIJEEEPhEElNS5_3__411always_trueENS1_17__return_constantIhEESA_JEEEvT0_ibT1_T2_T3_DpNS2_10kernel_argIT4_EE' for 'sm_100'
ptxas info    : Function properties for _ZN3cub17_V_300500_SM_10006detail9transform16transform_kernelINS2_26policy_selector_from_typesILb0ELb1EN4cuda3std3__45tupleIJEEEPhEElNS5_3__411always_trueENS1_17__return_constantIhEESA_JEEEvT0_ibT1_T2_T3_DpNS2_10kernel_argIT4_EE
    0 bytes stack frame, 0 bytes spill stores, 0 bytes spill loads
ptxas info    : Used 24 registers, used 0 barriers
ptxas info    : Compile time = 7.864 ms
ptxas info    : Compiling entry function '_ZN3cub17_V_300500_SM_10006detail9transform16transform_kernelINS2_26policy_selector_from_typesILb0ELb1EN4cuda3std3__45tupleIJEEEPhEEiNS5_3__411always_trueENS1_17__return_constantIhEESA_JEEEvT0_ibT1_T2_T3_DpNS2_10kernel_argIT4_EE' for 'sm_100'
ptxas info    : Function properties for _ZN3cub17_V_300500_SM_10006detail9transform16transform_kernelINS2_26policy_selector_from_typesILb0ELb1EN4cuda3std3__45tupleIJEEEPhEEiNS5_3__411always_trueENS1_17__return_constantIhEESA_JEEEvT0_ibT1_T2_T3_DpNS2_10kernel_argIT4_EE
    0 bytes stack frame, 0 bytes spill stores, 0 bytes spill loads
ptxas info    : Used 22 registers, used 0 barriers
ptxas info    : Compile time = 7.252 ms
ptxas info    : Compiling entry function '_ZN3cub17_V_300500_SM_10006detail9transform16transform_kernelINS2_26policy_selector_from_typesILb0ELb1EN4cuda3std3__45tupleIJPKdEEEPhEElNS5_3__411always_trueENSE_38__callable_permitting_copied_argumentsIN6detail16random_to_item_tIhEEEESC_JSA_EEEvT0_ibT1_T2_T3_DpNS2_10kernel_argIT4_EE' for 'sm_100'
ptxas info    : Function properties for _ZN3cub17_V_300500_SM_10006detail9transform16transform_kernelINS2_26policy_selector_from_typesILb0ELb1EN4cuda3std3__45tupleIJPKdEEEPhEElNS5_3__411always_trueENSE_38__callable_permitting_copied_argumentsIN6detail16random_to_item_tIhEEEESC_JSA_EEEvT0_ibT1_T2_T3_DpNS2_10kernel_argIT4_EE
    0 bytes stack frame, 0 bytes spill stores, 0 bytes spill loads
ptxas info    : Used 12 registers, used 1 barriers
ptxas info    : Compile time = 7.421 ms
ptxas info    : Compiling entry function '_ZN3cub17_V_300500_SM_10006detail9transform16transform_kernelINS2_26policy_selector_from_typesILb0ELb1EN4cuda3std3__45tupleIJPKdEEEPhEEiNS5_3__411always_trueENSE_38__callable_permitting_copied_argumentsIN6detail16random_to_item_tIhEEEESC_JSA_EEEvT0_ibT1_T2_T3_DpNS2_10kernel_argIT4_EE' for 'sm_100'
ptxas info    : Function properties for _ZN3cub17_V_300500_SM_10006detail9transform16transform_kernelINS2_26policy_selector_from_typesILb0ELb1EN4cuda3std3__45tupleIJPKdEEEPhEEiNS5_3__411always_trueENSE_38__callable_permitting_copied_argumentsIN6detail16random_to_item_tIhEEEESC_JSA_EEEvT0_ibT1_T2_T3_DpNS2_10kernel_argIT4_EE
    0 bytes stack frame, 0 bytes spill stores, 0 bytes spill loads
ptxas info    : Used 12 registers, used 1 barriers
ptxas info    : Compile time = 7.156 ms
ptxas info    : Compiling entry function '_ZN3cub17_V_300500_SM_10006detail9transform16transform_kernelINS2_26policy_selector_from_typesILb0ELb1EN4cuda3std3__45tupleIJPKdEEEPbEElNS5_3__411always_trueENSE_38__callable_permitting_copied_argumentsIN6detail23random_to_probability_tEEESC_JSA_EEEvT0_ibT1_T2_T3_DpNS2_10kernel_argIT4_EE' for 'sm_100'
ptxas info    : Function properties for _ZN3cub17_V_300500_SM_10006detail9transform16transform_kernelINS2_26policy_selector_from_typesILb0ELb1EN4cuda3std3__45tupleIJPKdEEEPbEElNS5_3__411always_trueENSE_38__callable_permitting_copied_argumentsIN6detail23random_to_probability_tEEESC_JSA_EEEvT0_ibT1_T2_T3_DpNS2_10kernel_argIT4_EE
    0 bytes stack frame, 0 bytes spill stores, 0 bytes spill loads
ptxas info    : Used 13 registers, used 1 barriers
ptxas info    : Compile time = 7.211 ms
ptxas info    : Compiling entry function '_ZN3cub17_V_300500_SM_10006detail9transform16transform_kernelINS2_26policy_selector_from_typesILb0ELb1EN4cuda3std3__45tupleIJPKdEEEPbEEiNS5_3__411always_trueENSE_38__callable_permitting_copied_argumentsIN6detail23random_to_probability_tEEESC_JSA_EEEvT0_ibT1_T2_T3_DpNS2_10kernel_argIT4_EE' for 'sm_100'
ptxas info    : Function properties for _ZN3cub17_V_300500_SM_10006detail9transform16transform_kernelINS2_26policy_selector_from_typesILb0ELb1EN4cuda3std3__45tupleIJPKdEEEPbEEiNS5_3__411always_trueENSE_38__callable_permitting_copied_argumentsIN6detail23random_to_probability_tEEESC_JSA_EEEvT0_ibT1_T2_T3_DpNS2_10kernel_argIT4_EE
    0 bytes stack frame, 0 bytes spill stores, 0 bytes spill loads
ptxas info    : Used 13 registers, used 1 barriers
ptxas info    : Compile time = 7.183 ms
ptxas info    : Compiling entry function '_ZN3cub17_V_300500_SM_10006detail9transform16transform_kernelINS2_26policy_selector_from_typesILb0ELb1EN4cuda3std3__45tupleIJEEEPbEElNS5_3__411always_trueENS1_17__return_constantIbEESA_JEEEvT0_ibT1_T2_T3_DpNS2_10kernel_argIT4_EE' for 'sm_100'
ptxas info    : Function properties for _ZN3cub17_V_300500_SM_10006detail9transform16transform_kernelINS2_26policy_selector_from_typesILb0ELb1EN4cuda3std3__45tupleIJEEEPbEElNS5_3__411always_trueENS1_17__return_constantIbEESA_JEEEvT0_ibT1_T2_T3_DpNS2_10kernel_argIT4_EE
    0 bytes stack frame, 0 bytes spill stores, 0 bytes spill loads
ptxas info    : Used 24 registers, used 0 barriers
ptxas info    : Compile time = 8.209 ms
ptxas info    : Compiling entry function '_ZN3cub17_V_300500_SM_10006detail9transform16transform_kernelINS2_26policy_selector_from_typesILb0ELb1EN4cuda3std3__45tupleIJEEEPbEEiNS5_3__411always_trueENS1_17__return_constantIbEESA_JEEEvT0_ibT1_T2_T3_DpNS2_10kernel_argIT4_EE' for 'sm_100'
ptxas info    : Function properties for _ZN3cub17_V_300500_SM_10006detail9transform16transform_kernelINS2_26policy_selector_from_typesILb0ELb1EN4cuda3std3__45tupleIJEEEPbEEiNS5_3__411always_trueENS1_17__return_constantIbEESA_JEEEvT0_ibT1_T2_T3_DpNS2_10kernel_argIT4_EE
    0 bytes stack frame, 0 bytes spill stores, 0 bytes spill loads
ptxas info    : Used 22 registers, used 0 barriers
ptxas info    : Compile time = 6.527 ms
ptxas info    : Compiling entry function '_ZN3cub17_V_300500_SM_10006detail9transform16transform_kernelINS2_26policy_selector_from_typesILb0ELb1EN4cuda3std3__45tupleIJPmS9_EEES9_EElNS5_3__411always_trueENSC_38__callable_permitting_copied_argumentsIN6detail5and_tEEES9_JS9_S9_EEEvT0_ibT1_T2_T3_DpNS2_10kernel_argIT4_EE' for 'sm_100'
ptxas info    : Function properties for _ZN3cub17_V_300500_SM_10006detail9transform16transform_kernelINS2_26policy_selector_from_typesILb0ELb1EN4cuda3std3__45tupleIJPmS9_EEES9_EElNS5_3__411always_trueENSC_38__callable_permitting_copied_argumentsIN6detail5and_tEEES9_JS9_S9_EEEvT0_ibT1_T2_T3_DpNS2_10kernel_argIT4_EE
    0 bytes stack frame, 0 bytes spill stores, 0 bytes spill loads
ptxas info    : Used 12 registers, used 1 barriers
ptxas info    : Compile time = 9.851 ms
ptxas info    : Compiling entry function '_ZN3cub17_V_300500_SM_10006detail9transform16transform_kernelINS2_26policy_selector_from_typesILb0ELb1EN4cuda3std3__45tupleIJPmS9_EEES9_EEiNS5_3__411always_trueENSC_38__callable_permitting_copied_argumentsIN6detail5and_tEEES9_JS9_S9_EEEvT0_ibT1_T2_T3_DpNS2_10kernel_argIT4_EE' for 'sm_100'
ptxas info    : Function properties for _ZN3cub17_V_300500_SM_10006detail9transform16transform_kernelINS2_26policy_selector_from_typesILb0ELb1EN4cuda3std3__45tupleIJPmS9_EEES9_EEiNS5_3__411always_trueENSC_38__callable_permitting_copied_argumentsIN6detail5and_tEEES9_JS9_S9_EEEvT0_ibT1_T2_T3_DpNS2_10kernel_argIT4_EE
    0 bytes stack frame, 0 bytes spill stores, 0 bytes spill loads
ptxas info    : Used 12 registers, used 1 barriers
ptxas info    : Compile time = 8.954 ms
ptxas info    : Compiling entry function '_ZN3cub17_V_300500_SM_10006detail9transform16transform_kernelINS2_26policy_selector_from_typesILb0ELb1EN4cuda3std3__45tupleIJEEEPmEElNS5_3__411always_trueENS1_17__return_constantImEESA_JEEEvT0_ibT1_T2_T3_DpNS2_10kernel_argIT4_EE' for 'sm_100'
ptxas info    : Function properties for _ZN3cub17_V_300500_SM_10006detail9transform16transform_kernelINS2_26policy_selector_from_typesILb0ELb1EN4cuda3std3__45tupleIJEEEPmEElNS5_3__411always_trueENS1_17__return_constantImEESA_JEEEvT0_ibT1_T2_T3_DpNS2_10kernel_argIT4_EE
    0 bytes stack frame, 0 bytes spill stores, 0 bytes spill loads
ptxas info    : Used 32 registers, used 0 barriers
ptxas info    : Compile time = 7.550 ms
ptxas info    : Compiling entry function '_ZN3cub17_V_300500_SM_10006detail9transform16transform_kernelINS2_26policy_selector_from_typesILb0ELb1EN4cuda3std3__45tupleIJEEEPmEEiNS5_3__411always_trueENS1_17__return_constantImEESA_JEEEvT0_ibT1_T2_T3_DpNS2_10kernel_argIT4_EE' for 'sm_100'
ptxas info    : Function properties for _ZN3cub17_V_300500_SM_10006detail9transform16transform_kernelINS2_26policy_selector_from_typesILb0ELb1EN4cuda3std3__45tupleIJEEEPmEEiNS5_3__411always_trueENS1_17__return_constantImEESA_JEEEvT0_ibT1_T2_T3_DpNS2_10kernel_argIT4_EE
    0 bytes stack frame, 0 bytes spill stores, 0 bytes spill loads
ptxas info    : Used 30 registers, used 0 barriers
ptxas info    : Compile time = 6.154 ms
ptxas info    : Compiling entry function '_ZN3cub17_V_300500_SM_10006detail9transform16transform_kernelINS2_26policy_selector_from_typesILb0ELb1EN4cuda3std3__45tupleIJPKdEEEPmEElNS5_3__411always_trueENSE_38__callable_permitting_copied_argumentsIN6detail16random_to_item_tImEEEESC_JSA_EEEvT0_ibT1_T2_T3_DpNS2_10kernel_argIT4_EE' for 'sm_100'
ptxas info    : Function properties for _ZN3cub17_V_300500_SM_10006detail9transform16transform_kernelINS2_26policy_selector_from_typesILb0ELb1EN4cuda3std3__45tupleIJPKdEEEPmEElNS5_3__411always_trueENSE_38__callable_permitting_copied_argumentsIN6detail16random_to_item_tImEEEESC_JSA_EEEvT0_ibT1_T2_T3_DpNS2_10kernel_argIT4_EE
    0 bytes stack frame, 0 bytes spill stores, 0 bytes spill loads
ptxas info    : Used 12 registers, used 1 barriers
ptxas info    : Compile time = 7.400 ms
ptxas info    : Compiling entry function '_ZN3cub17_V_300500_SM_10006detail9transform16transform_kernelINS2_26policy_selector_from_typesILb0ELb1EN4cuda3std3__45tupleIJPKdEEEPmEEiNS5_3__411always_trueENSE_38__callable_permitting_copied_argumentsIN6detail16random_to_item_tImEEEESC_JSA_EEEvT0_ibT1_T2_T3_DpNS2_10kernel_argIT4_EE' for 'sm_100'
ptxas info    : Function properties for _ZN3cub17_V_300500_SM_10006detail9transform16transform_kernelINS2_26policy_selector_from_typesILb0ELb1EN4cuda3std3__45tupleIJPKdEEEPmEEiNS5_3__411always_trueENSE_38__callable_permitting_copied_argumentsIN6detail16random_to_item_tImEEEESC_JSA_EEEvT0_ibT1_T2_T3_DpNS2_10kernel_argIT4_EE
    0 bytes stack frame, 0 bytes spill stores, 0 bytes spill loads
ptxas info    : Used 12 registers, used 1 barriers
ptxas info    : Compile time = 6.979 ms
ptxas info    : Compiling entry function '_ZN3cub17_V_300500_SM_10006detail9transform16transform_kernelINS2_26policy_selector_from_typesILb0ELb1EN4cuda3std3__45tupleIJNS5_3__417counting_iteratorIlnLi0ELi0ELi0EEEEEEPmEElNS9_11always_trueENS9_38__callable_permitting_copied_argumentsIN6detail18lognormal_adjust_tImEEEESD_JSB_EEEvT0_ibT1_T2_T3_DpNS2_10kernel_argIT4_EE' for 'sm_100'
ptxas info    : Function properties for _ZN3cub17_V_300500_SM_10006detail9transform16transform_kernelINS2_26policy_selector_from_typesILb0ELb1EN4cuda3std3__45tupleIJNS5_3__417counting_iteratorIlnLi0ELi0ELi0EEEEEEPmEElNS9_11always_trueENS9_38__callable_permitting_copied_argumentsIN6detail18lognormal_adjust_tImEEEESD_JSB_EEEvT0_ibT1_T2_T3_DpNS2_10kernel_argIT4_EE
    0 bytes stack frame, 0 bytes spill stores, 0 bytes spill loads
ptxas info    : Used 32 registers, used 0 barriers
ptxas info    : Compile time = 16.880 ms
ptxas info    : Compiling entry function '_ZN3cub17_V_300500_SM_10006detail9transform16transform_kernelINS2_26policy_selector_from_typesILb0ELb1EN4cuda3std3__45tupleIJNS5_3__417counting_iteratorIlnLi0ELi0ELi0EEEEEEPmEEiNS9_11always_trueENS9_38__callable_permitting_copied_argumentsIN6detail18lognormal_adjust_tImEEEESD_JSB_EEEvT0_ibT1_T2_T3_DpNS2_10kernel_argIT4_EE' for 'sm_100'
ptxas info    : Function properties for _ZN3cub17_V_300500_SM_10006detail9transform16transform_kernelINS2_26policy_selector_from_typesILb0ELb1EN4cuda3std3__45tupleIJNS5_3__417counting_iteratorIlnLi0ELi0ELi0EEEEEEPmEEiNS9_11always_trueENS9_38__callable_permitting_copied_argumentsIN6detail18lognormal_adjust_tImEEEESD_JSB_EEEvT0_ibT1_T2_T3_DpNS2_10kernel_argIT4_EE
    0 bytes stack frame, 0 bytes spill stores, 0 bytes spill loads
ptxas info    : Used 32 registers, used 0 barriers
ptxas info    : Compile time = 14.058 ms
ptxas info    : Compiling entry function '_ZN3cub17_V_300500_SM_10006detail9transform16transform_kernelINS2_26policy_selector_from_typesILb0ELb1EN4cuda3std3__45tupleIJPKdEEEPmEElNS5_3__411always_trueENSE_38__callable_permitting_copied_argumentsIN6detail23lognormal_transformer_tImEEEESC_JSA_EEEvT0_ibT1_T2_T3_DpNS2_10kernel_argIT4_EE' for 'sm_100'
ptxas info    : Function properties for _ZN3cub17_V_300500_SM_10006detail9transform16transform_kernelINS2_26policy_selector_from_typesILb0ELb1EN4cuda3std3__45tupleIJPKdEEEPmEElNS5_3__411always_trueENSE_38__callable_permitting_copied_argumentsIN6detail23lognormal_transformer_tImEEEESC_JSA_EEEvT0_ibT1_T2_T3_DpNS2_10kernel_argIT4_EE
    0 bytes stack frame, 0 bytes spill stores, 0 bytes spill loads
ptxas info    : Used 30 registers, used 1 barriers
ptxas info    : Compile time = 13.115 ms
ptxas info    : Compiling entry function '_ZN3cub17_V_300500_SM_10006detail9transform16transform_kernelINS2_26policy_selector_from_typesILb0ELb1EN4cuda3std3__45tupleIJPKdEEEPmEEiNS5_3__411always_trueENSE_38__callable_permitting_copied_argumentsIN6detail23lognormal_transformer_tImEEEESC_JSA_EEEvT0_ibT1_T2_T3_DpNS2_10kernel_argIT4_EE' for 'sm_100'
ptxas info    : Function properties for _ZN3cub17_V_300500_SM_10006detail9transform16transform_kernelINS2_26policy_selector_from_typesILb0ELb1EN4cuda3std3__45tupleIJPKdEEEPmEEiNS5_3__411always_trueENSE_38__callable_permitting_copied_argumentsIN6detail23lognormal_transformer_tImEEEESC_JSA_EEEvT0_ibT1_T2_T3_DpNS2_10kernel_argIT4_EE
    0 bytes stack frame, 0 bytes spill stores, 0 bytes spill loads
ptxas info    : Used 30 registers, used 1 barriers
ptxas info    : Compile time = 12.557 ms
ptxas info    : Compiling entry function '_ZN3cub17_V_300500_SM_10006detail9transform16transform_kernelINS2_26policy_selector_from_typesILb0ELb1EN4cuda3std3__45tupleIJPlS9_EEES9_EElNS5_3__411always_trueENSC_38__callable_permitting_copied_argumentsIN6detail5and_tEEES9_JS9_S9_EEEvT0_ibT1_T2_T3_DpNS2_10kernel_argIT4_EE' for 'sm_100'
ptxas info    : Function properties for _ZN3cub17_V_300500_SM_10006detail9transform16transform_kernelINS2_26policy_selector_from_typesILb0ELb1EN4cuda3std3__45tupleIJPlS9_EEES9_EElNS5_3__411always_trueENSC_38__callable_permitting_copied_argumentsIN6detail5and_tEEES9_JS9_S9_EEEvT0_ibT1_T2_T3_DpNS2_10kernel_argIT4_EE
    0 bytes stack frame, 0 bytes spill stores, 0 bytes spill loads
ptxas info    : Used 12 registers, used 1 barriers
ptxas info    : Compile time = 9.354 ms
ptxas info    : Compiling entry function '_ZN3cub17_V_300500_SM_10006detail9transform16transform_kernelINS2_26policy_selector_from_typesILb0ELb1EN4cuda3std3__45tupleIJPlS9_EEES9_EEiNS5_3__411always_trueENSC_38__callable_permitting_copied_argumentsIN6detail5and_tEEES9_JS9_S9_EEEvT0_ibT1_T2_T3_DpNS2_10kernel_argIT4_EE' for 'sm_100'
ptxas info    : Function properties for _ZN3cub17_V_300500_SM_10006detail9transform16transform_kernelINS2_26policy_selector_from_typesILb0ELb1EN4cuda3std3__45tupleIJPlS9_EEES9_EEiNS5_3__411always_trueENSC_38__callable_permitting_copied_argumentsIN6detail5and_tEEES9_JS9_S9_EEEvT0_ibT1_T2_T3_DpNS2_10kernel_argIT4_EE
    0 bytes stack frame, 0 bytes spill stores, 0 bytes spill loads
ptxas info    : Used 12 registers, used 1 barriers
ptxas info    : Compile time = 8.947 ms
ptxas info    : Compiling entry function '_ZN3cub17_V_300500_SM_10006detail9transform16transform_kernelINS2_26policy_selector_from_typesILb0ELb1EN4cuda3std3__45tupleIJEEEPlEElNS5_3__411always_trueENS1_17__return_constantIlEESA_JEEEvT0_ibT1_T2_T3_DpNS2_10kernel_argIT4_EE' for 'sm_100'
ptxas info    : Function properties for _ZN3cub17_V_300500_SM_10006detail9transform16transform_kernelINS2_26policy_selector_from_typesILb0ELb1EN4cuda3std3__45tupleIJEEEPlEElNS5_3__411always_trueENS1_17__return_constantIlEESA_JEEEvT0_ibT1_T2_T3_DpNS2_10kernel_argIT4_EE
    0 bytes stack frame, 0 bytes spill stores, 0 bytes spill loads
ptxas info    : Used 32 registers, used 0 barriers
ptxas info    : Compile time = 7.545 ms
ptxas info    : Compiling entry function '_ZN3cub17_V_300500_SM_10006detail9transform16transform_kernelINS2_26policy_selector_from_typesILb0ELb1EN4cuda3std3__45tupleIJEEEPlEEiNS5_3__411always_trueENS1_17__return_constantIlEESA_JEEEvT0_ibT1_T2_T3_DpNS2_10kernel_argIT4_EE' for 'sm_100'
ptxas info    : Function properties for _ZN3cub17_V_300500_SM_10006detail9transform16transform_kernelINS2_26policy_selector_from_typesILb0ELb1EN4cuda3std3__45tupleIJEEEPlEEiNS5_3__411always_trueENS1_17__return_constantIlEESA_JEEEvT0_ibT1_T2_T3_DpNS2_10kernel_argIT4_EE
    0 bytes stack frame, 0 bytes spill stores, 0 bytes spill loads
ptxas info    : Used 30 registers, used 0 barriers
ptxas info    : Compile time = 6.133 ms
ptxas info    : Compiling entry function '_ZN3cub17_V_300500_SM_10006detail9transform16transform_kernelINS2_26policy_selector_from_typesILb0ELb1EN4cuda3std3__45tupleIJPKdEEEPlEElNS5_3__411always_trueENSE_38__callable_permitting_copied_argumentsIN6detail16random_to_item_tIlEEEESC_JSA_EEEvT0_ibT1_T2_T3_DpNS2_10kernel_argIT4_EE' for 'sm_100'
ptxas info    : Function properties for _ZN3cub17_V_300500_SM_10006detail9transform16transform_kernelINS2_26policy_selector_from_typesILb0ELb1EN4cuda3std3__45tupleIJPKdEEEPlEElNS5_3__411always_trueENSE_38__callable_permitting_copied_argumentsIN6detail16random_to_item_tIlEEEESC_JSA_EEEvT0_ibT1_T2_T3_DpNS2_10kernel_argIT4_EE
    0 bytes stack frame, 0 bytes spill stores, 0 bytes spill loads
ptxas info    : Used 12 registers, used 1 barriers
ptxas info    : Compile time = 7.420 ms
ptxas info    : Compiling entry function '_ZN3cub17_V_300500_SM_10006detail9transform16transform_kernelINS2_26policy_selector_from_typesILb0ELb1EN4cuda3std3__45tupleIJPKdEEEPlEEiNS5_3__411always_trueENSE_38__callable_permitting_copied_argumentsIN6detail16random_to_item_tIlEEEESC_JSA_EEEvT0_ibT1_T2_T3_DpNS2_10kernel_argIT4_EE' for 'sm_100'
ptxas info    : Function properties for _ZN3cub17_V_300500_SM_10006detail9transform16transform_kernelINS2_26policy_selector_from_typesILb0ELb1EN4cuda3std3__45tupleIJPKdEEEPlEEiNS5_3__411always_trueENSE_38__callable_permitting_copied_argumentsIN6detail16random_to_item_tIlEEEESC_JSA_EEEvT0_ibT1_T2_T3_DpNS2_10kernel_argIT4_EE
    0 bytes stack frame, 0 bytes spill stores, 0 bytes spill loads
ptxas info    : Used 12 registers, used 1 barriers
ptxas info    : Compile time = 6.979 ms
ptxas info    : Compiling entry function '_ZN3cub17_V_300500_SM_10006detail9transform16transform_kernelINS2_26policy_selector_from_typesILb0ELb1EN4cuda3std3__45tupleIJNS5_3__417counting_iteratorIlnLi0ELi0ELi0EEEEEEPlEElNS9_11always_trueENS9_38__callable_permitting_copied_argumentsIN6detail18lognormal_adjust_tIlEEEESD_JSB_EEEvT0_ibT1_T2_T3_DpNS2_10kernel_argIT4_EE' for 'sm_100'
ptxas info    : Function properties for _ZN3cub17_V_300500_SM_10006detail9transform16transform_kernelINS2_26policy_selector_from_typesILb0ELb1EN4cuda3std3__45tupleIJNS5_3__417counting_iteratorIlnLi0ELi0ELi0EEEEEEPlEElNS9_11always_trueENS9_38__callable_permitting_copied_argumentsIN6detail18lognormal_adjust_tIlEEEESD_JSB_EEEvT0_ibT1_T2_T3_DpNS2_10kernel_argIT4_EE
    0 bytes stack frame, 0 bytes spill stores, 0 bytes spill loads
ptxas info    : Used 32 registers, used 0 barriers
ptxas info    : Compile time = 17.459 ms
ptxas info    : Compiling entry function '_ZN3cub17_V_300500_SM_10006detail9transform16transform_kernelINS2_26policy_selector_from_typesILb0ELb1EN4cuda3std3__45tupleIJNS5_3__417counting_iteratorIlnLi0ELi0ELi0EEEEEEPlEEiNS9_11always_trueENS9_38__callable_permitting_copied_argumentsIN6detail18lognormal_adjust_tIlEEEESD_JSB_EEEvT0_ibT1_T2_T3_DpNS2_10kernel_argIT4_EE' for 'sm_100'
ptxas info    : Function properties for _ZN3cub17_V_300500_SM_10006detail9transform16transform_kernelINS2_26policy_selector_from_typesILb0ELb1EN4cuda3std3__45tupleIJNS5_3__417counting_iteratorIlnLi0ELi0ELi0EEEEEEPlEEiNS9_11always_trueENS9_38__callable_permitting_copied_argumentsIN6detail18lognormal_adjust_tIlEEEESD_JSB_EEEvT0_ibT1_T2_T3_DpNS2_10kernel_argIT4_EE
    0 bytes stack frame, 0 bytes spill stores, 0 bytes spill loads
ptxas info    : Used 32 registers, used 0 barriers
ptxas info    : Compile time = 14.038 ms
ptxas info    : Compiling entry function '_ZN3cub17_V_300500_SM_10006detail9transform16transform_kernelINS2_26policy_selector_from_typesILb0ELb1EN4cuda3std3__45tupleIJPKdEEEPlEElNS5_3__411always_trueENSE_38__callable_permitting_copied_argumentsIN6detail23lognormal_transformer_tIlEEEESC_JSA_EEEvT0_ibT1_T2_T3_DpNS2_10kernel_argIT4_EE' for 'sm_100'
ptxas info    : Function properties for _ZN3cub17_V_300500_SM_10006detail9transform16transform_kernelINS2_26policy_selector_from_typesILb0ELb1EN4cuda3std3__45tupleIJPKdEEEPlEElNS5_3__411always_trueENSE_38__callable_permitting_copied_argumentsIN6detail23lognormal_transformer_tIlEEEESC_JSA_EEEvT0_ibT1_T2_T3_DpNS2_10kernel_argIT4_EE
    0 bytes stack frame, 0 bytes spill stores, 0 bytes spill loads
ptxas info    : Used 30 registers, used 1 barriers
ptxas info    : Compile time = 13.082 ms
ptxas info    : Compiling entry function '_ZN3cub17_V_300500_SM_10006detail9transform16transform_kernelINS2_26policy_selector_from_typesILb0ELb1EN4cuda3std3__45tupleIJPKdEEEPlEEiNS5_3__411always_trueENSE_38__callable_permitting_copied_argumentsIN6detail23lognormal_transformer_tIlEEEESC_JSA_EEEvT0_ibT1_T2_T3_DpNS2_10kernel_argIT4_EE' for 'sm_100'
ptxas info    : Function properties for _ZN3cub17_V_300500_SM_10006detail9transform16transform_kernelINS2_26policy_selector_from_typesILb0ELb1EN4cuda3std3__45tupleIJPKdEEEPlEEiNS5_3__411always_trueENSE_38__callable_permitting_copied_argumentsIN6detail23lognormal_transformer_tIlEEEESC_JSA_EEEvT0_ibT1_T2_T3_DpNS2_10kernel_argIT4_EE
    0 bytes stack frame, 0 bytes spill stores, 0 bytes spill loads
ptxas info    : Used 30 registers, used 1 barriers
ptxas info    : Compile time = 12.646 ms
ptxas info    : Compiling entry function '_ZN3cub17_V_300500_SM_10006detail9transform16transform_kernelINS2_26policy_selector_from_typesILb0ELb1EN4cuda3std3__45tupleIJPjS9_EEES9_EElNS5_3__411always_trueENSC_38__callable_permitting_copied_argumentsIN6detail5and_tEEES9_JS9_S9_EEEvT0_ibT1_T2_T3_DpNS2_10kernel_argIT4_EE' for 'sm_100'
ptxas info    : Function properties for _ZN3cub17_V_300500_SM_10006detail9transform16transform_kernelINS2_26policy_selector_from_typesILb0ELb1EN4cuda3std3__45tupleIJPjS9_EEES9_EElNS5_3__411always_trueENSC_38__callable_permitting_copied_argumentsIN6detail5and_tEEES9_JS9_S9_EEEvT0_ibT1_T2_T3_DpNS2_10kernel_argIT4_EE
    0 bytes stack frame, 0 bytes spill stores, 0 bytes spill loads
ptxas info    : Used 12 registers, used 1 barriers
ptxas info    : Compile time = 9.308 ms
ptxas info    : Compiling entry function '_ZN3cub17_V_300500_SM_10006detail9transform16transform_kernelINS2_26policy_selector_from_typesILb0ELb1EN4cuda3std3__45tupleIJPjS9_EEES9_EEiNS5_3__411always_trueENSC_38__callable_permitting_copied_argumentsIN6detail5and_tEEES9_JS9_S9_EEEvT0_ibT1_T2_T3_DpNS2_10kernel_argIT4_EE' for 'sm_100'
ptxas info    : Function properties for _ZN3cub17_V_300500_SM_10006detail9transform16transform_kernelINS2_26policy_selector_from_typesILb0ELb1EN4cuda3std3__45tupleIJPjS9_EEES9_EEiNS5_3__411always_trueENSC_38__callable_permitting_copied_argumentsIN6detail5and_tEEES9_JS9_S9_EEEvT0_ibT1_T2_T3_DpNS2_10kernel_argIT4_EE
    0 bytes stack frame, 0 bytes spill stores, 0 bytes spill loads
ptxas info    : Used 12 registers, used 1 barriers
ptxas info    : Compile time = 8.859 ms
ptxas info    : Compiling entry function '_ZN3cub17_V_300500_SM_10006detail9transform16transform_kernelINS2_26policy_selector_from_typesILb0ELb1EN4cuda3std3__45tupleIJEEEPjEElNS5_3__411always_trueENS1_17__return_constantIjEESA_JEEEvT0_ibT1_T2_T3_DpNS2_10kernel_argIT4_EE' for 'sm_100'
ptxas info    : Function properties for _ZN3cub17_V_300500_SM_10006detail9transform16transform_kernelINS2_26policy_selector_from_typesILb0ELb1EN4cuda3std3__45tupleIJEEEPjEElNS5_3__411always_trueENS1_17__return_constantIjEESA_JEEEvT0_ibT1_T2_T3_DpNS2_10kernel_argIT4_EE
    0 bytes stack frame, 0 bytes spill stores, 0 bytes spill loads
ptxas info    : Used 32 registers, used 0 barriers
ptxas info    : Compile time = 7.675 ms
ptxas info    : Compiling entry function '_ZN3cub17_V_300500_SM_10006detail9transform16transform_kernelINS2_26policy_selector_from_typesILb0ELb1EN4cuda3std3__45tupleIJEEEPjEEiNS5_3__411always_trueENS1_17__return_constantIjEESA_JEEEvT0_ibT1_T2_T3_DpNS2_10kernel_argIT4_EE' for 'sm_100'
ptxas info    : Function properties for _ZN3cub17_V_300500_SM_10006detail9transform16transform_kernelINS2_26policy_selector_from_typesILb0ELb1EN4cuda3std3__45tupleIJEEEPjEEiNS5_3__411always_trueENS1_17__return_constantIjEESA_JEEEvT0_ibT1_T2_T3_DpNS2_10kernel_argIT4_EE
    0 bytes stack frame, 0 bytes spill stores, 0 bytes spill loads
ptxas info    : Used 32 registers, used 0 barriers
ptxas info    : Compile time = 6.299 ms
ptxas info    : Compiling entry function '_ZN3cub17_V_300500_SM_10006detail9transform16transform_kernelINS2_26policy_selector_from_typesILb0ELb1EN4cuda3std3__45tupleIJPKdEEEPjEElNS5_3__411always_trueENSE_38__callable_permitting_copied_argumentsIN6detail16random_to_item_tIjEEEESC_JSA_EEEvT0_ibT1_T2_T3_DpNS2_10kernel_argIT4_EE' for 'sm_100'
ptxas info    : Function properties for _ZN3cub17_V_300500_SM_10006detail9transform16transform_kernelINS2_26policy_selector_from_typesILb0ELb1EN4cuda3std3__45tupleIJPKdEEEPjEElNS5_3__411always_trueENSE_38__callable_permitting_copied_argumentsIN6detail16random_to_item_tIjEEEESC_JSA_EEEvT0_ibT1_T2_T3_DpNS2_10kernel_argIT4_EE
    0 bytes stack frame, 0 bytes spill stores, 0 bytes spill loads
ptxas info    : Used 12 registers, used 1 barriers
ptxas info    : Compile time = 7.410 ms
ptxas info    : Compiling entry function '_ZN3cub17_V_300500_SM_10006detail9transform16transform_kernelINS2_26policy_selector_from_typesILb0ELb1EN4cuda3std3__45tupleIJPKdEEEPjEEiNS5_3__411always_trueENSE_38__callable_permitting_copied_argumentsIN6detail16random_to_item_tIjEEEESC_JSA_EEEvT0_ibT1_T2_T3_DpNS2_10kernel_argIT4_EE' for 'sm_100'
ptxas info    : Function properties for _ZN3cub17_V_300500_SM_10006detail9transform16transform_kernelINS2_26policy_selector_from_typesILb0ELb1EN4cuda3std3__45tupleIJPKdEEEPjEEiNS5_3__411always_trueENSE_38__callable_permitting_copied_argumentsIN6detail16random_to_item_tIjEEEESC_JSA_EEEvT0_ibT1_T2_T3_DpNS2_10kernel_argIT4_EE
    0 bytes stack frame, 0 bytes spill stores, 0 bytes spill loads
ptxas info    : Used 12 registers, used 1 barriers
ptxas info    : Compile time = 7.003 ms
ptxas info    : Compiling entry function '_ZN3cub17_V_300500_SM_10006detail9transform16transform_kernelINS2_26policy_selector_from_typesILb0ELb1EN4cuda3std3__45tupleIJNS5_3__417counting_iteratorIlnLi0ELi0ELi0EEEEEEPjEElNS9_11always_trueENS9_38__callable_permitting_copied_argumentsIN6detail18lognormal_adjust_tIjEEEESD_JSB_EEEvT0_ibT1_T2_T3_DpNS2_10kernel_argIT4_EE' for 'sm_100'
ptxas info    : Function properties for _ZN3cub17_V_300500_SM_10006detail9transform16transform_kernelINS2_26policy_selector_from_typesILb0ELb1EN4cuda3std3__45tupleIJNS5_3__417counting_iteratorIlnLi0ELi0ELi0EEEEEEPjEElNS9_11always_trueENS9_38__callable_permitting_copied_argumentsIN6detail18lognormal_adjust_tIjEEEESD_JSB_EEEvT0_ibT1_T2_T3_DpNS2_10kernel_argIT4_EE
    0 bytes stack frame, 0 bytes spill stores, 0 bytes spill loads
ptxas info    : Used 30 registers, used 0 barriers
ptxas info    : Compile time = 17.145 ms
ptxas info    : Compiling entry function '_ZN3cub17_V_300500_SM_10006detail9transform16transform_kernelINS2_26policy_selector_from_typesILb0ELb1EN4cuda3std3__45tupleIJNS5_3__417counting_iteratorIlnLi0ELi0ELi0EEEEEEPjEEiNS9_11always_trueENS9_38__callable_permitting_copied_argumentsIN6detail18lognormal_adjust_tIjEEEESD_JSB_EEEvT0_ibT1_T2_T3_DpNS2_10kernel_argIT4_EE' for 'sm_100'
ptxas info    : Function properties for _ZN3cub17_V_300500_SM_10006detail9transform16transform_kernelINS2_26policy_selector_from_typesILb0ELb1EN4cuda3std3__45tupleIJNS5_3__417counting_iteratorIlnLi0ELi0ELi0EEEEEEPjEEiNS9_11always_trueENS9_38__callable_permitting_copied_argumentsIN6detail18lognormal_adjust_tIjEEEESD_JSB_EEEvT0_ibT1_T2_T3_DpNS2_10kernel_argIT4_EE
    0 bytes stack frame, 0 bytes spill stores, 0 bytes spill loads
ptxas info    : Used 30 registers, used 0 barriers
ptxas info    : Compile time = 14.624 ms
ptxas info    : Compiling entry function '_ZN3cub17_V_300500_SM_10006detail9transform16transform_kernelINS2_26policy_selector_from_typesILb0ELb1EN4cuda3std3__45tupleIJPKdEEEPjEElNS5_3__411always_trueENSE_38__callable_permitting_copied_argumentsIN6detail23lognormal_transformer_tIjEEEESC_JSA_EEEvT0_ibT1_T2_T3_DpNS2_10kernel_argIT4_EE' for 'sm_100'
ptxas info    : Function properties for _ZN3cub17_V_300500_SM_10006detail9transform16transform_kernelINS2_26policy_selector_from_typesILb0ELb1EN4cuda3std3__45tupleIJPKdEEEPjEElNS5_3__411always_trueENSE_38__callable_permitting_copied_argumentsIN6detail23lognormal_transformer_tIjEEEESC_JSA_EEEvT0_ibT1_T2_T3_DpNS2_10kernel_argIT4_EE
    0 bytes stack frame, 0 bytes spill stores, 0 bytes spill loads
ptxas info    : Used 30 registers, used 1 barriers
ptxas info    : Compile time = 13.104 ms
ptxas info    : Compiling entry function '_ZN3cub17_V_300500_SM_10006detail9transform16transform_kernelINS2_26policy_selector_from_typesILb0ELb1EN4cuda3std3__45tupleIJPKdEEEPjEEiNS5_3__411always_trueENSE_38__callable_permitting_copied_argumentsIN6detail23lognormal_transformer_tIjEEEESC_JSA_EEEvT0_ibT1_T2_T3_DpNS2_10kernel_argIT4_EE' for 'sm_100'
ptxas info    : Function properties for _ZN3cub17_V_300500_SM_10006detail9transform16transform_kernelINS2_26policy_selector_from_typesILb0ELb1EN4cuda3std3__45tupleIJPKdEEEPjEEiNS5_3__411always_trueENSE_38__callable_permitting_copied_argumentsIN6detail23lognormal_transformer_tIjEEEESC_JSA_EEEvT0_ibT1_T2_T3_DpNS2_10kernel_argIT4_EE
    0 bytes stack frame, 0 bytes spill stores, 0 bytes spill loads
ptxas info    : Used 30 registers, used 1 barriers
ptxas info    : Compile time = 12.785 ms
ptxas info    : Compiling entry function '_ZN3cub17_V_300500_SM_10006detail9transform16transform_kernelINS2_26policy_selector_from_typesILb0ELb1EN4cuda3std3__45tupleIJPiS9_EEES9_EElNS5_3__411always_trueENSC_38__callable_permitting_copied_argumentsIN6detail5and_tEEES9_JS9_S9_EEEvT0_ibT1_T2_T3_DpNS2_10kernel_argIT4_EE' for 'sm_100'
ptxas info    : Function properties for _ZN3cub17_V_300500_SM_10006detail9transform16transform_kernelINS2_26policy_selector_from_typesILb0ELb1EN4cuda3std3__45tupleIJPiS9_EEES9_EElNS5_3__411always_trueENSC_38__callable_permitting_copied_argumentsIN6detail5and_tEEES9_JS9_S9_EEEvT0_ibT1_T2_T3_DpNS2_10kernel_argIT4_EE
    0 bytes stack frame, 0 bytes spill stores, 0 bytes spill loads
ptxas info    : Used 12 registers, used 1 barriers
ptxas info    : Compile time = 9.287 ms
ptxas info    : Compiling entry function '_ZN3cub17_V_300500_SM_10006detail9transform16transform_kernelINS2_26policy_selector_from_typesILb0ELb1EN4cuda3std3__45tupleIJPiS9_EEES9_EEiNS5_3__411always_trueENSC_38__callable_permitting_copied_argumentsIN6detail5and_tEEES9_JS9_S9_EEEvT0_ibT1_T2_T3_DpNS2_10kernel_argIT4_EE' for 'sm_100'
ptxas info    : Function properties for _ZN3cub17_V_300500_SM_10006detail9transform16transform_kernelINS2_26policy_selector_from_typesILb0ELb1EN4cuda3std3__45tupleIJPiS9_EEES9_EEiNS5_3__411always_trueENSC_38__callable_permitting_copied_argumentsIN6detail5and_tEEES9_JS9_S9_EEEvT0_ibT1_T2_T3_DpNS2_10kernel_argIT4_EE
    0 bytes stack frame, 0 bytes spill stores, 0 bytes spill loads
ptxas info    : Used 12 registers, used 1 barriers
ptxas info    : Compile time = 9.025 ms
ptxas info    : Compiling entry function '_ZN3cub17_V_300500_SM_10006detail9transform16transform_kernelINS2_26policy_selector_from_typesILb0ELb1EN4cuda3std3__45tupleIJEEEPiEElNS5_3__411always_trueENS1_17__return_constantIiEESA_JEEEvT0_ibT1_T2_T3_DpNS2_10kernel_argIT4_EE' for 'sm_100'
ptxas info    : Function properties for _ZN3cub17_V_300500_SM_10006detail9transform16transform_kernelINS2_26policy_selector_from_typesILb0ELb1EN4cuda3std3__45tupleIJEEEPiEElNS5_3__411always_trueENS1_17__return_constantIiEESA_JEEEvT0_ibT1_T2_T3_DpNS2_10kernel_argIT4_EE
    0 bytes stack frame, 0 bytes spill stores, 0 bytes spill loads
ptxas info    : Used 32 registers, used 0 barriers
ptxas info    : Compile time = 7.654 ms
ptxas info    : Compiling entry function '_ZN3cub17_V_300500_SM_10006detail9transform16transform_kernelINS2_26policy_selector_from_typesILb0ELb1EN4cuda3std3__45tupleIJEEEPiEEiNS5_3__411always_trueENS1_17__return_constantIiEESA_JEEEvT0_ibT1_T2_T3_DpNS2_10kernel_argIT4_EE' for 'sm_100'
ptxas info    : Function properties for _ZN3cub17_V_300500_SM_10006detail9transform16transform_kernelINS2_26policy_selector_from_typesILb0ELb1EN4cuda3std3__45tupleIJEEEPiEEiNS5_3__411always_trueENS1_17__return_constantIiEESA_JEEEvT0_ibT1_T2_T3_DpNS2_10kernel_argIT4_EE
    0 bytes stack frame, 0 bytes spill stores, 0 bytes spill loads
ptxas info    : Used 32 registers, used 0 barriers
ptxas info    : Compile time = 6.303 ms
ptxas info    : Compiling entry function '_ZN3cub17_V_300500_SM_10006detail9transform16transform_kernelINS2_26policy_selector_from_typesILb0ELb1EN4cuda3std3__45tupleIJPKdEEEPiEElNS5_3__411always_trueENSE_38__callable_permitting_copied_argumentsIN6detail16random_to_item_tIiEEEESC_JSA_EEEvT0_ibT1_T2_T3_DpNS2_10kernel_argIT4_EE' for 'sm_100'
ptxas info    : Function properties for _ZN3cub17_V_300500_SM_10006detail9transform16transform_kernelINS2_26policy_selector_from_typesILb0ELb1EN4cuda3std3__45tupleIJPKdEEEPiEElNS5_3__411always_trueENSE_38__callable_permitting_copied_argumentsIN6detail16random_to_item_tIiEEEESC_JSA_EEEvT0_ibT1_T2_T3_DpNS2_10kernel_argIT4_EE
    0 bytes stack frame, 0 bytes spill stores, 0 bytes spill loads
ptxas info    : Used 12 registers, used 1 barriers
ptxas info    : Compile time = 7.446 ms
ptxas info    : Compiling entry function '_ZN3cub17_V_300500_SM_10006detail9transform16transform_kernelINS2_26policy_selector_from_typesILb0ELb1EN4cuda3std3__45tupleIJPKdEEEPiEEiNS5_3__411always_trueENSE_38__callable_permitting_copied_argumentsIN6detail16random_to_item_tIiEEEESC_JSA_EEEvT0_ibT1_T2_T3_DpNS2_10kernel_argIT4_EE' for 'sm_100'
ptxas info    : Function properties for _ZN3cub17_V_300500_SM_10006detail9transform16transform_kernelINS2_26policy_selector_from_typesILb0ELb1EN4cuda3std3__45tupleIJPKdEEEPiEEiNS5_3__411always_trueENSE_38__callable_permitting_copied_argumentsIN6detail16random_to_item_tIiEEEESC_JSA_EEEvT0_ibT1_T2_T3_DpNS2_10kernel_argIT4_EE
    0 bytes stack frame, 0 bytes spill stores, 0 bytes spill loads
ptxas info    : Used 12 registers, used 1 barriers
ptxas info    : Compile time = 7.007 ms
ptxas info    : Compiling entry function '_ZN3cub17_V_300500_SM_10006detail9transform16transform_kernelINS2_26policy_selector_from_typesILb0ELb1EN4cuda3std3__45tupleIJNS5_3__417counting_iteratorIlnLi0ELi0ELi0EEEEEEPiEElNS9_11always_trueENS9_38__callable_permitting_copied_argumentsIN6detail18lognormal_adjust_tIiEEEESD_JSB_EEEvT0_ibT1_T2_T3_DpNS2_10kernel_argIT4_EE' for 'sm_100'
ptxas info    : Function properties for _ZN3cub17_V_300500_SM_10006detail9transform16transform_kernelINS2_26policy_selector_from_typesILb0ELb1EN4cuda3std3__45tupleIJNS5_3__417counting_iteratorIlnLi0ELi0ELi0EEEEEEPiEElNS9_11always_trueENS9_38__callable_permitting_copied_argumentsIN6detail18lognormal_adjust_tIiEEEESD_JSB_EEEvT0_ibT1_T2_T3_DpNS2_10kernel_argIT4_EE
    0 bytes stack frame, 0 bytes spill stores, 0 bytes spill loads
ptxas info    : Used 30 registers, used 0 barriers
ptxas info    : Compile time = 17.101 ms
ptxas info    : Compiling entry function '_ZN3cub17_V_300500_SM_10006detail9transform16transform_kernelINS2_26policy_selector_from_typesILb0ELb1EN4cuda3std3__45tupleIJNS5_3__417counting_iteratorIlnLi0ELi0ELi0EEEEEEPiEEiNS9_11always_trueENS9_38__callable_permitting_copied_argumentsIN6detail18lognormal_adjust_tIiEEEESD_JSB_EEEvT0_ibT1_T2_T3_DpNS2_10kernel_argIT4_EE' for 'sm_100'
ptxas info    : Function properties for _ZN3cub17_V_300500_SM_10006detail9transform16transform_kernelINS2_26policy_selector_from_typesILb0ELb1EN4cuda3std3__45tupleIJNS5_3__417counting_iteratorIlnLi0ELi0ELi0EEEEEEPiEEiNS9_11always_trueENS9_38__callable_permitting_copied_argumentsIN6detail18lognormal_adjust_tIiEEEESD_JSB_EEEvT0_ibT1_T2_T3_DpNS2_10kernel_argIT4_EE
    0 bytes stack frame, 0 bytes spill stores, 0 bytes spill loads
ptxas info    : Used 30 registers, used 0 barriers
ptxas info    : Compile time = 14.844 ms
ptxas info    : Compiling entry function '_ZN3cub17_V_300500_SM_10006detail9transform16transform_kernelINS2_26policy_selector_from_typesILb0ELb1EN4cuda3std3__45tupleIJPKdEEEPiEElNS5_3__411always_trueENSE_38__callable_permitting_copied_argumentsIN6detail23lognormal_transformer_tIiEEEESC_JSA_EEEvT0_ibT1_T2_T3_DpNS2_10kernel_argIT4_EE' for 'sm_100'
ptxas info    : Function properties for _ZN3cub17_V_300500_SM_10006detail9transform16transform_kernelINS2_26policy_selector_from_typesILb0ELb1EN4cuda3std3__45tupleIJPKdEEEPiEElNS5_3__411always_trueENSE_38__callable_permitting_copied_argumentsIN6detail23lognormal_transformer_tIiEEEESC_JSA_EEEvT0_ibT1_T2_T3_DpNS2_10kernel_argIT4_EE
    0 bytes stack frame, 0 bytes spill stores, 0 bytes spill loads
ptxas info    : Used 30 registers, used 1 barriers
ptxas info    : Compile time = 13.074 ms
ptxas info    : Compiling entry function '_ZN3cub17_V_300500_SM_10006detail9transform16transform_kernelINS2_26policy_selector_from_typesILb0ELb1EN4cuda3std3__45tupleIJPKdEEEPiEEiNS5_3__411always_trueENSE_38__callable_permitting_copied_argumentsIN6detail23lognormal_transformer_tIiEEEESC_JSA_EEEvT0_ibT1_T2_T3_DpNS2_10kernel_argIT4_EE' for 'sm_100'
ptxas info    : Function properties for _ZN3cub17_V_300500_SM_10006detail9transform16transform_kernelINS2_26policy_selector_from_typesILb0ELb1EN4cuda3std3__45tupleIJPKdEEEPiEEiNS5_3__411always_trueENSE_38__callable_permitting_copied_argumentsIN6detail23lognormal_transformer_tIiEEEESC_JSA_EEEvT0_ibT1_T2_T3_DpNS2_10kernel_argIT4_EE
    0 bytes stack frame, 0 bytes spill stores, 0 bytes spill loads
ptxas info    : Used 30 registers, used 1 barriers
ptxas info    : Compile time = 12.594 ms
ptxas info    : Compiling entry function '_ZN3cub17_V_300500_SM_10006detail9transform16transform_kernelINS2_26policy_selector_from_typesILb0ELb1EN4cuda3std3__45tupleIJEEEPdEElNS5_3__411always_trueENS1_17__return_constantIdEESA_JEEEvT0_ibT1_T2_T3_DpNS2_10kernel_argIT4_EE' for 'sm_100'
ptxas info    : Function properties for _ZN3cub17_V_300500_SM_10006detail9transform16transform_kernelINS2_26policy_selector_from_typesILb0ELb1EN4cuda3std3__45tupleIJEEEPdEElNS5_3__411always_trueENS1_17__return_constantIdEESA_JEEEvT0_ibT1_T2_T3_DpNS2_10kernel_argIT4_EE
    0 bytes stack frame, 0 bytes spill stores, 0 bytes spill loads
ptxas info    : Used 32 registers, used 0 barriers
ptxas info    : Compile time = 7.444 ms
ptxas info    : Compiling entry function '_ZN3cub17_V_300500_SM_10006detail9transform16transform_kernelINS2_26policy_selector_from_typesILb0ELb1EN4cuda3std3__45tupleIJEEEPdEEiNS5_3__411always_trueENS1_17__return_constantIdEESA_JEEEvT0_ibT1_T2_T3_DpNS2_10kernel_argIT4_EE' for 'sm_100'
ptxas info    : Function properties for _ZN3cub17_V_300500_SM_10006detail9transform16transform_kernelINS2_26policy_selector_from_typesILb0ELb1EN4cuda3std3__45tupleIJEEEPdEEiNS5_3__411always_trueENS1_17__return_constantIdEESA_JEEEvT0_ibT1_T2_T3_DpNS2_10kernel_argIT4_EE
    0 bytes stack frame, 0 bytes spill stores, 0 bytes spill loads
ptxas info    : Used 30 registers, used 0 barriers
ptxas info    : Compile time = 6.158 ms
ptxas info    : Compiling entry function '_ZN3cub17_V_300500_SM_10006detail8for_each13static_kernelINS2_15policy_selectorEmNS0_9DeviceFor14__op_wrapper_tImN6thrust17_V_300500_SM_10006detail24construct1_via_allocatorINS8_16device_allocatorIN4cuda3std3__47complexIdEEEEEENS8_10device_ptrISG_EEEEEEvT0_T1_' for 'sm_100'
ptxas info    : Function properties for _ZN3cub17_V_300500_SM_10006detail8for_each13static_kernelINS2_15policy_selectorEmNS0_9DeviceFor14__op_wrapper_tImN6thrust17_V_300500_SM_10006detail24construct1_via_allocatorINS8_16device_allocatorIN4cuda3std3__47complexIdEEEEEENS8_10device_ptrISG_EEEEEEvT0_T1_
    0 bytes stack frame, 0 bytes spill stores, 0 bytes spill loads
ptxas info    : Used 7 registers, used 0 barriers
ptxas info    : Compile time = 1.717 ms
ptxas info    : Compiling entry function '_ZN3cub17_V_300500_SM_10006detail8for_each13static_kernelINS2_15policy_selectorEmNS0_9DeviceFor14__op_wrapper_tImN6detail10set_imag_tIdEEN6thrust17_V_300500_SM_100017counting_iteratorImNSB_11use_defaultESD_SD_NSB_20__compile_time_valueILi1EEEEEEEEEvT0_T1_' for 'sm_100'
ptxas info    : Function properties for _ZN3cub17_V_300500_SM_10006detail8for_each13static_kernelINS2_15policy_selectorEmNS0_9DeviceFor14__op_wrapper_tImN6detail10set_imag_tIdEEN6thrust17_V_300500_SM_100017counting_iteratorImNSB_11use_defaultESD_SD_NSB_20__compile_time_valueILi1EEEEEEEEEvT0_T1_
    0 bytes stack frame, 0 bytes spill stores, 0 bytes spill loads
ptxas info    : Used 18 registers, used 0 barriers
ptxas info    : Compile time = 2.752 ms
ptxas info    : Compiling entry function '_ZN3cub17_V_300500_SM_10006detail8for_each13static_kernelINS2_15policy_selectorEmNS0_9DeviceFor14__op_wrapper_tImN6detail10set_real_tIdEEN6thrust17_V_300500_SM_100017counting_iteratorImNSB_11use_defaultESD_SD_NSB_20__compile_time_valueILi1EEEEEEEEEvT0_T1_' for 'sm_100'
ptxas info    : Function properties for _ZN3cub17_V_300500_SM_10006detail8for_each13static_kernelINS2_15policy_selectorEmNS0_9DeviceFor14__op_wrapper_tImN6detail10set_real_tIdEEN6thrust17_V_300500_SM_100017counting_iteratorImNSB_11use_defaultESD_SD_NSB_20__compile_time_valueILi1EEEEEEEEEvT0_T1_
    0 bytes stack frame, 0 bytes spill stores, 0 bytes spill loads
ptxas info    : Used 18 registers, used 0 barriers
ptxas info    : Compile time = 2.739 ms
ptxas info    : Compiling entry function '_ZN3cub17_V_300500_SM_10006detail8for_each13static_kernelINS2_15policy_selectorEmNS0_9DeviceFor14__op_wrapper_tImN6thrust17_V_300500_SM_10006detail24construct1_via_allocatorINS8_16device_allocatorIN4cuda3std3__47complexIfEEEEEENS8_10device_ptrISG_EEEEEEvT0_T1_' for 'sm_100'
ptxas info    : Function properties for _ZN3cub17_V_300500_SM_10006detail8for_each13static_kernelINS2_15policy_selectorEmNS0_9DeviceFor14__op_wrapper_tImN6thrust17_V_300500_SM_10006detail24construct1_via_allocatorINS8_16device_allocatorIN4cuda3std3__47complexIfEEEEEENS8_10device_ptrISG_EEEEEEvT0_T1_
    0 bytes stack frame, 0 bytes spill stores, 0 bytes spill loads
ptxas info    : Used 7 registers, used 0 barriers
ptxas info    : Compile time = 1.720 ms
ptxas info    : Compiling entry function '_ZN3cub17_V_300500_SM_10006detail8for_each13static_kernelINS2_15policy_selectorEmNS0_9DeviceFor14__op_wrapper_tImN6detail10set_imag_tIfEEN6thrust17_V_300500_SM_100017counting_iteratorImNSB_11use_defaultESD_SD_NSB_20__compile_time_valueILi1EEEEEEEEEvT0_T1_' for 'sm_100'
ptxas info    : Function properties for _ZN3cub17_V_300500_SM_10006detail8for_each13static_kernelINS2_15policy_selectorEmNS0_9DeviceFor14__op_wrapper_tImN6detail10set_imag_tIfEEN6thrust17_V_300500_SM_100017counting_iteratorImNSB_11use_defaultESD_SD_NSB_20__compile_time_valueILi1EEEEEEEEEvT0_T1_
    0 bytes stack frame, 0 bytes spill stores, 0 bytes spill loads
ptxas info    : Used 18 registers, used 0 barriers
ptxas info    : Compile time = 3.030 ms
ptxas info    : Compiling entry function '_ZN3cub17_V_300500_SM_10006detail8for_each13static_kernelINS2_15policy_selectorEmNS0_9DeviceFor14__op_wrapper_tImN6detail10set_real_tIfEEN6thrust17_V_300500_SM_100017counting_iteratorImNSB_11use_defaultESD_SD_NSB_20__compile_time_valueILi1EEEEEEEEEvT0_T1_' for 'sm_100'
ptxas info    : Function properties for _ZN3cub17_V_300500_SM_10006detail8for_each13static_kernelINS2_15policy_selectorEmNS0_9DeviceFor14__op_wrapper_tImN6detail10set_real_tIfEEN6thrust17_V_300500_SM_100017counting_iteratorImNSB_11use_defaultESD_SD_NSB_20__compile_time_valueILi1EEEEEEEEEvT0_T1_
    0 bytes stack frame, 0 bytes spill stores, 0 bytes spill loads
ptxas info    : Used 18 registers, used 0 barriers
ptxas info    : Compile time = 3.026 ms
ptxas info    : Compiling entry function '_ZN3cub17_V_300500_SM_10006detail8for_each13static_kernelINS2_15policy_selectorEmN6thrust17_V_300500_SM_10008cuda_cub20__uninitialized_fill7functorINS6_10device_ptrIfEEfEEEEvT0_T1_' for 'sm_100'
ptxas info    : Function properties for _ZN3cub17_V_300500_SM_10006detail8for_each13static_kernelINS2_15policy_selectorEmN6thrust17_V_300500_SM_10008cuda_cub20__uninitialized_fill7functorINS6_10device_ptrIfEEfEEEEvT0_T1_
    0 bytes stack frame, 0 bytes spill stores, 0 bytes spill loads
ptxas info    : Used 8 registers, used 0 barriers
ptxas info    : Compile time = 1.787 ms
ptxas info    : Compiling entry function '_ZN3cub17_V_300500_SM_10006detail8for_each13static_kernelINS2_15policy_selectorEmN6thrust17_V_300500_SM_10008cuda_cub20__uninitialized_fill7functorINS6_10device_ptrIoEEoEEEEvT0_T1_' for 'sm_100'
ptxas info    : Function properties for _ZN3cub17_V_300500_SM_10006detail8for_each13static_kernelINS2_15policy_selectorEmN6thrust17_V_300500_SM_10008cuda_cub20__uninitialized_fill7functorINS6_10device_ptrIoEEoEEEEvT0_T1_
    0 bytes stack frame, 0 bytes spill stores, 0 bytes spill loads
ptxas info    : Used 11 registers, used 0 barriers
ptxas info    : Compile time = 1.861 ms
ptxas info    : Compiling entry function '_ZN3cub17_V_300500_SM_10006detail8for_each13static_kernelINS2_15policy_selectorEmN6thrust17_V_300500_SM_10008cuda_cub20__uninitialized_fill7functorINS6_10device_ptrInEEnEEEEvT0_T1_' for 'sm_100'
ptxas info    : Function properties for _ZN3cub17_V_300500_SM_10006detail8for_each13static_kernelINS2_15policy_selectorEmN6thrust17_V_300500_SM_10008cuda_cub20__uninitialized_fill7functorINS6_10device_ptrInEEnEEEEvT0_T1_
    0 bytes stack frame, 0 bytes spill stores, 0 bytes spill loads
ptxas info    : Used 11 registers, used 0 barriers
ptxas info    : Compile time = 1.841 ms
ptxas info    : Compiling entry function '_ZN3cub17_V_300500_SM_10006detail8for_each13static_kernelINS2_15policy_selectorEmN6thrust17_V_300500_SM_10008cuda_cub20__uninitialized_fill7functorINS6_10device_ptrIsEEsEEEEvT0_T1_' for 'sm_100'
ptxas info    : Function properties for _ZN3cub17_V_300500_SM_10006detail8for_each13static_kernelINS2_15policy_selectorEmN6thrust17_V_300500_SM_10008cuda_cub20__uninitialized_fill7functorINS6_10device_ptrIsEEsEEEEvT0_T1_
    0 bytes stack frame, 0 bytes spill stores, 0 bytes spill loads
ptxas info    : Used 8 registers, used 0 barriers
ptxas info    : Compile time = 1.792 ms
ptxas info    : Compiling entry function '_ZN3cub17_V_300500_SM_10006detail8for_each13static_kernelINS2_15policy_selectorEmN6thrust17_V_300500_SM_10008cuda_cub20__uninitialized_fill7functorINS6_10device_ptrIaEEaEEEEvT0_T1_' for 'sm_100'
ptxas info    : Function properties for _ZN3cub17_V_300500_SM_10006detail8for_each13static_kernelINS2_15policy_selectorEmN6thrust17_V_300500_SM_10008cuda_cub20__uninitialized_fill7functorINS6_10device_ptrIaEEaEEEEvT0_T1_
    0 bytes stack frame, 0 bytes spill stores, 0 bytes spill loads
ptxas info    : Used 10 registers, used 0 barriers
ptxas info    : Compile time = 1.700 ms
ptxas info    : Compiling entry function '_ZN3cub17_V_300500_SM_10006detail8for_each13static_kernelINS2_15policy_selectorEmN6thrust17_V_300500_SM_10008cuda_cub20__uninitialized_fill7functorINS6_10device_ptrItEEtEEEEvT0_T1_' for 'sm_100'
ptxas info    : Function properties for _ZN3cub17_V_300500_SM_10006detail8for_each13static_kernelINS2_15policy_selectorEmN6thrust17_V_300500_SM_10008cuda_cub20__uninitialized_fill7functorINS6_10device_ptrItEEtEEEEvT0_T1_
    0 bytes stack frame, 0 bytes spill stores, 0 bytes spill loads
ptxas info    : Used 8 registers, used 0 barriers
ptxas info    : Compile time = 1.777 ms
ptxas info    : Compiling entry function '_ZN3cub17_V_300500_SM_10006detail8for_each13static_kernelINS2_15policy_selectorEmN6thrust17_V_300500_SM_10008cuda_cub20__uninitialized_fill7functorINS6_10device_ptrIhEEhEEEEvT0_T1_' for 'sm_100'
ptxas info    : Function properties for _ZN3cub17_V_300500_SM_10006detail8for_each13static_kernelINS2_15policy_selectorEmN6thrust17_V_300500_SM_10008cuda_cub20__uninitialized_fill7functorINS6_10device_ptrIhEEhEEEEvT0_T1_
    0 bytes stack frame, 0 bytes spill stores, 0 bytes spill loads
ptxas info    : Used 10 registers, used 0 barriers
ptxas info    : Compile time = 1.692 ms
ptxas info    : Compiling entry function '_ZN3cub17_V_300500_SM_10006detail8for_each13static_kernelINS2_15policy_selectorEmN6thrust17_V_300500_SM_10008cuda_cub20__uninitialized_fill7functorINS6_10device_ptrImEEmEEEEvT0_T1_' for 'sm_100'
ptxas info    : Function properties for _ZN3cub17_V_300500_SM_10006detail8for_each13static_kernelINS2_15policy_selectorEmN6thrust17_V_300500_SM_10008cuda_cub20__uninitialized_fill7functorINS6_10device_ptrImEEmEEEEvT0_T1_
    0 bytes stack frame, 0 bytes spill stores, 0 bytes spill loads
ptxas info    : Used 9 registers, used 0 barriers
ptxas info    : Compile time = 1.784 ms
ptxas info    : Compiling entry function '_ZN3cub17_V_300500_SM_10006detail8for_each13static_kernelINS2_15policy_selectorEmN6thrust17_V_300500_SM_10008cuda_cub20__uninitialized_fill7functorINS6_10device_ptrIlEElEEEEvT0_T1_' for 'sm_100'
ptxas info    : Function properties for _ZN3cub17_V_300500_SM_10006detail8for_each13static_kernelINS2_15policy_selectorEmN6thrust17_V_300500_SM_10008cuda_cub20__uninitialized_fill7functorINS6_10device_ptrIlEElEEEEvT0_T1_
    0 bytes stack frame, 0 bytes spill stores, 0 bytes spill loads
ptxas info    : Used 9 registers, used 0 barriers
ptxas info    : Compile time = 1.790 ms
ptxas info    : Compiling entry function '_ZN3cub17_V_300500_SM_10006detail8for_each13static_kernelINS2_15policy_selectorEmN6thrust17_V_300500_SM_10008cuda_cub20__uninitialized_fill7functorINS6_10device_ptrIjEEjEEEEvT0_T1_' for 'sm_100'
ptxas info    : Function properties for _ZN3cub17_V_300500_SM_10006detail8for_each13static_kernelINS2_15policy_selectorEmN6thrust17_V_300500_SM_10008cuda_cub20__uninitialized_fill7functorINS6_10device_ptrIjEEjEEEEvT0_T1_
    0 bytes stack frame, 0 bytes spill stores, 0 bytes spill loads
ptxas info    : Used 8 registers, used 0 barriers
ptxas info    : Compile time = 1.798 ms
ptxas info    : Compiling entry function '_ZN3cub17_V_300500_SM_10006detail8for_each13static_kernelINS2_15policy_selectorEmN6thrust17_V_300500_SM_10008cuda_cub20__uninitialized_fill7functorINS6_10device_ptrIiEEiEEEEvT0_T1_' for 'sm_100'
ptxas info    : Function properties for _ZN3cub17_V_300500_SM_10006detail8for_each13static_kernelINS2_15policy_selectorEmN6thrust17_V_300500_SM_10008cuda_cub20__uninitialized_fill7functorINS6_10device_ptrIiEEiEEEEvT0_T1_
    0 bytes stack frame, 0 bytes spill stores, 0 bytes spill loads
ptxas info    : Used 8 registers, used 0 barriers
ptxas info    : Compile time = 1.783 ms
ptxas info    : Compiling entry function '_ZN3cub17_V_300500_SM_10006detail8for_each13static_kernelINS2_15policy_selectorEmN6thrust17_V_300500_SM_10008cuda_cub20__uninitialized_fill7functorINS6_10device_ptrIdEEdEEEEvT0_T1_' for 'sm_100'
ptxas info    : Function properties for _ZN3cub17_V_300500_SM_10006detail8for_each13static_kernelINS2_15policy_selectorEmN6thrust17_V_300500_SM_10008cuda_cub20__uninitialized_fill7functorINS6_10device_ptrIdEEdEEEEvT0_T1_
    0 bytes stack frame, 0 bytes spill stores, 0 bytes spill loads
ptxas info    : Used 9 registers, used 0 barriers
ptxas info    : Compile time = 1.789 ms
ptxas info    : Compiling entry function '_ZN3cub17_V_300500_SM_10006detail12batch_memcpy27MultiBlockBatchMemcpyKernelINS2_15policy_selectorEjPN4cuda3__417constant_iteratorINS5_3std3__47complexIdEElEEPPSB_PmPjNS0_13ScanTileStateIjLb1EEEjLNS0_7CopyAlgE1EEEvT1_T2_T3_T4_T5_T6_' for 'sm_100'
ptxas info    : Function properties for _ZN3cub17_V_300500_SM_10006detail12batch_memcpy27MultiBlockBatchMemcpyKernelINS2_15policy_selectorEjPN4cuda3__417constant_iteratorINS5_3std3__47complexIdEElEEPPSB_PmPjNS0_13ScanTileStateIjLb1EEEjLNS0_7CopyAlgE1EEEvT1_T2_T3_T4_T5_T6_
    0 bytes stack frame, 0 bytes spill stores, 0 bytes spill loads
ptxas info    : Used 29 registers, used 1 barriers, 16 bytes smem
ptxas info    : Compile time = 17.212 ms
ptxas info    : Compiling entry function '_ZN3cub17_V_300500_SM_10006detail12batch_memcpy17BatchMemcpyKernelINS2_15policy_selectorEN6thrust17_V_300500_SM_100018transform_iteratorIN6detail14repeat_index_tIN4cuda3std3__47complexIdEEEENS6_17counting_iteratorIiNS6_11use_defaultESH_SH_NS6_20__compile_time_valueILi1EEEEESH_SH_EENS7_INS8_20offset_to_iterator_tISE_EEPmSH_SH_EENS7_INS8_16offset_to_size_tESK_SH_SH_EEjPNSA_3__417constant_iteratorISE_lEEPPSE_SO_PjjNS0_13ScanTileStateIjLb1EEES10_LNS0_7CopyAlgE1EEEvT0_T1_T2_T3_T4_T5_T6_T7_T9_T10_' for 'sm_100'
ptxas info    : Function properties for _ZN3cub17_V_300500_SM_10006detail12batch_memcpy17BatchMemcpyKernelINS2_15policy_selectorEN6thrust17_V_300500_SM_100018transform_iteratorIN6detail14repeat_index_tIN4cuda3std3__47complexIdEEEENS6_17counting_iteratorIiNS6_11use_defaultESH_SH_NS6_20__compile_time_valueILi1EEEEESH_SH_EENS7_INS8_20offset_to_iterator_tISE_EEPmSH_SH_EENS7_INS8_16offset_to_size_tESK_SH_SH_EEjPNSA_3__417constant_iteratorISE_lEEPPSE_SO_PjjNS0_13ScanTileStateIjLb1EEES10_LNS0_7CopyAlgE1EEEvT0_T1_T2_T3_T4_T5_T6_T7_T9_T10_
    0 bytes stack frame, 0 bytes spill stores, 0 bytes spill loads
ptxas info    : Used 40 registers, used 1 barriers, 9360 bytes smem
ptxas info    : Compile time = 58.936 ms
ptxas info    : Compiling entry function '_ZN3cub17_V_300500_SM_10006detail12batch_memcpy27MultiBlockBatchMemcpyKernelINS2_15policy_selectorEjPN4cuda3__417constant_iteratorINS5_3std3__47complexIfEElEEPPSB_PmPjNS0_13ScanTileStateIjLb1EEEjLNS0_7CopyAlgE1EEEvT1_T2_T3_T4_T5_T6_' for 'sm_100'
ptxas info    : Function properties for _ZN3cub17_V_300500_SM_10006detail12batch_memcpy27MultiBlockBatchMemcpyKernelINS2_15policy_selectorEjPN4cuda3__417constant_iteratorINS5_3std3__47complexIfEElEEPPSB_PmPjNS0_13ScanTileStateIjLb1EEEjLNS0_7CopyAlgE1EEEvT1_T2_T3_T4_T5_T6_
    0 bytes stack frame, 0 bytes spill stores, 0 bytes spill loads
ptxas info    : Used 22 registers, used 1 barriers, 16 bytes smem
ptxas info    : Compile time = 17.227 ms
ptxas info    : Compiling entry function '_ZN3cub17_V_300500_SM_10006detail12batch_memcpy17BatchMemcpyKernelINS2_15policy_selectorEN6thrust17_V_300500_SM_100018transform_iteratorIN6detail14repeat_index_tIN4cuda3std3__47complexIfEEEENS6_17counting_iteratorIiNS6_11use_defaultESH_SH_NS6_20__compile_time_valueILi1EEEEESH_SH_EENS7_INS8_20offset_to_iterator_tISE_EEPmSH_SH_EENS7_INS8_16offset_to_size_tESK_SH_SH_EEjPNSA_3__417constant_iteratorISE_lEEPPSE_SO_PjjNS0_13ScanTileStateIjLb1EEES10_LNS0_7CopyAlgE1EEEvT0_T1_T2_T3_T4_T5_T6_T7_T9_T10_' for 'sm_100'
ptxas info    : Function properties for _ZN3cub17_V_300500_SM_10006detail12batch_memcpy17BatchMemcpyKernelINS2_15policy_selectorEN6thrust17_V_300500_SM_100018transform_iteratorIN6detail14repeat_index_tIN4cuda3std3__47complexIfEEEENS6_17counting_iteratorIiNS6_11use_defaultESH_SH_NS6_20__compile_time_valueILi1EEEEESH_SH_EENS7_INS8_20offset_to_iterator_tISE_EEPmSH_SH_EENS7_INS8_16offset_to_size_tESK_SH_SH_EEjPNSA_3__417constant_iteratorISE_lEEPPSE_SO_PjjNS0_13ScanTileStateIjLb1EEES10_LNS0_7CopyAlgE1EEEvT0_T1_T2_T3_T4_T5_T6_T7_T9_T10_
    0 bytes stack frame, 0 bytes spill stores, 0 bytes spill loads
ptxas info    : Used 48 registers, used 1 barriers, 9360 bytes smem
ptxas info    : Compile time = 56.871 ms
ptxas info    : Compiling entry function '_ZN3cub17_V_300500_SM_10006detail12batch_memcpy27MultiBlockBatchMemcpyKernelINS2_15policy_selectorEjPN4cuda3__417constant_iteratorIdlEEPPdPmPjNS0_13ScanTileStateIjLb1EEEjLNS0_7CopyAlgE1EEEvT1_T2_T3_T4_T5_T6_' for 'sm_100'
ptxas info    : Function properties for _ZN3cub17_V_300500_SM_10006detail12batch_memcpy27MultiBlockBatchMemcpyKernelINS2_15policy_selectorEjPN4cuda3__417constant_iteratorIdlEEPPdPmPjNS0_13ScanTileStateIjLb1EEEjLNS0_7CopyAlgE1EEEvT1_T2_T3_T4_T5_T6_
    0 bytes stack frame, 0 bytes spill stores, 0 bytes spill loads
ptxas info    : Used 22 registers, used 1 barriers, 16 bytes smem
ptxas info    : Compile time = 16.699 ms
ptxas info    : Compiling entry function '_ZN3cub17_V_300500_SM_10006detail12batch_memcpy17BatchMemcpyKernelINS2_15policy_selectorEN6thrust17_V_300500_SM_100018transform_iteratorIN6detail14repeat_index_tIdEENS6_17counting_iteratorIiNS6_11use_defaultESC_SC_NS6_20__compile_time_valueILi1EEEEESC_SC_EENS7_INS8_20offset_to_iterator_tIdEEPmSC_SC_EENS7_INS8_16offset_to_size_tESF_SC_SC_EEjPN4cuda3__417constant_iteratorIdlEEPPdSJ_PjjNS0_13ScanTileStateIjLb1EEESW_LNS0_7CopyAlgE1EEEvT0_T1_T2_T3_T4_T5_T6_T7_T9_T10_' for 'sm_100'
ptxas info    : Function properties for _ZN3cub17_V_300500_SM_10006detail12batch_memcpy17BatchMemcpyKernelINS2_15policy_selectorEN6thrust17_V_300500_SM_100018transform_iteratorIN6detail14repeat_index_tIdEENS6_17counting_iteratorIiNS6_11use_defaultESC_SC_NS6_20__compile_time_valueILi1EEEEESC_SC_EENS7_INS8_20offset_to_iterator_tIdEEPmSC_SC_EENS7_INS8_16offset_to_size_tESF_SC_SC_EEjPN4cuda3__417constant_iteratorIdlEEPPdSJ_PjjNS0_13ScanTileStateIjLb1EEESW_LNS0_7CopyAlgE1EEEvT0_T1_T2_T3_T4_T5_T6_T7_T9_T10_
    0 bytes stack frame, 0 bytes spill stores, 0 bytes spill loads
ptxas info    : Used 40 registers, used 1 barriers, 9360 bytes smem
ptxas info    : Compile time = 55.900 ms
ptxas info    : Compiling entry function '_ZN3cub17_V_300500_SM_10006detail12batch_memcpy27MultiBlockBatchMemcpyKernelINS2_15policy_selectorEjPN4cuda3__417constant_iteratorIflEEPPfPmPjNS0_13ScanTileStateIjLb1EEEjLNS0_7CopyAlgE1EEEvT1_T2_T3_T4_T5_T6_' for 'sm_100'
ptxas info    : Function properties for _ZN3cub17_V_300500_SM_10006detail12batch_memcpy27MultiBlockBatchMemcpyKernelINS2_15policy_selectorEjPN4cuda3__417constant_iteratorIflEEPPfPmPjNS0_13ScanTileStateIjLb1EEEjLNS0_7CopyAlgE1EEEvT1_T2_T3_T4_T5_T6_
    0 bytes stack frame, 0 bytes spill stores, 0 bytes spill loads
ptxas info    : Used 21 registers, used 1 barriers, 16 bytes smem
ptxas info    : Compile time = 16.524 ms
ptxas info    : Compiling entry function '_ZN3cub17_V_300500_SM_10006detail12batch_memcpy17BatchMemcpyKernelINS2_15policy_selectorEN6thrust17_V_300500_SM_100018transform_iteratorIN6detail14repeat_index_tIfEENS6_17counting_iteratorIiNS6_11use_defaultESC_SC_NS6_20__compile_time_valueILi1EEEEESC_SC_EENS7_INS8_20offset_to_iterator_tIfEEPmSC_SC_EENS7_INS8_16offset_to_size_tESF_SC_SC_EEjPN4cuda3__417constant_iteratorIflEEPPfSJ_PjjNS0_13ScanTileStateIjLb1EEESW_LNS0_7CopyAlgE1EEEvT0_T1_T2_T3_T4_T5_T6_T7_T9_T10_' for 'sm_100'
ptxas info    : Function properties for _ZN3cub17_V_300500_SM_10006detail12batch_memcpy17BatchMemcpyKernelINS2_15policy_selectorEN6thrust17_V_300500_SM_100018transform_iteratorIN6detail14repeat_index_tIfEENS6_17counting_iteratorIiNS6_11use_defaultESC_SC_NS6_20__compile_time_valueILi1EEEEESC_SC_EENS7_INS8_20offset_to_iterator_tIfEEPmSC_SC_EENS7_INS8_16offset_to_size_tESF_SC_SC_EEjPN4cuda3__417constant_iteratorIflEEPPfSJ_PjjNS0_13ScanTileStateIjLb1EEESW_LNS0_7CopyAlgE1EEEvT0_T1_T2_T3_T4_T5_T6_T7_T9_T10_
    0 bytes stack frame, 0 bytes spill stores, 0 bytes spill loads
ptxas info    : Used 48 registers, used 1 barriers, 9360 bytes smem
ptxas info    : Compile time = 55.185 ms
ptxas info    : Compiling entry function '_ZN3cub17_V_300500_SM_10006detail12batch_memcpy27MultiBlockBatchMemcpyKernelINS2_15policy_selectorEjPN4cuda3__417constant_iteratorIolEEPPoPmPjNS0_13ScanTileStateIjLb1EEEjLNS0_7CopyAlgE1EEEvT1_T2_T3_T4_T5_T6_' for 'sm_100'
ptxas info    : Function properties for _ZN3cub17_V_300500_SM_10006detail12batch_memcpy27MultiBlockBatchMemcpyKernelINS2_15policy_selectorEjPN4cuda3__417constant_iteratorIolEEPPoPmPjNS0_13ScanTileStateIjLb1EEEjLNS0_7CopyAlgE1EEEvT1_T2_T3_T4_T5_T6_
    0 bytes stack frame, 0 bytes spill stores, 0 bytes spill loads
ptxas info    : Used 29 registers, used 1 barriers, 16 bytes smem
ptxas info    : Compile time = 9.747 ms
ptxas info    : Compiling entry function '_ZN3cub17_V_300500_SM_10006detail12batch_memcpy17BatchMemcpyKernelINS2_15policy_selectorEN6thrust17_V_300500_SM_100018transform_iteratorIN6detail14repeat_index_tIoEENS6_17counting_iteratorIiNS6_11use_defaultESC_SC_NS6_20__compile_time_valueILi1EEEEESC_SC_EENS7_INS8_20offset_to_iterator_tIoEEPmSC_SC_EENS7_INS8_16offset_to_size_tESF_SC_SC_EEjPN4cuda3__417constant_iteratorIolEEPPoSJ_PjjNS0_13ScanTileStateIjLb1EEESW_LNS0_7CopyAlgE1EEEvT0_T1_T2_T3_T4_T5_T6_T7_T9_T10_' for 'sm_100'
ptxas info    : Function properties for _ZN3cub17_V_300500_SM_10006detail12batch_memcpy17BatchMemcpyKernelINS2_15policy_selectorEN6thrust17_V_300500_SM_100018transform_iteratorIN6detail14repeat_index_tIoEENS6_17counting_iteratorIiNS6_11use_defaultESC_SC_NS6_20__compile_time_valueILi1EEEEESC_SC_EENS7_INS8_20offset_to_iterator_tIoEEPmSC_SC_EENS7_INS8_16offset_to_size_tESF_SC_SC_EEjPN4cuda3__417constant_iteratorIolEEPPoSJ_PjjNS0_13ScanTileStateIjLb1EEESW_LNS0_7CopyAlgE1EEEvT0_T1_T2_T3_T4_T5_T6_T7_T9_T10_
    0 bytes stack frame, 0 bytes spill stores, 0 bytes spill loads
ptxas info    : Used 48 registers, used 1 barriers, 9360 bytes smem
ptxas info    : Compile time = 56.823 ms
ptxas info    : Compiling entry function '_ZN3cub17_V_300500_SM_10006detail12batch_memcpy27MultiBlockBatchMemcpyKernelINS2_15policy_selectorEjPN4cuda3__417constant_iteratorInlEEPPnPmPjNS0_13ScanTileStateIjLb1EEEjLNS0_7CopyAlgE1EEEvT1_T2_T3_T4_T5_T6_' for 'sm_100'
ptxas info    : Function properties for _ZN3cub17_V_300500_SM_10006detail12batch_memcpy27MultiBlockBatchMemcpyKernelINS2_15policy_selectorEjPN4cuda3__417constant_iteratorInlEEPPnPmPjNS0_13ScanTileStateIjLb1EEEjLNS0_7CopyAlgE1EEEvT1_T2_T3_T4_T5_T6_
    0 bytes stack frame, 0 bytes spill stores, 0 bytes spill loads
ptxas info    : Used 29 registers, used 1 barriers, 16 bytes smem
ptxas info    : Compile time = 9.742 ms
ptxas info    : Compiling entry function '_ZN3cub17_V_300500_SM_10006detail12batch_memcpy17BatchMemcpyKernelINS2_15policy_selectorEN6thrust17_V_300500_SM_100018transform_iteratorIN6detail14repeat_index_tInEENS6_17counting_iteratorIiNS6_11use_defaultESC_SC_NS6_20__compile_time_valueILi1EEEEESC_SC_EENS7_INS8_20offset_to_iterator_tInEEPmSC_SC_EENS7_INS8_16offset_to_size_tESF_SC_SC_EEjPN4cuda3__417constant_iteratorInlEEPPnSJ_PjjNS0_13ScanTileStateIjLb1EEESW_LNS0_7CopyAlgE1EEEvT0_T1_T2_T3_T4_T5_T6_T7_T9_T10_' for 'sm_100'
ptxas info    : Function properties for _ZN3cub17_V_300500_SM_10006detail12batch_memcpy17BatchMemcpyKernelINS2_15policy_selectorEN6thrust17_V_300500_SM_100018transform_iteratorIN6detail14repeat_index_tInEENS6_17counting_iteratorIiNS6_11use_defaultESC_SC_NS6_20__compile_time_valueILi1EEEEESC_SC_EENS7_INS8_20offset_to_iterator_tInEEPmSC_SC_EENS7_INS8_16offset_to_size_tESF_SC_SC_EEjPN4cuda3__417constant_iteratorInlEEPPnSJ_PjjNS0_13ScanTileStateIjLb1EEESW_LNS0_7CopyAlgE1EEEvT0_T1_T2_T3_T4_T5_T6_T7_T9_T10_
    0 bytes stack frame, 0 bytes spill stores, 0 bytes spill loads
ptxas info    : Used 48 registers, used 1 barriers, 9360 bytes smem
ptxas info    : Compile time = 57.061 ms
ptxas info    : Compiling entry function '_ZN3cub17_V_300500_SM_10006detail12batch_memcpy27MultiBlockBatchMemcpyKernelINS2_15policy_selectorEjPN4cuda3__417constant_iteratorIllEEPPlPmPjNS0_13ScanTileStateIjLb1EEEjLNS0_7CopyAlgE1EEEvT1_T2_T3_T4_T5_T6_' for 'sm_100'
ptxas info    : Function properties for _ZN3cub17_V_300500_SM_10006detail12batch_memcpy27MultiBlockBatchMemcpyKernelINS2_15policy_selectorEjPN4cuda3__417constant_iteratorIllEEPPlPmPjNS0_13ScanTileStateIjLb1EEEjLNS0_7CopyAlgE1EEEvT1_T2_T3_T4_T5_T6_
    0 bytes stack frame, 0 bytes spill stores, 0 bytes spill loads
ptxas info    : Used 22 registers, used 1 barriers, 16 bytes smem
ptxas info    : Compile time = 16.395 ms
ptxas info    : Compiling entry function '_ZN3cub17_V_300500_SM_10006detail12batch_memcpy17BatchMemcpyKernelINS2_15policy_selectorEN6thrust17_V_300500_SM_100018transform_iteratorIN6detail14repeat_index_tIlEENS6_17counting_iteratorIiNS6_11use_defaultESC_SC_NS6_20__compile_time_valueILi1EEEEESC_SC_EENS7_INS8_20offset_to_iterator_tIlEEPmSC_SC_EENS7_INS8_16offset_to_size_tESF_SC_SC_EEjPN4cuda3__417constant_iteratorIllEEPPlSJ_PjjNS0_13ScanTileStateIjLb1EEESW_LNS0_7CopyAlgE1EEEvT0_T1_T2_T3_T4_T5_T6_T7_T9_T10_' for 'sm_100'
ptxas info    : Function properties for _ZN3cub17_V_300500_SM_10006detail12batch_memcpy17BatchMemcpyKernelINS2_15policy_selectorEN6thrust17_V_300500_SM_100018transform_iteratorIN6detail14repeat_index_tIlEENS6_17counting_iteratorIiNS6_11use_defaultESC_SC_NS6_20__compile_time_valueILi1EEEEESC_SC_EENS7_INS8_20offset_to_iterator_tIlEEPmSC_SC_EENS7_INS8_16offset_to_size_tESF_SC_SC_EEjPN4cuda3__417constant_iteratorIllEEPPlSJ_PjjNS0_13ScanTileStateIjLb1EEESW_LNS0_7CopyAlgE1EEEvT0_T1_T2_T3_T4_T5_T6_T7_T9_T10_
    0 bytes stack frame, 0 bytes spill stores, 0 bytes spill loads
ptxas info    : Used 40 registers, used 1 barriers, 9360 bytes smem
ptxas info    : Compile time = 53.976 ms
ptxas info    : Compiling entry function '_ZN3cub17_V_300500_SM_10006detail12batch_memcpy27MultiBlockBatchMemcpyKernelINS2_15policy_selectorEjPN4cuda3__417constant_iteratorIilEEPPiPmPjNS0_13ScanTileStateIjLb1EEEjLNS0_7CopyAlgE1EEEvT1_T2_T3_T4_T5_T6_' for 'sm_100'
ptxas info    : Function properties for _ZN3cub17_V_300500_SM_10006detail12batch_memcpy27MultiBlockBatchMemcpyKernelINS2_15policy_selectorEjPN4cuda3__417constant_iteratorIilEEPPiPmPjNS0_13ScanTileStateIjLb1EEEjLNS0_7CopyAlgE1EEEvT1_T2_T3_T4_T5_T6_
    0 bytes stack frame, 0 bytes spill stores, 0 bytes spill loads
ptxas info    : Used 21 registers, used 1 barriers, 16 bytes smem
ptxas info    : Compile time = 16.094 ms
ptxas info    : Compiling entry function '_ZN3cub17_V_300500_SM_10006detail12batch_memcpy17BatchMemcpyKernelINS2_15policy_selectorEN6thrust17_V_300500_SM_100018transform_iteratorIN6detail14repeat_index_tIiEENS6_17counting_iteratorIiNS6_11use_defaultESC_SC_NS6_20__compile_time_valueILi1EEEEESC_SC_EENS7_INS8_20offset_to_iterator_tIiEEPmSC_SC_EENS7_INS8_16offset_to_size_tESF_SC_SC_EEjPN4cuda3__417constant_iteratorIilEEPPiSJ_PjjNS0_13ScanTileStateIjLb1EEESW_LNS0_7CopyAlgE1EEEvT0_T1_T2_T3_T4_T5_T6_T7_T9_T10_' for 'sm_100'
ptxas info    : Function properties for _ZN3cub17_V_300500_SM_10006detail12batch_memcpy17BatchMemcpyKernelINS2_15policy_selectorEN6thrust17_V_300500_SM_100018transform_iteratorIN6detail14repeat_index_tIiEENS6_17counting_iteratorIiNS6_11use_defaultESC_SC_NS6_20__compile_time_valueILi1EEEEESC_SC_EENS7_INS8_20offset_to_iterator_tIiEEPmSC_SC_EENS7_INS8_16offset_to_size_tESF_SC_SC_EEjPN4cuda3__417constant_iteratorIilEEPPiSJ_PjjNS0_13ScanTileStateIjLb1EEESW_LNS0_7CopyAlgE1EEEvT0_T1_T2_T3_T4_T5_T6_T7_T9_T10_
    0 bytes stack frame, 0 bytes spill stores, 0 bytes spill loads
ptxas info    : Used 48 registers, used 1 barriers, 9360 bytes smem
ptxas info    : Compile time = 56.716 ms
ptxas info    : Compiling entry function '_ZN3cub17_V_300500_SM_10006detail12batch_memcpy27MultiBlockBatchMemcpyKernelINS2_15policy_selectorEjPN4cuda3__417constant_iteratorIslEEPPsPmPjNS0_13ScanTileStateIjLb1EEEjLNS0_7CopyAlgE1EEEvT1_T2_T3_T4_T5_T6_' for 'sm_100'
ptxas info    : Function properties for _ZN3cub17_V_300500_SM_10006detail12batch_memcpy27MultiBlockBatchMemcpyKernelINS2_15policy_selectorEjPN4cuda3__417constant_iteratorIslEEPPsPmPjNS0_13ScanTileStateIjLb1EEEjLNS0_7CopyAlgE1EEEvT1_T2_T3_T4_T5_T6_
    0 bytes stack frame, 0 bytes spill stores, 0 bytes spill loads
ptxas info    : Used 21 registers, used 1 barriers, 16 bytes smem
ptxas info    : Compile time = 16.365 ms
ptxas info    : Compiling entry function '_ZN3cub17_V_300500_SM_10006detail12batch_memcpy17BatchMemcpyKernelINS2_15policy_selectorEN6thrust17_V_300500_SM_100018transform_iteratorIN6detail14repeat_index_tIsEENS6_17counting_iteratorIiNS6_11use_defaultESC_SC_NS6_20__compile_time_valueILi1EEEEESC_SC_EENS7_INS8_20offset_to_iterator_tIsEEPmSC_SC_EENS7_INS8_16offset_to_size_tESF_SC_SC_EEjPN4cuda3__417constant_iteratorIslEEPPsSJ_PjjNS0_13ScanTileStateIjLb1EEESW_LNS0_7CopyAlgE1EEEvT0_T1_T2_T3_T4_T5_T6_T7_T9_T10_' for 'sm_100'
ptxas info    : Function properties for _ZN3cub17_V_300500_SM_10006detail12batch_memcpy17BatchMemcpyKernelINS2_15policy_selectorEN6thrust17_V_300500_SM_100018transform_iteratorIN6detail14repeat_index_tIsEENS6_17counting_iteratorIiNS6_11use_defaultESC_SC_NS6_20__compile_time_valueILi1EEEEESC_SC_EENS7_INS8_20offset_to_iterator_tIsEEPmSC_SC_EENS7_INS8_16offset_to_size_tESF_SC_SC_EEjPN4cuda3__417constant_iteratorIslEEPPsSJ_PjjNS0_13ScanTileStateIjLb1EEESW_LNS0_7CopyAlgE1EEEvT0_T1_T2_T3_T4_T5_T6_T7_T9_T10_
    0 bytes stack frame, 0 bytes spill stores, 0 bytes spill loads
ptxas info    : Used 48 registers, used 1 barriers, 9360 bytes smem
ptxas info    : Compile time = 54.909 ms
ptxas info    : Compiling entry function '_ZN3cub17_V_300500_SM_10006detail12batch_memcpy27MultiBlockBatchMemcpyKernelINS2_15policy_selectorEjPN4cuda3__417constant_iteratorIalEEPPaPmPjNS0_13ScanTileStateIjLb1EEEjLNS0_7CopyAlgE1EEEvT1_T2_T3_T4_T5_T6_' for 'sm_100'
ptxas info    : Function properties for _ZN3cub17_V_300500_SM_10006detail12batch_memcpy27MultiBlockBatchMemcpyKernelINS2_15policy_selectorEjPN4cuda3__417constant_iteratorIalEEPPaPmPjNS0_13ScanTileStateIjLb1EEEjLNS0_7CopyAlgE1EEEvT1_T2_T3_T4_T5_T6_
    0 bytes stack frame, 0 bytes spill stores, 0 bytes spill loads
ptxas info    : Used 21 registers, used 1 barriers, 16 bytes smem
ptxas info    : Compile time = 15.840 ms
ptxas info    : Compiling entry function '_ZN3cub17_V_300500_SM_10006detail12batch_memcpy17BatchMemcpyKernelINS2_15policy_selectorEN6thrust17_V_300500_SM_100018transform_iteratorIN6detail14repeat_index_tIaEENS6_17counting_iteratorIiNS6_11use_defaultESC_SC_NS6_20__compile_time_valueILi1EEEEESC_SC_EENS7_INS8_20offset_to_iterator_tIaEEPmSC_SC_EENS7_INS8_16offset_to_size_tESF_SC_SC_EEjPN4cuda3__417constant_iteratorIalEEPPaSJ_PjjNS0_13ScanTileStateIjLb1EEESW_LNS0_7CopyAlgE1EEEvT0_T1_T2_T3_T4_T5_T6_T7_T9_T10_' for 'sm_100'
ptxas info    : Function properties for _ZN3cub17_V_300500_SM_10006detail12batch_memcpy17BatchMemcpyKernelINS2_15policy_selectorEN6thrust17_V_300500_SM_100018transform_iteratorIN6detail14repeat_index_tIaEENS6_17counting_iteratorIiNS6_11use_defaultESC_SC_NS6_20__compile_time_valueILi1EEEEESC_SC_EENS7_INS8_20offset_to_iterator_tIaEEPmSC_SC_EENS7_INS8_16offset_to_size_tESF_SC_SC_EEjPN4cuda3__417constant_iteratorIalEEPPaSJ_PjjNS0_13ScanTileStateIjLb1EEESW_LNS0_7CopyAlgE1EEEvT0_T1_T2_T3_T4_T5_T6_T7_T9_T10_
    0 bytes stack frame, 0 bytes spill stores, 0 bytes spill loads
ptxas info    : Used 48 registers, used 1 barriers, 9360 bytes smem
ptxas info    : Compile time = 52.303 ms
ptxas info    : Compiling entry function '_ZN3cub17_V_300500_SM_10006detail12batch_memcpy27MultiBlockBatchMemcpyKernelINS2_15policy_selectorEjPN4cuda3__417constant_iteratorImlEEPPmSA_PjNS0_13ScanTileStateIjLb1EEEjLNS0_7CopyAlgE1EEEvT1_T2_T3_T4_T5_T6_' for 'sm_100'
ptxas info    : Function properties for _ZN3cub17_V_300500_SM_10006detail12batch_memcpy27MultiBlockBatchMemcpyKernelINS2_15policy_selectorEjPN4cuda3__417constant_iteratorImlEEPPmSA_PjNS0_13ScanTileStateIjLb1EEEjLNS0_7CopyAlgE1EEEvT1_T2_T3_T4_T5_T6_
    0 bytes stack frame, 0 bytes spill stores, 0 bytes spill loads
ptxas info    : Used 22 registers, used 1 barriers, 16 bytes smem
ptxas info    : Compile time = 16.122 ms
ptxas info    : Compiling entry function '_ZN3cub17_V_300500_SM_10006detail12batch_memcpy17BatchMemcpyKernelINS2_15policy_selectorEN6thrust17_V_300500_SM_100018transform_iteratorIN6detail14repeat_index_tImEENS6_17counting_iteratorIiNS6_11use_defaultESC_SC_NS6_20__compile_time_valueILi1EEEEESC_SC_EENS7_INS8_20offset_to_iterator_tImEEPmSC_SC_EENS7_INS8_16offset_to_size_tESF_SC_SC_EEjPN4cuda3__417constant_iteratorImlEEPSJ_SJ_PjjNS0_13ScanTileStateIjLb1EEESV_LNS0_7CopyAlgE1EEEvT0_T1_T2_T3_T4_T5_T6_T7_T9_T10_' for 'sm_100'
ptxas info    : Function properties for _ZN3cub17_V_300500_SM_10006detail12batch_memcpy17BatchMemcpyKernelINS2_15policy_selectorEN6thrust17_V_300500_SM_100018transform_iteratorIN6detail14repeat_index_tImEENS6_17counting_iteratorIiNS6_11use_defaultESC_SC_NS6_20__compile_time_valueILi1EEEEESC_SC_EENS7_INS8_20offset_to_iterator_tImEEPmSC_SC_EENS7_INS8_16offset_to_size_tESF_SC_SC_EEjPN4cuda3__417constant_iteratorImlEEPSJ_SJ_PjjNS0_13ScanTileStateIjLb1EEESV_LNS0_7CopyAlgE1EEEvT0_T1_T2_T3_T4_T5_T6_T7_T9_T10_
    0 bytes stack frame, 0 bytes spill stores, 0 bytes spill loads
ptxas info    : Used 40 registers, used 1 barriers, 9360 bytes smem
ptxas info    : Compile time = 53.756 ms
ptxas info    : Compiling entry function '_ZN3cub17_V_300500_SM_10006detail12batch_memcpy27MultiBlockBatchMemcpyKernelINS2_15policy_selectorEjPN4cuda3__417constant_iteratorIjlEEPPjPmSA_NS0_13ScanTileStateIjLb1EEEjLNS0_7CopyAlgE1EEEvT1_T2_T3_T4_T5_T6_' for 'sm_100'
ptxas info    : Function properties for _ZN3cub17_V_300500_SM_10006detail12batch_memcpy27MultiBlockBatchMemcpyKernelINS2_15policy_selectorEjPN4cuda3__417constant_iteratorIjlEEPPjPmSA_NS0_13ScanTileStateIjLb1EEEjLNS0_7CopyAlgE1EEEvT1_T2_T3_T4_T5_T6_
    0 bytes stack frame, 0 bytes spill stores, 0 bytes spill loads
ptxas info    : Used 21 registers, used 1 barriers, 16 bytes smem
ptxas info    : Compile time = 16.121 ms
ptxas info    : Compiling entry function '_ZN3cub17_V_300500_SM_10006detail12batch_memcpy17BatchMemcpyKernelINS2_15policy_selectorEN6thrust17_V_300500_SM_100018transform_iteratorIN6detail14repeat_index_tIjEENS6_17counting_iteratorIiNS6_11use_defaultESC_SC_NS6_20__compile_time_valueILi1EEEEESC_SC_EENS7_INS8_20offset_to_iterator_tIjEEPmSC_SC_EENS7_INS8_16offset_to_size_tESF_SC_SC_EEjPN4cuda3__417constant_iteratorIjlEEPPjSJ_SS_jNS0_13ScanTileStateIjLb1EEESV_LNS0_7CopyAlgE1EEEvT0_T1_T2_T3_T4_T5_T6_T7_T9_T10_' for 'sm_100'
ptxas info    : Function properties for _ZN3cub17_V_300500_SM_10006detail12batch_memcpy17BatchMemcpyKernelINS2_15policy_selectorEN6thrust17_V_300500_SM_100018transform_iteratorIN6detail14repeat_index_tIjEENS6_17counting_iteratorIiNS6_11use_defaultESC_SC_NS6_20__compile_time_valueILi1EEEEESC_SC_EENS7_INS8_20offset_to_iterator_tIjEEPmSC_SC_EENS7_INS8_16offset_to_size_tESF_SC_SC_EEjPN4cuda3__417constant_iteratorIjlEEPPjSJ_SS_jNS0_13ScanTileStateIjLb1EEESV_LNS0_7CopyAlgE1EEEvT0_T1_T2_T3_T4_T5_T6_T7_T9_T10_
    0 bytes stack frame, 0 bytes spill stores, 0 bytes spill loads
ptxas info    : Used 48 registers, used 1 barriers, 9360 bytes smem
ptxas info    : Compile time = 53.119 ms
ptxas info    : Compiling entry function '_ZN3cub17_V_300500_SM_10006detail12batch_memcpy27MultiBlockBatchMemcpyKernelINS2_15policy_selectorEjPN4cuda3__417constant_iteratorItlEEPPtPmPjNS0_13ScanTileStateIjLb1EEEjLNS0_7CopyAlgE1EEEvT1_T2_T3_T4_T5_T6_' for 'sm_100'
ptxas info    : Function properties for _ZN3cub17_V_300500_SM_10006detail12batch_memcpy27MultiBlockBatchMemcpyKernelINS2_15policy_selectorEjPN4cuda3__417constant_iteratorItlEEPPtPmPjNS0_13ScanTileStateIjLb1EEEjLNS0_7CopyAlgE1EEEvT1_T2_T3_T4_T5_T6_
    0 bytes stack frame, 0 bytes spill stores, 0 bytes spill loads
ptxas info    : Used 21 registers, used 1 barriers, 16 bytes smem
ptxas info    : Compile time = 16.132 ms
ptxas info    : Compiling entry function '_ZN3cub17_V_300500_SM_10006detail12batch_memcpy17BatchMemcpyKernelINS2_15policy_selectorEN6thrust17_V_300500_SM_100018transform_iteratorIN6detail14repeat_index_tItEENS6_17counting_iteratorIiNS6_11use_defaultESC_SC_NS6_20__compile_time_valueILi1EEEEESC_SC_EENS7_INS8_20offset_to_iterator_tItEEPmSC_SC_EENS7_INS8_16offset_to_size_tESF_SC_SC_EEjPN4cuda3__417constant_iteratorItlEEPPtSJ_PjjNS0_13ScanTileStateIjLb1EEESW_LNS0_7CopyAlgE1EEEvT0_T1_T2_T3_T4_T5_T6_T7_T9_T10_' for 'sm_100'
ptxas info    : Function properties for _ZN3cub17_V_300500_SM_10006detail12batch_memcpy17BatchMemcpyKernelINS2_15policy_selectorEN6thrust17_V_300500_SM_100018transform_iteratorIN6detail14repeat_index_tItEENS6_17counting_iteratorIiNS6_11use_defaultESC_SC_NS6_20__compile_time_valueILi1EEEEESC_SC_EENS7_INS8_20offset_to_iterator_tItEEPmSC_SC_EENS7_INS8_16offset_to_size_tESF_SC_SC_EEjPN4cuda3__417constant_iteratorItlEEPPtSJ_PjjNS0_13ScanTileStateIjLb1EEESW_LNS0_7CopyAlgE1EEEvT0_T1_T2_T3_T4_T5_T6_T7_T9_T10_
    0 bytes stack frame, 0 bytes spill stores, 0 bytes spill loads
ptxas info    : Used 48 registers, used 1 barriers, 9360 bytes smem
ptxas info    : Compile time = 53.582 ms
ptxas info    : Compiling entry function '_ZN3cub17_V_300500_SM_10006detail12batch_memcpy27MultiBlockBatchMemcpyKernelINS2_15policy_selectorEjPN4cuda3__417constant_iteratorIhlEEPPhPmPjNS0_13ScanTileStateIjLb1EEEjLNS0_7CopyAlgE1EEEvT1_T2_T3_T4_T5_T6_' for 'sm_100'
ptxas info    : Function properties for _ZN3cub17_V_300500_SM_10006detail12batch_memcpy27MultiBlockBatchMemcpyKernelINS2_15policy_selectorEjPN4cuda3__417constant_iteratorIhlEEPPhPmPjNS0_13ScanTileStateIjLb1EEEjLNS0_7CopyAlgE1EEEvT1_T2_T3_T4_T5_T6_
    0 bytes stack frame, 0 bytes spill stores, 0 bytes spill loads
ptxas info    : Used 21 registers, used 1 barriers, 16 bytes smem
ptxas info    : Compile time = 15.802 ms
ptxas info    : Compiling entry function '_ZN3cub17_V_300500_SM_10006detail12batch_memcpy17BatchMemcpyKernelINS2_15policy_selectorEN6thrust17_V_300500_SM_100018transform_iteratorIN6detail14repeat_index_tIhEENS6_17counting_iteratorIiNS6_11use_defaultESC_SC_NS6_20__compile_time_valueILi1EEEEESC_SC_EENS7_INS8_20offset_to_iterator_tIhEEPmSC_SC_EENS7_INS8_16offset_to_size_tESF_SC_SC_EEjPN4cuda3__417constant_iteratorIhlEEPPhSJ_PjjNS0_13ScanTileStateIjLb1EEESW_LNS0_7CopyAlgE1EEEvT0_T1_T2_T3_T4_T5_T6_T7_T9_T10_' for 'sm_100'
ptxas info    : Function properties for _ZN3cub17_V_300500_SM_10006detail12batch_memcpy17BatchMemcpyKernelINS2_15policy_selectorEN6thrust17_V_300500_SM_100018transform_iteratorIN6detail14repeat_index_tIhEENS6_17counting_iteratorIiNS6_11use_defaultESC_SC_NS6_20__compile_time_valueILi1EEEEESC_SC_EENS7_INS8_20offset_to_iterator_tIhEEPmSC_SC_EENS7_INS8_16offset_to_size_tESF_SC_SC_EEjPN4cuda3__417constant_iteratorIhlEEPPhSJ_PjjNS0_13ScanTileStateIjLb1EEESW_LNS0_7CopyAlgE1EEEvT0_T1_T2_T3_T4_T5_T6_T7_T9_T10_
    0 bytes stack frame, 0 bytes spill stores, 0 bytes spill loads
ptxas info    : Used 48 registers, used 1 barriers, 9360 bytes smem
ptxas info    : Compile time = 52.325 ms
ptxas info    : Compiling entry function '_ZN3cub17_V_300500_SM_10006detail12batch_memcpy27MultiBlockBatchMemcpyKernelINS2_15policy_selectorEjPN4cuda3__417constant_iteratorIblEEPPbPmPjNS0_13ScanTileStateIjLb1EEEjLNS0_7CopyAlgE1EEEvT1_T2_T3_T4_T5_T6_' for 'sm_100'
ptxas info    : Function properties for _ZN3cub17_V_300500_SM_10006detail12batch_memcpy27MultiBlockBatchMemcpyKernelINS2_15policy_selectorEjPN4cuda3__417constant_iteratorIblEEPPbPmPjNS0_13ScanTileStateIjLb1EEEjLNS0_7CopyAlgE1EEEvT1_T2_T3_T4_T5_T6_
    0 bytes stack frame, 0 bytes spill stores, 0 bytes spill loads
ptxas info    : Used 21 registers, used 1 barriers, 16 bytes smem
ptxas info    : Compile time = 15.848 ms
ptxas info    : Compiling entry function '_ZN3cub17_V_300500_SM_10006detail12batch_memcpy17BatchMemcpyKernelINS2_15policy_selectorEN6thrust17_V_300500_SM_100018transform_iteratorIN6detail14repeat_index_tIbEENS6_17counting_iteratorIiNS6_11use_defaultESC_SC_NS6_20__compile_time_valueILi1EEEEESC_SC_EENS7_INS8_20offset_to_iterator_tIbEEPmSC_SC_EENS7_INS8_16offset_to_size_tESF_SC_SC_EEjPN4cuda3__417constant_iteratorIblEEPPbSJ_PjjNS0_13ScanTileStateIjLb1EEESW_LNS0_7CopyAlgE1EEEvT0_T1_T2_T3_T4_T5_T6_T7_T9_T10_' for 'sm_100'
ptxas info    : Function properties for _ZN3cub17_V_300500_SM_10006detail12batch_memcpy17BatchMemcpyKernelINS2_15policy_selectorEN6thrust17_V_300500_SM_100018transform_iteratorIN6detail14repeat_index_tIbEENS6_17counting_iteratorIiNS6_11use_defaultESC_SC_NS6_20__compile_time_valueILi1EEEEESC_SC_EENS7_INS8_20offset_to_iterator_tIbEEPmSC_SC_EENS7_INS8_16offset_to_size_tESF_SC_SC_EEjPN4cuda3__417constant_iteratorIblEEPPbSJ_PjjNS0_13ScanTileStateIjLb1EEESW_LNS0_7CopyAlgE1EEEvT0_T1_T2_T3_T4_T5_T6_T7_T9_T10_
    0 bytes stack frame, 0 bytes spill stores, 0 bytes spill loads
ptxas info    : Used 48 registers, used 1 barriers, 9360 bytes smem
ptxas info    : Compile time = 52.897 ms
ptxas info    : Compiling entry function '_ZN3cub17_V_300500_SM_10006detail12batch_memcpy19InitTileStateKernelINS0_13ScanTileStateIjLb1EEES5_jEEvT_T0_T1_' for 'sm_100'
ptxas info    : Function properties for _ZN3cub17_V_300500_SM_10006detail12batch_memcpy19InitTileStateKernelINS0_13ScanTileStateIjLb1EEES5_jEEvT_T0_T1_
    0 bytes stack frame, 0 bytes spill stores, 0 bytes spill loads
ptxas info    : Used 16 registers, used 0 barriers
ptxas info    : Compile time = 1.475 ms
ptxas info    : Compiling entry function '_ZN3cub17_V_300500_SM_10006detail11EmptyKernelIvEEvv' for 'sm_100'
ptxas info    : Function properties for _ZN3cub17_V_300500_SM_10006detail11EmptyKernelIvEEvv
    0 bytes stack frame, 0 bytes spill stores, 0 bytes spill loads
ptxas info    : Used 4 registers, used 0 barriers
ptxas info    : Compile time = 0.455 ms
[43/44] Building CUDA object cub/benchmarks/CMakeFiles/cub.bench.topk.pairs.base.dir/bench/topk/pairs.cu.o
ptxas info    : 124 bytes gmem
ptxas info    : Compiling entry function '_ZN7nvbench6detail11noop_kernelIvEEvv' for 'sm_100'
ptxas info    : Function properties for _ZN7nvbench6detail11noop_kernelIvEEvv
    0 bytes stack frame, 0 bytes spill stores, 0 bytes spill loads
ptxas info    : Used 4 registers, used 0 barriers
ptxas info    : Compile time = 1.738 ms
ptxas info    : Compiling entry function '_ZN3cub17_V_300500_SM_10006detail8for_each13static_kernelINS2_15policy_selectorEmN6thrust17_V_300500_SM_10008cuda_cub20__uninitialized_fill7functorINS6_10device_ptrIlEElEEEEvT0_T1_' for 'sm_100'
ptxas info    : Function properties for _ZN3cub17_V_300500_SM_10006detail8for_each13static_kernelINS2_15policy_selectorEmN6thrust17_V_300500_SM_10008cuda_cub20__uninitialized_fill7functorINS6_10device_ptrIlEElEEEEvT0_T1_
    0 bytes stack frame, 0 bytes spill stores, 0 bytes spill loads
ptxas info    : Used 9 registers, used 0 barriers
ptxas info    : Compile time = 2.154 ms
ptxas info    : Compiling entry function '_ZN3cub17_V_300500_SM_10006detail8for_each13static_kernelINS2_15policy_selectorEmN6thrust17_V_300500_SM_10008cuda_cub20__uninitialized_fill7functorINS6_10device_ptrIiEEiEEEEvT0_T1_' for 'sm_100'
ptxas info    : Function properties for _ZN3cub17_V_300500_SM_10006detail8for_each13static_kernelINS2_15policy_selectorEmN6thrust17_V_300500_SM_10008cuda_cub20__uninitialized_fill7functorINS6_10device_ptrIiEEiEEEEvT0_T1_
    0 bytes stack frame, 0 bytes spill stores, 0 bytes spill loads
ptxas info    : Used 8 registers, used 0 barriers
ptxas info    : Compile time = 1.875 ms
ptxas info    : Compiling entry function '_ZN3cub17_V_300500_SM_10006detail8for_each13static_kernelINS2_15policy_selectorEmN6thrust17_V_300500_SM_10008cuda_cub20__uninitialized_fill7functorINS6_10device_ptrIsEEsEEEEvT0_T1_' for 'sm_100'
ptxas info    : Function properties for _ZN3cub17_V_300500_SM_10006detail8for_each13static_kernelINS2_15policy_selectorEmN6thrust17_V_300500_SM_10008cuda_cub20__uninitialized_fill7functorINS6_10device_ptrIsEEsEEEEvT0_T1_
    0 bytes stack frame, 0 bytes spill stores, 0 bytes spill loads
ptxas info    : Used 8 registers, used 0 barriers
ptxas info    : Compile time = 1.851 ms
ptxas info    : Compiling entry function '_ZN3cub17_V_300500_SM_10006detail8for_each13static_kernelINS2_15policy_selectorEmN6thrust17_V_300500_SM_10008cuda_cub20__uninitialized_fill7functorINS6_10device_ptrIaEEaEEEEvT0_T1_' for 'sm_100'
ptxas info    : Function properties for _ZN3cub17_V_300500_SM_10006detail8for_each13static_kernelINS2_15policy_selectorEmN6thrust17_V_300500_SM_10008cuda_cub20__uninitialized_fill7functorINS6_10device_ptrIaEEaEEEEvT0_T1_
    0 bytes stack frame, 0 bytes spill stores, 0 bytes spill loads
ptxas info    : Used 10 registers, used 0 barriers
ptxas info    : Compile time = 1.802 ms
ptxas info    : Compiling entry function '_ZN3cub17_V_300500_SM_10006detail12batched_topk44device_segmented_topk_finalize_filter_kernelINS2_26policy_selector_from_typesIlllLl8388608EEELNS1_4topk6selectE1EN4cuda3__417constant_iteratorIPKllEENSA_IPllEENSA_INS9_17counting_iteratorIjlLi0ELi0ELi0EEElEENS9_18transform_iteratorINS2_26per_segment_indexed_out_opISD_SF_EENSG_IlnLi0ELi0ELi0EEEEENS1_6params13uniform_paramIlLl0ELl268435456EEENSP_IlLl1ELl8388608EEENSP_IlLl1ELl1EEESE_jPyNS1_21identity_decomposer_tEjjlEEvT1_T2_T3_T4_T5_T6_T7_T8_PKT9_PNS6_7counterIT14_T12_T13_EEPS18_PS17_PNS8_3std3__415iterator_traitsINS1G_ISX_vE10value_typeEvE10value_typeES1D_S1L_T10_S18_S18_iiT11_b' for 'sm_100'
ptxas info    : Function properties for _ZN3cub17_V_300500_SM_10006detail12batched_topk44device_segmented_topk_finalize_filter_kernelINS2_26policy_selector_from_typesIlllLl8388608EEELNS1_4topk6selectE1EN4cuda3__417constant_iteratorIPKllEENSA_IPllEENSA_INS9_17counting_iteratorIjlLi0ELi0ELi0EEElEENS9_18transform_iteratorINS2_26per_segment_indexed_out_opISD_SF_EENSG_IlnLi0ELi0ELi0EEEEENS1_6params13uniform_paramIlLl0ELl268435456EEENSP_IlLl1ELl8388608EEENSP_IlLl1ELl1EEESE_jPyNS1_21identity_decomposer_tEjjlEEvT1_T2_T3_T4_T5_T6_T7_T8_PKT9_PNS6_7counterIT14_T12_T13_EEPS18_PS17_PNS8_3std3__415iterator_traitsINS1G_ISX_vE10value_typeEvE10value_typeES1D_S1L_T10_S18_S18_iiT11_b
    0 bytes stack frame, 0 bytes spill stores, 0 bytes spill loads
ptxas info    : Used 52 registers, used 1 barriers, 8208 bytes smem
ptxas info    : Compile time = 26.895 ms
ptxas info    : Compiling entry function '_ZN3cub17_V_300500_SM_10006detail12batched_topk40device_segmented_topk_last_filter_kernelINS2_26policy_selector_from_typesIlllLl8388608EEELNS1_4topk6selectE1EN4cuda3__417constant_iteratorIPKllEENSA_IPllEENSA_INS9_17counting_iteratorIjlLi0ELi0ELi0EEElEENS9_18transform_iteratorINS2_26per_segment_indexed_out_opISD_SF_EENSG_IlnLi0ELi0ELi0EEEEENS1_6params13uniform_paramIlLl0ELl268435456EEENSP_IlLl1ELl8388608EEENSP_IlLl1ELl1EEESE_jPyNS1_21identity_decomposer_tEjjEEvT1_T2_T3_T4_T5_T6_T7_T8_PKT9_PNS6_7counterINS8_3std3__415iterator_traitsINS19_ISV_vE10value_typeEvE10value_typeET12_T13_EEPS1D_PNS19_INS19_ISX_vE10value_typeEvE10value_typeES1E_T10_iiT11_' for 'sm_100'
ptxas info    : Function properties for _ZN3cub17_V_300500_SM_10006detail12batched_topk40device_segmented_topk_last_filter_kernelINS2_26policy_selector_from_typesIlllLl8388608EEELNS1_4topk6selectE1EN4cuda3__417constant_iteratorIPKllEENSA_IPllEENSA_INS9_17counting_iteratorIjlLi0ELi0ELi0EEElEENS9_18transform_iteratorINS2_26per_segment_indexed_out_opISD_SF_EENSG_IlnLi0ELi0ELi0EEEEENS1_6params13uniform_paramIlLl0ELl268435456EEENSP_IlLl1ELl8388608EEENSP_IlLl1ELl1EEESE_jPyNS1_21identity_decomposer_tEjjEEvT1_T2_T3_T4_T5_T6_T7_T8_PKT9_PNS6_7counterINS8_3std3__415iterator_traitsINS19_ISV_vE10value_typeEvE10value_typeET12_T13_EEPS1D_PNS19_INS19_ISX_vE10value_typeEvE10value_typeES1E_T10_iiT11_
    0 bytes stack frame, 0 bytes spill stores, 0 bytes spill loads
ptxas info    : Used 40 registers, used 1 barriers
ptxas info    : Compile time = 81.939 ms
ptxas info    : Compiling entry function '_ZN3cub17_V_300500_SM_10006detail12batched_topk35device_segmented_topk_filter_kernelINS2_26policy_selector_from_typesIlllLl8388608EEELNS1_4topk6selectE1EN4cuda3__417constant_iteratorIPKllEENSA_IPllEENSA_INS9_17counting_iteratorIjlLi0ELi0ELi0EEElEENS9_18transform_iteratorINS2_26per_segment_indexed_out_opISD_SF_EENSG_IlnLi0ELi0ELi0EEEEENS1_6params13uniform_paramIlLl0ELl268435456EEENSP_IlLl1ELl8388608EEENSP_IlLl1ELl1EEESE_jPyNS1_21identity_decomposer_tEjjLi7EEEvT1_T2_T3_T4_T5_T6_T7_T8_PKT9_PNS6_7counterINS8_3std3__415iterator_traitsINS19_ISV_vE10value_typeEvE10value_typeET12_T13_EEPS1E_PS1D_PNS19_INS19_ISX_vE10value_typeEvE10value_typeES1J_S1O_S1E_S1E_T10_iibT11_' for 'sm_100'
ptxas info    : Function properties for _ZN3cub17_V_300500_SM_10006detail12batched_topk35device_segmented_topk_filter_kernelINS2_26policy_selector_from_typesIlllLl8388608EEELNS1_4topk6selectE1EN4cuda3__417constant_iteratorIPKllEENSA_IPllEENSA_INS9_17counting_iteratorIjlLi0ELi0ELi0EEElEENS9_18transform_iteratorINS2_26per_segment_indexed_out_opISD_SF_EENSG_IlnLi0ELi0ELi0EEEEENS1_6params13uniform_paramIlLl0ELl268435456EEENSP_IlLl1ELl8388608EEENSP_IlLl1ELl1EEESE_jPyNS1_21identity_decomposer_tEjjLi7EEEvT1_T2_T3_T4_T5_T6_T7_T8_PKT9_PNS6_7counterINS8_3std3__415iterator_traitsINS19_ISV_vE10value_typeEvE10value_typeET12_T13_EEPS1E_PS1D_PNS19_INS19_ISX_vE10value_typeEvE10value_typeES1J_S1O_S1E_S1E_T10_iibT11_
    0 bytes stack frame, 0 bytes spill stores, 0 bytes spill loads
ptxas info    : Used 40 registers, used 1 barriers, 8196 bytes smem
ptxas info    : Compile time = 24.664 ms
ptxas info    : Compiling entry function '_ZN3cub17_V_300500_SM_10006detail12batched_topk35device_segmented_topk_filter_kernelINS2_26policy_selector_from_typesIlllLl8388608EEELNS1_4topk6selectE1EN4cuda3__417constant_iteratorIPKllEENSA_IPllEENSA_INS9_17counting_iteratorIjlLi0ELi0ELi0EEElEENS9_18transform_iteratorINS2_26per_segment_indexed_out_opISD_SF_EENSG_IlnLi0ELi0ELi0EEEEENS1_6params13uniform_paramIlLl0ELl268435456EEENSP_IlLl1ELl8388608EEENSP_IlLl1ELl1EEESE_jPyNS1_21identity_decomposer_tEjjLi6EEEvT1_T2_T3_T4_T5_T6_T7_T8_PKT9_PNS6_7counterINS8_3std3__415iterator_traitsINS19_ISV_vE10value_typeEvE10value_typeET12_T13_EEPS1E_PS1D_PNS19_INS19_ISX_vE10value_typeEvE10value_typeES1J_S1O_S1E_S1E_T10_iibT11_' for 'sm_100'
ptxas info    : Function properties for _ZN3cub17_V_300500_SM_10006detail12batched_topk35device_segmented_topk_filter_kernelINS2_26policy_selector_from_typesIlllLl8388608EEELNS1_4topk6selectE1EN4cuda3__417constant_iteratorIPKllEENSA_IPllEENSA_INS9_17counting_iteratorIjlLi0ELi0ELi0EEElEENS9_18transform_iteratorINS2_26per_segment_indexed_out_opISD_SF_EENSG_IlnLi0ELi0ELi0EEEEENS1_6params13uniform_paramIlLl0ELl268435456EEENSP_IlLl1ELl8388608EEENSP_IlLl1ELl1EEESE_jPyNS1_21identity_decomposer_tEjjLi6EEEvT1_T2_T3_T4_T5_T6_T7_T8_PKT9_PNS6_7counterINS8_3std3__415iterator_traitsINS19_ISV_vE10value_typeEvE10value_typeET12_T13_EEPS1E_PS1D_PNS19_INS19_ISX_vE10value_typeEvE10value_typeES1J_S1O_S1E_S1E_T10_iibT11_
    0 bytes stack frame, 0 bytes spill stores, 0 bytes spill loads
ptxas info    : Used 40 registers, used 1 barriers, 8196 bytes smem
ptxas info    : Compile time = 21.204 ms
ptxas info    : Compiling entry function '_ZN3cub17_V_300500_SM_10006detail12batched_topk35device_segmented_topk_filter_kernelINS2_26policy_selector_from_typesIlllLl8388608EEELNS1_4topk6selectE1EN4cuda3__417constant_iteratorIPKllEENSA_IPllEENSA_INS9_17counting_iteratorIjlLi0ELi0ELi0EEElEENS9_18transform_iteratorINS2_26per_segment_indexed_out_opISD_SF_EENSG_IlnLi0ELi0ELi0EEEEENS1_6params13uniform_paramIlLl0ELl268435456EEENSP_IlLl1ELl8388608EEENSP_IlLl1ELl1EEESE_jPyNS1_21identity_decomposer_tEjjLi5EEEvT1_T2_T3_T4_T5_T6_T7_T8_PKT9_PNS6_7counterINS8_3std3__415iterator_traitsINS19_ISV_vE10value_typeEvE10value_typeET12_T13_EEPS1E_PS1D_PNS19_INS19_ISX_vE10value_typeEvE10value_typeES1J_S1O_S1E_S1E_T10_iibT11_' for 'sm_100'
ptxas info    : Function properties for _ZN3cub17_V_300500_SM_10006detail12batched_topk35device_segmented_topk_filter_kernelINS2_26policy_selector_from_typesIlllLl8388608EEELNS1_4topk6selectE1EN4cuda3__417constant_iteratorIPKllEENSA_IPllEENSA_INS9_17counting_iteratorIjlLi0ELi0ELi0EEElEENS9_18transform_iteratorINS2_26per_segment_indexed_out_opISD_SF_EENSG_IlnLi0ELi0ELi0EEEEENS1_6params13uniform_paramIlLl0ELl268435456EEENSP_IlLl1ELl8388608EEENSP_IlLl1ELl1EEESE_jPyNS1_21identity_decomposer_tEjjLi5EEEvT1_T2_T3_T4_T5_T6_T7_T8_PKT9_PNS6_7counterINS8_3std3__415iterator_traitsINS19_ISV_vE10value_typeEvE10value_typeET12_T13_EEPS1E_PS1D_PNS19_INS19_ISX_vE10value_typeEvE10value_typeES1J_S1O_S1E_S1E_T10_iibT11_
    0 bytes stack frame, 0 bytes spill stores, 0 bytes spill loads
ptxas info    : Used 40 registers, used 1 barriers, 8196 bytes smem
ptxas info    : Compile time = 21.667 ms
ptxas info    : Compiling entry function '_ZN3cub17_V_300500_SM_10006detail12batched_topk35device_segmented_topk_filter_kernelINS2_26policy_selector_from_typesIlllLl8388608EEELNS1_4topk6selectE1EN4cuda3__417constant_iteratorIPKllEENSA_IPllEENSA_INS9_17counting_iteratorIjlLi0ELi0ELi0EEElEENS9_18transform_iteratorINS2_26per_segment_indexed_out_opISD_SF_EENSG_IlnLi0ELi0ELi0EEEEENS1_6params13uniform_paramIlLl0ELl268435456EEENSP_IlLl1ELl8388608EEENSP_IlLl1ELl1EEESE_jPyNS1_21identity_decomposer_tEjjLi4EEEvT1_T2_T3_T4_T5_T6_T7_T8_PKT9_PNS6_7counterINS8_3std3__415iterator_traitsINS19_ISV_vE10value_typeEvE10value_typeET12_T13_EEPS1E_PS1D_PNS19_INS19_ISX_vE10value_typeEvE10value_typeES1J_S1O_S1E_S1E_T10_iibT11_' for 'sm_100'
ptxas info    : Function properties for _ZN3cub17_V_300500_SM_10006detail12batched_topk35device_segmented_topk_filter_kernelINS2_26policy_selector_from_typesIlllLl8388608EEELNS1_4topk6selectE1EN4cuda3__417constant_iteratorIPKllEENSA_IPllEENSA_INS9_17counting_iteratorIjlLi0ELi0ELi0EEElEENS9_18transform_iteratorINS2_26per_segment_indexed_out_opISD_SF_EENSG_IlnLi0ELi0ELi0EEEEENS1_6params13uniform_paramIlLl0ELl268435456EEENSP_IlLl1ELl8388608EEENSP_IlLl1ELl1EEESE_jPyNS1_21identity_decomposer_tEjjLi4EEEvT1_T2_T3_T4_T5_T6_T7_T8_PKT9_PNS6_7counterINS8_3std3__415iterator_traitsINS19_ISV_vE10value_typeEvE10value_typeET12_T13_EEPS1E_PS1D_PNS19_INS19_ISX_vE10value_typeEvE10value_typeES1J_S1O_S1E_S1E_T10_iibT11_
    0 bytes stack frame, 0 bytes spill stores, 0 bytes spill loads
ptxas info    : Used 40 registers, used 1 barriers, 8196 bytes smem
ptxas info    : Compile time = 21.676 ms
ptxas info    : Compiling entry function '_ZN3cub17_V_300500_SM_10006detail12batched_topk35device_segmented_topk_filter_kernelINS2_26policy_selector_from_typesIlllLl8388608EEELNS1_4topk6selectE1EN4cuda3__417constant_iteratorIPKllEENSA_IPllEENSA_INS9_17counting_iteratorIjlLi0ELi0ELi0EEElEENS9_18transform_iteratorINS2_26per_segment_indexed_out_opISD_SF_EENSG_IlnLi0ELi0ELi0EEEEENS1_6params13uniform_paramIlLl0ELl268435456EEENSP_IlLl1ELl8388608EEENSP_IlLl1ELl1EEESE_jPyNS1_21identity_decomposer_tEjjLi3EEEvT1_T2_T3_T4_T5_T6_T7_T8_PKT9_PNS6_7counterINS8_3std3__415iterator_traitsINS19_ISV_vE10value_typeEvE10value_typeET12_T13_EEPS1E_PS1D_PNS19_INS19_ISX_vE10value_typeEvE10value_typeES1J_S1O_S1E_S1E_T10_iibT11_' for 'sm_100'
ptxas info    : Function properties for _ZN3cub17_V_300500_SM_10006detail12batched_topk35device_segmented_topk_filter_kernelINS2_26policy_selector_from_typesIlllLl8388608EEELNS1_4topk6selectE1EN4cuda3__417constant_iteratorIPKllEENSA_IPllEENSA_INS9_17counting_iteratorIjlLi0ELi0ELi0EEElEENS9_18transform_iteratorINS2_26per_segment_indexed_out_opISD_SF_EENSG_IlnLi0ELi0ELi0EEEEENS1_6params13uniform_paramIlLl0ELl268435456EEENSP_IlLl1ELl8388608EEENSP_IlLl1ELl1EEESE_jPyNS1_21identity_decomposer_tEjjLi3EEEvT1_T2_T3_T4_T5_T6_T7_T8_PKT9_PNS6_7counterINS8_3std3__415iterator_traitsINS19_ISV_vE10value_typeEvE10value_typeET12_T13_EEPS1E_PS1D_PNS19_INS19_ISX_vE10value_typeEvE10value_typeES1J_S1O_S1E_S1E_T10_iibT11_
    0 bytes stack frame, 0 bytes spill stores, 0 bytes spill loads
ptxas info    : Used 40 registers, used 1 barriers, 8196 bytes smem
ptxas info    : Compile time = 21.672 ms
ptxas info    : Compiling entry function '_ZN3cub17_V_300500_SM_10006detail12batched_topk35device_segmented_topk_filter_kernelINS2_26policy_selector_from_typesIlllLl8388608EEELNS1_4topk6selectE1EN4cuda3__417constant_iteratorIPKllEENSA_IPllEENSA_INS9_17counting_iteratorIjlLi0ELi0ELi0EEElEENS9_18transform_iteratorINS2_26per_segment_indexed_out_opISD_SF_EENSG_IlnLi0ELi0ELi0EEEEENS1_6params13uniform_paramIlLl0ELl268435456EEENSP_IlLl1ELl8388608EEENSP_IlLl1ELl1EEESE_jPyNS1_21identity_decomposer_tEjjLi2EEEvT1_T2_T3_T4_T5_T6_T7_T8_PKT9_PNS6_7counterINS8_3std3__415iterator_traitsINS19_ISV_vE10value_typeEvE10value_typeET12_T13_EEPS1E_PS1D_PNS19_INS19_ISX_vE10value_typeEvE10value_typeES1J_S1O_S1E_S1E_T10_iibT11_' for 'sm_100'
ptxas info    : Function properties for _ZN3cub17_V_300500_SM_10006detail12batched_topk35device_segmented_topk_filter_kernelINS2_26policy_selector_from_typesIlllLl8388608EEELNS1_4topk6selectE1EN4cuda3__417constant_iteratorIPKllEENSA_IPllEENSA_INS9_17counting_iteratorIjlLi0ELi0ELi0EEElEENS9_18transform_iteratorINS2_26per_segment_indexed_out_opISD_SF_EENSG_IlnLi0ELi0ELi0EEEEENS1_6params13uniform_paramIlLl0ELl268435456EEENSP_IlLl1ELl8388608EEENSP_IlLl1ELl1EEESE_jPyNS1_21identity_decomposer_tEjjLi2EEEvT1_T2_T3_T4_T5_T6_T7_T8_PKT9_PNS6_7counterINS8_3std3__415iterator_traitsINS19_ISV_vE10value_typeEvE10value_typeET12_T13_EEPS1E_PS1D_PNS19_INS19_ISX_vE10value_typeEvE10value_typeES1J_S1O_S1E_S1E_T10_iibT11_
    0 bytes stack frame, 0 bytes spill stores, 0 bytes spill loads
ptxas info    : Used 40 registers, used 1 barriers, 8196 bytes smem
ptxas info    : Compile time = 21.646 ms
ptxas info    : Compiling entry function '_ZN3cub17_V_300500_SM_10006detail12batched_topk35device_segmented_topk_filter_kernelINS2_26policy_selector_from_typesIlllLl8388608EEELNS1_4topk6selectE1EN4cuda3__417constant_iteratorIPKllEENSA_IPllEENSA_INS9_17counting_iteratorIjlLi0ELi0ELi0EEElEENS9_18transform_iteratorINS2_26per_segment_indexed_out_opISD_SF_EENSG_IlnLi0ELi0ELi0EEEEENS1_6params13uniform_paramIlLl0ELl268435456EEENSP_IlLl1ELl8388608EEENSP_IlLl1ELl1EEESE_jPyNS1_21identity_decomposer_tEjjLi0EEEvT1_T2_T3_T4_T5_T6_T7_T8_PKT9_PNS6_7counterINS8_3std3__415iterator_traitsINS19_ISV_vE10value_typeEvE10value_typeET12_T13_EEPS1E_PS1D_PNS19_INS19_ISX_vE10value_typeEvE10value_typeES1J_S1O_S1E_S1E_T10_iibT11_' for 'sm_100'
ptxas info    : Function properties for _ZN3cub17_V_300500_SM_10006detail12batched_topk35device_segmented_topk_filter_kernelINS2_26policy_selector_from_typesIlllLl8388608EEELNS1_4topk6selectE1EN4cuda3__417constant_iteratorIPKllEENSA_IPllEENSA_INS9_17counting_iteratorIjlLi0ELi0ELi0EEElEENS9_18transform_iteratorINS2_26per_segment_indexed_out_opISD_SF_EENSG_IlnLi0ELi0ELi0EEEEENS1_6params13uniform_paramIlLl0ELl268435456EEENSP_IlLl1ELl8388608EEENSP_IlLl1ELl1EEESE_jPyNS1_21identity_decomposer_tEjjLi0EEEvT1_T2_T3_T4_T5_T6_T7_T8_PKT9_PNS6_7counterINS8_3std3__415iterator_traitsINS19_ISV_vE10value_typeEvE10value_typeET12_T13_EEPS1E_PS1D_PNS19_INS19_ISX_vE10value_typeEvE10value_typeES1J_S1O_S1E_S1E_T10_iibT11_
    0 bytes stack frame, 0 bytes spill stores, 0 bytes spill loads
ptxas info    : Used 23 registers, used 1 barriers, 8196 bytes smem
ptxas info    : Compile time = 7.944 ms
ptxas info    : Compiling entry function '_ZN3cub17_V_300500_SM_10006detail12batched_topk35device_segmented_topk_filter_kernelINS2_26policy_selector_from_typesIlllLl8388608EEELNS1_4topk6selectE1EN4cuda3__417constant_iteratorIPKllEENSA_IPllEENSA_INS9_17counting_iteratorIjlLi0ELi0ELi0EEElEENS9_18transform_iteratorINS2_26per_segment_indexed_out_opISD_SF_EENSG_IlnLi0ELi0ELi0EEEEENS1_6params13uniform_paramIlLl0ELl268435456EEENSP_IlLl1ELl8388608EEENSP_IlLl1ELl1EEESE_jPyNS1_21identity_decomposer_tEjjLi1EEEvT1_T2_T3_T4_T5_T6_T7_T8_PKT9_PNS6_7counterINS8_3std3__415iterator_traitsINS19_ISV_vE10value_typeEvE10value_typeET12_T13_EEPS1E_PS1D_PNS19_INS19_ISX_vE10value_typeEvE10value_typeES1J_S1O_S1E_S1E_T10_iibT11_' for 'sm_100'
ptxas info    : Function properties for _ZN3cub17_V_300500_SM_10006detail12batched_topk35device_segmented_topk_filter_kernelINS2_26policy_selector_from_typesIlllLl8388608EEELNS1_4topk6selectE1EN4cuda3__417constant_iteratorIPKllEENSA_IPllEENSA_INS9_17counting_iteratorIjlLi0ELi0ELi0EEElEENS9_18transform_iteratorINS2_26per_segment_indexed_out_opISD_SF_EENSG_IlnLi0ELi0ELi0EEEEENS1_6params13uniform_paramIlLl0ELl268435456EEENSP_IlLl1ELl8388608EEENSP_IlLl1ELl1EEESE_jPyNS1_21identity_decomposer_tEjjLi1EEEvT1_T2_T3_T4_T5_T6_T7_T8_PKT9_PNS6_7counterINS8_3std3__415iterator_traitsINS19_ISV_vE10value_typeEvE10value_typeET12_T13_EEPS1E_PS1D_PNS19_INS19_ISX_vE10value_typeEvE10value_typeES1J_S1O_S1E_S1E_T10_iibT11_
    0 bytes stack frame, 0 bytes spill stores, 0 bytes spill loads
ptxas info    : Used 40 registers, used 1 barriers, 8196 bytes smem
ptxas info    : Compile time = 21.792 ms
ptxas info    : Compiling entry function '_ZN3cub17_V_300500_SM_10006detail12batched_topk47device_segmented_topk_finalize_histogram_kernelINS2_26policy_selector_from_typesIlllLl8388608EEEN4cuda3__417constant_iteratorIPKllEENS1_6params13uniform_paramIlLl0ELl268435456EEENSD_IlLl1ELl8388608EEENSD_IlLl1ELl1EEEPlPyNS1_4topk16extract_bin_op_tIlLNSJ_6selectE1ELi11ENS1_21identity_decomposer_tELb1EEEjjlEEvT0_T1_T2_T3_T4_PNSJ_7counterIT9_T7_T8_EEPSV_T5_T6_ib' for 'sm_100'
ptxas info    : Function properties for _ZN3cub17_V_300500_SM_10006detail12batched_topk47device_segmented_topk_finalize_histogram_kernelINS2_26policy_selector_from_typesIlllLl8388608EEEN4cuda3__417constant_iteratorIPKllEENS1_6params13uniform_paramIlLl0ELl268435456EEENSD_IlLl1ELl8388608EEENSD_IlLl1ELl1EEEPlPyNS1_4topk16extract_bin_op_tIlLNSJ_6selectE1ELi11ENS1_21identity_decomposer_tELb1EEEjjlEEvT0_T1_T2_T3_T4_PNSJ_7counterIT9_T7_T8_EEPSV_T5_T6_ib
    0 bytes stack frame, 0 bytes spill stores, 0 bytes spill loads
ptxas info    : Used 40 registers, used 1 barriers, 8192 bytes smem
ptxas info    : Compile time = 9.192 ms
ptxas info    : Compiling entry function '_ZN3cub17_V_300500_SM_10006detail12batched_topk38device_segmented_topk_histogram_kernelINS2_26policy_selector_from_typesIlllLl8388608EEEN4cuda3__417constant_iteratorIPKllEENS1_6params13uniform_paramIlLl0ELl268435456EEENSD_IlLl1ELl8388608EEENSD_IlLl1ELl1EEEPljPyNS1_4topk16extract_bin_op_tIlLNSJ_6selectE1ELi11ENS1_21identity_decomposer_tELb1EEEjjjEEvT0_T1_T2_T3_T4_PKT5_PNSJ_7counterINS6_3std3__415iterator_traitsINSZ_ISO_vE10value_typeEvE10value_typeET8_T9_EEPS14_T6_T7_' for 'sm_100'
ptxas info    : Function properties for _ZN3cub17_V_300500_SM_10006detail12batched_topk38device_segmented_topk_histogram_kernelINS2_26policy_selector_from_typesIlllLl8388608EEEN4cuda3__417constant_iteratorIPKllEENS1_6params13uniform_paramIlLl0ELl268435456EEENSD_IlLl1ELl8388608EEENSD_IlLl1ELl1EEEPljPyNS1_4topk16extract_bin_op_tIlLNSJ_6selectE1ELi11ENS1_21identity_decomposer_tELb1EEEjjjEEvT0_T1_T2_T3_T4_PKT5_PNSJ_7counterINS6_3std3__415iterator_traitsINSZ_ISO_vE10value_typeEvE10value_typeET8_T9_EEPS14_T6_T7_
    0 bytes stack frame, 0 bytes spill stores, 0 bytes spill loads
ptxas info    : Used 30 registers, used 1 barriers, 8240 bytes smem
ptxas info    : Compile time = 19.165 ms
ptxas info    : Compiling entry function '_ZN3cub17_V_300500_SM_10006detail12batched_topk44device_segmented_topk_finalize_filter_kernelINS2_26policy_selector_from_typesIlllLl8388608EEELNS1_4topk6selectE0EN4cuda3__417constant_iteratorIPKllEENSA_IPllEENSA_INS9_17counting_iteratorIjlLi0ELi0ELi0EEElEENS9_18transform_iteratorINS2_26per_segment_indexed_out_opISD_SF_EENSG_IlnLi0ELi0ELi0EEEEENS1_6params13uniform_paramIlLl0ELl268435456EEENSP_IlLl1ELl8388608EEENSP_IlLl1ELl1EEESE_jPyNS1_21identity_decomposer_tEjjlEEvT1_T2_T3_T4_T5_T6_T7_T8_PKT9_PNS6_7counterIT14_T12_T13_EEPS18_PS17_PNS8_3std3__415iterator_traitsINS1G_ISX_vE10value_typeEvE10value_typeES1D_S1L_T10_S18_S18_iiT11_b' for 'sm_100'
ptxas info    : Function properties for _ZN3cub17_V_300500_SM_10006detail12batched_topk44device_segmented_topk_finalize_filter_kernelINS2_26policy_selector_from_typesIlllLl8388608EEELNS1_4topk6selectE0EN4cuda3__417constant_iteratorIPKllEENSA_IPllEENSA_INS9_17counting_iteratorIjlLi0ELi0ELi0EEElEENS9_18transform_iteratorINS2_26per_segment_indexed_out_opISD_SF_EENSG_IlnLi0ELi0ELi0EEEEENS1_6params13uniform_paramIlLl0ELl268435456EEENSP_IlLl1ELl8388608EEENSP_IlLl1ELl1EEESE_jPyNS1_21identity_decomposer_tEjjlEEvT1_T2_T3_T4_T5_T6_T7_T8_PKT9_PNS6_7counterIT14_T12_T13_EEPS18_PS17_PNS8_3std3__415iterator_traitsINS1G_ISX_vE10value_typeEvE10value_typeES1D_S1L_T10_S18_S18_iiT11_b
    0 bytes stack frame, 0 bytes spill stores, 0 bytes spill loads
ptxas info    : Used 52 registers, used 1 barriers, 8208 bytes smem
ptxas info    : Compile time = 25.265 ms
ptxas info    : Compiling entry function '_ZN3cub17_V_300500_SM_10006detail12batched_topk40device_segmented_topk_last_filter_kernelINS2_26policy_selector_from_typesIlllLl8388608EEELNS1_4topk6selectE0EN4cuda3__417constant_iteratorIPKllEENSA_IPllEENSA_INS9_17counting_iteratorIjlLi0ELi0ELi0EEElEENS9_18transform_iteratorINS2_26per_segment_indexed_out_opISD_SF_EENSG_IlnLi0ELi0ELi0EEEEENS1_6params13uniform_paramIlLl0ELl268435456EEENSP_IlLl1ELl8388608EEENSP_IlLl1ELl1EEESE_jPyNS1_21identity_decomposer_tEjjEEvT1_T2_T3_T4_T5_T6_T7_T8_PKT9_PNS6_7counterINS8_3std3__415iterator_traitsINS19_ISV_vE10value_typeEvE10value_typeET12_T13_EEPS1D_PNS19_INS19_ISX_vE10value_typeEvE10value_typeES1E_T10_iiT11_' for 'sm_100'
ptxas info    : Function properties for _ZN3cub17_V_300500_SM_10006detail12batched_topk40device_segmented_topk_last_filter_kernelINS2_26policy_selector_from_typesIlllLl8388608EEELNS1_4topk6selectE0EN4cuda3__417constant_iteratorIPKllEENSA_IPllEENSA_INS9_17counting_iteratorIjlLi0ELi0ELi0EEElEENS9_18transform_iteratorINS2_26per_segment_indexed_out_opISD_SF_EENSG_IlnLi0ELi0ELi0EEEEENS1_6params13uniform_paramIlLl0ELl268435456EEENSP_IlLl1ELl8388608EEENSP_IlLl1ELl1EEESE_jPyNS1_21identity_decomposer_tEjjEEvT1_T2_T3_T4_T5_T6_T7_T8_PKT9_PNS6_7counterINS8_3std3__415iterator_traitsINS19_ISV_vE10value_typeEvE10value_typeET12_T13_EEPS1D_PNS19_INS19_ISX_vE10value_typeEvE10value_typeES1E_T10_iiT11_
    0 bytes stack frame, 0 bytes spill stores, 0 bytes spill loads
ptxas info    : Used 40 registers, used 1 barriers
ptxas info    : Compile time = 78.058 ms
ptxas info    : Compiling entry function '_ZN3cub17_V_300500_SM_10006detail12batched_topk35device_segmented_topk_filter_kernelINS2_26policy_selector_from_typesIlllLl8388608EEELNS1_4topk6selectE0EN4cuda3__417constant_iteratorIPKllEENSA_IPllEENSA_INS9_17counting_iteratorIjlLi0ELi0ELi0EEElEENS9_18transform_iteratorINS2_26per_segment_indexed_out_opISD_SF_EENSG_IlnLi0ELi0ELi0EEEEENS1_6params13uniform_paramIlLl0ELl268435456EEENSP_IlLl1ELl8388608EEENSP_IlLl1ELl1EEESE_jPyNS1_21identity_decomposer_tEjjLi7EEEvT1_T2_T3_T4_T5_T6_T7_T8_PKT9_PNS6_7counterINS8_3std3__415iterator_traitsINS19_ISV_vE10value_typeEvE10value_typeET12_T13_EEPS1E_PS1D_PNS19_INS19_ISX_vE10value_typeEvE10value_typeES1J_S1O_S1E_S1E_T10_iibT11_' for 'sm_100'
ptxas info    : Function properties for _ZN3cub17_V_300500_SM_10006detail12batched_topk35device_segmented_topk_filter_kernelINS2_26policy_selector_from_typesIlllLl8388608EEELNS1_4topk6selectE0EN4cuda3__417constant_iteratorIPKllEENSA_IPllEENSA_INS9_17counting_iteratorIjlLi0ELi0ELi0EEElEENS9_18transform_iteratorINS2_26per_segment_indexed_out_opISD_SF_EENSG_IlnLi0ELi0ELi0EEEEENS1_6params13uniform_paramIlLl0ELl268435456EEENSP_IlLl1ELl8388608EEENSP_IlLl1ELl1EEESE_jPyNS1_21identity_decomposer_tEjjLi7EEEvT1_T2_T3_T4_T5_T6_T7_T8_PKT9_PNS6_7counterINS8_3std3__415iterator_traitsINS19_ISV_vE10value_typeEvE10value_typeET12_T13_EEPS1E_PS1D_PNS19_INS19_ISX_vE10value_typeEvE10value_typeES1J_S1O_S1E_S1E_T10_iibT11_
    0 bytes stack frame, 0 bytes spill stores, 0 bytes spill loads
ptxas info    : Used 40 registers, used 1 barriers, 8196 bytes smem
ptxas info    : Compile time = 21.187 ms
ptxas info    : Compiling entry function '_ZN3cub17_V_300500_SM_10006detail12batched_topk35device_segmented_topk_filter_kernelINS2_26policy_selector_from_typesIlllLl8388608EEELNS1_4topk6selectE0EN4cuda3__417constant_iteratorIPKllEENSA_IPllEENSA_INS9_17counting_iteratorIjlLi0ELi0ELi0EEElEENS9_18transform_iteratorINS2_26per_segment_indexed_out_opISD_SF_EENSG_IlnLi0ELi0ELi0EEEEENS1_6params13uniform_paramIlLl0ELl268435456EEENSP_IlLl1ELl8388608EEENSP_IlLl1ELl1EEESE_jPyNS1_21identity_decomposer_tEjjLi6EEEvT1_T2_T3_T4_T5_T6_T7_T8_PKT9_PNS6_7counterINS8_3std3__415iterator_traitsINS19_ISV_vE10value_typeEvE10value_typeET12_T13_EEPS1E_PS1D_PNS19_INS19_ISX_vE10value_typeEvE10value_typeES1J_S1O_S1E_S1E_T10_iibT11_' for 'sm_100'
ptxas info    : Function properties for _ZN3cub17_V_300500_SM_10006detail12batched_topk35device_segmented_topk_filter_kernelINS2_26policy_selector_from_typesIlllLl8388608EEELNS1_4topk6selectE0EN4cuda3__417constant_iteratorIPKllEENSA_IPllEENSA_INS9_17counting_iteratorIjlLi0ELi0ELi0EEElEENS9_18transform_iteratorINS2_26per_segment_indexed_out_opISD_SF_EENSG_IlnLi0ELi0ELi0EEEEENS1_6params13uniform_paramIlLl0ELl268435456EEENSP_IlLl1ELl8388608EEENSP_IlLl1ELl1EEESE_jPyNS1_21identity_decomposer_tEjjLi6EEEvT1_T2_T3_T4_T5_T6_T7_T8_PKT9_PNS6_7counterINS8_3std3__415iterator_traitsINS19_ISV_vE10value_typeEvE10value_typeET12_T13_EEPS1E_PS1D_PNS19_INS19_ISX_vE10value_typeEvE10value_typeES1J_S1O_S1E_S1E_T10_iibT11_
    0 bytes stack frame, 0 bytes spill stores, 0 bytes spill loads
ptxas info    : Used 40 registers, used 1 barriers, 8196 bytes smem
ptxas info    : Compile time = 21.130 ms
ptxas info    : Compiling entry function '_ZN3cub17_V_300500_SM_10006detail12batched_topk35device_segmented_topk_filter_kernelINS2_26policy_selector_from_typesIlllLl8388608EEELNS1_4topk6selectE0EN4cuda3__417constant_iteratorIPKllEENSA_IPllEENSA_INS9_17counting_iteratorIjlLi0ELi0ELi0EEElEENS9_18transform_iteratorINS2_26per_segment_indexed_out_opISD_SF_EENSG_IlnLi0ELi0ELi0EEEEENS1_6params13uniform_paramIlLl0ELl268435456EEENSP_IlLl1ELl8388608EEENSP_IlLl1ELl1EEESE_jPyNS1_21identity_decomposer_tEjjLi5EEEvT1_T2_T3_T4_T5_T6_T7_T8_PKT9_PNS6_7counterINS8_3std3__415iterator_traitsINS19_ISV_vE10value_typeEvE10value_typeET12_T13_EEPS1E_PS1D_PNS19_INS19_ISX_vE10value_typeEvE10value_typeES1J_S1O_S1E_S1E_T10_iibT11_' for 'sm_100'
ptxas info    : Function properties for _ZN3cub17_V_300500_SM_10006detail12batched_topk35device_segmented_topk_filter_kernelINS2_26policy_selector_from_typesIlllLl8388608EEELNS1_4topk6selectE0EN4cuda3__417constant_iteratorIPKllEENSA_IPllEENSA_INS9_17counting_iteratorIjlLi0ELi0ELi0EEElEENS9_18transform_iteratorINS2_26per_segment_indexed_out_opISD_SF_EENSG_IlnLi0ELi0ELi0EEEEENS1_6params13uniform_paramIlLl0ELl268435456EEENSP_IlLl1ELl8388608EEENSP_IlLl1ELl1EEESE_jPyNS1_21identity_decomposer_tEjjLi5EEEvT1_T2_T3_T4_T5_T6_T7_T8_PKT9_PNS6_7counterINS8_3std3__415iterator_traitsINS19_ISV_vE10value_typeEvE10value_typeET12_T13_EEPS1E_PS1D_PNS19_INS19_ISX_vE10value_typeEvE10value_typeES1J_S1O_S1E_S1E_T10_iibT11_
    0 bytes stack frame, 0 bytes spill stores, 0 bytes spill loads
ptxas info    : Used 40 registers, used 1 barriers, 8196 bytes smem
ptxas info    : Compile time = 21.588 ms
ptxas info    : Compiling entry function '_ZN3cub17_V_300500_SM_10006detail12batched_topk35device_segmented_topk_filter_kernelINS2_26policy_selector_from_typesIlllLl8388608EEELNS1_4topk6selectE0EN4cuda3__417constant_iteratorIPKllEENSA_IPllEENSA_INS9_17counting_iteratorIjlLi0ELi0ELi0EEElEENS9_18transform_iteratorINS2_26per_segment_indexed_out_opISD_SF_EENSG_IlnLi0ELi0ELi0EEEEENS1_6params13uniform_paramIlLl0ELl268435456EEENSP_IlLl1ELl8388608EEENSP_IlLl1ELl1EEESE_jPyNS1_21identity_decomposer_tEjjLi4EEEvT1_T2_T3_T4_T5_T6_T7_T8_PKT9_PNS6_7counterINS8_3std3__415iterator_traitsINS19_ISV_vE10value_typeEvE10value_typeET12_T13_EEPS1E_PS1D_PNS19_INS19_ISX_vE10value_typeEvE10value_typeES1J_S1O_S1E_S1E_T10_iibT11_' for 'sm_100'
ptxas info    : Function properties for _ZN3cub17_V_300500_SM_10006detail12batched_topk35device_segmented_topk_filter_kernelINS2_26policy_selector_from_typesIlllLl8388608EEELNS1_4topk6selectE0EN4cuda3__417constant_iteratorIPKllEENSA_IPllEENSA_INS9_17counting_iteratorIjlLi0ELi0ELi0EEElEENS9_18transform_iteratorINS2_26per_segment_indexed_out_opISD_SF_EENSG_IlnLi0ELi0ELi0EEEEENS1_6params13uniform_paramIlLl0ELl268435456EEENSP_IlLl1ELl8388608EEENSP_IlLl1ELl1EEESE_jPyNS1_21identity_decomposer_tEjjLi4EEEvT1_T2_T3_T4_T5_T6_T7_T8_PKT9_PNS6_7counterINS8_3std3__415iterator_traitsINS19_ISV_vE10value_typeEvE10value_typeET12_T13_EEPS1E_PS1D_PNS19_INS19_ISX_vE10value_typeEvE10value_typeES1J_S1O_S1E_S1E_T10_iibT11_
    0 bytes stack frame, 0 bytes spill stores, 0 bytes spill loads
ptxas info    : Used 40 registers, used 1 barriers, 8196 bytes smem
ptxas info    : Compile time = 21.585 ms
ptxas info    : Compiling entry function '_ZN3cub17_V_300500_SM_10006detail12batched_topk35device_segmented_topk_filter_kernelINS2_26policy_selector_from_typesIlllLl8388608EEELNS1_4topk6selectE0EN4cuda3__417constant_iteratorIPKllEENSA_IPllEENSA_INS9_17counting_iteratorIjlLi0ELi0ELi0EEElEENS9_18transform_iteratorINS2_26per_segment_indexed_out_opISD_SF_EENSG_IlnLi0ELi0ELi0EEEEENS1_6params13uniform_paramIlLl0ELl268435456EEENSP_IlLl1ELl8388608EEENSP_IlLl1ELl1EEESE_jPyNS1_21identity_decomposer_tEjjLi3EEEvT1_T2_T3_T4_T5_T6_T7_T8_PKT9_PNS6_7counterINS8_3std3__415iterator_traitsINS19_ISV_vE10value_typeEvE10value_typeET12_T13_EEPS1E_PS1D_PNS19_INS19_ISX_vE10value_typeEvE10value_typeES1J_S1O_S1E_S1E_T10_iibT11_' for 'sm_100'
ptxas info    : Function properties for _ZN3cub17_V_300500_SM_10006detail12batched_topk35device_segmented_topk_filter_kernelINS2_26policy_selector_from_typesIlllLl8388608EEELNS1_4topk6selectE0EN4cuda3__417constant_iteratorIPKllEENSA_IPllEENSA_INS9_17counting_iteratorIjlLi0ELi0ELi0EEElEENS9_18transform_iteratorINS2_26per_segment_indexed_out_opISD_SF_EENSG_IlnLi0ELi0ELi0EEEEENS1_6params13uniform_paramIlLl0ELl268435456EEENSP_IlLl1ELl8388608EEENSP_IlLl1ELl1EEESE_jPyNS1_21identity_decomposer_tEjjLi3EEEvT1_T2_T3_T4_T5_T6_T7_T8_PKT9_PNS6_7counterINS8_3std3__415iterator_traitsINS19_ISV_vE10value_typeEvE10value_typeET12_T13_EEPS1E_PS1D_PNS19_INS19_ISX_vE10value_typeEvE10value_typeES1J_S1O_S1E_S1E_T10_iibT11_
    0 bytes stack frame, 0 bytes spill stores, 0 bytes spill loads
ptxas info    : Used 40 registers, used 1 barriers, 8196 bytes smem
ptxas info    : Compile time = 21.593 ms
ptxas info    : Compiling entry function '_ZN3cub17_V_300500_SM_10006detail12batched_topk35device_segmented_topk_filter_kernelINS2_26policy_selector_from_typesIlllLl8388608EEELNS1_4topk6selectE0EN4cuda3__417constant_iteratorIPKllEENSA_IPllEENSA_INS9_17counting_iteratorIjlLi0ELi0ELi0EEElEENS9_18transform_iteratorINS2_26per_segment_indexed_out_opISD_SF_EENSG_IlnLi0ELi0ELi0EEEEENS1_6params13uniform_paramIlLl0ELl268435456EEENSP_IlLl1ELl8388608EEENSP_IlLl1ELl1EEESE_jPyNS1_21identity_decomposer_tEjjLi2EEEvT1_T2_T3_T4_T5_T6_T7_T8_PKT9_PNS6_7counterINS8_3std3__415iterator_traitsINS19_ISV_vE10value_typeEvE10value_typeET12_T13_EEPS1E_PS1D_PNS19_INS19_ISX_vE10value_typeEvE10value_typeES1J_S1O_S1E_S1E_T10_iibT11_' for 'sm_100'
ptxas info    : Function properties for _ZN3cub17_V_300500_SM_10006detail12batched_topk35device_segmented_topk_filter_kernelINS2_26policy_selector_from_typesIlllLl8388608EEELNS1_4topk6selectE0EN4cuda3__417constant_iteratorIPKllEENSA_IPllEENSA_INS9_17counting_iteratorIjlLi0ELi0ELi0EEElEENS9_18transform_iteratorINS2_26per_segment_indexed_out_opISD_SF_EENSG_IlnLi0ELi0ELi0EEEEENS1_6params13uniform_paramIlLl0ELl268435456EEENSP_IlLl1ELl8388608EEENSP_IlLl1ELl1EEESE_jPyNS1_21identity_decomposer_tEjjLi2EEEvT1_T2_T3_T4_T5_T6_T7_T8_PKT9_PNS6_7counterINS8_3std3__415iterator_traitsINS19_ISV_vE10value_typeEvE10value_typeET12_T13_EEPS1E_PS1D_PNS19_INS19_ISX_vE10value_typeEvE10value_typeES1J_S1O_S1E_S1E_T10_iibT11_
    0 bytes stack frame, 0 bytes spill stores, 0 bytes spill loads
ptxas info    : Used 40 registers, used 1 barriers, 8196 bytes smem
ptxas info    : Compile time = 21.698 ms
ptxas info    : Compiling entry function '_ZN3cub17_V_300500_SM_10006detail12batched_topk35device_segmented_topk_filter_kernelINS2_26policy_selector_from_typesIlllLl8388608EEELNS1_4topk6selectE0EN4cuda3__417constant_iteratorIPKllEENSA_IPllEENSA_INS9_17counting_iteratorIjlLi0ELi0ELi0EEElEENS9_18transform_iteratorINS2_26per_segment_indexed_out_opISD_SF_EENSG_IlnLi0ELi0ELi0EEEEENS1_6params13uniform_paramIlLl0ELl268435456EEENSP_IlLl1ELl8388608EEENSP_IlLl1ELl1EEESE_jPyNS1_21identity_decomposer_tEjjLi0EEEvT1_T2_T3_T4_T5_T6_T7_T8_PKT9_PNS6_7counterINS8_3std3__415iterator_traitsINS19_ISV_vE10value_typeEvE10value_typeET12_T13_EEPS1E_PS1D_PNS19_INS19_ISX_vE10value_typeEvE10value_typeES1J_S1O_S1E_S1E_T10_iibT11_' for 'sm_100'
ptxas info    : Function properties for _ZN3cub17_V_300500_SM_10006detail12batched_topk35device_segmented_topk_filter_kernelINS2_26policy_selector_from_typesIlllLl8388608EEELNS1_4topk6selectE0EN4cuda3__417constant_iteratorIPKllEENSA_IPllEENSA_INS9_17counting_iteratorIjlLi0ELi0ELi0EEElEENS9_18transform_iteratorINS2_26per_segment_indexed_out_opISD_SF_EENSG_IlnLi0ELi0ELi0EEEEENS1_6params13uniform_paramIlLl0ELl268435456EEENSP_IlLl1ELl8388608EEENSP_IlLl1ELl1EEESE_jPyNS1_21identity_decomposer_tEjjLi0EEEvT1_T2_T3_T4_T5_T6_T7_T8_PKT9_PNS6_7counterINS8_3std3__415iterator_traitsINS19_ISV_vE10value_typeEvE10value_typeET12_T13_EEPS1E_PS1D_PNS19_INS19_ISX_vE10value_typeEvE10value_typeES1J_S1O_S1E_S1E_T10_iibT11_
    0 bytes stack frame, 0 bytes spill stores, 0 bytes spill loads
ptxas info    : Used 23 registers, used 1 barriers, 8196 bytes smem
ptxas info    : Compile time = 7.915 ms
ptxas info    : Compiling entry function '_ZN3cub17_V_300500_SM_10006detail12batched_topk35device_segmented_topk_filter_kernelINS2_26policy_selector_from_typesIlllLl8388608EEELNS1_4topk6selectE0EN4cuda3__417constant_iteratorIPKllEENSA_IPllEENSA_INS9_17counting_iteratorIjlLi0ELi0ELi0EEElEENS9_18transform_iteratorINS2_26per_segment_indexed_out_opISD_SF_EENSG_IlnLi0ELi0ELi0EEEEENS1_6params13uniform_paramIlLl0ELl268435456EEENSP_IlLl1ELl8388608EEENSP_IlLl1ELl1EEESE_jPyNS1_21identity_decomposer_tEjjLi1EEEvT1_T2_T3_T4_T5_T6_T7_T8_PKT9_PNS6_7counterINS8_3std3__415iterator_traitsINS19_ISV_vE10value_typeEvE10value_typeET12_T13_EEPS1E_PS1D_PNS19_INS19_ISX_vE10value_typeEvE10value_typeES1J_S1O_S1E_S1E_T10_iibT11_' for 'sm_100'
ptxas info    : Function properties for _ZN3cub17_V_300500_SM_10006detail12batched_topk35device_segmented_topk_filter_kernelINS2_26policy_selector_from_typesIlllLl8388608EEELNS1_4topk6selectE0EN4cuda3__417constant_iteratorIPKllEENSA_IPllEENSA_INS9_17counting_iteratorIjlLi0ELi0ELi0EEElEENS9_18transform_iteratorINS2_26per_segment_indexed_out_opISD_SF_EENSG_IlnLi0ELi0ELi0EEEEENS1_6params13uniform_paramIlLl0ELl268435456EEENSP_IlLl1ELl8388608EEENSP_IlLl1ELl1EEESE_jPyNS1_21identity_decomposer_tEjjLi1EEEvT1_T2_T3_T4_T5_T6_T7_T8_PKT9_PNS6_7counterINS8_3std3__415iterator_traitsINS19_ISV_vE10value_typeEvE10value_typeET12_T13_EEPS1E_PS1D_PNS19_INS19_ISX_vE10value_typeEvE10value_typeES1J_S1O_S1E_S1E_T10_iibT11_
    0 bytes stack frame, 0 bytes spill stores, 0 bytes spill loads
ptxas info    : Used 40 registers, used 1 barriers, 8196 bytes smem
ptxas info    : Compile time = 21.796 ms
ptxas info    : Compiling entry function '_ZN3cub17_V_300500_SM_10006detail12batched_topk47device_segmented_topk_finalize_histogram_kernelINS2_26policy_selector_from_typesIlllLl8388608EEEN4cuda3__417constant_iteratorIPKllEENS1_6params13uniform_paramIlLl0ELl268435456EEENSD_IlLl1ELl8388608EEENSD_IlLl1ELl1EEEPlPyNS1_4topk16extract_bin_op_tIlLNSJ_6selectE0ELi11ENS1_21identity_decomposer_tELb1EEEjjlEEvT0_T1_T2_T3_T4_PNSJ_7counterIT9_T7_T8_EEPSV_T5_T6_ib' for 'sm_100'
ptxas info    : Function properties for _ZN3cub17_V_300500_SM_10006detail12batched_topk47device_segmented_topk_finalize_histogram_kernelINS2_26policy_selector_from_typesIlllLl8388608EEEN4cuda3__417constant_iteratorIPKllEENS1_6params13uniform_paramIlLl0ELl268435456EEENSD_IlLl1ELl8388608EEENSD_IlLl1ELl1EEEPlPyNS1_4topk16extract_bin_op_tIlLNSJ_6selectE0ELi11ENS1_21identity_decomposer_tELb1EEEjjlEEvT0_T1_T2_T3_T4_PNSJ_7counterIT9_T7_T8_EEPSV_T5_T6_ib
    0 bytes stack frame, 0 bytes spill stores, 0 bytes spill loads
ptxas info    : Used 40 registers, used 1 barriers, 8192 bytes smem
ptxas info    : Compile time = 9.155 ms
ptxas info    : Compiling entry function '_ZN3cub17_V_300500_SM_10006detail12batched_topk38device_segmented_topk_histogram_kernelINS2_26policy_selector_from_typesIlllLl8388608EEEN4cuda3__417constant_iteratorIPKllEENS1_6params13uniform_paramIlLl0ELl268435456EEENSD_IlLl1ELl8388608EEENSD_IlLl1ELl1EEEPljPyNS1_4topk16extract_bin_op_tIlLNSJ_6selectE0ELi11ENS1_21identity_decomposer_tELb1EEEjjjEEvT0_T1_T2_T3_T4_PKT5_PNSJ_7counterINS6_3std3__415iterator_traitsINSZ_ISO_vE10value_typeEvE10value_typeET8_T9_EEPS14_T6_T7_' for 'sm_100'
ptxas info    : Function properties for _ZN3cub17_V_300500_SM_10006detail12batched_topk38device_segmented_topk_histogram_kernelINS2_26policy_selector_from_typesIlllLl8388608EEEN4cuda3__417constant_iteratorIPKllEENS1_6params13uniform_paramIlLl0ELl268435456EEENSD_IlLl1ELl8388608EEENSD_IlLl1ELl1EEEPljPyNS1_4topk16extract_bin_op_tIlLNSJ_6selectE0ELi11ENS1_21identity_decomposer_tELb1EEEjjjEEvT0_T1_T2_T3_T4_PKT5_PNSJ_7counterINS6_3std3__415iterator_traitsINSZ_ISO_vE10value_typeEvE10value_typeET8_T9_EEPS14_T6_T7_
    0 bytes stack frame, 0 bytes spill stores, 0 bytes spill loads
ptxas info    : Used 30 registers, used 1 barriers, 8240 bytes smem
ptxas info    : Compile time = 18.809 ms
ptxas info    : Compiling entry function '_ZN3cub17_V_300500_SM_10006detail12batched_topk28device_segmented_topk_kernelINS2_26policy_selector_from_typesIlllLl8388608EEEN4cuda3__417constant_iteratorIPKllEENS8_IPllEESB_SD_NS1_6params13uniform_paramIlLl0ELl268435456EEENSF_IlLl1ELl8388608EEENSE_22uniform_discrete_paramINS1_4topk6selectEJLSK_1EEEENSF_IlLl1ELl1EEEjEEvT0_T1_T2_T3_T4_T5_T6_T7_PNS2_21batched_topk_countersINSU_10value_typeEEEPSW_PT8_' for 'sm_100'
ptxas info    : Function properties for _ZN3cub17_V_300500_SM_10006detail12batched_topk28device_segmented_topk_kernelINS2_26policy_selector_from_typesIlllLl8388608EEEN4cuda3__417constant_iteratorIPKllEENS8_IPllEESB_SD_NS1_6params13uniform_paramIlLl0ELl268435456EEENSF_IlLl1ELl8388608EEENSE_22uniform_discrete_paramINS1_4topk6selectEJLSK_1EEEENSF_IlLl1ELl1EEEjEEvT0_T1_T2_T3_T4_T5_T6_T7_PNS2_21batched_topk_countersINSU_10value_typeEEEPSW_PT8_
    0 bytes stack frame, 0 bytes spill stores, 0 bytes spill loads
ptxas info    : Used 186 registers, used 1 barriers, 33808 bytes smem
ptxas info    : Compile time = 59.325 ms
ptxas info    : Compiling entry function '_ZN3cub17_V_300500_SM_10006detail12batched_topk44device_segmented_topk_finalize_filter_kernelINS2_26policy_selector_from_typesIlilLl8388608EEELNS1_4topk6selectE1EN4cuda3__417constant_iteratorIPKllEENSA_IPllEENSA_INS9_17counting_iteratorIjlLi0ELi0ELi0EEElEENS9_18transform_iteratorINS2_26per_segment_indexed_out_opINSA_IPKilEENSA_IPilEEEENSG_IlnLi0ELi0ELi0EEEEENS1_6params13uniform_paramIlLl0ELl268435456EEENSU_IlLl1ELl8388608EEENSU_IlLl1ELl1EEESE_jPyNS1_21identity_decomposer_tEjjlEEvT1_T2_T3_T4_T5_T6_T7_T8_PKT9_PNS6_7counterIT14_T12_T13_EEPS1D_PS1C_PNS8_3std3__415iterator_traitsINS1L_IS12_vE10value_typeEvE10value_typeES1I_S1Q_T10_S1D_S1D_iiT11_b' for 'sm_100'
ptxas info    : Function properties for _ZN3cub17_V_300500_SM_10006detail12batched_topk44device_segmented_topk_finalize_filter_kernelINS2_26policy_selector_from_typesIlilLl8388608EEELNS1_4topk6selectE1EN4cuda3__417constant_iteratorIPKllEENSA_IPllEENSA_INS9_17counting_iteratorIjlLi0ELi0ELi0EEElEENS9_18transform_iteratorINS2_26per_segment_indexed_out_opINSA_IPKilEENSA_IPilEEEENSG_IlnLi0ELi0ELi0EEEEENS1_6params13uniform_paramIlLl0ELl268435456EEENSU_IlLl1ELl8388608EEENSU_IlLl1ELl1EEESE_jPyNS1_21identity_decomposer_tEjjlEEvT1_T2_T3_T4_T5_T6_T7_T8_PKT9_PNS6_7counterIT14_T12_T13_EEPS1D_PS1C_PNS8_3std3__415iterator_traitsINS1L_IS12_vE10value_typeEvE10value_typeES1I_S1Q_T10_S1D_S1D_iiT11_b
    0 bytes stack frame, 0 bytes spill stores, 0 bytes spill loads
ptxas info    : Used 52 registers, used 1 barriers, 8208 bytes smem
ptxas info    : Compile time = 25.606 ms
ptxas info    : Compiling entry function '_ZN3cub17_V_300500_SM_10006detail12batched_topk40device_segmented_topk_last_filter_kernelINS2_26policy_selector_from_typesIlilLl8388608EEELNS1_4topk6selectE1EN4cuda3__417constant_iteratorIPKllEENSA_IPllEENSA_INS9_17counting_iteratorIjlLi0ELi0ELi0EEElEENS9_18transform_iteratorINS2_26per_segment_indexed_out_opINSA_IPKilEENSA_IPilEEEENSG_IlnLi0ELi0ELi0EEEEENS1_6params13uniform_paramIlLl0ELl268435456EEENSU_IlLl1ELl8388608EEENSU_IlLl1ELl1EEESE_jPyNS1_21identity_decomposer_tEjjEEvT1_T2_T3_T4_T5_T6_T7_T8_PKT9_PNS6_7counterINS8_3std3__415iterator_traitsINS1E_IS10_vE10value_typeEvE10value_typeET12_T13_EEPS1I_PNS1E_INS1E_IS12_vE10value_typeEvE10value_typeES1J_T10_iiT11_' for 'sm_100'
ptxas info    : Function properties for _ZN3cub17_V_300500_SM_10006detail12batched_topk40device_segmented_topk_last_filter_kernelINS2_26policy_selector_from_typesIlilLl8388608EEELNS1_4topk6selectE1EN4cuda3__417constant_iteratorIPKllEENSA_IPllEENSA_INS9_17counting_iteratorIjlLi0ELi0ELi0EEElEENS9_18transform_iteratorINS2_26per_segment_indexed_out_opINSA_IPKilEENSA_IPilEEEENSG_IlnLi0ELi0ELi0EEEEENS1_6params13uniform_paramIlLl0ELl268435456EEENSU_IlLl1ELl8388608EEENSU_IlLl1ELl1EEESE_jPyNS1_21identity_decomposer_tEjjEEvT1_T2_T3_T4_T5_T6_T7_T8_PKT9_PNS6_7counterINS8_3std3__415iterator_traitsINS1E_IS10_vE10value_typeEvE10value_typeET12_T13_EEPS1I_PNS1E_INS1E_IS12_vE10value_typeEvE10value_typeES1J_T10_iiT11_
    8 bytes stack frame, 8 bytes spill stores, 8 bytes spill loads
ptxas info    : Used 40 registers, used 1 barriers, 8 bytes cumulative stack size
ptxas info    : Compile time = 77.671 ms
ptxas info    : Compiling entry function '_ZN3cub17_V_300500_SM_10006detail12batched_topk35device_segmented_topk_filter_kernelINS2_26policy_selector_from_typesIlilLl8388608EEELNS1_4topk6selectE1EN4cuda3__417constant_iteratorIPKllEENSA_IPllEENSA_INS9_17counting_iteratorIjlLi0ELi0ELi0EEElEENS9_18transform_iteratorINS2_26per_segment_indexed_out_opINSA_IPKilEENSA_IPilEEEENSG_IlnLi0ELi0ELi0EEEEENS1_6params13uniform_paramIlLl0ELl268435456EEENSU_IlLl1ELl8388608EEENSU_IlLl1ELl1EEESE_jPyNS1_21identity_decomposer_tEjjLi7EEEvT1_T2_T3_T4_T5_T6_T7_T8_PKT9_PNS6_7counterINS8_3std3__415iterator_traitsINS1E_IS10_vE10value_typeEvE10value_typeET12_T13_EEPS1J_PS1I_PNS1E_INS1E_IS12_vE10value_typeEvE10value_typeES1O_S1T_S1J_S1J_T10_iibT11_' for 'sm_100'
ptxas info    : Function properties for _ZN3cub17_V_300500_SM_10006detail12batched_topk35device_segmented_topk_filter_kernelINS2_26policy_selector_from_typesIlilLl8388608EEELNS1_4topk6selectE1EN4cuda3__417constant_iteratorIPKllEENSA_IPllEENSA_INS9_17counting_iteratorIjlLi0ELi0ELi0EEElEENS9_18transform_iteratorINS2_26per_segment_indexed_out_opINSA_IPKilEENSA_IPilEEEENSG_IlnLi0ELi0ELi0EEEEENS1_6params13uniform_paramIlLl0ELl268435456EEENSU_IlLl1ELl8388608EEENSU_IlLl1ELl1EEESE_jPyNS1_21identity_decomposer_tEjjLi7EEEvT1_T2_T3_T4_T5_T6_T7_T8_PKT9_PNS6_7counterINS8_3std3__415iterator_traitsINS1E_IS10_vE10value_typeEvE10value_typeET12_T13_EEPS1J_PS1I_PNS1E_INS1E_IS12_vE10value_typeEvE10value_typeES1O_S1T_S1J_S1J_T10_iibT11_
    0 bytes stack frame, 0 bytes spill stores, 0 bytes spill loads
ptxas info    : Used 40 registers, used 1 barriers, 8196 bytes smem
ptxas info    : Compile time = 21.190 ms
ptxas info    : Compiling entry function '_ZN3cub17_V_300500_SM_10006detail12batched_topk35device_segmented_topk_filter_kernelINS2_26policy_selector_from_typesIlilLl8388608EEELNS1_4topk6selectE1EN4cuda3__417constant_iteratorIPKllEENSA_IPllEENSA_INS9_17counting_iteratorIjlLi0ELi0ELi0EEElEENS9_18transform_iteratorINS2_26per_segment_indexed_out_opINSA_IPKilEENSA_IPilEEEENSG_IlnLi0ELi0ELi0EEEEENS1_6params13uniform_paramIlLl0ELl268435456EEENSU_IlLl1ELl8388608EEENSU_IlLl1ELl1EEESE_jPyNS1_21identity_decomposer_tEjjLi6EEEvT1_T2_T3_T4_T5_T6_T7_T8_PKT9_PNS6_7counterINS8_3std3__415iterator_traitsINS1E_IS10_vE10value_typeEvE10value_typeET12_T13_EEPS1J_PS1I_PNS1E_INS1E_IS12_vE10value_typeEvE10value_typeES1O_S1T_S1J_S1J_T10_iibT11_' for 'sm_100'
ptxas info    : Function properties for _ZN3cub17_V_300500_SM_10006detail12batched_topk35device_segmented_topk_filter_kernelINS2_26policy_selector_from_typesIlilLl8388608EEELNS1_4topk6selectE1EN4cuda3__417constant_iteratorIPKllEENSA_IPllEENSA_INS9_17counting_iteratorIjlLi0ELi0ELi0EEElEENS9_18transform_iteratorINS2_26per_segment_indexed_out_opINSA_IPKilEENSA_IPilEEEENSG_IlnLi0ELi0ELi0EEEEENS1_6params13uniform_paramIlLl0ELl268435456EEENSU_IlLl1ELl8388608EEENSU_IlLl1ELl1EEESE_jPyNS1_21identity_decomposer_tEjjLi6EEEvT1_T2_T3_T4_T5_T6_T7_T8_PKT9_PNS6_7counterINS8_3std3__415iterator_traitsINS1E_IS10_vE10value_typeEvE10value_typeET12_T13_EEPS1J_PS1I_PNS1E_INS1E_IS12_vE10value_typeEvE10value_typeES1O_S1T_S1J_S1J_T10_iibT11_
    0 bytes stack frame, 0 bytes spill stores, 0 bytes spill loads
ptxas info    : Used 40 registers, used 1 barriers, 8196 bytes smem
ptxas info    : Compile time = 21.168 ms
ptxas info    : Compiling entry function '_ZN3cub17_V_300500_SM_10006detail12batched_topk35device_segmented_topk_filter_kernelINS2_26policy_selector_from_typesIlilLl8388608EEELNS1_4topk6selectE1EN4cuda3__417constant_iteratorIPKllEENSA_IPllEENSA_INS9_17counting_iteratorIjlLi0ELi0ELi0EEElEENS9_18transform_iteratorINS2_26per_segment_indexed_out_opINSA_IPKilEENSA_IPilEEEENSG_IlnLi0ELi0ELi0EEEEENS1_6params13uniform_paramIlLl0ELl268435456EEENSU_IlLl1ELl8388608EEENSU_IlLl1ELl1EEESE_jPyNS1_21identity_decomposer_tEjjLi5EEEvT1_T2_T3_T4_T5_T6_T7_T8_PKT9_PNS6_7counterINS8_3std3__415iterator_traitsINS1E_IS10_vE10value_typeEvE10value_typeET12_T13_EEPS1J_PS1I_PNS1E_INS1E_IS12_vE10value_typeEvE10value_typeES1O_S1T_S1J_S1J_T10_iibT11_' for 'sm_100'
ptxas info    : Function properties for _ZN3cub17_V_300500_SM_10006detail12batched_topk35device_segmented_topk_filter_kernelINS2_26policy_selector_from_typesIlilLl8388608EEELNS1_4topk6selectE1EN4cuda3__417constant_iteratorIPKllEENSA_IPllEENSA_INS9_17counting_iteratorIjlLi0ELi0ELi0EEElEENS9_18transform_iteratorINS2_26per_segment_indexed_out_opINSA_IPKilEENSA_IPilEEEENSG_IlnLi0ELi0ELi0EEEEENS1_6params13uniform_paramIlLl0ELl268435456EEENSU_IlLl1ELl8388608EEENSU_IlLl1ELl1EEESE_jPyNS1_21identity_decomposer_tEjjLi5EEEvT1_T2_T3_T4_T5_T6_T7_T8_PKT9_PNS6_7counterINS8_3std3__415iterator_traitsINS1E_IS10_vE10value_typeEvE10value_typeET12_T13_EEPS1J_PS1I_PNS1E_INS1E_IS12_vE10value_typeEvE10value_typeES1O_S1T_S1J_S1J_T10_iibT11_
    0 bytes stack frame, 0 bytes spill stores, 0 bytes spill loads
ptxas info    : Used 40 registers, used 1 barriers, 8196 bytes smem
ptxas info    : Compile time = 21.631 ms
ptxas info    : Compiling entry function '_ZN3cub17_V_300500_SM_10006detail12batched_topk35device_segmented_topk_filter_kernelINS2_26policy_selector_from_typesIlilLl8388608EEELNS1_4topk6selectE1EN4cuda3__417constant_iteratorIPKllEENSA_IPllEENSA_INS9_17counting_iteratorIjlLi0ELi0ELi0EEElEENS9_18transform_iteratorINS2_26per_segment_indexed_out_opINSA_IPKilEENSA_IPilEEEENSG_IlnLi0ELi0ELi0EEEEENS1_6params13uniform_paramIlLl0ELl268435456EEENSU_IlLl1ELl8388608EEENSU_IlLl1ELl1EEESE_jPyNS1_21identity_decomposer_tEjjLi4EEEvT1_T2_T3_T4_T5_T6_T7_T8_PKT9_PNS6_7counterINS8_3std3__415iterator_traitsINS1E_IS10_vE10value_typeEvE10value_typeET12_T13_EEPS1J_PS1I_PNS1E_INS1E_IS12_vE10value_typeEvE10value_typeES1O_S1T_S1J_S1J_T10_iibT11_' for 'sm_100'
ptxas info    : Function properties for _ZN3cub17_V_300500_SM_10006detail12batched_topk35device_segmented_topk_filter_kernelINS2_26policy_selector_from_typesIlilLl8388608EEELNS1_4topk6selectE1EN4cuda3__417constant_iteratorIPKllEENSA_IPllEENSA_INS9_17counting_iteratorIjlLi0ELi0ELi0EEElEENS9_18transform_iteratorINS2_26per_segment_indexed_out_opINSA_IPKilEENSA_IPilEEEENSG_IlnLi0ELi0ELi0EEEEENS1_6params13uniform_paramIlLl0ELl268435456EEENSU_IlLl1ELl8388608EEENSU_IlLl1ELl1EEESE_jPyNS1_21identity_decomposer_tEjjLi4EEEvT1_T2_T3_T4_T5_T6_T7_T8_PKT9_PNS6_7counterINS8_3std3__415iterator_traitsINS1E_IS10_vE10value_typeEvE10value_typeET12_T13_EEPS1J_PS1I_PNS1E_INS1E_IS12_vE10value_typeEvE10value_typeES1O_S1T_S1J_S1J_T10_iibT11_
    0 bytes stack frame, 0 bytes spill stores, 0 bytes spill loads
ptxas info    : Used 40 registers, used 1 barriers, 8196 bytes smem
ptxas info    : Compile time = 21.670 ms
ptxas info    : Compiling entry function '_ZN3cub17_V_300500_SM_10006detail12batched_topk35device_segmented_topk_filter_kernelINS2_26policy_selector_from_typesIlilLl8388608EEELNS1_4topk6selectE1EN4cuda3__417constant_iteratorIPKllEENSA_IPllEENSA_INS9_17counting_iteratorIjlLi0ELi0ELi0EEElEENS9_18transform_iteratorINS2_26per_segment_indexed_out_opINSA_IPKilEENSA_IPilEEEENSG_IlnLi0ELi0ELi0EEEEENS1_6params13uniform_paramIlLl0ELl268435456EEENSU_IlLl1ELl8388608EEENSU_IlLl1ELl1EEESE_jPyNS1_21identity_decomposer_tEjjLi3EEEvT1_T2_T3_T4_T5_T6_T7_T8_PKT9_PNS6_7counterINS8_3std3__415iterator_traitsINS1E_IS10_vE10value_typeEvE10value_typeET12_T13_EEPS1J_PS1I_PNS1E_INS1E_IS12_vE10value_typeEvE10value_typeES1O_S1T_S1J_S1J_T10_iibT11_' for 'sm_100'
ptxas info    : Function properties for _ZN3cub17_V_300500_SM_10006detail12batched_topk35device_segmented_topk_filter_kernelINS2_26policy_selector_from_typesIlilLl8388608EEELNS1_4topk6selectE1EN4cuda3__417constant_iteratorIPKllEENSA_IPllEENSA_INS9_17counting_iteratorIjlLi0ELi0ELi0EEElEENS9_18transform_iteratorINS2_26per_segment_indexed_out_opINSA_IPKilEENSA_IPilEEEENSG_IlnLi0ELi0ELi0EEEEENS1_6params13uniform_paramIlLl0ELl268435456EEENSU_IlLl1ELl8388608EEENSU_IlLl1ELl1EEESE_jPyNS1_21identity_decomposer_tEjjLi3EEEvT1_T2_T3_T4_T5_T6_T7_T8_PKT9_PNS6_7counterINS8_3std3__415iterator_traitsINS1E_IS10_vE10value_typeEvE10value_typeET12_T13_EEPS1J_PS1I_PNS1E_INS1E_IS12_vE10value_typeEvE10value_typeES1O_S1T_S1J_S1J_T10_iibT11_
    0 bytes stack frame, 0 bytes spill stores, 0 bytes spill loads
ptxas info    : Used 40 registers, used 1 barriers, 8196 bytes smem
ptxas info    : Compile time = 21.641 ms
ptxas info    : Compiling entry function '_ZN3cub17_V_300500_SM_10006detail12batched_topk35device_segmented_topk_filter_kernelINS2_26policy_selector_from_typesIlilLl8388608EEELNS1_4topk6selectE1EN4cuda3__417constant_iteratorIPKllEENSA_IPllEENSA_INS9_17counting_iteratorIjlLi0ELi0ELi0EEElEENS9_18transform_iteratorINS2_26per_segment_indexed_out_opINSA_IPKilEENSA_IPilEEEENSG_IlnLi0ELi0ELi0EEEEENS1_6params13uniform_paramIlLl0ELl268435456EEENSU_IlLl1ELl8388608EEENSU_IlLl1ELl1EEESE_jPyNS1_21identity_decomposer_tEjjLi2EEEvT1_T2_T3_T4_T5_T6_T7_T8_PKT9_PNS6_7counterINS8_3std3__415iterator_traitsINS1E_IS10_vE10value_typeEvE10value_typeET12_T13_EEPS1J_PS1I_PNS1E_INS1E_IS12_vE10value_typeEvE10value_typeES1O_S1T_S1J_S1J_T10_iibT11_' for 'sm_100'
ptxas info    : Function properties for _ZN3cub17_V_300500_SM_10006detail12batched_topk35device_segmented_topk_filter_kernelINS2_26policy_selector_from_typesIlilLl8388608EEELNS1_4topk6selectE1EN4cuda3__417constant_iteratorIPKllEENSA_IPllEENSA_INS9_17counting_iteratorIjlLi0ELi0ELi0EEElEENS9_18transform_iteratorINS2_26per_segment_indexed_out_opINSA_IPKilEENSA_IPilEEEENSG_IlnLi0ELi0ELi0EEEEENS1_6params13uniform_paramIlLl0ELl268435456EEENSU_IlLl1ELl8388608EEENSU_IlLl1ELl1EEESE_jPyNS1_21identity_decomposer_tEjjLi2EEEvT1_T2_T3_T4_T5_T6_T7_T8_PKT9_PNS6_7counterINS8_3std3__415iterator_traitsINS1E_IS10_vE10value_typeEvE10value_typeET12_T13_EEPS1J_PS1I_PNS1E_INS1E_IS12_vE10value_typeEvE10value_typeES1O_S1T_S1J_S1J_T10_iibT11_
    0 bytes stack frame, 0 bytes spill stores, 0 bytes spill loads
ptxas info    : Used 40 registers, used 1 barriers, 8196 bytes smem
ptxas info    : Compile time = 21.651 ms
ptxas info    : Compiling entry function '_ZN3cub17_V_300500_SM_10006detail12batched_topk35device_segmented_topk_filter_kernelINS2_26policy_selector_from_typesIlilLl8388608EEELNS1_4topk6selectE1EN4cuda3__417constant_iteratorIPKllEENSA_IPllEENSA_INS9_17counting_iteratorIjlLi0ELi0ELi0EEElEENS9_18transform_iteratorINS2_26per_segment_indexed_out_opINSA_IPKilEENSA_IPilEEEENSG_IlnLi0ELi0ELi0EEEEENS1_6params13uniform_paramIlLl0ELl268435456EEENSU_IlLl1ELl8388608EEENSU_IlLl1ELl1EEESE_jPyNS1_21identity_decomposer_tEjjLi0EEEvT1_T2_T3_T4_T5_T6_T7_T8_PKT9_PNS6_7counterINS8_3std3__415iterator_traitsINS1E_IS10_vE10value_typeEvE10value_typeET12_T13_EEPS1J_PS1I_PNS1E_INS1E_IS12_vE10value_typeEvE10value_typeES1O_S1T_S1J_S1J_T10_iibT11_' for 'sm_100'
ptxas info    : Function properties for _ZN3cub17_V_300500_SM_10006detail12batched_topk35device_segmented_topk_filter_kernelINS2_26policy_selector_from_typesIlilLl8388608EEELNS1_4topk6selectE1EN4cuda3__417constant_iteratorIPKllEENSA_IPllEENSA_INS9_17counting_iteratorIjlLi0ELi0ELi0EEElEENS9_18transform_iteratorINS2_26per_segment_indexed_out_opINSA_IPKilEENSA_IPilEEEENSG_IlnLi0ELi0ELi0EEEEENS1_6params13uniform_paramIlLl0ELl268435456EEENSU_IlLl1ELl8388608EEENSU_IlLl1ELl1EEESE_jPyNS1_21identity_decomposer_tEjjLi0EEEvT1_T2_T3_T4_T5_T6_T7_T8_PKT9_PNS6_7counterINS8_3std3__415iterator_traitsINS1E_IS10_vE10value_typeEvE10value_typeET12_T13_EEPS1J_PS1I_PNS1E_INS1E_IS12_vE10value_typeEvE10value_typeES1O_S1T_S1J_S1J_T10_iibT11_
    0 bytes stack frame, 0 bytes spill stores, 0 bytes spill loads
ptxas info    : Used 23 registers, used 1 barriers, 8196 bytes smem
ptxas info    : Compile time = 7.908 ms
ptxas info    : Compiling entry function '_ZN3cub17_V_300500_SM_10006detail12batched_topk35device_segmented_topk_filter_kernelINS2_26policy_selector_from_typesIlilLl8388608EEELNS1_4topk6selectE1EN4cuda3__417constant_iteratorIPKllEENSA_IPllEENSA_INS9_17counting_iteratorIjlLi0ELi0ELi0EEElEENS9_18transform_iteratorINS2_26per_segment_indexed_out_opINSA_IPKilEENSA_IPilEEEENSG_IlnLi0ELi0ELi0EEEEENS1_6params13uniform_paramIlLl0ELl268435456EEENSU_IlLl1ELl8388608EEENSU_IlLl1ELl1EEESE_jPyNS1_21identity_decomposer_tEjjLi1EEEvT1_T2_T3_T4_T5_T6_T7_T8_PKT9_PNS6_7counterINS8_3std3__415iterator_traitsINS1E_IS10_vE10value_typeEvE10value_typeET12_T13_EEPS1J_PS1I_PNS1E_INS1E_IS12_vE10value_typeEvE10value_typeES1O_S1T_S1J_S1J_T10_iibT11_' for 'sm_100'
ptxas info    : Function properties for _ZN3cub17_V_300500_SM_10006detail12batched_topk35device_segmented_topk_filter_kernelINS2_26policy_selector_from_typesIlilLl8388608EEELNS1_4topk6selectE1EN4cuda3__417constant_iteratorIPKllEENSA_IPllEENSA_INS9_17counting_iteratorIjlLi0ELi0ELi0EEElEENS9_18transform_iteratorINS2_26per_segment_indexed_out_opINSA_IPKilEENSA_IPilEEEENSG_IlnLi0ELi0ELi0EEEEENS1_6params13uniform_paramIlLl0ELl268435456EEENSU_IlLl1ELl8388608EEENSU_IlLl1ELl1EEESE_jPyNS1_21identity_decomposer_tEjjLi1EEEvT1_T2_T3_T4_T5_T6_T7_T8_PKT9_PNS6_7counterINS8_3std3__415iterator_traitsINS1E_IS10_vE10value_typeEvE10value_typeET12_T13_EEPS1J_PS1I_PNS1E_INS1E_IS12_vE10value_typeEvE10value_typeES1O_S1T_S1J_S1J_T10_iibT11_
    0 bytes stack frame, 0 bytes spill stores, 0 bytes spill loads
ptxas info    : Used 40 registers, used 1 barriers, 8196 bytes smem
ptxas info    : Compile time = 21.767 ms
ptxas info    : Compiling entry function '_ZN3cub17_V_300500_SM_10006detail12batched_topk47device_segmented_topk_finalize_histogram_kernelINS2_26policy_selector_from_typesIlilLl8388608EEEN4cuda3__417constant_iteratorIPKllEENS1_6params13uniform_paramIlLl0ELl268435456EEENSD_IlLl1ELl8388608EEENSD_IlLl1ELl1EEEPlPyNS1_4topk16extract_bin_op_tIlLNSJ_6selectE1ELi11ENS1_21identity_decomposer_tELb1EEEjjlEEvT0_T1_T2_T3_T4_PNSJ_7counterIT9_T7_T8_EEPSV_T5_T6_ib' for 'sm_100'
ptxas info    : Function properties for _ZN3cub17_V_300500_SM_10006detail12batched_topk47device_segmented_topk_finalize_histogram_kernelINS2_26policy_selector_from_typesIlilLl8388608EEEN4cuda3__417constant_iteratorIPKllEENS1_6params13uniform_paramIlLl0ELl268435456EEENSD_IlLl1ELl8388608EEENSD_IlLl1ELl1EEEPlPyNS1_4topk16extract_bin_op_tIlLNSJ_6selectE1ELi11ENS1_21identity_decomposer_tELb1EEEjjlEEvT0_T1_T2_T3_T4_PNSJ_7counterIT9_T7_T8_EEPSV_T5_T6_ib
    0 bytes stack frame, 0 bytes spill stores, 0 bytes spill loads
ptxas info    : Used 40 registers, used 1 barriers, 8192 bytes smem
ptxas info    : Compile time = 9.187 ms
ptxas info    : Compiling entry function '_ZN3cub17_V_300500_SM_10006detail12batched_topk38device_segmented_topk_histogram_kernelINS2_26policy_selector_from_typesIlilLl8388608EEEN4cuda3__417constant_iteratorIPKllEENS1_6params13uniform_paramIlLl0ELl268435456EEENSD_IlLl1ELl8388608EEENSD_IlLl1ELl1EEEPljPyNS1_4topk16extract_bin_op_tIlLNSJ_6selectE1ELi11ENS1_21identity_decomposer_tELb1EEEjjjEEvT0_T1_T2_T3_T4_PKT5_PNSJ_7counterINS6_3std3__415iterator_traitsINSZ_ISO_vE10value_typeEvE10value_typeET8_T9_EEPS14_T6_T7_' for 'sm_100'
ptxas info    : Function properties for _ZN3cub17_V_300500_SM_10006detail12batched_topk38device_segmented_topk_histogram_kernelINS2_26policy_selector_from_typesIlilLl8388608EEEN4cuda3__417constant_iteratorIPKllEENS1_6params13uniform_paramIlLl0ELl268435456EEENSD_IlLl1ELl8388608EEENSD_IlLl1ELl1EEEPljPyNS1_4topk16extract_bin_op_tIlLNSJ_6selectE1ELi11ENS1_21identity_decomposer_tELb1EEEjjjEEvT0_T1_T2_T3_T4_PKT5_PNSJ_7counterINS6_3std3__415iterator_traitsINSZ_ISO_vE10value_typeEvE10value_typeET8_T9_EEPS14_T6_T7_
    0 bytes stack frame, 0 bytes spill stores, 0 bytes spill loads
ptxas info    : Used 30 registers, used 1 barriers, 8240 bytes smem
ptxas info    : Compile time = 19.143 ms
ptxas info    : Compiling entry function '_ZN3cub17_V_300500_SM_10006detail12batched_topk44device_segmented_topk_finalize_filter_kernelINS2_26policy_selector_from_typesIlilLl8388608EEELNS1_4topk6selectE0EN4cuda3__417constant_iteratorIPKllEENSA_IPllEENSA_INS9_17counting_iteratorIjlLi0ELi0ELi0EEElEENS9_18transform_iteratorINS2_26per_segment_indexed_out_opINSA_IPKilEENSA_IPilEEEENSG_IlnLi0ELi0ELi0EEEEENS1_6params13uniform_paramIlLl0ELl268435456EEENSU_IlLl1ELl8388608EEENSU_IlLl1ELl1EEESE_jPyNS1_21identity_decomposer_tEjjlEEvT1_T2_T3_T4_T5_T6_T7_T8_PKT9_PNS6_7counterIT14_T12_T13_EEPS1D_PS1C_PNS8_3std3__415iterator_traitsINS1L_IS12_vE10value_typeEvE10value_typeES1I_S1Q_T10_S1D_S1D_iiT11_b' for 'sm_100'
ptxas info    : Function properties for _ZN3cub17_V_300500_SM_10006detail12batched_topk44device_segmented_topk_finalize_filter_kernelINS2_26policy_selector_from_typesIlilLl8388608EEELNS1_4topk6selectE0EN4cuda3__417constant_iteratorIPKllEENSA_IPllEENSA_INS9_17counting_iteratorIjlLi0ELi0ELi0EEElEENS9_18transform_iteratorINS2_26per_segment_indexed_out_opINSA_IPKilEENSA_IPilEEEENSG_IlnLi0ELi0ELi0EEEEENS1_6params13uniform_paramIlLl0ELl268435456EEENSU_IlLl1ELl8388608EEENSU_IlLl1ELl1EEESE_jPyNS1_21identity_decomposer_tEjjlEEvT1_T2_T3_T4_T5_T6_T7_T8_PKT9_PNS6_7counterIT14_T12_T13_EEPS1D_PS1C_PNS8_3std3__415iterator_traitsINS1L_IS12_vE10value_typeEvE10value_typeES1I_S1Q_T10_S1D_S1D_iiT11_b
    0 bytes stack frame, 0 bytes spill stores, 0 bytes spill loads
ptxas info    : Used 52 registers, used 1 barriers, 8208 bytes smem
ptxas info    : Compile time = 25.200 ms
ptxas info    : Compiling entry function '_ZN3cub17_V_300500_SM_10006detail12batched_topk40device_segmented_topk_last_filter_kernelINS2_26policy_selector_from_typesIlilLl8388608EEELNS1_4topk6selectE0EN4cuda3__417constant_iteratorIPKllEENSA_IPllEENSA_INS9_17counting_iteratorIjlLi0ELi0ELi0EEElEENS9_18transform_iteratorINS2_26per_segment_indexed_out_opINSA_IPKilEENSA_IPilEEEENSG_IlnLi0ELi0ELi0EEEEENS1_6params13uniform_paramIlLl0ELl268435456EEENSU_IlLl1ELl8388608EEENSU_IlLl1ELl1EEESE_jPyNS1_21identity_decomposer_tEjjEEvT1_T2_T3_T4_T5_T6_T7_T8_PKT9_PNS6_7counterINS8_3std3__415iterator_traitsINS1E_IS10_vE10value_typeEvE10value_typeET12_T13_EEPS1I_PNS1E_INS1E_IS12_vE10value_typeEvE10value_typeES1J_T10_iiT11_' for 'sm_100'
ptxas info    : Function properties for _ZN3cub17_V_300500_SM_10006detail12batched_topk40device_segmented_topk_last_filter_kernelINS2_26policy_selector_from_typesIlilLl8388608EEELNS1_4topk6selectE0EN4cuda3__417constant_iteratorIPKllEENSA_IPllEENSA_INS9_17counting_iteratorIjlLi0ELi0ELi0EEElEENS9_18transform_iteratorINS2_26per_segment_indexed_out_opINSA_IPKilEENSA_IPilEEEENSG_IlnLi0ELi0ELi0EEEEENS1_6params13uniform_paramIlLl0ELl268435456EEENSU_IlLl1ELl8388608EEENSU_IlLl1ELl1EEESE_jPyNS1_21identity_decomposer_tEjjEEvT1_T2_T3_T4_T5_T6_T7_T8_PKT9_PNS6_7counterINS8_3std3__415iterator_traitsINS1E_IS10_vE10value_typeEvE10value_typeET12_T13_EEPS1I_PNS1E_INS1E_IS12_vE10value_typeEvE10value_typeES1J_T10_iiT11_
    8 bytes stack frame, 8 bytes spill stores, 8 bytes spill loads
ptxas info    : Used 40 registers, used 1 barriers, 8 bytes cumulative stack size
ptxas info    : Compile time = 78.260 ms
ptxas info    : Compiling entry function '_ZN3cub17_V_300500_SM_10006detail12batched_topk35device_segmented_topk_filter_kernelINS2_26policy_selector_from_typesIlilLl8388608EEELNS1_4topk6selectE0EN4cuda3__417constant_iteratorIPKllEENSA_IPllEENSA_INS9_17counting_iteratorIjlLi0ELi0ELi0EEElEENS9_18transform_iteratorINS2_26per_segment_indexed_out_opINSA_IPKilEENSA_IPilEEEENSG_IlnLi0ELi0ELi0EEEEENS1_6params13uniform_paramIlLl0ELl268435456EEENSU_IlLl1ELl8388608EEENSU_IlLl1ELl1EEESE_jPyNS1_21identity_decomposer_tEjjLi7EEEvT1_T2_T3_T4_T5_T6_T7_T8_PKT9_PNS6_7counterINS8_3std3__415iterator_traitsINS1E_IS10_vE10value_typeEvE10value_typeET12_T13_EEPS1J_PS1I_PNS1E_INS1E_IS12_vE10value_typeEvE10value_typeES1O_S1T_S1J_S1J_T10_iibT11_' for 'sm_100'
ptxas info    : Function properties for _ZN3cub17_V_300500_SM_10006detail12batched_topk35device_segmented_topk_filter_kernelINS2_26policy_selector_from_typesIlilLl8388608EEELNS1_4topk6selectE0EN4cuda3__417constant_iteratorIPKllEENSA_IPllEENSA_INS9_17counting_iteratorIjlLi0ELi0ELi0EEElEENS9_18transform_iteratorINS2_26per_segment_indexed_out_opINSA_IPKilEENSA_IPilEEEENSG_IlnLi0ELi0ELi0EEEEENS1_6params13uniform_paramIlLl0ELl268435456EEENSU_IlLl1ELl8388608EEENSU_IlLl1ELl1EEESE_jPyNS1_21identity_decomposer_tEjjLi7EEEvT1_T2_T3_T4_T5_T6_T7_T8_PKT9_PNS6_7counterINS8_3std3__415iterator_traitsINS1E_IS10_vE10value_typeEvE10value_typeET12_T13_EEPS1J_PS1I_PNS1E_INS1E_IS12_vE10value_typeEvE10value_typeES1O_S1T_S1J_S1J_T10_iibT11_
    0 bytes stack frame, 0 bytes spill stores, 0 bytes spill loads
ptxas info    : Used 40 registers, used 1 barriers, 8196 bytes smem
ptxas info    : Compile time = 21.098 ms
ptxas info    : Compiling entry function '_ZN3cub17_V_300500_SM_10006detail12batched_topk35device_segmented_topk_filter_kernelINS2_26policy_selector_from_typesIlilLl8388608EEELNS1_4topk6selectE0EN4cuda3__417constant_iteratorIPKllEENSA_IPllEENSA_INS9_17counting_iteratorIjlLi0ELi0ELi0EEElEENS9_18transform_iteratorINS2_26per_segment_indexed_out_opINSA_IPKilEENSA_IPilEEEENSG_IlnLi0ELi0ELi0EEEEENS1_6params13uniform_paramIlLl0ELl268435456EEENSU_IlLl1ELl8388608EEENSU_IlLl1ELl1EEESE_jPyNS1_21identity_decomposer_tEjjLi6EEEvT1_T2_T3_T4_T5_T6_T7_T8_PKT9_PNS6_7counterINS8_3std3__415iterator_traitsINS1E_IS10_vE10value_typeEvE10value_typeET12_T13_EEPS1J_PS1I_PNS1E_INS1E_IS12_vE10value_typeEvE10value_typeES1O_S1T_S1J_S1J_T10_iibT11_' for 'sm_100'
ptxas info    : Function properties for _ZN3cub17_V_300500_SM_10006detail12batched_topk35device_segmented_topk_filter_kernelINS2_26policy_selector_from_typesIlilLl8388608EEELNS1_4topk6selectE0EN4cuda3__417constant_iteratorIPKllEENSA_IPllEENSA_INS9_17counting_iteratorIjlLi0ELi0ELi0EEElEENS9_18transform_iteratorINS2_26per_segment_indexed_out_opINSA_IPKilEENSA_IPilEEEENSG_IlnLi0ELi0ELi0EEEEENS1_6params13uniform_paramIlLl0ELl268435456EEENSU_IlLl1ELl8388608EEENSU_IlLl1ELl1EEESE_jPyNS1_21identity_decomposer_tEjjLi6EEEvT1_T2_T3_T4_T5_T6_T7_T8_PKT9_PNS6_7counterINS8_3std3__415iterator_traitsINS1E_IS10_vE10value_typeEvE10value_typeET12_T13_EEPS1J_PS1I_PNS1E_INS1E_IS12_vE10value_typeEvE10value_typeES1O_S1T_S1J_S1J_T10_iibT11_
    0 bytes stack frame, 0 bytes spill stores, 0 bytes spill loads
ptxas info    : Used 40 registers, used 1 barriers, 8196 bytes smem
ptxas info    : Compile time = 21.085 ms
ptxas info    : Compiling entry function '_ZN3cub17_V_300500_SM_10006detail12batched_topk35device_segmented_topk_filter_kernelINS2_26policy_selector_from_typesIlilLl8388608EEELNS1_4topk6selectE0EN4cuda3__417constant_iteratorIPKllEENSA_IPllEENSA_INS9_17counting_iteratorIjlLi0ELi0ELi0EEElEENS9_18transform_iteratorINS2_26per_segment_indexed_out_opINSA_IPKilEENSA_IPilEEEENSG_IlnLi0ELi0ELi0EEEEENS1_6params13uniform_paramIlLl0ELl268435456EEENSU_IlLl1ELl8388608EEENSU_IlLl1ELl1EEESE_jPyNS1_21identity_decomposer_tEjjLi5EEEvT1_T2_T3_T4_T5_T6_T7_T8_PKT9_PNS6_7counterINS8_3std3__415iterator_traitsINS1E_IS10_vE10value_typeEvE10value_typeET12_T13_EEPS1J_PS1I_PNS1E_INS1E_IS12_vE10value_typeEvE10value_typeES1O_S1T_S1J_S1J_T10_iibT11_' for 'sm_100'
ptxas info    : Function properties for _ZN3cub17_V_300500_SM_10006detail12batched_topk35device_segmented_topk_filter_kernelINS2_26policy_selector_from_typesIlilLl8388608EEELNS1_4topk6selectE0EN4cuda3__417constant_iteratorIPKllEENSA_IPllEENSA_INS9_17counting_iteratorIjlLi0ELi0ELi0EEElEENS9_18transform_iteratorINS2_26per_segment_indexed_out_opINSA_IPKilEENSA_IPilEEEENSG_IlnLi0ELi0ELi0EEEEENS1_6params13uniform_paramIlLl0ELl268435456EEENSU_IlLl1ELl8388608EEENSU_IlLl1ELl1EEESE_jPyNS1_21identity_decomposer_tEjjLi5EEEvT1_T2_T3_T4_T5_T6_T7_T8_PKT9_PNS6_7counterINS8_3std3__415iterator_traitsINS1E_IS10_vE10value_typeEvE10value_typeET12_T13_EEPS1J_PS1I_PNS1E_INS1E_IS12_vE10value_typeEvE10value_typeES1O_S1T_S1J_S1J_T10_iibT11_
    0 bytes stack frame, 0 bytes spill stores, 0 bytes spill loads
ptxas info    : Used 40 registers, used 1 barriers, 8196 bytes smem
ptxas info    : Compile time = 21.626 ms
ptxas info    : Compiling entry function '_ZN3cub17_V_300500_SM_10006detail12batched_topk35device_segmented_topk_filter_kernelINS2_26policy_selector_from_typesIlilLl8388608EEELNS1_4topk6selectE0EN4cuda3__417constant_iteratorIPKllEENSA_IPllEENSA_INS9_17counting_iteratorIjlLi0ELi0ELi0EEElEENS9_18transform_iteratorINS2_26per_segment_indexed_out_opINSA_IPKilEENSA_IPilEEEENSG_IlnLi0ELi0ELi0EEEEENS1_6params13uniform_paramIlLl0ELl268435456EEENSU_IlLl1ELl8388608EEENSU_IlLl1ELl1EEESE_jPyNS1_21identity_decomposer_tEjjLi4EEEvT1_T2_T3_T4_T5_T6_T7_T8_PKT9_PNS6_7counterINS8_3std3__415iterator_traitsINS1E_IS10_vE10value_typeEvE10value_typeET12_T13_EEPS1J_PS1I_PNS1E_INS1E_IS12_vE10value_typeEvE10value_typeES1O_S1T_S1J_S1J_T10_iibT11_' for 'sm_100'
ptxas info    : Function properties for _ZN3cub17_V_300500_SM_10006detail12batched_topk35device_segmented_topk_filter_kernelINS2_26policy_selector_from_typesIlilLl8388608EEELNS1_4topk6selectE0EN4cuda3__417constant_iteratorIPKllEENSA_IPllEENSA_INS9_17counting_iteratorIjlLi0ELi0ELi0EEElEENS9_18transform_iteratorINS2_26per_segment_indexed_out_opINSA_IPKilEENSA_IPilEEEENSG_IlnLi0ELi0ELi0EEEEENS1_6params13uniform_paramIlLl0ELl268435456EEENSU_IlLl1ELl8388608EEENSU_IlLl1ELl1EEESE_jPyNS1_21identity_decomposer_tEjjLi4EEEvT1_T2_T3_T4_T5_T6_T7_T8_PKT9_PNS6_7counterINS8_3std3__415iterator_traitsINS1E_IS10_vE10value_typeEvE10value_typeET12_T13_EEPS1J_PS1I_PNS1E_INS1E_IS12_vE10value_typeEvE10value_typeES1O_S1T_S1J_S1J_T10_iibT11_
    0 bytes stack frame, 0 bytes spill stores, 0 bytes spill loads
ptxas info    : Used 40 registers, used 1 barriers, 8196 bytes smem
ptxas info    : Compile time = 21.574 ms
ptxas info    : Compiling entry function '_ZN3cub17_V_300500_SM_10006detail12batched_topk35device_segmented_topk_filter_kernelINS2_26policy_selector_from_typesIlilLl8388608EEELNS1_4topk6selectE0EN4cuda3__417constant_iteratorIPKllEENSA_IPllEENSA_INS9_17counting_iteratorIjlLi0ELi0ELi0EEElEENS9_18transform_iteratorINS2_26per_segment_indexed_out_opINSA_IPKilEENSA_IPilEEEENSG_IlnLi0ELi0ELi0EEEEENS1_6params13uniform_paramIlLl0ELl268435456EEENSU_IlLl1ELl8388608EEENSU_IlLl1ELl1EEESE_jPyNS1_21identity_decomposer_tEjjLi3EEEvT1_T2_T3_T4_T5_T6_T7_T8_PKT9_PNS6_7counterINS8_3std3__415iterator_traitsINS1E_IS10_vE10value_typeEvE10value_typeET12_T13_EEPS1J_PS1I_PNS1E_INS1E_IS12_vE10value_typeEvE10value_typeES1O_S1T_S1J_S1J_T10_iibT11_' for 'sm_100'
ptxas info    : Function properties for _ZN3cub17_V_300500_SM_10006detail12batched_topk35device_segmented_topk_filter_kernelINS2_26policy_selector_from_typesIlilLl8388608EEELNS1_4topk6selectE0EN4cuda3__417constant_iteratorIPKllEENSA_IPllEENSA_INS9_17counting_iteratorIjlLi0ELi0ELi0EEElEENS9_18transform_iteratorINS2_26per_segment_indexed_out_opINSA_IPKilEENSA_IPilEEEENSG_IlnLi0ELi0ELi0EEEEENS1_6params13uniform_paramIlLl0ELl268435456EEENSU_IlLl1ELl8388608EEENSU_IlLl1ELl1EEESE_jPyNS1_21identity_decomposer_tEjjLi3EEEvT1_T2_T3_T4_T5_T6_T7_T8_PKT9_PNS6_7counterINS8_3std3__415iterator_traitsINS1E_IS10_vE10value_typeEvE10value_typeET12_T13_EEPS1J_PS1I_PNS1E_INS1E_IS12_vE10value_typeEvE10value_typeES1O_S1T_S1J_S1J_T10_iibT11_
    0 bytes stack frame, 0 bytes spill stores, 0 bytes spill loads
ptxas info    : Used 40 registers, used 1 barriers, 8196 bytes smem
ptxas info    : Compile time = 21.597 ms
ptxas info    : Compiling entry function '_ZN3cub17_V_300500_SM_10006detail12batched_topk35device_segmented_topk_filter_kernelINS2_26policy_selector_from_typesIlilLl8388608EEELNS1_4topk6selectE0EN4cuda3__417constant_iteratorIPKllEENSA_IPllEENSA_INS9_17counting_iteratorIjlLi0ELi0ELi0EEElEENS9_18transform_iteratorINS2_26per_segment_indexed_out_opINSA_IPKilEENSA_IPilEEEENSG_IlnLi0ELi0ELi0EEEEENS1_6params13uniform_paramIlLl0ELl268435456EEENSU_IlLl1ELl8388608EEENSU_IlLl1ELl1EEESE_jPyNS1_21identity_decomposer_tEjjLi2EEEvT1_T2_T3_T4_T5_T6_T7_T8_PKT9_PNS6_7counterINS8_3std3__415iterator_traitsINS1E_IS10_vE10value_typeEvE10value_typeET12_T13_EEPS1J_PS1I_PNS1E_INS1E_IS12_vE10value_typeEvE10value_typeES1O_S1T_S1J_S1J_T10_iibT11_' for 'sm_100'
ptxas info    : Function properties for _ZN3cub17_V_300500_SM_10006detail12batched_topk35device_segmented_topk_filter_kernelINS2_26policy_selector_from_typesIlilLl8388608EEELNS1_4topk6selectE0EN4cuda3__417constant_iteratorIPKllEENSA_IPllEENSA_INS9_17counting_iteratorIjlLi0ELi0ELi0EEElEENS9_18transform_iteratorINS2_26per_segment_indexed_out_opINSA_IPKilEENSA_IPilEEEENSG_IlnLi0ELi0ELi0EEEEENS1_6params13uniform_paramIlLl0ELl268435456EEENSU_IlLl1ELl8388608EEENSU_IlLl1ELl1EEESE_jPyNS1_21identity_decomposer_tEjjLi2EEEvT1_T2_T3_T4_T5_T6_T7_T8_PKT9_PNS6_7counterINS8_3std3__415iterator_traitsINS1E_IS10_vE10value_typeEvE10value_typeET12_T13_EEPS1J_PS1I_PNS1E_INS1E_IS12_vE10value_typeEvE10value_typeES1O_S1T_S1J_S1J_T10_iibT11_
    0 bytes stack frame, 0 bytes spill stores, 0 bytes spill loads
ptxas info    : Used 40 registers, used 1 barriers, 8196 bytes smem
ptxas info    : Compile time = 21.611 ms
ptxas info    : Compiling entry function '_ZN3cub17_V_300500_SM_10006detail12batched_topk35device_segmented_topk_filter_kernelINS2_26policy_selector_from_typesIlilLl8388608EEELNS1_4topk6selectE0EN4cuda3__417constant_iteratorIPKllEENSA_IPllEENSA_INS9_17counting_iteratorIjlLi0ELi0ELi0EEElEENS9_18transform_iteratorINS2_26per_segment_indexed_out_opINSA_IPKilEENSA_IPilEEEENSG_IlnLi0ELi0ELi0EEEEENS1_6params13uniform_paramIlLl0ELl268435456EEENSU_IlLl1ELl8388608EEENSU_IlLl1ELl1EEESE_jPyNS1_21identity_decomposer_tEjjLi0EEEvT1_T2_T3_T4_T5_T6_T7_T8_PKT9_PNS6_7counterINS8_3std3__415iterator_traitsINS1E_IS10_vE10value_typeEvE10value_typeET12_T13_EEPS1J_PS1I_PNS1E_INS1E_IS12_vE10value_typeEvE10value_typeES1O_S1T_S1J_S1J_T10_iibT11_' for 'sm_100'
ptxas info    : Function properties for _ZN3cub17_V_300500_SM_10006detail12batched_topk35device_segmented_topk_filter_kernelINS2_26policy_selector_from_typesIlilLl8388608EEELNS1_4topk6selectE0EN4cuda3__417constant_iteratorIPKllEENSA_IPllEENSA_INS9_17counting_iteratorIjlLi0ELi0ELi0EEElEENS9_18transform_iteratorINS2_26per_segment_indexed_out_opINSA_IPKilEENSA_IPilEEEENSG_IlnLi0ELi0ELi0EEEEENS1_6params13uniform_paramIlLl0ELl268435456EEENSU_IlLl1ELl8388608EEENSU_IlLl1ELl1EEESE_jPyNS1_21identity_decomposer_tEjjLi0EEEvT1_T2_T3_T4_T5_T6_T7_T8_PKT9_PNS6_7counterINS8_3std3__415iterator_traitsINS1E_IS10_vE10value_typeEvE10value_typeET12_T13_EEPS1J_PS1I_PNS1E_INS1E_IS12_vE10value_typeEvE10value_typeES1O_S1T_S1J_S1J_T10_iibT11_
    0 bytes stack frame, 0 bytes spill stores, 0 bytes spill loads
ptxas info    : Used 23 registers, used 1 barriers, 8196 bytes smem
ptxas info    : Compile time = 7.908 ms
ptxas info    : Compiling entry function '_ZN3cub17_V_300500_SM_10006detail12batched_topk35device_segmented_topk_filter_kernelINS2_26policy_selector_from_typesIlilLl8388608EEELNS1_4topk6selectE0EN4cuda3__417constant_iteratorIPKllEENSA_IPllEENSA_INS9_17counting_iteratorIjlLi0ELi0ELi0EEElEENS9_18transform_iteratorINS2_26per_segment_indexed_out_opINSA_IPKilEENSA_IPilEEEENSG_IlnLi0ELi0ELi0EEEEENS1_6params13uniform_paramIlLl0ELl268435456EEENSU_IlLl1ELl8388608EEENSU_IlLl1ELl1EEESE_jPyNS1_21identity_decomposer_tEjjLi1EEEvT1_T2_T3_T4_T5_T6_T7_T8_PKT9_PNS6_7counterINS8_3std3__415iterator_traitsINS1E_IS10_vE10value_typeEvE10value_typeET12_T13_EEPS1J_PS1I_PNS1E_INS1E_IS12_vE10value_typeEvE10value_typeES1O_S1T_S1J_S1J_T10_iibT11_' for 'sm_100'
ptxas info    : Function properties for _ZN3cub17_V_300500_SM_10006detail12batched_topk35device_segmented_topk_filter_kernelINS2_26policy_selector_from_typesIlilLl8388608EEELNS1_4topk6selectE0EN4cuda3__417constant_iteratorIPKllEENSA_IPllEENSA_INS9_17counting_iteratorIjlLi0ELi0ELi0EEElEENS9_18transform_iteratorINS2_26per_segment_indexed_out_opINSA_IPKilEENSA_IPilEEEENSG_IlnLi0ELi0ELi0EEEEENS1_6params13uniform_paramIlLl0ELl268435456EEENSU_IlLl1ELl8388608EEENSU_IlLl1ELl1EEESE_jPyNS1_21identity_decomposer_tEjjLi1EEEvT1_T2_T3_T4_T5_T6_T7_T8_PKT9_PNS6_7counterINS8_3std3__415iterator_traitsINS1E_IS10_vE10value_typeEvE10value_typeET12_T13_EEPS1J_PS1I_PNS1E_INS1E_IS12_vE10value_typeEvE10value_typeES1O_S1T_S1J_S1J_T10_iibT11_
    0 bytes stack frame, 0 bytes spill stores, 0 bytes spill loads
ptxas info    : Used 40 registers, used 1 barriers, 8196 bytes smem
ptxas info    : Compile time = 21.732 ms
ptxas info    : Compiling entry function '_ZN3cub17_V_300500_SM_10006detail12batched_topk47device_segmented_topk_finalize_histogram_kernelINS2_26policy_selector_from_typesIlilLl8388608EEEN4cuda3__417constant_iteratorIPKllEENS1_6params13uniform_paramIlLl0ELl268435456EEENSD_IlLl1ELl8388608EEENSD_IlLl1ELl1EEEPlPyNS1_4topk16extract_bin_op_tIlLNSJ_6selectE0ELi11ENS1_21identity_decomposer_tELb1EEEjjlEEvT0_T1_T2_T3_T4_PNSJ_7counterIT9_T7_T8_EEPSV_T5_T6_ib' for 'sm_100'
ptxas info    : Function properties for _ZN3cub17_V_300500_SM_10006detail12batched_topk47device_segmented_topk_finalize_histogram_kernelINS2_26policy_selector_from_typesIlilLl8388608EEEN4cuda3__417constant_iteratorIPKllEENS1_6params13uniform_paramIlLl0ELl268435456EEENSD_IlLl1ELl8388608EEENSD_IlLl1ELl1EEEPlPyNS1_4topk16extract_bin_op_tIlLNSJ_6selectE0ELi11ENS1_21identity_decomposer_tELb1EEEjjlEEvT0_T1_T2_T3_T4_PNSJ_7counterIT9_T7_T8_EEPSV_T5_T6_ib
    0 bytes stack frame, 0 bytes spill stores, 0 bytes spill loads
ptxas info    : Used 40 registers, used 1 barriers, 8192 bytes smem
ptxas info    : Compile time = 9.161 ms
ptxas info    : Compiling entry function '_ZN3cub17_V_300500_SM_10006detail12batched_topk38device_segmented_topk_histogram_kernelINS2_26policy_selector_from_typesIlilLl8388608EEEN4cuda3__417constant_iteratorIPKllEENS1_6params13uniform_paramIlLl0ELl268435456EEENSD_IlLl1ELl8388608EEENSD_IlLl1ELl1EEEPljPyNS1_4topk16extract_bin_op_tIlLNSJ_6selectE0ELi11ENS1_21identity_decomposer_tELb1EEEjjjEEvT0_T1_T2_T3_T4_PKT5_PNSJ_7counterINS6_3std3__415iterator_traitsINSZ_ISO_vE10value_typeEvE10value_typeET8_T9_EEPS14_T6_T7_' for 'sm_100'
ptxas info    : Function properties for _ZN3cub17_V_300500_SM_10006detail12batched_topk38device_segmented_topk_histogram_kernelINS2_26policy_selector_from_typesIlilLl8388608EEEN4cuda3__417constant_iteratorIPKllEENS1_6params13uniform_paramIlLl0ELl268435456EEENSD_IlLl1ELl8388608EEENSD_IlLl1ELl1EEEPljPyNS1_4topk16extract_bin_op_tIlLNSJ_6selectE0ELi11ENS1_21identity_decomposer_tELb1EEEjjjEEvT0_T1_T2_T3_T4_PKT5_PNSJ_7counterINS6_3std3__415iterator_traitsINSZ_ISO_vE10value_typeEvE10value_typeET8_T9_EEPS14_T6_T7_
    0 bytes stack frame, 0 bytes spill stores, 0 bytes spill loads
ptxas info    : Used 30 registers, used 1 barriers, 8240 bytes smem
ptxas info    : Compile time = 22.167 ms
ptxas info    : Compiling entry function '_ZN3cub17_V_300500_SM_10006detail12batched_topk28device_segmented_topk_kernelINS2_26policy_selector_from_typesIlilLl8388608EEEN4cuda3__417constant_iteratorIPKllEENS8_IPllEENS8_IPKilEENS8_IPilEENS1_6params13uniform_paramIlLl0ELl268435456EEENSK_IlLl1ELl8388608EEENSJ_22uniform_discrete_paramINS1_4topk6selectEJLSP_1EEEENSK_IlLl1ELl1EEEjEEvT0_T1_T2_T3_T4_T5_T6_T7_PNS2_21batched_topk_countersINSZ_10value_typeEEEPS11_PT8_' for 'sm_100'
ptxas info    : Function properties for _ZN3cub17_V_300500_SM_10006detail12batched_topk28device_segmented_topk_kernelINS2_26policy_selector_from_typesIlilLl8388608EEEN4cuda3__417constant_iteratorIPKllEENS8_IPllEENS8_IPKilEENS8_IPilEENS1_6params13uniform_paramIlLl0ELl268435456EEENSK_IlLl1ELl8388608EEENSJ_22uniform_discrete_paramINS1_4topk6selectEJLSP_1EEEENSK_IlLl1ELl1EEEjEEvT0_T1_T2_T3_T4_T5_T6_T7_PNS2_21batched_topk_countersINSZ_10value_typeEEEPS11_PT8_
    0 bytes stack frame, 0 bytes spill stores, 0 bytes spill loads
ptxas info    : Used 183 registers, used 1 barriers, 33808 bytes smem
ptxas info    : Compile time = 64.407 ms
ptxas info    : Compiling entry function '_ZN3cub17_V_300500_SM_10006detail12batched_topk44device_segmented_topk_finalize_filter_kernelINS2_26policy_selector_from_typesIlslLl8388608EEELNS1_4topk6selectE1EN4cuda3__417constant_iteratorIPKllEENSA_IPllEENSA_INS9_17counting_iteratorIjlLi0ELi0ELi0EEElEENS9_18transform_iteratorINS2_26per_segment_indexed_out_opINSA_IPKslEENSA_IPslEEEENSG_IlnLi0ELi0ELi0EEEEENS1_6params13uniform_paramIlLl0ELl268435456EEENSU_IlLl1ELl8388608EEENSU_IlLl1ELl1EEESE_jPyNS1_21identity_decomposer_tEjjlEEvT1_T2_T3_T4_T5_T6_T7_T8_PKT9_PNS6_7counterIT14_T12_T13_EEPS1D_PS1C_PNS8_3std3__415iterator_traitsINS1L_IS12_vE10value_typeEvE10value_typeES1I_S1Q_T10_S1D_S1D_iiT11_b' for 'sm_100'
ptxas info    : Function properties for _ZN3cub17_V_300500_SM_10006detail12batched_topk44device_segmented_topk_finalize_filter_kernelINS2_26policy_selector_from_typesIlslLl8388608EEELNS1_4topk6selectE1EN4cuda3__417constant_iteratorIPKllEENSA_IPllEENSA_INS9_17counting_iteratorIjlLi0ELi0ELi0EEElEENS9_18transform_iteratorINS2_26per_segment_indexed_out_opINSA_IPKslEENSA_IPslEEEENSG_IlnLi0ELi0ELi0EEEEENS1_6params13uniform_paramIlLl0ELl268435456EEENSU_IlLl1ELl8388608EEENSU_IlLl1ELl1EEESE_jPyNS1_21identity_decomposer_tEjjlEEvT1_T2_T3_T4_T5_T6_T7_T8_PKT9_PNS6_7counterIT14_T12_T13_EEPS1D_PS1C_PNS8_3std3__415iterator_traitsINS1L_IS12_vE10value_typeEvE10value_typeES1I_S1Q_T10_S1D_S1D_iiT11_b
    0 bytes stack frame, 0 bytes spill stores, 0 bytes spill loads
ptxas info    : Used 52 registers, used 1 barriers, 8208 bytes smem
ptxas info    : Compile time = 25.339 ms
ptxas info    : Compiling entry function '_ZN3cub17_V_300500_SM_10006detail12batched_topk40device_segmented_topk_last_filter_kernelINS2_26policy_selector_from_typesIlslLl8388608EEELNS1_4topk6selectE1EN4cuda3__417constant_iteratorIPKllEENSA_IPllEENSA_INS9_17counting_iteratorIjlLi0ELi0ELi0EEElEENS9_18transform_iteratorINS2_26per_segment_indexed_out_opINSA_IPKslEENSA_IPslEEEENSG_IlnLi0ELi0ELi0EEEEENS1_6params13uniform_paramIlLl0ELl268435456EEENSU_IlLl1ELl8388608EEENSU_IlLl1ELl1EEESE_jPyNS1_21identity_decomposer_tEjjEEvT1_T2_T3_T4_T5_T6_T7_T8_PKT9_PNS6_7counterINS8_3std3__415iterator_traitsINS1E_IS10_vE10value_typeEvE10value_typeET12_T13_EEPS1I_PNS1E_INS1E_IS12_vE10value_typeEvE10value_typeES1J_T10_iiT11_' for 'sm_100'
ptxas info    : Function properties for _ZN3cub17_V_300500_SM_10006detail12batched_topk40device_segmented_topk_last_filter_kernelINS2_26policy_selector_from_typesIlslLl8388608EEELNS1_4topk6selectE1EN4cuda3__417constant_iteratorIPKllEENSA_IPllEENSA_INS9_17counting_iteratorIjlLi0ELi0ELi0EEElEENS9_18transform_iteratorINS2_26per_segment_indexed_out_opINSA_IPKslEENSA_IPslEEEENSG_IlnLi0ELi0ELi0EEEEENS1_6params13uniform_paramIlLl0ELl268435456EEENSU_IlLl1ELl8388608EEENSU_IlLl1ELl1EEESE_jPyNS1_21identity_decomposer_tEjjEEvT1_T2_T3_T4_T5_T6_T7_T8_PKT9_PNS6_7counterINS8_3std3__415iterator_traitsINS1E_IS10_vE10value_typeEvE10value_typeET12_T13_EEPS1I_PNS1E_INS1E_IS12_vE10value_typeEvE10value_typeES1J_T10_iiT11_
    8 bytes stack frame, 8 bytes spill stores, 8 bytes spill loads
ptxas info    : Used 40 registers, used 1 barriers, 8 bytes cumulative stack size
ptxas info    : Compile time = 77.981 ms
ptxas info    : Compiling entry function '_ZN3cub17_V_300500_SM_10006detail12batched_topk35device_segmented_topk_filter_kernelINS2_26policy_selector_from_typesIlslLl8388608EEELNS1_4topk6selectE1EN4cuda3__417constant_iteratorIPKllEENSA_IPllEENSA_INS9_17counting_iteratorIjlLi0ELi0ELi0EEElEENS9_18transform_iteratorINS2_26per_segment_indexed_out_opINSA_IPKslEENSA_IPslEEEENSG_IlnLi0ELi0ELi0EEEEENS1_6params13uniform_paramIlLl0ELl268435456EEENSU_IlLl1ELl8388608EEENSU_IlLl1ELl1EEESE_jPyNS1_21identity_decomposer_tEjjLi7EEEvT1_T2_T3_T4_T5_T6_T7_T8_PKT9_PNS6_7counterINS8_3std3__415iterator_traitsINS1E_IS10_vE10value_typeEvE10value_typeET12_T13_EEPS1J_PS1I_PNS1E_INS1E_IS12_vE10value_typeEvE10value_typeES1O_S1T_S1J_S1J_T10_iibT11_' for 'sm_100'
ptxas info    : Function properties for _ZN3cub17_V_300500_SM_10006detail12batched_topk35device_segmented_topk_filter_kernelINS2_26policy_selector_from_typesIlslLl8388608EEELNS1_4topk6selectE1EN4cuda3__417constant_iteratorIPKllEENSA_IPllEENSA_INS9_17counting_iteratorIjlLi0ELi0ELi0EEElEENS9_18transform_iteratorINS2_26per_segment_indexed_out_opINSA_IPKslEENSA_IPslEEEENSG_IlnLi0ELi0ELi0EEEEENS1_6params13uniform_paramIlLl0ELl268435456EEENSU_IlLl1ELl8388608EEENSU_IlLl1ELl1EEESE_jPyNS1_21identity_decomposer_tEjjLi7EEEvT1_T2_T3_T4_T5_T6_T7_T8_PKT9_PNS6_7counterINS8_3std3__415iterator_traitsINS1E_IS10_vE10value_typeEvE10value_typeET12_T13_EEPS1J_PS1I_PNS1E_INS1E_IS12_vE10value_typeEvE10value_typeES1O_S1T_S1J_S1J_T10_iibT11_
    0 bytes stack frame, 0 bytes spill stores, 0 bytes spill loads
ptxas info    : Used 40 registers, used 1 barriers, 8196 bytes smem
ptxas info    : Compile time = 21.164 ms
ptxas info    : Compiling entry function '_ZN3cub17_V_300500_SM_10006detail12batched_topk35device_segmented_topk_filter_kernelINS2_26policy_selector_from_typesIlslLl8388608EEELNS1_4topk6selectE1EN4cuda3__417constant_iteratorIPKllEENSA_IPllEENSA_INS9_17counting_iteratorIjlLi0ELi0ELi0EEElEENS9_18transform_iteratorINS2_26per_segment_indexed_out_opINSA_IPKslEENSA_IPslEEEENSG_IlnLi0ELi0ELi0EEEEENS1_6params13uniform_paramIlLl0ELl268435456EEENSU_IlLl1ELl8388608EEENSU_IlLl1ELl1EEESE_jPyNS1_21identity_decomposer_tEjjLi6EEEvT1_T2_T3_T4_T5_T6_T7_T8_PKT9_PNS6_7counterINS8_3std3__415iterator_traitsINS1E_IS10_vE10value_typeEvE10value_typeET12_T13_EEPS1J_PS1I_PNS1E_INS1E_IS12_vE10value_typeEvE10value_typeES1O_S1T_S1J_S1J_T10_iibT11_' for 'sm_100'
ptxas info    : Function properties for _ZN3cub17_V_300500_SM_10006detail12batched_topk35device_segmented_topk_filter_kernelINS2_26policy_selector_from_typesIlslLl8388608EEELNS1_4topk6selectE1EN4cuda3__417constant_iteratorIPKllEENSA_IPllEENSA_INS9_17counting_iteratorIjlLi0ELi0ELi0EEElEENS9_18transform_iteratorINS2_26per_segment_indexed_out_opINSA_IPKslEENSA_IPslEEEENSG_IlnLi0ELi0ELi0EEEEENS1_6params13uniform_paramIlLl0ELl268435456EEENSU_IlLl1ELl8388608EEENSU_IlLl1ELl1EEESE_jPyNS1_21identity_decomposer_tEjjLi6EEEvT1_T2_T3_T4_T5_T6_T7_T8_PKT9_PNS6_7counterINS8_3std3__415iterator_traitsINS1E_IS10_vE10value_typeEvE10value_typeET12_T13_EEPS1J_PS1I_PNS1E_INS1E_IS12_vE10value_typeEvE10value_typeES1O_S1T_S1J_S1J_T10_iibT11_
    0 bytes stack frame, 0 bytes spill stores, 0 bytes spill loads
ptxas info    : Used 40 registers, used 1 barriers, 8196 bytes smem
ptxas info    : Compile time = 21.177 ms
ptxas info    : Compiling entry function '_ZN3cub17_V_300500_SM_10006detail12batched_topk35device_segmented_topk_filter_kernelINS2_26policy_selector_from_typesIlslLl8388608EEELNS1_4topk6selectE1EN4cuda3__417constant_iteratorIPKllEENSA_IPllEENSA_INS9_17counting_iteratorIjlLi0ELi0ELi0EEElEENS9_18transform_iteratorINS2_26per_segment_indexed_out_opINSA_IPKslEENSA_IPslEEEENSG_IlnLi0ELi0ELi0EEEEENS1_6params13uniform_paramIlLl0ELl268435456EEENSU_IlLl1ELl8388608EEENSU_IlLl1ELl1EEESE_jPyNS1_21identity_decomposer_tEjjLi5EEEvT1_T2_T3_T4_T5_T6_T7_T8_PKT9_PNS6_7counterINS8_3std3__415iterator_traitsINS1E_IS10_vE10value_typeEvE10value_typeET12_T13_EEPS1J_PS1I_PNS1E_INS1E_IS12_vE10value_typeEvE10value_typeES1O_S1T_S1J_S1J_T10_iibT11_' for 'sm_100'
ptxas info    : Function properties for _ZN3cub17_V_300500_SM_10006detail12batched_topk35device_segmented_topk_filter_kernelINS2_26policy_selector_from_typesIlslLl8388608EEELNS1_4topk6selectE1EN4cuda3__417constant_iteratorIPKllEENSA_IPllEENSA_INS9_17counting_iteratorIjlLi0ELi0ELi0EEElEENS9_18transform_iteratorINS2_26per_segment_indexed_out_opINSA_IPKslEENSA_IPslEEEENSG_IlnLi0ELi0ELi0EEEEENS1_6params13uniform_paramIlLl0ELl268435456EEENSU_IlLl1ELl8388608EEENSU_IlLl1ELl1EEESE_jPyNS1_21identity_decomposer_tEjjLi5EEEvT1_T2_T3_T4_T5_T6_T7_T8_PKT9_PNS6_7counterINS8_3std3__415iterator_traitsINS1E_IS10_vE10value_typeEvE10value_typeET12_T13_EEPS1J_PS1I_PNS1E_INS1E_IS12_vE10value_typeEvE10value_typeES1O_S1T_S1J_S1J_T10_iibT11_
    0 bytes stack frame, 0 bytes spill stores, 0 bytes spill loads
ptxas info    : Used 40 registers, used 1 barriers, 8196 bytes smem
ptxas info    : Compile time = 21.671 ms
ptxas info    : Compiling entry function '_ZN3cub17_V_300500_SM_10006detail12batched_topk35device_segmented_topk_filter_kernelINS2_26policy_selector_from_typesIlslLl8388608EEELNS1_4topk6selectE1EN4cuda3__417constant_iteratorIPKllEENSA_IPllEENSA_INS9_17counting_iteratorIjlLi0ELi0ELi0EEElEENS9_18transform_iteratorINS2_26per_segment_indexed_out_opINSA_IPKslEENSA_IPslEEEENSG_IlnLi0ELi0ELi0EEEEENS1_6params13uniform_paramIlLl0ELl268435456EEENSU_IlLl1ELl8388608EEENSU_IlLl1ELl1EEESE_jPyNS1_21identity_decomposer_tEjjLi4EEEvT1_T2_T3_T4_T5_T6_T7_T8_PKT9_PNS6_7counterINS8_3std3__415iterator_traitsINS1E_IS10_vE10value_typeEvE10value_typeET12_T13_EEPS1J_PS1I_PNS1E_INS1E_IS12_vE10value_typeEvE10value_typeES1O_S1T_S1J_S1J_T10_iibT11_' for 'sm_100'
ptxas info    : Function properties for _ZN3cub17_V_300500_SM_10006detail12batched_topk35device_segmented_topk_filter_kernelINS2_26policy_selector_from_typesIlslLl8388608EEELNS1_4topk6selectE1EN4cuda3__417constant_iteratorIPKllEENSA_IPllEENSA_INS9_17counting_iteratorIjlLi0ELi0ELi0EEElEENS9_18transform_iteratorINS2_26per_segment_indexed_out_opINSA_IPKslEENSA_IPslEEEENSG_IlnLi0ELi0ELi0EEEEENS1_6params13uniform_paramIlLl0ELl268435456EEENSU_IlLl1ELl8388608EEENSU_IlLl1ELl1EEESE_jPyNS1_21identity_decomposer_tEjjLi4EEEvT1_T2_T3_T4_T5_T6_T7_T8_PKT9_PNS6_7counterINS8_3std3__415iterator_traitsINS1E_IS10_vE10value_typeEvE10value_typeET12_T13_EEPS1J_PS1I_PNS1E_INS1E_IS12_vE10value_typeEvE10value_typeES1O_S1T_S1J_S1J_T10_iibT11_
    0 bytes stack frame, 0 bytes spill stores, 0 bytes spill loads
ptxas info    : Used 40 registers, used 1 barriers, 8196 bytes smem
ptxas info    : Compile time = 21.727 ms
ptxas info    : Compiling entry function '_ZN3cub17_V_300500_SM_10006detail12batched_topk35device_segmented_topk_filter_kernelINS2_26policy_selector_from_typesIlslLl8388608EEELNS1_4topk6selectE1EN4cuda3__417constant_iteratorIPKllEENSA_IPllEENSA_INS9_17counting_iteratorIjlLi0ELi0ELi0EEElEENS9_18transform_iteratorINS2_26per_segment_indexed_out_opINSA_IPKslEENSA_IPslEEEENSG_IlnLi0ELi0ELi0EEEEENS1_6params13uniform_paramIlLl0ELl268435456EEENSU_IlLl1ELl8388608EEENSU_IlLl1ELl1EEESE_jPyNS1_21identity_decomposer_tEjjLi3EEEvT1_T2_T3_T4_T5_T6_T7_T8_PKT9_PNS6_7counterINS8_3std3__415iterator_traitsINS1E_IS10_vE10value_typeEvE10value_typeET12_T13_EEPS1J_PS1I_PNS1E_INS1E_IS12_vE10value_typeEvE10value_typeES1O_S1T_S1J_S1J_T10_iibT11_' for 'sm_100'
ptxas info    : Function properties for _ZN3cub17_V_300500_SM_10006detail12batched_topk35device_segmented_topk_filter_kernelINS2_26policy_selector_from_typesIlslLl8388608EEELNS1_4topk6selectE1EN4cuda3__417constant_iteratorIPKllEENSA_IPllEENSA_INS9_17counting_iteratorIjlLi0ELi0ELi0EEElEENS9_18transform_iteratorINS2_26per_segment_indexed_out_opINSA_IPKslEENSA_IPslEEEENSG_IlnLi0ELi0ELi0EEEEENS1_6params13uniform_paramIlLl0ELl268435456EEENSU_IlLl1ELl8388608EEENSU_IlLl1ELl1EEESE_jPyNS1_21identity_decomposer_tEjjLi3EEEvT1_T2_T3_T4_T5_T6_T7_T8_PKT9_PNS6_7counterINS8_3std3__415iterator_traitsINS1E_IS10_vE10value_typeEvE10value_typeET12_T13_EEPS1J_PS1I_PNS1E_INS1E_IS12_vE10value_typeEvE10value_typeES1O_S1T_S1J_S1J_T10_iibT11_
    0 bytes stack frame, 0 bytes spill stores, 0 bytes spill loads
ptxas info    : Used 40 registers, used 1 barriers, 8196 bytes smem
ptxas info    : Compile time = 21.638 ms
ptxas info    : Compiling entry function '_ZN3cub17_V_300500_SM_10006detail12batched_topk35device_segmented_topk_filter_kernelINS2_26policy_selector_from_typesIlslLl8388608EEELNS1_4topk6selectE1EN4cuda3__417constant_iteratorIPKllEENSA_IPllEENSA_INS9_17counting_iteratorIjlLi0ELi0ELi0EEElEENS9_18transform_iteratorINS2_26per_segment_indexed_out_opINSA_IPKslEENSA_IPslEEEENSG_IlnLi0ELi0ELi0EEEEENS1_6params13uniform_paramIlLl0ELl268435456EEENSU_IlLl1ELl8388608EEENSU_IlLl1ELl1EEESE_jPyNS1_21identity_decomposer_tEjjLi2EEEvT1_T2_T3_T4_T5_T6_T7_T8_PKT9_PNS6_7counterINS8_3std3__415iterator_traitsINS1E_IS10_vE10value_typeEvE10value_typeET12_T13_EEPS1J_PS1I_PNS1E_INS1E_IS12_vE10value_typeEvE10value_typeES1O_S1T_S1J_S1J_T10_iibT11_' for 'sm_100'
ptxas info    : Function properties for _ZN3cub17_V_300500_SM_10006detail12batched_topk35device_segmented_topk_filter_kernelINS2_26policy_selector_from_typesIlslLl8388608EEELNS1_4topk6selectE1EN4cuda3__417constant_iteratorIPKllEENSA_IPllEENSA_INS9_17counting_iteratorIjlLi0ELi0ELi0EEElEENS9_18transform_iteratorINS2_26per_segment_indexed_out_opINSA_IPKslEENSA_IPslEEEENSG_IlnLi0ELi0ELi0EEEEENS1_6params13uniform_paramIlLl0ELl268435456EEENSU_IlLl1ELl8388608EEENSU_IlLl1ELl1EEESE_jPyNS1_21identity_decomposer_tEjjLi2EEEvT1_T2_T3_T4_T5_T6_T7_T8_PKT9_PNS6_7counterINS8_3std3__415iterator_traitsINS1E_IS10_vE10value_typeEvE10value_typeET12_T13_EEPS1J_PS1I_PNS1E_INS1E_IS12_vE10value_typeEvE10value_typeES1O_S1T_S1J_S1J_T10_iibT11_
    0 bytes stack frame, 0 bytes spill stores, 0 bytes spill loads
ptxas info    : Used 40 registers, used 1 barriers, 8196 bytes smem
ptxas info    : Compile time = 21.683 ms
ptxas info    : Compiling entry function '_ZN3cub17_V_300500_SM_10006detail12batched_topk35device_segmented_topk_filter_kernelINS2_26policy_selector_from_typesIlslLl8388608EEELNS1_4topk6selectE1EN4cuda3__417constant_iteratorIPKllEENSA_IPllEENSA_INS9_17counting_iteratorIjlLi0ELi0ELi0EEElEENS9_18transform_iteratorINS2_26per_segment_indexed_out_opINSA_IPKslEENSA_IPslEEEENSG_IlnLi0ELi0ELi0EEEEENS1_6params13uniform_paramIlLl0ELl268435456EEENSU_IlLl1ELl8388608EEENSU_IlLl1ELl1EEESE_jPyNS1_21identity_decomposer_tEjjLi0EEEvT1_T2_T3_T4_T5_T6_T7_T8_PKT9_PNS6_7counterINS8_3std3__415iterator_traitsINS1E_IS10_vE10value_typeEvE10value_typeET12_T13_EEPS1J_PS1I_PNS1E_INS1E_IS12_vE10value_typeEvE10value_typeES1O_S1T_S1J_S1J_T10_iibT11_' for 'sm_100'
ptxas info    : Function properties for _ZN3cub17_V_300500_SM_10006detail12batched_topk35device_segmented_topk_filter_kernelINS2_26policy_selector_from_typesIlslLl8388608EEELNS1_4topk6selectE1EN4cuda3__417constant_iteratorIPKllEENSA_IPllEENSA_INS9_17counting_iteratorIjlLi0ELi0ELi0EEElEENS9_18transform_iteratorINS2_26per_segment_indexed_out_opINSA_IPKslEENSA_IPslEEEENSG_IlnLi0ELi0ELi0EEEEENS1_6params13uniform_paramIlLl0ELl268435456EEENSU_IlLl1ELl8388608EEENSU_IlLl1ELl1EEESE_jPyNS1_21identity_decomposer_tEjjLi0EEEvT1_T2_T3_T4_T5_T6_T7_T8_PKT9_PNS6_7counterINS8_3std3__415iterator_traitsINS1E_IS10_vE10value_typeEvE10value_typeET12_T13_EEPS1J_PS1I_PNS1E_INS1E_IS12_vE10value_typeEvE10value_typeES1O_S1T_S1J_S1J_T10_iibT11_
    0 bytes stack frame, 0 bytes spill stores, 0 bytes spill loads
ptxas info    : Used 23 registers, used 1 barriers, 8196 bytes smem
ptxas info    : Compile time = 7.950 ms
ptxas info    : Compiling entry function '_ZN3cub17_V_300500_SM_10006detail12batched_topk35device_segmented_topk_filter_kernelINS2_26policy_selector_from_typesIlslLl8388608EEELNS1_4topk6selectE1EN4cuda3__417constant_iteratorIPKllEENSA_IPllEENSA_INS9_17counting_iteratorIjlLi0ELi0ELi0EEElEENS9_18transform_iteratorINS2_26per_segment_indexed_out_opINSA_IPKslEENSA_IPslEEEENSG_IlnLi0ELi0ELi0EEEEENS1_6params13uniform_paramIlLl0ELl268435456EEENSU_IlLl1ELl8388608EEENSU_IlLl1ELl1EEESE_jPyNS1_21identity_decomposer_tEjjLi1EEEvT1_T2_T3_T4_T5_T6_T7_T8_PKT9_PNS6_7counterINS8_3std3__415iterator_traitsINS1E_IS10_vE10value_typeEvE10value_typeET12_T13_EEPS1J_PS1I_PNS1E_INS1E_IS12_vE10value_typeEvE10value_typeES1O_S1T_S1J_S1J_T10_iibT11_' for 'sm_100'
ptxas info    : Function properties for _ZN3cub17_V_300500_SM_10006detail12batched_topk35device_segmented_topk_filter_kernelINS2_26policy_selector_from_typesIlslLl8388608EEELNS1_4topk6selectE1EN4cuda3__417constant_iteratorIPKllEENSA_IPllEENSA_INS9_17counting_iteratorIjlLi0ELi0ELi0EEElEENS9_18transform_iteratorINS2_26per_segment_indexed_out_opINSA_IPKslEENSA_IPslEEEENSG_IlnLi0ELi0ELi0EEEEENS1_6params13uniform_paramIlLl0ELl268435456EEENSU_IlLl1ELl8388608EEENSU_IlLl1ELl1EEESE_jPyNS1_21identity_decomposer_tEjjLi1EEEvT1_T2_T3_T4_T5_T6_T7_T8_PKT9_PNS6_7counterINS8_3std3__415iterator_traitsINS1E_IS10_vE10value_typeEvE10value_typeET12_T13_EEPS1J_PS1I_PNS1E_INS1E_IS12_vE10value_typeEvE10value_typeES1O_S1T_S1J_S1J_T10_iibT11_
    0 bytes stack frame, 0 bytes spill stores, 0 bytes spill loads
ptxas info    : Used 40 registers, used 1 barriers, 8196 bytes smem
ptxas info    : Compile time = 21.739 ms
ptxas info    : Compiling entry function '_ZN3cub17_V_300500_SM_10006detail12batched_topk47device_segmented_topk_finalize_histogram_kernelINS2_26policy_selector_from_typesIlslLl8388608EEEN4cuda3__417constant_iteratorIPKllEENS1_6params13uniform_paramIlLl0ELl268435456EEENSD_IlLl1ELl8388608EEENSD_IlLl1ELl1EEEPlPyNS1_4topk16extract_bin_op_tIlLNSJ_6selectE1ELi11ENS1_21identity_decomposer_tELb1EEEjjlEEvT0_T1_T2_T3_T4_PNSJ_7counterIT9_T7_T8_EEPSV_T5_T6_ib' for 'sm_100'
ptxas info    : Function properties for _ZN3cub17_V_300500_SM_10006detail12batched_topk47device_segmented_topk_finalize_histogram_kernelINS2_26policy_selector_from_typesIlslLl8388608EEEN4cuda3__417constant_iteratorIPKllEENS1_6params13uniform_paramIlLl0ELl268435456EEENSD_IlLl1ELl8388608EEENSD_IlLl1ELl1EEEPlPyNS1_4topk16extract_bin_op_tIlLNSJ_6selectE1ELi11ENS1_21identity_decomposer_tELb1EEEjjlEEvT0_T1_T2_T3_T4_PNSJ_7counterIT9_T7_T8_EEPSV_T5_T6_ib
    0 bytes stack frame, 0 bytes spill stores, 0 bytes spill loads
ptxas info    : Used 40 registers, used 1 barriers, 8192 bytes smem
ptxas info    : Compile time = 9.213 ms
ptxas info    : Compiling entry function '_ZN3cub17_V_300500_SM_10006detail12batched_topk38device_segmented_topk_histogram_kernelINS2_26policy_selector_from_typesIlslLl8388608EEEN4cuda3__417constant_iteratorIPKllEENS1_6params13uniform_paramIlLl0ELl268435456EEENSD_IlLl1ELl8388608EEENSD_IlLl1ELl1EEEPljPyNS1_4topk16extract_bin_op_tIlLNSJ_6selectE1ELi11ENS1_21identity_decomposer_tELb1EEEjjjEEvT0_T1_T2_T3_T4_PKT5_PNSJ_7counterINS6_3std3__415iterator_traitsINSZ_ISO_vE10value_typeEvE10value_typeET8_T9_EEPS14_T6_T7_' for 'sm_100'
ptxas info    : Function properties for _ZN3cub17_V_300500_SM_10006detail12batched_topk38device_segmented_topk_histogram_kernelINS2_26policy_selector_from_typesIlslLl8388608EEEN4cuda3__417constant_iteratorIPKllEENS1_6params13uniform_paramIlLl0ELl268435456EEENSD_IlLl1ELl8388608EEENSD_IlLl1ELl1EEEPljPyNS1_4topk16extract_bin_op_tIlLNSJ_6selectE1ELi11ENS1_21identity_decomposer_tELb1EEEjjjEEvT0_T1_T2_T3_T4_PKT5_PNSJ_7counterINS6_3std3__415iterator_traitsINSZ_ISO_vE10value_typeEvE10value_typeET8_T9_EEPS14_T6_T7_
    0 bytes stack frame, 0 bytes spill stores, 0 bytes spill loads
ptxas info    : Used 30 registers, used 1 barriers, 8240 bytes smem
ptxas info    : Compile time = 19.088 ms
ptxas info    : Compiling entry function '_ZN3cub17_V_300500_SM_10006detail12batched_topk44device_segmented_topk_finalize_filter_kernelINS2_26policy_selector_from_typesIlslLl8388608EEELNS1_4topk6selectE0EN4cuda3__417constant_iteratorIPKllEENSA_IPllEENSA_INS9_17counting_iteratorIjlLi0ELi0ELi0EEElEENS9_18transform_iteratorINS2_26per_segment_indexed_out_opINSA_IPKslEENSA_IPslEEEENSG_IlnLi0ELi0ELi0EEEEENS1_6params13uniform_paramIlLl0ELl268435456EEENSU_IlLl1ELl8388608EEENSU_IlLl1ELl1EEESE_jPyNS1_21identity_decomposer_tEjjlEEvT1_T2_T3_T4_T5_T6_T7_T8_PKT9_PNS6_7counterIT14_T12_T13_EEPS1D_PS1C_PNS8_3std3__415iterator_traitsINS1L_IS12_vE10value_typeEvE10value_typeES1I_S1Q_T10_S1D_S1D_iiT11_b' for 'sm_100'
ptxas info    : Function properties for _ZN3cub17_V_300500_SM_10006detail12batched_topk44device_segmented_topk_finalize_filter_kernelINS2_26policy_selector_from_typesIlslLl8388608EEELNS1_4topk6selectE0EN4cuda3__417constant_iteratorIPKllEENSA_IPllEENSA_INS9_17counting_iteratorIjlLi0ELi0ELi0EEElEENS9_18transform_iteratorINS2_26per_segment_indexed_out_opINSA_IPKslEENSA_IPslEEEENSG_IlnLi0ELi0ELi0EEEEENS1_6params13uniform_paramIlLl0ELl268435456EEENSU_IlLl1ELl8388608EEENSU_IlLl1ELl1EEESE_jPyNS1_21identity_decomposer_tEjjlEEvT1_T2_T3_T4_T5_T6_T7_T8_PKT9_PNS6_7counterIT14_T12_T13_EEPS1D_PS1C_PNS8_3std3__415iterator_traitsINS1L_IS12_vE10value_typeEvE10value_typeES1I_S1Q_T10_S1D_S1D_iiT11_b
    0 bytes stack frame, 0 bytes spill stores, 0 bytes spill loads
ptxas info    : Used 52 registers, used 1 barriers, 8208 bytes smem
ptxas info    : Compile time = 25.187 ms
ptxas info    : Compiling entry function '_ZN3cub17_V_300500_SM_10006detail12batched_topk40device_segmented_topk_last_filter_kernelINS2_26policy_selector_from_typesIlslLl8388608EEELNS1_4topk6selectE0EN4cuda3__417constant_iteratorIPKllEENSA_IPllEENSA_INS9_17counting_iteratorIjlLi0ELi0ELi0EEElEENS9_18transform_iteratorINS2_26per_segment_indexed_out_opINSA_IPKslEENSA_IPslEEEENSG_IlnLi0ELi0ELi0EEEEENS1_6params13uniform_paramIlLl0ELl268435456EEENSU_IlLl1ELl8388608EEENSU_IlLl1ELl1EEESE_jPyNS1_21identity_decomposer_tEjjEEvT1_T2_T3_T4_T5_T6_T7_T8_PKT9_PNS6_7counterINS8_3std3__415iterator_traitsINS1E_IS10_vE10value_typeEvE10value_typeET12_T13_EEPS1I_PNS1E_INS1E_IS12_vE10value_typeEvE10value_typeES1J_T10_iiT11_' for 'sm_100'
ptxas info    : Function properties for _ZN3cub17_V_300500_SM_10006detail12batched_topk40device_segmented_topk_last_filter_kernelINS2_26policy_selector_from_typesIlslLl8388608EEELNS1_4topk6selectE0EN4cuda3__417constant_iteratorIPKllEENSA_IPllEENSA_INS9_17counting_iteratorIjlLi0ELi0ELi0EEElEENS9_18transform_iteratorINS2_26per_segment_indexed_out_opINSA_IPKslEENSA_IPslEEEENSG_IlnLi0ELi0ELi0EEEEENS1_6params13uniform_paramIlLl0ELl268435456EEENSU_IlLl1ELl8388608EEENSU_IlLl1ELl1EEESE_jPyNS1_21identity_decomposer_tEjjEEvT1_T2_T3_T4_T5_T6_T7_T8_PKT9_PNS6_7counterINS8_3std3__415iterator_traitsINS1E_IS10_vE10value_typeEvE10value_typeET12_T13_EEPS1I_PNS1E_INS1E_IS12_vE10value_typeEvE10value_typeES1J_T10_iiT11_
    8 bytes stack frame, 8 bytes spill stores, 8 bytes spill loads
ptxas info    : Used 40 registers, used 1 barriers, 8 bytes cumulative stack size
ptxas info    : Compile time = 78.154 ms
ptxas info    : Compiling entry function '_ZN3cub17_V_300500_SM_10006detail12batched_topk35device_segmented_topk_filter_kernelINS2_26policy_selector_from_typesIlslLl8388608EEELNS1_4topk6selectE0EN4cuda3__417constant_iteratorIPKllEENSA_IPllEENSA_INS9_17counting_iteratorIjlLi0ELi0ELi0EEElEENS9_18transform_iteratorINS2_26per_segment_indexed_out_opINSA_IPKslEENSA_IPslEEEENSG_IlnLi0ELi0ELi0EEEEENS1_6params13uniform_paramIlLl0ELl268435456EEENSU_IlLl1ELl8388608EEENSU_IlLl1ELl1EEESE_jPyNS1_21identity_decomposer_tEjjLi7EEEvT1_T2_T3_T4_T5_T6_T7_T8_PKT9_PNS6_7counterINS8_3std3__415iterator_traitsINS1E_IS10_vE10value_typeEvE10value_typeET12_T13_EEPS1J_PS1I_PNS1E_INS1E_IS12_vE10value_typeEvE10value_typeES1O_S1T_S1J_S1J_T10_iibT11_' for 'sm_100'
ptxas info    : Function properties for _ZN3cub17_V_300500_SM_10006detail12batched_topk35device_segmented_topk_filter_kernelINS2_26policy_selector_from_typesIlslLl8388608EEELNS1_4topk6selectE0EN4cuda3__417constant_iteratorIPKllEENSA_IPllEENSA_INS9_17counting_iteratorIjlLi0ELi0ELi0EEElEENS9_18transform_iteratorINS2_26per_segment_indexed_out_opINSA_IPKslEENSA_IPslEEEENSG_IlnLi0ELi0ELi0EEEEENS1_6params13uniform_paramIlLl0ELl268435456EEENSU_IlLl1ELl8388608EEENSU_IlLl1ELl1EEESE_jPyNS1_21identity_decomposer_tEjjLi7EEEvT1_T2_T3_T4_T5_T6_T7_T8_PKT9_PNS6_7counterINS8_3std3__415iterator_traitsINS1E_IS10_vE10value_typeEvE10value_typeET12_T13_EEPS1J_PS1I_PNS1E_INS1E_IS12_vE10value_typeEvE10value_typeES1O_S1T_S1J_S1J_T10_iibT11_
    0 bytes stack frame, 0 bytes spill stores, 0 bytes spill loads
ptxas info    : Used 40 registers, used 1 barriers, 8196 bytes smem
ptxas info    : Compile time = 21.136 ms
ptxas info    : Compiling entry function '_ZN3cub17_V_300500_SM_10006detail12batched_topk35device_segmented_topk_filter_kernelINS2_26policy_selector_from_typesIlslLl8388608EEELNS1_4topk6selectE0EN4cuda3__417constant_iteratorIPKllEENSA_IPllEENSA_INS9_17counting_iteratorIjlLi0ELi0ELi0EEElEENS9_18transform_iteratorINS2_26per_segment_indexed_out_opINSA_IPKslEENSA_IPslEEEENSG_IlnLi0ELi0ELi0EEEEENS1_6params13uniform_paramIlLl0ELl268435456EEENSU_IlLl1ELl8388608EEENSU_IlLl1ELl1EEESE_jPyNS1_21identity_decomposer_tEjjLi6EEEvT1_T2_T3_T4_T5_T6_T7_T8_PKT9_PNS6_7counterINS8_3std3__415iterator_traitsINS1E_IS10_vE10value_typeEvE10value_typeET12_T13_EEPS1J_PS1I_PNS1E_INS1E_IS12_vE10value_typeEvE10value_typeES1O_S1T_S1J_S1J_T10_iibT11_' for 'sm_100'
ptxas info    : Function properties for _ZN3cub17_V_300500_SM_10006detail12batched_topk35device_segmented_topk_filter_kernelINS2_26policy_selector_from_typesIlslLl8388608EEELNS1_4topk6selectE0EN4cuda3__417constant_iteratorIPKllEENSA_IPllEENSA_INS9_17counting_iteratorIjlLi0ELi0ELi0EEElEENS9_18transform_iteratorINS2_26per_segment_indexed_out_opINSA_IPKslEENSA_IPslEEEENSG_IlnLi0ELi0ELi0EEEEENS1_6params13uniform_paramIlLl0ELl268435456EEENSU_IlLl1ELl8388608EEENSU_IlLl1ELl1EEESE_jPyNS1_21identity_decomposer_tEjjLi6EEEvT1_T2_T3_T4_T5_T6_T7_T8_PKT9_PNS6_7counterINS8_3std3__415iterator_traitsINS1E_IS10_vE10value_typeEvE10value_typeET12_T13_EEPS1J_PS1I_PNS1E_INS1E_IS12_vE10value_typeEvE10value_typeES1O_S1T_S1J_S1J_T10_iibT11_
    0 bytes stack frame, 0 bytes spill stores, 0 bytes spill loads
ptxas info    : Used 40 registers, used 1 barriers, 8196 bytes smem
ptxas info    : Compile time = 21.120 ms
ptxas info    : Compiling entry function '_ZN3cub17_V_300500_SM_10006detail12batched_topk35device_segmented_topk_filter_kernelINS2_26policy_selector_from_typesIlslLl8388608EEELNS1_4topk6selectE0EN4cuda3__417constant_iteratorIPKllEENSA_IPllEENSA_INS9_17counting_iteratorIjlLi0ELi0ELi0EEElEENS9_18transform_iteratorINS2_26per_segment_indexed_out_opINSA_IPKslEENSA_IPslEEEENSG_IlnLi0ELi0ELi0EEEEENS1_6params13uniform_paramIlLl0ELl268435456EEENSU_IlLl1ELl8388608EEENSU_IlLl1ELl1EEESE_jPyNS1_21identity_decomposer_tEjjLi5EEEvT1_T2_T3_T4_T5_T6_T7_T8_PKT9_PNS6_7counterINS8_3std3__415iterator_traitsINS1E_IS10_vE10value_typeEvE10value_typeET12_T13_EEPS1J_PS1I_PNS1E_INS1E_IS12_vE10value_typeEvE10value_typeES1O_S1T_S1J_S1J_T10_iibT11_' for 'sm_100'
ptxas info    : Function properties for _ZN3cub17_V_300500_SM_10006detail12batched_topk35device_segmented_topk_filter_kernelINS2_26policy_selector_from_typesIlslLl8388608EEELNS1_4topk6selectE0EN4cuda3__417constant_iteratorIPKllEENSA_IPllEENSA_INS9_17counting_iteratorIjlLi0ELi0ELi0EEElEENS9_18transform_iteratorINS2_26per_segment_indexed_out_opINSA_IPKslEENSA_IPslEEEENSG_IlnLi0ELi0ELi0EEEEENS1_6params13uniform_paramIlLl0ELl268435456EEENSU_IlLl1ELl8388608EEENSU_IlLl1ELl1EEESE_jPyNS1_21identity_decomposer_tEjjLi5EEEvT1_T2_T3_T4_T5_T6_T7_T8_PKT9_PNS6_7counterINS8_3std3__415iterator_traitsINS1E_IS10_vE10value_typeEvE10value_typeET12_T13_EEPS1J_PS1I_PNS1E_INS1E_IS12_vE10value_typeEvE10value_typeES1O_S1T_S1J_S1J_T10_iibT11_
    0 bytes stack frame, 0 bytes spill stores, 0 bytes spill loads
ptxas info    : Used 40 registers, used 1 barriers, 8196 bytes smem
ptxas info    : Compile time = 21.584 ms
ptxas info    : Compiling entry function '_ZN3cub17_V_300500_SM_10006detail12batched_topk35device_segmented_topk_filter_kernelINS2_26policy_selector_from_typesIlslLl8388608EEELNS1_4topk6selectE0EN4cuda3__417constant_iteratorIPKllEENSA_IPllEENSA_INS9_17counting_iteratorIjlLi0ELi0ELi0EEElEENS9_18transform_iteratorINS2_26per_segment_indexed_out_opINSA_IPKslEENSA_IPslEEEENSG_IlnLi0ELi0ELi0EEEEENS1_6params13uniform_paramIlLl0ELl268435456EEENSU_IlLl1ELl8388608EEENSU_IlLl1ELl1EEESE_jPyNS1_21identity_decomposer_tEjjLi4EEEvT1_T2_T3_T4_T5_T6_T7_T8_PKT9_PNS6_7counterINS8_3std3__415iterator_traitsINS1E_IS10_vE10value_typeEvE10value_typeET12_T13_EEPS1J_PS1I_PNS1E_INS1E_IS12_vE10value_typeEvE10value_typeES1O_S1T_S1J_S1J_T10_iibT11_' for 'sm_100'
ptxas info    : Function properties for _ZN3cub17_V_300500_SM_10006detail12batched_topk35device_segmented_topk_filter_kernelINS2_26policy_selector_from_typesIlslLl8388608EEELNS1_4topk6selectE0EN4cuda3__417constant_iteratorIPKllEENSA_IPllEENSA_INS9_17counting_iteratorIjlLi0ELi0ELi0EEElEENS9_18transform_iteratorINS2_26per_segment_indexed_out_opINSA_IPKslEENSA_IPslEEEENSG_IlnLi0ELi0ELi0EEEEENS1_6params13uniform_paramIlLl0ELl268435456EEENSU_IlLl1ELl8388608EEENSU_IlLl1ELl1EEESE_jPyNS1_21identity_decomposer_tEjjLi4EEEvT1_T2_T3_T4_T5_T6_T7_T8_PKT9_PNS6_7counterINS8_3std3__415iterator_traitsINS1E_IS10_vE10value_typeEvE10value_typeET12_T13_EEPS1J_PS1I_PNS1E_INS1E_IS12_vE10value_typeEvE10value_typeES1O_S1T_S1J_S1J_T10_iibT11_
    0 bytes stack frame, 0 bytes spill stores, 0 bytes spill loads
ptxas info    : Used 40 registers, used 1 barriers, 8196 bytes smem
ptxas info    : Compile time = 21.602 ms
ptxas info    : Compiling entry function '_ZN3cub17_V_300500_SM_10006detail12batched_topk35device_segmented_topk_filter_kernelINS2_26policy_selector_from_typesIlslLl8388608EEELNS1_4topk6selectE0EN4cuda3__417constant_iteratorIPKllEENSA_IPllEENSA_INS9_17counting_iteratorIjlLi0ELi0ELi0EEElEENS9_18transform_iteratorINS2_26per_segment_indexed_out_opINSA_IPKslEENSA_IPslEEEENSG_IlnLi0ELi0ELi0EEEEENS1_6params13uniform_paramIlLl0ELl268435456EEENSU_IlLl1ELl8388608EEENSU_IlLl1ELl1EEESE_jPyNS1_21identity_decomposer_tEjjLi3EEEvT1_T2_T3_T4_T5_T6_T7_T8_PKT9_PNS6_7counterINS8_3std3__415iterator_traitsINS1E_IS10_vE10value_typeEvE10value_typeET12_T13_EEPS1J_PS1I_PNS1E_INS1E_IS12_vE10value_typeEvE10value_typeES1O_S1T_S1J_S1J_T10_iibT11_' for 'sm_100'
ptxas info    : Function properties for _ZN3cub17_V_300500_SM_10006detail12batched_topk35device_segmented_topk_filter_kernelINS2_26policy_selector_from_typesIlslLl8388608EEELNS1_4topk6selectE0EN4cuda3__417constant_iteratorIPKllEENSA_IPllEENSA_INS9_17counting_iteratorIjlLi0ELi0ELi0EEElEENS9_18transform_iteratorINS2_26per_segment_indexed_out_opINSA_IPKslEENSA_IPslEEEENSG_IlnLi0ELi0ELi0EEEEENS1_6params13uniform_paramIlLl0ELl268435456EEENSU_IlLl1ELl8388608EEENSU_IlLl1ELl1EEESE_jPyNS1_21identity_decomposer_tEjjLi3EEEvT1_T2_T3_T4_T5_T6_T7_T8_PKT9_PNS6_7counterINS8_3std3__415iterator_traitsINS1E_IS10_vE10value_typeEvE10value_typeET12_T13_EEPS1J_PS1I_PNS1E_INS1E_IS12_vE10value_typeEvE10value_typeES1O_S1T_S1J_S1J_T10_iibT11_
    0 bytes stack frame, 0 bytes spill stores, 0 bytes spill loads
ptxas info    : Used 40 registers, used 1 barriers, 8196 bytes smem
ptxas info    : Compile time = 21.585 ms
ptxas info    : Compiling entry function '_ZN3cub17_V_300500_SM_10006detail12batched_topk35device_segmented_topk_filter_kernelINS2_26policy_selector_from_typesIlslLl8388608EEELNS1_4topk6selectE0EN4cuda3__417constant_iteratorIPKllEENSA_IPllEENSA_INS9_17counting_iteratorIjlLi0ELi0ELi0EEElEENS9_18transform_iteratorINS2_26per_segment_indexed_out_opINSA_IPKslEENSA_IPslEEEENSG_IlnLi0ELi0ELi0EEEEENS1_6params13uniform_paramIlLl0ELl268435456EEENSU_IlLl1ELl8388608EEENSU_IlLl1ELl1EEESE_jPyNS1_21identity_decomposer_tEjjLi2EEEvT1_T2_T3_T4_T5_T6_T7_T8_PKT9_PNS6_7counterINS8_3std3__415iterator_traitsINS1E_IS10_vE10value_typeEvE10value_typeET12_T13_EEPS1J_PS1I_PNS1E_INS1E_IS12_vE10value_typeEvE10value_typeES1O_S1T_S1J_S1J_T10_iibT11_' for 'sm_100'
ptxas info    : Function properties for _ZN3cub17_V_300500_SM_10006detail12batched_topk35device_segmented_topk_filter_kernelINS2_26policy_selector_from_typesIlslLl8388608EEELNS1_4topk6selectE0EN4cuda3__417constant_iteratorIPKllEENSA_IPllEENSA_INS9_17counting_iteratorIjlLi0ELi0ELi0EEElEENS9_18transform_iteratorINS2_26per_segment_indexed_out_opINSA_IPKslEENSA_IPslEEEENSG_IlnLi0ELi0ELi0EEEEENS1_6params13uniform_paramIlLl0ELl268435456EEENSU_IlLl1ELl8388608EEENSU_IlLl1ELl1EEESE_jPyNS1_21identity_decomposer_tEjjLi2EEEvT1_T2_T3_T4_T5_T6_T7_T8_PKT9_PNS6_7counterINS8_3std3__415iterator_traitsINS1E_IS10_vE10value_typeEvE10value_typeET12_T13_EEPS1J_PS1I_PNS1E_INS1E_IS12_vE10value_typeEvE10value_typeES1O_S1T_S1J_S1J_T10_iibT11_
    0 bytes stack frame, 0 bytes spill stores, 0 bytes spill loads
ptxas info    : Used 40 registers, used 1 barriers, 8196 bytes smem
ptxas info    : Compile time = 21.647 ms
ptxas info    : Compiling entry function '_ZN3cub17_V_300500_SM_10006detail12batched_topk35device_segmented_topk_filter_kernelINS2_26policy_selector_from_typesIlslLl8388608EEELNS1_4topk6selectE0EN4cuda3__417constant_iteratorIPKllEENSA_IPllEENSA_INS9_17counting_iteratorIjlLi0ELi0ELi0EEElEENS9_18transform_iteratorINS2_26per_segment_indexed_out_opINSA_IPKslEENSA_IPslEEEENSG_IlnLi0ELi0ELi0EEEEENS1_6params13uniform_paramIlLl0ELl268435456EEENSU_IlLl1ELl8388608EEENSU_IlLl1ELl1EEESE_jPyNS1_21identity_decomposer_tEjjLi0EEEvT1_T2_T3_T4_T5_T6_T7_T8_PKT9_PNS6_7counterINS8_3std3__415iterator_traitsINS1E_IS10_vE10value_typeEvE10value_typeET12_T13_EEPS1J_PS1I_PNS1E_INS1E_IS12_vE10value_typeEvE10value_typeES1O_S1T_S1J_S1J_T10_iibT11_' for 'sm_100'
ptxas info    : Function properties for _ZN3cub17_V_300500_SM_10006detail12batched_topk35device_segmented_topk_filter_kernelINS2_26policy_selector_from_typesIlslLl8388608EEELNS1_4topk6selectE0EN4cuda3__417constant_iteratorIPKllEENSA_IPllEENSA_INS9_17counting_iteratorIjlLi0ELi0ELi0EEElEENS9_18transform_iteratorINS2_26per_segment_indexed_out_opINSA_IPKslEENSA_IPslEEEENSG_IlnLi0ELi0ELi0EEEEENS1_6params13uniform_paramIlLl0ELl268435456EEENSU_IlLl1ELl8388608EEENSU_IlLl1ELl1EEESE_jPyNS1_21identity_decomposer_tEjjLi0EEEvT1_T2_T3_T4_T5_T6_T7_T8_PKT9_PNS6_7counterINS8_3std3__415iterator_traitsINS1E_IS10_vE10value_typeEvE10value_typeET12_T13_EEPS1J_PS1I_PNS1E_INS1E_IS12_vE10value_typeEvE10value_typeES1O_S1T_S1J_S1J_T10_iibT11_
    0 bytes stack frame, 0 bytes spill stores, 0 bytes spill loads
ptxas info    : Used 23 registers, used 1 barriers, 8196 bytes smem
ptxas info    : Compile time = 7.879 ms
ptxas info    : Compiling entry function '_ZN3cub17_V_300500_SM_10006detail12batched_topk35device_segmented_topk_filter_kernelINS2_26policy_selector_from_typesIlslLl8388608EEELNS1_4topk6selectE0EN4cuda3__417constant_iteratorIPKllEENSA_IPllEENSA_INS9_17counting_iteratorIjlLi0ELi0ELi0EEElEENS9_18transform_iteratorINS2_26per_segment_indexed_out_opINSA_IPKslEENSA_IPslEEEENSG_IlnLi0ELi0ELi0EEEEENS1_6params13uniform_paramIlLl0ELl268435456EEENSU_IlLl1ELl8388608EEENSU_IlLl1ELl1EEESE_jPyNS1_21identity_decomposer_tEjjLi1EEEvT1_T2_T3_T4_T5_T6_T7_T8_PKT9_PNS6_7counterINS8_3std3__415iterator_traitsINS1E_IS10_vE10value_typeEvE10value_typeET12_T13_EEPS1J_PS1I_PNS1E_INS1E_IS12_vE10value_typeEvE10value_typeES1O_S1T_S1J_S1J_T10_iibT11_' for 'sm_100'
ptxas info    : Function properties for _ZN3cub17_V_300500_SM_10006detail12batched_topk35device_segmented_topk_filter_kernelINS2_26policy_selector_from_typesIlslLl8388608EEELNS1_4topk6selectE0EN4cuda3__417constant_iteratorIPKllEENSA_IPllEENSA_INS9_17counting_iteratorIjlLi0ELi0ELi0EEElEENS9_18transform_iteratorINS2_26per_segment_indexed_out_opINSA_IPKslEENSA_IPslEEEENSG_IlnLi0ELi0ELi0EEEEENS1_6params13uniform_paramIlLl0ELl268435456EEENSU_IlLl1ELl8388608EEENSU_IlLl1ELl1EEESE_jPyNS1_21identity_decomposer_tEjjLi1EEEvT1_T2_T3_T4_T5_T6_T7_T8_PKT9_PNS6_7counterINS8_3std3__415iterator_traitsINS1E_IS10_vE10value_typeEvE10value_typeET12_T13_EEPS1J_PS1I_PNS1E_INS1E_IS12_vE10value_typeEvE10value_typeES1O_S1T_S1J_S1J_T10_iibT11_
    0 bytes stack frame, 0 bytes spill stores, 0 bytes spill loads
ptxas info    : Used 40 registers, used 1 barriers, 8196 bytes smem
ptxas info    : Compile time = 21.709 ms
ptxas info    : Compiling entry function '_ZN3cub17_V_300500_SM_10006detail12batched_topk47device_segmented_topk_finalize_histogram_kernelINS2_26policy_selector_from_typesIlslLl8388608EEEN4cuda3__417constant_iteratorIPKllEENS1_6params13uniform_paramIlLl0ELl268435456EEENSD_IlLl1ELl8388608EEENSD_IlLl1ELl1EEEPlPyNS1_4topk16extract_bin_op_tIlLNSJ_6selectE0ELi11ENS1_21identity_decomposer_tELb1EEEjjlEEvT0_T1_T2_T3_T4_PNSJ_7counterIT9_T7_T8_EEPSV_T5_T6_ib' for 'sm_100'
ptxas info    : Function properties for _ZN3cub17_V_300500_SM_10006detail12batched_topk47device_segmented_topk_finalize_histogram_kernelINS2_26policy_selector_from_typesIlslLl8388608EEEN4cuda3__417constant_iteratorIPKllEENS1_6params13uniform_paramIlLl0ELl268435456EEENSD_IlLl1ELl8388608EEENSD_IlLl1ELl1EEEPlPyNS1_4topk16extract_bin_op_tIlLNSJ_6selectE0ELi11ENS1_21identity_decomposer_tELb1EEEjjlEEvT0_T1_T2_T3_T4_PNSJ_7counterIT9_T7_T8_EEPSV_T5_T6_ib
    0 bytes stack frame, 0 bytes spill stores, 0 bytes spill loads
ptxas info    : Used 40 registers, used 1 barriers, 8192 bytes smem
ptxas info    : Compile time = 9.172 ms
ptxas info    : Compiling entry function '_ZN3cub17_V_300500_SM_10006detail12batched_topk38device_segmented_topk_histogram_kernelINS2_26policy_selector_from_typesIlslLl8388608EEEN4cuda3__417constant_iteratorIPKllEENS1_6params13uniform_paramIlLl0ELl268435456EEENSD_IlLl1ELl8388608EEENSD_IlLl1ELl1EEEPljPyNS1_4topk16extract_bin_op_tIlLNSJ_6selectE0ELi11ENS1_21identity_decomposer_tELb1EEEjjjEEvT0_T1_T2_T3_T4_PKT5_PNSJ_7counterINS6_3std3__415iterator_traitsINSZ_ISO_vE10value_typeEvE10value_typeET8_T9_EEPS14_T6_T7_' for 'sm_100'
ptxas info    : Function properties for _ZN3cub17_V_300500_SM_10006detail12batched_topk38device_segmented_topk_histogram_kernelINS2_26policy_selector_from_typesIlslLl8388608EEEN4cuda3__417constant_iteratorIPKllEENS1_6params13uniform_paramIlLl0ELl268435456EEENSD_IlLl1ELl8388608EEENSD_IlLl1ELl1EEEPljPyNS1_4topk16extract_bin_op_tIlLNSJ_6selectE0ELi11ENS1_21identity_decomposer_tELb1EEEjjjEEvT0_T1_T2_T3_T4_PKT5_PNSJ_7counterINS6_3std3__415iterator_traitsINSZ_ISO_vE10value_typeEvE10value_typeET8_T9_EEPS14_T6_T7_
    0 bytes stack frame, 0 bytes spill stores, 0 bytes spill loads
ptxas info    : Used 30 registers, used 1 barriers, 8240 bytes smem
ptxas info    : Compile time = 18.713 ms
ptxas info    : Compiling entry function '_ZN3cub17_V_300500_SM_10006detail12batched_topk28device_segmented_topk_kernelINS2_26policy_selector_from_typesIlslLl8388608EEEN4cuda3__417constant_iteratorIPKllEENS8_IPllEENS8_IPKslEENS8_IPslEENS1_6params13uniform_paramIlLl0ELl268435456EEENSK_IlLl1ELl8388608EEENSJ_22uniform_discrete_paramINS1_4topk6selectEJLSP_1EEEENSK_IlLl1ELl1EEEjEEvT0_T1_T2_T3_T4_T5_T6_T7_PNS2_21batched_topk_countersINSZ_10value_typeEEEPS11_PT8_' for 'sm_100'
ptxas info    : Function properties for _ZN3cub17_V_300500_SM_10006detail12batched_topk28device_segmented_topk_kernelINS2_26policy_selector_from_typesIlslLl8388608EEEN4cuda3__417constant_iteratorIPKllEENS8_IPllEENS8_IPKslEENS8_IPslEENS1_6params13uniform_paramIlLl0ELl268435456EEENSK_IlLl1ELl8388608EEENSJ_22uniform_discrete_paramINS1_4topk6selectEJLSP_1EEEENSK_IlLl1ELl1EEEjEEvT0_T1_T2_T3_T4_T5_T6_T7_PNS2_21batched_topk_countersINSZ_10value_typeEEEPS11_PT8_
    0 bytes stack frame, 0 bytes spill stores, 0 bytes spill loads
ptxas info    : Used 181 registers, used 1 barriers, 33808 bytes smem
ptxas info    : Compile time = 65.155 ms
ptxas info    : Compiling entry function '_ZN3cub17_V_300500_SM_10006detail12batched_topk44device_segmented_topk_finalize_filter_kernelINS2_26policy_selector_from_typesIlalLl8388608EEELNS1_4topk6selectE1EN4cuda3__417constant_iteratorIPKllEENSA_IPllEENSA_INS9_17counting_iteratorIjlLi0ELi0ELi0EEElEENS9_18transform_iteratorINS2_26per_segment_indexed_out_opINSA_IPKalEENSA_IPalEEEENSG_IlnLi0ELi0ELi0EEEEENS1_6params13uniform_paramIlLl0ELl268435456EEENSU_IlLl1ELl8388608EEENSU_IlLl1ELl1EEESE_jPyNS1_21identity_decomposer_tEjjlEEvT1_T2_T3_T4_T5_T6_T7_T8_PKT9_PNS6_7counterIT14_T12_T13_EEPS1D_PS1C_PNS8_3std3__415iterator_traitsINS1L_IS12_vE10value_typeEvE10value_typeES1I_S1Q_T10_S1D_S1D_iiT11_b' for 'sm_100'
ptxas info    : Function properties for _ZN3cub17_V_300500_SM_10006detail12batched_topk44device_segmented_topk_finalize_filter_kernelINS2_26policy_selector_from_typesIlalLl8388608EEELNS1_4topk6selectE1EN4cuda3__417constant_iteratorIPKllEENSA_IPllEENSA_INS9_17counting_iteratorIjlLi0ELi0ELi0EEElEENS9_18transform_iteratorINS2_26per_segment_indexed_out_opINSA_IPKalEENSA_IPalEEEENSG_IlnLi0ELi0ELi0EEEEENS1_6params13uniform_paramIlLl0ELl268435456EEENSU_IlLl1ELl8388608EEENSU_IlLl1ELl1EEESE_jPyNS1_21identity_decomposer_tEjjlEEvT1_T2_T3_T4_T5_T6_T7_T8_PKT9_PNS6_7counterIT14_T12_T13_EEPS1D_PS1C_PNS8_3std3__415iterator_traitsINS1L_IS12_vE10value_typeEvE10value_typeES1I_S1Q_T10_S1D_S1D_iiT11_b
    0 bytes stack frame, 0 bytes spill stores, 0 bytes spill loads
ptxas info    : Used 52 registers, used 1 barriers, 8208 bytes smem
ptxas info    : Compile time = 25.360 ms
ptxas info    : Compiling entry function '_ZN3cub17_V_300500_SM_10006detail12batched_topk40device_segmented_topk_last_filter_kernelINS2_26policy_selector_from_typesIlalLl8388608EEELNS1_4topk6selectE1EN4cuda3__417constant_iteratorIPKllEENSA_IPllEENSA_INS9_17counting_iteratorIjlLi0ELi0ELi0EEElEENS9_18transform_iteratorINS2_26per_segment_indexed_out_opINSA_IPKalEENSA_IPalEEEENSG_IlnLi0ELi0ELi0EEEEENS1_6params13uniform_paramIlLl0ELl268435456EEENSU_IlLl1ELl8388608EEENSU_IlLl1ELl1EEESE_jPyNS1_21identity_decomposer_tEjjEEvT1_T2_T3_T4_T5_T6_T7_T8_PKT9_PNS6_7counterINS8_3std3__415iterator_traitsINS1E_IS10_vE10value_typeEvE10value_typeET12_T13_EEPS1I_PNS1E_INS1E_IS12_vE10value_typeEvE10value_typeES1J_T10_iiT11_' for 'sm_100'
ptxas info    : Function properties for _ZN3cub17_V_300500_SM_10006detail12batched_topk40device_segmented_topk_last_filter_kernelINS2_26policy_selector_from_typesIlalLl8388608EEELNS1_4topk6selectE1EN4cuda3__417constant_iteratorIPKllEENSA_IPllEENSA_INS9_17counting_iteratorIjlLi0ELi0ELi0EEElEENS9_18transform_iteratorINS2_26per_segment_indexed_out_opINSA_IPKalEENSA_IPalEEEENSG_IlnLi0ELi0ELi0EEEEENS1_6params13uniform_paramIlLl0ELl268435456EEENSU_IlLl1ELl8388608EEENSU_IlLl1ELl1EEESE_jPyNS1_21identity_decomposer_tEjjEEvT1_T2_T3_T4_T5_T6_T7_T8_PKT9_PNS6_7counterINS8_3std3__415iterator_traitsINS1E_IS10_vE10value_typeEvE10value_typeET12_T13_EEPS1I_PNS1E_INS1E_IS12_vE10value_typeEvE10value_typeES1J_T10_iiT11_
    8 bytes stack frame, 8 bytes spill stores, 8 bytes spill loads
ptxas info    : Used 40 registers, used 1 barriers, 8 bytes cumulative stack size
ptxas info    : Compile time = 78.367 ms
ptxas info    : Compiling entry function '_ZN3cub17_V_300500_SM_10006detail12batched_topk35device_segmented_topk_filter_kernelINS2_26policy_selector_from_typesIlalLl8388608EEELNS1_4topk6selectE1EN4cuda3__417constant_iteratorIPKllEENSA_IPllEENSA_INS9_17counting_iteratorIjlLi0ELi0ELi0EEElEENS9_18transform_iteratorINS2_26per_segment_indexed_out_opINSA_IPKalEENSA_IPalEEEENSG_IlnLi0ELi0ELi0EEEEENS1_6params13uniform_paramIlLl0ELl268435456EEENSU_IlLl1ELl8388608EEENSU_IlLl1ELl1EEESE_jPyNS1_21identity_decomposer_tEjjLi7EEEvT1_T2_T3_T4_T5_T6_T7_T8_PKT9_PNS6_7counterINS8_3std3__415iterator_traitsINS1E_IS10_vE10value_typeEvE10value_typeET12_T13_EEPS1J_PS1I_PNS1E_INS1E_IS12_vE10value_typeEvE10value_typeES1O_S1T_S1J_S1J_T10_iibT11_' for 'sm_100'
ptxas info    : Function properties for _ZN3cub17_V_300500_SM_10006detail12batched_topk35device_segmented_topk_filter_kernelINS2_26policy_selector_from_typesIlalLl8388608EEELNS1_4topk6selectE1EN4cuda3__417constant_iteratorIPKllEENSA_IPllEENSA_INS9_17counting_iteratorIjlLi0ELi0ELi0EEElEENS9_18transform_iteratorINS2_26per_segment_indexed_out_opINSA_IPKalEENSA_IPalEEEENSG_IlnLi0ELi0ELi0EEEEENS1_6params13uniform_paramIlLl0ELl268435456EEENSU_IlLl1ELl8388608EEENSU_IlLl1ELl1EEESE_jPyNS1_21identity_decomposer_tEjjLi7EEEvT1_T2_T3_T4_T5_T6_T7_T8_PKT9_PNS6_7counterINS8_3std3__415iterator_traitsINS1E_IS10_vE10value_typeEvE10value_typeET12_T13_EEPS1J_PS1I_PNS1E_INS1E_IS12_vE10value_typeEvE10value_typeES1O_S1T_S1J_S1J_T10_iibT11_
    0 bytes stack frame, 0 bytes spill stores, 0 bytes spill loads
ptxas info    : Used 40 registers, used 1 barriers, 8196 bytes smem
ptxas info    : Compile time = 21.457 ms
ptxas info    : Compiling entry function '_ZN3cub17_V_300500_SM_10006detail12batched_topk35device_segmented_topk_filter_kernelINS2_26policy_selector_from_typesIlalLl8388608EEELNS1_4topk6selectE1EN4cuda3__417constant_iteratorIPKllEENSA_IPllEENSA_INS9_17counting_iteratorIjlLi0ELi0ELi0EEElEENS9_18transform_iteratorINS2_26per_segment_indexed_out_opINSA_IPKalEENSA_IPalEEEENSG_IlnLi0ELi0ELi0EEEEENS1_6params13uniform_paramIlLl0ELl268435456EEENSU_IlLl1ELl8388608EEENSU_IlLl1ELl1EEESE_jPyNS1_21identity_decomposer_tEjjLi6EEEvT1_T2_T3_T4_T5_T6_T7_T8_PKT9_PNS6_7counterINS8_3std3__415iterator_traitsINS1E_IS10_vE10value_typeEvE10value_typeET12_T13_EEPS1J_PS1I_PNS1E_INS1E_IS12_vE10value_typeEvE10value_typeES1O_S1T_S1J_S1J_T10_iibT11_' for 'sm_100'
ptxas info    : Function properties for _ZN3cub17_V_300500_SM_10006detail12batched_topk35device_segmented_topk_filter_kernelINS2_26policy_selector_from_typesIlalLl8388608EEELNS1_4topk6selectE1EN4cuda3__417constant_iteratorIPKllEENSA_IPllEENSA_INS9_17counting_iteratorIjlLi0ELi0ELi0EEElEENS9_18transform_iteratorINS2_26per_segment_indexed_out_opINSA_IPKalEENSA_IPalEEEENSG_IlnLi0ELi0ELi0EEEEENS1_6params13uniform_paramIlLl0ELl268435456EEENSU_IlLl1ELl8388608EEENSU_IlLl1ELl1EEESE_jPyNS1_21identity_decomposer_tEjjLi6EEEvT1_T2_T3_T4_T5_T6_T7_T8_PKT9_PNS6_7counterINS8_3std3__415iterator_traitsINS1E_IS10_vE10value_typeEvE10value_typeET12_T13_EEPS1J_PS1I_PNS1E_INS1E_IS12_vE10value_typeEvE10value_typeES1O_S1T_S1J_S1J_T10_iibT11_
    0 bytes stack frame, 0 bytes spill stores, 0 bytes spill loads
ptxas info    : Used 40 registers, used 1 barriers, 8196 bytes smem
ptxas info    : Compile time = 21.447 ms
ptxas info    : Compiling entry function '_ZN3cub17_V_300500_SM_10006detail12batched_topk35device_segmented_topk_filter_kernelINS2_26policy_selector_from_typesIlalLl8388608EEELNS1_4topk6selectE1EN4cuda3__417constant_iteratorIPKllEENSA_IPllEENSA_INS9_17counting_iteratorIjlLi0ELi0ELi0EEElEENS9_18transform_iteratorINS2_26per_segment_indexed_out_opINSA_IPKalEENSA_IPalEEEENSG_IlnLi0ELi0ELi0EEEEENS1_6params13uniform_paramIlLl0ELl268435456EEENSU_IlLl1ELl8388608EEENSU_IlLl1ELl1EEESE_jPyNS1_21identity_decomposer_tEjjLi5EEEvT1_T2_T3_T4_T5_T6_T7_T8_PKT9_PNS6_7counterINS8_3std3__415iterator_traitsINS1E_IS10_vE10value_typeEvE10value_typeET12_T13_EEPS1J_PS1I_PNS1E_INS1E_IS12_vE10value_typeEvE10value_typeES1O_S1T_S1J_S1J_T10_iibT11_' for 'sm_100'
ptxas info    : Function properties for _ZN3cub17_V_300500_SM_10006detail12batched_topk35device_segmented_topk_filter_kernelINS2_26policy_selector_from_typesIlalLl8388608EEELNS1_4topk6selectE1EN4cuda3__417constant_iteratorIPKllEENSA_IPllEENSA_INS9_17counting_iteratorIjlLi0ELi0ELi0EEElEENS9_18transform_iteratorINS2_26per_segment_indexed_out_opINSA_IPKalEENSA_IPalEEEENSG_IlnLi0ELi0ELi0EEEEENS1_6params13uniform_paramIlLl0ELl268435456EEENSU_IlLl1ELl8388608EEENSU_IlLl1ELl1EEESE_jPyNS1_21identity_decomposer_tEjjLi5EEEvT1_T2_T3_T4_T5_T6_T7_T8_PKT9_PNS6_7counterINS8_3std3__415iterator_traitsINS1E_IS10_vE10value_typeEvE10value_typeET12_T13_EEPS1J_PS1I_PNS1E_INS1E_IS12_vE10value_typeEvE10value_typeES1O_S1T_S1J_S1J_T10_iibT11_
    0 bytes stack frame, 0 bytes spill stores, 0 bytes spill loads
ptxas info    : Used 40 registers, used 1 barriers, 8196 bytes smem
ptxas info    : Compile time = 21.902 ms
ptxas info    : Compiling entry function '_ZN3cub17_V_300500_SM_10006detail12batched_topk35device_segmented_topk_filter_kernelINS2_26policy_selector_from_typesIlalLl8388608EEELNS1_4topk6selectE1EN4cuda3__417constant_iteratorIPKllEENSA_IPllEENSA_INS9_17counting_iteratorIjlLi0ELi0ELi0EEElEENS9_18transform_iteratorINS2_26per_segment_indexed_out_opINSA_IPKalEENSA_IPalEEEENSG_IlnLi0ELi0ELi0EEEEENS1_6params13uniform_paramIlLl0ELl268435456EEENSU_IlLl1ELl8388608EEENSU_IlLl1ELl1EEESE_jPyNS1_21identity_decomposer_tEjjLi4EEEvT1_T2_T3_T4_T5_T6_T7_T8_PKT9_PNS6_7counterINS8_3std3__415iterator_traitsINS1E_IS10_vE10value_typeEvE10value_typeET12_T13_EEPS1J_PS1I_PNS1E_INS1E_IS12_vE10value_typeEvE10value_typeES1O_S1T_S1J_S1J_T10_iibT11_' for 'sm_100'
ptxas info    : Function properties for _ZN3cub17_V_300500_SM_10006detail12batched_topk35device_segmented_topk_filter_kernelINS2_26policy_selector_from_typesIlalLl8388608EEELNS1_4topk6selectE1EN4cuda3__417constant_iteratorIPKllEENSA_IPllEENSA_INS9_17counting_iteratorIjlLi0ELi0ELi0EEElEENS9_18transform_iteratorINS2_26per_segment_indexed_out_opINSA_IPKalEENSA_IPalEEEENSG_IlnLi0ELi0ELi0EEEEENS1_6params13uniform_paramIlLl0ELl268435456EEENSU_IlLl1ELl8388608EEENSU_IlLl1ELl1EEESE_jPyNS1_21identity_decomposer_tEjjLi4EEEvT1_T2_T3_T4_T5_T6_T7_T8_PKT9_PNS6_7counterINS8_3std3__415iterator_traitsINS1E_IS10_vE10value_typeEvE10value_typeET12_T13_EEPS1J_PS1I_PNS1E_INS1E_IS12_vE10value_typeEvE10value_typeES1O_S1T_S1J_S1J_T10_iibT11_
    0 bytes stack frame, 0 bytes spill stores, 0 bytes spill loads
ptxas info    : Used 40 registers, used 1 barriers, 8196 bytes smem
ptxas info    : Compile time = 21.933 ms
ptxas info    : Compiling entry function '_ZN3cub17_V_300500_SM_10006detail12batched_topk35device_segmented_topk_filter_kernelINS2_26policy_selector_from_typesIlalLl8388608EEELNS1_4topk6selectE1EN4cuda3__417constant_iteratorIPKllEENSA_IPllEENSA_INS9_17counting_iteratorIjlLi0ELi0ELi0EEElEENS9_18transform_iteratorINS2_26per_segment_indexed_out_opINSA_IPKalEENSA_IPalEEEENSG_IlnLi0ELi0ELi0EEEEENS1_6params13uniform_paramIlLl0ELl268435456EEENSU_IlLl1ELl8388608EEENSU_IlLl1ELl1EEESE_jPyNS1_21identity_decomposer_tEjjLi3EEEvT1_T2_T3_T4_T5_T6_T7_T8_PKT9_PNS6_7counterINS8_3std3__415iterator_traitsINS1E_IS10_vE10value_typeEvE10value_typeET12_T13_EEPS1J_PS1I_PNS1E_INS1E_IS12_vE10value_typeEvE10value_typeES1O_S1T_S1J_S1J_T10_iibT11_' for 'sm_100'
ptxas info    : Function properties for _ZN3cub17_V_300500_SM_10006detail12batched_topk35device_segmented_topk_filter_kernelINS2_26policy_selector_from_typesIlalLl8388608EEELNS1_4topk6selectE1EN4cuda3__417constant_iteratorIPKllEENSA_IPllEENSA_INS9_17counting_iteratorIjlLi0ELi0ELi0EEElEENS9_18transform_iteratorINS2_26per_segment_indexed_out_opINSA_IPKalEENSA_IPalEEEENSG_IlnLi0ELi0ELi0EEEEENS1_6params13uniform_paramIlLl0ELl268435456EEENSU_IlLl1ELl8388608EEENSU_IlLl1ELl1EEESE_jPyNS1_21identity_decomposer_tEjjLi3EEEvT1_T2_T3_T4_T5_T6_T7_T8_PKT9_PNS6_7counterINS8_3std3__415iterator_traitsINS1E_IS10_vE10value_typeEvE10value_typeET12_T13_EEPS1J_PS1I_PNS1E_INS1E_IS12_vE10value_typeEvE10value_typeES1O_S1T_S1J_S1J_T10_iibT11_
    0 bytes stack frame, 0 bytes spill stores, 0 bytes spill loads
ptxas info    : Used 40 registers, used 1 barriers, 8196 bytes smem
ptxas info    : Compile time = 21.875 ms
ptxas info    : Compiling entry function '_ZN3cub17_V_300500_SM_10006detail12batched_topk35device_segmented_topk_filter_kernelINS2_26policy_selector_from_typesIlalLl8388608EEELNS1_4topk6selectE1EN4cuda3__417constant_iteratorIPKllEENSA_IPllEENSA_INS9_17counting_iteratorIjlLi0ELi0ELi0EEElEENS9_18transform_iteratorINS2_26per_segment_indexed_out_opINSA_IPKalEENSA_IPalEEEENSG_IlnLi0ELi0ELi0EEEEENS1_6params13uniform_paramIlLl0ELl268435456EEENSU_IlLl1ELl8388608EEENSU_IlLl1ELl1EEESE_jPyNS1_21identity_decomposer_tEjjLi2EEEvT1_T2_T3_T4_T5_T6_T7_T8_PKT9_PNS6_7counterINS8_3std3__415iterator_traitsINS1E_IS10_vE10value_typeEvE10value_typeET12_T13_EEPS1J_PS1I_PNS1E_INS1E_IS12_vE10value_typeEvE10value_typeES1O_S1T_S1J_S1J_T10_iibT11_' for 'sm_100'
ptxas info    : Function properties for _ZN3cub17_V_300500_SM_10006detail12batched_topk35device_segmented_topk_filter_kernelINS2_26policy_selector_from_typesIlalLl8388608EEELNS1_4topk6selectE1EN4cuda3__417constant_iteratorIPKllEENSA_IPllEENSA_INS9_17counting_iteratorIjlLi0ELi0ELi0EEElEENS9_18transform_iteratorINS2_26per_segment_indexed_out_opINSA_IPKalEENSA_IPalEEEENSG_IlnLi0ELi0ELi0EEEEENS1_6params13uniform_paramIlLl0ELl268435456EEENSU_IlLl1ELl8388608EEENSU_IlLl1ELl1EEESE_jPyNS1_21identity_decomposer_tEjjLi2EEEvT1_T2_T3_T4_T5_T6_T7_T8_PKT9_PNS6_7counterINS8_3std3__415iterator_traitsINS1E_IS10_vE10value_typeEvE10value_typeET12_T13_EEPS1J_PS1I_PNS1E_INS1E_IS12_vE10value_typeEvE10value_typeES1O_S1T_S1J_S1J_T10_iibT11_
    0 bytes stack frame, 0 bytes spill stores, 0 bytes spill loads
ptxas info    : Used 40 registers, used 1 barriers, 8196 bytes smem
ptxas info    : Compile time = 21.987 ms
ptxas info    : Compiling entry function '_ZN3cub17_V_300500_SM_10006detail12batched_topk35device_segmented_topk_filter_kernelINS2_26policy_selector_from_typesIlalLl8388608EEELNS1_4topk6selectE1EN4cuda3__417constant_iteratorIPKllEENSA_IPllEENSA_INS9_17counting_iteratorIjlLi0ELi0ELi0EEElEENS9_18transform_iteratorINS2_26per_segment_indexed_out_opINSA_IPKalEENSA_IPalEEEENSG_IlnLi0ELi0ELi0EEEEENS1_6params13uniform_paramIlLl0ELl268435456EEENSU_IlLl1ELl8388608EEENSU_IlLl1ELl1EEESE_jPyNS1_21identity_decomposer_tEjjLi0EEEvT1_T2_T3_T4_T5_T6_T7_T8_PKT9_PNS6_7counterINS8_3std3__415iterator_traitsINS1E_IS10_vE10value_typeEvE10value_typeET12_T13_EEPS1J_PS1I_PNS1E_INS1E_IS12_vE10value_typeEvE10value_typeES1O_S1T_S1J_S1J_T10_iibT11_' for 'sm_100'
ptxas info    : Function properties for _ZN3cub17_V_300500_SM_10006detail12batched_topk35device_segmented_topk_filter_kernelINS2_26policy_selector_from_typesIlalLl8388608EEELNS1_4topk6selectE1EN4cuda3__417constant_iteratorIPKllEENSA_IPllEENSA_INS9_17counting_iteratorIjlLi0ELi0ELi0EEElEENS9_18transform_iteratorINS2_26per_segment_indexed_out_opINSA_IPKalEENSA_IPalEEEENSG_IlnLi0ELi0ELi0EEEEENS1_6params13uniform_paramIlLl0ELl268435456EEENSU_IlLl1ELl8388608EEENSU_IlLl1ELl1EEESE_jPyNS1_21identity_decomposer_tEjjLi0EEEvT1_T2_T3_T4_T5_T6_T7_T8_PKT9_PNS6_7counterINS8_3std3__415iterator_traitsINS1E_IS10_vE10value_typeEvE10value_typeET12_T13_EEPS1J_PS1I_PNS1E_INS1E_IS12_vE10value_typeEvE10value_typeES1O_S1T_S1J_S1J_T10_iibT11_
    0 bytes stack frame, 0 bytes spill stores, 0 bytes spill loads
ptxas info    : Used 23 registers, used 1 barriers, 8196 bytes smem
ptxas info    : Compile time = 7.891 ms
ptxas info    : Compiling entry function '_ZN3cub17_V_300500_SM_10006detail12batched_topk35device_segmented_topk_filter_kernelINS2_26policy_selector_from_typesIlalLl8388608EEELNS1_4topk6selectE1EN4cuda3__417constant_iteratorIPKllEENSA_IPllEENSA_INS9_17counting_iteratorIjlLi0ELi0ELi0EEElEENS9_18transform_iteratorINS2_26per_segment_indexed_out_opINSA_IPKalEENSA_IPalEEEENSG_IlnLi0ELi0ELi0EEEEENS1_6params13uniform_paramIlLl0ELl268435456EEENSU_IlLl1ELl8388608EEENSU_IlLl1ELl1EEESE_jPyNS1_21identity_decomposer_tEjjLi1EEEvT1_T2_T3_T4_T5_T6_T7_T8_PKT9_PNS6_7counterINS8_3std3__415iterator_traitsINS1E_IS10_vE10value_typeEvE10value_typeET12_T13_EEPS1J_PS1I_PNS1E_INS1E_IS12_vE10value_typeEvE10value_typeES1O_S1T_S1J_S1J_T10_iibT11_' for 'sm_100'
ptxas info    : Function properties for _ZN3cub17_V_300500_SM_10006detail12batched_topk35device_segmented_topk_filter_kernelINS2_26policy_selector_from_typesIlalLl8388608EEELNS1_4topk6selectE1EN4cuda3__417constant_iteratorIPKllEENSA_IPllEENSA_INS9_17counting_iteratorIjlLi0ELi0ELi0EEElEENS9_18transform_iteratorINS2_26per_segment_indexed_out_opINSA_IPKalEENSA_IPalEEEENSG_IlnLi0ELi0ELi0EEEEENS1_6params13uniform_paramIlLl0ELl268435456EEENSU_IlLl1ELl8388608EEENSU_IlLl1ELl1EEESE_jPyNS1_21identity_decomposer_tEjjLi1EEEvT1_T2_T3_T4_T5_T6_T7_T8_PKT9_PNS6_7counterINS8_3std3__415iterator_traitsINS1E_IS10_vE10value_typeEvE10value_typeET12_T13_EEPS1J_PS1I_PNS1E_INS1E_IS12_vE10value_typeEvE10value_typeES1O_S1T_S1J_S1J_T10_iibT11_
    0 bytes stack frame, 0 bytes spill stores, 0 bytes spill loads
ptxas info    : Used 40 registers, used 1 barriers, 8196 bytes smem
ptxas info    : Compile time = 22.162 ms
ptxas info    : Compiling entry function '_ZN3cub17_V_300500_SM_10006detail12batched_topk47device_segmented_topk_finalize_histogram_kernelINS2_26policy_selector_from_typesIlalLl8388608EEEN4cuda3__417constant_iteratorIPKllEENS1_6params13uniform_paramIlLl0ELl268435456EEENSD_IlLl1ELl8388608EEENSD_IlLl1ELl1EEEPlPyNS1_4topk16extract_bin_op_tIlLNSJ_6selectE1ELi11ENS1_21identity_decomposer_tELb1EEEjjlEEvT0_T1_T2_T3_T4_PNSJ_7counterIT9_T7_T8_EEPSV_T5_T6_ib' for 'sm_100'
ptxas info    : Function properties for _ZN3cub17_V_300500_SM_10006detail12batched_topk47device_segmented_topk_finalize_histogram_kernelINS2_26policy_selector_from_typesIlalLl8388608EEEN4cuda3__417constant_iteratorIPKllEENS1_6params13uniform_paramIlLl0ELl268435456EEENSD_IlLl1ELl8388608EEENSD_IlLl1ELl1EEEPlPyNS1_4topk16extract_bin_op_tIlLNSJ_6selectE1ELi11ENS1_21identity_decomposer_tELb1EEEjjlEEvT0_T1_T2_T3_T4_PNSJ_7counterIT9_T7_T8_EEPSV_T5_T6_ib
    0 bytes stack frame, 0 bytes spill stores, 0 bytes spill loads
ptxas info    : Used 40 registers, used 1 barriers, 8192 bytes smem
ptxas info    : Compile time = 9.196 ms
ptxas info    : Compiling entry function '_ZN3cub17_V_300500_SM_10006detail12batched_topk38device_segmented_topk_histogram_kernelINS2_26policy_selector_from_typesIlalLl8388608EEEN4cuda3__417constant_iteratorIPKllEENS1_6params13uniform_paramIlLl0ELl268435456EEENSD_IlLl1ELl8388608EEENSD_IlLl1ELl1EEEPljPyNS1_4topk16extract_bin_op_tIlLNSJ_6selectE1ELi11ENS1_21identity_decomposer_tELb1EEEjjjEEvT0_T1_T2_T3_T4_PKT5_PNSJ_7counterINS6_3std3__415iterator_traitsINSZ_ISO_vE10value_typeEvE10value_typeET8_T9_EEPS14_T6_T7_' for 'sm_100'
ptxas info    : Function properties for _ZN3cub17_V_300500_SM_10006detail12batched_topk38device_segmented_topk_histogram_kernelINS2_26policy_selector_from_typesIlalLl8388608EEEN4cuda3__417constant_iteratorIPKllEENS1_6params13uniform_paramIlLl0ELl268435456EEENSD_IlLl1ELl8388608EEENSD_IlLl1ELl1EEEPljPyNS1_4topk16extract_bin_op_tIlLNSJ_6selectE1ELi11ENS1_21identity_decomposer_tELb1EEEjjjEEvT0_T1_T2_T3_T4_PKT5_PNSJ_7counterINS6_3std3__415iterator_traitsINSZ_ISO_vE10value_typeEvE10value_typeET8_T9_EEPS14_T6_T7_
    0 bytes stack frame, 0 bytes spill stores, 0 bytes spill loads
ptxas info    : Used 30 registers, used 1 barriers, 8240 bytes smem
ptxas info    : Compile time = 19.658 ms
ptxas info    : Compiling entry function '_ZN3cub17_V_300500_SM_10006detail12batched_topk44device_segmented_topk_finalize_filter_kernelINS2_26policy_selector_from_typesIlalLl8388608EEELNS1_4topk6selectE0EN4cuda3__417constant_iteratorIPKllEENSA_IPllEENSA_INS9_17counting_iteratorIjlLi0ELi0ELi0EEElEENS9_18transform_iteratorINS2_26per_segment_indexed_out_opINSA_IPKalEENSA_IPalEEEENSG_IlnLi0ELi0ELi0EEEEENS1_6params13uniform_paramIlLl0ELl268435456EEENSU_IlLl1ELl8388608EEENSU_IlLl1ELl1EEESE_jPyNS1_21identity_decomposer_tEjjlEEvT1_T2_T3_T4_T5_T6_T7_T8_PKT9_PNS6_7counterIT14_T12_T13_EEPS1D_PS1C_PNS8_3std3__415iterator_traitsINS1L_IS12_vE10value_typeEvE10value_typeES1I_S1Q_T10_S1D_S1D_iiT11_b' for 'sm_100'
ptxas info    : Function properties for _ZN3cub17_V_300500_SM_10006detail12batched_topk44device_segmented_topk_finalize_filter_kernelINS2_26policy_selector_from_typesIlalLl8388608EEELNS1_4topk6selectE0EN4cuda3__417constant_iteratorIPKllEENSA_IPllEENSA_INS9_17counting_iteratorIjlLi0ELi0ELi0EEElEENS9_18transform_iteratorINS2_26per_segment_indexed_out_opINSA_IPKalEENSA_IPalEEEENSG_IlnLi0ELi0ELi0EEEEENS1_6params13uniform_paramIlLl0ELl268435456EEENSU_IlLl1ELl8388608EEENSU_IlLl1ELl1EEESE_jPyNS1_21identity_decomposer_tEjjlEEvT1_T2_T3_T4_T5_T6_T7_T8_PKT9_PNS6_7counterIT14_T12_T13_EEPS1D_PS1C_PNS8_3std3__415iterator_traitsINS1L_IS12_vE10value_typeEvE10value_typeES1I_S1Q_T10_S1D_S1D_iiT11_b
    0 bytes stack frame, 0 bytes spill stores, 0 bytes spill loads
ptxas info    : Used 52 registers, used 1 barriers, 8208 bytes smem
ptxas info    : Compile time = 25.364 ms
ptxas info    : Compiling entry function '_ZN3cub17_V_300500_SM_10006detail12batched_topk40device_segmented_topk_last_filter_kernelINS2_26policy_selector_from_typesIlalLl8388608EEELNS1_4topk6selectE0EN4cuda3__417constant_iteratorIPKllEENSA_IPllEENSA_INS9_17counting_iteratorIjlLi0ELi0ELi0EEElEENS9_18transform_iteratorINS2_26per_segment_indexed_out_opINSA_IPKalEENSA_IPalEEEENSG_IlnLi0ELi0ELi0EEEEENS1_6params13uniform_paramIlLl0ELl268435456EEENSU_IlLl1ELl8388608EEENSU_IlLl1ELl1EEESE_jPyNS1_21identity_decomposer_tEjjEEvT1_T2_T3_T4_T5_T6_T7_T8_PKT9_PNS6_7counterINS8_3std3__415iterator_traitsINS1E_IS10_vE10value_typeEvE10value_typeET12_T13_EEPS1I_PNS1E_INS1E_IS12_vE10value_typeEvE10value_typeES1J_T10_iiT11_' for 'sm_100'
ptxas info    : Function properties for _ZN3cub17_V_300500_SM_10006detail12batched_topk40device_segmented_topk_last_filter_kernelINS2_26policy_selector_from_typesIlalLl8388608EEELNS1_4topk6selectE0EN4cuda3__417constant_iteratorIPKllEENSA_IPllEENSA_INS9_17counting_iteratorIjlLi0ELi0ELi0EEElEENS9_18transform_iteratorINS2_26per_segment_indexed_out_opINSA_IPKalEENSA_IPalEEEENSG_IlnLi0ELi0ELi0EEEEENS1_6params13uniform_paramIlLl0ELl268435456EEENSU_IlLl1ELl8388608EEENSU_IlLl1ELl1EEESE_jPyNS1_21identity_decomposer_tEjjEEvT1_T2_T3_T4_T5_T6_T7_T8_PKT9_PNS6_7counterINS8_3std3__415iterator_traitsINS1E_IS10_vE10value_typeEvE10value_typeET12_T13_EEPS1I_PNS1E_INS1E_IS12_vE10value_typeEvE10value_typeES1J_T10_iiT11_
    8 bytes stack frame, 8 bytes spill stores, 8 bytes spill loads
ptxas info    : Used 40 registers, used 1 barriers, 8 bytes cumulative stack size
ptxas info    : Compile time = 78.368 ms
ptxas info    : Compiling entry function '_ZN3cub17_V_300500_SM_10006detail12batched_topk35device_segmented_topk_filter_kernelINS2_26policy_selector_from_typesIlalLl8388608EEELNS1_4topk6selectE0EN4cuda3__417constant_iteratorIPKllEENSA_IPllEENSA_INS9_17counting_iteratorIjlLi0ELi0ELi0EEElEENS9_18transform_iteratorINS2_26per_segment_indexed_out_opINSA_IPKalEENSA_IPalEEEENSG_IlnLi0ELi0ELi0EEEEENS1_6params13uniform_paramIlLl0ELl268435456EEENSU_IlLl1ELl8388608EEENSU_IlLl1ELl1EEESE_jPyNS1_21identity_decomposer_tEjjLi7EEEvT1_T2_T3_T4_T5_T6_T7_T8_PKT9_PNS6_7counterINS8_3std3__415iterator_traitsINS1E_IS10_vE10value_typeEvE10value_typeET12_T13_EEPS1J_PS1I_PNS1E_INS1E_IS12_vE10value_typeEvE10value_typeES1O_S1T_S1J_S1J_T10_iibT11_' for 'sm_100'
ptxas info    : Function properties for _ZN3cub17_V_300500_SM_10006detail12batched_topk35device_segmented_topk_filter_kernelINS2_26policy_selector_from_typesIlalLl8388608EEELNS1_4topk6selectE0EN4cuda3__417constant_iteratorIPKllEENSA_IPllEENSA_INS9_17counting_iteratorIjlLi0ELi0ELi0EEElEENS9_18transform_iteratorINS2_26per_segment_indexed_out_opINSA_IPKalEENSA_IPalEEEENSG_IlnLi0ELi0ELi0EEEEENS1_6params13uniform_paramIlLl0ELl268435456EEENSU_IlLl1ELl8388608EEENSU_IlLl1ELl1EEESE_jPyNS1_21identity_decomposer_tEjjLi7EEEvT1_T2_T3_T4_T5_T6_T7_T8_PKT9_PNS6_7counterINS8_3std3__415iterator_traitsINS1E_IS10_vE10value_typeEvE10value_typeET12_T13_EEPS1J_PS1I_PNS1E_INS1E_IS12_vE10value_typeEvE10value_typeES1O_S1T_S1J_S1J_T10_iibT11_
    0 bytes stack frame, 0 bytes spill stores, 0 bytes spill loads
ptxas info    : Used 40 registers, used 1 barriers, 8196 bytes smem
ptxas info    : Compile time = 21.340 ms
ptxas info    : Compiling entry function '_ZN3cub17_V_300500_SM_10006detail12batched_topk35device_segmented_topk_filter_kernelINS2_26policy_selector_from_typesIlalLl8388608EEELNS1_4topk6selectE0EN4cuda3__417constant_iteratorIPKllEENSA_IPllEENSA_INS9_17counting_iteratorIjlLi0ELi0ELi0EEElEENS9_18transform_iteratorINS2_26per_segment_indexed_out_opINSA_IPKalEENSA_IPalEEEENSG_IlnLi0ELi0ELi0EEEEENS1_6params13uniform_paramIlLl0ELl268435456EEENSU_IlLl1ELl8388608EEENSU_IlLl1ELl1EEESE_jPyNS1_21identity_decomposer_tEjjLi6EEEvT1_T2_T3_T4_T5_T6_T7_T8_PKT9_PNS6_7counterINS8_3std3__415iterator_traitsINS1E_IS10_vE10value_typeEvE10value_typeET12_T13_EEPS1J_PS1I_PNS1E_INS1E_IS12_vE10value_typeEvE10value_typeES1O_S1T_S1J_S1J_T10_iibT11_' for 'sm_100'
ptxas info    : Function properties for _ZN3cub17_V_300500_SM_10006detail12batched_topk35device_segmented_topk_filter_kernelINS2_26policy_selector_from_typesIlalLl8388608EEELNS1_4topk6selectE0EN4cuda3__417constant_iteratorIPKllEENSA_IPllEENSA_INS9_17counting_iteratorIjlLi0ELi0ELi0EEElEENS9_18transform_iteratorINS2_26per_segment_indexed_out_opINSA_IPKalEENSA_IPalEEEENSG_IlnLi0ELi0ELi0EEEEENS1_6params13uniform_paramIlLl0ELl268435456EEENSU_IlLl1ELl8388608EEENSU_IlLl1ELl1EEESE_jPyNS1_21identity_decomposer_tEjjLi6EEEvT1_T2_T3_T4_T5_T6_T7_T8_PKT9_PNS6_7counterINS8_3std3__415iterator_traitsINS1E_IS10_vE10value_typeEvE10value_typeET12_T13_EEPS1J_PS1I_PNS1E_INS1E_IS12_vE10value_typeEvE10value_typeES1O_S1T_S1J_S1J_T10_iibT11_
    0 bytes stack frame, 0 bytes spill stores, 0 bytes spill loads
ptxas info    : Used 40 registers, used 1 barriers, 8196 bytes smem
ptxas info    : Compile time = 21.429 ms
ptxas info    : Compiling entry function '_ZN3cub17_V_300500_SM_10006detail12batched_topk35device_segmented_topk_filter_kernelINS2_26policy_selector_from_typesIlalLl8388608EEELNS1_4topk6selectE0EN4cuda3__417constant_iteratorIPKllEENSA_IPllEENSA_INS9_17counting_iteratorIjlLi0ELi0ELi0EEElEENS9_18transform_iteratorINS2_26per_segment_indexed_out_opINSA_IPKalEENSA_IPalEEEENSG_IlnLi0ELi0ELi0EEEEENS1_6params13uniform_paramIlLl0ELl268435456EEENSU_IlLl1ELl8388608EEENSU_IlLl1ELl1EEESE_jPyNS1_21identity_decomposer_tEjjLi5EEEvT1_T2_T3_T4_T5_T6_T7_T8_PKT9_PNS6_7counterINS8_3std3__415iterator_traitsINS1E_IS10_vE10value_typeEvE10value_typeET12_T13_EEPS1J_PS1I_PNS1E_INS1E_IS12_vE10value_typeEvE10value_typeES1O_S1T_S1J_S1J_T10_iibT11_' for 'sm_100'
ptxas info    : Function properties for _ZN3cub17_V_300500_SM_10006detail12batched_topk35device_segmented_topk_filter_kernelINS2_26policy_selector_from_typesIlalLl8388608EEELNS1_4topk6selectE0EN4cuda3__417constant_iteratorIPKllEENSA_IPllEENSA_INS9_17counting_iteratorIjlLi0ELi0ELi0EEElEENS9_18transform_iteratorINS2_26per_segment_indexed_out_opINSA_IPKalEENSA_IPalEEEENSG_IlnLi0ELi0ELi0EEEEENS1_6params13uniform_paramIlLl0ELl268435456EEENSU_IlLl1ELl8388608EEENSU_IlLl1ELl1EEESE_jPyNS1_21identity_decomposer_tEjjLi5EEEvT1_T2_T3_T4_T5_T6_T7_T8_PKT9_PNS6_7counterINS8_3std3__415iterator_traitsINS1E_IS10_vE10value_typeEvE10value_typeET12_T13_EEPS1J_PS1I_PNS1E_INS1E_IS12_vE10value_typeEvE10value_typeES1O_S1T_S1J_S1J_T10_iibT11_
    0 bytes stack frame, 0 bytes spill stores, 0 bytes spill loads
ptxas info    : Used 40 registers, used 1 barriers, 8196 bytes smem
ptxas info    : Compile time = 21.844 ms
ptxas info    : Compiling entry function '_ZN3cub17_V_300500_SM_10006detail12batched_topk35device_segmented_topk_filter_kernelINS2_26policy_selector_from_typesIlalLl8388608EEELNS1_4topk6selectE0EN4cuda3__417constant_iteratorIPKllEENSA_IPllEENSA_INS9_17counting_iteratorIjlLi0ELi0ELi0EEElEENS9_18transform_iteratorINS2_26per_segment_indexed_out_opINSA_IPKalEENSA_IPalEEEENSG_IlnLi0ELi0ELi0EEEEENS1_6params13uniform_paramIlLl0ELl268435456EEENSU_IlLl1ELl8388608EEENSU_IlLl1ELl1EEESE_jPyNS1_21identity_decomposer_tEjjLi4EEEvT1_T2_T3_T4_T5_T6_T7_T8_PKT9_PNS6_7counterINS8_3std3__415iterator_traitsINS1E_IS10_vE10value_typeEvE10value_typeET12_T13_EEPS1J_PS1I_PNS1E_INS1E_IS12_vE10value_typeEvE10value_typeES1O_S1T_S1J_S1J_T10_iibT11_' for 'sm_100'
ptxas info    : Function properties for _ZN3cub17_V_300500_SM_10006detail12batched_topk35device_segmented_topk_filter_kernelINS2_26policy_selector_from_typesIlalLl8388608EEELNS1_4topk6selectE0EN4cuda3__417constant_iteratorIPKllEENSA_IPllEENSA_INS9_17counting_iteratorIjlLi0ELi0ELi0EEElEENS9_18transform_iteratorINS2_26per_segment_indexed_out_opINSA_IPKalEENSA_IPalEEEENSG_IlnLi0ELi0ELi0EEEEENS1_6params13uniform_paramIlLl0ELl268435456EEENSU_IlLl1ELl8388608EEENSU_IlLl1ELl1EEESE_jPyNS1_21identity_decomposer_tEjjLi4EEEvT1_T2_T3_T4_T5_T6_T7_T8_PKT9_PNS6_7counterINS8_3std3__415iterator_traitsINS1E_IS10_vE10value_typeEvE10value_typeET12_T13_EEPS1J_PS1I_PNS1E_INS1E_IS12_vE10value_typeEvE10value_typeES1O_S1T_S1J_S1J_T10_iibT11_
    0 bytes stack frame, 0 bytes spill stores, 0 bytes spill loads
ptxas info    : Used 40 registers, used 1 barriers, 8196 bytes smem
ptxas info    : Compile time = 21.933 ms
ptxas info    : Compiling entry function '_ZN3cub17_V_300500_SM_10006detail12batched_topk35device_segmented_topk_filter_kernelINS2_26policy_selector_from_typesIlalLl8388608EEELNS1_4topk6selectE0EN4cuda3__417constant_iteratorIPKllEENSA_IPllEENSA_INS9_17counting_iteratorIjlLi0ELi0ELi0EEElEENS9_18transform_iteratorINS2_26per_segment_indexed_out_opINSA_IPKalEENSA_IPalEEEENSG_IlnLi0ELi0ELi0EEEEENS1_6params13uniform_paramIlLl0ELl268435456EEENSU_IlLl1ELl8388608EEENSU_IlLl1ELl1EEESE_jPyNS1_21identity_decomposer_tEjjLi3EEEvT1_T2_T3_T4_T5_T6_T7_T8_PKT9_PNS6_7counterINS8_3std3__415iterator_traitsINS1E_IS10_vE10value_typeEvE10value_typeET12_T13_EEPS1J_PS1I_PNS1E_INS1E_IS12_vE10value_typeEvE10value_typeES1O_S1T_S1J_S1J_T10_iibT11_' for 'sm_100'
ptxas info    : Function properties for _ZN3cub17_V_300500_SM_10006detail12batched_topk35device_segmented_topk_filter_kernelINS2_26policy_selector_from_typesIlalLl8388608EEELNS1_4topk6selectE0EN4cuda3__417constant_iteratorIPKllEENSA_IPllEENSA_INS9_17counting_iteratorIjlLi0ELi0ELi0EEElEENS9_18transform_iteratorINS2_26per_segment_indexed_out_opINSA_IPKalEENSA_IPalEEEENSG_IlnLi0ELi0ELi0EEEEENS1_6params13uniform_paramIlLl0ELl268435456EEENSU_IlLl1ELl8388608EEENSU_IlLl1ELl1EEESE_jPyNS1_21identity_decomposer_tEjjLi3EEEvT1_T2_T3_T4_T5_T6_T7_T8_PKT9_PNS6_7counterINS8_3std3__415iterator_traitsINS1E_IS10_vE10value_typeEvE10value_typeET12_T13_EEPS1J_PS1I_PNS1E_INS1E_IS12_vE10value_typeEvE10value_typeES1O_S1T_S1J_S1J_T10_iibT11_
    0 bytes stack frame, 0 bytes spill stores, 0 bytes spill loads
ptxas info    : Used 40 registers, used 1 barriers, 8196 bytes smem
ptxas info    : Compile time = 21.910 ms
ptxas info    : Compiling entry function '_ZN3cub17_V_300500_SM_10006detail12batched_topk35device_segmented_topk_filter_kernelINS2_26policy_selector_from_typesIlalLl8388608EEELNS1_4topk6selectE0EN4cuda3__417constant_iteratorIPKllEENSA_IPllEENSA_INS9_17counting_iteratorIjlLi0ELi0ELi0EEElEENS9_18transform_iteratorINS2_26per_segment_indexed_out_opINSA_IPKalEENSA_IPalEEEENSG_IlnLi0ELi0ELi0EEEEENS1_6params13uniform_paramIlLl0ELl268435456EEENSU_IlLl1ELl8388608EEENSU_IlLl1ELl1EEESE_jPyNS1_21identity_decomposer_tEjjLi2EEEvT1_T2_T3_T4_T5_T6_T7_T8_PKT9_PNS6_7counterINS8_3std3__415iterator_traitsINS1E_IS10_vE10value_typeEvE10value_typeET12_T13_EEPS1J_PS1I_PNS1E_INS1E_IS12_vE10value_typeEvE10value_typeES1O_S1T_S1J_S1J_T10_iibT11_' for 'sm_100'
ptxas info    : Function properties for _ZN3cub17_V_300500_SM_10006detail12batched_topk35device_segmented_topk_filter_kernelINS2_26policy_selector_from_typesIlalLl8388608EEELNS1_4topk6selectE0EN4cuda3__417constant_iteratorIPKllEENSA_IPllEENSA_INS9_17counting_iteratorIjlLi0ELi0ELi0EEElEENS9_18transform_iteratorINS2_26per_segment_indexed_out_opINSA_IPKalEENSA_IPalEEEENSG_IlnLi0ELi0ELi0EEEEENS1_6params13uniform_paramIlLl0ELl268435456EEENSU_IlLl1ELl8388608EEENSU_IlLl1ELl1EEESE_jPyNS1_21identity_decomposer_tEjjLi2EEEvT1_T2_T3_T4_T5_T6_T7_T8_PKT9_PNS6_7counterINS8_3std3__415iterator_traitsINS1E_IS10_vE10value_typeEvE10value_typeET12_T13_EEPS1J_PS1I_PNS1E_INS1E_IS12_vE10value_typeEvE10value_typeES1O_S1T_S1J_S1J_T10_iibT11_
    0 bytes stack frame, 0 bytes spill stores, 0 bytes spill loads
ptxas info    : Used 40 registers, used 1 barriers, 8196 bytes smem
ptxas info    : Compile time = 22.009 ms
ptxas info    : Compiling entry function '_ZN3cub17_V_300500_SM_10006detail12batched_topk35device_segmented_topk_filter_kernelINS2_26policy_selector_from_typesIlalLl8388608EEELNS1_4topk6selectE0EN4cuda3__417constant_iteratorIPKllEENSA_IPllEENSA_INS9_17counting_iteratorIjlLi0ELi0ELi0EEElEENS9_18transform_iteratorINS2_26per_segment_indexed_out_opINSA_IPKalEENSA_IPalEEEENSG_IlnLi0ELi0ELi0EEEEENS1_6params13uniform_paramIlLl0ELl268435456EEENSU_IlLl1ELl8388608EEENSU_IlLl1ELl1EEESE_jPyNS1_21identity_decomposer_tEjjLi0EEEvT1_T2_T3_T4_T5_T6_T7_T8_PKT9_PNS6_7counterINS8_3std3__415iterator_traitsINS1E_IS10_vE10value_typeEvE10value_typeET12_T13_EEPS1J_PS1I_PNS1E_INS1E_IS12_vE10value_typeEvE10value_typeES1O_S1T_S1J_S1J_T10_iibT11_' for 'sm_100'
ptxas info    : Function properties for _ZN3cub17_V_300500_SM_10006detail12batched_topk35device_segmented_topk_filter_kernelINS2_26policy_selector_from_typesIlalLl8388608EEELNS1_4topk6selectE0EN4cuda3__417constant_iteratorIPKllEENSA_IPllEENSA_INS9_17counting_iteratorIjlLi0ELi0ELi0EEElEENS9_18transform_iteratorINS2_26per_segment_indexed_out_opINSA_IPKalEENSA_IPalEEEENSG_IlnLi0ELi0ELi0EEEEENS1_6params13uniform_paramIlLl0ELl268435456EEENSU_IlLl1ELl8388608EEENSU_IlLl1ELl1EEESE_jPyNS1_21identity_decomposer_tEjjLi0EEEvT1_T2_T3_T4_T5_T6_T7_T8_PKT9_PNS6_7counterINS8_3std3__415iterator_traitsINS1E_IS10_vE10value_typeEvE10value_typeET12_T13_EEPS1J_PS1I_PNS1E_INS1E_IS12_vE10value_typeEvE10value_typeES1O_S1T_S1J_S1J_T10_iibT11_
    0 bytes stack frame, 0 bytes spill stores, 0 bytes spill loads
ptxas info    : Used 23 registers, used 1 barriers, 8196 bytes smem
ptxas info    : Compile time = 7.911 ms
ptxas info    : Compiling entry function '_ZN3cub17_V_300500_SM_10006detail12batched_topk35device_segmented_topk_filter_kernelINS2_26policy_selector_from_typesIlalLl8388608EEELNS1_4topk6selectE0EN4cuda3__417constant_iteratorIPKllEENSA_IPllEENSA_INS9_17counting_iteratorIjlLi0ELi0ELi0EEElEENS9_18transform_iteratorINS2_26per_segment_indexed_out_opINSA_IPKalEENSA_IPalEEEENSG_IlnLi0ELi0ELi0EEEEENS1_6params13uniform_paramIlLl0ELl268435456EEENSU_IlLl1ELl8388608EEENSU_IlLl1ELl1EEESE_jPyNS1_21identity_decomposer_tEjjLi1EEEvT1_T2_T3_T4_T5_T6_T7_T8_PKT9_PNS6_7counterINS8_3std3__415iterator_traitsINS1E_IS10_vE10value_typeEvE10value_typeET12_T13_EEPS1J_PS1I_PNS1E_INS1E_IS12_vE10value_typeEvE10value_typeES1O_S1T_S1J_S1J_T10_iibT11_' for 'sm_100'
ptxas info    : Function properties for _ZN3cub17_V_300500_SM_10006detail12batched_topk35device_segmented_topk_filter_kernelINS2_26policy_selector_from_typesIlalLl8388608EEELNS1_4topk6selectE0EN4cuda3__417constant_iteratorIPKllEENSA_IPllEENSA_INS9_17counting_iteratorIjlLi0ELi0ELi0EEElEENS9_18transform_iteratorINS2_26per_segment_indexed_out_opINSA_IPKalEENSA_IPalEEEENSG_IlnLi0ELi0ELi0EEEEENS1_6params13uniform_paramIlLl0ELl268435456EEENSU_IlLl1ELl8388608EEENSU_IlLl1ELl1EEESE_jPyNS1_21identity_decomposer_tEjjLi1EEEvT1_T2_T3_T4_T5_T6_T7_T8_PKT9_PNS6_7counterINS8_3std3__415iterator_traitsINS1E_IS10_vE10value_typeEvE10value_typeET12_T13_EEPS1J_PS1I_PNS1E_INS1E_IS12_vE10value_typeEvE10value_typeES1O_S1T_S1J_S1J_T10_iibT11_
    0 bytes stack frame, 0 bytes spill stores, 0 bytes spill loads
ptxas info    : Used 40 registers, used 1 barriers, 8196 bytes smem
ptxas info    : Compile time = 22.135 ms
ptxas info    : Compiling entry function '_ZN3cub17_V_300500_SM_10006detail12batched_topk47device_segmented_topk_finalize_histogram_kernelINS2_26policy_selector_from_typesIlalLl8388608EEEN4cuda3__417constant_iteratorIPKllEENS1_6params13uniform_paramIlLl0ELl268435456EEENSD_IlLl1ELl8388608EEENSD_IlLl1ELl1EEEPlPyNS1_4topk16extract_bin_op_tIlLNSJ_6selectE0ELi11ENS1_21identity_decomposer_tELb1EEEjjlEEvT0_T1_T2_T3_T4_PNSJ_7counterIT9_T7_T8_EEPSV_T5_T6_ib' for 'sm_100'
ptxas info    : Function properties for _ZN3cub17_V_300500_SM_10006detail12batched_topk47device_segmented_topk_finalize_histogram_kernelINS2_26policy_selector_from_typesIlalLl8388608EEEN4cuda3__417constant_iteratorIPKllEENS1_6params13uniform_paramIlLl0ELl268435456EEENSD_IlLl1ELl8388608EEENSD_IlLl1ELl1EEEPlPyNS1_4topk16extract_bin_op_tIlLNSJ_6selectE0ELi11ENS1_21identity_decomposer_tELb1EEEjjlEEvT0_T1_T2_T3_T4_PNSJ_7counterIT9_T7_T8_EEPSV_T5_T6_ib
    0 bytes stack frame, 0 bytes spill stores, 0 bytes spill loads
ptxas info    : Used 40 registers, used 1 barriers, 8192 bytes smem
ptxas info    : Compile time = 9.227 ms
ptxas info    : Compiling entry function '_ZN3cub17_V_300500_SM_10006detail12batched_topk38device_segmented_topk_histogram_kernelINS2_26policy_selector_from_typesIlalLl8388608EEEN4cuda3__417constant_iteratorIPKllEENS1_6params13uniform_paramIlLl0ELl268435456EEENSD_IlLl1ELl8388608EEENSD_IlLl1ELl1EEEPljPyNS1_4topk16extract_bin_op_tIlLNSJ_6selectE0ELi11ENS1_21identity_decomposer_tELb1EEEjjjEEvT0_T1_T2_T3_T4_PKT5_PNSJ_7counterINS6_3std3__415iterator_traitsINSZ_ISO_vE10value_typeEvE10value_typeET8_T9_EEPS14_T6_T7_' for 'sm_100'
ptxas info    : Function properties for _ZN3cub17_V_300500_SM_10006detail12batched_topk38device_segmented_topk_histogram_kernelINS2_26policy_selector_from_typesIlalLl8388608EEEN4cuda3__417constant_iteratorIPKllEENS1_6params13uniform_paramIlLl0ELl268435456EEENSD_IlLl1ELl8388608EEENSD_IlLl1ELl1EEEPljPyNS1_4topk16extract_bin_op_tIlLNSJ_6selectE0ELi11ENS1_21identity_decomposer_tELb1EEEjjjEEvT0_T1_T2_T3_T4_PKT5_PNSJ_7counterINS6_3std3__415iterator_traitsINSZ_ISO_vE10value_typeEvE10value_typeET8_T9_EEPS14_T6_T7_
    0 bytes stack frame, 0 bytes spill stores, 0 bytes spill loads
ptxas info    : Used 30 registers, used 1 barriers, 8240 bytes smem
ptxas info    : Compile time = 18.768 ms
ptxas info    : Compiling entry function '_ZN3cub17_V_300500_SM_10006detail12batched_topk28device_segmented_topk_kernelINS2_26policy_selector_from_typesIlalLl8388608EEEN4cuda3__417constant_iteratorIPKllEENS8_IPllEENS8_IPKalEENS8_IPalEENS1_6params13uniform_paramIlLl0ELl268435456EEENSK_IlLl1ELl8388608EEENSJ_22uniform_discrete_paramINS1_4topk6selectEJLSP_1EEEENSK_IlLl1ELl1EEEjEEvT0_T1_T2_T3_T4_T5_T6_T7_PNS2_21batched_topk_countersINSZ_10value_typeEEEPS11_PT8_' for 'sm_100'
ptxas info    : Function properties for _ZN3cub17_V_300500_SM_10006detail12batched_topk28device_segmented_topk_kernelINS2_26policy_selector_from_typesIlalLl8388608EEEN4cuda3__417constant_iteratorIPKllEENS8_IPllEENS8_IPKalEENS8_IPalEENS1_6params13uniform_paramIlLl0ELl268435456EEENSK_IlLl1ELl8388608EEENSJ_22uniform_discrete_paramINS1_4topk6selectEJLSP_1EEEENSK_IlLl1ELl1EEEjEEvT0_T1_T2_T3_T4_T5_T6_T7_PNS2_21batched_topk_countersINSZ_10value_typeEEEPS11_PT8_
    0 bytes stack frame, 0 bytes spill stores, 0 bytes spill loads
ptxas info    : Used 181 registers, used 1 barriers, 33808 bytes smem
ptxas info    : Compile time = 64.448 ms
ptxas info    : Compiling entry function '_ZN3cub17_V_300500_SM_10006detail12batched_topk44device_segmented_topk_finalize_filter_kernelINS2_26policy_selector_from_typesIillLl8388608EEELNS1_4topk6selectE1EN4cuda3__417constant_iteratorIPKilEENSA_IPilEENSA_INS9_17counting_iteratorIjlLi0ELi0ELi0EEElEENS9_18transform_iteratorINS2_26per_segment_indexed_out_opINSA_IPKllEENSA_IPllEEEENSG_IlnLi0ELi0ELi0EEEEENS1_6params13uniform_paramIlLl0ELl268435456EEENSU_IlLl1ELl8388608EEENSU_IlLl1ELl1EEESO_jPyNS1_21identity_decomposer_tEjjiEEvT1_T2_T3_T4_T5_T6_T7_T8_PKT9_PNS6_7counterIT14_T12_T13_EEPS1D_PS1C_PNS8_3std3__415iterator_traitsINS1L_IS12_vE10value_typeEvE10value_typeES1I_S1Q_T10_S1D_S1D_iiT11_b' for 'sm_100'
ptxas info    : Function properties for _ZN3cub17_V_300500_SM_10006detail12batched_topk44device_segmented_topk_finalize_filter_kernelINS2_26policy_selector_from_typesIillLl8388608EEELNS1_4topk6selectE1EN4cuda3__417constant_iteratorIPKilEENSA_IPilEENSA_INS9_17counting_iteratorIjlLi0ELi0ELi0EEElEENS9_18transform_iteratorINS2_26per_segment_indexed_out_opINSA_IPKllEENSA_IPllEEEENSG_IlnLi0ELi0ELi0EEEEENS1_6params13uniform_paramIlLl0ELl268435456EEENSU_IlLl1ELl8388608EEENSU_IlLl1ELl1EEESO_jPyNS1_21identity_decomposer_tEjjiEEvT1_T2_T3_T4_T5_T6_T7_T8_PKT9_PNS6_7counterIT14_T12_T13_EEPS1D_PS1C_PNS8_3std3__415iterator_traitsINS1L_IS12_vE10value_typeEvE10value_typeES1I_S1Q_T10_S1D_S1D_iiT11_b
    0 bytes stack frame, 0 bytes spill stores, 0 bytes spill loads
ptxas info    : Used 52 registers, used 1 barriers, 8208 bytes smem
ptxas info    : Compile time = 32.240 ms
ptxas info    : Compiling entry function '_ZN3cub17_V_300500_SM_10006detail12batched_topk40device_segmented_topk_last_filter_kernelINS2_26policy_selector_from_typesIillLl8388608EEELNS1_4topk6selectE1EN4cuda3__417constant_iteratorIPKilEENSA_IPilEENSA_INS9_17counting_iteratorIjlLi0ELi0ELi0EEElEENS9_18transform_iteratorINS2_26per_segment_indexed_out_opINSA_IPKllEENSA_IPllEEEENSG_IlnLi0ELi0ELi0EEEEENS1_6params13uniform_paramIlLl0ELl268435456EEENSU_IlLl1ELl8388608EEENSU_IlLl1ELl1EEESO_jPyNS1_21identity_decomposer_tEjjEEvT1_T2_T3_T4_T5_T6_T7_T8_PKT9_PNS6_7counterINS8_3std3__415iterator_traitsINS1E_IS10_vE10value_typeEvE10value_typeET12_T13_EEPS1I_PNS1E_INS1E_IS12_vE10value_typeEvE10value_typeES1J_T10_iiT11_' for 'sm_100'
ptxas info    : Function properties for _ZN3cub17_V_300500_SM_10006detail12batched_topk40device_segmented_topk_last_filter_kernelINS2_26policy_selector_from_typesIillLl8388608EEELNS1_4topk6selectE1EN4cuda3__417constant_iteratorIPKilEENSA_IPilEENSA_INS9_17counting_iteratorIjlLi0ELi0ELi0EEElEENS9_18transform_iteratorINS2_26per_segment_indexed_out_opINSA_IPKllEENSA_IPllEEEENSG_IlnLi0ELi0ELi0EEEEENS1_6params13uniform_paramIlLl0ELl268435456EEENSU_IlLl1ELl8388608EEENSU_IlLl1ELl1EEESO_jPyNS1_21identity_decomposer_tEjjEEvT1_T2_T3_T4_T5_T6_T7_T8_PKT9_PNS6_7counterINS8_3std3__415iterator_traitsINS1E_IS10_vE10value_typeEvE10value_typeET12_T13_EEPS1I_PNS1E_INS1E_IS12_vE10value_typeEvE10value_typeES1J_T10_iiT11_
    16 bytes stack frame, 84 bytes spill stores, 92 bytes spill loads
ptxas info    : Used 40 registers, used 1 barriers, 16 bytes cumulative stack size
ptxas info    : Compile time = 149.809 ms
ptxas info    : Compiling entry function '_ZN3cub17_V_300500_SM_10006detail12batched_topk35device_segmented_topk_filter_kernelINS2_26policy_selector_from_typesIillLl8388608EEELNS1_4topk6selectE1EN4cuda3__417constant_iteratorIPKilEENSA_IPilEENSA_INS9_17counting_iteratorIjlLi0ELi0ELi0EEElEENS9_18transform_iteratorINS2_26per_segment_indexed_out_opINSA_IPKllEENSA_IPllEEEENSG_IlnLi0ELi0ELi0EEEEENS1_6params13uniform_paramIlLl0ELl268435456EEENSU_IlLl1ELl8388608EEENSU_IlLl1ELl1EEESO_jPyNS1_21identity_decomposer_tEjjLi7EEEvT1_T2_T3_T4_T5_T6_T7_T8_PKT9_PNS6_7counterINS8_3std3__415iterator_traitsINS1E_IS10_vE10value_typeEvE10value_typeET12_T13_EEPS1J_PS1I_PNS1E_INS1E_IS12_vE10value_typeEvE10value_typeES1O_S1T_S1J_S1J_T10_iibT11_' for 'sm_100'
ptxas info    : Function properties for _ZN3cub17_V_300500_SM_10006detail12batched_topk35device_segmented_topk_filter_kernelINS2_26policy_selector_from_typesIillLl8388608EEELNS1_4topk6selectE1EN4cuda3__417constant_iteratorIPKilEENSA_IPilEENSA_INS9_17counting_iteratorIjlLi0ELi0ELi0EEElEENS9_18transform_iteratorINS2_26per_segment_indexed_out_opINSA_IPKllEENSA_IPllEEEENSG_IlnLi0ELi0ELi0EEEEENS1_6params13uniform_paramIlLl0ELl268435456EEENSU_IlLl1ELl8388608EEENSU_IlLl1ELl1EEESO_jPyNS1_21identity_decomposer_tEjjLi7EEEvT1_T2_T3_T4_T5_T6_T7_T8_PKT9_PNS6_7counterINS8_3std3__415iterator_traitsINS1E_IS10_vE10value_typeEvE10value_typeET12_T13_EEPS1J_PS1I_PNS1E_INS1E_IS12_vE10value_typeEvE10value_typeES1O_S1T_S1J_S1J_T10_iibT11_
    0 bytes stack frame, 0 bytes spill stores, 0 bytes spill loads
ptxas info    : Used 40 registers, used 1 barriers, 8196 bytes smem
ptxas info    : Compile time = 25.785 ms
ptxas info    : Compiling entry function '_ZN3cub17_V_300500_SM_10006detail12batched_topk35device_segmented_topk_filter_kernelINS2_26policy_selector_from_typesIillLl8388608EEELNS1_4topk6selectE1EN4cuda3__417constant_iteratorIPKilEENSA_IPilEENSA_INS9_17counting_iteratorIjlLi0ELi0ELi0EEElEENS9_18transform_iteratorINS2_26per_segment_indexed_out_opINSA_IPKllEENSA_IPllEEEENSG_IlnLi0ELi0ELi0EEEEENS1_6params13uniform_paramIlLl0ELl268435456EEENSU_IlLl1ELl8388608EEENSU_IlLl1ELl1EEESO_jPyNS1_21identity_decomposer_tEjjLi6EEEvT1_T2_T3_T4_T5_T6_T7_T8_PKT9_PNS6_7counterINS8_3std3__415iterator_traitsINS1E_IS10_vE10value_typeEvE10value_typeET12_T13_EEPS1J_PS1I_PNS1E_INS1E_IS12_vE10value_typeEvE10value_typeES1O_S1T_S1J_S1J_T10_iibT11_' for 'sm_100'
ptxas info    : Function properties for _ZN3cub17_V_300500_SM_10006detail12batched_topk35device_segmented_topk_filter_kernelINS2_26policy_selector_from_typesIillLl8388608EEELNS1_4topk6selectE1EN4cuda3__417constant_iteratorIPKilEENSA_IPilEENSA_INS9_17counting_iteratorIjlLi0ELi0ELi0EEElEENS9_18transform_iteratorINS2_26per_segment_indexed_out_opINSA_IPKllEENSA_IPllEEEENSG_IlnLi0ELi0ELi0EEEEENS1_6params13uniform_paramIlLl0ELl268435456EEENSU_IlLl1ELl8388608EEENSU_IlLl1ELl1EEESO_jPyNS1_21identity_decomposer_tEjjLi6EEEvT1_T2_T3_T4_T5_T6_T7_T8_PKT9_PNS6_7counterINS8_3std3__415iterator_traitsINS1E_IS10_vE10value_typeEvE10value_typeET12_T13_EEPS1J_PS1I_PNS1E_INS1E_IS12_vE10value_typeEvE10value_typeES1O_S1T_S1J_S1J_T10_iibT11_
    0 bytes stack frame, 0 bytes spill stores, 0 bytes spill loads
ptxas info    : Used 40 registers, used 1 barriers, 8196 bytes smem
ptxas info    : Compile time = 25.799 ms
ptxas info    : Compiling entry function '_ZN3cub17_V_300500_SM_10006detail12batched_topk35device_segmented_topk_filter_kernelINS2_26policy_selector_from_typesIillLl8388608EEELNS1_4topk6selectE1EN4cuda3__417constant_iteratorIPKilEENSA_IPilEENSA_INS9_17counting_iteratorIjlLi0ELi0ELi0EEElEENS9_18transform_iteratorINS2_26per_segment_indexed_out_opINSA_IPKllEENSA_IPllEEEENSG_IlnLi0ELi0ELi0EEEEENS1_6params13uniform_paramIlLl0ELl268435456EEENSU_IlLl1ELl8388608EEENSU_IlLl1ELl1EEESO_jPyNS1_21identity_decomposer_tEjjLi5EEEvT1_T2_T3_T4_T5_T6_T7_T8_PKT9_PNS6_7counterINS8_3std3__415iterator_traitsINS1E_IS10_vE10value_typeEvE10value_typeET12_T13_EEPS1J_PS1I_PNS1E_INS1E_IS12_vE10value_typeEvE10value_typeES1O_S1T_S1J_S1J_T10_iibT11_' for 'sm_100'
ptxas info    : Function properties for _ZN3cub17_V_300500_SM_10006detail12batched_topk35device_segmented_topk_filter_kernelINS2_26policy_selector_from_typesIillLl8388608EEELNS1_4topk6selectE1EN4cuda3__417constant_iteratorIPKilEENSA_IPilEENSA_INS9_17counting_iteratorIjlLi0ELi0ELi0EEElEENS9_18transform_iteratorINS2_26per_segment_indexed_out_opINSA_IPKllEENSA_IPllEEEENSG_IlnLi0ELi0ELi0EEEEENS1_6params13uniform_paramIlLl0ELl268435456EEENSU_IlLl1ELl8388608EEENSU_IlLl1ELl1EEESO_jPyNS1_21identity_decomposer_tEjjLi5EEEvT1_T2_T3_T4_T5_T6_T7_T8_PKT9_PNS6_7counterINS8_3std3__415iterator_traitsINS1E_IS10_vE10value_typeEvE10value_typeET12_T13_EEPS1J_PS1I_PNS1E_INS1E_IS12_vE10value_typeEvE10value_typeES1O_S1T_S1J_S1J_T10_iibT11_
    0 bytes stack frame, 0 bytes spill stores, 0 bytes spill loads
ptxas info    : Used 40 registers, used 1 barriers, 8196 bytes smem
ptxas info    : Compile time = 25.892 ms
ptxas info    : Compiling entry function '_ZN3cub17_V_300500_SM_10006detail12batched_topk35device_segmented_topk_filter_kernelINS2_26policy_selector_from_typesIillLl8388608EEELNS1_4topk6selectE1EN4cuda3__417constant_iteratorIPKilEENSA_IPilEENSA_INS9_17counting_iteratorIjlLi0ELi0ELi0EEElEENS9_18transform_iteratorINS2_26per_segment_indexed_out_opINSA_IPKllEENSA_IPllEEEENSG_IlnLi0ELi0ELi0EEEEENS1_6params13uniform_paramIlLl0ELl268435456EEENSU_IlLl1ELl8388608EEENSU_IlLl1ELl1EEESO_jPyNS1_21identity_decomposer_tEjjLi4EEEvT1_T2_T3_T4_T5_T6_T7_T8_PKT9_PNS6_7counterINS8_3std3__415iterator_traitsINS1E_IS10_vE10value_typeEvE10value_typeET12_T13_EEPS1J_PS1I_PNS1E_INS1E_IS12_vE10value_typeEvE10value_typeES1O_S1T_S1J_S1J_T10_iibT11_' for 'sm_100'
ptxas info    : Function properties for _ZN3cub17_V_300500_SM_10006detail12batched_topk35device_segmented_topk_filter_kernelINS2_26policy_selector_from_typesIillLl8388608EEELNS1_4topk6selectE1EN4cuda3__417constant_iteratorIPKilEENSA_IPilEENSA_INS9_17counting_iteratorIjlLi0ELi0ELi0EEElEENS9_18transform_iteratorINS2_26per_segment_indexed_out_opINSA_IPKllEENSA_IPllEEEENSG_IlnLi0ELi0ELi0EEEEENS1_6params13uniform_paramIlLl0ELl268435456EEENSU_IlLl1ELl8388608EEENSU_IlLl1ELl1EEESO_jPyNS1_21identity_decomposer_tEjjLi4EEEvT1_T2_T3_T4_T5_T6_T7_T8_PKT9_PNS6_7counterINS8_3std3__415iterator_traitsINS1E_IS10_vE10value_typeEvE10value_typeET12_T13_EEPS1J_PS1I_PNS1E_INS1E_IS12_vE10value_typeEvE10value_typeES1O_S1T_S1J_S1J_T10_iibT11_
    0 bytes stack frame, 0 bytes spill stores, 0 bytes spill loads
ptxas info    : Used 40 registers, used 1 barriers, 8196 bytes smem
ptxas info    : Compile time = 25.762 ms
ptxas info    : Compiling entry function '_ZN3cub17_V_300500_SM_10006detail12batched_topk35device_segmented_topk_filter_kernelINS2_26policy_selector_from_typesIillLl8388608EEELNS1_4topk6selectE1EN4cuda3__417constant_iteratorIPKilEENSA_IPilEENSA_INS9_17counting_iteratorIjlLi0ELi0ELi0EEElEENS9_18transform_iteratorINS2_26per_segment_indexed_out_opINSA_IPKllEENSA_IPllEEEENSG_IlnLi0ELi0ELi0EEEEENS1_6params13uniform_paramIlLl0ELl268435456EEENSU_IlLl1ELl8388608EEENSU_IlLl1ELl1EEESO_jPyNS1_21identity_decomposer_tEjjLi3EEEvT1_T2_T3_T4_T5_T6_T7_T8_PKT9_PNS6_7counterINS8_3std3__415iterator_traitsINS1E_IS10_vE10value_typeEvE10value_typeET12_T13_EEPS1J_PS1I_PNS1E_INS1E_IS12_vE10value_typeEvE10value_typeES1O_S1T_S1J_S1J_T10_iibT11_' for 'sm_100'
ptxas info    : Function properties for _ZN3cub17_V_300500_SM_10006detail12batched_topk35device_segmented_topk_filter_kernelINS2_26policy_selector_from_typesIillLl8388608EEELNS1_4topk6selectE1EN4cuda3__417constant_iteratorIPKilEENSA_IPilEENSA_INS9_17counting_iteratorIjlLi0ELi0ELi0EEElEENS9_18transform_iteratorINS2_26per_segment_indexed_out_opINSA_IPKllEENSA_IPllEEEENSG_IlnLi0ELi0ELi0EEEEENS1_6params13uniform_paramIlLl0ELl268435456EEENSU_IlLl1ELl8388608EEENSU_IlLl1ELl1EEESO_jPyNS1_21identity_decomposer_tEjjLi3EEEvT1_T2_T3_T4_T5_T6_T7_T8_PKT9_PNS6_7counterINS8_3std3__415iterator_traitsINS1E_IS10_vE10value_typeEvE10value_typeET12_T13_EEPS1J_PS1I_PNS1E_INS1E_IS12_vE10value_typeEvE10value_typeES1O_S1T_S1J_S1J_T10_iibT11_
    0 bytes stack frame, 0 bytes spill stores, 0 bytes spill loads
ptxas info    : Used 40 registers, used 1 barriers, 8196 bytes smem
ptxas info    : Compile time = 25.815 ms
ptxas info    : Compiling entry function '_ZN3cub17_V_300500_SM_10006detail12batched_topk35device_segmented_topk_filter_kernelINS2_26policy_selector_from_typesIillLl8388608EEELNS1_4topk6selectE1EN4cuda3__417constant_iteratorIPKilEENSA_IPilEENSA_INS9_17counting_iteratorIjlLi0ELi0ELi0EEElEENS9_18transform_iteratorINS2_26per_segment_indexed_out_opINSA_IPKllEENSA_IPllEEEENSG_IlnLi0ELi0ELi0EEEEENS1_6params13uniform_paramIlLl0ELl268435456EEENSU_IlLl1ELl8388608EEENSU_IlLl1ELl1EEESO_jPyNS1_21identity_decomposer_tEjjLi2EEEvT1_T2_T3_T4_T5_T6_T7_T8_PKT9_PNS6_7counterINS8_3std3__415iterator_traitsINS1E_IS10_vE10value_typeEvE10value_typeET12_T13_EEPS1J_PS1I_PNS1E_INS1E_IS12_vE10value_typeEvE10value_typeES1O_S1T_S1J_S1J_T10_iibT11_' for 'sm_100'
ptxas info    : Function properties for _ZN3cub17_V_300500_SM_10006detail12batched_topk35device_segmented_topk_filter_kernelINS2_26policy_selector_from_typesIillLl8388608EEELNS1_4topk6selectE1EN4cuda3__417constant_iteratorIPKilEENSA_IPilEENSA_INS9_17counting_iteratorIjlLi0ELi0ELi0EEElEENS9_18transform_iteratorINS2_26per_segment_indexed_out_opINSA_IPKllEENSA_IPllEEEENSG_IlnLi0ELi0ELi0EEEEENS1_6params13uniform_paramIlLl0ELl268435456EEENSU_IlLl1ELl8388608EEENSU_IlLl1ELl1EEESO_jPyNS1_21identity_decomposer_tEjjLi2EEEvT1_T2_T3_T4_T5_T6_T7_T8_PKT9_PNS6_7counterINS8_3std3__415iterator_traitsINS1E_IS10_vE10value_typeEvE10value_typeET12_T13_EEPS1J_PS1I_PNS1E_INS1E_IS12_vE10value_typeEvE10value_typeES1O_S1T_S1J_S1J_T10_iibT11_
    0 bytes stack frame, 0 bytes spill stores, 0 bytes spill loads
ptxas info    : Used 40 registers, used 1 barriers, 8196 bytes smem
ptxas info    : Compile time = 26.504 ms
ptxas info    : Compiling entry function '_ZN3cub17_V_300500_SM_10006detail12batched_topk35device_segmented_topk_filter_kernelINS2_26policy_selector_from_typesIillLl8388608EEELNS1_4topk6selectE1EN4cuda3__417constant_iteratorIPKilEENSA_IPilEENSA_INS9_17counting_iteratorIjlLi0ELi0ELi0EEElEENS9_18transform_iteratorINS2_26per_segment_indexed_out_opINSA_IPKllEENSA_IPllEEEENSG_IlnLi0ELi0ELi0EEEEENS1_6params13uniform_paramIlLl0ELl268435456EEENSU_IlLl1ELl8388608EEENSU_IlLl1ELl1EEESO_jPyNS1_21identity_decomposer_tEjjLi0EEEvT1_T2_T3_T4_T5_T6_T7_T8_PKT9_PNS6_7counterINS8_3std3__415iterator_traitsINS1E_IS10_vE10value_typeEvE10value_typeET12_T13_EEPS1J_PS1I_PNS1E_INS1E_IS12_vE10value_typeEvE10value_typeES1O_S1T_S1J_S1J_T10_iibT11_' for 'sm_100'
ptxas info    : Function properties for _ZN3cub17_V_300500_SM_10006detail12batched_topk35device_segmented_topk_filter_kernelINS2_26policy_selector_from_typesIillLl8388608EEELNS1_4topk6selectE1EN4cuda3__417constant_iteratorIPKilEENSA_IPilEENSA_INS9_17counting_iteratorIjlLi0ELi0ELi0EEElEENS9_18transform_iteratorINS2_26per_segment_indexed_out_opINSA_IPKllEENSA_IPllEEEENSG_IlnLi0ELi0ELi0EEEEENS1_6params13uniform_paramIlLl0ELl268435456EEENSU_IlLl1ELl8388608EEENSU_IlLl1ELl1EEESO_jPyNS1_21identity_decomposer_tEjjLi0EEEvT1_T2_T3_T4_T5_T6_T7_T8_PKT9_PNS6_7counterINS8_3std3__415iterator_traitsINS1E_IS10_vE10value_typeEvE10value_typeET12_T13_EEPS1J_PS1I_PNS1E_INS1E_IS12_vE10value_typeEvE10value_typeES1O_S1T_S1J_S1J_T10_iibT11_
    0 bytes stack frame, 0 bytes spill stores, 0 bytes spill loads
ptxas info    : Used 23 registers, used 1 barriers, 8196 bytes smem
ptxas info    : Compile time = 7.898 ms
ptxas info    : Compiling entry function '_ZN3cub17_V_300500_SM_10006detail12batched_topk35device_segmented_topk_filter_kernelINS2_26policy_selector_from_typesIillLl8388608EEELNS1_4topk6selectE1EN4cuda3__417constant_iteratorIPKilEENSA_IPilEENSA_INS9_17counting_iteratorIjlLi0ELi0ELi0EEElEENS9_18transform_iteratorINS2_26per_segment_indexed_out_opINSA_IPKllEENSA_IPllEEEENSG_IlnLi0ELi0ELi0EEEEENS1_6params13uniform_paramIlLl0ELl268435456EEENSU_IlLl1ELl8388608EEENSU_IlLl1ELl1EEESO_jPyNS1_21identity_decomposer_tEjjLi1EEEvT1_T2_T3_T4_T5_T6_T7_T8_PKT9_PNS6_7counterINS8_3std3__415iterator_traitsINS1E_IS10_vE10value_typeEvE10value_typeET12_T13_EEPS1J_PS1I_PNS1E_INS1E_IS12_vE10value_typeEvE10value_typeES1O_S1T_S1J_S1J_T10_iibT11_' for 'sm_100'
ptxas info    : Function properties for _ZN3cub17_V_300500_SM_10006detail12batched_topk35device_segmented_topk_filter_kernelINS2_26policy_selector_from_typesIillLl8388608EEELNS1_4topk6selectE1EN4cuda3__417constant_iteratorIPKilEENSA_IPilEENSA_INS9_17counting_iteratorIjlLi0ELi0ELi0EEElEENS9_18transform_iteratorINS2_26per_segment_indexed_out_opINSA_IPKllEENSA_IPllEEEENSG_IlnLi0ELi0ELi0EEEEENS1_6params13uniform_paramIlLl0ELl268435456EEENSU_IlLl1ELl8388608EEENSU_IlLl1ELl1EEESO_jPyNS1_21identity_decomposer_tEjjLi1EEEvT1_T2_T3_T4_T5_T6_T7_T8_PKT9_PNS6_7counterINS8_3std3__415iterator_traitsINS1E_IS10_vE10value_typeEvE10value_typeET12_T13_EEPS1J_PS1I_PNS1E_INS1E_IS12_vE10value_typeEvE10value_typeES1O_S1T_S1J_S1J_T10_iibT11_
    0 bytes stack frame, 0 bytes spill stores, 0 bytes spill loads
ptxas info    : Used 40 registers, used 1 barriers, 8196 bytes smem
ptxas info    : Compile time = 26.517 ms
ptxas info    : Compiling entry function '_ZN3cub17_V_300500_SM_10006detail12batched_topk47device_segmented_topk_finalize_histogram_kernelINS2_26policy_selector_from_typesIillLl8388608EEEN4cuda3__417constant_iteratorIPKilEENS1_6params13uniform_paramIlLl0ELl268435456EEENSD_IlLl1ELl8388608EEENSD_IlLl1ELl1EEEPlPyNS1_4topk16extract_bin_op_tIiLNSJ_6selectE1ELi11ENS1_21identity_decomposer_tELb1EEEjjiEEvT0_T1_T2_T3_T4_PNSJ_7counterIT9_T7_T8_EEPSV_T5_T6_ib' for 'sm_100'
ptxas info    : Function properties for _ZN3cub17_V_300500_SM_10006detail12batched_topk47device_segmented_topk_finalize_histogram_kernelINS2_26policy_selector_from_typesIillLl8388608EEEN4cuda3__417constant_iteratorIPKilEENS1_6params13uniform_paramIlLl0ELl268435456EEENSD_IlLl1ELl8388608EEENSD_IlLl1ELl1EEEPlPyNS1_4topk16extract_bin_op_tIiLNSJ_6selectE1ELi11ENS1_21identity_decomposer_tELb1EEEjjiEEvT0_T1_T2_T3_T4_PNSJ_7counterIT9_T7_T8_EEPSV_T5_T6_ib
    0 bytes stack frame, 0 bytes spill stores, 0 bytes spill loads
ptxas info    : Used 32 registers, used 1 barriers, 8192 bytes smem
ptxas info    : Compile time = 9.369 ms
ptxas info    : Compiling entry function '_ZN3cub17_V_300500_SM_10006detail12batched_topk38device_segmented_topk_histogram_kernelINS2_26policy_selector_from_typesIillLl8388608EEEN4cuda3__417constant_iteratorIPKilEENS1_6params13uniform_paramIlLl0ELl268435456EEENSD_IlLl1ELl8388608EEENSD_IlLl1ELl1EEEPljPyNS1_4topk16extract_bin_op_tIiLNSJ_6selectE1ELi11ENS1_21identity_decomposer_tELb1EEEjjjEEvT0_T1_T2_T3_T4_PKT5_PNSJ_7counterINS6_3std3__415iterator_traitsINSZ_ISO_vE10value_typeEvE10value_typeET8_T9_EEPS14_T6_T7_' for 'sm_100'
ptxas info    : Function properties for _ZN3cub17_V_300500_SM_10006detail12batched_topk38device_segmented_topk_histogram_kernelINS2_26policy_selector_from_typesIillLl8388608EEEN4cuda3__417constant_iteratorIPKilEENS1_6params13uniform_paramIlLl0ELl268435456EEENSD_IlLl1ELl8388608EEENSD_IlLl1ELl1EEEPljPyNS1_4topk16extract_bin_op_tIiLNSJ_6selectE1ELi11ENS1_21identity_decomposer_tELb1EEEjjjEEvT0_T1_T2_T3_T4_PKT5_PNSJ_7counterINS6_3std3__415iterator_traitsINSZ_ISO_vE10value_typeEvE10value_typeET8_T9_EEPS14_T6_T7_
    0 bytes stack frame, 0 bytes spill stores, 0 bytes spill loads
ptxas info    : Used 30 registers, used 1 barriers, 8240 bytes smem
ptxas info    : Compile time = 23.164 ms
ptxas info    : Compiling entry function '_ZN3cub17_V_300500_SM_10006detail12batched_topk44device_segmented_topk_finalize_filter_kernelINS2_26policy_selector_from_typesIillLl8388608EEELNS1_4topk6selectE0EN4cuda3__417constant_iteratorIPKilEENSA_IPilEENSA_INS9_17counting_iteratorIjlLi0ELi0ELi0EEElEENS9_18transform_iteratorINS2_26per_segment_indexed_out_opINSA_IPKllEENSA_IPllEEEENSG_IlnLi0ELi0ELi0EEEEENS1_6params13uniform_paramIlLl0ELl268435456EEENSU_IlLl1ELl8388608EEENSU_IlLl1ELl1EEESO_jPyNS1_21identity_decomposer_tEjjiEEvT1_T2_T3_T4_T5_T6_T7_T8_PKT9_PNS6_7counterIT14_T12_T13_EEPS1D_PS1C_PNS8_3std3__415iterator_traitsINS1L_IS12_vE10value_typeEvE10value_typeES1I_S1Q_T10_S1D_S1D_iiT11_b' for 'sm_100'
ptxas info    : Function properties for _ZN3cub17_V_300500_SM_10006detail12batched_topk44device_segmented_topk_finalize_filter_kernelINS2_26policy_selector_from_typesIillLl8388608EEELNS1_4topk6selectE0EN4cuda3__417constant_iteratorIPKilEENSA_IPilEENSA_INS9_17counting_iteratorIjlLi0ELi0ELi0EEElEENS9_18transform_iteratorINS2_26per_segment_indexed_out_opINSA_IPKllEENSA_IPllEEEENSG_IlnLi0ELi0ELi0EEEEENS1_6params13uniform_paramIlLl0ELl268435456EEENSU_IlLl1ELl8388608EEENSU_IlLl1ELl1EEESO_jPyNS1_21identity_decomposer_tEjjiEEvT1_T2_T3_T4_T5_T6_T7_T8_PKT9_PNS6_7counterIT14_T12_T13_EEPS1D_PS1C_PNS8_3std3__415iterator_traitsINS1L_IS12_vE10value_typeEvE10value_typeES1I_S1Q_T10_S1D_S1D_iiT11_b
    0 bytes stack frame, 0 bytes spill stores, 0 bytes spill loads
ptxas info    : Used 52 registers, used 1 barriers, 8208 bytes smem
ptxas info    : Compile time = 32.196 ms
ptxas info    : Compiling entry function '_ZN3cub17_V_300500_SM_10006detail12batched_topk40device_segmented_topk_last_filter_kernelINS2_26policy_selector_from_typesIillLl8388608EEELNS1_4topk6selectE0EN4cuda3__417constant_iteratorIPKilEENSA_IPilEENSA_INS9_17counting_iteratorIjlLi0ELi0ELi0EEElEENS9_18transform_iteratorINS2_26per_segment_indexed_out_opINSA_IPKllEENSA_IPllEEEENSG_IlnLi0ELi0ELi0EEEEENS1_6params13uniform_paramIlLl0ELl268435456EEENSU_IlLl1ELl8388608EEENSU_IlLl1ELl1EEESO_jPyNS1_21identity_decomposer_tEjjEEvT1_T2_T3_T4_T5_T6_T7_T8_PKT9_PNS6_7counterINS8_3std3__415iterator_traitsINS1E_IS10_vE10value_typeEvE10value_typeET12_T13_EEPS1I_PNS1E_INS1E_IS12_vE10value_typeEvE10value_typeES1J_T10_iiT11_' for 'sm_100'
ptxas info    : Function properties for _ZN3cub17_V_300500_SM_10006detail12batched_topk40device_segmented_topk_last_filter_kernelINS2_26policy_selector_from_typesIillLl8388608EEELNS1_4topk6selectE0EN4cuda3__417constant_iteratorIPKilEENSA_IPilEENSA_INS9_17counting_iteratorIjlLi0ELi0ELi0EEElEENS9_18transform_iteratorINS2_26per_segment_indexed_out_opINSA_IPKllEENSA_IPllEEEENSG_IlnLi0ELi0ELi0EEEEENS1_6params13uniform_paramIlLl0ELl268435456EEENSU_IlLl1ELl8388608EEENSU_IlLl1ELl1EEESO_jPyNS1_21identity_decomposer_tEjjEEvT1_T2_T3_T4_T5_T6_T7_T8_PKT9_PNS6_7counterINS8_3std3__415iterator_traitsINS1E_IS10_vE10value_typeEvE10value_typeET12_T13_EEPS1I_PNS1E_INS1E_IS12_vE10value_typeEvE10value_typeES1J_T10_iiT11_
    16 bytes stack frame, 84 bytes spill stores, 92 bytes spill loads
ptxas info    : Used 40 registers, used 1 barriers, 16 bytes cumulative stack size
ptxas info    : Compile time = 146.117 ms
ptxas info    : Compiling entry function '_ZN3cub17_V_300500_SM_10006detail12batched_topk35device_segmented_topk_filter_kernelINS2_26policy_selector_from_typesIillLl8388608EEELNS1_4topk6selectE0EN4cuda3__417constant_iteratorIPKilEENSA_IPilEENSA_INS9_17counting_iteratorIjlLi0ELi0ELi0EEElEENS9_18transform_iteratorINS2_26per_segment_indexed_out_opINSA_IPKllEENSA_IPllEEEENSG_IlnLi0ELi0ELi0EEEEENS1_6params13uniform_paramIlLl0ELl268435456EEENSU_IlLl1ELl8388608EEENSU_IlLl1ELl1EEESO_jPyNS1_21identity_decomposer_tEjjLi7EEEvT1_T2_T3_T4_T5_T6_T7_T8_PKT9_PNS6_7counterINS8_3std3__415iterator_traitsINS1E_IS10_vE10value_typeEvE10value_typeET12_T13_EEPS1J_PS1I_PNS1E_INS1E_IS12_vE10value_typeEvE10value_typeES1O_S1T_S1J_S1J_T10_iibT11_' for 'sm_100'
ptxas info    : Function properties for _ZN3cub17_V_300500_SM_10006detail12batched_topk35device_segmented_topk_filter_kernelINS2_26policy_selector_from_typesIillLl8388608EEELNS1_4topk6selectE0EN4cuda3__417constant_iteratorIPKilEENSA_IPilEENSA_INS9_17counting_iteratorIjlLi0ELi0ELi0EEElEENS9_18transform_iteratorINS2_26per_segment_indexed_out_opINSA_IPKllEENSA_IPllEEEENSG_IlnLi0ELi0ELi0EEEEENS1_6params13uniform_paramIlLl0ELl268435456EEENSU_IlLl1ELl8388608EEENSU_IlLl1ELl1EEESO_jPyNS1_21identity_decomposer_tEjjLi7EEEvT1_T2_T3_T4_T5_T6_T7_T8_PKT9_PNS6_7counterINS8_3std3__415iterator_traitsINS1E_IS10_vE10value_typeEvE10value_typeET12_T13_EEPS1J_PS1I_PNS1E_INS1E_IS12_vE10value_typeEvE10value_typeES1O_S1T_S1J_S1J_T10_iibT11_
    0 bytes stack frame, 0 bytes spill stores, 0 bytes spill loads
ptxas info    : Used 40 registers, used 1 barriers, 8196 bytes smem
ptxas info    : Compile time = 25.713 ms
ptxas info    : Compiling entry function '_ZN3cub17_V_300500_SM_10006detail12batched_topk35device_segmented_topk_filter_kernelINS2_26policy_selector_from_typesIillLl8388608EEELNS1_4topk6selectE0EN4cuda3__417constant_iteratorIPKilEENSA_IPilEENSA_INS9_17counting_iteratorIjlLi0ELi0ELi0EEElEENS9_18transform_iteratorINS2_26per_segment_indexed_out_opINSA_IPKllEENSA_IPllEEEENSG_IlnLi0ELi0ELi0EEEEENS1_6params13uniform_paramIlLl0ELl268435456EEENSU_IlLl1ELl8388608EEENSU_IlLl1ELl1EEESO_jPyNS1_21identity_decomposer_tEjjLi6EEEvT1_T2_T3_T4_T5_T6_T7_T8_PKT9_PNS6_7counterINS8_3std3__415iterator_traitsINS1E_IS10_vE10value_typeEvE10value_typeET12_T13_EEPS1J_PS1I_PNS1E_INS1E_IS12_vE10value_typeEvE10value_typeES1O_S1T_S1J_S1J_T10_iibT11_' for 'sm_100'
ptxas info    : Function properties for _ZN3cub17_V_300500_SM_10006detail12batched_topk35device_segmented_topk_filter_kernelINS2_26policy_selector_from_typesIillLl8388608EEELNS1_4topk6selectE0EN4cuda3__417constant_iteratorIPKilEENSA_IPilEENSA_INS9_17counting_iteratorIjlLi0ELi0ELi0EEElEENS9_18transform_iteratorINS2_26per_segment_indexed_out_opINSA_IPKllEENSA_IPllEEEENSG_IlnLi0ELi0ELi0EEEEENS1_6params13uniform_paramIlLl0ELl268435456EEENSU_IlLl1ELl8388608EEENSU_IlLl1ELl1EEESO_jPyNS1_21identity_decomposer_tEjjLi6EEEvT1_T2_T3_T4_T5_T6_T7_T8_PKT9_PNS6_7counterINS8_3std3__415iterator_traitsINS1E_IS10_vE10value_typeEvE10value_typeET12_T13_EEPS1J_PS1I_PNS1E_INS1E_IS12_vE10value_typeEvE10value_typeES1O_S1T_S1J_S1J_T10_iibT11_
    0 bytes stack frame, 0 bytes spill stores, 0 bytes spill loads
ptxas info    : Used 40 registers, used 1 barriers, 8196 bytes smem
ptxas info    : Compile time = 25.772 ms
ptxas info    : Compiling entry function '_ZN3cub17_V_300500_SM_10006detail12batched_topk35device_segmented_topk_filter_kernelINS2_26policy_selector_from_typesIillLl8388608EEELNS1_4topk6selectE0EN4cuda3__417constant_iteratorIPKilEENSA_IPilEENSA_INS9_17counting_iteratorIjlLi0ELi0ELi0EEElEENS9_18transform_iteratorINS2_26per_segment_indexed_out_opINSA_IPKllEENSA_IPllEEEENSG_IlnLi0ELi0ELi0EEEEENS1_6params13uniform_paramIlLl0ELl268435456EEENSU_IlLl1ELl8388608EEENSU_IlLl1ELl1EEESO_jPyNS1_21identity_decomposer_tEjjLi5EEEvT1_T2_T3_T4_T5_T6_T7_T8_PKT9_PNS6_7counterINS8_3std3__415iterator_traitsINS1E_IS10_vE10value_typeEvE10value_typeET12_T13_EEPS1J_PS1I_PNS1E_INS1E_IS12_vE10value_typeEvE10value_typeES1O_S1T_S1J_S1J_T10_iibT11_' for 'sm_100'
ptxas info    : Function properties for _ZN3cub17_V_300500_SM_10006detail12batched_topk35device_segmented_topk_filter_kernelINS2_26policy_selector_from_typesIillLl8388608EEELNS1_4topk6selectE0EN4cuda3__417constant_iteratorIPKilEENSA_IPilEENSA_INS9_17counting_iteratorIjlLi0ELi0ELi0EEElEENS9_18transform_iteratorINS2_26per_segment_indexed_out_opINSA_IPKllEENSA_IPllEEEENSG_IlnLi0ELi0ELi0EEEEENS1_6params13uniform_paramIlLl0ELl268435456EEENSU_IlLl1ELl8388608EEENSU_IlLl1ELl1EEESO_jPyNS1_21identity_decomposer_tEjjLi5EEEvT1_T2_T3_T4_T5_T6_T7_T8_PKT9_PNS6_7counterINS8_3std3__415iterator_traitsINS1E_IS10_vE10value_typeEvE10value_typeET12_T13_EEPS1J_PS1I_PNS1E_INS1E_IS12_vE10value_typeEvE10value_typeES1O_S1T_S1J_S1J_T10_iibT11_
    0 bytes stack frame, 0 bytes spill stores, 0 bytes spill loads
ptxas info    : Used 40 registers, used 1 barriers, 8196 bytes smem
ptxas info    : Compile time = 25.717 ms
ptxas info    : Compiling entry function '_ZN3cub17_V_300500_SM_10006detail12batched_topk35device_segmented_topk_filter_kernelINS2_26policy_selector_from_typesIillLl8388608EEELNS1_4topk6selectE0EN4cuda3__417constant_iteratorIPKilEENSA_IPilEENSA_INS9_17counting_iteratorIjlLi0ELi0ELi0EEElEENS9_18transform_iteratorINS2_26per_segment_indexed_out_opINSA_IPKllEENSA_IPllEEEENSG_IlnLi0ELi0ELi0EEEEENS1_6params13uniform_paramIlLl0ELl268435456EEENSU_IlLl1ELl8388608EEENSU_IlLl1ELl1EEESO_jPyNS1_21identity_decomposer_tEjjLi4EEEvT1_T2_T3_T4_T5_T6_T7_T8_PKT9_PNS6_7counterINS8_3std3__415iterator_traitsINS1E_IS10_vE10value_typeEvE10value_typeET12_T13_EEPS1J_PS1I_PNS1E_INS1E_IS12_vE10value_typeEvE10value_typeES1O_S1T_S1J_S1J_T10_iibT11_' for 'sm_100'
ptxas info    : Function properties for _ZN3cub17_V_300500_SM_10006detail12batched_topk35device_segmented_topk_filter_kernelINS2_26policy_selector_from_typesIillLl8388608EEELNS1_4topk6selectE0EN4cuda3__417constant_iteratorIPKilEENSA_IPilEENSA_INS9_17counting_iteratorIjlLi0ELi0ELi0EEElEENS9_18transform_iteratorINS2_26per_segment_indexed_out_opINSA_IPKllEENSA_IPllEEEENSG_IlnLi0ELi0ELi0EEEEENS1_6params13uniform_paramIlLl0ELl268435456EEENSU_IlLl1ELl8388608EEENSU_IlLl1ELl1EEESO_jPyNS1_21identity_decomposer_tEjjLi4EEEvT1_T2_T3_T4_T5_T6_T7_T8_PKT9_PNS6_7counterINS8_3std3__415iterator_traitsINS1E_IS10_vE10value_typeEvE10value_typeET12_T13_EEPS1J_PS1I_PNS1E_INS1E_IS12_vE10value_typeEvE10value_typeES1O_S1T_S1J_S1J_T10_iibT11_
    0 bytes stack frame, 0 bytes spill stores, 0 bytes spill loads
ptxas info    : Used 40 registers, used 1 barriers, 8196 bytes smem
ptxas info    : Compile time = 25.736 ms
ptxas info    : Compiling entry function '_ZN3cub17_V_300500_SM_10006detail12batched_topk35device_segmented_topk_filter_kernelINS2_26policy_selector_from_typesIillLl8388608EEELNS1_4topk6selectE0EN4cuda3__417constant_iteratorIPKilEENSA_IPilEENSA_INS9_17counting_iteratorIjlLi0ELi0ELi0EEElEENS9_18transform_iteratorINS2_26per_segment_indexed_out_opINSA_IPKllEENSA_IPllEEEENSG_IlnLi0ELi0ELi0EEEEENS1_6params13uniform_paramIlLl0ELl268435456EEENSU_IlLl1ELl8388608EEENSU_IlLl1ELl1EEESO_jPyNS1_21identity_decomposer_tEjjLi3EEEvT1_T2_T3_T4_T5_T6_T7_T8_PKT9_PNS6_7counterINS8_3std3__415iterator_traitsINS1E_IS10_vE10value_typeEvE10value_typeET12_T13_EEPS1J_PS1I_PNS1E_INS1E_IS12_vE10value_typeEvE10value_typeES1O_S1T_S1J_S1J_T10_iibT11_' for 'sm_100'
ptxas info    : Function properties for _ZN3cub17_V_300500_SM_10006detail12batched_topk35device_segmented_topk_filter_kernelINS2_26policy_selector_from_typesIillLl8388608EEELNS1_4topk6selectE0EN4cuda3__417constant_iteratorIPKilEENSA_IPilEENSA_INS9_17counting_iteratorIjlLi0ELi0ELi0EEElEENS9_18transform_iteratorINS2_26per_segment_indexed_out_opINSA_IPKllEENSA_IPllEEEENSG_IlnLi0ELi0ELi0EEEEENS1_6params13uniform_paramIlLl0ELl268435456EEENSU_IlLl1ELl8388608EEENSU_IlLl1ELl1EEESO_jPyNS1_21identity_decomposer_tEjjLi3EEEvT1_T2_T3_T4_T5_T6_T7_T8_PKT9_PNS6_7counterINS8_3std3__415iterator_traitsINS1E_IS10_vE10value_typeEvE10value_typeET12_T13_EEPS1J_PS1I_PNS1E_INS1E_IS12_vE10value_typeEvE10value_typeES1O_S1T_S1J_S1J_T10_iibT11_
    0 bytes stack frame, 0 bytes spill stores, 0 bytes spill loads
ptxas info    : Used 40 registers, used 1 barriers, 8196 bytes smem
ptxas info    : Compile time = 25.717 ms
ptxas info    : Compiling entry function '_ZN3cub17_V_300500_SM_10006detail12batched_topk35device_segmented_topk_filter_kernelINS2_26policy_selector_from_typesIillLl8388608EEELNS1_4topk6selectE0EN4cuda3__417constant_iteratorIPKilEENSA_IPilEENSA_INS9_17counting_iteratorIjlLi0ELi0ELi0EEElEENS9_18transform_iteratorINS2_26per_segment_indexed_out_opINSA_IPKllEENSA_IPllEEEENSG_IlnLi0ELi0ELi0EEEEENS1_6params13uniform_paramIlLl0ELl268435456EEENSU_IlLl1ELl8388608EEENSU_IlLl1ELl1EEESO_jPyNS1_21identity_decomposer_tEjjLi2EEEvT1_T2_T3_T4_T5_T6_T7_T8_PKT9_PNS6_7counterINS8_3std3__415iterator_traitsINS1E_IS10_vE10value_typeEvE10value_typeET12_T13_EEPS1J_PS1I_PNS1E_INS1E_IS12_vE10value_typeEvE10value_typeES1O_S1T_S1J_S1J_T10_iibT11_' for 'sm_100'
ptxas info    : Function properties for _ZN3cub17_V_300500_SM_10006detail12batched_topk35device_segmented_topk_filter_kernelINS2_26policy_selector_from_typesIillLl8388608EEELNS1_4topk6selectE0EN4cuda3__417constant_iteratorIPKilEENSA_IPilEENSA_INS9_17counting_iteratorIjlLi0ELi0ELi0EEElEENS9_18transform_iteratorINS2_26per_segment_indexed_out_opINSA_IPKllEENSA_IPllEEEENSG_IlnLi0ELi0ELi0EEEEENS1_6params13uniform_paramIlLl0ELl268435456EEENSU_IlLl1ELl8388608EEENSU_IlLl1ELl1EEESO_jPyNS1_21identity_decomposer_tEjjLi2EEEvT1_T2_T3_T4_T5_T6_T7_T8_PKT9_PNS6_7counterINS8_3std3__415iterator_traitsINS1E_IS10_vE10value_typeEvE10value_typeET12_T13_EEPS1J_PS1I_PNS1E_INS1E_IS12_vE10value_typeEvE10value_typeES1O_S1T_S1J_S1J_T10_iibT11_
    0 bytes stack frame, 0 bytes spill stores, 0 bytes spill loads
ptxas info    : Used 40 registers, used 1 barriers, 8196 bytes smem
ptxas info    : Compile time = 26.507 ms
ptxas info    : Compiling entry function '_ZN3cub17_V_300500_SM_10006detail12batched_topk35device_segmented_topk_filter_kernelINS2_26policy_selector_from_typesIillLl8388608EEELNS1_4topk6selectE0EN4cuda3__417constant_iteratorIPKilEENSA_IPilEENSA_INS9_17counting_iteratorIjlLi0ELi0ELi0EEElEENS9_18transform_iteratorINS2_26per_segment_indexed_out_opINSA_IPKllEENSA_IPllEEEENSG_IlnLi0ELi0ELi0EEEEENS1_6params13uniform_paramIlLl0ELl268435456EEENSU_IlLl1ELl8388608EEENSU_IlLl1ELl1EEESO_jPyNS1_21identity_decomposer_tEjjLi0EEEvT1_T2_T3_T4_T5_T6_T7_T8_PKT9_PNS6_7counterINS8_3std3__415iterator_traitsINS1E_IS10_vE10value_typeEvE10value_typeET12_T13_EEPS1J_PS1I_PNS1E_INS1E_IS12_vE10value_typeEvE10value_typeES1O_S1T_S1J_S1J_T10_iibT11_' for 'sm_100'
ptxas info    : Function properties for _ZN3cub17_V_300500_SM_10006detail12batched_topk35device_segmented_topk_filter_kernelINS2_26policy_selector_from_typesIillLl8388608EEELNS1_4topk6selectE0EN4cuda3__417constant_iteratorIPKilEENSA_IPilEENSA_INS9_17counting_iteratorIjlLi0ELi0ELi0EEElEENS9_18transform_iteratorINS2_26per_segment_indexed_out_opINSA_IPKllEENSA_IPllEEEENSG_IlnLi0ELi0ELi0EEEEENS1_6params13uniform_paramIlLl0ELl268435456EEENSU_IlLl1ELl8388608EEENSU_IlLl1ELl1EEESO_jPyNS1_21identity_decomposer_tEjjLi0EEEvT1_T2_T3_T4_T5_T6_T7_T8_PKT9_PNS6_7counterINS8_3std3__415iterator_traitsINS1E_IS10_vE10value_typeEvE10value_typeET12_T13_EEPS1J_PS1I_PNS1E_INS1E_IS12_vE10value_typeEvE10value_typeES1O_S1T_S1J_S1J_T10_iibT11_
    0 bytes stack frame, 0 bytes spill stores, 0 bytes spill loads
ptxas info    : Used 23 registers, used 1 barriers, 8196 bytes smem
ptxas info    : Compile time = 7.915 ms
ptxas info    : Compiling entry function '_ZN3cub17_V_300500_SM_10006detail12batched_topk35device_segmented_topk_filter_kernelINS2_26policy_selector_from_typesIillLl8388608EEELNS1_4topk6selectE0EN4cuda3__417constant_iteratorIPKilEENSA_IPilEENSA_INS9_17counting_iteratorIjlLi0ELi0ELi0EEElEENS9_18transform_iteratorINS2_26per_segment_indexed_out_opINSA_IPKllEENSA_IPllEEEENSG_IlnLi0ELi0ELi0EEEEENS1_6params13uniform_paramIlLl0ELl268435456EEENSU_IlLl1ELl8388608EEENSU_IlLl1ELl1EEESO_jPyNS1_21identity_decomposer_tEjjLi1EEEvT1_T2_T3_T4_T5_T6_T7_T8_PKT9_PNS6_7counterINS8_3std3__415iterator_traitsINS1E_IS10_vE10value_typeEvE10value_typeET12_T13_EEPS1J_PS1I_PNS1E_INS1E_IS12_vE10value_typeEvE10value_typeES1O_S1T_S1J_S1J_T10_iibT11_' for 'sm_100'
ptxas info    : Function properties for _ZN3cub17_V_300500_SM_10006detail12batched_topk35device_segmented_topk_filter_kernelINS2_26policy_selector_from_typesIillLl8388608EEELNS1_4topk6selectE0EN4cuda3__417constant_iteratorIPKilEENSA_IPilEENSA_INS9_17counting_iteratorIjlLi0ELi0ELi0EEElEENS9_18transform_iteratorINS2_26per_segment_indexed_out_opINSA_IPKllEENSA_IPllEEEENSG_IlnLi0ELi0ELi0EEEEENS1_6params13uniform_paramIlLl0ELl268435456EEENSU_IlLl1ELl8388608EEENSU_IlLl1ELl1EEESO_jPyNS1_21identity_decomposer_tEjjLi1EEEvT1_T2_T3_T4_T5_T6_T7_T8_PKT9_PNS6_7counterINS8_3std3__415iterator_traitsINS1E_IS10_vE10value_typeEvE10value_typeET12_T13_EEPS1J_PS1I_PNS1E_INS1E_IS12_vE10value_typeEvE10value_typeES1O_S1T_S1J_S1J_T10_iibT11_
    0 bytes stack frame, 0 bytes spill stores, 0 bytes spill loads
ptxas info    : Used 40 registers, used 1 barriers, 8196 bytes smem
ptxas info    : Compile time = 26.464 ms
ptxas info    : Compiling entry function '_ZN3cub17_V_300500_SM_10006detail12batched_topk47device_segmented_topk_finalize_histogram_kernelINS2_26policy_selector_from_typesIillLl8388608EEEN4cuda3__417constant_iteratorIPKilEENS1_6params13uniform_paramIlLl0ELl268435456EEENSD_IlLl1ELl8388608EEENSD_IlLl1ELl1EEEPlPyNS1_4topk16extract_bin_op_tIiLNSJ_6selectE0ELi11ENS1_21identity_decomposer_tELb1EEEjjiEEvT0_T1_T2_T3_T4_PNSJ_7counterIT9_T7_T8_EEPSV_T5_T6_ib' for 'sm_100'
ptxas info    : Function properties for _ZN3cub17_V_300500_SM_10006detail12batched_topk47device_segmented_topk_finalize_histogram_kernelINS2_26policy_selector_from_typesIillLl8388608EEEN4cuda3__417constant_iteratorIPKilEENS1_6params13uniform_paramIlLl0ELl268435456EEENSD_IlLl1ELl8388608EEENSD_IlLl1ELl1EEEPlPyNS1_4topk16extract_bin_op_tIiLNSJ_6selectE0ELi11ENS1_21identity_decomposer_tELb1EEEjjiEEvT0_T1_T2_T3_T4_PNSJ_7counterIT9_T7_T8_EEPSV_T5_T6_ib
    0 bytes stack frame, 0 bytes spill stores, 0 bytes spill loads
ptxas info    : Used 32 registers, used 1 barriers, 8192 bytes smem
ptxas info    : Compile time = 9.366 ms
ptxas info    : Compiling entry function '_ZN3cub17_V_300500_SM_10006detail12batched_topk38device_segmented_topk_histogram_kernelINS2_26policy_selector_from_typesIillLl8388608EEEN4cuda3__417constant_iteratorIPKilEENS1_6params13uniform_paramIlLl0ELl268435456EEENSD_IlLl1ELl8388608EEENSD_IlLl1ELl1EEEPljPyNS1_4topk16extract_bin_op_tIiLNSJ_6selectE0ELi11ENS1_21identity_decomposer_tELb1EEEjjjEEvT0_T1_T2_T3_T4_PKT5_PNSJ_7counterINS6_3std3__415iterator_traitsINSZ_ISO_vE10value_typeEvE10value_typeET8_T9_EEPS14_T6_T7_' for 'sm_100'
ptxas info    : Function properties for _ZN3cub17_V_300500_SM_10006detail12batched_topk38device_segmented_topk_histogram_kernelINS2_26policy_selector_from_typesIillLl8388608EEEN4cuda3__417constant_iteratorIPKilEENS1_6params13uniform_paramIlLl0ELl268435456EEENSD_IlLl1ELl8388608EEENSD_IlLl1ELl1EEEPljPyNS1_4topk16extract_bin_op_tIiLNSJ_6selectE0ELi11ENS1_21identity_decomposer_tELb1EEEjjjEEvT0_T1_T2_T3_T4_PKT5_PNSJ_7counterINS6_3std3__415iterator_traitsINSZ_ISO_vE10value_typeEvE10value_typeET8_T9_EEPS14_T6_T7_
    0 bytes stack frame, 0 bytes spill stores, 0 bytes spill loads
ptxas info    : Used 30 registers, used 1 barriers, 8240 bytes smem
ptxas info    : Compile time = 23.174 ms
ptxas info    : Compiling entry function '_ZN3cub17_V_300500_SM_10006detail12batched_topk28device_segmented_topk_kernelINS2_26policy_selector_from_typesIillLl8388608EEEN4cuda3__417constant_iteratorIPKilEENS8_IPilEENS8_IPKllEENS8_IPllEENS1_6params13uniform_paramIlLl0ELl268435456EEENSK_IlLl1ELl8388608EEENSJ_22uniform_discrete_paramINS1_4topk6selectEJLSP_1EEEENSK_IlLl1ELl1EEEjEEvT0_T1_T2_T3_T4_T5_T6_T7_PNS2_21batched_topk_countersINSZ_10value_typeEEEPS11_PT8_' for 'sm_100'
ptxas info    : Function properties for _ZN3cub17_V_300500_SM_10006detail12batched_topk28device_segmented_topk_kernelINS2_26policy_selector_from_typesIillLl8388608EEEN4cuda3__417constant_iteratorIPKilEENS8_IPilEENS8_IPKllEENS8_IPllEENS1_6params13uniform_paramIlLl0ELl268435456EEENSK_IlLl1ELl8388608EEENSJ_22uniform_discrete_paramINS1_4topk6selectEJLSP_1EEEENSK_IlLl1ELl1EEEjEEvT0_T1_T2_T3_T4_T5_T6_T7_PNS2_21batched_topk_countersINSZ_10value_typeEEEPS11_PT8_
    0 bytes stack frame, 0 bytes spill stores, 0 bytes spill loads
ptxas info    : Used 196 registers, used 1 barriers, 33808 bytes smem
ptxas info    : Compile time = 58.304 ms
ptxas info    : Compiling entry function '_ZN3cub17_V_300500_SM_10006detail12batched_topk44device_segmented_topk_finalize_filter_kernelINS2_26policy_selector_from_typesIiilLl8388608EEELNS1_4topk6selectE1EN4cuda3__417constant_iteratorIPKilEENSA_IPilEENSA_INS9_17counting_iteratorIjlLi0ELi0ELi0EEElEENS9_18transform_iteratorINS2_26per_segment_indexed_out_opISD_SF_EENSG_IlnLi0ELi0ELi0EEEEENS1_6params13uniform_paramIlLl0ELl268435456EEENSP_IlLl1ELl8388608EEENSP_IlLl1ELl1EEEPljPyNS1_21identity_decomposer_tEjjiEEvT1_T2_T3_T4_T5_T6_T7_T8_PKT9_PNS6_7counterIT14_T12_T13_EEPS19_PS18_PNS8_3std3__415iterator_traitsINS1H_ISY_vE10value_typeEvE10value_typeES1E_S1M_T10_S19_S19_iiT11_b' for 'sm_100'
ptxas info    : Function properties for _ZN3cub17_V_300500_SM_10006detail12batched_topk44device_segmented_topk_finalize_filter_kernelINS2_26policy_selector_from_typesIiilLl8388608EEELNS1_4topk6selectE1EN4cuda3__417constant_iteratorIPKilEENSA_IPilEENSA_INS9_17counting_iteratorIjlLi0ELi0ELi0EEElEENS9_18transform_iteratorINS2_26per_segment_indexed_out_opISD_SF_EENSG_IlnLi0ELi0ELi0EEEEENS1_6params13uniform_paramIlLl0ELl268435456EEENSP_IlLl1ELl8388608EEENSP_IlLl1ELl1EEEPljPyNS1_21identity_decomposer_tEjjiEEvT1_T2_T3_T4_T5_T6_T7_T8_PKT9_PNS6_7counterIT14_T12_T13_EEPS19_PS18_PNS8_3std3__415iterator_traitsINS1H_ISY_vE10value_typeEvE10value_typeES1E_S1M_T10_S19_S19_iiT11_b
    0 bytes stack frame, 0 bytes spill stores, 0 bytes spill loads
ptxas info    : Used 52 registers, used 1 barriers, 8208 bytes smem
ptxas info    : Compile time = 32.170 ms
ptxas info    : Compiling entry function '_ZN3cub17_V_300500_SM_10006detail12batched_topk40device_segmented_topk_last_filter_kernelINS2_26policy_selector_from_typesIiilLl8388608EEELNS1_4topk6selectE1EN4cuda3__417constant_iteratorIPKilEENSA_IPilEENSA_INS9_17counting_iteratorIjlLi0ELi0ELi0EEElEENS9_18transform_iteratorINS2_26per_segment_indexed_out_opISD_SF_EENSG_IlnLi0ELi0ELi0EEEEENS1_6params13uniform_paramIlLl0ELl268435456EEENSP_IlLl1ELl8388608EEENSP_IlLl1ELl1EEEPljPyNS1_21identity_decomposer_tEjjEEvT1_T2_T3_T4_T5_T6_T7_T8_PKT9_PNS6_7counterINS8_3std3__415iterator_traitsINS1A_ISW_vE10value_typeEvE10value_typeET12_T13_EEPS1E_PNS1A_INS1A_ISY_vE10value_typeEvE10value_typeES1F_T10_iiT11_' for 'sm_100'
ptxas info    : Function properties for _ZN3cub17_V_300500_SM_10006detail12batched_topk40device_segmented_topk_last_filter_kernelINS2_26policy_selector_from_typesIiilLl8388608EEELNS1_4topk6selectE1EN4cuda3__417constant_iteratorIPKilEENSA_IPilEENSA_INS9_17counting_iteratorIjlLi0ELi0ELi0EEElEENS9_18transform_iteratorINS2_26per_segment_indexed_out_opISD_SF_EENSG_IlnLi0ELi0ELi0EEEEENS1_6params13uniform_paramIlLl0ELl268435456EEENSP_IlLl1ELl8388608EEENSP_IlLl1ELl1EEEPljPyNS1_21identity_decomposer_tEjjEEvT1_T2_T3_T4_T5_T6_T7_T8_PKT9_PNS6_7counterINS8_3std3__415iterator_traitsINS1A_ISW_vE10value_typeEvE10value_typeET12_T13_EEPS1E_PNS1A_INS1A_ISY_vE10value_typeEvE10value_typeES1F_T10_iiT11_
    16 bytes stack frame, 56 bytes spill stores, 72 bytes spill loads
ptxas info    : Used 40 registers, used 1 barriers, 16 bytes cumulative stack size
ptxas info    : Compile time = 144.955 ms
ptxas info    : Compiling entry function '_ZN3cub17_V_300500_SM_10006detail12batched_topk35device_segmented_topk_filter_kernelINS2_26policy_selector_from_typesIiilLl8388608EEELNS1_4topk6selectE1EN4cuda3__417constant_iteratorIPKilEENSA_IPilEENSA_INS9_17counting_iteratorIjlLi0ELi0ELi0EEElEENS9_18transform_iteratorINS2_26per_segment_indexed_out_opISD_SF_EENSG_IlnLi0ELi0ELi0EEEEENS1_6params13uniform_paramIlLl0ELl268435456EEENSP_IlLl1ELl8388608EEENSP_IlLl1ELl1EEEPljPyNS1_21identity_decomposer_tEjjLi7EEEvT1_T2_T3_T4_T5_T6_T7_T8_PKT9_PNS6_7counterINS8_3std3__415iterator_traitsINS1A_ISW_vE10value_typeEvE10value_typeET12_T13_EEPS1F_PS1E_PNS1A_INS1A_ISY_vE10value_typeEvE10value_typeES1K_S1P_S1F_S1F_T10_iibT11_' for 'sm_100'
ptxas info    : Function properties for _ZN3cub17_V_300500_SM_10006detail12batched_topk35device_segmented_topk_filter_kernelINS2_26policy_selector_from_typesIiilLl8388608EEELNS1_4topk6selectE1EN4cuda3__417constant_iteratorIPKilEENSA_IPilEENSA_INS9_17counting_iteratorIjlLi0ELi0ELi0EEElEENS9_18transform_iteratorINS2_26per_segment_indexed_out_opISD_SF_EENSG_IlnLi0ELi0ELi0EEEEENS1_6params13uniform_paramIlLl0ELl268435456EEENSP_IlLl1ELl8388608EEENSP_IlLl1ELl1EEEPljPyNS1_21identity_decomposer_tEjjLi7EEEvT1_T2_T3_T4_T5_T6_T7_T8_PKT9_PNS6_7counterINS8_3std3__415iterator_traitsINS1A_ISW_vE10value_typeEvE10value_typeET12_T13_EEPS1F_PS1E_PNS1A_INS1A_ISY_vE10value_typeEvE10value_typeES1K_S1P_S1F_S1F_T10_iibT11_
    0 bytes stack frame, 0 bytes spill stores, 0 bytes spill loads
ptxas info    : Used 40 registers, used 1 barriers, 8196 bytes smem
ptxas info    : Compile time = 25.715 ms
ptxas info    : Compiling entry function '_ZN3cub17_V_300500_SM_10006detail12batched_topk35device_segmented_topk_filter_kernelINS2_26policy_selector_from_typesIiilLl8388608EEELNS1_4topk6selectE1EN4cuda3__417constant_iteratorIPKilEENSA_IPilEENSA_INS9_17counting_iteratorIjlLi0ELi0ELi0EEElEENS9_18transform_iteratorINS2_26per_segment_indexed_out_opISD_SF_EENSG_IlnLi0ELi0ELi0EEEEENS1_6params13uniform_paramIlLl0ELl268435456EEENSP_IlLl1ELl8388608EEENSP_IlLl1ELl1EEEPljPyNS1_21identity_decomposer_tEjjLi6EEEvT1_T2_T3_T4_T5_T6_T7_T8_PKT9_PNS6_7counterINS8_3std3__415iterator_traitsINS1A_ISW_vE10value_typeEvE10value_typeET12_T13_EEPS1F_PS1E_PNS1A_INS1A_ISY_vE10value_typeEvE10value_typeES1K_S1P_S1F_S1F_T10_iibT11_' for 'sm_100'
ptxas info    : Function properties for _ZN3cub17_V_300500_SM_10006detail12batched_topk35device_segmented_topk_filter_kernelINS2_26policy_selector_from_typesIiilLl8388608EEELNS1_4topk6selectE1EN4cuda3__417constant_iteratorIPKilEENSA_IPilEENSA_INS9_17counting_iteratorIjlLi0ELi0ELi0EEElEENS9_18transform_iteratorINS2_26per_segment_indexed_out_opISD_SF_EENSG_IlnLi0ELi0ELi0EEEEENS1_6params13uniform_paramIlLl0ELl268435456EEENSP_IlLl1ELl8388608EEENSP_IlLl1ELl1EEEPljPyNS1_21identity_decomposer_tEjjLi6EEEvT1_T2_T3_T4_T5_T6_T7_T8_PKT9_PNS6_7counterINS8_3std3__415iterator_traitsINS1A_ISW_vE10value_typeEvE10value_typeET12_T13_EEPS1F_PS1E_PNS1A_INS1A_ISY_vE10value_typeEvE10value_typeES1K_S1P_S1F_S1F_T10_iibT11_
    0 bytes stack frame, 0 bytes spill stores, 0 bytes spill loads
ptxas info    : Used 40 registers, used 1 barriers, 8196 bytes smem
ptxas info    : Compile time = 25.762 ms
ptxas info    : Compiling entry function '_ZN3cub17_V_300500_SM_10006detail12batched_topk35device_segmented_topk_filter_kernelINS2_26policy_selector_from_typesIiilLl8388608EEELNS1_4topk6selectE1EN4cuda3__417constant_iteratorIPKilEENSA_IPilEENSA_INS9_17counting_iteratorIjlLi0ELi0ELi0EEElEENS9_18transform_iteratorINS2_26per_segment_indexed_out_opISD_SF_EENSG_IlnLi0ELi0ELi0EEEEENS1_6params13uniform_paramIlLl0ELl268435456EEENSP_IlLl1ELl8388608EEENSP_IlLl1ELl1EEEPljPyNS1_21identity_decomposer_tEjjLi5EEEvT1_T2_T3_T4_T5_T6_T7_T8_PKT9_PNS6_7counterINS8_3std3__415iterator_traitsINS1A_ISW_vE10value_typeEvE10value_typeET12_T13_EEPS1F_PS1E_PNS1A_INS1A_ISY_vE10value_typeEvE10value_typeES1K_S1P_S1F_S1F_T10_iibT11_' for 'sm_100'
ptxas info    : Function properties for _ZN3cub17_V_300500_SM_10006detail12batched_topk35device_segmented_topk_filter_kernelINS2_26policy_selector_from_typesIiilLl8388608EEELNS1_4topk6selectE1EN4cuda3__417constant_iteratorIPKilEENSA_IPilEENSA_INS9_17counting_iteratorIjlLi0ELi0ELi0EEElEENS9_18transform_iteratorINS2_26per_segment_indexed_out_opISD_SF_EENSG_IlnLi0ELi0ELi0EEEEENS1_6params13uniform_paramIlLl0ELl268435456EEENSP_IlLl1ELl8388608EEENSP_IlLl1ELl1EEEPljPyNS1_21identity_decomposer_tEjjLi5EEEvT1_T2_T3_T4_T5_T6_T7_T8_PKT9_PNS6_7counterINS8_3std3__415iterator_traitsINS1A_ISW_vE10value_typeEvE10value_typeET12_T13_EEPS1F_PS1E_PNS1A_INS1A_ISY_vE10value_typeEvE10value_typeES1K_S1P_S1F_S1F_T10_iibT11_
    0 bytes stack frame, 0 bytes spill stores, 0 bytes spill loads
ptxas info    : Used 40 registers, used 1 barriers, 8196 bytes smem
ptxas info    : Compile time = 25.704 ms
ptxas info    : Compiling entry function '_ZN3cub17_V_300500_SM_10006detail12batched_topk35device_segmented_topk_filter_kernelINS2_26policy_selector_from_typesIiilLl8388608EEELNS1_4topk6selectE1EN4cuda3__417constant_iteratorIPKilEENSA_IPilEENSA_INS9_17counting_iteratorIjlLi0ELi0ELi0EEElEENS9_18transform_iteratorINS2_26per_segment_indexed_out_opISD_SF_EENSG_IlnLi0ELi0ELi0EEEEENS1_6params13uniform_paramIlLl0ELl268435456EEENSP_IlLl1ELl8388608EEENSP_IlLl1ELl1EEEPljPyNS1_21identity_decomposer_tEjjLi4EEEvT1_T2_T3_T4_T5_T6_T7_T8_PKT9_PNS6_7counterINS8_3std3__415iterator_traitsINS1A_ISW_vE10value_typeEvE10value_typeET12_T13_EEPS1F_PS1E_PNS1A_INS1A_ISY_vE10value_typeEvE10value_typeES1K_S1P_S1F_S1F_T10_iibT11_' for 'sm_100'
ptxas info    : Function properties for _ZN3cub17_V_300500_SM_10006detail12batched_topk35device_segmented_topk_filter_kernelINS2_26policy_selector_from_typesIiilLl8388608EEELNS1_4topk6selectE1EN4cuda3__417constant_iteratorIPKilEENSA_IPilEENSA_INS9_17counting_iteratorIjlLi0ELi0ELi0EEElEENS9_18transform_iteratorINS2_26per_segment_indexed_out_opISD_SF_EENSG_IlnLi0ELi0ELi0EEEEENS1_6params13uniform_paramIlLl0ELl268435456EEENSP_IlLl1ELl8388608EEENSP_IlLl1ELl1EEEPljPyNS1_21identity_decomposer_tEjjLi4EEEvT1_T2_T3_T4_T5_T6_T7_T8_PKT9_PNS6_7counterINS8_3std3__415iterator_traitsINS1A_ISW_vE10value_typeEvE10value_typeET12_T13_EEPS1F_PS1E_PNS1A_INS1A_ISY_vE10value_typeEvE10value_typeES1K_S1P_S1F_S1F_T10_iibT11_
    0 bytes stack frame, 0 bytes spill stores, 0 bytes spill loads
ptxas info    : Used 40 registers, used 1 barriers, 8196 bytes smem
ptxas info    : Compile time = 25.690 ms
ptxas info    : Compiling entry function '_ZN3cub17_V_300500_SM_10006detail12batched_topk35device_segmented_topk_filter_kernelINS2_26policy_selector_from_typesIiilLl8388608EEELNS1_4topk6selectE1EN4cuda3__417constant_iteratorIPKilEENSA_IPilEENSA_INS9_17counting_iteratorIjlLi0ELi0ELi0EEElEENS9_18transform_iteratorINS2_26per_segment_indexed_out_opISD_SF_EENSG_IlnLi0ELi0ELi0EEEEENS1_6params13uniform_paramIlLl0ELl268435456EEENSP_IlLl1ELl8388608EEENSP_IlLl1ELl1EEEPljPyNS1_21identity_decomposer_tEjjLi3EEEvT1_T2_T3_T4_T5_T6_T7_T8_PKT9_PNS6_7counterINS8_3std3__415iterator_traitsINS1A_ISW_vE10value_typeEvE10value_typeET12_T13_EEPS1F_PS1E_PNS1A_INS1A_ISY_vE10value_typeEvE10value_typeES1K_S1P_S1F_S1F_T10_iibT11_' for 'sm_100'
ptxas info    : Function properties for _ZN3cub17_V_300500_SM_10006detail12batched_topk35device_segmented_topk_filter_kernelINS2_26policy_selector_from_typesIiilLl8388608EEELNS1_4topk6selectE1EN4cuda3__417constant_iteratorIPKilEENSA_IPilEENSA_INS9_17counting_iteratorIjlLi0ELi0ELi0EEElEENS9_18transform_iteratorINS2_26per_segment_indexed_out_opISD_SF_EENSG_IlnLi0ELi0ELi0EEEEENS1_6params13uniform_paramIlLl0ELl268435456EEENSP_IlLl1ELl8388608EEENSP_IlLl1ELl1EEEPljPyNS1_21identity_decomposer_tEjjLi3EEEvT1_T2_T3_T4_T5_T6_T7_T8_PKT9_PNS6_7counterINS8_3std3__415iterator_traitsINS1A_ISW_vE10value_typeEvE10value_typeET12_T13_EEPS1F_PS1E_PNS1A_INS1A_ISY_vE10value_typeEvE10value_typeES1K_S1P_S1F_S1F_T10_iibT11_
    0 bytes stack frame, 0 bytes spill stores, 0 bytes spill loads
ptxas info    : Used 40 registers, used 1 barriers, 8196 bytes smem
ptxas info    : Compile time = 25.703 ms
ptxas info    : Compiling entry function '_ZN3cub17_V_300500_SM_10006detail12batched_topk35device_segmented_topk_filter_kernelINS2_26policy_selector_from_typesIiilLl8388608EEELNS1_4topk6selectE1EN4cuda3__417constant_iteratorIPKilEENSA_IPilEENSA_INS9_17counting_iteratorIjlLi0ELi0ELi0EEElEENS9_18transform_iteratorINS2_26per_segment_indexed_out_opISD_SF_EENSG_IlnLi0ELi0ELi0EEEEENS1_6params13uniform_paramIlLl0ELl268435456EEENSP_IlLl1ELl8388608EEENSP_IlLl1ELl1EEEPljPyNS1_21identity_decomposer_tEjjLi2EEEvT1_T2_T3_T4_T5_T6_T7_T8_PKT9_PNS6_7counterINS8_3std3__415iterator_traitsINS1A_ISW_vE10value_typeEvE10value_typeET12_T13_EEPS1F_PS1E_PNS1A_INS1A_ISY_vE10value_typeEvE10value_typeES1K_S1P_S1F_S1F_T10_iibT11_' for 'sm_100'
ptxas info    : Function properties for _ZN3cub17_V_300500_SM_10006detail12batched_topk35device_segmented_topk_filter_kernelINS2_26policy_selector_from_typesIiilLl8388608EEELNS1_4topk6selectE1EN4cuda3__417constant_iteratorIPKilEENSA_IPilEENSA_INS9_17counting_iteratorIjlLi0ELi0ELi0EEElEENS9_18transform_iteratorINS2_26per_segment_indexed_out_opISD_SF_EENSG_IlnLi0ELi0ELi0EEEEENS1_6params13uniform_paramIlLl0ELl268435456EEENSP_IlLl1ELl8388608EEENSP_IlLl1ELl1EEEPljPyNS1_21identity_decomposer_tEjjLi2EEEvT1_T2_T3_T4_T5_T6_T7_T8_PKT9_PNS6_7counterINS8_3std3__415iterator_traitsINS1A_ISW_vE10value_typeEvE10value_typeET12_T13_EEPS1F_PS1E_PNS1A_INS1A_ISY_vE10value_typeEvE10value_typeES1K_S1P_S1F_S1F_T10_iibT11_
    0 bytes stack frame, 0 bytes spill stores, 0 bytes spill loads
ptxas info    : Used 40 registers, used 1 barriers, 8196 bytes smem
ptxas info    : Compile time = 26.485 ms
ptxas info    : Compiling entry function '_ZN3cub17_V_300500_SM_10006detail12batched_topk35device_segmented_topk_filter_kernelINS2_26policy_selector_from_typesIiilLl8388608EEELNS1_4topk6selectE1EN4cuda3__417constant_iteratorIPKilEENSA_IPilEENSA_INS9_17counting_iteratorIjlLi0ELi0ELi0EEElEENS9_18transform_iteratorINS2_26per_segment_indexed_out_opISD_SF_EENSG_IlnLi0ELi0ELi0EEEEENS1_6params13uniform_paramIlLl0ELl268435456EEENSP_IlLl1ELl8388608EEENSP_IlLl1ELl1EEEPljPyNS1_21identity_decomposer_tEjjLi0EEEvT1_T2_T3_T4_T5_T6_T7_T8_PKT9_PNS6_7counterINS8_3std3__415iterator_traitsINS1A_ISW_vE10value_typeEvE10value_typeET12_T13_EEPS1F_PS1E_PNS1A_INS1A_ISY_vE10value_typeEvE10value_typeES1K_S1P_S1F_S1F_T10_iibT11_' for 'sm_100'
ptxas info    : Function properties for _ZN3cub17_V_300500_SM_10006detail12batched_topk35device_segmented_topk_filter_kernelINS2_26policy_selector_from_typesIiilLl8388608EEELNS1_4topk6selectE1EN4cuda3__417constant_iteratorIPKilEENSA_IPilEENSA_INS9_17counting_iteratorIjlLi0ELi0ELi0EEElEENS9_18transform_iteratorINS2_26per_segment_indexed_out_opISD_SF_EENSG_IlnLi0ELi0ELi0EEEEENS1_6params13uniform_paramIlLl0ELl268435456EEENSP_IlLl1ELl8388608EEENSP_IlLl1ELl1EEEPljPyNS1_21identity_decomposer_tEjjLi0EEEvT1_T2_T3_T4_T5_T6_T7_T8_PKT9_PNS6_7counterINS8_3std3__415iterator_traitsINS1A_ISW_vE10value_typeEvE10value_typeET12_T13_EEPS1F_PS1E_PNS1A_INS1A_ISY_vE10value_typeEvE10value_typeES1K_S1P_S1F_S1F_T10_iibT11_
    0 bytes stack frame, 0 bytes spill stores, 0 bytes spill loads
ptxas info    : Used 23 registers, used 1 barriers, 8196 bytes smem
ptxas info    : Compile time = 7.910 ms
ptxas info    : Compiling entry function '_ZN3cub17_V_300500_SM_10006detail12batched_topk35device_segmented_topk_filter_kernelINS2_26policy_selector_from_typesIiilLl8388608EEELNS1_4topk6selectE1EN4cuda3__417constant_iteratorIPKilEENSA_IPilEENSA_INS9_17counting_iteratorIjlLi0ELi0ELi0EEElEENS9_18transform_iteratorINS2_26per_segment_indexed_out_opISD_SF_EENSG_IlnLi0ELi0ELi0EEEEENS1_6params13uniform_paramIlLl0ELl268435456EEENSP_IlLl1ELl8388608EEENSP_IlLl1ELl1EEEPljPyNS1_21identity_decomposer_tEjjLi1EEEvT1_T2_T3_T4_T5_T6_T7_T8_PKT9_PNS6_7counterINS8_3std3__415iterator_traitsINS1A_ISW_vE10value_typeEvE10value_typeET12_T13_EEPS1F_PS1E_PNS1A_INS1A_ISY_vE10value_typeEvE10value_typeES1K_S1P_S1F_S1F_T10_iibT11_' for 'sm_100'
ptxas info    : Function properties for _ZN3cub17_V_300500_SM_10006detail12batched_topk35device_segmented_topk_filter_kernelINS2_26policy_selector_from_typesIiilLl8388608EEELNS1_4topk6selectE1EN4cuda3__417constant_iteratorIPKilEENSA_IPilEENSA_INS9_17counting_iteratorIjlLi0ELi0ELi0EEElEENS9_18transform_iteratorINS2_26per_segment_indexed_out_opISD_SF_EENSG_IlnLi0ELi0ELi0EEEEENS1_6params13uniform_paramIlLl0ELl268435456EEENSP_IlLl1ELl8388608EEENSP_IlLl1ELl1EEEPljPyNS1_21identity_decomposer_tEjjLi1EEEvT1_T2_T3_T4_T5_T6_T7_T8_PKT9_PNS6_7counterINS8_3std3__415iterator_traitsINS1A_ISW_vE10value_typeEvE10value_typeET12_T13_EEPS1F_PS1E_PNS1A_INS1A_ISY_vE10value_typeEvE10value_typeES1K_S1P_S1F_S1F_T10_iibT11_
    0 bytes stack frame, 0 bytes spill stores, 0 bytes spill loads
ptxas info    : Used 40 registers, used 1 barriers, 8196 bytes smem
ptxas info    : Compile time = 26.559 ms
ptxas info    : Compiling entry function '_ZN3cub17_V_300500_SM_10006detail12batched_topk47device_segmented_topk_finalize_histogram_kernelINS2_26policy_selector_from_typesIiilLl8388608EEEN4cuda3__417constant_iteratorIPKilEENS1_6params13uniform_paramIlLl0ELl268435456EEENSD_IlLl1ELl8388608EEENSD_IlLl1ELl1EEEPlPyNS1_4topk16extract_bin_op_tIiLNSJ_6selectE1ELi11ENS1_21identity_decomposer_tELb1EEEjjiEEvT0_T1_T2_T3_T4_PNSJ_7counterIT9_T7_T8_EEPSV_T5_T6_ib' for 'sm_100'
ptxas info    : Function properties for _ZN3cub17_V_300500_SM_10006detail12batched_topk47device_segmented_topk_finalize_histogram_kernelINS2_26policy_selector_from_typesIiilLl8388608EEEN4cuda3__417constant_iteratorIPKilEENS1_6params13uniform_paramIlLl0ELl268435456EEENSD_IlLl1ELl8388608EEENSD_IlLl1ELl1EEEPlPyNS1_4topk16extract_bin_op_tIiLNSJ_6selectE1ELi11ENS1_21identity_decomposer_tELb1EEEjjiEEvT0_T1_T2_T3_T4_PNSJ_7counterIT9_T7_T8_EEPSV_T5_T6_ib
    0 bytes stack frame, 0 bytes spill stores, 0 bytes spill loads
ptxas info    : Used 32 registers, used 1 barriers, 8192 bytes smem
ptxas info    : Compile time = 9.358 ms
ptxas info    : Compiling entry function '_ZN3cub17_V_300500_SM_10006detail12batched_topk38device_segmented_topk_histogram_kernelINS2_26policy_selector_from_typesIiilLl8388608EEEN4cuda3__417constant_iteratorIPKilEENS1_6params13uniform_paramIlLl0ELl268435456EEENSD_IlLl1ELl8388608EEENSD_IlLl1ELl1EEEPljPyNS1_4topk16extract_bin_op_tIiLNSJ_6selectE1ELi11ENS1_21identity_decomposer_tELb1EEEjjjEEvT0_T1_T2_T3_T4_PKT5_PNSJ_7counterINS6_3std3__415iterator_traitsINSZ_ISO_vE10value_typeEvE10value_typeET8_T9_EEPS14_T6_T7_' for 'sm_100'
ptxas info    : Function properties for _ZN3cub17_V_300500_SM_10006detail12batched_topk38device_segmented_topk_histogram_kernelINS2_26policy_selector_from_typesIiilLl8388608EEEN4cuda3__417constant_iteratorIPKilEENS1_6params13uniform_paramIlLl0ELl268435456EEENSD_IlLl1ELl8388608EEENSD_IlLl1ELl1EEEPljPyNS1_4topk16extract_bin_op_tIiLNSJ_6selectE1ELi11ENS1_21identity_decomposer_tELb1EEEjjjEEvT0_T1_T2_T3_T4_PKT5_PNSJ_7counterINS6_3std3__415iterator_traitsINSZ_ISO_vE10value_typeEvE10value_typeET8_T9_EEPS14_T6_T7_
    0 bytes stack frame, 0 bytes spill stores, 0 bytes spill loads
ptxas info    : Used 30 registers, used 1 barriers, 8240 bytes smem
ptxas info    : Compile time = 23.209 ms
ptxas info    : Compiling entry function '_ZN3cub17_V_300500_SM_10006detail12batched_topk44device_segmented_topk_finalize_filter_kernelINS2_26policy_selector_from_typesIiilLl8388608EEELNS1_4topk6selectE0EN4cuda3__417constant_iteratorIPKilEENSA_IPilEENSA_INS9_17counting_iteratorIjlLi0ELi0ELi0EEElEENS9_18transform_iteratorINS2_26per_segment_indexed_out_opISD_SF_EENSG_IlnLi0ELi0ELi0EEEEENS1_6params13uniform_paramIlLl0ELl268435456EEENSP_IlLl1ELl8388608EEENSP_IlLl1ELl1EEEPljPyNS1_21identity_decomposer_tEjjiEEvT1_T2_T3_T4_T5_T6_T7_T8_PKT9_PNS6_7counterIT14_T12_T13_EEPS19_PS18_PNS8_3std3__415iterator_traitsINS1H_ISY_vE10value_typeEvE10value_typeES1E_S1M_T10_S19_S19_iiT11_b' for 'sm_100'
ptxas info    : Function properties for _ZN3cub17_V_300500_SM_10006detail12batched_topk44device_segmented_topk_finalize_filter_kernelINS2_26policy_selector_from_typesIiilLl8388608EEELNS1_4topk6selectE0EN4cuda3__417constant_iteratorIPKilEENSA_IPilEENSA_INS9_17counting_iteratorIjlLi0ELi0ELi0EEElEENS9_18transform_iteratorINS2_26per_segment_indexed_out_opISD_SF_EENSG_IlnLi0ELi0ELi0EEEEENS1_6params13uniform_paramIlLl0ELl268435456EEENSP_IlLl1ELl8388608EEENSP_IlLl1ELl1EEEPljPyNS1_21identity_decomposer_tEjjiEEvT1_T2_T3_T4_T5_T6_T7_T8_PKT9_PNS6_7counterIT14_T12_T13_EEPS19_PS18_PNS8_3std3__415iterator_traitsINS1H_ISY_vE10value_typeEvE10value_typeES1E_S1M_T10_S19_S19_iiT11_b
    0 bytes stack frame, 0 bytes spill stores, 0 bytes spill loads
ptxas info    : Used 52 registers, used 1 barriers, 8208 bytes smem
ptxas info    : Compile time = 32.162 ms
ptxas info    : Compiling entry function '_ZN3cub17_V_300500_SM_10006detail12batched_topk40device_segmented_topk_last_filter_kernelINS2_26policy_selector_from_typesIiilLl8388608EEELNS1_4topk6selectE0EN4cuda3__417constant_iteratorIPKilEENSA_IPilEENSA_INS9_17counting_iteratorIjlLi0ELi0ELi0EEElEENS9_18transform_iteratorINS2_26per_segment_indexed_out_opISD_SF_EENSG_IlnLi0ELi0ELi0EEEEENS1_6params13uniform_paramIlLl0ELl268435456EEENSP_IlLl1ELl8388608EEENSP_IlLl1ELl1EEEPljPyNS1_21identity_decomposer_tEjjEEvT1_T2_T3_T4_T5_T6_T7_T8_PKT9_PNS6_7counterINS8_3std3__415iterator_traitsINS1A_ISW_vE10value_typeEvE10value_typeET12_T13_EEPS1E_PNS1A_INS1A_ISY_vE10value_typeEvE10value_typeES1F_T10_iiT11_' for 'sm_100'
ptxas info    : Function properties for _ZN3cub17_V_300500_SM_10006detail12batched_topk40device_segmented_topk_last_filter_kernelINS2_26policy_selector_from_typesIiilLl8388608EEELNS1_4topk6selectE0EN4cuda3__417constant_iteratorIPKilEENSA_IPilEENSA_INS9_17counting_iteratorIjlLi0ELi0ELi0EEElEENS9_18transform_iteratorINS2_26per_segment_indexed_out_opISD_SF_EENSG_IlnLi0ELi0ELi0EEEEENS1_6params13uniform_paramIlLl0ELl268435456EEENSP_IlLl1ELl8388608EEENSP_IlLl1ELl1EEEPljPyNS1_21identity_decomposer_tEjjEEvT1_T2_T3_T4_T5_T6_T7_T8_PKT9_PNS6_7counterINS8_3std3__415iterator_traitsINS1A_ISW_vE10value_typeEvE10value_typeET12_T13_EEPS1E_PNS1A_INS1A_ISY_vE10value_typeEvE10value_typeES1F_T10_iiT11_
    16 bytes stack frame, 56 bytes spill stores, 72 bytes spill loads
ptxas info    : Used 40 registers, used 1 barriers, 16 bytes cumulative stack size
ptxas info    : Compile time = 145.540 ms
ptxas info    : Compiling entry function '_ZN3cub17_V_300500_SM_10006detail12batched_topk35device_segmented_topk_filter_kernelINS2_26policy_selector_from_typesIiilLl8388608EEELNS1_4topk6selectE0EN4cuda3__417constant_iteratorIPKilEENSA_IPilEENSA_INS9_17counting_iteratorIjlLi0ELi0ELi0EEElEENS9_18transform_iteratorINS2_26per_segment_indexed_out_opISD_SF_EENSG_IlnLi0ELi0ELi0EEEEENS1_6params13uniform_paramIlLl0ELl268435456EEENSP_IlLl1ELl8388608EEENSP_IlLl1ELl1EEEPljPyNS1_21identity_decomposer_tEjjLi7EEEvT1_T2_T3_T4_T5_T6_T7_T8_PKT9_PNS6_7counterINS8_3std3__415iterator_traitsINS1A_ISW_vE10value_typeEvE10value_typeET12_T13_EEPS1F_PS1E_PNS1A_INS1A_ISY_vE10value_typeEvE10value_typeES1K_S1P_S1F_S1F_T10_iibT11_' for 'sm_100'
ptxas info    : Function properties for _ZN3cub17_V_300500_SM_10006detail12batched_topk35device_segmented_topk_filter_kernelINS2_26policy_selector_from_typesIiilLl8388608EEELNS1_4topk6selectE0EN4cuda3__417constant_iteratorIPKilEENSA_IPilEENSA_INS9_17counting_iteratorIjlLi0ELi0ELi0EEElEENS9_18transform_iteratorINS2_26per_segment_indexed_out_opISD_SF_EENSG_IlnLi0ELi0ELi0EEEEENS1_6params13uniform_paramIlLl0ELl268435456EEENSP_IlLl1ELl8388608EEENSP_IlLl1ELl1EEEPljPyNS1_21identity_decomposer_tEjjLi7EEEvT1_T2_T3_T4_T5_T6_T7_T8_PKT9_PNS6_7counterINS8_3std3__415iterator_traitsINS1A_ISW_vE10value_typeEvE10value_typeET12_T13_EEPS1F_PS1E_PNS1A_INS1A_ISY_vE10value_typeEvE10value_typeES1K_S1P_S1F_S1F_T10_iibT11_
    0 bytes stack frame, 0 bytes spill stores, 0 bytes spill loads
ptxas info    : Used 40 registers, used 1 barriers, 8196 bytes smem
ptxas info    : Compile time = 25.786 ms
ptxas info    : Compiling entry function '_ZN3cub17_V_300500_SM_10006detail12batched_topk35device_segmented_topk_filter_kernelINS2_26policy_selector_from_typesIiilLl8388608EEELNS1_4topk6selectE0EN4cuda3__417constant_iteratorIPKilEENSA_IPilEENSA_INS9_17counting_iteratorIjlLi0ELi0ELi0EEElEENS9_18transform_iteratorINS2_26per_segment_indexed_out_opISD_SF_EENSG_IlnLi0ELi0ELi0EEEEENS1_6params13uniform_paramIlLl0ELl268435456EEENSP_IlLl1ELl8388608EEENSP_IlLl1ELl1EEEPljPyNS1_21identity_decomposer_tEjjLi6EEEvT1_T2_T3_T4_T5_T6_T7_T8_PKT9_PNS6_7counterINS8_3std3__415iterator_traitsINS1A_ISW_vE10value_typeEvE10value_typeET12_T13_EEPS1F_PS1E_PNS1A_INS1A_ISY_vE10value_typeEvE10value_typeES1K_S1P_S1F_S1F_T10_iibT11_' for 'sm_100'
ptxas info    : Function properties for _ZN3cub17_V_300500_SM_10006detail12batched_topk35device_segmented_topk_filter_kernelINS2_26policy_selector_from_typesIiilLl8388608EEELNS1_4topk6selectE0EN4cuda3__417constant_iteratorIPKilEENSA_IPilEENSA_INS9_17counting_iteratorIjlLi0ELi0ELi0EEElEENS9_18transform_iteratorINS2_26per_segment_indexed_out_opISD_SF_EENSG_IlnLi0ELi0ELi0EEEEENS1_6params13uniform_paramIlLl0ELl268435456EEENSP_IlLl1ELl8388608EEENSP_IlLl1ELl1EEEPljPyNS1_21identity_decomposer_tEjjLi6EEEvT1_T2_T3_T4_T5_T6_T7_T8_PKT9_PNS6_7counterINS8_3std3__415iterator_traitsINS1A_ISW_vE10value_typeEvE10value_typeET12_T13_EEPS1F_PS1E_PNS1A_INS1A_ISY_vE10value_typeEvE10value_typeES1K_S1P_S1F_S1F_T10_iibT11_
    0 bytes stack frame, 0 bytes spill stores, 0 bytes spill loads
ptxas info    : Used 40 registers, used 1 barriers, 8196 bytes smem
ptxas info    : Compile time = 25.717 ms
ptxas info    : Compiling entry function '_ZN3cub17_V_300500_SM_10006detail12batched_topk35device_segmented_topk_filter_kernelINS2_26policy_selector_from_typesIiilLl8388608EEELNS1_4topk6selectE0EN4cuda3__417constant_iteratorIPKilEENSA_IPilEENSA_INS9_17counting_iteratorIjlLi0ELi0ELi0EEElEENS9_18transform_iteratorINS2_26per_segment_indexed_out_opISD_SF_EENSG_IlnLi0ELi0ELi0EEEEENS1_6params13uniform_paramIlLl0ELl268435456EEENSP_IlLl1ELl8388608EEENSP_IlLl1ELl1EEEPljPyNS1_21identity_decomposer_tEjjLi5EEEvT1_T2_T3_T4_T5_T6_T7_T8_PKT9_PNS6_7counterINS8_3std3__415iterator_traitsINS1A_ISW_vE10value_typeEvE10value_typeET12_T13_EEPS1F_PS1E_PNS1A_INS1A_ISY_vE10value_typeEvE10value_typeES1K_S1P_S1F_S1F_T10_iibT11_' for 'sm_100'
ptxas info    : Function properties for _ZN3cub17_V_300500_SM_10006detail12batched_topk35device_segmented_topk_filter_kernelINS2_26policy_selector_from_typesIiilLl8388608EEELNS1_4topk6selectE0EN4cuda3__417constant_iteratorIPKilEENSA_IPilEENSA_INS9_17counting_iteratorIjlLi0ELi0ELi0EEElEENS9_18transform_iteratorINS2_26per_segment_indexed_out_opISD_SF_EENSG_IlnLi0ELi0ELi0EEEEENS1_6params13uniform_paramIlLl0ELl268435456EEENSP_IlLl1ELl8388608EEENSP_IlLl1ELl1EEEPljPyNS1_21identity_decomposer_tEjjLi5EEEvT1_T2_T3_T4_T5_T6_T7_T8_PKT9_PNS6_7counterINS8_3std3__415iterator_traitsINS1A_ISW_vE10value_typeEvE10value_typeET12_T13_EEPS1F_PS1E_PNS1A_INS1A_ISY_vE10value_typeEvE10value_typeES1K_S1P_S1F_S1F_T10_iibT11_
    0 bytes stack frame, 0 bytes spill stores, 0 bytes spill loads
ptxas info    : Used 40 registers, used 1 barriers, 8196 bytes smem
ptxas info    : Compile time = 25.711 ms
ptxas info    : Compiling entry function '_ZN3cub17_V_300500_SM_10006detail12batched_topk35device_segmented_topk_filter_kernelINS2_26policy_selector_from_typesIiilLl8388608EEELNS1_4topk6selectE0EN4cuda3__417constant_iteratorIPKilEENSA_IPilEENSA_INS9_17counting_iteratorIjlLi0ELi0ELi0EEElEENS9_18transform_iteratorINS2_26per_segment_indexed_out_opISD_SF_EENSG_IlnLi0ELi0ELi0EEEEENS1_6params13uniform_paramIlLl0ELl268435456EEENSP_IlLl1ELl8388608EEENSP_IlLl1ELl1EEEPljPyNS1_21identity_decomposer_tEjjLi4EEEvT1_T2_T3_T4_T5_T6_T7_T8_PKT9_PNS6_7counterINS8_3std3__415iterator_traitsINS1A_ISW_vE10value_typeEvE10value_typeET12_T13_EEPS1F_PS1E_PNS1A_INS1A_ISY_vE10value_typeEvE10value_typeES1K_S1P_S1F_S1F_T10_iibT11_' for 'sm_100'
ptxas info    : Function properties for _ZN3cub17_V_300500_SM_10006detail12batched_topk35device_segmented_topk_filter_kernelINS2_26policy_selector_from_typesIiilLl8388608EEELNS1_4topk6selectE0EN4cuda3__417constant_iteratorIPKilEENSA_IPilEENSA_INS9_17counting_iteratorIjlLi0ELi0ELi0EEElEENS9_18transform_iteratorINS2_26per_segment_indexed_out_opISD_SF_EENSG_IlnLi0ELi0ELi0EEEEENS1_6params13uniform_paramIlLl0ELl268435456EEENSP_IlLl1ELl8388608EEENSP_IlLl1ELl1EEEPljPyNS1_21identity_decomposer_tEjjLi4EEEvT1_T2_T3_T4_T5_T6_T7_T8_PKT9_PNS6_7counterINS8_3std3__415iterator_traitsINS1A_ISW_vE10value_typeEvE10value_typeET12_T13_EEPS1F_PS1E_PNS1A_INS1A_ISY_vE10value_typeEvE10value_typeES1K_S1P_S1F_S1F_T10_iibT11_
    0 bytes stack frame, 0 bytes spill stores, 0 bytes spill loads
ptxas info    : Used 40 registers, used 1 barriers, 8196 bytes smem
ptxas info    : Compile time = 25.731 ms
ptxas info    : Compiling entry function '_ZN3cub17_V_300500_SM_10006detail12batched_topk35device_segmented_topk_filter_kernelINS2_26policy_selector_from_typesIiilLl8388608EEELNS1_4topk6selectE0EN4cuda3__417constant_iteratorIPKilEENSA_IPilEENSA_INS9_17counting_iteratorIjlLi0ELi0ELi0EEElEENS9_18transform_iteratorINS2_26per_segment_indexed_out_opISD_SF_EENSG_IlnLi0ELi0ELi0EEEEENS1_6params13uniform_paramIlLl0ELl268435456EEENSP_IlLl1ELl8388608EEENSP_IlLl1ELl1EEEPljPyNS1_21identity_decomposer_tEjjLi3EEEvT1_T2_T3_T4_T5_T6_T7_T8_PKT9_PNS6_7counterINS8_3std3__415iterator_traitsINS1A_ISW_vE10value_typeEvE10value_typeET12_T13_EEPS1F_PS1E_PNS1A_INS1A_ISY_vE10value_typeEvE10value_typeES1K_S1P_S1F_S1F_T10_iibT11_' for 'sm_100'
ptxas info    : Function properties for _ZN3cub17_V_300500_SM_10006detail12batched_topk35device_segmented_topk_filter_kernelINS2_26policy_selector_from_typesIiilLl8388608EEELNS1_4topk6selectE0EN4cuda3__417constant_iteratorIPKilEENSA_IPilEENSA_INS9_17counting_iteratorIjlLi0ELi0ELi0EEElEENS9_18transform_iteratorINS2_26per_segment_indexed_out_opISD_SF_EENSG_IlnLi0ELi0ELi0EEEEENS1_6params13uniform_paramIlLl0ELl268435456EEENSP_IlLl1ELl8388608EEENSP_IlLl1ELl1EEEPljPyNS1_21identity_decomposer_tEjjLi3EEEvT1_T2_T3_T4_T5_T6_T7_T8_PKT9_PNS6_7counterINS8_3std3__415iterator_traitsINS1A_ISW_vE10value_typeEvE10value_typeET12_T13_EEPS1F_PS1E_PNS1A_INS1A_ISY_vE10value_typeEvE10value_typeES1K_S1P_S1F_S1F_T10_iibT11_
    0 bytes stack frame, 0 bytes spill stores, 0 bytes spill loads
ptxas info    : Used 40 registers, used 1 barriers, 8196 bytes smem
ptxas info    : Compile time = 25.738 ms
ptxas info    : Compiling entry function '_ZN3cub17_V_300500_SM_10006detail12batched_topk35device_segmented_topk_filter_kernelINS2_26policy_selector_from_typesIiilLl8388608EEELNS1_4topk6selectE0EN4cuda3__417constant_iteratorIPKilEENSA_IPilEENSA_INS9_17counting_iteratorIjlLi0ELi0ELi0EEElEENS9_18transform_iteratorINS2_26per_segment_indexed_out_opISD_SF_EENSG_IlnLi0ELi0ELi0EEEEENS1_6params13uniform_paramIlLl0ELl268435456EEENSP_IlLl1ELl8388608EEENSP_IlLl1ELl1EEEPljPyNS1_21identity_decomposer_tEjjLi2EEEvT1_T2_T3_T4_T5_T6_T7_T8_PKT9_PNS6_7counterINS8_3std3__415iterator_traitsINS1A_ISW_vE10value_typeEvE10value_typeET12_T13_EEPS1F_PS1E_PNS1A_INS1A_ISY_vE10value_typeEvE10value_typeES1K_S1P_S1F_S1F_T10_iibT11_' for 'sm_100'
ptxas info    : Function properties for _ZN3cub17_V_300500_SM_10006detail12batched_topk35device_segmented_topk_filter_kernelINS2_26policy_selector_from_typesIiilLl8388608EEELNS1_4topk6selectE0EN4cuda3__417constant_iteratorIPKilEENSA_IPilEENSA_INS9_17counting_iteratorIjlLi0ELi0ELi0EEElEENS9_18transform_iteratorINS2_26per_segment_indexed_out_opISD_SF_EENSG_IlnLi0ELi0ELi0EEEEENS1_6params13uniform_paramIlLl0ELl268435456EEENSP_IlLl1ELl8388608EEENSP_IlLl1ELl1EEEPljPyNS1_21identity_decomposer_tEjjLi2EEEvT1_T2_T3_T4_T5_T6_T7_T8_PKT9_PNS6_7counterINS8_3std3__415iterator_traitsINS1A_ISW_vE10value_typeEvE10value_typeET12_T13_EEPS1F_PS1E_PNS1A_INS1A_ISY_vE10value_typeEvE10value_typeES1K_S1P_S1F_S1F_T10_iibT11_
    0 bytes stack frame, 0 bytes spill stores, 0 bytes spill loads
ptxas info    : Used 40 registers, used 1 barriers, 8196 bytes smem
ptxas info    : Compile time = 26.444 ms
ptxas info    : Compiling entry function '_ZN3cub17_V_300500_SM_10006detail12batched_topk35device_segmented_topk_filter_kernelINS2_26policy_selector_from_typesIiilLl8388608EEELNS1_4topk6selectE0EN4cuda3__417constant_iteratorIPKilEENSA_IPilEENSA_INS9_17counting_iteratorIjlLi0ELi0ELi0EEElEENS9_18transform_iteratorINS2_26per_segment_indexed_out_opISD_SF_EENSG_IlnLi0ELi0ELi0EEEEENS1_6params13uniform_paramIlLl0ELl268435456EEENSP_IlLl1ELl8388608EEENSP_IlLl1ELl1EEEPljPyNS1_21identity_decomposer_tEjjLi0EEEvT1_T2_T3_T4_T5_T6_T7_T8_PKT9_PNS6_7counterINS8_3std3__415iterator_traitsINS1A_ISW_vE10value_typeEvE10value_typeET12_T13_EEPS1F_PS1E_PNS1A_INS1A_ISY_vE10value_typeEvE10value_typeES1K_S1P_S1F_S1F_T10_iibT11_' for 'sm_100'
ptxas info    : Function properties for _ZN3cub17_V_300500_SM_10006detail12batched_topk35device_segmented_topk_filter_kernelINS2_26policy_selector_from_typesIiilLl8388608EEELNS1_4topk6selectE0EN4cuda3__417constant_iteratorIPKilEENSA_IPilEENSA_INS9_17counting_iteratorIjlLi0ELi0ELi0EEElEENS9_18transform_iteratorINS2_26per_segment_indexed_out_opISD_SF_EENSG_IlnLi0ELi0ELi0EEEEENS1_6params13uniform_paramIlLl0ELl268435456EEENSP_IlLl1ELl8388608EEENSP_IlLl1ELl1EEEPljPyNS1_21identity_decomposer_tEjjLi0EEEvT1_T2_T3_T4_T5_T6_T7_T8_PKT9_PNS6_7counterINS8_3std3__415iterator_traitsINS1A_ISW_vE10value_typeEvE10value_typeET12_T13_EEPS1F_PS1E_PNS1A_INS1A_ISY_vE10value_typeEvE10value_typeES1K_S1P_S1F_S1F_T10_iibT11_
    0 bytes stack frame, 0 bytes spill stores, 0 bytes spill loads
ptxas info    : Used 23 registers, used 1 barriers, 8196 bytes smem
ptxas info    : Compile time = 7.893 ms
ptxas info    : Compiling entry function '_ZN3cub17_V_300500_SM_10006detail12batched_topk35device_segmented_topk_filter_kernelINS2_26policy_selector_from_typesIiilLl8388608EEELNS1_4topk6selectE0EN4cuda3__417constant_iteratorIPKilEENSA_IPilEENSA_INS9_17counting_iteratorIjlLi0ELi0ELi0EEElEENS9_18transform_iteratorINS2_26per_segment_indexed_out_opISD_SF_EENSG_IlnLi0ELi0ELi0EEEEENS1_6params13uniform_paramIlLl0ELl268435456EEENSP_IlLl1ELl8388608EEENSP_IlLl1ELl1EEEPljPyNS1_21identity_decomposer_tEjjLi1EEEvT1_T2_T3_T4_T5_T6_T7_T8_PKT9_PNS6_7counterINS8_3std3__415iterator_traitsINS1A_ISW_vE10value_typeEvE10value_typeET12_T13_EEPS1F_PS1E_PNS1A_INS1A_ISY_vE10value_typeEvE10value_typeES1K_S1P_S1F_S1F_T10_iibT11_' for 'sm_100'
ptxas info    : Function properties for _ZN3cub17_V_300500_SM_10006detail12batched_topk35device_segmented_topk_filter_kernelINS2_26policy_selector_from_typesIiilLl8388608EEELNS1_4topk6selectE0EN4cuda3__417constant_iteratorIPKilEENSA_IPilEENSA_INS9_17counting_iteratorIjlLi0ELi0ELi0EEElEENS9_18transform_iteratorINS2_26per_segment_indexed_out_opISD_SF_EENSG_IlnLi0ELi0ELi0EEEEENS1_6params13uniform_paramIlLl0ELl268435456EEENSP_IlLl1ELl8388608EEENSP_IlLl1ELl1EEEPljPyNS1_21identity_decomposer_tEjjLi1EEEvT1_T2_T3_T4_T5_T6_T7_T8_PKT9_PNS6_7counterINS8_3std3__415iterator_traitsINS1A_ISW_vE10value_typeEvE10value_typeET12_T13_EEPS1F_PS1E_PNS1A_INS1A_ISY_vE10value_typeEvE10value_typeES1K_S1P_S1F_S1F_T10_iibT11_
    0 bytes stack frame, 0 bytes spill stores, 0 bytes spill loads
ptxas info    : Used 40 registers, used 1 barriers, 8196 bytes smem
ptxas info    : Compile time = 26.546 ms
ptxas info    : Compiling entry function '_ZN3cub17_V_300500_SM_10006detail12batched_topk47device_segmented_topk_finalize_histogram_kernelINS2_26policy_selector_from_typesIiilLl8388608EEEN4cuda3__417constant_iteratorIPKilEENS1_6params13uniform_paramIlLl0ELl268435456EEENSD_IlLl1ELl8388608EEENSD_IlLl1ELl1EEEPlPyNS1_4topk16extract_bin_op_tIiLNSJ_6selectE0ELi11ENS1_21identity_decomposer_tELb1EEEjjiEEvT0_T1_T2_T3_T4_PNSJ_7counterIT9_T7_T8_EEPSV_T5_T6_ib' for 'sm_100'
ptxas info    : Function properties for _ZN3cub17_V_300500_SM_10006detail12batched_topk47device_segmented_topk_finalize_histogram_kernelINS2_26policy_selector_from_typesIiilLl8388608EEEN4cuda3__417constant_iteratorIPKilEENS1_6params13uniform_paramIlLl0ELl268435456EEENSD_IlLl1ELl8388608EEENSD_IlLl1ELl1EEEPlPyNS1_4topk16extract_bin_op_tIiLNSJ_6selectE0ELi11ENS1_21identity_decomposer_tELb1EEEjjiEEvT0_T1_T2_T3_T4_PNSJ_7counterIT9_T7_T8_EEPSV_T5_T6_ib
    0 bytes stack frame, 0 bytes spill stores, 0 bytes spill loads
ptxas info    : Used 32 registers, used 1 barriers, 8192 bytes smem
ptxas info    : Compile time = 9.359 ms
ptxas info    : Compiling entry function '_ZN3cub17_V_300500_SM_10006detail12batched_topk38device_segmented_topk_histogram_kernelINS2_26policy_selector_from_typesIiilLl8388608EEEN4cuda3__417constant_iteratorIPKilEENS1_6params13uniform_paramIlLl0ELl268435456EEENSD_IlLl1ELl8388608EEENSD_IlLl1ELl1EEEPljPyNS1_4topk16extract_bin_op_tIiLNSJ_6selectE0ELi11ENS1_21identity_decomposer_tELb1EEEjjjEEvT0_T1_T2_T3_T4_PKT5_PNSJ_7counterINS6_3std3__415iterator_traitsINSZ_ISO_vE10value_typeEvE10value_typeET8_T9_EEPS14_T6_T7_' for 'sm_100'
ptxas info    : Function properties for _ZN3cub17_V_300500_SM_10006detail12batched_topk38device_segmented_topk_histogram_kernelINS2_26policy_selector_from_typesIiilLl8388608EEEN4cuda3__417constant_iteratorIPKilEENS1_6params13uniform_paramIlLl0ELl268435456EEENSD_IlLl1ELl8388608EEENSD_IlLl1ELl1EEEPljPyNS1_4topk16extract_bin_op_tIiLNSJ_6selectE0ELi11ENS1_21identity_decomposer_tELb1EEEjjjEEvT0_T1_T2_T3_T4_PKT5_PNSJ_7counterINS6_3std3__415iterator_traitsINSZ_ISO_vE10value_typeEvE10value_typeET8_T9_EEPS14_T6_T7_
    0 bytes stack frame, 0 bytes spill stores, 0 bytes spill loads
ptxas info    : Used 30 registers, used 1 barriers, 8240 bytes smem
ptxas info    : Compile time = 23.235 ms
ptxas info    : Compiling entry function '_ZN3cub17_V_300500_SM_10006detail12batched_topk28device_segmented_topk_kernelINS2_26policy_selector_from_typesIiilLl8388608EEEN4cuda3__417constant_iteratorIPKilEENS8_IPilEESB_SD_NS1_6params13uniform_paramIlLl0ELl268435456EEENSF_IlLl1ELl8388608EEENSE_22uniform_discrete_paramINS1_4topk6selectEJLSK_1EEEENSF_IlLl1ELl1EEEjEEvT0_T1_T2_T3_T4_T5_T6_T7_PNS2_21batched_topk_countersINSU_10value_typeEEEPSW_PT8_' for 'sm_100'
ptxas info    : Function properties for _ZN3cub17_V_300500_SM_10006detail12batched_topk28device_segmented_topk_kernelINS2_26policy_selector_from_typesIiilLl8388608EEEN4cuda3__417constant_iteratorIPKilEENS8_IPilEESB_SD_NS1_6params13uniform_paramIlLl0ELl268435456EEENSF_IlLl1ELl8388608EEENSE_22uniform_discrete_paramINS1_4topk6selectEJLSK_1EEEENSF_IlLl1ELl1EEEjEEvT0_T1_T2_T3_T4_T5_T6_T7_PNS2_21batched_topk_countersINSU_10value_typeEEEPSW_PT8_
    0 bytes stack frame, 0 bytes spill stores, 0 bytes spill loads
ptxas info    : Used 254 registers, used 1 barriers, 33808 bytes smem
ptxas info    : Compile time = 106.312 ms
ptxas info    : Compiling entry function '_ZN3cub17_V_300500_SM_10006detail12batched_topk44device_segmented_topk_finalize_filter_kernelINS2_26policy_selector_from_typesIislLl8388608EEELNS1_4topk6selectE1EN4cuda3__417constant_iteratorIPKilEENSA_IPilEENSA_INS9_17counting_iteratorIjlLi0ELi0ELi0EEElEENS9_18transform_iteratorINS2_26per_segment_indexed_out_opINSA_IPKslEENSA_IPslEEEENSG_IlnLi0ELi0ELi0EEEEENS1_6params13uniform_paramIlLl0ELl268435456EEENSU_IlLl1ELl8388608EEENSU_IlLl1ELl1EEEPljPyNS1_21identity_decomposer_tEjjiEEvT1_T2_T3_T4_T5_T6_T7_T8_PKT9_PNS6_7counterIT14_T12_T13_EEPS1E_PS1D_PNS8_3std3__415iterator_traitsINS1M_IS13_vE10value_typeEvE10value_typeES1J_S1R_T10_S1E_S1E_iiT11_b' for 'sm_100'
ptxas info    : Function properties for _ZN3cub17_V_300500_SM_10006detail12batched_topk44device_segmented_topk_finalize_filter_kernelINS2_26policy_selector_from_typesIislLl8388608EEELNS1_4topk6selectE1EN4cuda3__417constant_iteratorIPKilEENSA_IPilEENSA_INS9_17counting_iteratorIjlLi0ELi0ELi0EEElEENS9_18transform_iteratorINS2_26per_segment_indexed_out_opINSA_IPKslEENSA_IPslEEEENSG_IlnLi0ELi0ELi0EEEEENS1_6params13uniform_paramIlLl0ELl268435456EEENSU_IlLl1ELl8388608EEENSU_IlLl1ELl1EEEPljPyNS1_21identity_decomposer_tEjjiEEvT1_T2_T3_T4_T5_T6_T7_T8_PKT9_PNS6_7counterIT14_T12_T13_EEPS1E_PS1D_PNS8_3std3__415iterator_traitsINS1M_IS13_vE10value_typeEvE10value_typeES1J_S1R_T10_S1E_S1E_iiT11_b
    0 bytes stack frame, 0 bytes spill stores, 0 bytes spill loads
ptxas info    : Used 52 registers, used 1 barriers, 8208 bytes smem
ptxas info    : Compile time = 32.332 ms
ptxas info    : Compiling entry function '_ZN3cub17_V_300500_SM_10006detail12batched_topk40device_segmented_topk_last_filter_kernelINS2_26policy_selector_from_typesIislLl8388608EEELNS1_4topk6selectE1EN4cuda3__417constant_iteratorIPKilEENSA_IPilEENSA_INS9_17counting_iteratorIjlLi0ELi0ELi0EEElEENS9_18transform_iteratorINS2_26per_segment_indexed_out_opINSA_IPKslEENSA_IPslEEEENSG_IlnLi0ELi0ELi0EEEEENS1_6params13uniform_paramIlLl0ELl268435456EEENSU_IlLl1ELl8388608EEENSU_IlLl1ELl1EEEPljPyNS1_21identity_decomposer_tEjjEEvT1_T2_T3_T4_T5_T6_T7_T8_PKT9_PNS6_7counterINS8_3std3__415iterator_traitsINS1F_IS11_vE10value_typeEvE10value_typeET12_T13_EEPS1J_PNS1F_INS1F_IS13_vE10value_typeEvE10value_typeES1K_T10_iiT11_' for 'sm_100'
ptxas info    : Function properties for _ZN3cub17_V_300500_SM_10006detail12batched_topk40device_segmented_topk_last_filter_kernelINS2_26policy_selector_from_typesIislLl8388608EEELNS1_4topk6selectE1EN4cuda3__417constant_iteratorIPKilEENSA_IPilEENSA_INS9_17counting_iteratorIjlLi0ELi0ELi0EEElEENS9_18transform_iteratorINS2_26per_segment_indexed_out_opINSA_IPKslEENSA_IPslEEEENSG_IlnLi0ELi0ELi0EEEEENS1_6params13uniform_paramIlLl0ELl268435456EEENSU_IlLl1ELl8388608EEENSU_IlLl1ELl1EEEPljPyNS1_21identity_decomposer_tEjjEEvT1_T2_T3_T4_T5_T6_T7_T8_PKT9_PNS6_7counterINS8_3std3__415iterator_traitsINS1F_IS11_vE10value_typeEvE10value_typeET12_T13_EEPS1J_PNS1F_INS1F_IS13_vE10value_typeEvE10value_typeES1K_T10_iiT11_
    16 bytes stack frame, 56 bytes spill stores, 72 bytes spill loads
ptxas info    : Used 40 registers, used 1 barriers, 16 bytes cumulative stack size
ptxas info    : Compile time = 146.690 ms
ptxas info    : Compiling entry function '_ZN3cub17_V_300500_SM_10006detail12batched_topk35device_segmented_topk_filter_kernelINS2_26policy_selector_from_typesIislLl8388608EEELNS1_4topk6selectE1EN4cuda3__417constant_iteratorIPKilEENSA_IPilEENSA_INS9_17counting_iteratorIjlLi0ELi0ELi0EEElEENS9_18transform_iteratorINS2_26per_segment_indexed_out_opINSA_IPKslEENSA_IPslEEEENSG_IlnLi0ELi0ELi0EEEEENS1_6params13uniform_paramIlLl0ELl268435456EEENSU_IlLl1ELl8388608EEENSU_IlLl1ELl1EEEPljPyNS1_21identity_decomposer_tEjjLi7EEEvT1_T2_T3_T4_T5_T6_T7_T8_PKT9_PNS6_7counterINS8_3std3__415iterator_traitsINS1F_IS11_vE10value_typeEvE10value_typeET12_T13_EEPS1K_PS1J_PNS1F_INS1F_IS13_vE10value_typeEvE10value_typeES1P_S1U_S1K_S1K_T10_iibT11_' for 'sm_100'
ptxas info    : Function properties for _ZN3cub17_V_300500_SM_10006detail12batched_topk35device_segmented_topk_filter_kernelINS2_26policy_selector_from_typesIislLl8388608EEELNS1_4topk6selectE1EN4cuda3__417constant_iteratorIPKilEENSA_IPilEENSA_INS9_17counting_iteratorIjlLi0ELi0ELi0EEElEENS9_18transform_iteratorINS2_26per_segment_indexed_out_opINSA_IPKslEENSA_IPslEEEENSG_IlnLi0ELi0ELi0EEEEENS1_6params13uniform_paramIlLl0ELl268435456EEENSU_IlLl1ELl8388608EEENSU_IlLl1ELl1EEEPljPyNS1_21identity_decomposer_tEjjLi7EEEvT1_T2_T3_T4_T5_T6_T7_T8_PKT9_PNS6_7counterINS8_3std3__415iterator_traitsINS1F_IS11_vE10value_typeEvE10value_typeET12_T13_EEPS1K_PS1J_PNS1F_INS1F_IS13_vE10value_typeEvE10value_typeES1P_S1U_S1K_S1K_T10_iibT11_
    0 bytes stack frame, 0 bytes spill stores, 0 bytes spill loads
ptxas info    : Used 40 registers, used 1 barriers, 8196 bytes smem
ptxas info    : Compile time = 25.808 ms
ptxas info    : Compiling entry function '_ZN3cub17_V_300500_SM_10006detail12batched_topk35device_segmented_topk_filter_kernelINS2_26policy_selector_from_typesIislLl8388608EEELNS1_4topk6selectE1EN4cuda3__417constant_iteratorIPKilEENSA_IPilEENSA_INS9_17counting_iteratorIjlLi0ELi0ELi0EEElEENS9_18transform_iteratorINS2_26per_segment_indexed_out_opINSA_IPKslEENSA_IPslEEEENSG_IlnLi0ELi0ELi0EEEEENS1_6params13uniform_paramIlLl0ELl268435456EEENSU_IlLl1ELl8388608EEENSU_IlLl1ELl1EEEPljPyNS1_21identity_decomposer_tEjjLi6EEEvT1_T2_T3_T4_T5_T6_T7_T8_PKT9_PNS6_7counterINS8_3std3__415iterator_traitsINS1F_IS11_vE10value_typeEvE10value_typeET12_T13_EEPS1K_PS1J_PNS1F_INS1F_IS13_vE10value_typeEvE10value_typeES1P_S1U_S1K_S1K_T10_iibT11_' for 'sm_100'
ptxas info    : Function properties for _ZN3cub17_V_300500_SM_10006detail12batched_topk35device_segmented_topk_filter_kernelINS2_26policy_selector_from_typesIislLl8388608EEELNS1_4topk6selectE1EN4cuda3__417constant_iteratorIPKilEENSA_IPilEENSA_INS9_17counting_iteratorIjlLi0ELi0ELi0EEElEENS9_18transform_iteratorINS2_26per_segment_indexed_out_opINSA_IPKslEENSA_IPslEEEENSG_IlnLi0ELi0ELi0EEEEENS1_6params13uniform_paramIlLl0ELl268435456EEENSU_IlLl1ELl8388608EEENSU_IlLl1ELl1EEEPljPyNS1_21identity_decomposer_tEjjLi6EEEvT1_T2_T3_T4_T5_T6_T7_T8_PKT9_PNS6_7counterINS8_3std3__415iterator_traitsINS1F_IS11_vE10value_typeEvE10value_typeET12_T13_EEPS1K_PS1J_PNS1F_INS1F_IS13_vE10value_typeEvE10value_typeES1P_S1U_S1K_S1K_T10_iibT11_
    0 bytes stack frame, 0 bytes spill stores, 0 bytes spill loads
ptxas info    : Used 40 registers, used 1 barriers, 8196 bytes smem
ptxas info    : Compile time = 25.783 ms
ptxas info    : Compiling entry function '_ZN3cub17_V_300500_SM_10006detail12batched_topk35device_segmented_topk_filter_kernelINS2_26policy_selector_from_typesIislLl8388608EEELNS1_4topk6selectE1EN4cuda3__417constant_iteratorIPKilEENSA_IPilEENSA_INS9_17counting_iteratorIjlLi0ELi0ELi0EEElEENS9_18transform_iteratorINS2_26per_segment_indexed_out_opINSA_IPKslEENSA_IPslEEEENSG_IlnLi0ELi0ELi0EEEEENS1_6params13uniform_paramIlLl0ELl268435456EEENSU_IlLl1ELl8388608EEENSU_IlLl1ELl1EEEPljPyNS1_21identity_decomposer_tEjjLi5EEEvT1_T2_T3_T4_T5_T6_T7_T8_PKT9_PNS6_7counterINS8_3std3__415iterator_traitsINS1F_IS11_vE10value_typeEvE10value_typeET12_T13_EEPS1K_PS1J_PNS1F_INS1F_IS13_vE10value_typeEvE10value_typeES1P_S1U_S1K_S1K_T10_iibT11_' for 'sm_100'
ptxas info    : Function properties for _ZN3cub17_V_300500_SM_10006detail12batched_topk35device_segmented_topk_filter_kernelINS2_26policy_selector_from_typesIislLl8388608EEELNS1_4topk6selectE1EN4cuda3__417constant_iteratorIPKilEENSA_IPilEENSA_INS9_17counting_iteratorIjlLi0ELi0ELi0EEElEENS9_18transform_iteratorINS2_26per_segment_indexed_out_opINSA_IPKslEENSA_IPslEEEENSG_IlnLi0ELi0ELi0EEEEENS1_6params13uniform_paramIlLl0ELl268435456EEENSU_IlLl1ELl8388608EEENSU_IlLl1ELl1EEEPljPyNS1_21identity_decomposer_tEjjLi5EEEvT1_T2_T3_T4_T5_T6_T7_T8_PKT9_PNS6_7counterINS8_3std3__415iterator_traitsINS1F_IS11_vE10value_typeEvE10value_typeET12_T13_EEPS1K_PS1J_PNS1F_INS1F_IS13_vE10value_typeEvE10value_typeES1P_S1U_S1K_S1K_T10_iibT11_
    0 bytes stack frame, 0 bytes spill stores, 0 bytes spill loads
ptxas info    : Used 40 registers, used 1 barriers, 8196 bytes smem
ptxas info    : Compile time = 25.823 ms
ptxas info    : Compiling entry function '_ZN3cub17_V_300500_SM_10006detail12batched_topk35device_segmented_topk_filter_kernelINS2_26policy_selector_from_typesIislLl8388608EEELNS1_4topk6selectE1EN4cuda3__417constant_iteratorIPKilEENSA_IPilEENSA_INS9_17counting_iteratorIjlLi0ELi0ELi0EEElEENS9_18transform_iteratorINS2_26per_segment_indexed_out_opINSA_IPKslEENSA_IPslEEEENSG_IlnLi0ELi0ELi0EEEEENS1_6params13uniform_paramIlLl0ELl268435456EEENSU_IlLl1ELl8388608EEENSU_IlLl1ELl1EEEPljPyNS1_21identity_decomposer_tEjjLi4EEEvT1_T2_T3_T4_T5_T6_T7_T8_PKT9_PNS6_7counterINS8_3std3__415iterator_traitsINS1F_IS11_vE10value_typeEvE10value_typeET12_T13_EEPS1K_PS1J_PNS1F_INS1F_IS13_vE10value_typeEvE10value_typeES1P_S1U_S1K_S1K_T10_iibT11_' for 'sm_100'
ptxas info    : Function properties for _ZN3cub17_V_300500_SM_10006detail12batched_topk35device_segmented_topk_filter_kernelINS2_26policy_selector_from_typesIislLl8388608EEELNS1_4topk6selectE1EN4cuda3__417constant_iteratorIPKilEENSA_IPilEENSA_INS9_17counting_iteratorIjlLi0ELi0ELi0EEElEENS9_18transform_iteratorINS2_26per_segment_indexed_out_opINSA_IPKslEENSA_IPslEEEENSG_IlnLi0ELi0ELi0EEEEENS1_6params13uniform_paramIlLl0ELl268435456EEENSU_IlLl1ELl8388608EEENSU_IlLl1ELl1EEEPljPyNS1_21identity_decomposer_tEjjLi4EEEvT1_T2_T3_T4_T5_T6_T7_T8_PKT9_PNS6_7counterINS8_3std3__415iterator_traitsINS1F_IS11_vE10value_typeEvE10value_typeET12_T13_EEPS1K_PS1J_PNS1F_INS1F_IS13_vE10value_typeEvE10value_typeES1P_S1U_S1K_S1K_T10_iibT11_
    0 bytes stack frame, 0 bytes spill stores, 0 bytes spill loads
ptxas info    : Used 40 registers, used 1 barriers, 8196 bytes smem
ptxas info    : Compile time = 25.786 ms
ptxas info    : Compiling entry function '_ZN3cub17_V_300500_SM_10006detail12batched_topk35device_segmented_topk_filter_kernelINS2_26policy_selector_from_typesIislLl8388608EEELNS1_4topk6selectE1EN4cuda3__417constant_iteratorIPKilEENSA_IPilEENSA_INS9_17counting_iteratorIjlLi0ELi0ELi0EEElEENS9_18transform_iteratorINS2_26per_segment_indexed_out_opINSA_IPKslEENSA_IPslEEEENSG_IlnLi0ELi0ELi0EEEEENS1_6params13uniform_paramIlLl0ELl268435456EEENSU_IlLl1ELl8388608EEENSU_IlLl1ELl1EEEPljPyNS1_21identity_decomposer_tEjjLi3EEEvT1_T2_T3_T4_T5_T6_T7_T8_PKT9_PNS6_7counterINS8_3std3__415iterator_traitsINS1F_IS11_vE10value_typeEvE10value_typeET12_T13_EEPS1K_PS1J_PNS1F_INS1F_IS13_vE10value_typeEvE10value_typeES1P_S1U_S1K_S1K_T10_iibT11_' for 'sm_100'
ptxas info    : Function properties for _ZN3cub17_V_300500_SM_10006detail12batched_topk35device_segmented_topk_filter_kernelINS2_26policy_selector_from_typesIislLl8388608EEELNS1_4topk6selectE1EN4cuda3__417constant_iteratorIPKilEENSA_IPilEENSA_INS9_17counting_iteratorIjlLi0ELi0ELi0EEElEENS9_18transform_iteratorINS2_26per_segment_indexed_out_opINSA_IPKslEENSA_IPslEEEENSG_IlnLi0ELi0ELi0EEEEENS1_6params13uniform_paramIlLl0ELl268435456EEENSU_IlLl1ELl8388608EEENSU_IlLl1ELl1EEEPljPyNS1_21identity_decomposer_tEjjLi3EEEvT1_T2_T3_T4_T5_T6_T7_T8_PKT9_PNS6_7counterINS8_3std3__415iterator_traitsINS1F_IS11_vE10value_typeEvE10value_typeET12_T13_EEPS1K_PS1J_PNS1F_INS1F_IS13_vE10value_typeEvE10value_typeES1P_S1U_S1K_S1K_T10_iibT11_
    0 bytes stack frame, 0 bytes spill stores, 0 bytes spill loads
ptxas info    : Used 40 registers, used 1 barriers, 8196 bytes smem
ptxas info    : Compile time = 25.766 ms
ptxas info    : Compiling entry function '_ZN3cub17_V_300500_SM_10006detail12batched_topk35device_segmented_topk_filter_kernelINS2_26policy_selector_from_typesIislLl8388608EEELNS1_4topk6selectE1EN4cuda3__417constant_iteratorIPKilEENSA_IPilEENSA_INS9_17counting_iteratorIjlLi0ELi0ELi0EEElEENS9_18transform_iteratorINS2_26per_segment_indexed_out_opINSA_IPKslEENSA_IPslEEEENSG_IlnLi0ELi0ELi0EEEEENS1_6params13uniform_paramIlLl0ELl268435456EEENSU_IlLl1ELl8388608EEENSU_IlLl1ELl1EEEPljPyNS1_21identity_decomposer_tEjjLi2EEEvT1_T2_T3_T4_T5_T6_T7_T8_PKT9_PNS6_7counterINS8_3std3__415iterator_traitsINS1F_IS11_vE10value_typeEvE10value_typeET12_T13_EEPS1K_PS1J_PNS1F_INS1F_IS13_vE10value_typeEvE10value_typeES1P_S1U_S1K_S1K_T10_iibT11_' for 'sm_100'
ptxas info    : Function properties for _ZN3cub17_V_300500_SM_10006detail12batched_topk35device_segmented_topk_filter_kernelINS2_26policy_selector_from_typesIislLl8388608EEELNS1_4topk6selectE1EN4cuda3__417constant_iteratorIPKilEENSA_IPilEENSA_INS9_17counting_iteratorIjlLi0ELi0ELi0EEElEENS9_18transform_iteratorINS2_26per_segment_indexed_out_opINSA_IPKslEENSA_IPslEEEENSG_IlnLi0ELi0ELi0EEEEENS1_6params13uniform_paramIlLl0ELl268435456EEENSU_IlLl1ELl8388608EEENSU_IlLl1ELl1EEEPljPyNS1_21identity_decomposer_tEjjLi2EEEvT1_T2_T3_T4_T5_T6_T7_T8_PKT9_PNS6_7counterINS8_3std3__415iterator_traitsINS1F_IS11_vE10value_typeEvE10value_typeET12_T13_EEPS1K_PS1J_PNS1F_INS1F_IS13_vE10value_typeEvE10value_typeES1P_S1U_S1K_S1K_T10_iibT11_
    0 bytes stack frame, 0 bytes spill stores, 0 bytes spill loads
ptxas info    : Used 40 registers, used 1 barriers, 8196 bytes smem
ptxas info    : Compile time = 26.495 ms
ptxas info    : Compiling entry function '_ZN3cub17_V_300500_SM_10006detail12batched_topk35device_segmented_topk_filter_kernelINS2_26policy_selector_from_typesIislLl8388608EEELNS1_4topk6selectE1EN4cuda3__417constant_iteratorIPKilEENSA_IPilEENSA_INS9_17counting_iteratorIjlLi0ELi0ELi0EEElEENS9_18transform_iteratorINS2_26per_segment_indexed_out_opINSA_IPKslEENSA_IPslEEEENSG_IlnLi0ELi0ELi0EEEEENS1_6params13uniform_paramIlLl0ELl268435456EEENSU_IlLl1ELl8388608EEENSU_IlLl1ELl1EEEPljPyNS1_21identity_decomposer_tEjjLi0EEEvT1_T2_T3_T4_T5_T6_T7_T8_PKT9_PNS6_7counterINS8_3std3__415iterator_traitsINS1F_IS11_vE10value_typeEvE10value_typeET12_T13_EEPS1K_PS1J_PNS1F_INS1F_IS13_vE10value_typeEvE10value_typeES1P_S1U_S1K_S1K_T10_iibT11_' for 'sm_100'
ptxas info    : Function properties for _ZN3cub17_V_300500_SM_10006detail12batched_topk35device_segmented_topk_filter_kernelINS2_26policy_selector_from_typesIislLl8388608EEELNS1_4topk6selectE1EN4cuda3__417constant_iteratorIPKilEENSA_IPilEENSA_INS9_17counting_iteratorIjlLi0ELi0ELi0EEElEENS9_18transform_iteratorINS2_26per_segment_indexed_out_opINSA_IPKslEENSA_IPslEEEENSG_IlnLi0ELi0ELi0EEEEENS1_6params13uniform_paramIlLl0ELl268435456EEENSU_IlLl1ELl8388608EEENSU_IlLl1ELl1EEEPljPyNS1_21identity_decomposer_tEjjLi0EEEvT1_T2_T3_T4_T5_T6_T7_T8_PKT9_PNS6_7counterINS8_3std3__415iterator_traitsINS1F_IS11_vE10value_typeEvE10value_typeET12_T13_EEPS1K_PS1J_PNS1F_INS1F_IS13_vE10value_typeEvE10value_typeES1P_S1U_S1K_S1K_T10_iibT11_
    0 bytes stack frame, 0 bytes spill stores, 0 bytes spill loads
ptxas info    : Used 23 registers, used 1 barriers, 8196 bytes smem
ptxas info    : Compile time = 7.918 ms
ptxas info    : Compiling entry function '_ZN3cub17_V_300500_SM_10006detail12batched_topk35device_segmented_topk_filter_kernelINS2_26policy_selector_from_typesIislLl8388608EEELNS1_4topk6selectE1EN4cuda3__417constant_iteratorIPKilEENSA_IPilEENSA_INS9_17counting_iteratorIjlLi0ELi0ELi0EEElEENS9_18transform_iteratorINS2_26per_segment_indexed_out_opINSA_IPKslEENSA_IPslEEEENSG_IlnLi0ELi0ELi0EEEEENS1_6params13uniform_paramIlLl0ELl268435456EEENSU_IlLl1ELl8388608EEENSU_IlLl1ELl1EEEPljPyNS1_21identity_decomposer_tEjjLi1EEEvT1_T2_T3_T4_T5_T6_T7_T8_PKT9_PNS6_7counterINS8_3std3__415iterator_traitsINS1F_IS11_vE10value_typeEvE10value_typeET12_T13_EEPS1K_PS1J_PNS1F_INS1F_IS13_vE10value_typeEvE10value_typeES1P_S1U_S1K_S1K_T10_iibT11_' for 'sm_100'
ptxas info    : Function properties for _ZN3cub17_V_300500_SM_10006detail12batched_topk35device_segmented_topk_filter_kernelINS2_26policy_selector_from_typesIislLl8388608EEELNS1_4topk6selectE1EN4cuda3__417constant_iteratorIPKilEENSA_IPilEENSA_INS9_17counting_iteratorIjlLi0ELi0ELi0EEElEENS9_18transform_iteratorINS2_26per_segment_indexed_out_opINSA_IPKslEENSA_IPslEEEENSG_IlnLi0ELi0ELi0EEEEENS1_6params13uniform_paramIlLl0ELl268435456EEENSU_IlLl1ELl8388608EEENSU_IlLl1ELl1EEEPljPyNS1_21identity_decomposer_tEjjLi1EEEvT1_T2_T3_T4_T5_T6_T7_T8_PKT9_PNS6_7counterINS8_3std3__415iterator_traitsINS1F_IS11_vE10value_typeEvE10value_typeET12_T13_EEPS1K_PS1J_PNS1F_INS1F_IS13_vE10value_typeEvE10value_typeES1P_S1U_S1K_S1K_T10_iibT11_
    0 bytes stack frame, 0 bytes spill stores, 0 bytes spill loads
ptxas info    : Used 40 registers, used 1 barriers, 8196 bytes smem
ptxas info    : Compile time = 26.449 ms
ptxas info    : Compiling entry function '_ZN3cub17_V_300500_SM_10006detail12batched_topk47device_segmented_topk_finalize_histogram_kernelINS2_26policy_selector_from_typesIislLl8388608EEEN4cuda3__417constant_iteratorIPKilEENS1_6params13uniform_paramIlLl0ELl268435456EEENSD_IlLl1ELl8388608EEENSD_IlLl1ELl1EEEPlPyNS1_4topk16extract_bin_op_tIiLNSJ_6selectE1ELi11ENS1_21identity_decomposer_tELb1EEEjjiEEvT0_T1_T2_T3_T4_PNSJ_7counterIT9_T7_T8_EEPSV_T5_T6_ib' for 'sm_100'
ptxas info    : Function properties for _ZN3cub17_V_300500_SM_10006detail12batched_topk47device_segmented_topk_finalize_histogram_kernelINS2_26policy_selector_from_typesIislLl8388608EEEN4cuda3__417constant_iteratorIPKilEENS1_6params13uniform_paramIlLl0ELl268435456EEENSD_IlLl1ELl8388608EEENSD_IlLl1ELl1EEEPlPyNS1_4topk16extract_bin_op_tIiLNSJ_6selectE1ELi11ENS1_21identity_decomposer_tELb1EEEjjiEEvT0_T1_T2_T3_T4_PNSJ_7counterIT9_T7_T8_EEPSV_T5_T6_ib
    0 bytes stack frame, 0 bytes spill stores, 0 bytes spill loads
ptxas info    : Used 32 registers, used 1 barriers, 8192 bytes smem
ptxas info    : Compile time = 9.359 ms
ptxas info    : Compiling entry function '_ZN3cub17_V_300500_SM_10006detail12batched_topk38device_segmented_topk_histogram_kernelINS2_26policy_selector_from_typesIislLl8388608EEEN4cuda3__417constant_iteratorIPKilEENS1_6params13uniform_paramIlLl0ELl268435456EEENSD_IlLl1ELl8388608EEENSD_IlLl1ELl1EEEPljPyNS1_4topk16extract_bin_op_tIiLNSJ_6selectE1ELi11ENS1_21identity_decomposer_tELb1EEEjjjEEvT0_T1_T2_T3_T4_PKT5_PNSJ_7counterINS6_3std3__415iterator_traitsINSZ_ISO_vE10value_typeEvE10value_typeET8_T9_EEPS14_T6_T7_' for 'sm_100'
ptxas info    : Function properties for _ZN3cub17_V_300500_SM_10006detail12batched_topk38device_segmented_topk_histogram_kernelINS2_26policy_selector_from_typesIislLl8388608EEEN4cuda3__417constant_iteratorIPKilEENS1_6params13uniform_paramIlLl0ELl268435456EEENSD_IlLl1ELl8388608EEENSD_IlLl1ELl1EEEPljPyNS1_4topk16extract_bin_op_tIiLNSJ_6selectE1ELi11ENS1_21identity_decomposer_tELb1EEEjjjEEvT0_T1_T2_T3_T4_PKT5_PNSJ_7counterINS6_3std3__415iterator_traitsINSZ_ISO_vE10value_typeEvE10value_typeET8_T9_EEPS14_T6_T7_
    0 bytes stack frame, 0 bytes spill stores, 0 bytes spill loads
ptxas info    : Used 30 registers, used 1 barriers, 8240 bytes smem
ptxas info    : Compile time = 23.175 ms
ptxas info    : Compiling entry function '_ZN3cub17_V_300500_SM_10006detail12batched_topk44device_segmented_topk_finalize_filter_kernelINS2_26policy_selector_from_typesIislLl8388608EEELNS1_4topk6selectE0EN4cuda3__417constant_iteratorIPKilEENSA_IPilEENSA_INS9_17counting_iteratorIjlLi0ELi0ELi0EEElEENS9_18transform_iteratorINS2_26per_segment_indexed_out_opINSA_IPKslEENSA_IPslEEEENSG_IlnLi0ELi0ELi0EEEEENS1_6params13uniform_paramIlLl0ELl268435456EEENSU_IlLl1ELl8388608EEENSU_IlLl1ELl1EEEPljPyNS1_21identity_decomposer_tEjjiEEvT1_T2_T3_T4_T5_T6_T7_T8_PKT9_PNS6_7counterIT14_T12_T13_EEPS1E_PS1D_PNS8_3std3__415iterator_traitsINS1M_IS13_vE10value_typeEvE10value_typeES1J_S1R_T10_S1E_S1E_iiT11_b' for 'sm_100'
ptxas info    : Function properties for _ZN3cub17_V_300500_SM_10006detail12batched_topk44device_segmented_topk_finalize_filter_kernelINS2_26policy_selector_from_typesIislLl8388608EEELNS1_4topk6selectE0EN4cuda3__417constant_iteratorIPKilEENSA_IPilEENSA_INS9_17counting_iteratorIjlLi0ELi0ELi0EEElEENS9_18transform_iteratorINS2_26per_segment_indexed_out_opINSA_IPKslEENSA_IPslEEEENSG_IlnLi0ELi0ELi0EEEEENS1_6params13uniform_paramIlLl0ELl268435456EEENSU_IlLl1ELl8388608EEENSU_IlLl1ELl1EEEPljPyNS1_21identity_decomposer_tEjjiEEvT1_T2_T3_T4_T5_T6_T7_T8_PKT9_PNS6_7counterIT14_T12_T13_EEPS1E_PS1D_PNS8_3std3__415iterator_traitsINS1M_IS13_vE10value_typeEvE10value_typeES1J_S1R_T10_S1E_S1E_iiT11_b
    0 bytes stack frame, 0 bytes spill stores, 0 bytes spill loads
ptxas info    : Used 52 registers, used 1 barriers, 8208 bytes smem
ptxas info    : Compile time = 32.241 ms
ptxas info    : Compiling entry function '_ZN3cub17_V_300500_SM_10006detail12batched_topk40device_segmented_topk_last_filter_kernelINS2_26policy_selector_from_typesIislLl8388608EEELNS1_4topk6selectE0EN4cuda3__417constant_iteratorIPKilEENSA_IPilEENSA_INS9_17counting_iteratorIjlLi0ELi0ELi0EEElEENS9_18transform_iteratorINS2_26per_segment_indexed_out_opINSA_IPKslEENSA_IPslEEEENSG_IlnLi0ELi0ELi0EEEEENS1_6params13uniform_paramIlLl0ELl268435456EEENSU_IlLl1ELl8388608EEENSU_IlLl1ELl1EEEPljPyNS1_21identity_decomposer_tEjjEEvT1_T2_T3_T4_T5_T6_T7_T8_PKT9_PNS6_7counterINS8_3std3__415iterator_traitsINS1F_IS11_vE10value_typeEvE10value_typeET12_T13_EEPS1J_PNS1F_INS1F_IS13_vE10value_typeEvE10value_typeES1K_T10_iiT11_' for 'sm_100'
ptxas info    : Function properties for _ZN3cub17_V_300500_SM_10006detail12batched_topk40device_segmented_topk_last_filter_kernelINS2_26policy_selector_from_typesIislLl8388608EEELNS1_4topk6selectE0EN4cuda3__417constant_iteratorIPKilEENSA_IPilEENSA_INS9_17counting_iteratorIjlLi0ELi0ELi0EEElEENS9_18transform_iteratorINS2_26per_segment_indexed_out_opINSA_IPKslEENSA_IPslEEEENSG_IlnLi0ELi0ELi0EEEEENS1_6params13uniform_paramIlLl0ELl268435456EEENSU_IlLl1ELl8388608EEENSU_IlLl1ELl1EEEPljPyNS1_21identity_decomposer_tEjjEEvT1_T2_T3_T4_T5_T6_T7_T8_PKT9_PNS6_7counterINS8_3std3__415iterator_traitsINS1F_IS11_vE10value_typeEvE10value_typeET12_T13_EEPS1J_PNS1F_INS1F_IS13_vE10value_typeEvE10value_typeES1K_T10_iiT11_
    16 bytes stack frame, 56 bytes spill stores, 72 bytes spill loads
ptxas info    : Used 40 registers, used 1 barriers, 16 bytes cumulative stack size
ptxas info    : Compile time = 145.619 ms
ptxas info    : Compiling entry function '_ZN3cub17_V_300500_SM_10006detail12batched_topk35device_segmented_topk_filter_kernelINS2_26policy_selector_from_typesIislLl8388608EEELNS1_4topk6selectE0EN4cuda3__417constant_iteratorIPKilEENSA_IPilEENSA_INS9_17counting_iteratorIjlLi0ELi0ELi0EEElEENS9_18transform_iteratorINS2_26per_segment_indexed_out_opINSA_IPKslEENSA_IPslEEEENSG_IlnLi0ELi0ELi0EEEEENS1_6params13uniform_paramIlLl0ELl268435456EEENSU_IlLl1ELl8388608EEENSU_IlLl1ELl1EEEPljPyNS1_21identity_decomposer_tEjjLi7EEEvT1_T2_T3_T4_T5_T6_T7_T8_PKT9_PNS6_7counterINS8_3std3__415iterator_traitsINS1F_IS11_vE10value_typeEvE10value_typeET12_T13_EEPS1K_PS1J_PNS1F_INS1F_IS13_vE10value_typeEvE10value_typeES1P_S1U_S1K_S1K_T10_iibT11_' for 'sm_100'
ptxas info    : Function properties for _ZN3cub17_V_300500_SM_10006detail12batched_topk35device_segmented_topk_filter_kernelINS2_26policy_selector_from_typesIislLl8388608EEELNS1_4topk6selectE0EN4cuda3__417constant_iteratorIPKilEENSA_IPilEENSA_INS9_17counting_iteratorIjlLi0ELi0ELi0EEElEENS9_18transform_iteratorINS2_26per_segment_indexed_out_opINSA_IPKslEENSA_IPslEEEENSG_IlnLi0ELi0ELi0EEEEENS1_6params13uniform_paramIlLl0ELl268435456EEENSU_IlLl1ELl8388608EEENSU_IlLl1ELl1EEEPljPyNS1_21identity_decomposer_tEjjLi7EEEvT1_T2_T3_T4_T5_T6_T7_T8_PKT9_PNS6_7counterINS8_3std3__415iterator_traitsINS1F_IS11_vE10value_typeEvE10value_typeET12_T13_EEPS1K_PS1J_PNS1F_INS1F_IS13_vE10value_typeEvE10value_typeES1P_S1U_S1K_S1K_T10_iibT11_
    0 bytes stack frame, 0 bytes spill stores, 0 bytes spill loads
ptxas info    : Used 40 registers, used 1 barriers, 8196 bytes smem
ptxas info    : Compile time = 25.760 ms
ptxas info    : Compiling entry function '_ZN3cub17_V_300500_SM_10006detail12batched_topk35device_segmented_topk_filter_kernelINS2_26policy_selector_from_typesIislLl8388608EEELNS1_4topk6selectE0EN4cuda3__417constant_iteratorIPKilEENSA_IPilEENSA_INS9_17counting_iteratorIjlLi0ELi0ELi0EEElEENS9_18transform_iteratorINS2_26per_segment_indexed_out_opINSA_IPKslEENSA_IPslEEEENSG_IlnLi0ELi0ELi0EEEEENS1_6params13uniform_paramIlLl0ELl268435456EEENSU_IlLl1ELl8388608EEENSU_IlLl1ELl1EEEPljPyNS1_21identity_decomposer_tEjjLi6EEEvT1_T2_T3_T4_T5_T6_T7_T8_PKT9_PNS6_7counterINS8_3std3__415iterator_traitsINS1F_IS11_vE10value_typeEvE10value_typeET12_T13_EEPS1K_PS1J_PNS1F_INS1F_IS13_vE10value_typeEvE10value_typeES1P_S1U_S1K_S1K_T10_iibT11_' for 'sm_100'
ptxas info    : Function properties for _ZN3cub17_V_300500_SM_10006detail12batched_topk35device_segmented_topk_filter_kernelINS2_26policy_selector_from_typesIislLl8388608EEELNS1_4topk6selectE0EN4cuda3__417constant_iteratorIPKilEENSA_IPilEENSA_INS9_17counting_iteratorIjlLi0ELi0ELi0EEElEENS9_18transform_iteratorINS2_26per_segment_indexed_out_opINSA_IPKslEENSA_IPslEEEENSG_IlnLi0ELi0ELi0EEEEENS1_6params13uniform_paramIlLl0ELl268435456EEENSU_IlLl1ELl8388608EEENSU_IlLl1ELl1EEEPljPyNS1_21identity_decomposer_tEjjLi6EEEvT1_T2_T3_T4_T5_T6_T7_T8_PKT9_PNS6_7counterINS8_3std3__415iterator_traitsINS1F_IS11_vE10value_typeEvE10value_typeET12_T13_EEPS1K_PS1J_PNS1F_INS1F_IS13_vE10value_typeEvE10value_typeES1P_S1U_S1K_S1K_T10_iibT11_
    0 bytes stack frame, 0 bytes spill stores, 0 bytes spill loads
ptxas info    : Used 40 registers, used 1 barriers, 8196 bytes smem
ptxas info    : Compile time = 25.999 ms
ptxas info    : Compiling entry function '_ZN3cub17_V_300500_SM_10006detail12batched_topk35device_segmented_topk_filter_kernelINS2_26policy_selector_from_typesIislLl8388608EEELNS1_4topk6selectE0EN4cuda3__417constant_iteratorIPKilEENSA_IPilEENSA_INS9_17counting_iteratorIjlLi0ELi0ELi0EEElEENS9_18transform_iteratorINS2_26per_segment_indexed_out_opINSA_IPKslEENSA_IPslEEEENSG_IlnLi0ELi0ELi0EEEEENS1_6params13uniform_paramIlLl0ELl268435456EEENSU_IlLl1ELl8388608EEENSU_IlLl1ELl1EEEPljPyNS1_21identity_decomposer_tEjjLi5EEEvT1_T2_T3_T4_T5_T6_T7_T8_PKT9_PNS6_7counterINS8_3std3__415iterator_traitsINS1F_IS11_vE10value_typeEvE10value_typeET12_T13_EEPS1K_PS1J_PNS1F_INS1F_IS13_vE10value_typeEvE10value_typeES1P_S1U_S1K_S1K_T10_iibT11_' for 'sm_100'
ptxas info    : Function properties for _ZN3cub17_V_300500_SM_10006detail12batched_topk35device_segmented_topk_filter_kernelINS2_26policy_selector_from_typesIislLl8388608EEELNS1_4topk6selectE0EN4cuda3__417constant_iteratorIPKilEENSA_IPilEENSA_INS9_17counting_iteratorIjlLi0ELi0ELi0EEElEENS9_18transform_iteratorINS2_26per_segment_indexed_out_opINSA_IPKslEENSA_IPslEEEENSG_IlnLi0ELi0ELi0EEEEENS1_6params13uniform_paramIlLl0ELl268435456EEENSU_IlLl1ELl8388608EEENSU_IlLl1ELl1EEEPljPyNS1_21identity_decomposer_tEjjLi5EEEvT1_T2_T3_T4_T5_T6_T7_T8_PKT9_PNS6_7counterINS8_3std3__415iterator_traitsINS1F_IS11_vE10value_typeEvE10value_typeET12_T13_EEPS1K_PS1J_PNS1F_INS1F_IS13_vE10value_typeEvE10value_typeES1P_S1U_S1K_S1K_T10_iibT11_
    0 bytes stack frame, 0 bytes spill stores, 0 bytes spill loads
ptxas info    : Used 40 registers, used 1 barriers, 8196 bytes smem
ptxas info    : Compile time = 25.741 ms
ptxas info    : Compiling entry function '_ZN3cub17_V_300500_SM_10006detail12batched_topk35device_segmented_topk_filter_kernelINS2_26policy_selector_from_typesIislLl8388608EEELNS1_4topk6selectE0EN4cuda3__417constant_iteratorIPKilEENSA_IPilEENSA_INS9_17counting_iteratorIjlLi0ELi0ELi0EEElEENS9_18transform_iteratorINS2_26per_segment_indexed_out_opINSA_IPKslEENSA_IPslEEEENSG_IlnLi0ELi0ELi0EEEEENS1_6params13uniform_paramIlLl0ELl268435456EEENSU_IlLl1ELl8388608EEENSU_IlLl1ELl1EEEPljPyNS1_21identity_decomposer_tEjjLi4EEEvT1_T2_T3_T4_T5_T6_T7_T8_PKT9_PNS6_7counterINS8_3std3__415iterator_traitsINS1F_IS11_vE10value_typeEvE10value_typeET12_T13_EEPS1K_PS1J_PNS1F_INS1F_IS13_vE10value_typeEvE10value_typeES1P_S1U_S1K_S1K_T10_iibT11_' for 'sm_100'
ptxas info    : Function properties for _ZN3cub17_V_300500_SM_10006detail12batched_topk35device_segmented_topk_filter_kernelINS2_26policy_selector_from_typesIislLl8388608EEELNS1_4topk6selectE0EN4cuda3__417constant_iteratorIPKilEENSA_IPilEENSA_INS9_17counting_iteratorIjlLi0ELi0ELi0EEElEENS9_18transform_iteratorINS2_26per_segment_indexed_out_opINSA_IPKslEENSA_IPslEEEENSG_IlnLi0ELi0ELi0EEEEENS1_6params13uniform_paramIlLl0ELl268435456EEENSU_IlLl1ELl8388608EEENSU_IlLl1ELl1EEEPljPyNS1_21identity_decomposer_tEjjLi4EEEvT1_T2_T3_T4_T5_T6_T7_T8_PKT9_PNS6_7counterINS8_3std3__415iterator_traitsINS1F_IS11_vE10value_typeEvE10value_typeET12_T13_EEPS1K_PS1J_PNS1F_INS1F_IS13_vE10value_typeEvE10value_typeES1P_S1U_S1K_S1K_T10_iibT11_
    0 bytes stack frame, 0 bytes spill stores, 0 bytes spill loads
ptxas info    : Used 40 registers, used 1 barriers, 8196 bytes smem
ptxas info    : Compile time = 25.728 ms
ptxas info    : Compiling entry function '_ZN3cub17_V_300500_SM_10006detail12batched_topk35device_segmented_topk_filter_kernelINS2_26policy_selector_from_typesIislLl8388608EEELNS1_4topk6selectE0EN4cuda3__417constant_iteratorIPKilEENSA_IPilEENSA_INS9_17counting_iteratorIjlLi0ELi0ELi0EEElEENS9_18transform_iteratorINS2_26per_segment_indexed_out_opINSA_IPKslEENSA_IPslEEEENSG_IlnLi0ELi0ELi0EEEEENS1_6params13uniform_paramIlLl0ELl268435456EEENSU_IlLl1ELl8388608EEENSU_IlLl1ELl1EEEPljPyNS1_21identity_decomposer_tEjjLi3EEEvT1_T2_T3_T4_T5_T6_T7_T8_PKT9_PNS6_7counterINS8_3std3__415iterator_traitsINS1F_IS11_vE10value_typeEvE10value_typeET12_T13_EEPS1K_PS1J_PNS1F_INS1F_IS13_vE10value_typeEvE10value_typeES1P_S1U_S1K_S1K_T10_iibT11_' for 'sm_100'
ptxas info    : Function properties for _ZN3cub17_V_300500_SM_10006detail12batched_topk35device_segmented_topk_filter_kernelINS2_26policy_selector_from_typesIislLl8388608EEELNS1_4topk6selectE0EN4cuda3__417constant_iteratorIPKilEENSA_IPilEENSA_INS9_17counting_iteratorIjlLi0ELi0ELi0EEElEENS9_18transform_iteratorINS2_26per_segment_indexed_out_opINSA_IPKslEENSA_IPslEEEENSG_IlnLi0ELi0ELi0EEEEENS1_6params13uniform_paramIlLl0ELl268435456EEENSU_IlLl1ELl8388608EEENSU_IlLl1ELl1EEEPljPyNS1_21identity_decomposer_tEjjLi3EEEvT1_T2_T3_T4_T5_T6_T7_T8_PKT9_PNS6_7counterINS8_3std3__415iterator_traitsINS1F_IS11_vE10value_typeEvE10value_typeET12_T13_EEPS1K_PS1J_PNS1F_INS1F_IS13_vE10value_typeEvE10value_typeES1P_S1U_S1K_S1K_T10_iibT11_
    0 bytes stack frame, 0 bytes spill stores, 0 bytes spill loads
ptxas info    : Used 40 registers, used 1 barriers, 8196 bytes smem
ptxas info    : Compile time = 25.741 ms
ptxas info    : Compiling entry function '_ZN3cub17_V_300500_SM_10006detail12batched_topk35device_segmented_topk_filter_kernelINS2_26policy_selector_from_typesIislLl8388608EEELNS1_4topk6selectE0EN4cuda3__417constant_iteratorIPKilEENSA_IPilEENSA_INS9_17counting_iteratorIjlLi0ELi0ELi0EEElEENS9_18transform_iteratorINS2_26per_segment_indexed_out_opINSA_IPKslEENSA_IPslEEEENSG_IlnLi0ELi0ELi0EEEEENS1_6params13uniform_paramIlLl0ELl268435456EEENSU_IlLl1ELl8388608EEENSU_IlLl1ELl1EEEPljPyNS1_21identity_decomposer_tEjjLi2EEEvT1_T2_T3_T4_T5_T6_T7_T8_PKT9_PNS6_7counterINS8_3std3__415iterator_traitsINS1F_IS11_vE10value_typeEvE10value_typeET12_T13_EEPS1K_PS1J_PNS1F_INS1F_IS13_vE10value_typeEvE10value_typeES1P_S1U_S1K_S1K_T10_iibT11_' for 'sm_100'
ptxas info    : Function properties for _ZN3cub17_V_300500_SM_10006detail12batched_topk35device_segmented_topk_filter_kernelINS2_26policy_selector_from_typesIislLl8388608EEELNS1_4topk6selectE0EN4cuda3__417constant_iteratorIPKilEENSA_IPilEENSA_INS9_17counting_iteratorIjlLi0ELi0ELi0EEElEENS9_18transform_iteratorINS2_26per_segment_indexed_out_opINSA_IPKslEENSA_IPslEEEENSG_IlnLi0ELi0ELi0EEEEENS1_6params13uniform_paramIlLl0ELl268435456EEENSU_IlLl1ELl8388608EEENSU_IlLl1ELl1EEEPljPyNS1_21identity_decomposer_tEjjLi2EEEvT1_T2_T3_T4_T5_T6_T7_T8_PKT9_PNS6_7counterINS8_3std3__415iterator_traitsINS1F_IS11_vE10value_typeEvE10value_typeET12_T13_EEPS1K_PS1J_PNS1F_INS1F_IS13_vE10value_typeEvE10value_typeES1P_S1U_S1K_S1K_T10_iibT11_
    0 bytes stack frame, 0 bytes spill stores, 0 bytes spill loads
ptxas info    : Used 40 registers, used 1 barriers, 8196 bytes smem
ptxas info    : Compile time = 26.564 ms
ptxas info    : Compiling entry function '_ZN3cub17_V_300500_SM_10006detail12batched_topk35device_segmented_topk_filter_kernelINS2_26policy_selector_from_typesIislLl8388608EEELNS1_4topk6selectE0EN4cuda3__417constant_iteratorIPKilEENSA_IPilEENSA_INS9_17counting_iteratorIjlLi0ELi0ELi0EEElEENS9_18transform_iteratorINS2_26per_segment_indexed_out_opINSA_IPKslEENSA_IPslEEEENSG_IlnLi0ELi0ELi0EEEEENS1_6params13uniform_paramIlLl0ELl268435456EEENSU_IlLl1ELl8388608EEENSU_IlLl1ELl1EEEPljPyNS1_21identity_decomposer_tEjjLi0EEEvT1_T2_T3_T4_T5_T6_T7_T8_PKT9_PNS6_7counterINS8_3std3__415iterator_traitsINS1F_IS11_vE10value_typeEvE10value_typeET12_T13_EEPS1K_PS1J_PNS1F_INS1F_IS13_vE10value_typeEvE10value_typeES1P_S1U_S1K_S1K_T10_iibT11_' for 'sm_100'
ptxas info    : Function properties for _ZN3cub17_V_300500_SM_10006detail12batched_topk35device_segmented_topk_filter_kernelINS2_26policy_selector_from_typesIislLl8388608EEELNS1_4topk6selectE0EN4cuda3__417constant_iteratorIPKilEENSA_IPilEENSA_INS9_17counting_iteratorIjlLi0ELi0ELi0EEElEENS9_18transform_iteratorINS2_26per_segment_indexed_out_opINSA_IPKslEENSA_IPslEEEENSG_IlnLi0ELi0ELi0EEEEENS1_6params13uniform_paramIlLl0ELl268435456EEENSU_IlLl1ELl8388608EEENSU_IlLl1ELl1EEEPljPyNS1_21identity_decomposer_tEjjLi0EEEvT1_T2_T3_T4_T5_T6_T7_T8_PKT9_PNS6_7counterINS8_3std3__415iterator_traitsINS1F_IS11_vE10value_typeEvE10value_typeET12_T13_EEPS1K_PS1J_PNS1F_INS1F_IS13_vE10value_typeEvE10value_typeES1P_S1U_S1K_S1K_T10_iibT11_
    0 bytes stack frame, 0 bytes spill stores, 0 bytes spill loads
ptxas info    : Used 23 registers, used 1 barriers, 8196 bytes smem
ptxas info    : Compile time = 7.911 ms
ptxas info    : Compiling entry function '_ZN3cub17_V_300500_SM_10006detail12batched_topk35device_segmented_topk_filter_kernelINS2_26policy_selector_from_typesIislLl8388608EEELNS1_4topk6selectE0EN4cuda3__417constant_iteratorIPKilEENSA_IPilEENSA_INS9_17counting_iteratorIjlLi0ELi0ELi0EEElEENS9_18transform_iteratorINS2_26per_segment_indexed_out_opINSA_IPKslEENSA_IPslEEEENSG_IlnLi0ELi0ELi0EEEEENS1_6params13uniform_paramIlLl0ELl268435456EEENSU_IlLl1ELl8388608EEENSU_IlLl1ELl1EEEPljPyNS1_21identity_decomposer_tEjjLi1EEEvT1_T2_T3_T4_T5_T6_T7_T8_PKT9_PNS6_7counterINS8_3std3__415iterator_traitsINS1F_IS11_vE10value_typeEvE10value_typeET12_T13_EEPS1K_PS1J_PNS1F_INS1F_IS13_vE10value_typeEvE10value_typeES1P_S1U_S1K_S1K_T10_iibT11_' for 'sm_100'
ptxas info    : Function properties for _ZN3cub17_V_300500_SM_10006detail12batched_topk35device_segmented_topk_filter_kernelINS2_26policy_selector_from_typesIislLl8388608EEELNS1_4topk6selectE0EN4cuda3__417constant_iteratorIPKilEENSA_IPilEENSA_INS9_17counting_iteratorIjlLi0ELi0ELi0EEElEENS9_18transform_iteratorINS2_26per_segment_indexed_out_opINSA_IPKslEENSA_IPslEEEENSG_IlnLi0ELi0ELi0EEEEENS1_6params13uniform_paramIlLl0ELl268435456EEENSU_IlLl1ELl8388608EEENSU_IlLl1ELl1EEEPljPyNS1_21identity_decomposer_tEjjLi1EEEvT1_T2_T3_T4_T5_T6_T7_T8_PKT9_PNS6_7counterINS8_3std3__415iterator_traitsINS1F_IS11_vE10value_typeEvE10value_typeET12_T13_EEPS1K_PS1J_PNS1F_INS1F_IS13_vE10value_typeEvE10value_typeES1P_S1U_S1K_S1K_T10_iibT11_
    0 bytes stack frame, 0 bytes spill stores, 0 bytes spill loads
ptxas info    : Used 40 registers, used 1 barriers, 8196 bytes smem
ptxas info    : Compile time = 26.469 ms
ptxas info    : Compiling entry function '_ZN3cub17_V_300500_SM_10006detail12batched_topk47device_segmented_topk_finalize_histogram_kernelINS2_26policy_selector_from_typesIislLl8388608EEEN4cuda3__417constant_iteratorIPKilEENS1_6params13uniform_paramIlLl0ELl268435456EEENSD_IlLl1ELl8388608EEENSD_IlLl1ELl1EEEPlPyNS1_4topk16extract_bin_op_tIiLNSJ_6selectE0ELi11ENS1_21identity_decomposer_tELb1EEEjjiEEvT0_T1_T2_T3_T4_PNSJ_7counterIT9_T7_T8_EEPSV_T5_T6_ib' for 'sm_100'
ptxas info    : Function properties for _ZN3cub17_V_300500_SM_10006detail12batched_topk47device_segmented_topk_finalize_histogram_kernelINS2_26policy_selector_from_typesIislLl8388608EEEN4cuda3__417constant_iteratorIPKilEENS1_6params13uniform_paramIlLl0ELl268435456EEENSD_IlLl1ELl8388608EEENSD_IlLl1ELl1EEEPlPyNS1_4topk16extract_bin_op_tIiLNSJ_6selectE0ELi11ENS1_21identity_decomposer_tELb1EEEjjiEEvT0_T1_T2_T3_T4_PNSJ_7counterIT9_T7_T8_EEPSV_T5_T6_ib
    0 bytes stack frame, 0 bytes spill stores, 0 bytes spill loads
ptxas info    : Used 32 registers, used 1 barriers, 8192 bytes smem
ptxas info    : Compile time = 9.578 ms
ptxas info    : Compiling entry function '_ZN3cub17_V_300500_SM_10006detail12batched_topk38device_segmented_topk_histogram_kernelINS2_26policy_selector_from_typesIislLl8388608EEEN4cuda3__417constant_iteratorIPKilEENS1_6params13uniform_paramIlLl0ELl268435456EEENSD_IlLl1ELl8388608EEENSD_IlLl1ELl1EEEPljPyNS1_4topk16extract_bin_op_tIiLNSJ_6selectE0ELi11ENS1_21identity_decomposer_tELb1EEEjjjEEvT0_T1_T2_T3_T4_PKT5_PNSJ_7counterINS6_3std3__415iterator_traitsINSZ_ISO_vE10value_typeEvE10value_typeET8_T9_EEPS14_T6_T7_' for 'sm_100'
ptxas info    : Function properties for _ZN3cub17_V_300500_SM_10006detail12batched_topk38device_segmented_topk_histogram_kernelINS2_26policy_selector_from_typesIislLl8388608EEEN4cuda3__417constant_iteratorIPKilEENS1_6params13uniform_paramIlLl0ELl268435456EEENSD_IlLl1ELl8388608EEENSD_IlLl1ELl1EEEPljPyNS1_4topk16extract_bin_op_tIiLNSJ_6selectE0ELi11ENS1_21identity_decomposer_tELb1EEEjjjEEvT0_T1_T2_T3_T4_PKT5_PNSJ_7counterINS6_3std3__415iterator_traitsINSZ_ISO_vE10value_typeEvE10value_typeET8_T9_EEPS14_T6_T7_
    0 bytes stack frame, 0 bytes spill stores, 0 bytes spill loads
ptxas info    : Used 30 registers, used 1 barriers, 8240 bytes smem
ptxas info    : Compile time = 23.435 ms
ptxas info    : Compiling entry function '_ZN3cub17_V_300500_SM_10006detail12batched_topk28device_segmented_topk_kernelINS2_26policy_selector_from_typesIislLl8388608EEEN4cuda3__417constant_iteratorIPKilEENS8_IPilEENS8_IPKslEENS8_IPslEENS1_6params13uniform_paramIlLl0ELl268435456EEENSK_IlLl1ELl8388608EEENSJ_22uniform_discrete_paramINS1_4topk6selectEJLSP_1EEEENSK_IlLl1ELl1EEEjEEvT0_T1_T2_T3_T4_T5_T6_T7_PNS2_21batched_topk_countersINSZ_10value_typeEEEPS11_PT8_' for 'sm_100'
ptxas info    : Function properties for _ZN3cub17_V_300500_SM_10006detail12batched_topk28device_segmented_topk_kernelINS2_26policy_selector_from_typesIislLl8388608EEEN4cuda3__417constant_iteratorIPKilEENS8_IPilEENS8_IPKslEENS8_IPslEENS1_6params13uniform_paramIlLl0ELl268435456EEENSK_IlLl1ELl8388608EEENSJ_22uniform_discrete_paramINS1_4topk6selectEJLSP_1EEEENSK_IlLl1ELl1EEEjEEvT0_T1_T2_T3_T4_T5_T6_T7_PNS2_21batched_topk_countersINSZ_10value_typeEEEPS11_PT8_
    56 bytes stack frame, 52 bytes spill stores, 52 bytes spill loads
ptxas info    : Used 255 registers, used 1 barriers, 56 bytes cumulative stack size, 33808 bytes smem
ptxas info    : Compile time = 127.092 ms
ptxas info    : Compiling entry function '_ZN3cub17_V_300500_SM_10006detail12batched_topk44device_segmented_topk_finalize_filter_kernelINS2_26policy_selector_from_typesIialLl8388608EEELNS1_4topk6selectE1EN4cuda3__417constant_iteratorIPKilEENSA_IPilEENSA_INS9_17counting_iteratorIjlLi0ELi0ELi0EEElEENS9_18transform_iteratorINS2_26per_segment_indexed_out_opINSA_IPKalEENSA_IPalEEEENSG_IlnLi0ELi0ELi0EEEEENS1_6params13uniform_paramIlLl0ELl268435456EEENSU_IlLl1ELl8388608EEENSU_IlLl1ELl1EEEPljPyNS1_21identity_decomposer_tEjjiEEvT1_T2_T3_T4_T5_T6_T7_T8_PKT9_PNS6_7counterIT14_T12_T13_EEPS1E_PS1D_PNS8_3std3__415iterator_traitsINS1M_IS13_vE10value_typeEvE10value_typeES1J_S1R_T10_S1E_S1E_iiT11_b' for 'sm_100'
ptxas info    : Function properties for _ZN3cub17_V_300500_SM_10006detail12batched_topk44device_segmented_topk_finalize_filter_kernelINS2_26policy_selector_from_typesIialLl8388608EEELNS1_4topk6selectE1EN4cuda3__417constant_iteratorIPKilEENSA_IPilEENSA_INS9_17counting_iteratorIjlLi0ELi0ELi0EEElEENS9_18transform_iteratorINS2_26per_segment_indexed_out_opINSA_IPKalEENSA_IPalEEEENSG_IlnLi0ELi0ELi0EEEEENS1_6params13uniform_paramIlLl0ELl268435456EEENSU_IlLl1ELl8388608EEENSU_IlLl1ELl1EEEPljPyNS1_21identity_decomposer_tEjjiEEvT1_T2_T3_T4_T5_T6_T7_T8_PKT9_PNS6_7counterIT14_T12_T13_EEPS1E_PS1D_PNS8_3std3__415iterator_traitsINS1M_IS13_vE10value_typeEvE10value_typeES1J_S1R_T10_S1E_S1E_iiT11_b
    0 bytes stack frame, 0 bytes spill stores, 0 bytes spill loads
ptxas info    : Used 52 registers, used 1 barriers, 8208 bytes smem
ptxas info    : Compile time = 32.220 ms
ptxas info    : Compiling entry function '_ZN3cub17_V_300500_SM_10006detail12batched_topk40device_segmented_topk_last_filter_kernelINS2_26policy_selector_from_typesIialLl8388608EEELNS1_4topk6selectE1EN4cuda3__417constant_iteratorIPKilEENSA_IPilEENSA_INS9_17counting_iteratorIjlLi0ELi0ELi0EEElEENS9_18transform_iteratorINS2_26per_segment_indexed_out_opINSA_IPKalEENSA_IPalEEEENSG_IlnLi0ELi0ELi0EEEEENS1_6params13uniform_paramIlLl0ELl268435456EEENSU_IlLl1ELl8388608EEENSU_IlLl1ELl1EEEPljPyNS1_21identity_decomposer_tEjjEEvT1_T2_T3_T4_T5_T6_T7_T8_PKT9_PNS6_7counterINS8_3std3__415iterator_traitsINS1F_IS11_vE10value_typeEvE10value_typeET12_T13_EEPS1J_PNS1F_INS1F_IS13_vE10value_typeEvE10value_typeES1K_T10_iiT11_' for 'sm_100'
ptxas info    : Function properties for _ZN3cub17_V_300500_SM_10006detail12batched_topk40device_segmented_topk_last_filter_kernelINS2_26policy_selector_from_typesIialLl8388608EEELNS1_4topk6selectE1EN4cuda3__417constant_iteratorIPKilEENSA_IPilEENSA_INS9_17counting_iteratorIjlLi0ELi0ELi0EEElEENS9_18transform_iteratorINS2_26per_segment_indexed_out_opINSA_IPKalEENSA_IPalEEEENSG_IlnLi0ELi0ELi0EEEEENS1_6params13uniform_paramIlLl0ELl268435456EEENSU_IlLl1ELl8388608EEENSU_IlLl1ELl1EEEPljPyNS1_21identity_decomposer_tEjjEEvT1_T2_T3_T4_T5_T6_T7_T8_PKT9_PNS6_7counterINS8_3std3__415iterator_traitsINS1F_IS11_vE10value_typeEvE10value_typeET12_T13_EEPS1J_PNS1F_INS1F_IS13_vE10value_typeEvE10value_typeES1K_T10_iiT11_
    8 bytes stack frame, 8 bytes spill stores, 24 bytes spill loads
ptxas info    : Used 40 registers, used 1 barriers, 8 bytes cumulative stack size
ptxas info    : Compile time = 144.315 ms
ptxas info    : Compiling entry function '_ZN3cub17_V_300500_SM_10006detail12batched_topk35device_segmented_topk_filter_kernelINS2_26policy_selector_from_typesIialLl8388608EEELNS1_4topk6selectE1EN4cuda3__417constant_iteratorIPKilEENSA_IPilEENSA_INS9_17counting_iteratorIjlLi0ELi0ELi0EEElEENS9_18transform_iteratorINS2_26per_segment_indexed_out_opINSA_IPKalEENSA_IPalEEEENSG_IlnLi0ELi0ELi0EEEEENS1_6params13uniform_paramIlLl0ELl268435456EEENSU_IlLl1ELl8388608EEENSU_IlLl1ELl1EEEPljPyNS1_21identity_decomposer_tEjjLi7EEEvT1_T2_T3_T4_T5_T6_T7_T8_PKT9_PNS6_7counterINS8_3std3__415iterator_traitsINS1F_IS11_vE10value_typeEvE10value_typeET12_T13_EEPS1K_PS1J_PNS1F_INS1F_IS13_vE10value_typeEvE10value_typeES1P_S1U_S1K_S1K_T10_iibT11_' for 'sm_100'
ptxas info    : Function properties for _ZN3cub17_V_300500_SM_10006detail12batched_topk35device_segmented_topk_filter_kernelINS2_26policy_selector_from_typesIialLl8388608EEELNS1_4topk6selectE1EN4cuda3__417constant_iteratorIPKilEENSA_IPilEENSA_INS9_17counting_iteratorIjlLi0ELi0ELi0EEElEENS9_18transform_iteratorINS2_26per_segment_indexed_out_opINSA_IPKalEENSA_IPalEEEENSG_IlnLi0ELi0ELi0EEEEENS1_6params13uniform_paramIlLl0ELl268435456EEENSU_IlLl1ELl8388608EEENSU_IlLl1ELl1EEEPljPyNS1_21identity_decomposer_tEjjLi7EEEvT1_T2_T3_T4_T5_T6_T7_T8_PKT9_PNS6_7counterINS8_3std3__415iterator_traitsINS1F_IS11_vE10value_typeEvE10value_typeET12_T13_EEPS1K_PS1J_PNS1F_INS1F_IS13_vE10value_typeEvE10value_typeES1P_S1U_S1K_S1K_T10_iibT11_
    0 bytes stack frame, 0 bytes spill stores, 0 bytes spill loads
ptxas info    : Used 40 registers, used 1 barriers, 8196 bytes smem
ptxas info    : Compile time = 26.223 ms
ptxas info    : Compiling entry function '_ZN3cub17_V_300500_SM_10006detail12batched_topk35device_segmented_topk_filter_kernelINS2_26policy_selector_from_typesIialLl8388608EEELNS1_4topk6selectE1EN4cuda3__417constant_iteratorIPKilEENSA_IPilEENSA_INS9_17counting_iteratorIjlLi0ELi0ELi0EEElEENS9_18transform_iteratorINS2_26per_segment_indexed_out_opINSA_IPKalEENSA_IPalEEEENSG_IlnLi0ELi0ELi0EEEEENS1_6params13uniform_paramIlLl0ELl268435456EEENSU_IlLl1ELl8388608EEENSU_IlLl1ELl1EEEPljPyNS1_21identity_decomposer_tEjjLi6EEEvT1_T2_T3_T4_T5_T6_T7_T8_PKT9_PNS6_7counterINS8_3std3__415iterator_traitsINS1F_IS11_vE10value_typeEvE10value_typeET12_T13_EEPS1K_PS1J_PNS1F_INS1F_IS13_vE10value_typeEvE10value_typeES1P_S1U_S1K_S1K_T10_iibT11_' for 'sm_100'
ptxas info    : Function properties for _ZN3cub17_V_300500_SM_10006detail12batched_topk35device_segmented_topk_filter_kernelINS2_26policy_selector_from_typesIialLl8388608EEELNS1_4topk6selectE1EN4cuda3__417constant_iteratorIPKilEENSA_IPilEENSA_INS9_17counting_iteratorIjlLi0ELi0ELi0EEElEENS9_18transform_iteratorINS2_26per_segment_indexed_out_opINSA_IPKalEENSA_IPalEEEENSG_IlnLi0ELi0ELi0EEEEENS1_6params13uniform_paramIlLl0ELl268435456EEENSU_IlLl1ELl8388608EEENSU_IlLl1ELl1EEEPljPyNS1_21identity_decomposer_tEjjLi6EEEvT1_T2_T3_T4_T5_T6_T7_T8_PKT9_PNS6_7counterINS8_3std3__415iterator_traitsINS1F_IS11_vE10value_typeEvE10value_typeET12_T13_EEPS1K_PS1J_PNS1F_INS1F_IS13_vE10value_typeEvE10value_typeES1P_S1U_S1K_S1K_T10_iibT11_
    0 bytes stack frame, 0 bytes spill stores, 0 bytes spill loads
ptxas info    : Used 40 registers, used 1 barriers, 8196 bytes smem
ptxas info    : Compile time = 26.594 ms
ptxas info    : Compiling entry function '_ZN3cub17_V_300500_SM_10006detail12batched_topk35device_segmented_topk_filter_kernelINS2_26policy_selector_from_typesIialLl8388608EEELNS1_4topk6selectE1EN4cuda3__417constant_iteratorIPKilEENSA_IPilEENSA_INS9_17counting_iteratorIjlLi0ELi0ELi0EEElEENS9_18transform_iteratorINS2_26per_segment_indexed_out_opINSA_IPKalEENSA_IPalEEEENSG_IlnLi0ELi0ELi0EEEEENS1_6params13uniform_paramIlLl0ELl268435456EEENSU_IlLl1ELl8388608EEENSU_IlLl1ELl1EEEPljPyNS1_21identity_decomposer_tEjjLi5EEEvT1_T2_T3_T4_T5_T6_T7_T8_PKT9_PNS6_7counterINS8_3std3__415iterator_traitsINS1F_IS11_vE10value_typeEvE10value_typeET12_T13_EEPS1K_PS1J_PNS1F_INS1F_IS13_vE10value_typeEvE10value_typeES1P_S1U_S1K_S1K_T10_iibT11_' for 'sm_100'
ptxas info    : Function properties for _ZN3cub17_V_300500_SM_10006detail12batched_topk35device_segmented_topk_filter_kernelINS2_26policy_selector_from_typesIialLl8388608EEELNS1_4topk6selectE1EN4cuda3__417constant_iteratorIPKilEENSA_IPilEENSA_INS9_17counting_iteratorIjlLi0ELi0ELi0EEElEENS9_18transform_iteratorINS2_26per_segment_indexed_out_opINSA_IPKalEENSA_IPalEEEENSG_IlnLi0ELi0ELi0EEEEENS1_6params13uniform_paramIlLl0ELl268435456EEENSU_IlLl1ELl8388608EEENSU_IlLl1ELl1EEEPljPyNS1_21identity_decomposer_tEjjLi5EEEvT1_T2_T3_T4_T5_T6_T7_T8_PKT9_PNS6_7counterINS8_3std3__415iterator_traitsINS1F_IS11_vE10value_typeEvE10value_typeET12_T13_EEPS1K_PS1J_PNS1F_INS1F_IS13_vE10value_typeEvE10value_typeES1P_S1U_S1K_S1K_T10_iibT11_
    0 bytes stack frame, 0 bytes spill stores, 0 bytes spill loads
ptxas info    : Used 40 registers, used 1 barriers, 8196 bytes smem
ptxas info    : Compile time = 26.396 ms
ptxas info    : Compiling entry function '_ZN3cub17_V_300500_SM_10006detail12batched_topk35device_segmented_topk_filter_kernelINS2_26policy_selector_from_typesIialLl8388608EEELNS1_4topk6selectE1EN4cuda3__417constant_iteratorIPKilEENSA_IPilEENSA_INS9_17counting_iteratorIjlLi0ELi0ELi0EEElEENS9_18transform_iteratorINS2_26per_segment_indexed_out_opINSA_IPKalEENSA_IPalEEEENSG_IlnLi0ELi0ELi0EEEEENS1_6params13uniform_paramIlLl0ELl268435456EEENSU_IlLl1ELl8388608EEENSU_IlLl1ELl1EEEPljPyNS1_21identity_decomposer_tEjjLi4EEEvT1_T2_T3_T4_T5_T6_T7_T8_PKT9_PNS6_7counterINS8_3std3__415iterator_traitsINS1F_IS11_vE10value_typeEvE10value_typeET12_T13_EEPS1K_PS1J_PNS1F_INS1F_IS13_vE10value_typeEvE10value_typeES1P_S1U_S1K_S1K_T10_iibT11_' for 'sm_100'
ptxas info    : Function properties for _ZN3cub17_V_300500_SM_10006detail12batched_topk35device_segmented_topk_filter_kernelINS2_26policy_selector_from_typesIialLl8388608EEELNS1_4topk6selectE1EN4cuda3__417constant_iteratorIPKilEENSA_IPilEENSA_INS9_17counting_iteratorIjlLi0ELi0ELi0EEElEENS9_18transform_iteratorINS2_26per_segment_indexed_out_opINSA_IPKalEENSA_IPalEEEENSG_IlnLi0ELi0ELi0EEEEENS1_6params13uniform_paramIlLl0ELl268435456EEENSU_IlLl1ELl8388608EEENSU_IlLl1ELl1EEEPljPyNS1_21identity_decomposer_tEjjLi4EEEvT1_T2_T3_T4_T5_T6_T7_T8_PKT9_PNS6_7counterINS8_3std3__415iterator_traitsINS1F_IS11_vE10value_typeEvE10value_typeET12_T13_EEPS1K_PS1J_PNS1F_INS1F_IS13_vE10value_typeEvE10value_typeES1P_S1U_S1K_S1K_T10_iibT11_
    0 bytes stack frame, 0 bytes spill stores, 0 bytes spill loads
ptxas info    : Used 40 registers, used 1 barriers, 8196 bytes smem
ptxas info    : Compile time = 26.280 ms
ptxas info    : Compiling entry function '_ZN3cub17_V_300500_SM_10006detail12batched_topk35device_segmented_topk_filter_kernelINS2_26policy_selector_from_typesIialLl8388608EEELNS1_4topk6selectE1EN4cuda3__417constant_iteratorIPKilEENSA_IPilEENSA_INS9_17counting_iteratorIjlLi0ELi0ELi0EEElEENS9_18transform_iteratorINS2_26per_segment_indexed_out_opINSA_IPKalEENSA_IPalEEEENSG_IlnLi0ELi0ELi0EEEEENS1_6params13uniform_paramIlLl0ELl268435456EEENSU_IlLl1ELl8388608EEENSU_IlLl1ELl1EEEPljPyNS1_21identity_decomposer_tEjjLi3EEEvT1_T2_T3_T4_T5_T6_T7_T8_PKT9_PNS6_7counterINS8_3std3__415iterator_traitsINS1F_IS11_vE10value_typeEvE10value_typeET12_T13_EEPS1K_PS1J_PNS1F_INS1F_IS13_vE10value_typeEvE10value_typeES1P_S1U_S1K_S1K_T10_iibT11_' for 'sm_100'
ptxas info    : Function properties for _ZN3cub17_V_300500_SM_10006detail12batched_topk35device_segmented_topk_filter_kernelINS2_26policy_selector_from_typesIialLl8388608EEELNS1_4topk6selectE1EN4cuda3__417constant_iteratorIPKilEENSA_IPilEENSA_INS9_17counting_iteratorIjlLi0ELi0ELi0EEElEENS9_18transform_iteratorINS2_26per_segment_indexed_out_opINSA_IPKalEENSA_IPalEEEENSG_IlnLi0ELi0ELi0EEEEENS1_6params13uniform_paramIlLl0ELl268435456EEENSU_IlLl1ELl8388608EEENSU_IlLl1ELl1EEEPljPyNS1_21identity_decomposer_tEjjLi3EEEvT1_T2_T3_T4_T5_T6_T7_T8_PKT9_PNS6_7counterINS8_3std3__415iterator_traitsINS1F_IS11_vE10value_typeEvE10value_typeET12_T13_EEPS1K_PS1J_PNS1F_INS1F_IS13_vE10value_typeEvE10value_typeES1P_S1U_S1K_S1K_T10_iibT11_
    0 bytes stack frame, 0 bytes spill stores, 0 bytes spill loads
ptxas info    : Used 40 registers, used 1 barriers, 8196 bytes smem
ptxas info    : Compile time = 26.276 ms
ptxas info    : Compiling entry function '_ZN3cub17_V_300500_SM_10006detail12batched_topk35device_segmented_topk_filter_kernelINS2_26policy_selector_from_typesIialLl8388608EEELNS1_4topk6selectE1EN4cuda3__417constant_iteratorIPKilEENSA_IPilEENSA_INS9_17counting_iteratorIjlLi0ELi0ELi0EEElEENS9_18transform_iteratorINS2_26per_segment_indexed_out_opINSA_IPKalEENSA_IPalEEEENSG_IlnLi0ELi0ELi0EEEEENS1_6params13uniform_paramIlLl0ELl268435456EEENSU_IlLl1ELl8388608EEENSU_IlLl1ELl1EEEPljPyNS1_21identity_decomposer_tEjjLi2EEEvT1_T2_T3_T4_T5_T6_T7_T8_PKT9_PNS6_7counterINS8_3std3__415iterator_traitsINS1F_IS11_vE10value_typeEvE10value_typeET12_T13_EEPS1K_PS1J_PNS1F_INS1F_IS13_vE10value_typeEvE10value_typeES1P_S1U_S1K_S1K_T10_iibT11_' for 'sm_100'
ptxas info    : Function properties for _ZN3cub17_V_300500_SM_10006detail12batched_topk35device_segmented_topk_filter_kernelINS2_26policy_selector_from_typesIialLl8388608EEELNS1_4topk6selectE1EN4cuda3__417constant_iteratorIPKilEENSA_IPilEENSA_INS9_17counting_iteratorIjlLi0ELi0ELi0EEElEENS9_18transform_iteratorINS2_26per_segment_indexed_out_opINSA_IPKalEENSA_IPalEEEENSG_IlnLi0ELi0ELi0EEEEENS1_6params13uniform_paramIlLl0ELl268435456EEENSU_IlLl1ELl8388608EEENSU_IlLl1ELl1EEEPljPyNS1_21identity_decomposer_tEjjLi2EEEvT1_T2_T3_T4_T5_T6_T7_T8_PKT9_PNS6_7counterINS8_3std3__415iterator_traitsINS1F_IS11_vE10value_typeEvE10value_typeET12_T13_EEPS1K_PS1J_PNS1F_INS1F_IS13_vE10value_typeEvE10value_typeES1P_S1U_S1K_S1K_T10_iibT11_
    0 bytes stack frame, 0 bytes spill stores, 0 bytes spill loads
ptxas info    : Used 40 registers, used 1 barriers, 8196 bytes smem
ptxas info    : Compile time = 27.006 ms
ptxas info    : Compiling entry function '_ZN3cub17_V_300500_SM_10006detail12batched_topk35device_segmented_topk_filter_kernelINS2_26policy_selector_from_typesIialLl8388608EEELNS1_4topk6selectE1EN4cuda3__417constant_iteratorIPKilEENSA_IPilEENSA_INS9_17counting_iteratorIjlLi0ELi0ELi0EEElEENS9_18transform_iteratorINS2_26per_segment_indexed_out_opINSA_IPKalEENSA_IPalEEEENSG_IlnLi0ELi0ELi0EEEEENS1_6params13uniform_paramIlLl0ELl268435456EEENSU_IlLl1ELl8388608EEENSU_IlLl1ELl1EEEPljPyNS1_21identity_decomposer_tEjjLi0EEEvT1_T2_T3_T4_T5_T6_T7_T8_PKT9_PNS6_7counterINS8_3std3__415iterator_traitsINS1F_IS11_vE10value_typeEvE10value_typeET12_T13_EEPS1K_PS1J_PNS1F_INS1F_IS13_vE10value_typeEvE10value_typeES1P_S1U_S1K_S1K_T10_iibT11_' for 'sm_100'
ptxas info    : Function properties for _ZN3cub17_V_300500_SM_10006detail12batched_topk35device_segmented_topk_filter_kernelINS2_26policy_selector_from_typesIialLl8388608EEELNS1_4topk6selectE1EN4cuda3__417constant_iteratorIPKilEENSA_IPilEENSA_INS9_17counting_iteratorIjlLi0ELi0ELi0EEElEENS9_18transform_iteratorINS2_26per_segment_indexed_out_opINSA_IPKalEENSA_IPalEEEENSG_IlnLi0ELi0ELi0EEEEENS1_6params13uniform_paramIlLl0ELl268435456EEENSU_IlLl1ELl8388608EEENSU_IlLl1ELl1EEEPljPyNS1_21identity_decomposer_tEjjLi0EEEvT1_T2_T3_T4_T5_T6_T7_T8_PKT9_PNS6_7counterINS8_3std3__415iterator_traitsINS1F_IS11_vE10value_typeEvE10value_typeET12_T13_EEPS1K_PS1J_PNS1F_INS1F_IS13_vE10value_typeEvE10value_typeES1P_S1U_S1K_S1K_T10_iibT11_
    0 bytes stack frame, 0 bytes spill stores, 0 bytes spill loads
ptxas info    : Used 23 registers, used 1 barriers, 8196 bytes smem
ptxas info    : Compile time = 7.920 ms
ptxas info    : Compiling entry function '_ZN3cub17_V_300500_SM_10006detail12batched_topk35device_segmented_topk_filter_kernelINS2_26policy_selector_from_typesIialLl8388608EEELNS1_4topk6selectE1EN4cuda3__417constant_iteratorIPKilEENSA_IPilEENSA_INS9_17counting_iteratorIjlLi0ELi0ELi0EEElEENS9_18transform_iteratorINS2_26per_segment_indexed_out_opINSA_IPKalEENSA_IPalEEEENSG_IlnLi0ELi0ELi0EEEEENS1_6params13uniform_paramIlLl0ELl268435456EEENSU_IlLl1ELl8388608EEENSU_IlLl1ELl1EEEPljPyNS1_21identity_decomposer_tEjjLi1EEEvT1_T2_T3_T4_T5_T6_T7_T8_PKT9_PNS6_7counterINS8_3std3__415iterator_traitsINS1F_IS11_vE10value_typeEvE10value_typeET12_T13_EEPS1K_PS1J_PNS1F_INS1F_IS13_vE10value_typeEvE10value_typeES1P_S1U_S1K_S1K_T10_iibT11_' for 'sm_100'
ptxas info    : Function properties for _ZN3cub17_V_300500_SM_10006detail12batched_topk35device_segmented_topk_filter_kernelINS2_26policy_selector_from_typesIialLl8388608EEELNS1_4topk6selectE1EN4cuda3__417constant_iteratorIPKilEENSA_IPilEENSA_INS9_17counting_iteratorIjlLi0ELi0ELi0EEElEENS9_18transform_iteratorINS2_26per_segment_indexed_out_opINSA_IPKalEENSA_IPalEEEENSG_IlnLi0ELi0ELi0EEEEENS1_6params13uniform_paramIlLl0ELl268435456EEENSU_IlLl1ELl8388608EEENSU_IlLl1ELl1EEEPljPyNS1_21identity_decomposer_tEjjLi1EEEvT1_T2_T3_T4_T5_T6_T7_T8_PKT9_PNS6_7counterINS8_3std3__415iterator_traitsINS1F_IS11_vE10value_typeEvE10value_typeET12_T13_EEPS1K_PS1J_PNS1F_INS1F_IS13_vE10value_typeEvE10value_typeES1P_S1U_S1K_S1K_T10_iibT11_
    0 bytes stack frame, 0 bytes spill stores, 0 bytes spill loads
ptxas info    : Used 40 registers, used 1 barriers, 8196 bytes smem
ptxas info    : Compile time = 27.192 ms
ptxas info    : Compiling entry function '_ZN3cub17_V_300500_SM_10006detail12batched_topk47device_segmented_topk_finalize_histogram_kernelINS2_26policy_selector_from_typesIialLl8388608EEEN4cuda3__417constant_iteratorIPKilEENS1_6params13uniform_paramIlLl0ELl268435456EEENSD_IlLl1ELl8388608EEENSD_IlLl1ELl1EEEPlPyNS1_4topk16extract_bin_op_tIiLNSJ_6selectE1ELi11ENS1_21identity_decomposer_tELb1EEEjjiEEvT0_T1_T2_T3_T4_PNSJ_7counterIT9_T7_T8_EEPSV_T5_T6_ib' for 'sm_100'
ptxas info    : Function properties for _ZN3cub17_V_300500_SM_10006detail12batched_topk47device_segmented_topk_finalize_histogram_kernelINS2_26policy_selector_from_typesIialLl8388608EEEN4cuda3__417constant_iteratorIPKilEENS1_6params13uniform_paramIlLl0ELl268435456EEENSD_IlLl1ELl8388608EEENSD_IlLl1ELl1EEEPlPyNS1_4topk16extract_bin_op_tIiLNSJ_6selectE1ELi11ENS1_21identity_decomposer_tELb1EEEjjiEEvT0_T1_T2_T3_T4_PNSJ_7counterIT9_T7_T8_EEPSV_T5_T6_ib
    0 bytes stack frame, 0 bytes spill stores, 0 bytes spill loads
ptxas info    : Used 32 registers, used 1 barriers, 8192 bytes smem
ptxas info    : Compile time = 9.567 ms
ptxas info    : Compiling entry function '_ZN3cub17_V_300500_SM_10006detail12batched_topk38device_segmented_topk_histogram_kernelINS2_26policy_selector_from_typesIialLl8388608EEEN4cuda3__417constant_iteratorIPKilEENS1_6params13uniform_paramIlLl0ELl268435456EEENSD_IlLl1ELl8388608EEENSD_IlLl1ELl1EEEPljPyNS1_4topk16extract_bin_op_tIiLNSJ_6selectE1ELi11ENS1_21identity_decomposer_tELb1EEEjjjEEvT0_T1_T2_T3_T4_PKT5_PNSJ_7counterINS6_3std3__415iterator_traitsINSZ_ISO_vE10value_typeEvE10value_typeET8_T9_EEPS14_T6_T7_' for 'sm_100'
ptxas info    : Function properties for _ZN3cub17_V_300500_SM_10006detail12batched_topk38device_segmented_topk_histogram_kernelINS2_26policy_selector_from_typesIialLl8388608EEEN4cuda3__417constant_iteratorIPKilEENS1_6params13uniform_paramIlLl0ELl268435456EEENSD_IlLl1ELl8388608EEENSD_IlLl1ELl1EEEPljPyNS1_4topk16extract_bin_op_tIiLNSJ_6selectE1ELi11ENS1_21identity_decomposer_tELb1EEEjjjEEvT0_T1_T2_T3_T4_PKT5_PNSJ_7counterINS6_3std3__415iterator_traitsINSZ_ISO_vE10value_typeEvE10value_typeET8_T9_EEPS14_T6_T7_
    0 bytes stack frame, 0 bytes spill stores, 0 bytes spill loads
ptxas info    : Used 30 registers, used 1 barriers, 8240 bytes smem
ptxas info    : Compile time = 23.161 ms
ptxas info    : Compiling entry function '_ZN3cub17_V_300500_SM_10006detail12batched_topk44device_segmented_topk_finalize_filter_kernelINS2_26policy_selector_from_typesIialLl8388608EEELNS1_4topk6selectE0EN4cuda3__417constant_iteratorIPKilEENSA_IPilEENSA_INS9_17counting_iteratorIjlLi0ELi0ELi0EEElEENS9_18transform_iteratorINS2_26per_segment_indexed_out_opINSA_IPKalEENSA_IPalEEEENSG_IlnLi0ELi0ELi0EEEEENS1_6params13uniform_paramIlLl0ELl268435456EEENSU_IlLl1ELl8388608EEENSU_IlLl1ELl1EEEPljPyNS1_21identity_decomposer_tEjjiEEvT1_T2_T3_T4_T5_T6_T7_T8_PKT9_PNS6_7counterIT14_T12_T13_EEPS1E_PS1D_PNS8_3std3__415iterator_traitsINS1M_IS13_vE10value_typeEvE10value_typeES1J_S1R_T10_S1E_S1E_iiT11_b' for 'sm_100'
ptxas info    : Function properties for _ZN3cub17_V_300500_SM_10006detail12batched_topk44device_segmented_topk_finalize_filter_kernelINS2_26policy_selector_from_typesIialLl8388608EEELNS1_4topk6selectE0EN4cuda3__417constant_iteratorIPKilEENSA_IPilEENSA_INS9_17counting_iteratorIjlLi0ELi0ELi0EEElEENS9_18transform_iteratorINS2_26per_segment_indexed_out_opINSA_IPKalEENSA_IPalEEEENSG_IlnLi0ELi0ELi0EEEEENS1_6params13uniform_paramIlLl0ELl268435456EEENSU_IlLl1ELl8388608EEENSU_IlLl1ELl1EEEPljPyNS1_21identity_decomposer_tEjjiEEvT1_T2_T3_T4_T5_T6_T7_T8_PKT9_PNS6_7counterIT14_T12_T13_EEPS1E_PS1D_PNS8_3std3__415iterator_traitsINS1M_IS13_vE10value_typeEvE10value_typeES1J_S1R_T10_S1E_S1E_iiT11_b
    0 bytes stack frame, 0 bytes spill stores, 0 bytes spill loads
ptxas info    : Used 52 registers, used 1 barriers, 8208 bytes smem
ptxas info    : Compile time = 32.296 ms
ptxas info    : Compiling entry function '_ZN3cub17_V_300500_SM_10006detail12batched_topk40device_segmented_topk_last_filter_kernelINS2_26policy_selector_from_typesIialLl8388608EEELNS1_4topk6selectE0EN4cuda3__417constant_iteratorIPKilEENSA_IPilEENSA_INS9_17counting_iteratorIjlLi0ELi0ELi0EEElEENS9_18transform_iteratorINS2_26per_segment_indexed_out_opINSA_IPKalEENSA_IPalEEEENSG_IlnLi0ELi0ELi0EEEEENS1_6params13uniform_paramIlLl0ELl268435456EEENSU_IlLl1ELl8388608EEENSU_IlLl1ELl1EEEPljPyNS1_21identity_decomposer_tEjjEEvT1_T2_T3_T4_T5_T6_T7_T8_PKT9_PNS6_7counterINS8_3std3__415iterator_traitsINS1F_IS11_vE10value_typeEvE10value_typeET12_T13_EEPS1J_PNS1F_INS1F_IS13_vE10value_typeEvE10value_typeES1K_T10_iiT11_' for 'sm_100'
ptxas info    : Function properties for _ZN3cub17_V_300500_SM_10006detail12batched_topk40device_segmented_topk_last_filter_kernelINS2_26policy_selector_from_typesIialLl8388608EEELNS1_4topk6selectE0EN4cuda3__417constant_iteratorIPKilEENSA_IPilEENSA_INS9_17counting_iteratorIjlLi0ELi0ELi0EEElEENS9_18transform_iteratorINS2_26per_segment_indexed_out_opINSA_IPKalEENSA_IPalEEEENSG_IlnLi0ELi0ELi0EEEEENS1_6params13uniform_paramIlLl0ELl268435456EEENSU_IlLl1ELl8388608EEENSU_IlLl1ELl1EEEPljPyNS1_21identity_decomposer_tEjjEEvT1_T2_T3_T4_T5_T6_T7_T8_PKT9_PNS6_7counterINS8_3std3__415iterator_traitsINS1F_IS11_vE10value_typeEvE10value_typeET12_T13_EEPS1J_PNS1F_INS1F_IS13_vE10value_typeEvE10value_typeES1K_T10_iiT11_
    8 bytes stack frame, 8 bytes spill stores, 24 bytes spill loads
ptxas info    : Used 40 registers, used 1 barriers, 8 bytes cumulative stack size
ptxas info    : Compile time = 145.799 ms
ptxas info    : Compiling entry function '_ZN3cub17_V_300500_SM_10006detail12batched_topk35device_segmented_topk_filter_kernelINS2_26policy_selector_from_typesIialLl8388608EEELNS1_4topk6selectE0EN4cuda3__417constant_iteratorIPKilEENSA_IPilEENSA_INS9_17counting_iteratorIjlLi0ELi0ELi0EEElEENS9_18transform_iteratorINS2_26per_segment_indexed_out_opINSA_IPKalEENSA_IPalEEEENSG_IlnLi0ELi0ELi0EEEEENS1_6params13uniform_paramIlLl0ELl268435456EEENSU_IlLl1ELl8388608EEENSU_IlLl1ELl1EEEPljPyNS1_21identity_decomposer_tEjjLi7EEEvT1_T2_T3_T4_T5_T6_T7_T8_PKT9_PNS6_7counterINS8_3std3__415iterator_traitsINS1F_IS11_vE10value_typeEvE10value_typeET12_T13_EEPS1K_PS1J_PNS1F_INS1F_IS13_vE10value_typeEvE10value_typeES1P_S1U_S1K_S1K_T10_iibT11_' for 'sm_100'
ptxas info    : Function properties for _ZN3cub17_V_300500_SM_10006detail12batched_topk35device_segmented_topk_filter_kernelINS2_26policy_selector_from_typesIialLl8388608EEELNS1_4topk6selectE0EN4cuda3__417constant_iteratorIPKilEENSA_IPilEENSA_INS9_17counting_iteratorIjlLi0ELi0ELi0EEElEENS9_18transform_iteratorINS2_26per_segment_indexed_out_opINSA_IPKalEENSA_IPalEEEENSG_IlnLi0ELi0ELi0EEEEENS1_6params13uniform_paramIlLl0ELl268435456EEENSU_IlLl1ELl8388608EEENSU_IlLl1ELl1EEEPljPyNS1_21identity_decomposer_tEjjLi7EEEvT1_T2_T3_T4_T5_T6_T7_T8_PKT9_PNS6_7counterINS8_3std3__415iterator_traitsINS1F_IS11_vE10value_typeEvE10value_typeET12_T13_EEPS1K_PS1J_PNS1F_INS1F_IS13_vE10value_typeEvE10value_typeES1P_S1U_S1K_S1K_T10_iibT11_
    0 bytes stack frame, 0 bytes spill stores, 0 bytes spill loads
ptxas info    : Used 40 registers, used 1 barriers, 8196 bytes smem
ptxas info    : Compile time = 26.223 ms
ptxas info    : Compiling entry function '_ZN3cub17_V_300500_SM_10006detail12batched_topk35device_segmented_topk_filter_kernelINS2_26policy_selector_from_typesIialLl8388608EEELNS1_4topk6selectE0EN4cuda3__417constant_iteratorIPKilEENSA_IPilEENSA_INS9_17counting_iteratorIjlLi0ELi0ELi0EEElEENS9_18transform_iteratorINS2_26per_segment_indexed_out_opINSA_IPKalEENSA_IPalEEEENSG_IlnLi0ELi0ELi0EEEEENS1_6params13uniform_paramIlLl0ELl268435456EEENSU_IlLl1ELl8388608EEENSU_IlLl1ELl1EEEPljPyNS1_21identity_decomposer_tEjjLi6EEEvT1_T2_T3_T4_T5_T6_T7_T8_PKT9_PNS6_7counterINS8_3std3__415iterator_traitsINS1F_IS11_vE10value_typeEvE10value_typeET12_T13_EEPS1K_PS1J_PNS1F_INS1F_IS13_vE10value_typeEvE10value_typeES1P_S1U_S1K_S1K_T10_iibT11_' for 'sm_100'
ptxas info    : Function properties for _ZN3cub17_V_300500_SM_10006detail12batched_topk35device_segmented_topk_filter_kernelINS2_26policy_selector_from_typesIialLl8388608EEELNS1_4topk6selectE0EN4cuda3__417constant_iteratorIPKilEENSA_IPilEENSA_INS9_17counting_iteratorIjlLi0ELi0ELi0EEElEENS9_18transform_iteratorINS2_26per_segment_indexed_out_opINSA_IPKalEENSA_IPalEEEENSG_IlnLi0ELi0ELi0EEEEENS1_6params13uniform_paramIlLl0ELl268435456EEENSU_IlLl1ELl8388608EEENSU_IlLl1ELl1EEEPljPyNS1_21identity_decomposer_tEjjLi6EEEvT1_T2_T3_T4_T5_T6_T7_T8_PKT9_PNS6_7counterINS8_3std3__415iterator_traitsINS1F_IS11_vE10value_typeEvE10value_typeET12_T13_EEPS1K_PS1J_PNS1F_INS1F_IS13_vE10value_typeEvE10value_typeES1P_S1U_S1K_S1K_T10_iibT11_
    0 bytes stack frame, 0 bytes spill stores, 0 bytes spill loads
ptxas info    : Used 40 registers, used 1 barriers, 8196 bytes smem
ptxas info    : Compile time = 26.196 ms
ptxas info    : Compiling entry function '_ZN3cub17_V_300500_SM_10006detail12batched_topk35device_segmented_topk_filter_kernelINS2_26policy_selector_from_typesIialLl8388608EEELNS1_4topk6selectE0EN4cuda3__417constant_iteratorIPKilEENSA_IPilEENSA_INS9_17counting_iteratorIjlLi0ELi0ELi0EEElEENS9_18transform_iteratorINS2_26per_segment_indexed_out_opINSA_IPKalEENSA_IPalEEEENSG_IlnLi0ELi0ELi0EEEEENS1_6params13uniform_paramIlLl0ELl268435456EEENSU_IlLl1ELl8388608EEENSU_IlLl1ELl1EEEPljPyNS1_21identity_decomposer_tEjjLi5EEEvT1_T2_T3_T4_T5_T6_T7_T8_PKT9_PNS6_7counterINS8_3std3__415iterator_traitsINS1F_IS11_vE10value_typeEvE10value_typeET12_T13_EEPS1K_PS1J_PNS1F_INS1F_IS13_vE10value_typeEvE10value_typeES1P_S1U_S1K_S1K_T10_iibT11_' for 'sm_100'
ptxas info    : Function properties for _ZN3cub17_V_300500_SM_10006detail12batched_topk35device_segmented_topk_filter_kernelINS2_26policy_selector_from_typesIialLl8388608EEELNS1_4topk6selectE0EN4cuda3__417constant_iteratorIPKilEENSA_IPilEENSA_INS9_17counting_iteratorIjlLi0ELi0ELi0EEElEENS9_18transform_iteratorINS2_26per_segment_indexed_out_opINSA_IPKalEENSA_IPalEEEENSG_IlnLi0ELi0ELi0EEEEENS1_6params13uniform_paramIlLl0ELl268435456EEENSU_IlLl1ELl8388608EEENSU_IlLl1ELl1EEEPljPyNS1_21identity_decomposer_tEjjLi5EEEvT1_T2_T3_T4_T5_T6_T7_T8_PKT9_PNS6_7counterINS8_3std3__415iterator_traitsINS1F_IS11_vE10value_typeEvE10value_typeET12_T13_EEPS1K_PS1J_PNS1F_INS1F_IS13_vE10value_typeEvE10value_typeES1P_S1U_S1K_S1K_T10_iibT11_
    0 bytes stack frame, 0 bytes spill stores, 0 bytes spill loads
ptxas info    : Used 40 registers, used 1 barriers, 8196 bytes smem
ptxas info    : Compile time = 26.166 ms
ptxas info    : Compiling entry function '_ZN3cub17_V_300500_SM_10006detail12batched_topk35device_segmented_topk_filter_kernelINS2_26policy_selector_from_typesIialLl8388608EEELNS1_4topk6selectE0EN4cuda3__417constant_iteratorIPKilEENSA_IPilEENSA_INS9_17counting_iteratorIjlLi0ELi0ELi0EEElEENS9_18transform_iteratorINS2_26per_segment_indexed_out_opINSA_IPKalEENSA_IPalEEEENSG_IlnLi0ELi0ELi0EEEEENS1_6params13uniform_paramIlLl0ELl268435456EEENSU_IlLl1ELl8388608EEENSU_IlLl1ELl1EEEPljPyNS1_21identity_decomposer_tEjjLi4EEEvT1_T2_T3_T4_T5_T6_T7_T8_PKT9_PNS6_7counterINS8_3std3__415iterator_traitsINS1F_IS11_vE10value_typeEvE10value_typeET12_T13_EEPS1K_PS1J_PNS1F_INS1F_IS13_vE10value_typeEvE10value_typeES1P_S1U_S1K_S1K_T10_iibT11_' for 'sm_100'
ptxas info    : Function properties for _ZN3cub17_V_300500_SM_10006detail12batched_topk35device_segmented_topk_filter_kernelINS2_26policy_selector_from_typesIialLl8388608EEELNS1_4topk6selectE0EN4cuda3__417constant_iteratorIPKilEENSA_IPilEENSA_INS9_17counting_iteratorIjlLi0ELi0ELi0EEElEENS9_18transform_iteratorINS2_26per_segment_indexed_out_opINSA_IPKalEENSA_IPalEEEENSG_IlnLi0ELi0ELi0EEEEENS1_6params13uniform_paramIlLl0ELl268435456EEENSU_IlLl1ELl8388608EEENSU_IlLl1ELl1EEEPljPyNS1_21identity_decomposer_tEjjLi4EEEvT1_T2_T3_T4_T5_T6_T7_T8_PKT9_PNS6_7counterINS8_3std3__415iterator_traitsINS1F_IS11_vE10value_typeEvE10value_typeET12_T13_EEPS1K_PS1J_PNS1F_INS1F_IS13_vE10value_typeEvE10value_typeES1P_S1U_S1K_S1K_T10_iibT11_
    0 bytes stack frame, 0 bytes spill stores, 0 bytes spill loads
ptxas info    : Used 40 registers, used 1 barriers, 8196 bytes smem
ptxas info    : Compile time = 26.181 ms
ptxas info    : Compiling entry function '_ZN3cub17_V_300500_SM_10006detail12batched_topk35device_segmented_topk_filter_kernelINS2_26policy_selector_from_typesIialLl8388608EEELNS1_4topk6selectE0EN4cuda3__417constant_iteratorIPKilEENSA_IPilEENSA_INS9_17counting_iteratorIjlLi0ELi0ELi0EEElEENS9_18transform_iteratorINS2_26per_segment_indexed_out_opINSA_IPKalEENSA_IPalEEEENSG_IlnLi0ELi0ELi0EEEEENS1_6params13uniform_paramIlLl0ELl268435456EEENSU_IlLl1ELl8388608EEENSU_IlLl1ELl1EEEPljPyNS1_21identity_decomposer_tEjjLi3EEEvT1_T2_T3_T4_T5_T6_T7_T8_PKT9_PNS6_7counterINS8_3std3__415iterator_traitsINS1F_IS11_vE10value_typeEvE10value_typeET12_T13_EEPS1K_PS1J_PNS1F_INS1F_IS13_vE10value_typeEvE10value_typeES1P_S1U_S1K_S1K_T10_iibT11_' for 'sm_100'
ptxas info    : Function properties for _ZN3cub17_V_300500_SM_10006detail12batched_topk35device_segmented_topk_filter_kernelINS2_26policy_selector_from_typesIialLl8388608EEELNS1_4topk6selectE0EN4cuda3__417constant_iteratorIPKilEENSA_IPilEENSA_INS9_17counting_iteratorIjlLi0ELi0ELi0EEElEENS9_18transform_iteratorINS2_26per_segment_indexed_out_opINSA_IPKalEENSA_IPalEEEENSG_IlnLi0ELi0ELi0EEEEENS1_6params13uniform_paramIlLl0ELl268435456EEENSU_IlLl1ELl8388608EEENSU_IlLl1ELl1EEEPljPyNS1_21identity_decomposer_tEjjLi3EEEvT1_T2_T3_T4_T5_T6_T7_T8_PKT9_PNS6_7counterINS8_3std3__415iterator_traitsINS1F_IS11_vE10value_typeEvE10value_typeET12_T13_EEPS1K_PS1J_PNS1F_INS1F_IS13_vE10value_typeEvE10value_typeES1P_S1U_S1K_S1K_T10_iibT11_
    0 bytes stack frame, 0 bytes spill stores, 0 bytes spill loads
ptxas info    : Used 40 registers, used 1 barriers, 8196 bytes smem
ptxas info    : Compile time = 26.201 ms
ptxas info    : Compiling entry function '_ZN3cub17_V_300500_SM_10006detail12batched_topk35device_segmented_topk_filter_kernelINS2_26policy_selector_from_typesIialLl8388608EEELNS1_4topk6selectE0EN4cuda3__417constant_iteratorIPKilEENSA_IPilEENSA_INS9_17counting_iteratorIjlLi0ELi0ELi0EEElEENS9_18transform_iteratorINS2_26per_segment_indexed_out_opINSA_IPKalEENSA_IPalEEEENSG_IlnLi0ELi0ELi0EEEEENS1_6params13uniform_paramIlLl0ELl268435456EEENSU_IlLl1ELl8388608EEENSU_IlLl1ELl1EEEPljPyNS1_21identity_decomposer_tEjjLi2EEEvT1_T2_T3_T4_T5_T6_T7_T8_PKT9_PNS6_7counterINS8_3std3__415iterator_traitsINS1F_IS11_vE10value_typeEvE10value_typeET12_T13_EEPS1K_PS1J_PNS1F_INS1F_IS13_vE10value_typeEvE10value_typeES1P_S1U_S1K_S1K_T10_iibT11_' for 'sm_100'
ptxas info    : Function properties for _ZN3cub17_V_300500_SM_10006detail12batched_topk35device_segmented_topk_filter_kernelINS2_26policy_selector_from_typesIialLl8388608EEELNS1_4topk6selectE0EN4cuda3__417constant_iteratorIPKilEENSA_IPilEENSA_INS9_17counting_iteratorIjlLi0ELi0ELi0EEElEENS9_18transform_iteratorINS2_26per_segment_indexed_out_opINSA_IPKalEENSA_IPalEEEENSG_IlnLi0ELi0ELi0EEEEENS1_6params13uniform_paramIlLl0ELl268435456EEENSU_IlLl1ELl8388608EEENSU_IlLl1ELl1EEEPljPyNS1_21identity_decomposer_tEjjLi2EEEvT1_T2_T3_T4_T5_T6_T7_T8_PKT9_PNS6_7counterINS8_3std3__415iterator_traitsINS1F_IS11_vE10value_typeEvE10value_typeET12_T13_EEPS1K_PS1J_PNS1F_INS1F_IS13_vE10value_typeEvE10value_typeES1P_S1U_S1K_S1K_T10_iibT11_
    0 bytes stack frame, 0 bytes spill stores, 0 bytes spill loads
ptxas info    : Used 40 registers, used 1 barriers, 8196 bytes smem
ptxas info    : Compile time = 26.944 ms
ptxas info    : Compiling entry function '_ZN3cub17_V_300500_SM_10006detail12batched_topk35device_segmented_topk_filter_kernelINS2_26policy_selector_from_typesIialLl8388608EEELNS1_4topk6selectE0EN4cuda3__417constant_iteratorIPKilEENSA_IPilEENSA_INS9_17counting_iteratorIjlLi0ELi0ELi0EEElEENS9_18transform_iteratorINS2_26per_segment_indexed_out_opINSA_IPKalEENSA_IPalEEEENSG_IlnLi0ELi0ELi0EEEEENS1_6params13uniform_paramIlLl0ELl268435456EEENSU_IlLl1ELl8388608EEENSU_IlLl1ELl1EEEPljPyNS1_21identity_decomposer_tEjjLi0EEEvT1_T2_T3_T4_T5_T6_T7_T8_PKT9_PNS6_7counterINS8_3std3__415iterator_traitsINS1F_IS11_vE10value_typeEvE10value_typeET12_T13_EEPS1K_PS1J_PNS1F_INS1F_IS13_vE10value_typeEvE10value_typeES1P_S1U_S1K_S1K_T10_iibT11_' for 'sm_100'
ptxas info    : Function properties for _ZN3cub17_V_300500_SM_10006detail12batched_topk35device_segmented_topk_filter_kernelINS2_26policy_selector_from_typesIialLl8388608EEELNS1_4topk6selectE0EN4cuda3__417constant_iteratorIPKilEENSA_IPilEENSA_INS9_17counting_iteratorIjlLi0ELi0ELi0EEElEENS9_18transform_iteratorINS2_26per_segment_indexed_out_opINSA_IPKalEENSA_IPalEEEENSG_IlnLi0ELi0ELi0EEEEENS1_6params13uniform_paramIlLl0ELl268435456EEENSU_IlLl1ELl8388608EEENSU_IlLl1ELl1EEEPljPyNS1_21identity_decomposer_tEjjLi0EEEvT1_T2_T3_T4_T5_T6_T7_T8_PKT9_PNS6_7counterINS8_3std3__415iterator_traitsINS1F_IS11_vE10value_typeEvE10value_typeET12_T13_EEPS1K_PS1J_PNS1F_INS1F_IS13_vE10value_typeEvE10value_typeES1P_S1U_S1K_S1K_T10_iibT11_
    0 bytes stack frame, 0 bytes spill stores, 0 bytes spill loads
ptxas info    : Used 23 registers, used 1 barriers, 8196 bytes smem
ptxas info    : Compile time = 7.887 ms
ptxas info    : Compiling entry function '_ZN3cub17_V_300500_SM_10006detail12batched_topk35device_segmented_topk_filter_kernelINS2_26policy_selector_from_typesIialLl8388608EEELNS1_4topk6selectE0EN4cuda3__417constant_iteratorIPKilEENSA_IPilEENSA_INS9_17counting_iteratorIjlLi0ELi0ELi0EEElEENS9_18transform_iteratorINS2_26per_segment_indexed_out_opINSA_IPKalEENSA_IPalEEEENSG_IlnLi0ELi0ELi0EEEEENS1_6params13uniform_paramIlLl0ELl268435456EEENSU_IlLl1ELl8388608EEENSU_IlLl1ELl1EEEPljPyNS1_21identity_decomposer_tEjjLi1EEEvT1_T2_T3_T4_T5_T6_T7_T8_PKT9_PNS6_7counterINS8_3std3__415iterator_traitsINS1F_IS11_vE10value_typeEvE10value_typeET12_T13_EEPS1K_PS1J_PNS1F_INS1F_IS13_vE10value_typeEvE10value_typeES1P_S1U_S1K_S1K_T10_iibT11_' for 'sm_100'
ptxas info    : Function properties for _ZN3cub17_V_300500_SM_10006detail12batched_topk35device_segmented_topk_filter_kernelINS2_26policy_selector_from_typesIialLl8388608EEELNS1_4topk6selectE0EN4cuda3__417constant_iteratorIPKilEENSA_IPilEENSA_INS9_17counting_iteratorIjlLi0ELi0ELi0EEElEENS9_18transform_iteratorINS2_26per_segment_indexed_out_opINSA_IPKalEENSA_IPalEEEENSG_IlnLi0ELi0ELi0EEEEENS1_6params13uniform_paramIlLl0ELl268435456EEENSU_IlLl1ELl8388608EEENSU_IlLl1ELl1EEEPljPyNS1_21identity_decomposer_tEjjLi1EEEvT1_T2_T3_T4_T5_T6_T7_T8_PKT9_PNS6_7counterINS8_3std3__415iterator_traitsINS1F_IS11_vE10value_typeEvE10value_typeET12_T13_EEPS1K_PS1J_PNS1F_INS1F_IS13_vE10value_typeEvE10value_typeES1P_S1U_S1K_S1K_T10_iibT11_
    0 bytes stack frame, 0 bytes spill stores, 0 bytes spill loads
ptxas info    : Used 40 registers, used 1 barriers, 8196 bytes smem
ptxas info    : Compile time = 26.840 ms
ptxas info    : Compiling entry function '_ZN3cub17_V_300500_SM_10006detail12batched_topk47device_segmented_topk_finalize_histogram_kernelINS2_26policy_selector_from_typesIialLl8388608EEEN4cuda3__417constant_iteratorIPKilEENS1_6params13uniform_paramIlLl0ELl268435456EEENSD_IlLl1ELl8388608EEENSD_IlLl1ELl1EEEPlPyNS1_4topk16extract_bin_op_tIiLNSJ_6selectE0ELi11ENS1_21identity_decomposer_tELb1EEEjjiEEvT0_T1_T2_T3_T4_PNSJ_7counterIT9_T7_T8_EEPSV_T5_T6_ib' for 'sm_100'
ptxas info    : Function properties for _ZN3cub17_V_300500_SM_10006detail12batched_topk47device_segmented_topk_finalize_histogram_kernelINS2_26policy_selector_from_typesIialLl8388608EEEN4cuda3__417constant_iteratorIPKilEENS1_6params13uniform_paramIlLl0ELl268435456EEENSD_IlLl1ELl8388608EEENSD_IlLl1ELl1EEEPlPyNS1_4topk16extract_bin_op_tIiLNSJ_6selectE0ELi11ENS1_21identity_decomposer_tELb1EEEjjiEEvT0_T1_T2_T3_T4_PNSJ_7counterIT9_T7_T8_EEPSV_T5_T6_ib
    0 bytes stack frame, 0 bytes spill stores, 0 bytes spill loads
ptxas info    : Used 32 registers, used 1 barriers, 8192 bytes smem
ptxas info    : Compile time = 9.405 ms
ptxas info    : Compiling entry function '_ZN3cub17_V_300500_SM_10006detail12batched_topk38device_segmented_topk_histogram_kernelINS2_26policy_selector_from_typesIialLl8388608EEEN4cuda3__417constant_iteratorIPKilEENS1_6params13uniform_paramIlLl0ELl268435456EEENSD_IlLl1ELl8388608EEENSD_IlLl1ELl1EEEPljPyNS1_4topk16extract_bin_op_tIiLNSJ_6selectE0ELi11ENS1_21identity_decomposer_tELb1EEEjjjEEvT0_T1_T2_T3_T4_PKT5_PNSJ_7counterINS6_3std3__415iterator_traitsINSZ_ISO_vE10value_typeEvE10value_typeET8_T9_EEPS14_T6_T7_' for 'sm_100'
ptxas info    : Function properties for _ZN3cub17_V_300500_SM_10006detail12batched_topk38device_segmented_topk_histogram_kernelINS2_26policy_selector_from_typesIialLl8388608EEEN4cuda3__417constant_iteratorIPKilEENS1_6params13uniform_paramIlLl0ELl268435456EEENSD_IlLl1ELl8388608EEENSD_IlLl1ELl1EEEPljPyNS1_4topk16extract_bin_op_tIiLNSJ_6selectE0ELi11ENS1_21identity_decomposer_tELb1EEEjjjEEvT0_T1_T2_T3_T4_PKT5_PNSJ_7counterINS6_3std3__415iterator_traitsINSZ_ISO_vE10value_typeEvE10value_typeET8_T9_EEPS14_T6_T7_
    0 bytes stack frame, 0 bytes spill stores, 0 bytes spill loads
ptxas info    : Used 30 registers, used 1 barriers, 8240 bytes smem
ptxas info    : Compile time = 23.215 ms
ptxas info    : Compiling entry function '_ZN3cub17_V_300500_SM_10006detail12batched_topk28device_segmented_topk_kernelINS2_26policy_selector_from_typesIialLl8388608EEEN4cuda3__417constant_iteratorIPKilEENS8_IPilEENS8_IPKalEENS8_IPalEENS1_6params13uniform_paramIlLl0ELl268435456EEENSK_IlLl1ELl8388608EEENSJ_22uniform_discrete_paramINS1_4topk6selectEJLSP_1EEEENSK_IlLl1ELl1EEEjEEvT0_T1_T2_T3_T4_T5_T6_T7_PNS2_21batched_topk_countersINSZ_10value_typeEEEPS11_PT8_' for 'sm_100'
ptxas info    : Function properties for _ZN3cub17_V_300500_SM_10006detail12batched_topk28device_segmented_topk_kernelINS2_26policy_selector_from_typesIialLl8388608EEEN4cuda3__417constant_iteratorIPKilEENS8_IPilEENS8_IPKalEENS8_IPalEENS1_6params13uniform_paramIlLl0ELl268435456EEENSK_IlLl1ELl8388608EEENSJ_22uniform_discrete_paramINS1_4topk6selectEJLSP_1EEEENSK_IlLl1ELl1EEEjEEvT0_T1_T2_T3_T4_T5_T6_T7_PNS2_21batched_topk_countersINSZ_10value_typeEEEPS11_PT8_
    32 bytes stack frame, 28 bytes spill stores, 28 bytes spill loads
ptxas info    : Used 255 registers, used 1 barriers, 32 bytes cumulative stack size, 33808 bytes smem
ptxas info    : Compile time = 123.913 ms
ptxas info    : Compiling entry function '_ZN3cub17_V_300500_SM_10006detail12batched_topk44device_segmented_topk_finalize_filter_kernelINS2_26policy_selector_from_typesIsllLl8388608EEELNS1_4topk6selectE1EN4cuda3__417constant_iteratorIPKslEENSA_IPslEENSA_INS9_17counting_iteratorIjlLi0ELi0ELi0EEElEENS9_18transform_iteratorINS2_26per_segment_indexed_out_opINSA_IPKllEENSA_IPllEEEENSG_IlnLi0ELi0ELi0EEEEENS1_6params13uniform_paramIlLl0ELl268435456EEENSU_IlLl1ELl8388608EEENSU_IlLl1ELl1EEESO_jPyNS1_21identity_decomposer_tEjjsEEvT1_T2_T3_T4_T5_T6_T7_T8_PKT9_PNS6_7counterIT14_T12_T13_EEPS1D_PS1C_PNS8_3std3__415iterator_traitsINS1L_IS12_vE10value_typeEvE10value_typeES1I_S1Q_T10_S1D_S1D_iiT11_b' for 'sm_100'
ptxas info    : Function properties for _ZN3cub17_V_300500_SM_10006detail12batched_topk44device_segmented_topk_finalize_filter_kernelINS2_26policy_selector_from_typesIsllLl8388608EEELNS1_4topk6selectE1EN4cuda3__417constant_iteratorIPKslEENSA_IPslEENSA_INS9_17counting_iteratorIjlLi0ELi0ELi0EEElEENS9_18transform_iteratorINS2_26per_segment_indexed_out_opINSA_IPKllEENSA_IPllEEEENSG_IlnLi0ELi0ELi0EEEEENS1_6params13uniform_paramIlLl0ELl268435456EEENSU_IlLl1ELl8388608EEENSU_IlLl1ELl1EEESO_jPyNS1_21identity_decomposer_tEjjsEEvT1_T2_T3_T4_T5_T6_T7_T8_PKT9_PNS6_7counterIT14_T12_T13_EEPS1D_PS1C_PNS8_3std3__415iterator_traitsINS1L_IS12_vE10value_typeEvE10value_typeES1I_S1Q_T10_S1D_S1D_iiT11_b
    0 bytes stack frame, 0 bytes spill stores, 0 bytes spill loads
ptxas info    : Used 64 registers, used 1 barriers, 8208 bytes smem
ptxas info    : Compile time = 51.190 ms
ptxas info    : Compiling entry function '_ZN3cub17_V_300500_SM_10006detail12batched_topk40device_segmented_topk_last_filter_kernelINS2_26policy_selector_from_typesIsllLl8388608EEELNS1_4topk6selectE1EN4cuda3__417constant_iteratorIPKslEENSA_IPslEENSA_INS9_17counting_iteratorIjlLi0ELi0ELi0EEElEENS9_18transform_iteratorINS2_26per_segment_indexed_out_opINSA_IPKllEENSA_IPllEEEENSG_IlnLi0ELi0ELi0EEEEENS1_6params13uniform_paramIlLl0ELl268435456EEENSU_IlLl1ELl8388608EEENSU_IlLl1ELl1EEESO_jPyNS1_21identity_decomposer_tEjjEEvT1_T2_T3_T4_T5_T6_T7_T8_PKT9_PNS6_7counterINS8_3std3__415iterator_traitsINS1E_IS10_vE10value_typeEvE10value_typeET12_T13_EEPS1I_PNS1E_INS1E_IS12_vE10value_typeEvE10value_typeES1J_T10_iiT11_' for 'sm_100'
ptxas info    : Function properties for _ZN3cub17_V_300500_SM_10006detail12batched_topk40device_segmented_topk_last_filter_kernelINS2_26policy_selector_from_typesIsllLl8388608EEELNS1_4topk6selectE1EN4cuda3__417constant_iteratorIPKslEENSA_IPslEENSA_INS9_17counting_iteratorIjlLi0ELi0ELi0EEElEENS9_18transform_iteratorINS2_26per_segment_indexed_out_opINSA_IPKllEENSA_IPllEEEENSG_IlnLi0ELi0ELi0EEEEENS1_6params13uniform_paramIlLl0ELl268435456EEENSU_IlLl1ELl8388608EEENSU_IlLl1ELl1EEESO_jPyNS1_21identity_decomposer_tEjjEEvT1_T2_T3_T4_T5_T6_T7_T8_PKT9_PNS6_7counterINS8_3std3__415iterator_traitsINS1E_IS10_vE10value_typeEvE10value_typeET12_T13_EEPS1I_PNS1E_INS1E_IS12_vE10value_typeEvE10value_typeES1J_T10_iiT11_
    0 bytes stack frame, 0 bytes spill stores, 0 bytes spill loads
ptxas info    : Used 64 registers, used 1 barriers
ptxas info    : Compile time = 402.539 ms
ptxas info    : Compiling entry function '_ZN3cub17_V_300500_SM_10006detail12batched_topk35device_segmented_topk_filter_kernelINS2_26policy_selector_from_typesIsllLl8388608EEELNS1_4topk6selectE1EN4cuda3__417constant_iteratorIPKslEENSA_IPslEENSA_INS9_17counting_iteratorIjlLi0ELi0ELi0EEElEENS9_18transform_iteratorINS2_26per_segment_indexed_out_opINSA_IPKllEENSA_IPllEEEENSG_IlnLi0ELi0ELi0EEEEENS1_6params13uniform_paramIlLl0ELl268435456EEENSU_IlLl1ELl8388608EEENSU_IlLl1ELl1EEESO_jPyNS1_21identity_decomposer_tEjjLi7EEEvT1_T2_T3_T4_T5_T6_T7_T8_PKT9_PNS6_7counterINS8_3std3__415iterator_traitsINS1E_IS10_vE10value_typeEvE10value_typeET12_T13_EEPS1J_PS1I_PNS1E_INS1E_IS12_vE10value_typeEvE10value_typeES1O_S1T_S1J_S1J_T10_iibT11_' for 'sm_100'
ptxas info    : Function properties for _ZN3cub17_V_300500_SM_10006detail12batched_topk35device_segmented_topk_filter_kernelINS2_26policy_selector_from_typesIsllLl8388608EEELNS1_4topk6selectE1EN4cuda3__417constant_iteratorIPKslEENSA_IPslEENSA_INS9_17counting_iteratorIjlLi0ELi0ELi0EEElEENS9_18transform_iteratorINS2_26per_segment_indexed_out_opINSA_IPKllEENSA_IPllEEEENSG_IlnLi0ELi0ELi0EEEEENS1_6params13uniform_paramIlLl0ELl268435456EEENSU_IlLl1ELl8388608EEENSU_IlLl1ELl1EEESO_jPyNS1_21identity_decomposer_tEjjLi7EEEvT1_T2_T3_T4_T5_T6_T7_T8_PKT9_PNS6_7counterINS8_3std3__415iterator_traitsINS1E_IS10_vE10value_typeEvE10value_typeET12_T13_EEPS1J_PS1I_PNS1E_INS1E_IS12_vE10value_typeEvE10value_typeES1O_S1T_S1J_S1J_T10_iibT11_
    0 bytes stack frame, 0 bytes spill stores, 0 bytes spill loads
ptxas info    : Used 50 registers, used 1 barriers, 8196 bytes smem
ptxas info    : Compile time = 42.332 ms
ptxas info    : Compiling entry function '_ZN3cub17_V_300500_SM_10006detail12batched_topk35device_segmented_topk_filter_kernelINS2_26policy_selector_from_typesIsllLl8388608EEELNS1_4topk6selectE1EN4cuda3__417constant_iteratorIPKslEENSA_IPslEENSA_INS9_17counting_iteratorIjlLi0ELi0ELi0EEElEENS9_18transform_iteratorINS2_26per_segment_indexed_out_opINSA_IPKllEENSA_IPllEEEENSG_IlnLi0ELi0ELi0EEEEENS1_6params13uniform_paramIlLl0ELl268435456EEENSU_IlLl1ELl8388608EEENSU_IlLl1ELl1EEESO_jPyNS1_21identity_decomposer_tEjjLi6EEEvT1_T2_T3_T4_T5_T6_T7_T8_PKT9_PNS6_7counterINS8_3std3__415iterator_traitsINS1E_IS10_vE10value_typeEvE10value_typeET12_T13_EEPS1J_PS1I_PNS1E_INS1E_IS12_vE10value_typeEvE10value_typeES1O_S1T_S1J_S1J_T10_iibT11_' for 'sm_100'
ptxas info    : Function properties for _ZN3cub17_V_300500_SM_10006detail12batched_topk35device_segmented_topk_filter_kernelINS2_26policy_selector_from_typesIsllLl8388608EEELNS1_4topk6selectE1EN4cuda3__417constant_iteratorIPKslEENSA_IPslEENSA_INS9_17counting_iteratorIjlLi0ELi0ELi0EEElEENS9_18transform_iteratorINS2_26per_segment_indexed_out_opINSA_IPKllEENSA_IPllEEEENSG_IlnLi0ELi0ELi0EEEEENS1_6params13uniform_paramIlLl0ELl268435456EEENSU_IlLl1ELl8388608EEENSU_IlLl1ELl1EEESO_jPyNS1_21identity_decomposer_tEjjLi6EEEvT1_T2_T3_T4_T5_T6_T7_T8_PKT9_PNS6_7counterINS8_3std3__415iterator_traitsINS1E_IS10_vE10value_typeEvE10value_typeET12_T13_EEPS1J_PS1I_PNS1E_INS1E_IS12_vE10value_typeEvE10value_typeES1O_S1T_S1J_S1J_T10_iibT11_
    0 bytes stack frame, 0 bytes spill stores, 0 bytes spill loads
ptxas info    : Used 50 registers, used 1 barriers, 8196 bytes smem
ptxas info    : Compile time = 42.476 ms
ptxas info    : Compiling entry function '_ZN3cub17_V_300500_SM_10006detail12batched_topk35device_segmented_topk_filter_kernelINS2_26policy_selector_from_typesIsllLl8388608EEELNS1_4topk6selectE1EN4cuda3__417constant_iteratorIPKslEENSA_IPslEENSA_INS9_17counting_iteratorIjlLi0ELi0ELi0EEElEENS9_18transform_iteratorINS2_26per_segment_indexed_out_opINSA_IPKllEENSA_IPllEEEENSG_IlnLi0ELi0ELi0EEEEENS1_6params13uniform_paramIlLl0ELl268435456EEENSU_IlLl1ELl8388608EEENSU_IlLl1ELl1EEESO_jPyNS1_21identity_decomposer_tEjjLi5EEEvT1_T2_T3_T4_T5_T6_T7_T8_PKT9_PNS6_7counterINS8_3std3__415iterator_traitsINS1E_IS10_vE10value_typeEvE10value_typeET12_T13_EEPS1J_PS1I_PNS1E_INS1E_IS12_vE10value_typeEvE10value_typeES1O_S1T_S1J_S1J_T10_iibT11_' for 'sm_100'
ptxas info    : Function properties for _ZN3cub17_V_300500_SM_10006detail12batched_topk35device_segmented_topk_filter_kernelINS2_26policy_selector_from_typesIsllLl8388608EEELNS1_4topk6selectE1EN4cuda3__417constant_iteratorIPKslEENSA_IPslEENSA_INS9_17counting_iteratorIjlLi0ELi0ELi0EEElEENS9_18transform_iteratorINS2_26per_segment_indexed_out_opINSA_IPKllEENSA_IPllEEEENSG_IlnLi0ELi0ELi0EEEEENS1_6params13uniform_paramIlLl0ELl268435456EEENSU_IlLl1ELl8388608EEENSU_IlLl1ELl1EEESO_jPyNS1_21identity_decomposer_tEjjLi5EEEvT1_T2_T3_T4_T5_T6_T7_T8_PKT9_PNS6_7counterINS8_3std3__415iterator_traitsINS1E_IS10_vE10value_typeEvE10value_typeET12_T13_EEPS1J_PS1I_PNS1E_INS1E_IS12_vE10value_typeEvE10value_typeES1O_S1T_S1J_S1J_T10_iibT11_
    0 bytes stack frame, 0 bytes spill stores, 0 bytes spill loads
ptxas info    : Used 50 registers, used 1 barriers, 8196 bytes smem
ptxas info    : Compile time = 42.446 ms
ptxas info    : Compiling entry function '_ZN3cub17_V_300500_SM_10006detail12batched_topk35device_segmented_topk_filter_kernelINS2_26policy_selector_from_typesIsllLl8388608EEELNS1_4topk6selectE1EN4cuda3__417constant_iteratorIPKslEENSA_IPslEENSA_INS9_17counting_iteratorIjlLi0ELi0ELi0EEElEENS9_18transform_iteratorINS2_26per_segment_indexed_out_opINSA_IPKllEENSA_IPllEEEENSG_IlnLi0ELi0ELi0EEEEENS1_6params13uniform_paramIlLl0ELl268435456EEENSU_IlLl1ELl8388608EEENSU_IlLl1ELl1EEESO_jPyNS1_21identity_decomposer_tEjjLi4EEEvT1_T2_T3_T4_T5_T6_T7_T8_PKT9_PNS6_7counterINS8_3std3__415iterator_traitsINS1E_IS10_vE10value_typeEvE10value_typeET12_T13_EEPS1J_PS1I_PNS1E_INS1E_IS12_vE10value_typeEvE10value_typeES1O_S1T_S1J_S1J_T10_iibT11_' for 'sm_100'
ptxas info    : Function properties for _ZN3cub17_V_300500_SM_10006detail12batched_topk35device_segmented_topk_filter_kernelINS2_26policy_selector_from_typesIsllLl8388608EEELNS1_4topk6selectE1EN4cuda3__417constant_iteratorIPKslEENSA_IPslEENSA_INS9_17counting_iteratorIjlLi0ELi0ELi0EEElEENS9_18transform_iteratorINS2_26per_segment_indexed_out_opINSA_IPKllEENSA_IPllEEEENSG_IlnLi0ELi0ELi0EEEEENS1_6params13uniform_paramIlLl0ELl268435456EEENSU_IlLl1ELl8388608EEENSU_IlLl1ELl1EEESO_jPyNS1_21identity_decomposer_tEjjLi4EEEvT1_T2_T3_T4_T5_T6_T7_T8_PKT9_PNS6_7counterINS8_3std3__415iterator_traitsINS1E_IS10_vE10value_typeEvE10value_typeET12_T13_EEPS1J_PS1I_PNS1E_INS1E_IS12_vE10value_typeEvE10value_typeES1O_S1T_S1J_S1J_T10_iibT11_
    0 bytes stack frame, 0 bytes spill stores, 0 bytes spill loads
ptxas info    : Used 50 registers, used 1 barriers, 8196 bytes smem
ptxas info    : Compile time = 42.295 ms
ptxas info    : Compiling entry function '_ZN3cub17_V_300500_SM_10006detail12batched_topk35device_segmented_topk_filter_kernelINS2_26policy_selector_from_typesIsllLl8388608EEELNS1_4topk6selectE1EN4cuda3__417constant_iteratorIPKslEENSA_IPslEENSA_INS9_17counting_iteratorIjlLi0ELi0ELi0EEElEENS9_18transform_iteratorINS2_26per_segment_indexed_out_opINSA_IPKllEENSA_IPllEEEENSG_IlnLi0ELi0ELi0EEEEENS1_6params13uniform_paramIlLl0ELl268435456EEENSU_IlLl1ELl8388608EEENSU_IlLl1ELl1EEESO_jPyNS1_21identity_decomposer_tEjjLi3EEEvT1_T2_T3_T4_T5_T6_T7_T8_PKT9_PNS6_7counterINS8_3std3__415iterator_traitsINS1E_IS10_vE10value_typeEvE10value_typeET12_T13_EEPS1J_PS1I_PNS1E_INS1E_IS12_vE10value_typeEvE10value_typeES1O_S1T_S1J_S1J_T10_iibT11_' for 'sm_100'
ptxas info    : Function properties for _ZN3cub17_V_300500_SM_10006detail12batched_topk35device_segmented_topk_filter_kernelINS2_26policy_selector_from_typesIsllLl8388608EEELNS1_4topk6selectE1EN4cuda3__417constant_iteratorIPKslEENSA_IPslEENSA_INS9_17counting_iteratorIjlLi0ELi0ELi0EEElEENS9_18transform_iteratorINS2_26per_segment_indexed_out_opINSA_IPKllEENSA_IPllEEEENSG_IlnLi0ELi0ELi0EEEEENS1_6params13uniform_paramIlLl0ELl268435456EEENSU_IlLl1ELl8388608EEENSU_IlLl1ELl1EEESO_jPyNS1_21identity_decomposer_tEjjLi3EEEvT1_T2_T3_T4_T5_T6_T7_T8_PKT9_PNS6_7counterINS8_3std3__415iterator_traitsINS1E_IS10_vE10value_typeEvE10value_typeET12_T13_EEPS1J_PS1I_PNS1E_INS1E_IS12_vE10value_typeEvE10value_typeES1O_S1T_S1J_S1J_T10_iibT11_
    0 bytes stack frame, 0 bytes spill stores, 0 bytes spill loads
ptxas info    : Used 50 registers, used 1 barriers, 8196 bytes smem
ptxas info    : Compile time = 42.291 ms
ptxas info    : Compiling entry function '_ZN3cub17_V_300500_SM_10006detail12batched_topk35device_segmented_topk_filter_kernelINS2_26policy_selector_from_typesIsllLl8388608EEELNS1_4topk6selectE1EN4cuda3__417constant_iteratorIPKslEENSA_IPslEENSA_INS9_17counting_iteratorIjlLi0ELi0ELi0EEElEENS9_18transform_iteratorINS2_26per_segment_indexed_out_opINSA_IPKllEENSA_IPllEEEENSG_IlnLi0ELi0ELi0EEEEENS1_6params13uniform_paramIlLl0ELl268435456EEENSU_IlLl1ELl8388608EEENSU_IlLl1ELl1EEESO_jPyNS1_21identity_decomposer_tEjjLi2EEEvT1_T2_T3_T4_T5_T6_T7_T8_PKT9_PNS6_7counterINS8_3std3__415iterator_traitsINS1E_IS10_vE10value_typeEvE10value_typeET12_T13_EEPS1J_PS1I_PNS1E_INS1E_IS12_vE10value_typeEvE10value_typeES1O_S1T_S1J_S1J_T10_iibT11_' for 'sm_100'
ptxas info    : Function properties for _ZN3cub17_V_300500_SM_10006detail12batched_topk35device_segmented_topk_filter_kernelINS2_26policy_selector_from_typesIsllLl8388608EEELNS1_4topk6selectE1EN4cuda3__417constant_iteratorIPKslEENSA_IPslEENSA_INS9_17counting_iteratorIjlLi0ELi0ELi0EEElEENS9_18transform_iteratorINS2_26per_segment_indexed_out_opINSA_IPKllEENSA_IPllEEEENSG_IlnLi0ELi0ELi0EEEEENS1_6params13uniform_paramIlLl0ELl268435456EEENSU_IlLl1ELl8388608EEENSU_IlLl1ELl1EEESO_jPyNS1_21identity_decomposer_tEjjLi2EEEvT1_T2_T3_T4_T5_T6_T7_T8_PKT9_PNS6_7counterINS8_3std3__415iterator_traitsINS1E_IS10_vE10value_typeEvE10value_typeET12_T13_EEPS1J_PS1I_PNS1E_INS1E_IS12_vE10value_typeEvE10value_typeES1O_S1T_S1J_S1J_T10_iibT11_
    0 bytes stack frame, 0 bytes spill stores, 0 bytes spill loads
ptxas info    : Used 50 registers, used 1 barriers, 8196 bytes smem
ptxas info    : Compile time = 42.313 ms
ptxas info    : Compiling entry function '_ZN3cub17_V_300500_SM_10006detail12batched_topk35device_segmented_topk_filter_kernelINS2_26policy_selector_from_typesIsllLl8388608EEELNS1_4topk6selectE1EN4cuda3__417constant_iteratorIPKslEENSA_IPslEENSA_INS9_17counting_iteratorIjlLi0ELi0ELi0EEElEENS9_18transform_iteratorINS2_26per_segment_indexed_out_opINSA_IPKllEENSA_IPllEEEENSG_IlnLi0ELi0ELi0EEEEENS1_6params13uniform_paramIlLl0ELl268435456EEENSU_IlLl1ELl8388608EEENSU_IlLl1ELl1EEESO_jPyNS1_21identity_decomposer_tEjjLi0EEEvT1_T2_T3_T4_T5_T6_T7_T8_PKT9_PNS6_7counterINS8_3std3__415iterator_traitsINS1E_IS10_vE10value_typeEvE10value_typeET12_T13_EEPS1J_PS1I_PNS1E_INS1E_IS12_vE10value_typeEvE10value_typeES1O_S1T_S1J_S1J_T10_iibT11_' for 'sm_100'
ptxas info    : Function properties for _ZN3cub17_V_300500_SM_10006detail12batched_topk35device_segmented_topk_filter_kernelINS2_26policy_selector_from_typesIsllLl8388608EEELNS1_4topk6selectE1EN4cuda3__417constant_iteratorIPKslEENSA_IPslEENSA_INS9_17counting_iteratorIjlLi0ELi0ELi0EEElEENS9_18transform_iteratorINS2_26per_segment_indexed_out_opINSA_IPKllEENSA_IPllEEEENSG_IlnLi0ELi0ELi0EEEEENS1_6params13uniform_paramIlLl0ELl268435456EEENSU_IlLl1ELl8388608EEENSU_IlLl1ELl1EEESO_jPyNS1_21identity_decomposer_tEjjLi0EEEvT1_T2_T3_T4_T5_T6_T7_T8_PKT9_PNS6_7counterINS8_3std3__415iterator_traitsINS1E_IS10_vE10value_typeEvE10value_typeET12_T13_EEPS1J_PS1I_PNS1E_INS1E_IS12_vE10value_typeEvE10value_typeES1O_S1T_S1J_S1J_T10_iibT11_
    16 bytes stack frame, 24 bytes spill stores, 24 bytes spill loads
ptxas info    : Used 40 registers, used 1 barriers, 16 bytes cumulative stack size, 8196 bytes smem
ptxas info    : Compile time = 38.027 ms
ptxas info    : Compiling entry function '_ZN3cub17_V_300500_SM_10006detail12batched_topk35device_segmented_topk_filter_kernelINS2_26policy_selector_from_typesIsllLl8388608EEELNS1_4topk6selectE1EN4cuda3__417constant_iteratorIPKslEENSA_IPslEENSA_INS9_17counting_iteratorIjlLi0ELi0ELi0EEElEENS9_18transform_iteratorINS2_26per_segment_indexed_out_opINSA_IPKllEENSA_IPllEEEENSG_IlnLi0ELi0ELi0EEEEENS1_6params13uniform_paramIlLl0ELl268435456EEENSU_IlLl1ELl8388608EEENSU_IlLl1ELl1EEESO_jPyNS1_21identity_decomposer_tEjjLi1EEEvT1_T2_T3_T4_T5_T6_T7_T8_PKT9_PNS6_7counterINS8_3std3__415iterator_traitsINS1E_IS10_vE10value_typeEvE10value_typeET12_T13_EEPS1J_PS1I_PNS1E_INS1E_IS12_vE10value_typeEvE10value_typeES1O_S1T_S1J_S1J_T10_iibT11_' for 'sm_100'
ptxas info    : Function properties for _ZN3cub17_V_300500_SM_10006detail12batched_topk35device_segmented_topk_filter_kernelINS2_26policy_selector_from_typesIsllLl8388608EEELNS1_4topk6selectE1EN4cuda3__417constant_iteratorIPKslEENSA_IPslEENSA_INS9_17counting_iteratorIjlLi0ELi0ELi0EEElEENS9_18transform_iteratorINS2_26per_segment_indexed_out_opINSA_IPKllEENSA_IPllEEEENSG_IlnLi0ELi0ELi0EEEEENS1_6params13uniform_paramIlLl0ELl268435456EEENSU_IlLl1ELl8388608EEENSU_IlLl1ELl1EEESO_jPyNS1_21identity_decomposer_tEjjLi1EEEvT1_T2_T3_T4_T5_T6_T7_T8_PKT9_PNS6_7counterINS8_3std3__415iterator_traitsINS1E_IS10_vE10value_typeEvE10value_typeET12_T13_EEPS1J_PS1I_PNS1E_INS1E_IS12_vE10value_typeEvE10value_typeES1O_S1T_S1J_S1J_T10_iibT11_
    0 bytes stack frame, 0 bytes spill stores, 0 bytes spill loads
ptxas info    : Used 50 registers, used 1 barriers, 8196 bytes smem
ptxas info    : Compile time = 43.847 ms
ptxas info    : Compiling entry function '_ZN3cub17_V_300500_SM_10006detail12batched_topk47device_segmented_topk_finalize_histogram_kernelINS2_26policy_selector_from_typesIsllLl8388608EEEN4cuda3__417constant_iteratorIPKslEENS1_6params13uniform_paramIlLl0ELl268435456EEENSD_IlLl1ELl8388608EEENSD_IlLl1ELl1EEEPlPyNS1_4topk16extract_bin_op_tIsLNSJ_6selectE1ELi11ENS1_21identity_decomposer_tELb1EEEjjsEEvT0_T1_T2_T3_T4_PNSJ_7counterIT9_T7_T8_EEPSV_T5_T6_ib' for 'sm_100'
ptxas info    : Function properties for _ZN3cub17_V_300500_SM_10006detail12batched_topk47device_segmented_topk_finalize_histogram_kernelINS2_26policy_selector_from_typesIsllLl8388608EEEN4cuda3__417constant_iteratorIPKslEENS1_6params13uniform_paramIlLl0ELl268435456EEENSD_IlLl1ELl8388608EEENSD_IlLl1ELl1EEEPlPyNS1_4topk16extract_bin_op_tIsLNSJ_6selectE1ELi11ENS1_21identity_decomposer_tELb1EEEjjsEEvT0_T1_T2_T3_T4_PNSJ_7counterIT9_T7_T8_EEPSV_T5_T6_ib
    0 bytes stack frame, 0 bytes spill stores, 0 bytes spill loads
ptxas info    : Used 32 registers, used 1 barriers, 8192 bytes smem
ptxas info    : Compile time = 10.677 ms
ptxas info    : Compiling entry function '_ZN3cub17_V_300500_SM_10006detail12batched_topk38device_segmented_topk_histogram_kernelINS2_26policy_selector_from_typesIsllLl8388608EEEN4cuda3__417constant_iteratorIPKslEENS1_6params13uniform_paramIlLl0ELl268435456EEENSD_IlLl1ELl8388608EEENSD_IlLl1ELl1EEEPljPyNS1_4topk16extract_bin_op_tIsLNSJ_6selectE1ELi11ENS1_21identity_decomposer_tELb1EEEjjjEEvT0_T1_T2_T3_T4_PKT5_PNSJ_7counterINS6_3std3__415iterator_traitsINSZ_ISO_vE10value_typeEvE10value_typeET8_T9_EEPS14_T6_T7_' for 'sm_100'
ptxas info    : Function properties for _ZN3cub17_V_300500_SM_10006detail12batched_topk38device_segmented_topk_histogram_kernelINS2_26policy_selector_from_typesIsllLl8388608EEEN4cuda3__417constant_iteratorIPKslEENS1_6params13uniform_paramIlLl0ELl268435456EEENSD_IlLl1ELl8388608EEENSD_IlLl1ELl1EEEPljPyNS1_4topk16extract_bin_op_tIsLNSJ_6selectE1ELi11ENS1_21identity_decomposer_tELb1EEEjjjEEvT0_T1_T2_T3_T4_PKT5_PNSJ_7counterINS6_3std3__415iterator_traitsINSZ_ISO_vE10value_typeEvE10value_typeET8_T9_EEPS14_T6_T7_
    0 bytes stack frame, 0 bytes spill stores, 0 bytes spill loads
ptxas info    : Used 32 registers, used 1 barriers, 8240 bytes smem
ptxas info    : Compile time = 40.187 ms
ptxas info    : Compiling entry function '_ZN3cub17_V_300500_SM_10006detail12batched_topk44device_segmented_topk_finalize_filter_kernelINS2_26policy_selector_from_typesIsllLl8388608EEELNS1_4topk6selectE0EN4cuda3__417constant_iteratorIPKslEENSA_IPslEENSA_INS9_17counting_iteratorIjlLi0ELi0ELi0EEElEENS9_18transform_iteratorINS2_26per_segment_indexed_out_opINSA_IPKllEENSA_IPllEEEENSG_IlnLi0ELi0ELi0EEEEENS1_6params13uniform_paramIlLl0ELl268435456EEENSU_IlLl1ELl8388608EEENSU_IlLl1ELl1EEESO_jPyNS1_21identity_decomposer_tEjjsEEvT1_T2_T3_T4_T5_T6_T7_T8_PKT9_PNS6_7counterIT14_T12_T13_EEPS1D_PS1C_PNS8_3std3__415iterator_traitsINS1L_IS12_vE10value_typeEvE10value_typeES1I_S1Q_T10_S1D_S1D_iiT11_b' for 'sm_100'
ptxas info    : Function properties for _ZN3cub17_V_300500_SM_10006detail12batched_topk44device_segmented_topk_finalize_filter_kernelINS2_26policy_selector_from_typesIsllLl8388608EEELNS1_4topk6selectE0EN4cuda3__417constant_iteratorIPKslEENSA_IPslEENSA_INS9_17counting_iteratorIjlLi0ELi0ELi0EEElEENS9_18transform_iteratorINS2_26per_segment_indexed_out_opINSA_IPKllEENSA_IPllEEEENSG_IlnLi0ELi0ELi0EEEEENS1_6params13uniform_paramIlLl0ELl268435456EEENSU_IlLl1ELl8388608EEENSU_IlLl1ELl1EEESO_jPyNS1_21identity_decomposer_tEjjsEEvT1_T2_T3_T4_T5_T6_T7_T8_PKT9_PNS6_7counterIT14_T12_T13_EEPS1D_PS1C_PNS8_3std3__415iterator_traitsINS1L_IS12_vE10value_typeEvE10value_typeES1I_S1Q_T10_S1D_S1D_iiT11_b
    0 bytes stack frame, 0 bytes spill stores, 0 bytes spill loads
ptxas info    : Used 64 registers, used 1 barriers, 8208 bytes smem
ptxas info    : Compile time = 51.157 ms
ptxas info    : Compiling entry function '_ZN3cub17_V_300500_SM_10006detail12batched_topk40device_segmented_topk_last_filter_kernelINS2_26policy_selector_from_typesIsllLl8388608EEELNS1_4topk6selectE0EN4cuda3__417constant_iteratorIPKslEENSA_IPslEENSA_INS9_17counting_iteratorIjlLi0ELi0ELi0EEElEENS9_18transform_iteratorINS2_26per_segment_indexed_out_opINSA_IPKllEENSA_IPllEEEENSG_IlnLi0ELi0ELi0EEEEENS1_6params13uniform_paramIlLl0ELl268435456EEENSU_IlLl1ELl8388608EEENSU_IlLl1ELl1EEESO_jPyNS1_21identity_decomposer_tEjjEEvT1_T2_T3_T4_T5_T6_T7_T8_PKT9_PNS6_7counterINS8_3std3__415iterator_traitsINS1E_IS10_vE10value_typeEvE10value_typeET12_T13_EEPS1I_PNS1E_INS1E_IS12_vE10value_typeEvE10value_typeES1J_T10_iiT11_' for 'sm_100'
ptxas info    : Function properties for _ZN3cub17_V_300500_SM_10006detail12batched_topk40device_segmented_topk_last_filter_kernelINS2_26policy_selector_from_typesIsllLl8388608EEELNS1_4topk6selectE0EN4cuda3__417constant_iteratorIPKslEENSA_IPslEENSA_INS9_17counting_iteratorIjlLi0ELi0ELi0EEElEENS9_18transform_iteratorINS2_26per_segment_indexed_out_opINSA_IPKllEENSA_IPllEEEENSG_IlnLi0ELi0ELi0EEEEENS1_6params13uniform_paramIlLl0ELl268435456EEENSU_IlLl1ELl8388608EEENSU_IlLl1ELl1EEESO_jPyNS1_21identity_decomposer_tEjjEEvT1_T2_T3_T4_T5_T6_T7_T8_PKT9_PNS6_7counterINS8_3std3__415iterator_traitsINS1E_IS10_vE10value_typeEvE10value_typeET12_T13_EEPS1I_PNS1E_INS1E_IS12_vE10value_typeEvE10value_typeES1J_T10_iiT11_
    0 bytes stack frame, 0 bytes spill stores, 0 bytes spill loads
ptxas info    : Used 64 registers, used 1 barriers
ptxas info    : Compile time = 389.393 ms
ptxas info    : Compiling entry function '_ZN3cub17_V_300500_SM_10006detail12batched_topk35device_segmented_topk_filter_kernelINS2_26policy_selector_from_typesIsllLl8388608EEELNS1_4topk6selectE0EN4cuda3__417constant_iteratorIPKslEENSA_IPslEENSA_INS9_17counting_iteratorIjlLi0ELi0ELi0EEElEENS9_18transform_iteratorINS2_26per_segment_indexed_out_opINSA_IPKllEENSA_IPllEEEENSG_IlnLi0ELi0ELi0EEEEENS1_6params13uniform_paramIlLl0ELl268435456EEENSU_IlLl1ELl8388608EEENSU_IlLl1ELl1EEESO_jPyNS1_21identity_decomposer_tEjjLi7EEEvT1_T2_T3_T4_T5_T6_T7_T8_PKT9_PNS6_7counterINS8_3std3__415iterator_traitsINS1E_IS10_vE10value_typeEvE10value_typeET12_T13_EEPS1J_PS1I_PNS1E_INS1E_IS12_vE10value_typeEvE10value_typeES1O_S1T_S1J_S1J_T10_iibT11_' for 'sm_100'
ptxas info    : Function properties for _ZN3cub17_V_300500_SM_10006detail12batched_topk35device_segmented_topk_filter_kernelINS2_26policy_selector_from_typesIsllLl8388608EEELNS1_4topk6selectE0EN4cuda3__417constant_iteratorIPKslEENSA_IPslEENSA_INS9_17counting_iteratorIjlLi0ELi0ELi0EEElEENS9_18transform_iteratorINS2_26per_segment_indexed_out_opINSA_IPKllEENSA_IPllEEEENSG_IlnLi0ELi0ELi0EEEEENS1_6params13uniform_paramIlLl0ELl268435456EEENSU_IlLl1ELl8388608EEENSU_IlLl1ELl1EEESO_jPyNS1_21identity_decomposer_tEjjLi7EEEvT1_T2_T3_T4_T5_T6_T7_T8_PKT9_PNS6_7counterINS8_3std3__415iterator_traitsINS1E_IS10_vE10value_typeEvE10value_typeET12_T13_EEPS1J_PS1I_PNS1E_INS1E_IS12_vE10value_typeEvE10value_typeES1O_S1T_S1J_S1J_T10_iibT11_
    0 bytes stack frame, 0 bytes spill stores, 0 bytes spill loads
ptxas info    : Used 50 registers, used 1 barriers, 8196 bytes smem
ptxas info    : Compile time = 42.438 ms
ptxas info    : Compiling entry function '_ZN3cub17_V_300500_SM_10006detail12batched_topk35device_segmented_topk_filter_kernelINS2_26policy_selector_from_typesIsllLl8388608EEELNS1_4topk6selectE0EN4cuda3__417constant_iteratorIPKslEENSA_IPslEENSA_INS9_17counting_iteratorIjlLi0ELi0ELi0EEElEENS9_18transform_iteratorINS2_26per_segment_indexed_out_opINSA_IPKllEENSA_IPllEEEENSG_IlnLi0ELi0ELi0EEEEENS1_6params13uniform_paramIlLl0ELl268435456EEENSU_IlLl1ELl8388608EEENSU_IlLl1ELl1EEESO_jPyNS1_21identity_decomposer_tEjjLi6EEEvT1_T2_T3_T4_T5_T6_T7_T8_PKT9_PNS6_7counterINS8_3std3__415iterator_traitsINS1E_IS10_vE10value_typeEvE10value_typeET12_T13_EEPS1J_PS1I_PNS1E_INS1E_IS12_vE10value_typeEvE10value_typeES1O_S1T_S1J_S1J_T10_iibT11_' for 'sm_100'
ptxas info    : Function properties for _ZN3cub17_V_300500_SM_10006detail12batched_topk35device_segmented_topk_filter_kernelINS2_26policy_selector_from_typesIsllLl8388608EEELNS1_4topk6selectE0EN4cuda3__417constant_iteratorIPKslEENSA_IPslEENSA_INS9_17counting_iteratorIjlLi0ELi0ELi0EEElEENS9_18transform_iteratorINS2_26per_segment_indexed_out_opINSA_IPKllEENSA_IPllEEEENSG_IlnLi0ELi0ELi0EEEEENS1_6params13uniform_paramIlLl0ELl268435456EEENSU_IlLl1ELl8388608EEENSU_IlLl1ELl1EEESO_jPyNS1_21identity_decomposer_tEjjLi6EEEvT1_T2_T3_T4_T5_T6_T7_T8_PKT9_PNS6_7counterINS8_3std3__415iterator_traitsINS1E_IS10_vE10value_typeEvE10value_typeET12_T13_EEPS1J_PS1I_PNS1E_INS1E_IS12_vE10value_typeEvE10value_typeES1O_S1T_S1J_S1J_T10_iibT11_
    0 bytes stack frame, 0 bytes spill stores, 0 bytes spill loads
ptxas info    : Used 50 registers, used 1 barriers, 8196 bytes smem
ptxas info    : Compile time = 42.497 ms
ptxas info    : Compiling entry function '_ZN3cub17_V_300500_SM_10006detail12batched_topk35device_segmented_topk_filter_kernelINS2_26policy_selector_from_typesIsllLl8388608EEELNS1_4topk6selectE0EN4cuda3__417constant_iteratorIPKslEENSA_IPslEENSA_INS9_17counting_iteratorIjlLi0ELi0ELi0EEElEENS9_18transform_iteratorINS2_26per_segment_indexed_out_opINSA_IPKllEENSA_IPllEEEENSG_IlnLi0ELi0ELi0EEEEENS1_6params13uniform_paramIlLl0ELl268435456EEENSU_IlLl1ELl8388608EEENSU_IlLl1ELl1EEESO_jPyNS1_21identity_decomposer_tEjjLi5EEEvT1_T2_T3_T4_T5_T6_T7_T8_PKT9_PNS6_7counterINS8_3std3__415iterator_traitsINS1E_IS10_vE10value_typeEvE10value_typeET12_T13_EEPS1J_PS1I_PNS1E_INS1E_IS12_vE10value_typeEvE10value_typeES1O_S1T_S1J_S1J_T10_iibT11_' for 'sm_100'
ptxas info    : Function properties for _ZN3cub17_V_300500_SM_10006detail12batched_topk35device_segmented_topk_filter_kernelINS2_26policy_selector_from_typesIsllLl8388608EEELNS1_4topk6selectE0EN4cuda3__417constant_iteratorIPKslEENSA_IPslEENSA_INS9_17counting_iteratorIjlLi0ELi0ELi0EEElEENS9_18transform_iteratorINS2_26per_segment_indexed_out_opINSA_IPKllEENSA_IPllEEEENSG_IlnLi0ELi0ELi0EEEEENS1_6params13uniform_paramIlLl0ELl268435456EEENSU_IlLl1ELl8388608EEENSU_IlLl1ELl1EEESO_jPyNS1_21identity_decomposer_tEjjLi5EEEvT1_T2_T3_T4_T5_T6_T7_T8_PKT9_PNS6_7counterINS8_3std3__415iterator_traitsINS1E_IS10_vE10value_typeEvE10value_typeET12_T13_EEPS1J_PS1I_PNS1E_INS1E_IS12_vE10value_typeEvE10value_typeES1O_S1T_S1J_S1J_T10_iibT11_
    0 bytes stack frame, 0 bytes spill stores, 0 bytes spill loads
ptxas info    : Used 50 registers, used 1 barriers, 8196 bytes smem
ptxas info    : Compile time = 42.710 ms
ptxas info    : Compiling entry function '_ZN3cub17_V_300500_SM_10006detail12batched_topk35device_segmented_topk_filter_kernelINS2_26policy_selector_from_typesIsllLl8388608EEELNS1_4topk6selectE0EN4cuda3__417constant_iteratorIPKslEENSA_IPslEENSA_INS9_17counting_iteratorIjlLi0ELi0ELi0EEElEENS9_18transform_iteratorINS2_26per_segment_indexed_out_opINSA_IPKllEENSA_IPllEEEENSG_IlnLi0ELi0ELi0EEEEENS1_6params13uniform_paramIlLl0ELl268435456EEENSU_IlLl1ELl8388608EEENSU_IlLl1ELl1EEESO_jPyNS1_21identity_decomposer_tEjjLi4EEEvT1_T2_T3_T4_T5_T6_T7_T8_PKT9_PNS6_7counterINS8_3std3__415iterator_traitsINS1E_IS10_vE10value_typeEvE10value_typeET12_T13_EEPS1J_PS1I_PNS1E_INS1E_IS12_vE10value_typeEvE10value_typeES1O_S1T_S1J_S1J_T10_iibT11_' for 'sm_100'
ptxas info    : Function properties for _ZN3cub17_V_300500_SM_10006detail12batched_topk35device_segmented_topk_filter_kernelINS2_26policy_selector_from_typesIsllLl8388608EEELNS1_4topk6selectE0EN4cuda3__417constant_iteratorIPKslEENSA_IPslEENSA_INS9_17counting_iteratorIjlLi0ELi0ELi0EEElEENS9_18transform_iteratorINS2_26per_segment_indexed_out_opINSA_IPKllEENSA_IPllEEEENSG_IlnLi0ELi0ELi0EEEEENS1_6params13uniform_paramIlLl0ELl268435456EEENSU_IlLl1ELl8388608EEENSU_IlLl1ELl1EEESO_jPyNS1_21identity_decomposer_tEjjLi4EEEvT1_T2_T3_T4_T5_T6_T7_T8_PKT9_PNS6_7counterINS8_3std3__415iterator_traitsINS1E_IS10_vE10value_typeEvE10value_typeET12_T13_EEPS1J_PS1I_PNS1E_INS1E_IS12_vE10value_typeEvE10value_typeES1O_S1T_S1J_S1J_T10_iibT11_
    0 bytes stack frame, 0 bytes spill stores, 0 bytes spill loads
ptxas info    : Used 50 registers, used 1 barriers, 8196 bytes smem
ptxas info    : Compile time = 42.430 ms
ptxas info    : Compiling entry function '_ZN3cub17_V_300500_SM_10006detail12batched_topk35device_segmented_topk_filter_kernelINS2_26policy_selector_from_typesIsllLl8388608EEELNS1_4topk6selectE0EN4cuda3__417constant_iteratorIPKslEENSA_IPslEENSA_INS9_17counting_iteratorIjlLi0ELi0ELi0EEElEENS9_18transform_iteratorINS2_26per_segment_indexed_out_opINSA_IPKllEENSA_IPllEEEENSG_IlnLi0ELi0ELi0EEEEENS1_6params13uniform_paramIlLl0ELl268435456EEENSU_IlLl1ELl8388608EEENSU_IlLl1ELl1EEESO_jPyNS1_21identity_decomposer_tEjjLi3EEEvT1_T2_T3_T4_T5_T6_T7_T8_PKT9_PNS6_7counterINS8_3std3__415iterator_traitsINS1E_IS10_vE10value_typeEvE10value_typeET12_T13_EEPS1J_PS1I_PNS1E_INS1E_IS12_vE10value_typeEvE10value_typeES1O_S1T_S1J_S1J_T10_iibT11_' for 'sm_100'
ptxas info    : Function properties for _ZN3cub17_V_300500_SM_10006detail12batched_topk35device_segmented_topk_filter_kernelINS2_26policy_selector_from_typesIsllLl8388608EEELNS1_4topk6selectE0EN4cuda3__417constant_iteratorIPKslEENSA_IPslEENSA_INS9_17counting_iteratorIjlLi0ELi0ELi0EEElEENS9_18transform_iteratorINS2_26per_segment_indexed_out_opINSA_IPKllEENSA_IPllEEEENSG_IlnLi0ELi0ELi0EEEEENS1_6params13uniform_paramIlLl0ELl268435456EEENSU_IlLl1ELl8388608EEENSU_IlLl1ELl1EEESO_jPyNS1_21identity_decomposer_tEjjLi3EEEvT1_T2_T3_T4_T5_T6_T7_T8_PKT9_PNS6_7counterINS8_3std3__415iterator_traitsINS1E_IS10_vE10value_typeEvE10value_typeET12_T13_EEPS1J_PS1I_PNS1E_INS1E_IS12_vE10value_typeEvE10value_typeES1O_S1T_S1J_S1J_T10_iibT11_
    0 bytes stack frame, 0 bytes spill stores, 0 bytes spill loads
ptxas info    : Used 50 registers, used 1 barriers, 8196 bytes smem
ptxas info    : Compile time = 42.435 ms
ptxas info    : Compiling entry function '_ZN3cub17_V_300500_SM_10006detail12batched_topk35device_segmented_topk_filter_kernelINS2_26policy_selector_from_typesIsllLl8388608EEELNS1_4topk6selectE0EN4cuda3__417constant_iteratorIPKslEENSA_IPslEENSA_INS9_17counting_iteratorIjlLi0ELi0ELi0EEElEENS9_18transform_iteratorINS2_26per_segment_indexed_out_opINSA_IPKllEENSA_IPllEEEENSG_IlnLi0ELi0ELi0EEEEENS1_6params13uniform_paramIlLl0ELl268435456EEENSU_IlLl1ELl8388608EEENSU_IlLl1ELl1EEESO_jPyNS1_21identity_decomposer_tEjjLi2EEEvT1_T2_T3_T4_T5_T6_T7_T8_PKT9_PNS6_7counterINS8_3std3__415iterator_traitsINS1E_IS10_vE10value_typeEvE10value_typeET12_T13_EEPS1J_PS1I_PNS1E_INS1E_IS12_vE10value_typeEvE10value_typeES1O_S1T_S1J_S1J_T10_iibT11_' for 'sm_100'
ptxas info    : Function properties for _ZN3cub17_V_300500_SM_10006detail12batched_topk35device_segmented_topk_filter_kernelINS2_26policy_selector_from_typesIsllLl8388608EEELNS1_4topk6selectE0EN4cuda3__417constant_iteratorIPKslEENSA_IPslEENSA_INS9_17counting_iteratorIjlLi0ELi0ELi0EEElEENS9_18transform_iteratorINS2_26per_segment_indexed_out_opINSA_IPKllEENSA_IPllEEEENSG_IlnLi0ELi0ELi0EEEEENS1_6params13uniform_paramIlLl0ELl268435456EEENSU_IlLl1ELl8388608EEENSU_IlLl1ELl1EEESO_jPyNS1_21identity_decomposer_tEjjLi2EEEvT1_T2_T3_T4_T5_T6_T7_T8_PKT9_PNS6_7counterINS8_3std3__415iterator_traitsINS1E_IS10_vE10value_typeEvE10value_typeET12_T13_EEPS1J_PS1I_PNS1E_INS1E_IS12_vE10value_typeEvE10value_typeES1O_S1T_S1J_S1J_T10_iibT11_
    0 bytes stack frame, 0 bytes spill stores, 0 bytes spill loads
ptxas info    : Used 50 registers, used 1 barriers, 8196 bytes smem
ptxas info    : Compile time = 42.450 ms
ptxas info    : Compiling entry function '_ZN3cub17_V_300500_SM_10006detail12batched_topk35device_segmented_topk_filter_kernelINS2_26policy_selector_from_typesIsllLl8388608EEELNS1_4topk6selectE0EN4cuda3__417constant_iteratorIPKslEENSA_IPslEENSA_INS9_17counting_iteratorIjlLi0ELi0ELi0EEElEENS9_18transform_iteratorINS2_26per_segment_indexed_out_opINSA_IPKllEENSA_IPllEEEENSG_IlnLi0ELi0ELi0EEEEENS1_6params13uniform_paramIlLl0ELl268435456EEENSU_IlLl1ELl8388608EEENSU_IlLl1ELl1EEESO_jPyNS1_21identity_decomposer_tEjjLi0EEEvT1_T2_T3_T4_T5_T6_T7_T8_PKT9_PNS6_7counterINS8_3std3__415iterator_traitsINS1E_IS10_vE10value_typeEvE10value_typeET12_T13_EEPS1J_PS1I_PNS1E_INS1E_IS12_vE10value_typeEvE10value_typeES1O_S1T_S1J_S1J_T10_iibT11_' for 'sm_100'
ptxas info    : Function properties for _ZN3cub17_V_300500_SM_10006detail12batched_topk35device_segmented_topk_filter_kernelINS2_26policy_selector_from_typesIsllLl8388608EEELNS1_4topk6selectE0EN4cuda3__417constant_iteratorIPKslEENSA_IPslEENSA_INS9_17counting_iteratorIjlLi0ELi0ELi0EEElEENS9_18transform_iteratorINS2_26per_segment_indexed_out_opINSA_IPKllEENSA_IPllEEEENSG_IlnLi0ELi0ELi0EEEEENS1_6params13uniform_paramIlLl0ELl268435456EEENSU_IlLl1ELl8388608EEENSU_IlLl1ELl1EEESO_jPyNS1_21identity_decomposer_tEjjLi0EEEvT1_T2_T3_T4_T5_T6_T7_T8_PKT9_PNS6_7counterINS8_3std3__415iterator_traitsINS1E_IS10_vE10value_typeEvE10value_typeET12_T13_EEPS1J_PS1I_PNS1E_INS1E_IS12_vE10value_typeEvE10value_typeES1O_S1T_S1J_S1J_T10_iibT11_
    16 bytes stack frame, 24 bytes spill stores, 24 bytes spill loads
ptxas info    : Used 40 registers, used 1 barriers, 16 bytes cumulative stack size, 8196 bytes smem
ptxas info    : Compile time = 37.955 ms
ptxas info    : Compiling entry function '_ZN3cub17_V_300500_SM_10006detail12batched_topk35device_segmented_topk_filter_kernelINS2_26policy_selector_from_typesIsllLl8388608EEELNS1_4topk6selectE0EN4cuda3__417constant_iteratorIPKslEENSA_IPslEENSA_INS9_17counting_iteratorIjlLi0ELi0ELi0EEElEENS9_18transform_iteratorINS2_26per_segment_indexed_out_opINSA_IPKllEENSA_IPllEEEENSG_IlnLi0ELi0ELi0EEEEENS1_6params13uniform_paramIlLl0ELl268435456EEENSU_IlLl1ELl8388608EEENSU_IlLl1ELl1EEESO_jPyNS1_21identity_decomposer_tEjjLi1EEEvT1_T2_T3_T4_T5_T6_T7_T8_PKT9_PNS6_7counterINS8_3std3__415iterator_traitsINS1E_IS10_vE10value_typeEvE10value_typeET12_T13_EEPS1J_PS1I_PNS1E_INS1E_IS12_vE10value_typeEvE10value_typeES1O_S1T_S1J_S1J_T10_iibT11_' for 'sm_100'
ptxas info    : Function properties for _ZN3cub17_V_300500_SM_10006detail12batched_topk35device_segmented_topk_filter_kernelINS2_26policy_selector_from_typesIsllLl8388608EEELNS1_4topk6selectE0EN4cuda3__417constant_iteratorIPKslEENSA_IPslEENSA_INS9_17counting_iteratorIjlLi0ELi0ELi0EEElEENS9_18transform_iteratorINS2_26per_segment_indexed_out_opINSA_IPKllEENSA_IPllEEEENSG_IlnLi0ELi0ELi0EEEEENS1_6params13uniform_paramIlLl0ELl268435456EEENSU_IlLl1ELl8388608EEENSU_IlLl1ELl1EEESO_jPyNS1_21identity_decomposer_tEjjLi1EEEvT1_T2_T3_T4_T5_T6_T7_T8_PKT9_PNS6_7counterINS8_3std3__415iterator_traitsINS1E_IS10_vE10value_typeEvE10value_typeET12_T13_EEPS1J_PS1I_PNS1E_INS1E_IS12_vE10value_typeEvE10value_typeES1O_S1T_S1J_S1J_T10_iibT11_
    0 bytes stack frame, 0 bytes spill stores, 0 bytes spill loads
ptxas info    : Used 50 registers, used 1 barriers, 8196 bytes smem
ptxas info    : Compile time = 43.782 ms
ptxas info    : Compiling entry function '_ZN3cub17_V_300500_SM_10006detail12batched_topk47device_segmented_topk_finalize_histogram_kernelINS2_26policy_selector_from_typesIsllLl8388608EEEN4cuda3__417constant_iteratorIPKslEENS1_6params13uniform_paramIlLl0ELl268435456EEENSD_IlLl1ELl8388608EEENSD_IlLl1ELl1EEEPlPyNS1_4topk16extract_bin_op_tIsLNSJ_6selectE0ELi11ENS1_21identity_decomposer_tELb1EEEjjsEEvT0_T1_T2_T3_T4_PNSJ_7counterIT9_T7_T8_EEPSV_T5_T6_ib' for 'sm_100'
ptxas info    : Function properties for _ZN3cub17_V_300500_SM_10006detail12batched_topk47device_segmented_topk_finalize_histogram_kernelINS2_26policy_selector_from_typesIsllLl8388608EEEN4cuda3__417constant_iteratorIPKslEENS1_6params13uniform_paramIlLl0ELl268435456EEENSD_IlLl1ELl8388608EEENSD_IlLl1ELl1EEEPlPyNS1_4topk16extract_bin_op_tIsLNSJ_6selectE0ELi11ENS1_21identity_decomposer_tELb1EEEjjsEEvT0_T1_T2_T3_T4_PNSJ_7counterIT9_T7_T8_EEPSV_T5_T6_ib
    0 bytes stack frame, 0 bytes spill stores, 0 bytes spill loads
ptxas info    : Used 32 registers, used 1 barriers, 8192 bytes smem
ptxas info    : Compile time = 10.648 ms
ptxas info    : Compiling entry function '_ZN3cub17_V_300500_SM_10006detail12batched_topk38device_segmented_topk_histogram_kernelINS2_26policy_selector_from_typesIsllLl8388608EEEN4cuda3__417constant_iteratorIPKslEENS1_6params13uniform_paramIlLl0ELl268435456EEENSD_IlLl1ELl8388608EEENSD_IlLl1ELl1EEEPljPyNS1_4topk16extract_bin_op_tIsLNSJ_6selectE0ELi11ENS1_21identity_decomposer_tELb1EEEjjjEEvT0_T1_T2_T3_T4_PKT5_PNSJ_7counterINS6_3std3__415iterator_traitsINSZ_ISO_vE10value_typeEvE10value_typeET8_T9_EEPS14_T6_T7_' for 'sm_100'
ptxas info    : Function properties for _ZN3cub17_V_300500_SM_10006detail12batched_topk38device_segmented_topk_histogram_kernelINS2_26policy_selector_from_typesIsllLl8388608EEEN4cuda3__417constant_iteratorIPKslEENS1_6params13uniform_paramIlLl0ELl268435456EEENSD_IlLl1ELl8388608EEENSD_IlLl1ELl1EEEPljPyNS1_4topk16extract_bin_op_tIsLNSJ_6selectE0ELi11ENS1_21identity_decomposer_tELb1EEEjjjEEvT0_T1_T2_T3_T4_PKT5_PNSJ_7counterINS6_3std3__415iterator_traitsINSZ_ISO_vE10value_typeEvE10value_typeET8_T9_EEPS14_T6_T7_
    0 bytes stack frame, 0 bytes spill stores, 0 bytes spill loads
ptxas info    : Used 32 registers, used 1 barriers, 8240 bytes smem
ptxas info    : Compile time = 39.741 ms
ptxas info    : Compiling entry function '_ZN3cub17_V_300500_SM_10006detail12batched_topk28device_segmented_topk_kernelINS2_26policy_selector_from_typesIsllLl8388608EEEN4cuda3__417constant_iteratorIPKslEENS8_IPslEENS8_IPKllEENS8_IPllEENS1_6params13uniform_paramIlLl0ELl268435456EEENSK_IlLl1ELl8388608EEENSJ_22uniform_discrete_paramINS1_4topk6selectEJLSP_1EEEENSK_IlLl1ELl1EEEjEEvT0_T1_T2_T3_T4_T5_T6_T7_PNS2_21batched_topk_countersINSZ_10value_typeEEEPS11_PT8_' for 'sm_100'
ptxas info    : Function properties for _ZN3cub17_V_300500_SM_10006detail12batched_topk28device_segmented_topk_kernelINS2_26policy_selector_from_typesIsllLl8388608EEEN4cuda3__417constant_iteratorIPKslEENS8_IPslEENS8_IPKllEENS8_IPllEENS1_6params13uniform_paramIlLl0ELl268435456EEENSK_IlLl1ELl8388608EEENSJ_22uniform_discrete_paramINS1_4topk6selectEJLSP_1EEEENSK_IlLl1ELl1EEEjEEvT0_T1_T2_T3_T4_T5_T6_T7_PNS2_21batched_topk_countersINSZ_10value_typeEEEPS11_PT8_
    0 bytes stack frame, 0 bytes spill stores, 0 bytes spill loads
ptxas info    : Used 196 registers, used 1 barriers, 33808 bytes smem
ptxas info    : Compile time = 63.148 ms
ptxas info    : Compiling entry function '_ZN3cub17_V_300500_SM_10006detail12batched_topk44device_segmented_topk_finalize_filter_kernelINS2_26policy_selector_from_typesIsilLl8388608EEELNS1_4topk6selectE1EN4cuda3__417constant_iteratorIPKslEENSA_IPslEENSA_INS9_17counting_iteratorIjlLi0ELi0ELi0EEElEENS9_18transform_iteratorINS2_26per_segment_indexed_out_opINSA_IPKilEENSA_IPilEEEENSG_IlnLi0ELi0ELi0EEEEENS1_6params13uniform_paramIlLl0ELl268435456EEENSU_IlLl1ELl8388608EEENSU_IlLl1ELl1EEEPljPyNS1_21identity_decomposer_tEjjsEEvT1_T2_T3_T4_T5_T6_T7_T8_PKT9_PNS6_7counterIT14_T12_T13_EEPS1E_PS1D_PNS8_3std3__415iterator_traitsINS1M_IS13_vE10value_typeEvE10value_typeES1J_S1R_T10_S1E_S1E_iiT11_b' for 'sm_100'
ptxas info    : Function properties for _ZN3cub17_V_300500_SM_10006detail12batched_topk44device_segmented_topk_finalize_filter_kernelINS2_26policy_selector_from_typesIsilLl8388608EEELNS1_4topk6selectE1EN4cuda3__417constant_iteratorIPKslEENSA_IPslEENSA_INS9_17counting_iteratorIjlLi0ELi0ELi0EEElEENS9_18transform_iteratorINS2_26per_segment_indexed_out_opINSA_IPKilEENSA_IPilEEEENSG_IlnLi0ELi0ELi0EEEEENS1_6params13uniform_paramIlLl0ELl268435456EEENSU_IlLl1ELl8388608EEENSU_IlLl1ELl1EEEPljPyNS1_21identity_decomposer_tEjjsEEvT1_T2_T3_T4_T5_T6_T7_T8_PKT9_PNS6_7counterIT14_T12_T13_EEPS1E_PS1D_PNS8_3std3__415iterator_traitsINS1M_IS13_vE10value_typeEvE10value_typeES1J_S1R_T10_S1E_S1E_iiT11_b
    0 bytes stack frame, 0 bytes spill stores, 0 bytes spill loads
ptxas info    : Used 64 registers, used 1 barriers, 8208 bytes smem
ptxas info    : Compile time = 51.154 ms
ptxas info    : Compiling entry function '_ZN3cub17_V_300500_SM_10006detail12batched_topk40device_segmented_topk_last_filter_kernelINS2_26policy_selector_from_typesIsilLl8388608EEELNS1_4topk6selectE1EN4cuda3__417constant_iteratorIPKslEENSA_IPslEENSA_INS9_17counting_iteratorIjlLi0ELi0ELi0EEElEENS9_18transform_iteratorINS2_26per_segment_indexed_out_opINSA_IPKilEENSA_IPilEEEENSG_IlnLi0ELi0ELi0EEEEENS1_6params13uniform_paramIlLl0ELl268435456EEENSU_IlLl1ELl8388608EEENSU_IlLl1ELl1EEEPljPyNS1_21identity_decomposer_tEjjEEvT1_T2_T3_T4_T5_T6_T7_T8_PKT9_PNS6_7counterINS8_3std3__415iterator_traitsINS1F_IS11_vE10value_typeEvE10value_typeET12_T13_EEPS1J_PNS1F_INS1F_IS13_vE10value_typeEvE10value_typeES1K_T10_iiT11_' for 'sm_100'
ptxas info    : Function properties for _ZN3cub17_V_300500_SM_10006detail12batched_topk40device_segmented_topk_last_filter_kernelINS2_26policy_selector_from_typesIsilLl8388608EEELNS1_4topk6selectE1EN4cuda3__417constant_iteratorIPKslEENSA_IPslEENSA_INS9_17counting_iteratorIjlLi0ELi0ELi0EEElEENS9_18transform_iteratorINS2_26per_segment_indexed_out_opINSA_IPKilEENSA_IPilEEEENSG_IlnLi0ELi0ELi0EEEEENS1_6params13uniform_paramIlLl0ELl268435456EEENSU_IlLl1ELl8388608EEENSU_IlLl1ELl1EEEPljPyNS1_21identity_decomposer_tEjjEEvT1_T2_T3_T4_T5_T6_T7_T8_PKT9_PNS6_7counterINS8_3std3__415iterator_traitsINS1F_IS11_vE10value_typeEvE10value_typeET12_T13_EEPS1J_PNS1F_INS1F_IS13_vE10value_typeEvE10value_typeES1K_T10_iiT11_
    0 bytes stack frame, 0 bytes spill stores, 0 bytes spill loads
ptxas info    : Used 64 registers, used 1 barriers
ptxas info    : Compile time = 392.142 ms
ptxas info    : Compiling entry function '_ZN3cub17_V_300500_SM_10006detail12batched_topk35device_segmented_topk_filter_kernelINS2_26policy_selector_from_typesIsilLl8388608EEELNS1_4topk6selectE1EN4cuda3__417constant_iteratorIPKslEENSA_IPslEENSA_INS9_17counting_iteratorIjlLi0ELi0ELi0EEElEENS9_18transform_iteratorINS2_26per_segment_indexed_out_opINSA_IPKilEENSA_IPilEEEENSG_IlnLi0ELi0ELi0EEEEENS1_6params13uniform_paramIlLl0ELl268435456EEENSU_IlLl1ELl8388608EEENSU_IlLl1ELl1EEEPljPyNS1_21identity_decomposer_tEjjLi7EEEvT1_T2_T3_T4_T5_T6_T7_T8_PKT9_PNS6_7counterINS8_3std3__415iterator_traitsINS1F_IS11_vE10value_typeEvE10value_typeET12_T13_EEPS1K_PS1J_PNS1F_INS1F_IS13_vE10value_typeEvE10value_typeES1P_S1U_S1K_S1K_T10_iibT11_' for 'sm_100'
ptxas info    : Function properties for _ZN3cub17_V_300500_SM_10006detail12batched_topk35device_segmented_topk_filter_kernelINS2_26policy_selector_from_typesIsilLl8388608EEELNS1_4topk6selectE1EN4cuda3__417constant_iteratorIPKslEENSA_IPslEENSA_INS9_17counting_iteratorIjlLi0ELi0ELi0EEElEENS9_18transform_iteratorINS2_26per_segment_indexed_out_opINSA_IPKilEENSA_IPilEEEENSG_IlnLi0ELi0ELi0EEEEENS1_6params13uniform_paramIlLl0ELl268435456EEENSU_IlLl1ELl8388608EEENSU_IlLl1ELl1EEEPljPyNS1_21identity_decomposer_tEjjLi7EEEvT1_T2_T3_T4_T5_T6_T7_T8_PKT9_PNS6_7counterINS8_3std3__415iterator_traitsINS1F_IS11_vE10value_typeEvE10value_typeET12_T13_EEPS1K_PS1J_PNS1F_INS1F_IS13_vE10value_typeEvE10value_typeES1P_S1U_S1K_S1K_T10_iibT11_
    8 bytes stack frame, 4 bytes spill stores, 4 bytes spill loads
ptxas info    : Used 40 registers, used 1 barriers, 8 bytes cumulative stack size, 8196 bytes smem
ptxas info    : Compile time = 43.935 ms
ptxas info    : Compiling entry function '_ZN3cub17_V_300500_SM_10006detail12batched_topk35device_segmented_topk_filter_kernelINS2_26policy_selector_from_typesIsilLl8388608EEELNS1_4topk6selectE1EN4cuda3__417constant_iteratorIPKslEENSA_IPslEENSA_INS9_17counting_iteratorIjlLi0ELi0ELi0EEElEENS9_18transform_iteratorINS2_26per_segment_indexed_out_opINSA_IPKilEENSA_IPilEEEENSG_IlnLi0ELi0ELi0EEEEENS1_6params13uniform_paramIlLl0ELl268435456EEENSU_IlLl1ELl8388608EEENSU_IlLl1ELl1EEEPljPyNS1_21identity_decomposer_tEjjLi6EEEvT1_T2_T3_T4_T5_T6_T7_T8_PKT9_PNS6_7counterINS8_3std3__415iterator_traitsINS1F_IS11_vE10value_typeEvE10value_typeET12_T13_EEPS1K_PS1J_PNS1F_INS1F_IS13_vE10value_typeEvE10value_typeES1P_S1U_S1K_S1K_T10_iibT11_' for 'sm_100'
ptxas info    : Function properties for _ZN3cub17_V_300500_SM_10006detail12batched_topk35device_segmented_topk_filter_kernelINS2_26policy_selector_from_typesIsilLl8388608EEELNS1_4topk6selectE1EN4cuda3__417constant_iteratorIPKslEENSA_IPslEENSA_INS9_17counting_iteratorIjlLi0ELi0ELi0EEElEENS9_18transform_iteratorINS2_26per_segment_indexed_out_opINSA_IPKilEENSA_IPilEEEENSG_IlnLi0ELi0ELi0EEEEENS1_6params13uniform_paramIlLl0ELl268435456EEENSU_IlLl1ELl8388608EEENSU_IlLl1ELl1EEEPljPyNS1_21identity_decomposer_tEjjLi6EEEvT1_T2_T3_T4_T5_T6_T7_T8_PKT9_PNS6_7counterINS8_3std3__415iterator_traitsINS1F_IS11_vE10value_typeEvE10value_typeET12_T13_EEPS1K_PS1J_PNS1F_INS1F_IS13_vE10value_typeEvE10value_typeES1P_S1U_S1K_S1K_T10_iibT11_
    8 bytes stack frame, 4 bytes spill stores, 4 bytes spill loads
ptxas info    : Used 40 registers, used 1 barriers, 8 bytes cumulative stack size, 8196 bytes smem
ptxas info    : Compile time = 43.844 ms
ptxas info    : Compiling entry function '_ZN3cub17_V_300500_SM_10006detail12batched_topk35device_segmented_topk_filter_kernelINS2_26policy_selector_from_typesIsilLl8388608EEELNS1_4topk6selectE1EN4cuda3__417constant_iteratorIPKslEENSA_IPslEENSA_INS9_17counting_iteratorIjlLi0ELi0ELi0EEElEENS9_18transform_iteratorINS2_26per_segment_indexed_out_opINSA_IPKilEENSA_IPilEEEENSG_IlnLi0ELi0ELi0EEEEENS1_6params13uniform_paramIlLl0ELl268435456EEENSU_IlLl1ELl8388608EEENSU_IlLl1ELl1EEEPljPyNS1_21identity_decomposer_tEjjLi5EEEvT1_T2_T3_T4_T5_T6_T7_T8_PKT9_PNS6_7counterINS8_3std3__415iterator_traitsINS1F_IS11_vE10value_typeEvE10value_typeET12_T13_EEPS1K_PS1J_PNS1F_INS1F_IS13_vE10value_typeEvE10value_typeES1P_S1U_S1K_S1K_T10_iibT11_' for 'sm_100'
ptxas info    : Function properties for _ZN3cub17_V_300500_SM_10006detail12batched_topk35device_segmented_topk_filter_kernelINS2_26policy_selector_from_typesIsilLl8388608EEELNS1_4topk6selectE1EN4cuda3__417constant_iteratorIPKslEENSA_IPslEENSA_INS9_17counting_iteratorIjlLi0ELi0ELi0EEElEENS9_18transform_iteratorINS2_26per_segment_indexed_out_opINSA_IPKilEENSA_IPilEEEENSG_IlnLi0ELi0ELi0EEEEENS1_6params13uniform_paramIlLl0ELl268435456EEENSU_IlLl1ELl8388608EEENSU_IlLl1ELl1EEEPljPyNS1_21identity_decomposer_tEjjLi5EEEvT1_T2_T3_T4_T5_T6_T7_T8_PKT9_PNS6_7counterINS8_3std3__415iterator_traitsINS1F_IS11_vE10value_typeEvE10value_typeET12_T13_EEPS1K_PS1J_PNS1F_INS1F_IS13_vE10value_typeEvE10value_typeES1P_S1U_S1K_S1K_T10_iibT11_
    8 bytes stack frame, 4 bytes spill stores, 4 bytes spill loads
ptxas info    : Used 40 registers, used 1 barriers, 8 bytes cumulative stack size, 8196 bytes smem
ptxas info    : Compile time = 43.331 ms
ptxas info    : Compiling entry function '_ZN3cub17_V_300500_SM_10006detail12batched_topk35device_segmented_topk_filter_kernelINS2_26policy_selector_from_typesIsilLl8388608EEELNS1_4topk6selectE1EN4cuda3__417constant_iteratorIPKslEENSA_IPslEENSA_INS9_17counting_iteratorIjlLi0ELi0ELi0EEElEENS9_18transform_iteratorINS2_26per_segment_indexed_out_opINSA_IPKilEENSA_IPilEEEENSG_IlnLi0ELi0ELi0EEEEENS1_6params13uniform_paramIlLl0ELl268435456EEENSU_IlLl1ELl8388608EEENSU_IlLl1ELl1EEEPljPyNS1_21identity_decomposer_tEjjLi4EEEvT1_T2_T3_T4_T5_T6_T7_T8_PKT9_PNS6_7counterINS8_3std3__415iterator_traitsINS1F_IS11_vE10value_typeEvE10value_typeET12_T13_EEPS1K_PS1J_PNS1F_INS1F_IS13_vE10value_typeEvE10value_typeES1P_S1U_S1K_S1K_T10_iibT11_' for 'sm_100'
ptxas info    : Function properties for _ZN3cub17_V_300500_SM_10006detail12batched_topk35device_segmented_topk_filter_kernelINS2_26policy_selector_from_typesIsilLl8388608EEELNS1_4topk6selectE1EN4cuda3__417constant_iteratorIPKslEENSA_IPslEENSA_INS9_17counting_iteratorIjlLi0ELi0ELi0EEElEENS9_18transform_iteratorINS2_26per_segment_indexed_out_opINSA_IPKilEENSA_IPilEEEENSG_IlnLi0ELi0ELi0EEEEENS1_6params13uniform_paramIlLl0ELl268435456EEENSU_IlLl1ELl8388608EEENSU_IlLl1ELl1EEEPljPyNS1_21identity_decomposer_tEjjLi4EEEvT1_T2_T3_T4_T5_T6_T7_T8_PKT9_PNS6_7counterINS8_3std3__415iterator_traitsINS1F_IS11_vE10value_typeEvE10value_typeET12_T13_EEPS1K_PS1J_PNS1F_INS1F_IS13_vE10value_typeEvE10value_typeES1P_S1U_S1K_S1K_T10_iibT11_
    8 bytes stack frame, 4 bytes spill stores, 4 bytes spill loads
ptxas info    : Used 40 registers, used 1 barriers, 8 bytes cumulative stack size, 8196 bytes smem
ptxas info    : Compile time = 43.373 ms
ptxas info    : Compiling entry function '_ZN3cub17_V_300500_SM_10006detail12batched_topk35device_segmented_topk_filter_kernelINS2_26policy_selector_from_typesIsilLl8388608EEELNS1_4topk6selectE1EN4cuda3__417constant_iteratorIPKslEENSA_IPslEENSA_INS9_17counting_iteratorIjlLi0ELi0ELi0EEElEENS9_18transform_iteratorINS2_26per_segment_indexed_out_opINSA_IPKilEENSA_IPilEEEENSG_IlnLi0ELi0ELi0EEEEENS1_6params13uniform_paramIlLl0ELl268435456EEENSU_IlLl1ELl8388608EEENSU_IlLl1ELl1EEEPljPyNS1_21identity_decomposer_tEjjLi3EEEvT1_T2_T3_T4_T5_T6_T7_T8_PKT9_PNS6_7counterINS8_3std3__415iterator_traitsINS1F_IS11_vE10value_typeEvE10value_typeET12_T13_EEPS1K_PS1J_PNS1F_INS1F_IS13_vE10value_typeEvE10value_typeES1P_S1U_S1K_S1K_T10_iibT11_' for 'sm_100'
ptxas info    : Function properties for _ZN3cub17_V_300500_SM_10006detail12batched_topk35device_segmented_topk_filter_kernelINS2_26policy_selector_from_typesIsilLl8388608EEELNS1_4topk6selectE1EN4cuda3__417constant_iteratorIPKslEENSA_IPslEENSA_INS9_17counting_iteratorIjlLi0ELi0ELi0EEElEENS9_18transform_iteratorINS2_26per_segment_indexed_out_opINSA_IPKilEENSA_IPilEEEENSG_IlnLi0ELi0ELi0EEEEENS1_6params13uniform_paramIlLl0ELl268435456EEENSU_IlLl1ELl8388608EEENSU_IlLl1ELl1EEEPljPyNS1_21identity_decomposer_tEjjLi3EEEvT1_T2_T3_T4_T5_T6_T7_T8_PKT9_PNS6_7counterINS8_3std3__415iterator_traitsINS1F_IS11_vE10value_typeEvE10value_typeET12_T13_EEPS1K_PS1J_PNS1F_INS1F_IS13_vE10value_typeEvE10value_typeES1P_S1U_S1K_S1K_T10_iibT11_
    8 bytes stack frame, 4 bytes spill stores, 4 bytes spill loads
ptxas info    : Used 40 registers, used 1 barriers, 8 bytes cumulative stack size, 8196 bytes smem
ptxas info    : Compile time = 43.745 ms
ptxas info    : Compiling entry function '_ZN3cub17_V_300500_SM_10006detail12batched_topk35device_segmented_topk_filter_kernelINS2_26policy_selector_from_typesIsilLl8388608EEELNS1_4topk6selectE1EN4cuda3__417constant_iteratorIPKslEENSA_IPslEENSA_INS9_17counting_iteratorIjlLi0ELi0ELi0EEElEENS9_18transform_iteratorINS2_26per_segment_indexed_out_opINSA_IPKilEENSA_IPilEEEENSG_IlnLi0ELi0ELi0EEEEENS1_6params13uniform_paramIlLl0ELl268435456EEENSU_IlLl1ELl8388608EEENSU_IlLl1ELl1EEEPljPyNS1_21identity_decomposer_tEjjLi2EEEvT1_T2_T3_T4_T5_T6_T7_T8_PKT9_PNS6_7counterINS8_3std3__415iterator_traitsINS1F_IS11_vE10value_typeEvE10value_typeET12_T13_EEPS1K_PS1J_PNS1F_INS1F_IS13_vE10value_typeEvE10value_typeES1P_S1U_S1K_S1K_T10_iibT11_' for 'sm_100'
ptxas info    : Function properties for _ZN3cub17_V_300500_SM_10006detail12batched_topk35device_segmented_topk_filter_kernelINS2_26policy_selector_from_typesIsilLl8388608EEELNS1_4topk6selectE1EN4cuda3__417constant_iteratorIPKslEENSA_IPslEENSA_INS9_17counting_iteratorIjlLi0ELi0ELi0EEElEENS9_18transform_iteratorINS2_26per_segment_indexed_out_opINSA_IPKilEENSA_IPilEEEENSG_IlnLi0ELi0ELi0EEEEENS1_6params13uniform_paramIlLl0ELl268435456EEENSU_IlLl1ELl8388608EEENSU_IlLl1ELl1EEEPljPyNS1_21identity_decomposer_tEjjLi2EEEvT1_T2_T3_T4_T5_T6_T7_T8_PKT9_PNS6_7counterINS8_3std3__415iterator_traitsINS1F_IS11_vE10value_typeEvE10value_typeET12_T13_EEPS1K_PS1J_PNS1F_INS1F_IS13_vE10value_typeEvE10value_typeES1P_S1U_S1K_S1K_T10_iibT11_
    8 bytes stack frame, 4 bytes spill stores, 4 bytes spill loads
ptxas info    : Used 40 registers, used 1 barriers, 8 bytes cumulative stack size, 8196 bytes smem
ptxas info    : Compile time = 43.550 ms
ptxas info    : Compiling entry function '_ZN3cub17_V_300500_SM_10006detail12batched_topk35device_segmented_topk_filter_kernelINS2_26policy_selector_from_typesIsilLl8388608EEELNS1_4topk6selectE1EN4cuda3__417constant_iteratorIPKslEENSA_IPslEENSA_INS9_17counting_iteratorIjlLi0ELi0ELi0EEElEENS9_18transform_iteratorINS2_26per_segment_indexed_out_opINSA_IPKilEENSA_IPilEEEENSG_IlnLi0ELi0ELi0EEEEENS1_6params13uniform_paramIlLl0ELl268435456EEENSU_IlLl1ELl8388608EEENSU_IlLl1ELl1EEEPljPyNS1_21identity_decomposer_tEjjLi0EEEvT1_T2_T3_T4_T5_T6_T7_T8_PKT9_PNS6_7counterINS8_3std3__415iterator_traitsINS1F_IS11_vE10value_typeEvE10value_typeET12_T13_EEPS1K_PS1J_PNS1F_INS1F_IS13_vE10value_typeEvE10value_typeES1P_S1U_S1K_S1K_T10_iibT11_' for 'sm_100'
ptxas info    : Function properties for _ZN3cub17_V_300500_SM_10006detail12batched_topk35device_segmented_topk_filter_kernelINS2_26policy_selector_from_typesIsilLl8388608EEELNS1_4topk6selectE1EN4cuda3__417constant_iteratorIPKslEENSA_IPslEENSA_INS9_17counting_iteratorIjlLi0ELi0ELi0EEElEENS9_18transform_iteratorINS2_26per_segment_indexed_out_opINSA_IPKilEENSA_IPilEEEENSG_IlnLi0ELi0ELi0EEEEENS1_6params13uniform_paramIlLl0ELl268435456EEENSU_IlLl1ELl8388608EEENSU_IlLl1ELl1EEEPljPyNS1_21identity_decomposer_tEjjLi0EEEvT1_T2_T3_T4_T5_T6_T7_T8_PKT9_PNS6_7counterINS8_3std3__415iterator_traitsINS1F_IS11_vE10value_typeEvE10value_typeET12_T13_EEPS1K_PS1J_PNS1F_INS1F_IS13_vE10value_typeEvE10value_typeES1P_S1U_S1K_S1K_T10_iibT11_
    16 bytes stack frame, 16 bytes spill stores, 16 bytes spill loads
ptxas info    : Used 40 registers, used 1 barriers, 16 bytes cumulative stack size, 8196 bytes smem
ptxas info    : Compile time = 38.044 ms
ptxas info    : Compiling entry function '_ZN3cub17_V_300500_SM_10006detail12batched_topk35device_segmented_topk_filter_kernelINS2_26policy_selector_from_typesIsilLl8388608EEELNS1_4topk6selectE1EN4cuda3__417constant_iteratorIPKslEENSA_IPslEENSA_INS9_17counting_iteratorIjlLi0ELi0ELi0EEElEENS9_18transform_iteratorINS2_26per_segment_indexed_out_opINSA_IPKilEENSA_IPilEEEENSG_IlnLi0ELi0ELi0EEEEENS1_6params13uniform_paramIlLl0ELl268435456EEENSU_IlLl1ELl8388608EEENSU_IlLl1ELl1EEEPljPyNS1_21identity_decomposer_tEjjLi1EEEvT1_T2_T3_T4_T5_T6_T7_T8_PKT9_PNS6_7counterINS8_3std3__415iterator_traitsINS1F_IS11_vE10value_typeEvE10value_typeET12_T13_EEPS1K_PS1J_PNS1F_INS1F_IS13_vE10value_typeEvE10value_typeES1P_S1U_S1K_S1K_T10_iibT11_' for 'sm_100'
ptxas info    : Function properties for _ZN3cub17_V_300500_SM_10006detail12batched_topk35device_segmented_topk_filter_kernelINS2_26policy_selector_from_typesIsilLl8388608EEELNS1_4topk6selectE1EN4cuda3__417constant_iteratorIPKslEENSA_IPslEENSA_INS9_17counting_iteratorIjlLi0ELi0ELi0EEElEENS9_18transform_iteratorINS2_26per_segment_indexed_out_opINSA_IPKilEENSA_IPilEEEENSG_IlnLi0ELi0ELi0EEEEENS1_6params13uniform_paramIlLl0ELl268435456EEENSU_IlLl1ELl8388608EEENSU_IlLl1ELl1EEEPljPyNS1_21identity_decomposer_tEjjLi1EEEvT1_T2_T3_T4_T5_T6_T7_T8_PKT9_PNS6_7counterINS8_3std3__415iterator_traitsINS1F_IS11_vE10value_typeEvE10value_typeET12_T13_EEPS1K_PS1J_PNS1F_INS1F_IS13_vE10value_typeEvE10value_typeES1P_S1U_S1K_S1K_T10_iibT11_
    8 bytes stack frame, 4 bytes spill stores, 4 bytes spill loads
ptxas info    : Used 40 registers, used 1 barriers, 8 bytes cumulative stack size, 8196 bytes smem
ptxas info    : Compile time = 44.954 ms
ptxas info    : Compiling entry function '_ZN3cub17_V_300500_SM_10006detail12batched_topk47device_segmented_topk_finalize_histogram_kernelINS2_26policy_selector_from_typesIsilLl8388608EEEN4cuda3__417constant_iteratorIPKslEENS1_6params13uniform_paramIlLl0ELl268435456EEENSD_IlLl1ELl8388608EEENSD_IlLl1ELl1EEEPlPyNS1_4topk16extract_bin_op_tIsLNSJ_6selectE1ELi11ENS1_21identity_decomposer_tELb1EEEjjsEEvT0_T1_T2_T3_T4_PNSJ_7counterIT9_T7_T8_EEPSV_T5_T6_ib' for 'sm_100'
ptxas info    : Function properties for _ZN3cub17_V_300500_SM_10006detail12batched_topk47device_segmented_topk_finalize_histogram_kernelINS2_26policy_selector_from_typesIsilLl8388608EEEN4cuda3__417constant_iteratorIPKslEENS1_6params13uniform_paramIlLl0ELl268435456EEENSD_IlLl1ELl8388608EEENSD_IlLl1ELl1EEEPlPyNS1_4topk16extract_bin_op_tIsLNSJ_6selectE1ELi11ENS1_21identity_decomposer_tELb1EEEjjsEEvT0_T1_T2_T3_T4_PNSJ_7counterIT9_T7_T8_EEPSV_T5_T6_ib
    0 bytes stack frame, 0 bytes spill stores, 0 bytes spill loads
ptxas info    : Used 32 registers, used 1 barriers, 8192 bytes smem
ptxas info    : Compile time = 10.944 ms
ptxas info    : Compiling entry function '_ZN3cub17_V_300500_SM_10006detail12batched_topk38device_segmented_topk_histogram_kernelINS2_26policy_selector_from_typesIsilLl8388608EEEN4cuda3__417constant_iteratorIPKslEENS1_6params13uniform_paramIlLl0ELl268435456EEENSD_IlLl1ELl8388608EEENSD_IlLl1ELl1EEEPljPyNS1_4topk16extract_bin_op_tIsLNSJ_6selectE1ELi11ENS1_21identity_decomposer_tELb1EEEjjjEEvT0_T1_T2_T3_T4_PKT5_PNSJ_7counterINS6_3std3__415iterator_traitsINSZ_ISO_vE10value_typeEvE10value_typeET8_T9_EEPS14_T6_T7_' for 'sm_100'
ptxas info    : Function properties for _ZN3cub17_V_300500_SM_10006detail12batched_topk38device_segmented_topk_histogram_kernelINS2_26policy_selector_from_typesIsilLl8388608EEEN4cuda3__417constant_iteratorIPKslEENS1_6params13uniform_paramIlLl0ELl268435456EEENSD_IlLl1ELl8388608EEENSD_IlLl1ELl1EEEPljPyNS1_4topk16extract_bin_op_tIsLNSJ_6selectE1ELi11ENS1_21identity_decomposer_tELb1EEEjjjEEvT0_T1_T2_T3_T4_PKT5_PNSJ_7counterINS6_3std3__415iterator_traitsINSZ_ISO_vE10value_typeEvE10value_typeET8_T9_EEPS14_T6_T7_
    0 bytes stack frame, 0 bytes spill stores, 0 bytes spill loads
ptxas info    : Used 32 registers, used 1 barriers, 8240 bytes smem
ptxas info    : Compile time = 39.837 ms
ptxas info    : Compiling entry function '_ZN3cub17_V_300500_SM_10006detail12batched_topk44device_segmented_topk_finalize_filter_kernelINS2_26policy_selector_from_typesIsilLl8388608EEELNS1_4topk6selectE0EN4cuda3__417constant_iteratorIPKslEENSA_IPslEENSA_INS9_17counting_iteratorIjlLi0ELi0ELi0EEElEENS9_18transform_iteratorINS2_26per_segment_indexed_out_opINSA_IPKilEENSA_IPilEEEENSG_IlnLi0ELi0ELi0EEEEENS1_6params13uniform_paramIlLl0ELl268435456EEENSU_IlLl1ELl8388608EEENSU_IlLl1ELl1EEEPljPyNS1_21identity_decomposer_tEjjsEEvT1_T2_T3_T4_T5_T6_T7_T8_PKT9_PNS6_7counterIT14_T12_T13_EEPS1E_PS1D_PNS8_3std3__415iterator_traitsINS1M_IS13_vE10value_typeEvE10value_typeES1J_S1R_T10_S1E_S1E_iiT11_b' for 'sm_100'
ptxas info    : Function properties for _ZN3cub17_V_300500_SM_10006detail12batched_topk44device_segmented_topk_finalize_filter_kernelINS2_26policy_selector_from_typesIsilLl8388608EEELNS1_4topk6selectE0EN4cuda3__417constant_iteratorIPKslEENSA_IPslEENSA_INS9_17counting_iteratorIjlLi0ELi0ELi0EEElEENS9_18transform_iteratorINS2_26per_segment_indexed_out_opINSA_IPKilEENSA_IPilEEEENSG_IlnLi0ELi0ELi0EEEEENS1_6params13uniform_paramIlLl0ELl268435456EEENSU_IlLl1ELl8388608EEENSU_IlLl1ELl1EEEPljPyNS1_21identity_decomposer_tEjjsEEvT1_T2_T3_T4_T5_T6_T7_T8_PKT9_PNS6_7counterIT14_T12_T13_EEPS1E_PS1D_PNS8_3std3__415iterator_traitsINS1M_IS13_vE10value_typeEvE10value_typeES1J_S1R_T10_S1E_S1E_iiT11_b
    0 bytes stack frame, 0 bytes spill stores, 0 bytes spill loads
ptxas info    : Used 64 registers, used 1 barriers, 8208 bytes smem
ptxas info    : Compile time = 51.111 ms
ptxas info    : Compiling entry function '_ZN3cub17_V_300500_SM_10006detail12batched_topk40device_segmented_topk_last_filter_kernelINS2_26policy_selector_from_typesIsilLl8388608EEELNS1_4topk6selectE0EN4cuda3__417constant_iteratorIPKslEENSA_IPslEENSA_INS9_17counting_iteratorIjlLi0ELi0ELi0EEElEENS9_18transform_iteratorINS2_26per_segment_indexed_out_opINSA_IPKilEENSA_IPilEEEENSG_IlnLi0ELi0ELi0EEEEENS1_6params13uniform_paramIlLl0ELl268435456EEENSU_IlLl1ELl8388608EEENSU_IlLl1ELl1EEEPljPyNS1_21identity_decomposer_tEjjEEvT1_T2_T3_T4_T5_T6_T7_T8_PKT9_PNS6_7counterINS8_3std3__415iterator_traitsINS1F_IS11_vE10value_typeEvE10value_typeET12_T13_EEPS1J_PNS1F_INS1F_IS13_vE10value_typeEvE10value_typeES1K_T10_iiT11_' for 'sm_100'
ptxas info    : Function properties for _ZN3cub17_V_300500_SM_10006detail12batched_topk40device_segmented_topk_last_filter_kernelINS2_26policy_selector_from_typesIsilLl8388608EEELNS1_4topk6selectE0EN4cuda3__417constant_iteratorIPKslEENSA_IPslEENSA_INS9_17counting_iteratorIjlLi0ELi0ELi0EEElEENS9_18transform_iteratorINS2_26per_segment_indexed_out_opINSA_IPKilEENSA_IPilEEEENSG_IlnLi0ELi0ELi0EEEEENS1_6params13uniform_paramIlLl0ELl268435456EEENSU_IlLl1ELl8388608EEENSU_IlLl1ELl1EEEPljPyNS1_21identity_decomposer_tEjjEEvT1_T2_T3_T4_T5_T6_T7_T8_PKT9_PNS6_7counterINS8_3std3__415iterator_traitsINS1F_IS11_vE10value_typeEvE10value_typeET12_T13_EEPS1J_PNS1F_INS1F_IS13_vE10value_typeEvE10value_typeES1K_T10_iiT11_
    0 bytes stack frame, 0 bytes spill stores, 0 bytes spill loads
ptxas info    : Used 64 registers, used 1 barriers
ptxas info    : Compile time = 385.946 ms
ptxas info    : Compiling entry function '_ZN3cub17_V_300500_SM_10006detail12batched_topk35device_segmented_topk_filter_kernelINS2_26policy_selector_from_typesIsilLl8388608EEELNS1_4topk6selectE0EN4cuda3__417constant_iteratorIPKslEENSA_IPslEENSA_INS9_17counting_iteratorIjlLi0ELi0ELi0EEElEENS9_18transform_iteratorINS2_26per_segment_indexed_out_opINSA_IPKilEENSA_IPilEEEENSG_IlnLi0ELi0ELi0EEEEENS1_6params13uniform_paramIlLl0ELl268435456EEENSU_IlLl1ELl8388608EEENSU_IlLl1ELl1EEEPljPyNS1_21identity_decomposer_tEjjLi7EEEvT1_T2_T3_T4_T5_T6_T7_T8_PKT9_PNS6_7counterINS8_3std3__415iterator_traitsINS1F_IS11_vE10value_typeEvE10value_typeET12_T13_EEPS1K_PS1J_PNS1F_INS1F_IS13_vE10value_typeEvE10value_typeES1P_S1U_S1K_S1K_T10_iibT11_' for 'sm_100'
ptxas info    : Function properties for _ZN3cub17_V_300500_SM_10006detail12batched_topk35device_segmented_topk_filter_kernelINS2_26policy_selector_from_typesIsilLl8388608EEELNS1_4topk6selectE0EN4cuda3__417constant_iteratorIPKslEENSA_IPslEENSA_INS9_17counting_iteratorIjlLi0ELi0ELi0EEElEENS9_18transform_iteratorINS2_26per_segment_indexed_out_opINSA_IPKilEENSA_IPilEEEENSG_IlnLi0ELi0ELi0EEEEENS1_6params13uniform_paramIlLl0ELl268435456EEENSU_IlLl1ELl8388608EEENSU_IlLl1ELl1EEEPljPyNS1_21identity_decomposer_tEjjLi7EEEvT1_T2_T3_T4_T5_T6_T7_T8_PKT9_PNS6_7counterINS8_3std3__415iterator_traitsINS1F_IS11_vE10value_typeEvE10value_typeET12_T13_EEPS1K_PS1J_PNS1F_INS1F_IS13_vE10value_typeEvE10value_typeES1P_S1U_S1K_S1K_T10_iibT11_
    8 bytes stack frame, 4 bytes spill stores, 4 bytes spill loads
ptxas info    : Used 40 registers, used 1 barriers, 8 bytes cumulative stack size, 8196 bytes smem
ptxas info    : Compile time = 43.442 ms
ptxas info    : Compiling entry function '_ZN3cub17_V_300500_SM_10006detail12batched_topk35device_segmented_topk_filter_kernelINS2_26policy_selector_from_typesIsilLl8388608EEELNS1_4topk6selectE0EN4cuda3__417constant_iteratorIPKslEENSA_IPslEENSA_INS9_17counting_iteratorIjlLi0ELi0ELi0EEElEENS9_18transform_iteratorINS2_26per_segment_indexed_out_opINSA_IPKilEENSA_IPilEEEENSG_IlnLi0ELi0ELi0EEEEENS1_6params13uniform_paramIlLl0ELl268435456EEENSU_IlLl1ELl8388608EEENSU_IlLl1ELl1EEEPljPyNS1_21identity_decomposer_tEjjLi6EEEvT1_T2_T3_T4_T5_T6_T7_T8_PKT9_PNS6_7counterINS8_3std3__415iterator_traitsINS1F_IS11_vE10value_typeEvE10value_typeET12_T13_EEPS1K_PS1J_PNS1F_INS1F_IS13_vE10value_typeEvE10value_typeES1P_S1U_S1K_S1K_T10_iibT11_' for 'sm_100'
ptxas info    : Function properties for _ZN3cub17_V_300500_SM_10006detail12batched_topk35device_segmented_topk_filter_kernelINS2_26policy_selector_from_typesIsilLl8388608EEELNS1_4topk6selectE0EN4cuda3__417constant_iteratorIPKslEENSA_IPslEENSA_INS9_17counting_iteratorIjlLi0ELi0ELi0EEElEENS9_18transform_iteratorINS2_26per_segment_indexed_out_opINSA_IPKilEENSA_IPilEEEENSG_IlnLi0ELi0ELi0EEEEENS1_6params13uniform_paramIlLl0ELl268435456EEENSU_IlLl1ELl8388608EEENSU_IlLl1ELl1EEEPljPyNS1_21identity_decomposer_tEjjLi6EEEvT1_T2_T3_T4_T5_T6_T7_T8_PKT9_PNS6_7counterINS8_3std3__415iterator_traitsINS1F_IS11_vE10value_typeEvE10value_typeET12_T13_EEPS1K_PS1J_PNS1F_INS1F_IS13_vE10value_typeEvE10value_typeES1P_S1U_S1K_S1K_T10_iibT11_
    8 bytes stack frame, 4 bytes spill stores, 4 bytes spill loads
ptxas info    : Used 40 registers, used 1 barriers, 8 bytes cumulative stack size, 8196 bytes smem
ptxas info    : Compile time = 43.412 ms
ptxas info    : Compiling entry function '_ZN3cub17_V_300500_SM_10006detail12batched_topk35device_segmented_topk_filter_kernelINS2_26policy_selector_from_typesIsilLl8388608EEELNS1_4topk6selectE0EN4cuda3__417constant_iteratorIPKslEENSA_IPslEENSA_INS9_17counting_iteratorIjlLi0ELi0ELi0EEElEENS9_18transform_iteratorINS2_26per_segment_indexed_out_opINSA_IPKilEENSA_IPilEEEENSG_IlnLi0ELi0ELi0EEEEENS1_6params13uniform_paramIlLl0ELl268435456EEENSU_IlLl1ELl8388608EEENSU_IlLl1ELl1EEEPljPyNS1_21identity_decomposer_tEjjLi5EEEvT1_T2_T3_T4_T5_T6_T7_T8_PKT9_PNS6_7counterINS8_3std3__415iterator_traitsINS1F_IS11_vE10value_typeEvE10value_typeET12_T13_EEPS1K_PS1J_PNS1F_INS1F_IS13_vE10value_typeEvE10value_typeES1P_S1U_S1K_S1K_T10_iibT11_' for 'sm_100'
ptxas info    : Function properties for _ZN3cub17_V_300500_SM_10006detail12batched_topk35device_segmented_topk_filter_kernelINS2_26policy_selector_from_typesIsilLl8388608EEELNS1_4topk6selectE0EN4cuda3__417constant_iteratorIPKslEENSA_IPslEENSA_INS9_17counting_iteratorIjlLi0ELi0ELi0EEElEENS9_18transform_iteratorINS2_26per_segment_indexed_out_opINSA_IPKilEENSA_IPilEEEENSG_IlnLi0ELi0ELi0EEEEENS1_6params13uniform_paramIlLl0ELl268435456EEENSU_IlLl1ELl8388608EEENSU_IlLl1ELl1EEEPljPyNS1_21identity_decomposer_tEjjLi5EEEvT1_T2_T3_T4_T5_T6_T7_T8_PKT9_PNS6_7counterINS8_3std3__415iterator_traitsINS1F_IS11_vE10value_typeEvE10value_typeET12_T13_EEPS1K_PS1J_PNS1F_INS1F_IS13_vE10value_typeEvE10value_typeES1P_S1U_S1K_S1K_T10_iibT11_
    8 bytes stack frame, 4 bytes spill stores, 4 bytes spill loads
ptxas info    : Used 40 registers, used 1 barriers, 8 bytes cumulative stack size, 8196 bytes smem
ptxas info    : Compile time = 43.419 ms
ptxas info    : Compiling entry function '_ZN3cub17_V_300500_SM_10006detail12batched_topk35device_segmented_topk_filter_kernelINS2_26policy_selector_from_typesIsilLl8388608EEELNS1_4topk6selectE0EN4cuda3__417constant_iteratorIPKslEENSA_IPslEENSA_INS9_17counting_iteratorIjlLi0ELi0ELi0EEElEENS9_18transform_iteratorINS2_26per_segment_indexed_out_opINSA_IPKilEENSA_IPilEEEENSG_IlnLi0ELi0ELi0EEEEENS1_6params13uniform_paramIlLl0ELl268435456EEENSU_IlLl1ELl8388608EEENSU_IlLl1ELl1EEEPljPyNS1_21identity_decomposer_tEjjLi4EEEvT1_T2_T3_T4_T5_T6_T7_T8_PKT9_PNS6_7counterINS8_3std3__415iterator_traitsINS1F_IS11_vE10value_typeEvE10value_typeET12_T13_EEPS1K_PS1J_PNS1F_INS1F_IS13_vE10value_typeEvE10value_typeES1P_S1U_S1K_S1K_T10_iibT11_' for 'sm_100'
ptxas info    : Function properties for _ZN3cub17_V_300500_SM_10006detail12batched_topk35device_segmented_topk_filter_kernelINS2_26policy_selector_from_typesIsilLl8388608EEELNS1_4topk6selectE0EN4cuda3__417constant_iteratorIPKslEENSA_IPslEENSA_INS9_17counting_iteratorIjlLi0ELi0ELi0EEElEENS9_18transform_iteratorINS2_26per_segment_indexed_out_opINSA_IPKilEENSA_IPilEEEENSG_IlnLi0ELi0ELi0EEEEENS1_6params13uniform_paramIlLl0ELl268435456EEENSU_IlLl1ELl8388608EEENSU_IlLl1ELl1EEEPljPyNS1_21identity_decomposer_tEjjLi4EEEvT1_T2_T3_T4_T5_T6_T7_T8_PKT9_PNS6_7counterINS8_3std3__415iterator_traitsINS1F_IS11_vE10value_typeEvE10value_typeET12_T13_EEPS1K_PS1J_PNS1F_INS1F_IS13_vE10value_typeEvE10value_typeES1P_S1U_S1K_S1K_T10_iibT11_
    8 bytes stack frame, 4 bytes spill stores, 4 bytes spill loads
ptxas info    : Used 40 registers, used 1 barriers, 8 bytes cumulative stack size, 8196 bytes smem
ptxas info    : Compile time = 43.387 ms
ptxas info    : Compiling entry function '_ZN3cub17_V_300500_SM_10006detail12batched_topk35device_segmented_topk_filter_kernelINS2_26policy_selector_from_typesIsilLl8388608EEELNS1_4topk6selectE0EN4cuda3__417constant_iteratorIPKslEENSA_IPslEENSA_INS9_17counting_iteratorIjlLi0ELi0ELi0EEElEENS9_18transform_iteratorINS2_26per_segment_indexed_out_opINSA_IPKilEENSA_IPilEEEENSG_IlnLi0ELi0ELi0EEEEENS1_6params13uniform_paramIlLl0ELl268435456EEENSU_IlLl1ELl8388608EEENSU_IlLl1ELl1EEEPljPyNS1_21identity_decomposer_tEjjLi3EEEvT1_T2_T3_T4_T5_T6_T7_T8_PKT9_PNS6_7counterINS8_3std3__415iterator_traitsINS1F_IS11_vE10value_typeEvE10value_typeET12_T13_EEPS1K_PS1J_PNS1F_INS1F_IS13_vE10value_typeEvE10value_typeES1P_S1U_S1K_S1K_T10_iibT11_' for 'sm_100'
ptxas info    : Function properties for _ZN3cub17_V_300500_SM_10006detail12batched_topk35device_segmented_topk_filter_kernelINS2_26policy_selector_from_typesIsilLl8388608EEELNS1_4topk6selectE0EN4cuda3__417constant_iteratorIPKslEENSA_IPslEENSA_INS9_17counting_iteratorIjlLi0ELi0ELi0EEElEENS9_18transform_iteratorINS2_26per_segment_indexed_out_opINSA_IPKilEENSA_IPilEEEENSG_IlnLi0ELi0ELi0EEEEENS1_6params13uniform_paramIlLl0ELl268435456EEENSU_IlLl1ELl8388608EEENSU_IlLl1ELl1EEEPljPyNS1_21identity_decomposer_tEjjLi3EEEvT1_T2_T3_T4_T5_T6_T7_T8_PKT9_PNS6_7counterINS8_3std3__415iterator_traitsINS1F_IS11_vE10value_typeEvE10value_typeET12_T13_EEPS1K_PS1J_PNS1F_INS1F_IS13_vE10value_typeEvE10value_typeES1P_S1U_S1K_S1K_T10_iibT11_
    8 bytes stack frame, 4 bytes spill stores, 4 bytes spill loads
ptxas info    : Used 40 registers, used 1 barriers, 8 bytes cumulative stack size, 8196 bytes smem
ptxas info    : Compile time = 43.375 ms
ptxas info    : Compiling entry function '_ZN3cub17_V_300500_SM_10006detail12batched_topk35device_segmented_topk_filter_kernelINS2_26policy_selector_from_typesIsilLl8388608EEELNS1_4topk6selectE0EN4cuda3__417constant_iteratorIPKslEENSA_IPslEENSA_INS9_17counting_iteratorIjlLi0ELi0ELi0EEElEENS9_18transform_iteratorINS2_26per_segment_indexed_out_opINSA_IPKilEENSA_IPilEEEENSG_IlnLi0ELi0ELi0EEEEENS1_6params13uniform_paramIlLl0ELl268435456EEENSU_IlLl1ELl8388608EEENSU_IlLl1ELl1EEEPljPyNS1_21identity_decomposer_tEjjLi2EEEvT1_T2_T3_T4_T5_T6_T7_T8_PKT9_PNS6_7counterINS8_3std3__415iterator_traitsINS1F_IS11_vE10value_typeEvE10value_typeET12_T13_EEPS1K_PS1J_PNS1F_INS1F_IS13_vE10value_typeEvE10value_typeES1P_S1U_S1K_S1K_T10_iibT11_' for 'sm_100'
ptxas info    : Function properties for _ZN3cub17_V_300500_SM_10006detail12batched_topk35device_segmented_topk_filter_kernelINS2_26policy_selector_from_typesIsilLl8388608EEELNS1_4topk6selectE0EN4cuda3__417constant_iteratorIPKslEENSA_IPslEENSA_INS9_17counting_iteratorIjlLi0ELi0ELi0EEElEENS9_18transform_iteratorINS2_26per_segment_indexed_out_opINSA_IPKilEENSA_IPilEEEENSG_IlnLi0ELi0ELi0EEEEENS1_6params13uniform_paramIlLl0ELl268435456EEENSU_IlLl1ELl8388608EEENSU_IlLl1ELl1EEEPljPyNS1_21identity_decomposer_tEjjLi2EEEvT1_T2_T3_T4_T5_T6_T7_T8_PKT9_PNS6_7counterINS8_3std3__415iterator_traitsINS1F_IS11_vE10value_typeEvE10value_typeET12_T13_EEPS1K_PS1J_PNS1F_INS1F_IS13_vE10value_typeEvE10value_typeES1P_S1U_S1K_S1K_T10_iibT11_
    8 bytes stack frame, 4 bytes spill stores, 4 bytes spill loads
ptxas info    : Used 40 registers, used 1 barriers, 8 bytes cumulative stack size, 8196 bytes smem
ptxas info    : Compile time = 43.386 ms
ptxas info    : Compiling entry function '_ZN3cub17_V_300500_SM_10006detail12batched_topk35device_segmented_topk_filter_kernelINS2_26policy_selector_from_typesIsilLl8388608EEELNS1_4topk6selectE0EN4cuda3__417constant_iteratorIPKslEENSA_IPslEENSA_INS9_17counting_iteratorIjlLi0ELi0ELi0EEElEENS9_18transform_iteratorINS2_26per_segment_indexed_out_opINSA_IPKilEENSA_IPilEEEENSG_IlnLi0ELi0ELi0EEEEENS1_6params13uniform_paramIlLl0ELl268435456EEENSU_IlLl1ELl8388608EEENSU_IlLl1ELl1EEEPljPyNS1_21identity_decomposer_tEjjLi0EEEvT1_T2_T3_T4_T5_T6_T7_T8_PKT9_PNS6_7counterINS8_3std3__415iterator_traitsINS1F_IS11_vE10value_typeEvE10value_typeET12_T13_EEPS1K_PS1J_PNS1F_INS1F_IS13_vE10value_typeEvE10value_typeES1P_S1U_S1K_S1K_T10_iibT11_' for 'sm_100'
ptxas info    : Function properties for _ZN3cub17_V_300500_SM_10006detail12batched_topk35device_segmented_topk_filter_kernelINS2_26policy_selector_from_typesIsilLl8388608EEELNS1_4topk6selectE0EN4cuda3__417constant_iteratorIPKslEENSA_IPslEENSA_INS9_17counting_iteratorIjlLi0ELi0ELi0EEElEENS9_18transform_iteratorINS2_26per_segment_indexed_out_opINSA_IPKilEENSA_IPilEEEENSG_IlnLi0ELi0ELi0EEEEENS1_6params13uniform_paramIlLl0ELl268435456EEENSU_IlLl1ELl8388608EEENSU_IlLl1ELl1EEEPljPyNS1_21identity_decomposer_tEjjLi0EEEvT1_T2_T3_T4_T5_T6_T7_T8_PKT9_PNS6_7counterINS8_3std3__415iterator_traitsINS1F_IS11_vE10value_typeEvE10value_typeET12_T13_EEPS1K_PS1J_PNS1F_INS1F_IS13_vE10value_typeEvE10value_typeES1P_S1U_S1K_S1K_T10_iibT11_
    16 bytes stack frame, 16 bytes spill stores, 16 bytes spill loads
ptxas info    : Used 40 registers, used 1 barriers, 16 bytes cumulative stack size, 8196 bytes smem
ptxas info    : Compile time = 37.992 ms
ptxas info    : Compiling entry function '_ZN3cub17_V_300500_SM_10006detail12batched_topk35device_segmented_topk_filter_kernelINS2_26policy_selector_from_typesIsilLl8388608EEELNS1_4topk6selectE0EN4cuda3__417constant_iteratorIPKslEENSA_IPslEENSA_INS9_17counting_iteratorIjlLi0ELi0ELi0EEElEENS9_18transform_iteratorINS2_26per_segment_indexed_out_opINSA_IPKilEENSA_IPilEEEENSG_IlnLi0ELi0ELi0EEEEENS1_6params13uniform_paramIlLl0ELl268435456EEENSU_IlLl1ELl8388608EEENSU_IlLl1ELl1EEEPljPyNS1_21identity_decomposer_tEjjLi1EEEvT1_T2_T3_T4_T5_T6_T7_T8_PKT9_PNS6_7counterINS8_3std3__415iterator_traitsINS1F_IS11_vE10value_typeEvE10value_typeET12_T13_EEPS1K_PS1J_PNS1F_INS1F_IS13_vE10value_typeEvE10value_typeES1P_S1U_S1K_S1K_T10_iibT11_' for 'sm_100'
ptxas info    : Function properties for _ZN3cub17_V_300500_SM_10006detail12batched_topk35device_segmented_topk_filter_kernelINS2_26policy_selector_from_typesIsilLl8388608EEELNS1_4topk6selectE0EN4cuda3__417constant_iteratorIPKslEENSA_IPslEENSA_INS9_17counting_iteratorIjlLi0ELi0ELi0EEElEENS9_18transform_iteratorINS2_26per_segment_indexed_out_opINSA_IPKilEENSA_IPilEEEENSG_IlnLi0ELi0ELi0EEEEENS1_6params13uniform_paramIlLl0ELl268435456EEENSU_IlLl1ELl8388608EEENSU_IlLl1ELl1EEEPljPyNS1_21identity_decomposer_tEjjLi1EEEvT1_T2_T3_T4_T5_T6_T7_T8_PKT9_PNS6_7counterINS8_3std3__415iterator_traitsINS1F_IS11_vE10value_typeEvE10value_typeET12_T13_EEPS1K_PS1J_PNS1F_INS1F_IS13_vE10value_typeEvE10value_typeES1P_S1U_S1K_S1K_T10_iibT11_
    8 bytes stack frame, 4 bytes spill stores, 4 bytes spill loads
ptxas info    : Used 40 registers, used 1 barriers, 8 bytes cumulative stack size, 8196 bytes smem
ptxas info    : Compile time = 44.805 ms
ptxas info    : Compiling entry function '_ZN3cub17_V_300500_SM_10006detail12batched_topk47device_segmented_topk_finalize_histogram_kernelINS2_26policy_selector_from_typesIsilLl8388608EEEN4cuda3__417constant_iteratorIPKslEENS1_6params13uniform_paramIlLl0ELl268435456EEENSD_IlLl1ELl8388608EEENSD_IlLl1ELl1EEEPlPyNS1_4topk16extract_bin_op_tIsLNSJ_6selectE0ELi11ENS1_21identity_decomposer_tELb1EEEjjsEEvT0_T1_T2_T3_T4_PNSJ_7counterIT9_T7_T8_EEPSV_T5_T6_ib' for 'sm_100'
ptxas info    : Function properties for _ZN3cub17_V_300500_SM_10006detail12batched_topk47device_segmented_topk_finalize_histogram_kernelINS2_26policy_selector_from_typesIsilLl8388608EEEN4cuda3__417constant_iteratorIPKslEENS1_6params13uniform_paramIlLl0ELl268435456EEENSD_IlLl1ELl8388608EEENSD_IlLl1ELl1EEEPlPyNS1_4topk16extract_bin_op_tIsLNSJ_6selectE0ELi11ENS1_21identity_decomposer_tELb1EEEjjsEEvT0_T1_T2_T3_T4_PNSJ_7counterIT9_T7_T8_EEPSV_T5_T6_ib
    0 bytes stack frame, 0 bytes spill stores, 0 bytes spill loads
ptxas info    : Used 32 registers, used 1 barriers, 8192 bytes smem
ptxas info    : Compile time = 10.674 ms
ptxas info    : Compiling entry function '_ZN3cub17_V_300500_SM_10006detail12batched_topk38device_segmented_topk_histogram_kernelINS2_26policy_selector_from_typesIsilLl8388608EEEN4cuda3__417constant_iteratorIPKslEENS1_6params13uniform_paramIlLl0ELl268435456EEENSD_IlLl1ELl8388608EEENSD_IlLl1ELl1EEEPljPyNS1_4topk16extract_bin_op_tIsLNSJ_6selectE0ELi11ENS1_21identity_decomposer_tELb1EEEjjjEEvT0_T1_T2_T3_T4_PKT5_PNSJ_7counterINS6_3std3__415iterator_traitsINSZ_ISO_vE10value_typeEvE10value_typeET8_T9_EEPS14_T6_T7_' for 'sm_100'
ptxas info    : Function properties for _ZN3cub17_V_300500_SM_10006detail12batched_topk38device_segmented_topk_histogram_kernelINS2_26policy_selector_from_typesIsilLl8388608EEEN4cuda3__417constant_iteratorIPKslEENS1_6params13uniform_paramIlLl0ELl268435456EEENSD_IlLl1ELl8388608EEENSD_IlLl1ELl1EEEPljPyNS1_4topk16extract_bin_op_tIsLNSJ_6selectE0ELi11ENS1_21identity_decomposer_tELb1EEEjjjEEvT0_T1_T2_T3_T4_PKT5_PNSJ_7counterINS6_3std3__415iterator_traitsINSZ_ISO_vE10value_typeEvE10value_typeET8_T9_EEPS14_T6_T7_
    0 bytes stack frame, 0 bytes spill stores, 0 bytes spill loads
ptxas info    : Used 32 registers, used 1 barriers, 8240 bytes smem
ptxas info    : Compile time = 39.599 ms
ptxas info    : Compiling entry function '_ZN3cub17_V_300500_SM_10006detail12batched_topk28device_segmented_topk_kernelINS2_26policy_selector_from_typesIsilLl8388608EEEN4cuda3__417constant_iteratorIPKslEENS8_IPslEENS8_IPKilEENS8_IPilEENS1_6params13uniform_paramIlLl0ELl268435456EEENSK_IlLl1ELl8388608EEENSJ_22uniform_discrete_paramINS1_4topk6selectEJLSP_1EEEENSK_IlLl1ELl1EEEjEEvT0_T1_T2_T3_T4_T5_T6_T7_PNS2_21batched_topk_countersINSZ_10value_typeEEEPS11_PT8_' for 'sm_100'
ptxas info    : Function properties for _ZN3cub17_V_300500_SM_10006detail12batched_topk28device_segmented_topk_kernelINS2_26policy_selector_from_typesIsilLl8388608EEEN4cuda3__417constant_iteratorIPKslEENS8_IPslEENS8_IPKilEENS8_IPilEENS1_6params13uniform_paramIlLl0ELl268435456EEENSK_IlLl1ELl8388608EEENSJ_22uniform_discrete_paramINS1_4topk6selectEJLSP_1EEEENSK_IlLl1ELl1EEEjEEvT0_T1_T2_T3_T4_T5_T6_T7_PNS2_21batched_topk_countersINSZ_10value_typeEEEPS11_PT8_
    128 bytes stack frame, 124 bytes spill stores, 124 bytes spill loads
ptxas info    : Used 255 registers, used 1 barriers, 128 bytes cumulative stack size, 33808 bytes smem
ptxas info    : Compile time = 125.935 ms
ptxas info    : Compiling entry function '_ZN3cub17_V_300500_SM_10006detail12batched_topk44device_segmented_topk_finalize_filter_kernelINS2_26policy_selector_from_typesIsslLl8388608EEELNS1_4topk6selectE1EN4cuda3__417constant_iteratorIPKslEENSA_IPslEENSA_INS9_17counting_iteratorIjlLi0ELi0ELi0EEElEENS9_18transform_iteratorINS2_26per_segment_indexed_out_opISD_SF_EENSG_IlnLi0ELi0ELi0EEEEENS1_6params13uniform_paramIlLl0ELl268435456EEENSP_IlLl1ELl8388608EEENSP_IlLl1ELl1EEEPljPyNS1_21identity_decomposer_tEjjsEEvT1_T2_T3_T4_T5_T6_T7_T8_PKT9_PNS6_7counterIT14_T12_T13_EEPS19_PS18_PNS8_3std3__415iterator_traitsINS1H_ISY_vE10value_typeEvE10value_typeES1E_S1M_T10_S19_S19_iiT11_b' for 'sm_100'
ptxas info    : Function properties for _ZN3cub17_V_300500_SM_10006detail12batched_topk44device_segmented_topk_finalize_filter_kernelINS2_26policy_selector_from_typesIsslLl8388608EEELNS1_4topk6selectE1EN4cuda3__417constant_iteratorIPKslEENSA_IPslEENSA_INS9_17counting_iteratorIjlLi0ELi0ELi0EEElEENS9_18transform_iteratorINS2_26per_segment_indexed_out_opISD_SF_EENSG_IlnLi0ELi0ELi0EEEEENS1_6params13uniform_paramIlLl0ELl268435456EEENSP_IlLl1ELl8388608EEENSP_IlLl1ELl1EEEPljPyNS1_21identity_decomposer_tEjjsEEvT1_T2_T3_T4_T5_T6_T7_T8_PKT9_PNS6_7counterIT14_T12_T13_EEPS19_PS18_PNS8_3std3__415iterator_traitsINS1H_ISY_vE10value_typeEvE10value_typeES1E_S1M_T10_S19_S19_iiT11_b
    0 bytes stack frame, 0 bytes spill stores, 0 bytes spill loads
ptxas info    : Used 64 registers, used 1 barriers, 8208 bytes smem
ptxas info    : Compile time = 51.169 ms
ptxas info    : Compiling entry function '_ZN3cub17_V_300500_SM_10006detail12batched_topk40device_segmented_topk_last_filter_kernelINS2_26policy_selector_from_typesIsslLl8388608EEELNS1_4topk6selectE1EN4cuda3__417constant_iteratorIPKslEENSA_IPslEENSA_INS9_17counting_iteratorIjlLi0ELi0ELi0EEElEENS9_18transform_iteratorINS2_26per_segment_indexed_out_opISD_SF_EENSG_IlnLi0ELi0ELi0EEEEENS1_6params13uniform_paramIlLl0ELl268435456EEENSP_IlLl1ELl8388608EEENSP_IlLl1ELl1EEEPljPyNS1_21identity_decomposer_tEjjEEvT1_T2_T3_T4_T5_T6_T7_T8_PKT9_PNS6_7counterINS8_3std3__415iterator_traitsINS1A_ISW_vE10value_typeEvE10value_typeET12_T13_EEPS1E_PNS1A_INS1A_ISY_vE10value_typeEvE10value_typeES1F_T10_iiT11_' for 'sm_100'
ptxas info    : Function properties for _ZN3cub17_V_300500_SM_10006detail12batched_topk40device_segmented_topk_last_filter_kernelINS2_26policy_selector_from_typesIsslLl8388608EEELNS1_4topk6selectE1EN4cuda3__417constant_iteratorIPKslEENSA_IPslEENSA_INS9_17counting_iteratorIjlLi0ELi0ELi0EEElEENS9_18transform_iteratorINS2_26per_segment_indexed_out_opISD_SF_EENSG_IlnLi0ELi0ELi0EEEEENS1_6params13uniform_paramIlLl0ELl268435456EEENSP_IlLl1ELl8388608EEENSP_IlLl1ELl1EEEPljPyNS1_21identity_decomposer_tEjjEEvT1_T2_T3_T4_T5_T6_T7_T8_PKT9_PNS6_7counterINS8_3std3__415iterator_traitsINS1A_ISW_vE10value_typeEvE10value_typeET12_T13_EEPS1E_PNS1A_INS1A_ISY_vE10value_typeEvE10value_typeES1F_T10_iiT11_
    0 bytes stack frame, 0 bytes spill stores, 0 bytes spill loads
ptxas info    : Used 64 registers, used 1 barriers
ptxas info    : Compile time = 386.892 ms
ptxas info    : Compiling entry function '_ZN3cub17_V_300500_SM_10006detail12batched_topk35device_segmented_topk_filter_kernelINS2_26policy_selector_from_typesIsslLl8388608EEELNS1_4topk6selectE1EN4cuda3__417constant_iteratorIPKslEENSA_IPslEENSA_INS9_17counting_iteratorIjlLi0ELi0ELi0EEElEENS9_18transform_iteratorINS2_26per_segment_indexed_out_opISD_SF_EENSG_IlnLi0ELi0ELi0EEEEENS1_6params13uniform_paramIlLl0ELl268435456EEENSP_IlLl1ELl8388608EEENSP_IlLl1ELl1EEEPljPyNS1_21identity_decomposer_tEjjLi7EEEvT1_T2_T3_T4_T5_T6_T7_T8_PKT9_PNS6_7counterINS8_3std3__415iterator_traitsINS1A_ISW_vE10value_typeEvE10value_typeET12_T13_EEPS1F_PS1E_PNS1A_INS1A_ISY_vE10value_typeEvE10value_typeES1K_S1P_S1F_S1F_T10_iibT11_' for 'sm_100'
ptxas info    : Function properties for _ZN3cub17_V_300500_SM_10006detail12batched_topk35device_segmented_topk_filter_kernelINS2_26policy_selector_from_typesIsslLl8388608EEELNS1_4topk6selectE1EN4cuda3__417constant_iteratorIPKslEENSA_IPslEENSA_INS9_17counting_iteratorIjlLi0ELi0ELi0EEElEENS9_18transform_iteratorINS2_26per_segment_indexed_out_opISD_SF_EENSG_IlnLi0ELi0ELi0EEEEENS1_6params13uniform_paramIlLl0ELl268435456EEENSP_IlLl1ELl8388608EEENSP_IlLl1ELl1EEEPljPyNS1_21identity_decomposer_tEjjLi7EEEvT1_T2_T3_T4_T5_T6_T7_T8_PKT9_PNS6_7counterINS8_3std3__415iterator_traitsINS1A_ISW_vE10value_typeEvE10value_typeET12_T13_EEPS1F_PS1E_PNS1A_INS1A_ISY_vE10value_typeEvE10value_typeES1K_S1P_S1F_S1F_T10_iibT11_
    8 bytes stack frame, 4 bytes spill stores, 4 bytes spill loads
ptxas info    : Used 40 registers, used 1 barriers, 8 bytes cumulative stack size, 8196 bytes smem
ptxas info    : Compile time = 43.476 ms
ptxas info    : Compiling entry function '_ZN3cub17_V_300500_SM_10006detail12batched_topk35device_segmented_topk_filter_kernelINS2_26policy_selector_from_typesIsslLl8388608EEELNS1_4topk6selectE1EN4cuda3__417constant_iteratorIPKslEENSA_IPslEENSA_INS9_17counting_iteratorIjlLi0ELi0ELi0EEElEENS9_18transform_iteratorINS2_26per_segment_indexed_out_opISD_SF_EENSG_IlnLi0ELi0ELi0EEEEENS1_6params13uniform_paramIlLl0ELl268435456EEENSP_IlLl1ELl8388608EEENSP_IlLl1ELl1EEEPljPyNS1_21identity_decomposer_tEjjLi6EEEvT1_T2_T3_T4_T5_T6_T7_T8_PKT9_PNS6_7counterINS8_3std3__415iterator_traitsINS1A_ISW_vE10value_typeEvE10value_typeET12_T13_EEPS1F_PS1E_PNS1A_INS1A_ISY_vE10value_typeEvE10value_typeES1K_S1P_S1F_S1F_T10_iibT11_' for 'sm_100'
ptxas info    : Function properties for _ZN3cub17_V_300500_SM_10006detail12batched_topk35device_segmented_topk_filter_kernelINS2_26policy_selector_from_typesIsslLl8388608EEELNS1_4topk6selectE1EN4cuda3__417constant_iteratorIPKslEENSA_IPslEENSA_INS9_17counting_iteratorIjlLi0ELi0ELi0EEElEENS9_18transform_iteratorINS2_26per_segment_indexed_out_opISD_SF_EENSG_IlnLi0ELi0ELi0EEEEENS1_6params13uniform_paramIlLl0ELl268435456EEENSP_IlLl1ELl8388608EEENSP_IlLl1ELl1EEEPljPyNS1_21identity_decomposer_tEjjLi6EEEvT1_T2_T3_T4_T5_T6_T7_T8_PKT9_PNS6_7counterINS8_3std3__415iterator_traitsINS1A_ISW_vE10value_typeEvE10value_typeET12_T13_EEPS1F_PS1E_PNS1A_INS1A_ISY_vE10value_typeEvE10value_typeES1K_S1P_S1F_S1F_T10_iibT11_
    8 bytes stack frame, 4 bytes spill stores, 4 bytes spill loads
ptxas info    : Used 40 registers, used 1 barriers, 8 bytes cumulative stack size, 8196 bytes smem
ptxas info    : Compile time = 43.472 ms
ptxas info    : Compiling entry function '_ZN3cub17_V_300500_SM_10006detail12batched_topk35device_segmented_topk_filter_kernelINS2_26policy_selector_from_typesIsslLl8388608EEELNS1_4topk6selectE1EN4cuda3__417constant_iteratorIPKslEENSA_IPslEENSA_INS9_17counting_iteratorIjlLi0ELi0ELi0EEElEENS9_18transform_iteratorINS2_26per_segment_indexed_out_opISD_SF_EENSG_IlnLi0ELi0ELi0EEEEENS1_6params13uniform_paramIlLl0ELl268435456EEENSP_IlLl1ELl8388608EEENSP_IlLl1ELl1EEEPljPyNS1_21identity_decomposer_tEjjLi5EEEvT1_T2_T3_T4_T5_T6_T7_T8_PKT9_PNS6_7counterINS8_3std3__415iterator_traitsINS1A_ISW_vE10value_typeEvE10value_typeET12_T13_EEPS1F_PS1E_PNS1A_INS1A_ISY_vE10value_typeEvE10value_typeES1K_S1P_S1F_S1F_T10_iibT11_' for 'sm_100'
ptxas info    : Function properties for _ZN3cub17_V_300500_SM_10006detail12batched_topk35device_segmented_topk_filter_kernelINS2_26policy_selector_from_typesIsslLl8388608EEELNS1_4topk6selectE1EN4cuda3__417constant_iteratorIPKslEENSA_IPslEENSA_INS9_17counting_iteratorIjlLi0ELi0ELi0EEElEENS9_18transform_iteratorINS2_26per_segment_indexed_out_opISD_SF_EENSG_IlnLi0ELi0ELi0EEEEENS1_6params13uniform_paramIlLl0ELl268435456EEENSP_IlLl1ELl8388608EEENSP_IlLl1ELl1EEEPljPyNS1_21identity_decomposer_tEjjLi5EEEvT1_T2_T3_T4_T5_T6_T7_T8_PKT9_PNS6_7counterINS8_3std3__415iterator_traitsINS1A_ISW_vE10value_typeEvE10value_typeET12_T13_EEPS1F_PS1E_PNS1A_INS1A_ISY_vE10value_typeEvE10value_typeES1K_S1P_S1F_S1F_T10_iibT11_
    8 bytes stack frame, 4 bytes spill stores, 4 bytes spill loads
ptxas info    : Used 40 registers, used 1 barriers, 8 bytes cumulative stack size, 8196 bytes smem
ptxas info    : Compile time = 43.569 ms
ptxas info    : Compiling entry function '_ZN3cub17_V_300500_SM_10006detail12batched_topk35device_segmented_topk_filter_kernelINS2_26policy_selector_from_typesIsslLl8388608EEELNS1_4topk6selectE1EN4cuda3__417constant_iteratorIPKslEENSA_IPslEENSA_INS9_17counting_iteratorIjlLi0ELi0ELi0EEElEENS9_18transform_iteratorINS2_26per_segment_indexed_out_opISD_SF_EENSG_IlnLi0ELi0ELi0EEEEENS1_6params13uniform_paramIlLl0ELl268435456EEENSP_IlLl1ELl8388608EEENSP_IlLl1ELl1EEEPljPyNS1_21identity_decomposer_tEjjLi4EEEvT1_T2_T3_T4_T5_T6_T7_T8_PKT9_PNS6_7counterINS8_3std3__415iterator_traitsINS1A_ISW_vE10value_typeEvE10value_typeET12_T13_EEPS1F_PS1E_PNS1A_INS1A_ISY_vE10value_typeEvE10value_typeES1K_S1P_S1F_S1F_T10_iibT11_' for 'sm_100'
ptxas info    : Function properties for _ZN3cub17_V_300500_SM_10006detail12batched_topk35device_segmented_topk_filter_kernelINS2_26policy_selector_from_typesIsslLl8388608EEELNS1_4topk6selectE1EN4cuda3__417constant_iteratorIPKslEENSA_IPslEENSA_INS9_17counting_iteratorIjlLi0ELi0ELi0EEElEENS9_18transform_iteratorINS2_26per_segment_indexed_out_opISD_SF_EENSG_IlnLi0ELi0ELi0EEEEENS1_6params13uniform_paramIlLl0ELl268435456EEENSP_IlLl1ELl8388608EEENSP_IlLl1ELl1EEEPljPyNS1_21identity_decomposer_tEjjLi4EEEvT1_T2_T3_T4_T5_T6_T7_T8_PKT9_PNS6_7counterINS8_3std3__415iterator_traitsINS1A_ISW_vE10value_typeEvE10value_typeET12_T13_EEPS1F_PS1E_PNS1A_INS1A_ISY_vE10value_typeEvE10value_typeES1K_S1P_S1F_S1F_T10_iibT11_
    8 bytes stack frame, 4 bytes spill stores, 4 bytes spill loads
ptxas info    : Used 40 registers, used 1 barriers, 8 bytes cumulative stack size, 8196 bytes smem
ptxas info    : Compile time = 43.406 ms
ptxas info    : Compiling entry function '_ZN3cub17_V_300500_SM_10006detail12batched_topk35device_segmented_topk_filter_kernelINS2_26policy_selector_from_typesIsslLl8388608EEELNS1_4topk6selectE1EN4cuda3__417constant_iteratorIPKslEENSA_IPslEENSA_INS9_17counting_iteratorIjlLi0ELi0ELi0EEElEENS9_18transform_iteratorINS2_26per_segment_indexed_out_opISD_SF_EENSG_IlnLi0ELi0ELi0EEEEENS1_6params13uniform_paramIlLl0ELl268435456EEENSP_IlLl1ELl8388608EEENSP_IlLl1ELl1EEEPljPyNS1_21identity_decomposer_tEjjLi3EEEvT1_T2_T3_T4_T5_T6_T7_T8_PKT9_PNS6_7counterINS8_3std3__415iterator_traitsINS1A_ISW_vE10value_typeEvE10value_typeET12_T13_EEPS1F_PS1E_PNS1A_INS1A_ISY_vE10value_typeEvE10value_typeES1K_S1P_S1F_S1F_T10_iibT11_' for 'sm_100'
ptxas info    : Function properties for _ZN3cub17_V_300500_SM_10006detail12batched_topk35device_segmented_topk_filter_kernelINS2_26policy_selector_from_typesIsslLl8388608EEELNS1_4topk6selectE1EN4cuda3__417constant_iteratorIPKslEENSA_IPslEENSA_INS9_17counting_iteratorIjlLi0ELi0ELi0EEElEENS9_18transform_iteratorINS2_26per_segment_indexed_out_opISD_SF_EENSG_IlnLi0ELi0ELi0EEEEENS1_6params13uniform_paramIlLl0ELl268435456EEENSP_IlLl1ELl8388608EEENSP_IlLl1ELl1EEEPljPyNS1_21identity_decomposer_tEjjLi3EEEvT1_T2_T3_T4_T5_T6_T7_T8_PKT9_PNS6_7counterINS8_3std3__415iterator_traitsINS1A_ISW_vE10value_typeEvE10value_typeET12_T13_EEPS1F_PS1E_PNS1A_INS1A_ISY_vE10value_typeEvE10value_typeES1K_S1P_S1F_S1F_T10_iibT11_
    8 bytes stack frame, 4 bytes spill stores, 4 bytes spill loads
ptxas info    : Used 40 registers, used 1 barriers, 8 bytes cumulative stack size, 8196 bytes smem
ptxas info    : Compile time = 43.454 ms
ptxas info    : Compiling entry function '_ZN3cub17_V_300500_SM_10006detail12batched_topk35device_segmented_topk_filter_kernelINS2_26policy_selector_from_typesIsslLl8388608EEELNS1_4topk6selectE1EN4cuda3__417constant_iteratorIPKslEENSA_IPslEENSA_INS9_17counting_iteratorIjlLi0ELi0ELi0EEElEENS9_18transform_iteratorINS2_26per_segment_indexed_out_opISD_SF_EENSG_IlnLi0ELi0ELi0EEEEENS1_6params13uniform_paramIlLl0ELl268435456EEENSP_IlLl1ELl8388608EEENSP_IlLl1ELl1EEEPljPyNS1_21identity_decomposer_tEjjLi2EEEvT1_T2_T3_T4_T5_T6_T7_T8_PKT9_PNS6_7counterINS8_3std3__415iterator_traitsINS1A_ISW_vE10value_typeEvE10value_typeET12_T13_EEPS1F_PS1E_PNS1A_INS1A_ISY_vE10value_typeEvE10value_typeES1K_S1P_S1F_S1F_T10_iibT11_' for 'sm_100'
ptxas info    : Function properties for _ZN3cub17_V_300500_SM_10006detail12batched_topk35device_segmented_topk_filter_kernelINS2_26policy_selector_from_typesIsslLl8388608EEELNS1_4topk6selectE1EN4cuda3__417constant_iteratorIPKslEENSA_IPslEENSA_INS9_17counting_iteratorIjlLi0ELi0ELi0EEElEENS9_18transform_iteratorINS2_26per_segment_indexed_out_opISD_SF_EENSG_IlnLi0ELi0ELi0EEEEENS1_6params13uniform_paramIlLl0ELl268435456EEENSP_IlLl1ELl8388608EEENSP_IlLl1ELl1EEEPljPyNS1_21identity_decomposer_tEjjLi2EEEvT1_T2_T3_T4_T5_T6_T7_T8_PKT9_PNS6_7counterINS8_3std3__415iterator_traitsINS1A_ISW_vE10value_typeEvE10value_typeET12_T13_EEPS1F_PS1E_PNS1A_INS1A_ISY_vE10value_typeEvE10value_typeES1K_S1P_S1F_S1F_T10_iibT11_
    8 bytes stack frame, 4 bytes spill stores, 4 bytes spill loads
ptxas info    : Used 40 registers, used 1 barriers, 8 bytes cumulative stack size, 8196 bytes smem
ptxas info    : Compile time = 43.447 ms
ptxas info    : Compiling entry function '_ZN3cub17_V_300500_SM_10006detail12batched_topk35device_segmented_topk_filter_kernelINS2_26policy_selector_from_typesIsslLl8388608EEELNS1_4topk6selectE1EN4cuda3__417constant_iteratorIPKslEENSA_IPslEENSA_INS9_17counting_iteratorIjlLi0ELi0ELi0EEElEENS9_18transform_iteratorINS2_26per_segment_indexed_out_opISD_SF_EENSG_IlnLi0ELi0ELi0EEEEENS1_6params13uniform_paramIlLl0ELl268435456EEENSP_IlLl1ELl8388608EEENSP_IlLl1ELl1EEEPljPyNS1_21identity_decomposer_tEjjLi0EEEvT1_T2_T3_T4_T5_T6_T7_T8_PKT9_PNS6_7counterINS8_3std3__415iterator_traitsINS1A_ISW_vE10value_typeEvE10value_typeET12_T13_EEPS1F_PS1E_PNS1A_INS1A_ISY_vE10value_typeEvE10value_typeES1K_S1P_S1F_S1F_T10_iibT11_' for 'sm_100'
ptxas info    : Function properties for _ZN3cub17_V_300500_SM_10006detail12batched_topk35device_segmented_topk_filter_kernelINS2_26policy_selector_from_typesIsslLl8388608EEELNS1_4topk6selectE1EN4cuda3__417constant_iteratorIPKslEENSA_IPslEENSA_INS9_17counting_iteratorIjlLi0ELi0ELi0EEElEENS9_18transform_iteratorINS2_26per_segment_indexed_out_opISD_SF_EENSG_IlnLi0ELi0ELi0EEEEENS1_6params13uniform_paramIlLl0ELl268435456EEENSP_IlLl1ELl8388608EEENSP_IlLl1ELl1EEEPljPyNS1_21identity_decomposer_tEjjLi0EEEvT1_T2_T3_T4_T5_T6_T7_T8_PKT9_PNS6_7counterINS8_3std3__415iterator_traitsINS1A_ISW_vE10value_typeEvE10value_typeET12_T13_EEPS1F_PS1E_PNS1A_INS1A_ISY_vE10value_typeEvE10value_typeES1K_S1P_S1F_S1F_T10_iibT11_
    16 bytes stack frame, 16 bytes spill stores, 16 bytes spill loads
ptxas info    : Used 40 registers, used 1 barriers, 16 bytes cumulative stack size, 8196 bytes smem
ptxas info    : Compile time = 38.088 ms
ptxas info    : Compiling entry function '_ZN3cub17_V_300500_SM_10006detail12batched_topk35device_segmented_topk_filter_kernelINS2_26policy_selector_from_typesIsslLl8388608EEELNS1_4topk6selectE1EN4cuda3__417constant_iteratorIPKslEENSA_IPslEENSA_INS9_17counting_iteratorIjlLi0ELi0ELi0EEElEENS9_18transform_iteratorINS2_26per_segment_indexed_out_opISD_SF_EENSG_IlnLi0ELi0ELi0EEEEENS1_6params13uniform_paramIlLl0ELl268435456EEENSP_IlLl1ELl8388608EEENSP_IlLl1ELl1EEEPljPyNS1_21identity_decomposer_tEjjLi1EEEvT1_T2_T3_T4_T5_T6_T7_T8_PKT9_PNS6_7counterINS8_3std3__415iterator_traitsINS1A_ISW_vE10value_typeEvE10value_typeET12_T13_EEPS1F_PS1E_PNS1A_INS1A_ISY_vE10value_typeEvE10value_typeES1K_S1P_S1F_S1F_T10_iibT11_' for 'sm_100'
ptxas info    : Function properties for _ZN3cub17_V_300500_SM_10006detail12batched_topk35device_segmented_topk_filter_kernelINS2_26policy_selector_from_typesIsslLl8388608EEELNS1_4topk6selectE1EN4cuda3__417constant_iteratorIPKslEENSA_IPslEENSA_INS9_17counting_iteratorIjlLi0ELi0ELi0EEElEENS9_18transform_iteratorINS2_26per_segment_indexed_out_opISD_SF_EENSG_IlnLi0ELi0ELi0EEEEENS1_6params13uniform_paramIlLl0ELl268435456EEENSP_IlLl1ELl8388608EEENSP_IlLl1ELl1EEEPljPyNS1_21identity_decomposer_tEjjLi1EEEvT1_T2_T3_T4_T5_T6_T7_T8_PKT9_PNS6_7counterINS8_3std3__415iterator_traitsINS1A_ISW_vE10value_typeEvE10value_typeET12_T13_EEPS1F_PS1E_PNS1A_INS1A_ISY_vE10value_typeEvE10value_typeES1K_S1P_S1F_S1F_T10_iibT11_
    8 bytes stack frame, 4 bytes spill stores, 4 bytes spill loads
ptxas info    : Used 40 registers, used 1 barriers, 8 bytes cumulative stack size, 8196 bytes smem
ptxas info    : Compile time = 44.949 ms
ptxas info    : Compiling entry function '_ZN3cub17_V_300500_SM_10006detail12batched_topk47device_segmented_topk_finalize_histogram_kernelINS2_26policy_selector_from_typesIsslLl8388608EEEN4cuda3__417constant_iteratorIPKslEENS1_6params13uniform_paramIlLl0ELl268435456EEENSD_IlLl1ELl8388608EEENSD_IlLl1ELl1EEEPlPyNS1_4topk16extract_bin_op_tIsLNSJ_6selectE1ELi11ENS1_21identity_decomposer_tELb1EEEjjsEEvT0_T1_T2_T3_T4_PNSJ_7counterIT9_T7_T8_EEPSV_T5_T6_ib' for 'sm_100'
ptxas info    : Function properties for _ZN3cub17_V_300500_SM_10006detail12batched_topk47device_segmented_topk_finalize_histogram_kernelINS2_26policy_selector_from_typesIsslLl8388608EEEN4cuda3__417constant_iteratorIPKslEENS1_6params13uniform_paramIlLl0ELl268435456EEENSD_IlLl1ELl8388608EEENSD_IlLl1ELl1EEEPlPyNS1_4topk16extract_bin_op_tIsLNSJ_6selectE1ELi11ENS1_21identity_decomposer_tELb1EEEjjsEEvT0_T1_T2_T3_T4_PNSJ_7counterIT9_T7_T8_EEPSV_T5_T6_ib
    0 bytes stack frame, 0 bytes spill stores, 0 bytes spill loads
ptxas info    : Used 32 registers, used 1 barriers, 8192 bytes smem
ptxas info    : Compile time = 10.673 ms
ptxas info    : Compiling entry function '_ZN3cub17_V_300500_SM_10006detail12batched_topk38device_segmented_topk_histogram_kernelINS2_26policy_selector_from_typesIsslLl8388608EEEN4cuda3__417constant_iteratorIPKslEENS1_6params13uniform_paramIlLl0ELl268435456EEENSD_IlLl1ELl8388608EEENSD_IlLl1ELl1EEEPljPyNS1_4topk16extract_bin_op_tIsLNSJ_6selectE1ELi11ENS1_21identity_decomposer_tELb1EEEjjjEEvT0_T1_T2_T3_T4_PKT5_PNSJ_7counterINS6_3std3__415iterator_traitsINSZ_ISO_vE10value_typeEvE10value_typeET8_T9_EEPS14_T6_T7_' for 'sm_100'
ptxas info    : Function properties for _ZN3cub17_V_300500_SM_10006detail12batched_topk38device_segmented_topk_histogram_kernelINS2_26policy_selector_from_typesIsslLl8388608EEEN4cuda3__417constant_iteratorIPKslEENS1_6params13uniform_paramIlLl0ELl268435456EEENSD_IlLl1ELl8388608EEENSD_IlLl1ELl1EEEPljPyNS1_4topk16extract_bin_op_tIsLNSJ_6selectE1ELi11ENS1_21identity_decomposer_tELb1EEEjjjEEvT0_T1_T2_T3_T4_PKT5_PNSJ_7counterINS6_3std3__415iterator_traitsINSZ_ISO_vE10value_typeEvE10value_typeET8_T9_EEPS14_T6_T7_
    0 bytes stack frame, 0 bytes spill stores, 0 bytes spill loads
ptxas info    : Used 32 registers, used 1 barriers, 8240 bytes smem
ptxas info    : Compile time = 39.651 ms
ptxas info    : Compiling entry function '_ZN3cub17_V_300500_SM_10006detail12batched_topk44device_segmented_topk_finalize_filter_kernelINS2_26policy_selector_from_typesIsslLl8388608EEELNS1_4topk6selectE0EN4cuda3__417constant_iteratorIPKslEENSA_IPslEENSA_INS9_17counting_iteratorIjlLi0ELi0ELi0EEElEENS9_18transform_iteratorINS2_26per_segment_indexed_out_opISD_SF_EENSG_IlnLi0ELi0ELi0EEEEENS1_6params13uniform_paramIlLl0ELl268435456EEENSP_IlLl1ELl8388608EEENSP_IlLl1ELl1EEEPljPyNS1_21identity_decomposer_tEjjsEEvT1_T2_T3_T4_T5_T6_T7_T8_PKT9_PNS6_7counterIT14_T12_T13_EEPS19_PS18_PNS8_3std3__415iterator_traitsINS1H_ISY_vE10value_typeEvE10value_typeES1E_S1M_T10_S19_S19_iiT11_b' for 'sm_100'
ptxas info    : Function properties for _ZN3cub17_V_300500_SM_10006detail12batched_topk44device_segmented_topk_finalize_filter_kernelINS2_26policy_selector_from_typesIsslLl8388608EEELNS1_4topk6selectE0EN4cuda3__417constant_iteratorIPKslEENSA_IPslEENSA_INS9_17counting_iteratorIjlLi0ELi0ELi0EEElEENS9_18transform_iteratorINS2_26per_segment_indexed_out_opISD_SF_EENSG_IlnLi0ELi0ELi0EEEEENS1_6params13uniform_paramIlLl0ELl268435456EEENSP_IlLl1ELl8388608EEENSP_IlLl1ELl1EEEPljPyNS1_21identity_decomposer_tEjjsEEvT1_T2_T3_T4_T5_T6_T7_T8_PKT9_PNS6_7counterIT14_T12_T13_EEPS19_PS18_PNS8_3std3__415iterator_traitsINS1H_ISY_vE10value_typeEvE10value_typeES1E_S1M_T10_S19_S19_iiT11_b
    0 bytes stack frame, 0 bytes spill stores, 0 bytes spill loads
ptxas info    : Used 64 registers, used 1 barriers, 8208 bytes smem
ptxas info    : Compile time = 51.174 ms
ptxas info    : Compiling entry function '_ZN3cub17_V_300500_SM_10006detail12batched_topk40device_segmented_topk_last_filter_kernelINS2_26policy_selector_from_typesIsslLl8388608EEELNS1_4topk6selectE0EN4cuda3__417constant_iteratorIPKslEENSA_IPslEENSA_INS9_17counting_iteratorIjlLi0ELi0ELi0EEElEENS9_18transform_iteratorINS2_26per_segment_indexed_out_opISD_SF_EENSG_IlnLi0ELi0ELi0EEEEENS1_6params13uniform_paramIlLl0ELl268435456EEENSP_IlLl1ELl8388608EEENSP_IlLl1ELl1EEEPljPyNS1_21identity_decomposer_tEjjEEvT1_T2_T3_T4_T5_T6_T7_T8_PKT9_PNS6_7counterINS8_3std3__415iterator_traitsINS1A_ISW_vE10value_typeEvE10value_typeET12_T13_EEPS1E_PNS1A_INS1A_ISY_vE10value_typeEvE10value_typeES1F_T10_iiT11_' for 'sm_100'
ptxas info    : Function properties for _ZN3cub17_V_300500_SM_10006detail12batched_topk40device_segmented_topk_last_filter_kernelINS2_26policy_selector_from_typesIsslLl8388608EEELNS1_4topk6selectE0EN4cuda3__417constant_iteratorIPKslEENSA_IPslEENSA_INS9_17counting_iteratorIjlLi0ELi0ELi0EEElEENS9_18transform_iteratorINS2_26per_segment_indexed_out_opISD_SF_EENSG_IlnLi0ELi0ELi0EEEEENS1_6params13uniform_paramIlLl0ELl268435456EEENSP_IlLl1ELl8388608EEENSP_IlLl1ELl1EEEPljPyNS1_21identity_decomposer_tEjjEEvT1_T2_T3_T4_T5_T6_T7_T8_PKT9_PNS6_7counterINS8_3std3__415iterator_traitsINS1A_ISW_vE10value_typeEvE10value_typeET12_T13_EEPS1E_PNS1A_INS1A_ISY_vE10value_typeEvE10value_typeES1F_T10_iiT11_
    0 bytes stack frame, 0 bytes spill stores, 0 bytes spill loads
ptxas info    : Used 64 registers, used 1 barriers
ptxas info    : Compile time = 385.870 ms
ptxas info    : Compiling entry function '_ZN3cub17_V_300500_SM_10006detail12batched_topk35device_segmented_topk_filter_kernelINS2_26policy_selector_from_typesIsslLl8388608EEELNS1_4topk6selectE0EN4cuda3__417constant_iteratorIPKslEENSA_IPslEENSA_INS9_17counting_iteratorIjlLi0ELi0ELi0EEElEENS9_18transform_iteratorINS2_26per_segment_indexed_out_opISD_SF_EENSG_IlnLi0ELi0ELi0EEEEENS1_6params13uniform_paramIlLl0ELl268435456EEENSP_IlLl1ELl8388608EEENSP_IlLl1ELl1EEEPljPyNS1_21identity_decomposer_tEjjLi7EEEvT1_T2_T3_T4_T5_T6_T7_T8_PKT9_PNS6_7counterINS8_3std3__415iterator_traitsINS1A_ISW_vE10value_typeEvE10value_typeET12_T13_EEPS1F_PS1E_PNS1A_INS1A_ISY_vE10value_typeEvE10value_typeES1K_S1P_S1F_S1F_T10_iibT11_' for 'sm_100'
ptxas info    : Function properties for _ZN3cub17_V_300500_SM_10006detail12batched_topk35device_segmented_topk_filter_kernelINS2_26policy_selector_from_typesIsslLl8388608EEELNS1_4topk6selectE0EN4cuda3__417constant_iteratorIPKslEENSA_IPslEENSA_INS9_17counting_iteratorIjlLi0ELi0ELi0EEElEENS9_18transform_iteratorINS2_26per_segment_indexed_out_opISD_SF_EENSG_IlnLi0ELi0ELi0EEEEENS1_6params13uniform_paramIlLl0ELl268435456EEENSP_IlLl1ELl8388608EEENSP_IlLl1ELl1EEEPljPyNS1_21identity_decomposer_tEjjLi7EEEvT1_T2_T3_T4_T5_T6_T7_T8_PKT9_PNS6_7counterINS8_3std3__415iterator_traitsINS1A_ISW_vE10value_typeEvE10value_typeET12_T13_EEPS1F_PS1E_PNS1A_INS1A_ISY_vE10value_typeEvE10value_typeES1K_S1P_S1F_S1F_T10_iibT11_
    8 bytes stack frame, 4 bytes spill stores, 4 bytes spill loads
ptxas info    : Used 40 registers, used 1 barriers, 8 bytes cumulative stack size, 8196 bytes smem
ptxas info    : Compile time = 43.422 ms
ptxas info    : Compiling entry function '_ZN3cub17_V_300500_SM_10006detail12batched_topk35device_segmented_topk_filter_kernelINS2_26policy_selector_from_typesIsslLl8388608EEELNS1_4topk6selectE0EN4cuda3__417constant_iteratorIPKslEENSA_IPslEENSA_INS9_17counting_iteratorIjlLi0ELi0ELi0EEElEENS9_18transform_iteratorINS2_26per_segment_indexed_out_opISD_SF_EENSG_IlnLi0ELi0ELi0EEEEENS1_6params13uniform_paramIlLl0ELl268435456EEENSP_IlLl1ELl8388608EEENSP_IlLl1ELl1EEEPljPyNS1_21identity_decomposer_tEjjLi6EEEvT1_T2_T3_T4_T5_T6_T7_T8_PKT9_PNS6_7counterINS8_3std3__415iterator_traitsINS1A_ISW_vE10value_typeEvE10value_typeET12_T13_EEPS1F_PS1E_PNS1A_INS1A_ISY_vE10value_typeEvE10value_typeES1K_S1P_S1F_S1F_T10_iibT11_' for 'sm_100'
ptxas info    : Function properties for _ZN3cub17_V_300500_SM_10006detail12batched_topk35device_segmented_topk_filter_kernelINS2_26policy_selector_from_typesIsslLl8388608EEELNS1_4topk6selectE0EN4cuda3__417constant_iteratorIPKslEENSA_IPslEENSA_INS9_17counting_iteratorIjlLi0ELi0ELi0EEElEENS9_18transform_iteratorINS2_26per_segment_indexed_out_opISD_SF_EENSG_IlnLi0ELi0ELi0EEEEENS1_6params13uniform_paramIlLl0ELl268435456EEENSP_IlLl1ELl8388608EEENSP_IlLl1ELl1EEEPljPyNS1_21identity_decomposer_tEjjLi6EEEvT1_T2_T3_T4_T5_T6_T7_T8_PKT9_PNS6_7counterINS8_3std3__415iterator_traitsINS1A_ISW_vE10value_typeEvE10value_typeET12_T13_EEPS1F_PS1E_PNS1A_INS1A_ISY_vE10value_typeEvE10value_typeES1K_S1P_S1F_S1F_T10_iibT11_
    8 bytes stack frame, 4 bytes spill stores, 4 bytes spill loads
ptxas info    : Used 40 registers, used 1 barriers, 8 bytes cumulative stack size, 8196 bytes smem
ptxas info    : Compile time = 43.525 ms
ptxas info    : Compiling entry function '_ZN3cub17_V_300500_SM_10006detail12batched_topk35device_segmented_topk_filter_kernelINS2_26policy_selector_from_typesIsslLl8388608EEELNS1_4topk6selectE0EN4cuda3__417constant_iteratorIPKslEENSA_IPslEENSA_INS9_17counting_iteratorIjlLi0ELi0ELi0EEElEENS9_18transform_iteratorINS2_26per_segment_indexed_out_opISD_SF_EENSG_IlnLi0ELi0ELi0EEEEENS1_6params13uniform_paramIlLl0ELl268435456EEENSP_IlLl1ELl8388608EEENSP_IlLl1ELl1EEEPljPyNS1_21identity_decomposer_tEjjLi5EEEvT1_T2_T3_T4_T5_T6_T7_T8_PKT9_PNS6_7counterINS8_3std3__415iterator_traitsINS1A_ISW_vE10value_typeEvE10value_typeET12_T13_EEPS1F_PS1E_PNS1A_INS1A_ISY_vE10value_typeEvE10value_typeES1K_S1P_S1F_S1F_T10_iibT11_' for 'sm_100'
ptxas info    : Function properties for _ZN3cub17_V_300500_SM_10006detail12batched_topk35device_segmented_topk_filter_kernelINS2_26policy_selector_from_typesIsslLl8388608EEELNS1_4topk6selectE0EN4cuda3__417constant_iteratorIPKslEENSA_IPslEENSA_INS9_17counting_iteratorIjlLi0ELi0ELi0EEElEENS9_18transform_iteratorINS2_26per_segment_indexed_out_opISD_SF_EENSG_IlnLi0ELi0ELi0EEEEENS1_6params13uniform_paramIlLl0ELl268435456EEENSP_IlLl1ELl8388608EEENSP_IlLl1ELl1EEEPljPyNS1_21identity_decomposer_tEjjLi5EEEvT1_T2_T3_T4_T5_T6_T7_T8_PKT9_PNS6_7counterINS8_3std3__415iterator_traitsINS1A_ISW_vE10value_typeEvE10value_typeET12_T13_EEPS1F_PS1E_PNS1A_INS1A_ISY_vE10value_typeEvE10value_typeES1K_S1P_S1F_S1F_T10_iibT11_
    8 bytes stack frame, 4 bytes spill stores, 4 bytes spill loads
ptxas info    : Used 40 registers, used 1 barriers, 8 bytes cumulative stack size, 8196 bytes smem
ptxas info    : Compile time = 43.540 ms
ptxas info    : Compiling entry function '_ZN3cub17_V_300500_SM_10006detail12batched_topk35device_segmented_topk_filter_kernelINS2_26policy_selector_from_typesIsslLl8388608EEELNS1_4topk6selectE0EN4cuda3__417constant_iteratorIPKslEENSA_IPslEENSA_INS9_17counting_iteratorIjlLi0ELi0ELi0EEElEENS9_18transform_iteratorINS2_26per_segment_indexed_out_opISD_SF_EENSG_IlnLi0ELi0ELi0EEEEENS1_6params13uniform_paramIlLl0ELl268435456EEENSP_IlLl1ELl8388608EEENSP_IlLl1ELl1EEEPljPyNS1_21identity_decomposer_tEjjLi4EEEvT1_T2_T3_T4_T5_T6_T7_T8_PKT9_PNS6_7counterINS8_3std3__415iterator_traitsINS1A_ISW_vE10value_typeEvE10value_typeET12_T13_EEPS1F_PS1E_PNS1A_INS1A_ISY_vE10value_typeEvE10value_typeES1K_S1P_S1F_S1F_T10_iibT11_' for 'sm_100'
ptxas info    : Function properties for _ZN3cub17_V_300500_SM_10006detail12batched_topk35device_segmented_topk_filter_kernelINS2_26policy_selector_from_typesIsslLl8388608EEELNS1_4topk6selectE0EN4cuda3__417constant_iteratorIPKslEENSA_IPslEENSA_INS9_17counting_iteratorIjlLi0ELi0ELi0EEElEENS9_18transform_iteratorINS2_26per_segment_indexed_out_opISD_SF_EENSG_IlnLi0ELi0ELi0EEEEENS1_6params13uniform_paramIlLl0ELl268435456EEENSP_IlLl1ELl8388608EEENSP_IlLl1ELl1EEEPljPyNS1_21identity_decomposer_tEjjLi4EEEvT1_T2_T3_T4_T5_T6_T7_T8_PKT9_PNS6_7counterINS8_3std3__415iterator_traitsINS1A_ISW_vE10value_typeEvE10value_typeET12_T13_EEPS1F_PS1E_PNS1A_INS1A_ISY_vE10value_typeEvE10value_typeES1K_S1P_S1F_S1F_T10_iibT11_
    8 bytes stack frame, 4 bytes spill stores, 4 bytes spill loads
ptxas info    : Used 40 registers, used 1 barriers, 8 bytes cumulative stack size, 8196 bytes smem
ptxas info    : Compile time = 43.421 ms
ptxas info    : Compiling entry function '_ZN3cub17_V_300500_SM_10006detail12batched_topk35device_segmented_topk_filter_kernelINS2_26policy_selector_from_typesIsslLl8388608EEELNS1_4topk6selectE0EN4cuda3__417constant_iteratorIPKslEENSA_IPslEENSA_INS9_17counting_iteratorIjlLi0ELi0ELi0EEElEENS9_18transform_iteratorINS2_26per_segment_indexed_out_opISD_SF_EENSG_IlnLi0ELi0ELi0EEEEENS1_6params13uniform_paramIlLl0ELl268435456EEENSP_IlLl1ELl8388608EEENSP_IlLl1ELl1EEEPljPyNS1_21identity_decomposer_tEjjLi3EEEvT1_T2_T3_T4_T5_T6_T7_T8_PKT9_PNS6_7counterINS8_3std3__415iterator_traitsINS1A_ISW_vE10value_typeEvE10value_typeET12_T13_EEPS1F_PS1E_PNS1A_INS1A_ISY_vE10value_typeEvE10value_typeES1K_S1P_S1F_S1F_T10_iibT11_' for 'sm_100'
ptxas info    : Function properties for _ZN3cub17_V_300500_SM_10006detail12batched_topk35device_segmented_topk_filter_kernelINS2_26policy_selector_from_typesIsslLl8388608EEELNS1_4topk6selectE0EN4cuda3__417constant_iteratorIPKslEENSA_IPslEENSA_INS9_17counting_iteratorIjlLi0ELi0ELi0EEElEENS9_18transform_iteratorINS2_26per_segment_indexed_out_opISD_SF_EENSG_IlnLi0ELi0ELi0EEEEENS1_6params13uniform_paramIlLl0ELl268435456EEENSP_IlLl1ELl8388608EEENSP_IlLl1ELl1EEEPljPyNS1_21identity_decomposer_tEjjLi3EEEvT1_T2_T3_T4_T5_T6_T7_T8_PKT9_PNS6_7counterINS8_3std3__415iterator_traitsINS1A_ISW_vE10value_typeEvE10value_typeET12_T13_EEPS1F_PS1E_PNS1A_INS1A_ISY_vE10value_typeEvE10value_typeES1K_S1P_S1F_S1F_T10_iibT11_
    8 bytes stack frame, 4 bytes spill stores, 4 bytes spill loads
ptxas info    : Used 40 registers, used 1 barriers, 8 bytes cumulative stack size, 8196 bytes smem
ptxas info    : Compile time = 44.257 ms
ptxas info    : Compiling entry function '_ZN3cub17_V_300500_SM_10006detail12batched_topk35device_segmented_topk_filter_kernelINS2_26policy_selector_from_typesIsslLl8388608EEELNS1_4topk6selectE0EN4cuda3__417constant_iteratorIPKslEENSA_IPslEENSA_INS9_17counting_iteratorIjlLi0ELi0ELi0EEElEENS9_18transform_iteratorINS2_26per_segment_indexed_out_opISD_SF_EENSG_IlnLi0ELi0ELi0EEEEENS1_6params13uniform_paramIlLl0ELl268435456EEENSP_IlLl1ELl8388608EEENSP_IlLl1ELl1EEEPljPyNS1_21identity_decomposer_tEjjLi2EEEvT1_T2_T3_T4_T5_T6_T7_T8_PKT9_PNS6_7counterINS8_3std3__415iterator_traitsINS1A_ISW_vE10value_typeEvE10value_typeET12_T13_EEPS1F_PS1E_PNS1A_INS1A_ISY_vE10value_typeEvE10value_typeES1K_S1P_S1F_S1F_T10_iibT11_' for 'sm_100'
ptxas info    : Function properties for _ZN3cub17_V_300500_SM_10006detail12batched_topk35device_segmented_topk_filter_kernelINS2_26policy_selector_from_typesIsslLl8388608EEELNS1_4topk6selectE0EN4cuda3__417constant_iteratorIPKslEENSA_IPslEENSA_INS9_17counting_iteratorIjlLi0ELi0ELi0EEElEENS9_18transform_iteratorINS2_26per_segment_indexed_out_opISD_SF_EENSG_IlnLi0ELi0ELi0EEEEENS1_6params13uniform_paramIlLl0ELl268435456EEENSP_IlLl1ELl8388608EEENSP_IlLl1ELl1EEEPljPyNS1_21identity_decomposer_tEjjLi2EEEvT1_T2_T3_T4_T5_T6_T7_T8_PKT9_PNS6_7counterINS8_3std3__415iterator_traitsINS1A_ISW_vE10value_typeEvE10value_typeET12_T13_EEPS1F_PS1E_PNS1A_INS1A_ISY_vE10value_typeEvE10value_typeES1K_S1P_S1F_S1F_T10_iibT11_
    8 bytes stack frame, 4 bytes spill stores, 4 bytes spill loads
ptxas info    : Used 40 registers, used 1 barriers, 8 bytes cumulative stack size, 8196 bytes smem
ptxas info    : Compile time = 43.433 ms
ptxas info    : Compiling entry function '_ZN3cub17_V_300500_SM_10006detail12batched_topk35device_segmented_topk_filter_kernelINS2_26policy_selector_from_typesIsslLl8388608EEELNS1_4topk6selectE0EN4cuda3__417constant_iteratorIPKslEENSA_IPslEENSA_INS9_17counting_iteratorIjlLi0ELi0ELi0EEElEENS9_18transform_iteratorINS2_26per_segment_indexed_out_opISD_SF_EENSG_IlnLi0ELi0ELi0EEEEENS1_6params13uniform_paramIlLl0ELl268435456EEENSP_IlLl1ELl8388608EEENSP_IlLl1ELl1EEEPljPyNS1_21identity_decomposer_tEjjLi0EEEvT1_T2_T3_T4_T5_T6_T7_T8_PKT9_PNS6_7counterINS8_3std3__415iterator_traitsINS1A_ISW_vE10value_typeEvE10value_typeET12_T13_EEPS1F_PS1E_PNS1A_INS1A_ISY_vE10value_typeEvE10value_typeES1K_S1P_S1F_S1F_T10_iibT11_' for 'sm_100'
ptxas info    : Function properties for _ZN3cub17_V_300500_SM_10006detail12batched_topk35device_segmented_topk_filter_kernelINS2_26policy_selector_from_typesIsslLl8388608EEELNS1_4topk6selectE0EN4cuda3__417constant_iteratorIPKslEENSA_IPslEENSA_INS9_17counting_iteratorIjlLi0ELi0ELi0EEElEENS9_18transform_iteratorINS2_26per_segment_indexed_out_opISD_SF_EENSG_IlnLi0ELi0ELi0EEEEENS1_6params13uniform_paramIlLl0ELl268435456EEENSP_IlLl1ELl8388608EEENSP_IlLl1ELl1EEEPljPyNS1_21identity_decomposer_tEjjLi0EEEvT1_T2_T3_T4_T5_T6_T7_T8_PKT9_PNS6_7counterINS8_3std3__415iterator_traitsINS1A_ISW_vE10value_typeEvE10value_typeET12_T13_EEPS1F_PS1E_PNS1A_INS1A_ISY_vE10value_typeEvE10value_typeES1K_S1P_S1F_S1F_T10_iibT11_
    16 bytes stack frame, 16 bytes spill stores, 16 bytes spill loads
ptxas info    : Used 40 registers, used 1 barriers, 16 bytes cumulative stack size, 8196 bytes smem
ptxas info    : Compile time = 37.972 ms
ptxas info    : Compiling entry function '_ZN3cub17_V_300500_SM_10006detail12batched_topk35device_segmented_topk_filter_kernelINS2_26policy_selector_from_typesIsslLl8388608EEELNS1_4topk6selectE0EN4cuda3__417constant_iteratorIPKslEENSA_IPslEENSA_INS9_17counting_iteratorIjlLi0ELi0ELi0EEElEENS9_18transform_iteratorINS2_26per_segment_indexed_out_opISD_SF_EENSG_IlnLi0ELi0ELi0EEEEENS1_6params13uniform_paramIlLl0ELl268435456EEENSP_IlLl1ELl8388608EEENSP_IlLl1ELl1EEEPljPyNS1_21identity_decomposer_tEjjLi1EEEvT1_T2_T3_T4_T5_T6_T7_T8_PKT9_PNS6_7counterINS8_3std3__415iterator_traitsINS1A_ISW_vE10value_typeEvE10value_typeET12_T13_EEPS1F_PS1E_PNS1A_INS1A_ISY_vE10value_typeEvE10value_typeES1K_S1P_S1F_S1F_T10_iibT11_' for 'sm_100'
ptxas info    : Function properties for _ZN3cub17_V_300500_SM_10006detail12batched_topk35device_segmented_topk_filter_kernelINS2_26policy_selector_from_typesIsslLl8388608EEELNS1_4topk6selectE0EN4cuda3__417constant_iteratorIPKslEENSA_IPslEENSA_INS9_17counting_iteratorIjlLi0ELi0ELi0EEElEENS9_18transform_iteratorINS2_26per_segment_indexed_out_opISD_SF_EENSG_IlnLi0ELi0ELi0EEEEENS1_6params13uniform_paramIlLl0ELl268435456EEENSP_IlLl1ELl8388608EEENSP_IlLl1ELl1EEEPljPyNS1_21identity_decomposer_tEjjLi1EEEvT1_T2_T3_T4_T5_T6_T7_T8_PKT9_PNS6_7counterINS8_3std3__415iterator_traitsINS1A_ISW_vE10value_typeEvE10value_typeET12_T13_EEPS1F_PS1E_PNS1A_INS1A_ISY_vE10value_typeEvE10value_typeES1K_S1P_S1F_S1F_T10_iibT11_
    8 bytes stack frame, 4 bytes spill stores, 4 bytes spill loads
ptxas info    : Used 40 registers, used 1 barriers, 8 bytes cumulative stack size, 8196 bytes smem
ptxas info    : Compile time = 44.822 ms
ptxas info    : Compiling entry function '_ZN3cub17_V_300500_SM_10006detail12batched_topk47device_segmented_topk_finalize_histogram_kernelINS2_26policy_selector_from_typesIsslLl8388608EEEN4cuda3__417constant_iteratorIPKslEENS1_6params13uniform_paramIlLl0ELl268435456EEENSD_IlLl1ELl8388608EEENSD_IlLl1ELl1EEEPlPyNS1_4topk16extract_bin_op_tIsLNSJ_6selectE0ELi11ENS1_21identity_decomposer_tELb1EEEjjsEEvT0_T1_T2_T3_T4_PNSJ_7counterIT9_T7_T8_EEPSV_T5_T6_ib' for 'sm_100'
ptxas info    : Function properties for _ZN3cub17_V_300500_SM_10006detail12batched_topk47device_segmented_topk_finalize_histogram_kernelINS2_26policy_selector_from_typesIsslLl8388608EEEN4cuda3__417constant_iteratorIPKslEENS1_6params13uniform_paramIlLl0ELl268435456EEENSD_IlLl1ELl8388608EEENSD_IlLl1ELl1EEEPlPyNS1_4topk16extract_bin_op_tIsLNSJ_6selectE0ELi11ENS1_21identity_decomposer_tELb1EEEjjsEEvT0_T1_T2_T3_T4_PNSJ_7counterIT9_T7_T8_EEPSV_T5_T6_ib
    0 bytes stack frame, 0 bytes spill stores, 0 bytes spill loads
ptxas info    : Used 32 registers, used 1 barriers, 8192 bytes smem
ptxas info    : Compile time = 10.695 ms
ptxas info    : Compiling entry function '_ZN3cub17_V_300500_SM_10006detail12batched_topk38device_segmented_topk_histogram_kernelINS2_26policy_selector_from_typesIsslLl8388608EEEN4cuda3__417constant_iteratorIPKslEENS1_6params13uniform_paramIlLl0ELl268435456EEENSD_IlLl1ELl8388608EEENSD_IlLl1ELl1EEEPljPyNS1_4topk16extract_bin_op_tIsLNSJ_6selectE0ELi11ENS1_21identity_decomposer_tELb1EEEjjjEEvT0_T1_T2_T3_T4_PKT5_PNSJ_7counterINS6_3std3__415iterator_traitsINSZ_ISO_vE10value_typeEvE10value_typeET8_T9_EEPS14_T6_T7_' for 'sm_100'
ptxas info    : Function properties for _ZN3cub17_V_300500_SM_10006detail12batched_topk38device_segmented_topk_histogram_kernelINS2_26policy_selector_from_typesIsslLl8388608EEEN4cuda3__417constant_iteratorIPKslEENS1_6params13uniform_paramIlLl0ELl268435456EEENSD_IlLl1ELl8388608EEENSD_IlLl1ELl1EEEPljPyNS1_4topk16extract_bin_op_tIsLNSJ_6selectE0ELi11ENS1_21identity_decomposer_tELb1EEEjjjEEvT0_T1_T2_T3_T4_PKT5_PNSJ_7counterINS6_3std3__415iterator_traitsINSZ_ISO_vE10value_typeEvE10value_typeET8_T9_EEPS14_T6_T7_
    0 bytes stack frame, 0 bytes spill stores, 0 bytes spill loads
ptxas info    : Used 32 registers, used 1 barriers, 8240 bytes smem
ptxas info    : Compile time = 39.604 ms
ptxas info    : Compiling entry function '_ZN3cub17_V_300500_SM_10006detail12batched_topk28device_segmented_topk_kernelINS2_26policy_selector_from_typesIsslLl8388608EEEN4cuda3__417constant_iteratorIPKslEENS8_IPslEESB_SD_NS1_6params13uniform_paramIlLl0ELl268435456EEENSF_IlLl1ELl8388608EEENSE_22uniform_discrete_paramINS1_4topk6selectEJLSK_1EEEENSF_IlLl1ELl1EEEjEEvT0_T1_T2_T3_T4_T5_T6_T7_PNS2_21batched_topk_countersINSU_10value_typeEEEPSW_PT8_' for 'sm_100'
ptxas info    : Function properties for _ZN3cub17_V_300500_SM_10006detail12batched_topk28device_segmented_topk_kernelINS2_26policy_selector_from_typesIsslLl8388608EEEN4cuda3__417constant_iteratorIPKslEENS8_IPslEESB_SD_NS1_6params13uniform_paramIlLl0ELl268435456EEENSF_IlLl1ELl8388608EEENSE_22uniform_discrete_paramINS1_4topk6selectEJLSK_1EEEENSF_IlLl1ELl1EEEjEEvT0_T1_T2_T3_T4_T5_T6_T7_PNS2_21batched_topk_countersINSU_10value_typeEEEPSW_PT8_
    904 bytes stack frame, 912 bytes spill stores, 1012 bytes spill loads
ptxas info    : Used 255 registers, used 1 barriers, 904 bytes cumulative stack size, 33808 bytes smem
ptxas info    : Compile time = 329.917 ms
ptxas info    : Compiling entry function '_ZN3cub17_V_300500_SM_10006detail12batched_topk44device_segmented_topk_finalize_filter_kernelINS2_26policy_selector_from_typesIsalLl8388608EEELNS1_4topk6selectE1EN4cuda3__417constant_iteratorIPKslEENSA_IPslEENSA_INS9_17counting_iteratorIjlLi0ELi0ELi0EEElEENS9_18transform_iteratorINS2_26per_segment_indexed_out_opINSA_IPKalEENSA_IPalEEEENSG_IlnLi0ELi0ELi0EEEEENS1_6params13uniform_paramIlLl0ELl268435456EEENSU_IlLl1ELl8388608EEENSU_IlLl1ELl1EEEPljPyNS1_21identity_decomposer_tEjjsEEvT1_T2_T3_T4_T5_T6_T7_T8_PKT9_PNS6_7counterIT14_T12_T13_EEPS1E_PS1D_PNS8_3std3__415iterator_traitsINS1M_IS13_vE10value_typeEvE10value_typeES1J_S1R_T10_S1E_S1E_iiT11_b' for 'sm_100'
ptxas info    : Function properties for _ZN3cub17_V_300500_SM_10006detail12batched_topk44device_segmented_topk_finalize_filter_kernelINS2_26policy_selector_from_typesIsalLl8388608EEELNS1_4topk6selectE1EN4cuda3__417constant_iteratorIPKslEENSA_IPslEENSA_INS9_17counting_iteratorIjlLi0ELi0ELi0EEElEENS9_18transform_iteratorINS2_26per_segment_indexed_out_opINSA_IPKalEENSA_IPalEEEENSG_IlnLi0ELi0ELi0EEEEENS1_6params13uniform_paramIlLl0ELl268435456EEENSU_IlLl1ELl8388608EEENSU_IlLl1ELl1EEEPljPyNS1_21identity_decomposer_tEjjsEEvT1_T2_T3_T4_T5_T6_T7_T8_PKT9_PNS6_7counterIT14_T12_T13_EEPS1E_PS1D_PNS8_3std3__415iterator_traitsINS1M_IS13_vE10value_typeEvE10value_typeES1J_S1R_T10_S1E_S1E_iiT11_b
    0 bytes stack frame, 0 bytes spill stores, 0 bytes spill loads
ptxas info    : Used 64 registers, used 1 barriers, 8208 bytes smem
ptxas info    : Compile time = 50.701 ms
ptxas info    : Compiling entry function '_ZN3cub17_V_300500_SM_10006detail12batched_topk40device_segmented_topk_last_filter_kernelINS2_26policy_selector_from_typesIsalLl8388608EEELNS1_4topk6selectE1EN4cuda3__417constant_iteratorIPKslEENSA_IPslEENSA_INS9_17counting_iteratorIjlLi0ELi0ELi0EEElEENS9_18transform_iteratorINS2_26per_segment_indexed_out_opINSA_IPKalEENSA_IPalEEEENSG_IlnLi0ELi0ELi0EEEEENS1_6params13uniform_paramIlLl0ELl268435456EEENSU_IlLl1ELl8388608EEENSU_IlLl1ELl1EEEPljPyNS1_21identity_decomposer_tEjjEEvT1_T2_T3_T4_T5_T6_T7_T8_PKT9_PNS6_7counterINS8_3std3__415iterator_traitsINS1F_IS11_vE10value_typeEvE10value_typeET12_T13_EEPS1J_PNS1F_INS1F_IS13_vE10value_typeEvE10value_typeES1K_T10_iiT11_' for 'sm_100'
ptxas info    : Function properties for _ZN3cub17_V_300500_SM_10006detail12batched_topk40device_segmented_topk_last_filter_kernelINS2_26policy_selector_from_typesIsalLl8388608EEELNS1_4topk6selectE1EN4cuda3__417constant_iteratorIPKslEENSA_IPslEENSA_INS9_17counting_iteratorIjlLi0ELi0ELi0EEElEENS9_18transform_iteratorINS2_26per_segment_indexed_out_opINSA_IPKalEENSA_IPalEEEENSG_IlnLi0ELi0ELi0EEEEENS1_6params13uniform_paramIlLl0ELl268435456EEENSU_IlLl1ELl8388608EEENSU_IlLl1ELl1EEEPljPyNS1_21identity_decomposer_tEjjEEvT1_T2_T3_T4_T5_T6_T7_T8_PKT9_PNS6_7counterINS8_3std3__415iterator_traitsINS1F_IS11_vE10value_typeEvE10value_typeET12_T13_EEPS1J_PNS1F_INS1F_IS13_vE10value_typeEvE10value_typeES1K_T10_iiT11_
    0 bytes stack frame, 0 bytes spill stores, 0 bytes spill loads
ptxas info    : Used 64 registers, used 1 barriers
ptxas info    : Compile time = 386.487 ms
ptxas info    : Compiling entry function '_ZN3cub17_V_300500_SM_10006detail12batched_topk35device_segmented_topk_filter_kernelINS2_26policy_selector_from_typesIsalLl8388608EEELNS1_4topk6selectE1EN4cuda3__417constant_iteratorIPKslEENSA_IPslEENSA_INS9_17counting_iteratorIjlLi0ELi0ELi0EEElEENS9_18transform_iteratorINS2_26per_segment_indexed_out_opINSA_IPKalEENSA_IPalEEEENSG_IlnLi0ELi0ELi0EEEEENS1_6params13uniform_paramIlLl0ELl268435456EEENSU_IlLl1ELl8388608EEENSU_IlLl1ELl1EEEPljPyNS1_21identity_decomposer_tEjjLi7EEEvT1_T2_T3_T4_T5_T6_T7_T8_PKT9_PNS6_7counterINS8_3std3__415iterator_traitsINS1F_IS11_vE10value_typeEvE10value_typeET12_T13_EEPS1K_PS1J_PNS1F_INS1F_IS13_vE10value_typeEvE10value_typeES1P_S1U_S1K_S1K_T10_iibT11_' for 'sm_100'
ptxas info    : Function properties for _ZN3cub17_V_300500_SM_10006detail12batched_topk35device_segmented_topk_filter_kernelINS2_26policy_selector_from_typesIsalLl8388608EEELNS1_4topk6selectE1EN4cuda3__417constant_iteratorIPKslEENSA_IPslEENSA_INS9_17counting_iteratorIjlLi0ELi0ELi0EEElEENS9_18transform_iteratorINS2_26per_segment_indexed_out_opINSA_IPKalEENSA_IPalEEEENSG_IlnLi0ELi0ELi0EEEEENS1_6params13uniform_paramIlLl0ELl268435456EEENSU_IlLl1ELl8388608EEENSU_IlLl1ELl1EEEPljPyNS1_21identity_decomposer_tEjjLi7EEEvT1_T2_T3_T4_T5_T6_T7_T8_PKT9_PNS6_7counterINS8_3std3__415iterator_traitsINS1F_IS11_vE10value_typeEvE10value_typeET12_T13_EEPS1K_PS1J_PNS1F_INS1F_IS13_vE10value_typeEvE10value_typeES1P_S1U_S1K_S1K_T10_iibT11_
    8 bytes stack frame, 4 bytes spill stores, 4 bytes spill loads
ptxas info    : Used 40 registers, used 1 barriers, 8 bytes cumulative stack size, 8196 bytes smem
ptxas info    : Compile time = 44.572 ms
ptxas info    : Compiling entry function '_ZN3cub17_V_300500_SM_10006detail12batched_topk35device_segmented_topk_filter_kernelINS2_26policy_selector_from_typesIsalLl8388608EEELNS1_4topk6selectE1EN4cuda3__417constant_iteratorIPKslEENSA_IPslEENSA_INS9_17counting_iteratorIjlLi0ELi0ELi0EEElEENS9_18transform_iteratorINS2_26per_segment_indexed_out_opINSA_IPKalEENSA_IPalEEEENSG_IlnLi0ELi0ELi0EEEEENS1_6params13uniform_paramIlLl0ELl268435456EEENSU_IlLl1ELl8388608EEENSU_IlLl1ELl1EEEPljPyNS1_21identity_decomposer_tEjjLi6EEEvT1_T2_T3_T4_T5_T6_T7_T8_PKT9_PNS6_7counterINS8_3std3__415iterator_traitsINS1F_IS11_vE10value_typeEvE10value_typeET12_T13_EEPS1K_PS1J_PNS1F_INS1F_IS13_vE10value_typeEvE10value_typeES1P_S1U_S1K_S1K_T10_iibT11_' for 'sm_100'
ptxas info    : Function properties for _ZN3cub17_V_300500_SM_10006detail12batched_topk35device_segmented_topk_filter_kernelINS2_26policy_selector_from_typesIsalLl8388608EEELNS1_4topk6selectE1EN4cuda3__417constant_iteratorIPKslEENSA_IPslEENSA_INS9_17counting_iteratorIjlLi0ELi0ELi0EEElEENS9_18transform_iteratorINS2_26per_segment_indexed_out_opINSA_IPKalEENSA_IPalEEEENSG_IlnLi0ELi0ELi0EEEEENS1_6params13uniform_paramIlLl0ELl268435456EEENSU_IlLl1ELl8388608EEENSU_IlLl1ELl1EEEPljPyNS1_21identity_decomposer_tEjjLi6EEEvT1_T2_T3_T4_T5_T6_T7_T8_PKT9_PNS6_7counterINS8_3std3__415iterator_traitsINS1F_IS11_vE10value_typeEvE10value_typeET12_T13_EEPS1K_PS1J_PNS1F_INS1F_IS13_vE10value_typeEvE10value_typeES1P_S1U_S1K_S1K_T10_iibT11_
    8 bytes stack frame, 4 bytes spill stores, 4 bytes spill loads
ptxas info    : Used 40 registers, used 1 barriers, 8 bytes cumulative stack size, 8196 bytes smem
ptxas info    : Compile time = 44.516 ms
ptxas info    : Compiling entry function '_ZN3cub17_V_300500_SM_10006detail12batched_topk35device_segmented_topk_filter_kernelINS2_26policy_selector_from_typesIsalLl8388608EEELNS1_4topk6selectE1EN4cuda3__417constant_iteratorIPKslEENSA_IPslEENSA_INS9_17counting_iteratorIjlLi0ELi0ELi0EEElEENS9_18transform_iteratorINS2_26per_segment_indexed_out_opINSA_IPKalEENSA_IPalEEEENSG_IlnLi0ELi0ELi0EEEEENS1_6params13uniform_paramIlLl0ELl268435456EEENSU_IlLl1ELl8388608EEENSU_IlLl1ELl1EEEPljPyNS1_21identity_decomposer_tEjjLi5EEEvT1_T2_T3_T4_T5_T6_T7_T8_PKT9_PNS6_7counterINS8_3std3__415iterator_traitsINS1F_IS11_vE10value_typeEvE10value_typeET12_T13_EEPS1K_PS1J_PNS1F_INS1F_IS13_vE10value_typeEvE10value_typeES1P_S1U_S1K_S1K_T10_iibT11_' for 'sm_100'
ptxas info    : Function properties for _ZN3cub17_V_300500_SM_10006detail12batched_topk35device_segmented_topk_filter_kernelINS2_26policy_selector_from_typesIsalLl8388608EEELNS1_4topk6selectE1EN4cuda3__417constant_iteratorIPKslEENSA_IPslEENSA_INS9_17counting_iteratorIjlLi0ELi0ELi0EEElEENS9_18transform_iteratorINS2_26per_segment_indexed_out_opINSA_IPKalEENSA_IPalEEEENSG_IlnLi0ELi0ELi0EEEEENS1_6params13uniform_paramIlLl0ELl268435456EEENSU_IlLl1ELl8388608EEENSU_IlLl1ELl1EEEPljPyNS1_21identity_decomposer_tEjjLi5EEEvT1_T2_T3_T4_T5_T6_T7_T8_PKT9_PNS6_7counterINS8_3std3__415iterator_traitsINS1F_IS11_vE10value_typeEvE10value_typeET12_T13_EEPS1K_PS1J_PNS1F_INS1F_IS13_vE10value_typeEvE10value_typeES1P_S1U_S1K_S1K_T10_iibT11_
    8 bytes stack frame, 4 bytes spill stores, 4 bytes spill loads
ptxas info    : Used 40 registers, used 1 barriers, 8 bytes cumulative stack size, 8196 bytes smem
ptxas info    : Compile time = 44.439 ms
ptxas info    : Compiling entry function '_ZN3cub17_V_300500_SM_10006detail12batched_topk35device_segmented_topk_filter_kernelINS2_26policy_selector_from_typesIsalLl8388608EEELNS1_4topk6selectE1EN4cuda3__417constant_iteratorIPKslEENSA_IPslEENSA_INS9_17counting_iteratorIjlLi0ELi0ELi0EEElEENS9_18transform_iteratorINS2_26per_segment_indexed_out_opINSA_IPKalEENSA_IPalEEEENSG_IlnLi0ELi0ELi0EEEEENS1_6params13uniform_paramIlLl0ELl268435456EEENSU_IlLl1ELl8388608EEENSU_IlLl1ELl1EEEPljPyNS1_21identity_decomposer_tEjjLi4EEEvT1_T2_T3_T4_T5_T6_T7_T8_PKT9_PNS6_7counterINS8_3std3__415iterator_traitsINS1F_IS11_vE10value_typeEvE10value_typeET12_T13_EEPS1K_PS1J_PNS1F_INS1F_IS13_vE10value_typeEvE10value_typeES1P_S1U_S1K_S1K_T10_iibT11_' for 'sm_100'
ptxas info    : Function properties for _ZN3cub17_V_300500_SM_10006detail12batched_topk35device_segmented_topk_filter_kernelINS2_26policy_selector_from_typesIsalLl8388608EEELNS1_4topk6selectE1EN4cuda3__417constant_iteratorIPKslEENSA_IPslEENSA_INS9_17counting_iteratorIjlLi0ELi0ELi0EEElEENS9_18transform_iteratorINS2_26per_segment_indexed_out_opINSA_IPKalEENSA_IPalEEEENSG_IlnLi0ELi0ELi0EEEEENS1_6params13uniform_paramIlLl0ELl268435456EEENSU_IlLl1ELl8388608EEENSU_IlLl1ELl1EEEPljPyNS1_21identity_decomposer_tEjjLi4EEEvT1_T2_T3_T4_T5_T6_T7_T8_PKT9_PNS6_7counterINS8_3std3__415iterator_traitsINS1F_IS11_vE10value_typeEvE10value_typeET12_T13_EEPS1K_PS1J_PNS1F_INS1F_IS13_vE10value_typeEvE10value_typeES1P_S1U_S1K_S1K_T10_iibT11_
    8 bytes stack frame, 4 bytes spill stores, 4 bytes spill loads
ptxas info    : Used 40 registers, used 1 barriers, 8 bytes cumulative stack size, 8196 bytes smem
ptxas info    : Compile time = 44.466 ms
ptxas info    : Compiling entry function '_ZN3cub17_V_300500_SM_10006detail12batched_topk35device_segmented_topk_filter_kernelINS2_26policy_selector_from_typesIsalLl8388608EEELNS1_4topk6selectE1EN4cuda3__417constant_iteratorIPKslEENSA_IPslEENSA_INS9_17counting_iteratorIjlLi0ELi0ELi0EEElEENS9_18transform_iteratorINS2_26per_segment_indexed_out_opINSA_IPKalEENSA_IPalEEEENSG_IlnLi0ELi0ELi0EEEEENS1_6params13uniform_paramIlLl0ELl268435456EEENSU_IlLl1ELl8388608EEENSU_IlLl1ELl1EEEPljPyNS1_21identity_decomposer_tEjjLi3EEEvT1_T2_T3_T4_T5_T6_T7_T8_PKT9_PNS6_7counterINS8_3std3__415iterator_traitsINS1F_IS11_vE10value_typeEvE10value_typeET12_T13_EEPS1K_PS1J_PNS1F_INS1F_IS13_vE10value_typeEvE10value_typeES1P_S1U_S1K_S1K_T10_iibT11_' for 'sm_100'
ptxas info    : Function properties for _ZN3cub17_V_300500_SM_10006detail12batched_topk35device_segmented_topk_filter_kernelINS2_26policy_selector_from_typesIsalLl8388608EEELNS1_4topk6selectE1EN4cuda3__417constant_iteratorIPKslEENSA_IPslEENSA_INS9_17counting_iteratorIjlLi0ELi0ELi0EEElEENS9_18transform_iteratorINS2_26per_segment_indexed_out_opINSA_IPKalEENSA_IPalEEEENSG_IlnLi0ELi0ELi0EEEEENS1_6params13uniform_paramIlLl0ELl268435456EEENSU_IlLl1ELl8388608EEENSU_IlLl1ELl1EEEPljPyNS1_21identity_decomposer_tEjjLi3EEEvT1_T2_T3_T4_T5_T6_T7_T8_PKT9_PNS6_7counterINS8_3std3__415iterator_traitsINS1F_IS11_vE10value_typeEvE10value_typeET12_T13_EEPS1K_PS1J_PNS1F_INS1F_IS13_vE10value_typeEvE10value_typeES1P_S1U_S1K_S1K_T10_iibT11_
    8 bytes stack frame, 4 bytes spill stores, 4 bytes spill loads
ptxas info    : Used 40 registers, used 1 barriers, 8 bytes cumulative stack size, 8196 bytes smem
ptxas info    : Compile time = 44.563 ms
ptxas info    : Compiling entry function '_ZN3cub17_V_300500_SM_10006detail12batched_topk35device_segmented_topk_filter_kernelINS2_26policy_selector_from_typesIsalLl8388608EEELNS1_4topk6selectE1EN4cuda3__417constant_iteratorIPKslEENSA_IPslEENSA_INS9_17counting_iteratorIjlLi0ELi0ELi0EEElEENS9_18transform_iteratorINS2_26per_segment_indexed_out_opINSA_IPKalEENSA_IPalEEEENSG_IlnLi0ELi0ELi0EEEEENS1_6params13uniform_paramIlLl0ELl268435456EEENSU_IlLl1ELl8388608EEENSU_IlLl1ELl1EEEPljPyNS1_21identity_decomposer_tEjjLi2EEEvT1_T2_T3_T4_T5_T6_T7_T8_PKT9_PNS6_7counterINS8_3std3__415iterator_traitsINS1F_IS11_vE10value_typeEvE10value_typeET12_T13_EEPS1K_PS1J_PNS1F_INS1F_IS13_vE10value_typeEvE10value_typeES1P_S1U_S1K_S1K_T10_iibT11_' for 'sm_100'
ptxas info    : Function properties for _ZN3cub17_V_300500_SM_10006detail12batched_topk35device_segmented_topk_filter_kernelINS2_26policy_selector_from_typesIsalLl8388608EEELNS1_4topk6selectE1EN4cuda3__417constant_iteratorIPKslEENSA_IPslEENSA_INS9_17counting_iteratorIjlLi0ELi0ELi0EEElEENS9_18transform_iteratorINS2_26per_segment_indexed_out_opINSA_IPKalEENSA_IPalEEEENSG_IlnLi0ELi0ELi0EEEEENS1_6params13uniform_paramIlLl0ELl268435456EEENSU_IlLl1ELl8388608EEENSU_IlLl1ELl1EEEPljPyNS1_21identity_decomposer_tEjjLi2EEEvT1_T2_T3_T4_T5_T6_T7_T8_PKT9_PNS6_7counterINS8_3std3__415iterator_traitsINS1F_IS11_vE10value_typeEvE10value_typeET12_T13_EEPS1K_PS1J_PNS1F_INS1F_IS13_vE10value_typeEvE10value_typeES1P_S1U_S1K_S1K_T10_iibT11_
    8 bytes stack frame, 4 bytes spill stores, 4 bytes spill loads
ptxas info    : Used 40 registers, used 1 barriers, 8 bytes cumulative stack size, 8196 bytes smem
ptxas info    : Compile time = 44.566 ms
ptxas info    : Compiling entry function '_ZN3cub17_V_300500_SM_10006detail12batched_topk35device_segmented_topk_filter_kernelINS2_26policy_selector_from_typesIsalLl8388608EEELNS1_4topk6selectE1EN4cuda3__417constant_iteratorIPKslEENSA_IPslEENSA_INS9_17counting_iteratorIjlLi0ELi0ELi0EEElEENS9_18transform_iteratorINS2_26per_segment_indexed_out_opINSA_IPKalEENSA_IPalEEEENSG_IlnLi0ELi0ELi0EEEEENS1_6params13uniform_paramIlLl0ELl268435456EEENSU_IlLl1ELl8388608EEENSU_IlLl1ELl1EEEPljPyNS1_21identity_decomposer_tEjjLi0EEEvT1_T2_T3_T4_T5_T6_T7_T8_PKT9_PNS6_7counterINS8_3std3__415iterator_traitsINS1F_IS11_vE10value_typeEvE10value_typeET12_T13_EEPS1K_PS1J_PNS1F_INS1F_IS13_vE10value_typeEvE10value_typeES1P_S1U_S1K_S1K_T10_iibT11_' for 'sm_100'
ptxas info    : Function properties for _ZN3cub17_V_300500_SM_10006detail12batched_topk35device_segmented_topk_filter_kernelINS2_26policy_selector_from_typesIsalLl8388608EEELNS1_4topk6selectE1EN4cuda3__417constant_iteratorIPKslEENSA_IPslEENSA_INS9_17counting_iteratorIjlLi0ELi0ELi0EEElEENS9_18transform_iteratorINS2_26per_segment_indexed_out_opINSA_IPKalEENSA_IPalEEEENSG_IlnLi0ELi0ELi0EEEEENS1_6params13uniform_paramIlLl0ELl268435456EEENSU_IlLl1ELl8388608EEENSU_IlLl1ELl1EEEPljPyNS1_21identity_decomposer_tEjjLi0EEEvT1_T2_T3_T4_T5_T6_T7_T8_PKT9_PNS6_7counterINS8_3std3__415iterator_traitsINS1F_IS11_vE10value_typeEvE10value_typeET12_T13_EEPS1K_PS1J_PNS1F_INS1F_IS13_vE10value_typeEvE10value_typeES1P_S1U_S1K_S1K_T10_iibT11_
    8 bytes stack frame, 8 bytes spill stores, 8 bytes spill loads
ptxas info    : Used 40 registers, used 1 barriers, 8 bytes cumulative stack size, 8196 bytes smem
ptxas info    : Compile time = 38.383 ms
ptxas info    : Compiling entry function '_ZN3cub17_V_300500_SM_10006detail12batched_topk35device_segmented_topk_filter_kernelINS2_26policy_selector_from_typesIsalLl8388608EEELNS1_4topk6selectE1EN4cuda3__417constant_iteratorIPKslEENSA_IPslEENSA_INS9_17counting_iteratorIjlLi0ELi0ELi0EEElEENS9_18transform_iteratorINS2_26per_segment_indexed_out_opINSA_IPKalEENSA_IPalEEEENSG_IlnLi0ELi0ELi0EEEEENS1_6params13uniform_paramIlLl0ELl268435456EEENSU_IlLl1ELl8388608EEENSU_IlLl1ELl1EEEPljPyNS1_21identity_decomposer_tEjjLi1EEEvT1_T2_T3_T4_T5_T6_T7_T8_PKT9_PNS6_7counterINS8_3std3__415iterator_traitsINS1F_IS11_vE10value_typeEvE10value_typeET12_T13_EEPS1K_PS1J_PNS1F_INS1F_IS13_vE10value_typeEvE10value_typeES1P_S1U_S1K_S1K_T10_iibT11_' for 'sm_100'
ptxas info    : Function properties for _ZN3cub17_V_300500_SM_10006detail12batched_topk35device_segmented_topk_filter_kernelINS2_26policy_selector_from_typesIsalLl8388608EEELNS1_4topk6selectE1EN4cuda3__417constant_iteratorIPKslEENSA_IPslEENSA_INS9_17counting_iteratorIjlLi0ELi0ELi0EEElEENS9_18transform_iteratorINS2_26per_segment_indexed_out_opINSA_IPKalEENSA_IPalEEEENSG_IlnLi0ELi0ELi0EEEEENS1_6params13uniform_paramIlLl0ELl268435456EEENSU_IlLl1ELl8388608EEENSU_IlLl1ELl1EEEPljPyNS1_21identity_decomposer_tEjjLi1EEEvT1_T2_T3_T4_T5_T6_T7_T8_PKT9_PNS6_7counterINS8_3std3__415iterator_traitsINS1F_IS11_vE10value_typeEvE10value_typeET12_T13_EEPS1K_PS1J_PNS1F_INS1F_IS13_vE10value_typeEvE10value_typeES1P_S1U_S1K_S1K_T10_iibT11_
    8 bytes stack frame, 4 bytes spill stores, 4 bytes spill loads
ptxas info    : Used 40 registers, used 1 barriers, 8 bytes cumulative stack size, 8196 bytes smem
ptxas info    : Compile time = 46.162 ms
ptxas info    : Compiling entry function '_ZN3cub17_V_300500_SM_10006detail12batched_topk47device_segmented_topk_finalize_histogram_kernelINS2_26policy_selector_from_typesIsalLl8388608EEEN4cuda3__417constant_iteratorIPKslEENS1_6params13uniform_paramIlLl0ELl268435456EEENSD_IlLl1ELl8388608EEENSD_IlLl1ELl1EEEPlPyNS1_4topk16extract_bin_op_tIsLNSJ_6selectE1ELi11ENS1_21identity_decomposer_tELb1EEEjjsEEvT0_T1_T2_T3_T4_PNSJ_7counterIT9_T7_T8_EEPSV_T5_T6_ib' for 'sm_100'
ptxas info    : Function properties for _ZN3cub17_V_300500_SM_10006detail12batched_topk47device_segmented_topk_finalize_histogram_kernelINS2_26policy_selector_from_typesIsalLl8388608EEEN4cuda3__417constant_iteratorIPKslEENS1_6params13uniform_paramIlLl0ELl268435456EEENSD_IlLl1ELl8388608EEENSD_IlLl1ELl1EEEPlPyNS1_4topk16extract_bin_op_tIsLNSJ_6selectE1ELi11ENS1_21identity_decomposer_tELb1EEEjjsEEvT0_T1_T2_T3_T4_PNSJ_7counterIT9_T7_T8_EEPSV_T5_T6_ib
    0 bytes stack frame, 0 bytes spill stores, 0 bytes spill loads
ptxas info    : Used 32 registers, used 1 barriers, 8192 bytes smem
ptxas info    : Compile time = 10.683 ms
ptxas info    : Compiling entry function '_ZN3cub17_V_300500_SM_10006detail12batched_topk38device_segmented_topk_histogram_kernelINS2_26policy_selector_from_typesIsalLl8388608EEEN4cuda3__417constant_iteratorIPKslEENS1_6params13uniform_paramIlLl0ELl268435456EEENSD_IlLl1ELl8388608EEENSD_IlLl1ELl1EEEPljPyNS1_4topk16extract_bin_op_tIsLNSJ_6selectE1ELi11ENS1_21identity_decomposer_tELb1EEEjjjEEvT0_T1_T2_T3_T4_PKT5_PNSJ_7counterINS6_3std3__415iterator_traitsINSZ_ISO_vE10value_typeEvE10value_typeET8_T9_EEPS14_T6_T7_' for 'sm_100'
ptxas info    : Function properties for _ZN3cub17_V_300500_SM_10006detail12batched_topk38device_segmented_topk_histogram_kernelINS2_26policy_selector_from_typesIsalLl8388608EEEN4cuda3__417constant_iteratorIPKslEENS1_6params13uniform_paramIlLl0ELl268435456EEENSD_IlLl1ELl8388608EEENSD_IlLl1ELl1EEEPljPyNS1_4topk16extract_bin_op_tIsLNSJ_6selectE1ELi11ENS1_21identity_decomposer_tELb1EEEjjjEEvT0_T1_T2_T3_T4_PKT5_PNSJ_7counterINS6_3std3__415iterator_traitsINSZ_ISO_vE10value_typeEvE10value_typeET8_T9_EEPS14_T6_T7_
    0 bytes stack frame, 0 bytes spill stores, 0 bytes spill loads
ptxas info    : Used 32 registers, used 1 barriers, 8240 bytes smem
ptxas info    : Compile time = 39.517 ms
ptxas info    : Compiling entry function '_ZN3cub17_V_300500_SM_10006detail12batched_topk44device_segmented_topk_finalize_filter_kernelINS2_26policy_selector_from_typesIsalLl8388608EEELNS1_4topk6selectE0EN4cuda3__417constant_iteratorIPKslEENSA_IPslEENSA_INS9_17counting_iteratorIjlLi0ELi0ELi0EEElEENS9_18transform_iteratorINS2_26per_segment_indexed_out_opINSA_IPKalEENSA_IPalEEEENSG_IlnLi0ELi0ELi0EEEEENS1_6params13uniform_paramIlLl0ELl268435456EEENSU_IlLl1ELl8388608EEENSU_IlLl1ELl1EEEPljPyNS1_21identity_decomposer_tEjjsEEvT1_T2_T3_T4_T5_T6_T7_T8_PKT9_PNS6_7counterIT14_T12_T13_EEPS1E_PS1D_PNS8_3std3__415iterator_traitsINS1M_IS13_vE10value_typeEvE10value_typeES1J_S1R_T10_S1E_S1E_iiT11_b' for 'sm_100'
ptxas info    : Function properties for _ZN3cub17_V_300500_SM_10006detail12batched_topk44device_segmented_topk_finalize_filter_kernelINS2_26policy_selector_from_typesIsalLl8388608EEELNS1_4topk6selectE0EN4cuda3__417constant_iteratorIPKslEENSA_IPslEENSA_INS9_17counting_iteratorIjlLi0ELi0ELi0EEElEENS9_18transform_iteratorINS2_26per_segment_indexed_out_opINSA_IPKalEENSA_IPalEEEENSG_IlnLi0ELi0ELi0EEEEENS1_6params13uniform_paramIlLl0ELl268435456EEENSU_IlLl1ELl8388608EEENSU_IlLl1ELl1EEEPljPyNS1_21identity_decomposer_tEjjsEEvT1_T2_T3_T4_T5_T6_T7_T8_PKT9_PNS6_7counterIT14_T12_T13_EEPS1E_PS1D_PNS8_3std3__415iterator_traitsINS1M_IS13_vE10value_typeEvE10value_typeES1J_S1R_T10_S1E_S1E_iiT11_b
    0 bytes stack frame, 0 bytes spill stores, 0 bytes spill loads
ptxas info    : Used 64 registers, used 1 barriers, 8208 bytes smem
ptxas info    : Compile time = 50.810 ms
ptxas info    : Compiling entry function '_ZN3cub17_V_300500_SM_10006detail12batched_topk40device_segmented_topk_last_filter_kernelINS2_26policy_selector_from_typesIsalLl8388608EEELNS1_4topk6selectE0EN4cuda3__417constant_iteratorIPKslEENSA_IPslEENSA_INS9_17counting_iteratorIjlLi0ELi0ELi0EEElEENS9_18transform_iteratorINS2_26per_segment_indexed_out_opINSA_IPKalEENSA_IPalEEEENSG_IlnLi0ELi0ELi0EEEEENS1_6params13uniform_paramIlLl0ELl268435456EEENSU_IlLl1ELl8388608EEENSU_IlLl1ELl1EEEPljPyNS1_21identity_decomposer_tEjjEEvT1_T2_T3_T4_T5_T6_T7_T8_PKT9_PNS6_7counterINS8_3std3__415iterator_traitsINS1F_IS11_vE10value_typeEvE10value_typeET12_T13_EEPS1J_PNS1F_INS1F_IS13_vE10value_typeEvE10value_typeES1K_T10_iiT11_' for 'sm_100'
ptxas info    : Function properties for _ZN3cub17_V_300500_SM_10006detail12batched_topk40device_segmented_topk_last_filter_kernelINS2_26policy_selector_from_typesIsalLl8388608EEELNS1_4topk6selectE0EN4cuda3__417constant_iteratorIPKslEENSA_IPslEENSA_INS9_17counting_iteratorIjlLi0ELi0ELi0EEElEENS9_18transform_iteratorINS2_26per_segment_indexed_out_opINSA_IPKalEENSA_IPalEEEENSG_IlnLi0ELi0ELi0EEEEENS1_6params13uniform_paramIlLl0ELl268435456EEENSU_IlLl1ELl8388608EEENSU_IlLl1ELl1EEEPljPyNS1_21identity_decomposer_tEjjEEvT1_T2_T3_T4_T5_T6_T7_T8_PKT9_PNS6_7counterINS8_3std3__415iterator_traitsINS1F_IS11_vE10value_typeEvE10value_typeET12_T13_EEPS1J_PNS1F_INS1F_IS13_vE10value_typeEvE10value_typeES1K_T10_iiT11_
    0 bytes stack frame, 0 bytes spill stores, 0 bytes spill loads
ptxas info    : Used 64 registers, used 1 barriers
ptxas info    : Compile time = 384.806 ms
ptxas info    : Compiling entry function '_ZN3cub17_V_300500_SM_10006detail12batched_topk35device_segmented_topk_filter_kernelINS2_26policy_selector_from_typesIsalLl8388608EEELNS1_4topk6selectE0EN4cuda3__417constant_iteratorIPKslEENSA_IPslEENSA_INS9_17counting_iteratorIjlLi0ELi0ELi0EEElEENS9_18transform_iteratorINS2_26per_segment_indexed_out_opINSA_IPKalEENSA_IPalEEEENSG_IlnLi0ELi0ELi0EEEEENS1_6params13uniform_paramIlLl0ELl268435456EEENSU_IlLl1ELl8388608EEENSU_IlLl1ELl1EEEPljPyNS1_21identity_decomposer_tEjjLi7EEEvT1_T2_T3_T4_T5_T6_T7_T8_PKT9_PNS6_7counterINS8_3std3__415iterator_traitsINS1F_IS11_vE10value_typeEvE10value_typeET12_T13_EEPS1K_PS1J_PNS1F_INS1F_IS13_vE10value_typeEvE10value_typeES1P_S1U_S1K_S1K_T10_iibT11_' for 'sm_100'
ptxas info    : Function properties for _ZN3cub17_V_300500_SM_10006detail12batched_topk35device_segmented_topk_filter_kernelINS2_26policy_selector_from_typesIsalLl8388608EEELNS1_4topk6selectE0EN4cuda3__417constant_iteratorIPKslEENSA_IPslEENSA_INS9_17counting_iteratorIjlLi0ELi0ELi0EEElEENS9_18transform_iteratorINS2_26per_segment_indexed_out_opINSA_IPKalEENSA_IPalEEEENSG_IlnLi0ELi0ELi0EEEEENS1_6params13uniform_paramIlLl0ELl268435456EEENSU_IlLl1ELl8388608EEENSU_IlLl1ELl1EEEPljPyNS1_21identity_decomposer_tEjjLi7EEEvT1_T2_T3_T4_T5_T6_T7_T8_PKT9_PNS6_7counterINS8_3std3__415iterator_traitsINS1F_IS11_vE10value_typeEvE10value_typeET12_T13_EEPS1K_PS1J_PNS1F_INS1F_IS13_vE10value_typeEvE10value_typeES1P_S1U_S1K_S1K_T10_iibT11_
    8 bytes stack frame, 4 bytes spill stores, 4 bytes spill loads
ptxas info    : Used 40 registers, used 1 barriers, 8 bytes cumulative stack size, 8196 bytes smem
ptxas info    : Compile time = 44.534 ms
ptxas info    : Compiling entry function '_ZN3cub17_V_300500_SM_10006detail12batched_topk35device_segmented_topk_filter_kernelINS2_26policy_selector_from_typesIsalLl8388608EEELNS1_4topk6selectE0EN4cuda3__417constant_iteratorIPKslEENSA_IPslEENSA_INS9_17counting_iteratorIjlLi0ELi0ELi0EEElEENS9_18transform_iteratorINS2_26per_segment_indexed_out_opINSA_IPKalEENSA_IPalEEEENSG_IlnLi0ELi0ELi0EEEEENS1_6params13uniform_paramIlLl0ELl268435456EEENSU_IlLl1ELl8388608EEENSU_IlLl1ELl1EEEPljPyNS1_21identity_decomposer_tEjjLi6EEEvT1_T2_T3_T4_T5_T6_T7_T8_PKT9_PNS6_7counterINS8_3std3__415iterator_traitsINS1F_IS11_vE10value_typeEvE10value_typeET12_T13_EEPS1K_PS1J_PNS1F_INS1F_IS13_vE10value_typeEvE10value_typeES1P_S1U_S1K_S1K_T10_iibT11_' for 'sm_100'
ptxas info    : Function properties for _ZN3cub17_V_300500_SM_10006detail12batched_topk35device_segmented_topk_filter_kernelINS2_26policy_selector_from_typesIsalLl8388608EEELNS1_4topk6selectE0EN4cuda3__417constant_iteratorIPKslEENSA_IPslEENSA_INS9_17counting_iteratorIjlLi0ELi0ELi0EEElEENS9_18transform_iteratorINS2_26per_segment_indexed_out_opINSA_IPKalEENSA_IPalEEEENSG_IlnLi0ELi0ELi0EEEEENS1_6params13uniform_paramIlLl0ELl268435456EEENSU_IlLl1ELl8388608EEENSU_IlLl1ELl1EEEPljPyNS1_21identity_decomposer_tEjjLi6EEEvT1_T2_T3_T4_T5_T6_T7_T8_PKT9_PNS6_7counterINS8_3std3__415iterator_traitsINS1F_IS11_vE10value_typeEvE10value_typeET12_T13_EEPS1K_PS1J_PNS1F_INS1F_IS13_vE10value_typeEvE10value_typeES1P_S1U_S1K_S1K_T10_iibT11_
    8 bytes stack frame, 4 bytes spill stores, 4 bytes spill loads
ptxas info    : Used 40 registers, used 1 barriers, 8 bytes cumulative stack size, 8196 bytes smem
ptxas info    : Compile time = 44.614 ms
ptxas info    : Compiling entry function '_ZN3cub17_V_300500_SM_10006detail12batched_topk35device_segmented_topk_filter_kernelINS2_26policy_selector_from_typesIsalLl8388608EEELNS1_4topk6selectE0EN4cuda3__417constant_iteratorIPKslEENSA_IPslEENSA_INS9_17counting_iteratorIjlLi0ELi0ELi0EEElEENS9_18transform_iteratorINS2_26per_segment_indexed_out_opINSA_IPKalEENSA_IPalEEEENSG_IlnLi0ELi0ELi0EEEEENS1_6params13uniform_paramIlLl0ELl268435456EEENSU_IlLl1ELl8388608EEENSU_IlLl1ELl1EEEPljPyNS1_21identity_decomposer_tEjjLi5EEEvT1_T2_T3_T4_T5_T6_T7_T8_PKT9_PNS6_7counterINS8_3std3__415iterator_traitsINS1F_IS11_vE10value_typeEvE10value_typeET12_T13_EEPS1K_PS1J_PNS1F_INS1F_IS13_vE10value_typeEvE10value_typeES1P_S1U_S1K_S1K_T10_iibT11_' for 'sm_100'
ptxas info    : Function properties for _ZN3cub17_V_300500_SM_10006detail12batched_topk35device_segmented_topk_filter_kernelINS2_26policy_selector_from_typesIsalLl8388608EEELNS1_4topk6selectE0EN4cuda3__417constant_iteratorIPKslEENSA_IPslEENSA_INS9_17counting_iteratorIjlLi0ELi0ELi0EEElEENS9_18transform_iteratorINS2_26per_segment_indexed_out_opINSA_IPKalEENSA_IPalEEEENSG_IlnLi0ELi0ELi0EEEEENS1_6params13uniform_paramIlLl0ELl268435456EEENSU_IlLl1ELl8388608EEENSU_IlLl1ELl1EEEPljPyNS1_21identity_decomposer_tEjjLi5EEEvT1_T2_T3_T4_T5_T6_T7_T8_PKT9_PNS6_7counterINS8_3std3__415iterator_traitsINS1F_IS11_vE10value_typeEvE10value_typeET12_T13_EEPS1K_PS1J_PNS1F_INS1F_IS13_vE10value_typeEvE10value_typeES1P_S1U_S1K_S1K_T10_iibT11_
    8 bytes stack frame, 4 bytes spill stores, 4 bytes spill loads
ptxas info    : Used 40 registers, used 1 barriers, 8 bytes cumulative stack size, 8196 bytes smem
ptxas info    : Compile time = 44.656 ms
ptxas info    : Compiling entry function '_ZN3cub17_V_300500_SM_10006detail12batched_topk35device_segmented_topk_filter_kernelINS2_26policy_selector_from_typesIsalLl8388608EEELNS1_4topk6selectE0EN4cuda3__417constant_iteratorIPKslEENSA_IPslEENSA_INS9_17counting_iteratorIjlLi0ELi0ELi0EEElEENS9_18transform_iteratorINS2_26per_segment_indexed_out_opINSA_IPKalEENSA_IPalEEEENSG_IlnLi0ELi0ELi0EEEEENS1_6params13uniform_paramIlLl0ELl268435456EEENSU_IlLl1ELl8388608EEENSU_IlLl1ELl1EEEPljPyNS1_21identity_decomposer_tEjjLi4EEEvT1_T2_T3_T4_T5_T6_T7_T8_PKT9_PNS6_7counterINS8_3std3__415iterator_traitsINS1F_IS11_vE10value_typeEvE10value_typeET12_T13_EEPS1K_PS1J_PNS1F_INS1F_IS13_vE10value_typeEvE10value_typeES1P_S1U_S1K_S1K_T10_iibT11_' for 'sm_100'
ptxas info    : Function properties for _ZN3cub17_V_300500_SM_10006detail12batched_topk35device_segmented_topk_filter_kernelINS2_26policy_selector_from_typesIsalLl8388608EEELNS1_4topk6selectE0EN4cuda3__417constant_iteratorIPKslEENSA_IPslEENSA_INS9_17counting_iteratorIjlLi0ELi0ELi0EEElEENS9_18transform_iteratorINS2_26per_segment_indexed_out_opINSA_IPKalEENSA_IPalEEEENSG_IlnLi0ELi0ELi0EEEEENS1_6params13uniform_paramIlLl0ELl268435456EEENSU_IlLl1ELl8388608EEENSU_IlLl1ELl1EEEPljPyNS1_21identity_decomposer_tEjjLi4EEEvT1_T2_T3_T4_T5_T6_T7_T8_PKT9_PNS6_7counterINS8_3std3__415iterator_traitsINS1F_IS11_vE10value_typeEvE10value_typeET12_T13_EEPS1K_PS1J_PNS1F_INS1F_IS13_vE10value_typeEvE10value_typeES1P_S1U_S1K_S1K_T10_iibT11_
    8 bytes stack frame, 4 bytes spill stores, 4 bytes spill loads
ptxas info    : Used 40 registers, used 1 barriers, 8 bytes cumulative stack size, 8196 bytes smem
ptxas info    : Compile time = 44.583 ms
ptxas info    : Compiling entry function '_ZN3cub17_V_300500_SM_10006detail12batched_topk35device_segmented_topk_filter_kernelINS2_26policy_selector_from_typesIsalLl8388608EEELNS1_4topk6selectE0EN4cuda3__417constant_iteratorIPKslEENSA_IPslEENSA_INS9_17counting_iteratorIjlLi0ELi0ELi0EEElEENS9_18transform_iteratorINS2_26per_segment_indexed_out_opINSA_IPKalEENSA_IPalEEEENSG_IlnLi0ELi0ELi0EEEEENS1_6params13uniform_paramIlLl0ELl268435456EEENSU_IlLl1ELl8388608EEENSU_IlLl1ELl1EEEPljPyNS1_21identity_decomposer_tEjjLi3EEEvT1_T2_T3_T4_T5_T6_T7_T8_PKT9_PNS6_7counterINS8_3std3__415iterator_traitsINS1F_IS11_vE10value_typeEvE10value_typeET12_T13_EEPS1K_PS1J_PNS1F_INS1F_IS13_vE10value_typeEvE10value_typeES1P_S1U_S1K_S1K_T10_iibT11_' for 'sm_100'
ptxas info    : Function properties for _ZN3cub17_V_300500_SM_10006detail12batched_topk35device_segmented_topk_filter_kernelINS2_26policy_selector_from_typesIsalLl8388608EEELNS1_4topk6selectE0EN4cuda3__417constant_iteratorIPKslEENSA_IPslEENSA_INS9_17counting_iteratorIjlLi0ELi0ELi0EEElEENS9_18transform_iteratorINS2_26per_segment_indexed_out_opINSA_IPKalEENSA_IPalEEEENSG_IlnLi0ELi0ELi0EEEEENS1_6params13uniform_paramIlLl0ELl268435456EEENSU_IlLl1ELl8388608EEENSU_IlLl1ELl1EEEPljPyNS1_21identity_decomposer_tEjjLi3EEEvT1_T2_T3_T4_T5_T6_T7_T8_PKT9_PNS6_7counterINS8_3std3__415iterator_traitsINS1F_IS11_vE10value_typeEvE10value_typeET12_T13_EEPS1K_PS1J_PNS1F_INS1F_IS13_vE10value_typeEvE10value_typeES1P_S1U_S1K_S1K_T10_iibT11_
    8 bytes stack frame, 4 bytes spill stores, 4 bytes spill loads
ptxas info    : Used 40 registers, used 1 barriers, 8 bytes cumulative stack size, 8196 bytes smem
ptxas info    : Compile time = 44.597 ms
ptxas info    : Compiling entry function '_ZN3cub17_V_300500_SM_10006detail12batched_topk35device_segmented_topk_filter_kernelINS2_26policy_selector_from_typesIsalLl8388608EEELNS1_4topk6selectE0EN4cuda3__417constant_iteratorIPKslEENSA_IPslEENSA_INS9_17counting_iteratorIjlLi0ELi0ELi0EEElEENS9_18transform_iteratorINS2_26per_segment_indexed_out_opINSA_IPKalEENSA_IPalEEEENSG_IlnLi0ELi0ELi0EEEEENS1_6params13uniform_paramIlLl0ELl268435456EEENSU_IlLl1ELl8388608EEENSU_IlLl1ELl1EEEPljPyNS1_21identity_decomposer_tEjjLi2EEEvT1_T2_T3_T4_T5_T6_T7_T8_PKT9_PNS6_7counterINS8_3std3__415iterator_traitsINS1F_IS11_vE10value_typeEvE10value_typeET12_T13_EEPS1K_PS1J_PNS1F_INS1F_IS13_vE10value_typeEvE10value_typeES1P_S1U_S1K_S1K_T10_iibT11_' for 'sm_100'
ptxas info    : Function properties for _ZN3cub17_V_300500_SM_10006detail12batched_topk35device_segmented_topk_filter_kernelINS2_26policy_selector_from_typesIsalLl8388608EEELNS1_4topk6selectE0EN4cuda3__417constant_iteratorIPKslEENSA_IPslEENSA_INS9_17counting_iteratorIjlLi0ELi0ELi0EEElEENS9_18transform_iteratorINS2_26per_segment_indexed_out_opINSA_IPKalEENSA_IPalEEEENSG_IlnLi0ELi0ELi0EEEEENS1_6params13uniform_paramIlLl0ELl268435456EEENSU_IlLl1ELl8388608EEENSU_IlLl1ELl1EEEPljPyNS1_21identity_decomposer_tEjjLi2EEEvT1_T2_T3_T4_T5_T6_T7_T8_PKT9_PNS6_7counterINS8_3std3__415iterator_traitsINS1F_IS11_vE10value_typeEvE10value_typeET12_T13_EEPS1K_PS1J_PNS1F_INS1F_IS13_vE10value_typeEvE10value_typeES1P_S1U_S1K_S1K_T10_iibT11_
    8 bytes stack frame, 4 bytes spill stores, 4 bytes spill loads
ptxas info    : Used 40 registers, used 1 barriers, 8 bytes cumulative stack size, 8196 bytes smem
ptxas info    : Compile time = 44.504 ms
ptxas info    : Compiling entry function '_ZN3cub17_V_300500_SM_10006detail12batched_topk35device_segmented_topk_filter_kernelINS2_26policy_selector_from_typesIsalLl8388608EEELNS1_4topk6selectE0EN4cuda3__417constant_iteratorIPKslEENSA_IPslEENSA_INS9_17counting_iteratorIjlLi0ELi0ELi0EEElEENS9_18transform_iteratorINS2_26per_segment_indexed_out_opINSA_IPKalEENSA_IPalEEEENSG_IlnLi0ELi0ELi0EEEEENS1_6params13uniform_paramIlLl0ELl268435456EEENSU_IlLl1ELl8388608EEENSU_IlLl1ELl1EEEPljPyNS1_21identity_decomposer_tEjjLi0EEEvT1_T2_T3_T4_T5_T6_T7_T8_PKT9_PNS6_7counterINS8_3std3__415iterator_traitsINS1F_IS11_vE10value_typeEvE10value_typeET12_T13_EEPS1K_PS1J_PNS1F_INS1F_IS13_vE10value_typeEvE10value_typeES1P_S1U_S1K_S1K_T10_iibT11_' for 'sm_100'
ptxas info    : Function properties for _ZN3cub17_V_300500_SM_10006detail12batched_topk35device_segmented_topk_filter_kernelINS2_26policy_selector_from_typesIsalLl8388608EEELNS1_4topk6selectE0EN4cuda3__417constant_iteratorIPKslEENSA_IPslEENSA_INS9_17counting_iteratorIjlLi0ELi0ELi0EEElEENS9_18transform_iteratorINS2_26per_segment_indexed_out_opINSA_IPKalEENSA_IPalEEEENSG_IlnLi0ELi0ELi0EEEEENS1_6params13uniform_paramIlLl0ELl268435456EEENSU_IlLl1ELl8388608EEENSU_IlLl1ELl1EEEPljPyNS1_21identity_decomposer_tEjjLi0EEEvT1_T2_T3_T4_T5_T6_T7_T8_PKT9_PNS6_7counterINS8_3std3__415iterator_traitsINS1F_IS11_vE10value_typeEvE10value_typeET12_T13_EEPS1K_PS1J_PNS1F_INS1F_IS13_vE10value_typeEvE10value_typeES1P_S1U_S1K_S1K_T10_iibT11_
    8 bytes stack frame, 8 bytes spill stores, 8 bytes spill loads
ptxas info    : Used 40 registers, used 1 barriers, 8 bytes cumulative stack size, 8196 bytes smem
ptxas info    : Compile time = 38.363 ms
ptxas info    : Compiling entry function '_ZN3cub17_V_300500_SM_10006detail12batched_topk35device_segmented_topk_filter_kernelINS2_26policy_selector_from_typesIsalLl8388608EEELNS1_4topk6selectE0EN4cuda3__417constant_iteratorIPKslEENSA_IPslEENSA_INS9_17counting_iteratorIjlLi0ELi0ELi0EEElEENS9_18transform_iteratorINS2_26per_segment_indexed_out_opINSA_IPKalEENSA_IPalEEEENSG_IlnLi0ELi0ELi0EEEEENS1_6params13uniform_paramIlLl0ELl268435456EEENSU_IlLl1ELl8388608EEENSU_IlLl1ELl1EEEPljPyNS1_21identity_decomposer_tEjjLi1EEEvT1_T2_T3_T4_T5_T6_T7_T8_PKT9_PNS6_7counterINS8_3std3__415iterator_traitsINS1F_IS11_vE10value_typeEvE10value_typeET12_T13_EEPS1K_PS1J_PNS1F_INS1F_IS13_vE10value_typeEvE10value_typeES1P_S1U_S1K_S1K_T10_iibT11_' for 'sm_100'
ptxas info    : Function properties for _ZN3cub17_V_300500_SM_10006detail12batched_topk35device_segmented_topk_filter_kernelINS2_26policy_selector_from_typesIsalLl8388608EEELNS1_4topk6selectE0EN4cuda3__417constant_iteratorIPKslEENSA_IPslEENSA_INS9_17counting_iteratorIjlLi0ELi0ELi0EEElEENS9_18transform_iteratorINS2_26per_segment_indexed_out_opINSA_IPKalEENSA_IPalEEEENSG_IlnLi0ELi0ELi0EEEEENS1_6params13uniform_paramIlLl0ELl268435456EEENSU_IlLl1ELl8388608EEENSU_IlLl1ELl1EEEPljPyNS1_21identity_decomposer_tEjjLi1EEEvT1_T2_T3_T4_T5_T6_T7_T8_PKT9_PNS6_7counterINS8_3std3__415iterator_traitsINS1F_IS11_vE10value_typeEvE10value_typeET12_T13_EEPS1K_PS1J_PNS1F_INS1F_IS13_vE10value_typeEvE10value_typeES1P_S1U_S1K_S1K_T10_iibT11_
    8 bytes stack frame, 4 bytes spill stores, 4 bytes spill loads
ptxas info    : Used 40 registers, used 1 barriers, 8 bytes cumulative stack size, 8196 bytes smem
ptxas info    : Compile time = 46.012 ms
ptxas info    : Compiling entry function '_ZN3cub17_V_300500_SM_10006detail12batched_topk47device_segmented_topk_finalize_histogram_kernelINS2_26policy_selector_from_typesIsalLl8388608EEEN4cuda3__417constant_iteratorIPKslEENS1_6params13uniform_paramIlLl0ELl268435456EEENSD_IlLl1ELl8388608EEENSD_IlLl1ELl1EEEPlPyNS1_4topk16extract_bin_op_tIsLNSJ_6selectE0ELi11ENS1_21identity_decomposer_tELb1EEEjjsEEvT0_T1_T2_T3_T4_PNSJ_7counterIT9_T7_T8_EEPSV_T5_T6_ib' for 'sm_100'
ptxas info    : Function properties for _ZN3cub17_V_300500_SM_10006detail12batched_topk47device_segmented_topk_finalize_histogram_kernelINS2_26policy_selector_from_typesIsalLl8388608EEEN4cuda3__417constant_iteratorIPKslEENS1_6params13uniform_paramIlLl0ELl268435456EEENSD_IlLl1ELl8388608EEENSD_IlLl1ELl1EEEPlPyNS1_4topk16extract_bin_op_tIsLNSJ_6selectE0ELi11ENS1_21identity_decomposer_tELb1EEEjjsEEvT0_T1_T2_T3_T4_PNSJ_7counterIT9_T7_T8_EEPSV_T5_T6_ib
    0 bytes stack frame, 0 bytes spill stores, 0 bytes spill loads
ptxas info    : Used 32 registers, used 1 barriers, 8192 bytes smem
ptxas info    : Compile time = 10.675 ms
ptxas info    : Compiling entry function '_ZN3cub17_V_300500_SM_10006detail12batched_topk38device_segmented_topk_histogram_kernelINS2_26policy_selector_from_typesIsalLl8388608EEEN4cuda3__417constant_iteratorIPKslEENS1_6params13uniform_paramIlLl0ELl268435456EEENSD_IlLl1ELl8388608EEENSD_IlLl1ELl1EEEPljPyNS1_4topk16extract_bin_op_tIsLNSJ_6selectE0ELi11ENS1_21identity_decomposer_tELb1EEEjjjEEvT0_T1_T2_T3_T4_PKT5_PNSJ_7counterINS6_3std3__415iterator_traitsINSZ_ISO_vE10value_typeEvE10value_typeET8_T9_EEPS14_T6_T7_' for 'sm_100'
ptxas info    : Function properties for _ZN3cub17_V_300500_SM_10006detail12batched_topk38device_segmented_topk_histogram_kernelINS2_26policy_selector_from_typesIsalLl8388608EEEN4cuda3__417constant_iteratorIPKslEENS1_6params13uniform_paramIlLl0ELl268435456EEENSD_IlLl1ELl8388608EEENSD_IlLl1ELl1EEEPljPyNS1_4topk16extract_bin_op_tIsLNSJ_6selectE0ELi11ENS1_21identity_decomposer_tELb1EEEjjjEEvT0_T1_T2_T3_T4_PKT5_PNSJ_7counterINS6_3std3__415iterator_traitsINSZ_ISO_vE10value_typeEvE10value_typeET8_T9_EEPS14_T6_T7_
    0 bytes stack frame, 0 bytes spill stores, 0 bytes spill loads
ptxas info    : Used 32 registers, used 1 barriers, 8240 bytes smem
ptxas info    : Compile time = 39.580 ms
ptxas info    : Compiling entry function '_ZN3cub17_V_300500_SM_10006detail12batched_topk28device_segmented_topk_kernelINS2_26policy_selector_from_typesIsalLl8388608EEEN4cuda3__417constant_iteratorIPKslEENS8_IPslEENS8_IPKalEENS8_IPalEENS1_6params13uniform_paramIlLl0ELl268435456EEENSK_IlLl1ELl8388608EEENSJ_22uniform_discrete_paramINS1_4topk6selectEJLSP_1EEEENSK_IlLl1ELl1EEEjEEvT0_T1_T2_T3_T4_T5_T6_T7_PNS2_21batched_topk_countersINSZ_10value_typeEEEPS11_PT8_' for 'sm_100'
ptxas info    : Function properties for _ZN3cub17_V_300500_SM_10006detail12batched_topk28device_segmented_topk_kernelINS2_26policy_selector_from_typesIsalLl8388608EEEN4cuda3__417constant_iteratorIPKslEENS8_IPslEENS8_IPKalEENS8_IPalEENS1_6params13uniform_paramIlLl0ELl268435456EEENSK_IlLl1ELl8388608EEENSJ_22uniform_discrete_paramINS1_4topk6selectEJLSP_1EEEENSK_IlLl1ELl1EEEjEEvT0_T1_T2_T3_T4_T5_T6_T7_PNS2_21batched_topk_countersINSZ_10value_typeEEEPS11_PT8_
    1424 bytes stack frame, 1432 bytes spill stores, 1568 bytes spill loads
ptxas info    : Used 255 registers, used 1 barriers, 1424 bytes cumulative stack size, 33808 bytes smem
ptxas info    : Compile time = 389.075 ms
ptxas info    : Compiling entry function '_ZN3cub17_V_300500_SM_10006detail12batched_topk44device_segmented_topk_finalize_filter_kernelINS2_26policy_selector_from_typesIallLl8388608EEELNS1_4topk6selectE1EN4cuda3__417constant_iteratorIPKalEENSA_IPalEENSA_INS9_17counting_iteratorIjlLi0ELi0ELi0EEElEENS9_18transform_iteratorINS2_26per_segment_indexed_out_opINSA_IPKllEENSA_IPllEEEENSG_IlnLi0ELi0ELi0EEEEENS1_6params13uniform_paramIlLl0ELl268435456EEENSU_IlLl1ELl8388608EEENSU_IlLl1ELl1EEESO_jPyNS1_21identity_decomposer_tEjjaEEvT1_T2_T3_T4_T5_T6_T7_T8_PKT9_PNS6_7counterIT14_T12_T13_EEPS1D_PS1C_PNS8_3std3__415iterator_traitsINS1L_IS12_vE10value_typeEvE10value_typeES1I_S1Q_T10_S1D_S1D_iiT11_b' for 'sm_100'
ptxas info    : Function properties for _ZN3cub17_V_300500_SM_10006detail12batched_topk44device_segmented_topk_finalize_filter_kernelINS2_26policy_selector_from_typesIallLl8388608EEELNS1_4topk6selectE1EN4cuda3__417constant_iteratorIPKalEENSA_IPalEENSA_INS9_17counting_iteratorIjlLi0ELi0ELi0EEElEENS9_18transform_iteratorINS2_26per_segment_indexed_out_opINSA_IPKllEENSA_IPllEEEENSG_IlnLi0ELi0ELi0EEEEENS1_6params13uniform_paramIlLl0ELl268435456EEENSU_IlLl1ELl8388608EEENSU_IlLl1ELl1EEESO_jPyNS1_21identity_decomposer_tEjjaEEvT1_T2_T3_T4_T5_T6_T7_T8_PKT9_PNS6_7counterIT14_T12_T13_EEPS1D_PS1C_PNS8_3std3__415iterator_traitsINS1L_IS12_vE10value_typeEvE10value_typeES1I_S1Q_T10_S1D_S1D_iiT11_b
    0 bytes stack frame, 0 bytes spill stores, 0 bytes spill loads
ptxas info    : Used 120 registers, used 1 barriers, 2048 bytes smem
ptxas info    : Compile time = 78.672 ms
ptxas info    : Compiling entry function '_ZN3cub17_V_300500_SM_10006detail12batched_topk40device_segmented_topk_last_filter_kernelINS2_26policy_selector_from_typesIallLl8388608EEELNS1_4topk6selectE1EN4cuda3__417constant_iteratorIPKalEENSA_IPalEENSA_INS9_17counting_iteratorIjlLi0ELi0ELi0EEElEENS9_18transform_iteratorINS2_26per_segment_indexed_out_opINSA_IPKllEENSA_IPllEEEENSG_IlnLi0ELi0ELi0EEEEENS1_6params13uniform_paramIlLl0ELl268435456EEENSU_IlLl1ELl8388608EEENSU_IlLl1ELl1EEESO_jPyNS1_21identity_decomposer_tEjjEEvT1_T2_T3_T4_T5_T6_T7_T8_PKT9_PNS6_7counterINS8_3std3__415iterator_traitsINS1E_IS10_vE10value_typeEvE10value_typeET12_T13_EEPS1I_PNS1E_INS1E_IS12_vE10value_typeEvE10value_typeES1J_T10_iiT11_' for 'sm_100'
ptxas info    : Function properties for _ZN3cub17_V_300500_SM_10006detail12batched_topk40device_segmented_topk_last_filter_kernelINS2_26policy_selector_from_typesIallLl8388608EEELNS1_4topk6selectE1EN4cuda3__417constant_iteratorIPKalEENSA_IPalEENSA_INS9_17counting_iteratorIjlLi0ELi0ELi0EEElEENS9_18transform_iteratorINS2_26per_segment_indexed_out_opINSA_IPKllEENSA_IPllEEEENSG_IlnLi0ELi0ELi0EEEEENS1_6params13uniform_paramIlLl0ELl268435456EEENSU_IlLl1ELl8388608EEENSU_IlLl1ELl1EEESO_jPyNS1_21identity_decomposer_tEjjEEvT1_T2_T3_T4_T5_T6_T7_T8_PKT9_PNS6_7counterINS8_3std3__415iterator_traitsINS1E_IS10_vE10value_typeEvE10value_typeET12_T13_EEPS1I_PNS1E_INS1E_IS12_vE10value_typeEvE10value_typeES1J_T10_iiT11_
    0 bytes stack frame, 0 bytes spill stores, 0 bytes spill loads
ptxas info    : Used 64 registers, used 1 barriers
ptxas info    : Compile time = 932.264 ms
ptxas info    : Compiling entry function '_ZN3cub17_V_300500_SM_10006detail12batched_topk35device_segmented_topk_filter_kernelINS2_26policy_selector_from_typesIallLl8388608EEELNS1_4topk6selectE1EN4cuda3__417constant_iteratorIPKalEENSA_IPalEENSA_INS9_17counting_iteratorIjlLi0ELi0ELi0EEElEENS9_18transform_iteratorINS2_26per_segment_indexed_out_opINSA_IPKllEENSA_IPllEEEENSG_IlnLi0ELi0ELi0EEEEENS1_6params13uniform_paramIlLl0ELl268435456EEENSU_IlLl1ELl8388608EEENSU_IlLl1ELl1EEESO_jPyNS1_21identity_decomposer_tEjjLi7EEEvT1_T2_T3_T4_T5_T6_T7_T8_PKT9_PNS6_7counterINS8_3std3__415iterator_traitsINS1E_IS10_vE10value_typeEvE10value_typeET12_T13_EEPS1J_PS1I_PNS1E_INS1E_IS12_vE10value_typeEvE10value_typeES1O_S1T_S1J_S1J_T10_iibT11_' for 'sm_100'
ptxas info    : Function properties for _ZN3cub17_V_300500_SM_10006detail12batched_topk35device_segmented_topk_filter_kernelINS2_26policy_selector_from_typesIallLl8388608EEELNS1_4topk6selectE1EN4cuda3__417constant_iteratorIPKalEENSA_IPalEENSA_INS9_17counting_iteratorIjlLi0ELi0ELi0EEElEENS9_18transform_iteratorINS2_26per_segment_indexed_out_opINSA_IPKllEENSA_IPllEEEENSG_IlnLi0ELi0ELi0EEEEENS1_6params13uniform_paramIlLl0ELl268435456EEENSU_IlLl1ELl8388608EEENSU_IlLl1ELl1EEESO_jPyNS1_21identity_decomposer_tEjjLi7EEEvT1_T2_T3_T4_T5_T6_T7_T8_PKT9_PNS6_7counterINS8_3std3__415iterator_traitsINS1E_IS10_vE10value_typeEvE10value_typeET12_T13_EEPS1J_PS1I_PNS1E_INS1E_IS12_vE10value_typeEvE10value_typeES1O_S1T_S1J_S1J_T10_iibT11_
    24 bytes stack frame, 28 bytes spill stores, 20 bytes spill loads
ptxas info    : Used 40 registers, used 1 barriers, 24 bytes cumulative stack size, 1028 bytes smem
ptxas info    : Compile time = 72.599 ms
ptxas info    : Compiling entry function '_ZN3cub17_V_300500_SM_10006detail12batched_topk35device_segmented_topk_filter_kernelINS2_26policy_selector_from_typesIallLl8388608EEELNS1_4topk6selectE1EN4cuda3__417constant_iteratorIPKalEENSA_IPalEENSA_INS9_17counting_iteratorIjlLi0ELi0ELi0EEElEENS9_18transform_iteratorINS2_26per_segment_indexed_out_opINSA_IPKllEENSA_IPllEEEENSG_IlnLi0ELi0ELi0EEEEENS1_6params13uniform_paramIlLl0ELl268435456EEENSU_IlLl1ELl8388608EEENSU_IlLl1ELl1EEESO_jPyNS1_21identity_decomposer_tEjjLi6EEEvT1_T2_T3_T4_T5_T6_T7_T8_PKT9_PNS6_7counterINS8_3std3__415iterator_traitsINS1E_IS10_vE10value_typeEvE10value_typeET12_T13_EEPS1J_PS1I_PNS1E_INS1E_IS12_vE10value_typeEvE10value_typeES1O_S1T_S1J_S1J_T10_iibT11_' for 'sm_100'
ptxas info    : Function properties for _ZN3cub17_V_300500_SM_10006detail12batched_topk35device_segmented_topk_filter_kernelINS2_26policy_selector_from_typesIallLl8388608EEELNS1_4topk6selectE1EN4cuda3__417constant_iteratorIPKalEENSA_IPalEENSA_INS9_17counting_iteratorIjlLi0ELi0ELi0EEElEENS9_18transform_iteratorINS2_26per_segment_indexed_out_opINSA_IPKllEENSA_IPllEEEENSG_IlnLi0ELi0ELi0EEEEENS1_6params13uniform_paramIlLl0ELl268435456EEENSU_IlLl1ELl8388608EEENSU_IlLl1ELl1EEESO_jPyNS1_21identity_decomposer_tEjjLi6EEEvT1_T2_T3_T4_T5_T6_T7_T8_PKT9_PNS6_7counterINS8_3std3__415iterator_traitsINS1E_IS10_vE10value_typeEvE10value_typeET12_T13_EEPS1J_PS1I_PNS1E_INS1E_IS12_vE10value_typeEvE10value_typeES1O_S1T_S1J_S1J_T10_iibT11_
    24 bytes stack frame, 28 bytes spill stores, 20 bytes spill loads
ptxas info    : Used 40 registers, used 1 barriers, 24 bytes cumulative stack size, 1028 bytes smem
ptxas info    : Compile time = 72.437 ms
ptxas info    : Compiling entry function '_ZN3cub17_V_300500_SM_10006detail12batched_topk35device_segmented_topk_filter_kernelINS2_26policy_selector_from_typesIallLl8388608EEELNS1_4topk6selectE1EN4cuda3__417constant_iteratorIPKalEENSA_IPalEENSA_INS9_17counting_iteratorIjlLi0ELi0ELi0EEElEENS9_18transform_iteratorINS2_26per_segment_indexed_out_opINSA_IPKllEENSA_IPllEEEENSG_IlnLi0ELi0ELi0EEEEENS1_6params13uniform_paramIlLl0ELl268435456EEENSU_IlLl1ELl8388608EEENSU_IlLl1ELl1EEESO_jPyNS1_21identity_decomposer_tEjjLi5EEEvT1_T2_T3_T4_T5_T6_T7_T8_PKT9_PNS6_7counterINS8_3std3__415iterator_traitsINS1E_IS10_vE10value_typeEvE10value_typeET12_T13_EEPS1J_PS1I_PNS1E_INS1E_IS12_vE10value_typeEvE10value_typeES1O_S1T_S1J_S1J_T10_iibT11_' for 'sm_100'
ptxas info    : Function properties for _ZN3cub17_V_300500_SM_10006detail12batched_topk35device_segmented_topk_filter_kernelINS2_26policy_selector_from_typesIallLl8388608EEELNS1_4topk6selectE1EN4cuda3__417constant_iteratorIPKalEENSA_IPalEENSA_INS9_17counting_iteratorIjlLi0ELi0ELi0EEElEENS9_18transform_iteratorINS2_26per_segment_indexed_out_opINSA_IPKllEENSA_IPllEEEENSG_IlnLi0ELi0ELi0EEEEENS1_6params13uniform_paramIlLl0ELl268435456EEENSU_IlLl1ELl8388608EEENSU_IlLl1ELl1EEESO_jPyNS1_21identity_decomposer_tEjjLi5EEEvT1_T2_T3_T4_T5_T6_T7_T8_PKT9_PNS6_7counterINS8_3std3__415iterator_traitsINS1E_IS10_vE10value_typeEvE10value_typeET12_T13_EEPS1J_PS1I_PNS1E_INS1E_IS12_vE10value_typeEvE10value_typeES1O_S1T_S1J_S1J_T10_iibT11_
    24 bytes stack frame, 28 bytes spill stores, 20 bytes spill loads
ptxas info    : Used 40 registers, used 1 barriers, 24 bytes cumulative stack size, 1028 bytes smem
ptxas info    : Compile time = 72.676 ms
ptxas info    : Compiling entry function '_ZN3cub17_V_300500_SM_10006detail12batched_topk35device_segmented_topk_filter_kernelINS2_26policy_selector_from_typesIallLl8388608EEELNS1_4topk6selectE1EN4cuda3__417constant_iteratorIPKalEENSA_IPalEENSA_INS9_17counting_iteratorIjlLi0ELi0ELi0EEElEENS9_18transform_iteratorINS2_26per_segment_indexed_out_opINSA_IPKllEENSA_IPllEEEENSG_IlnLi0ELi0ELi0EEEEENS1_6params13uniform_paramIlLl0ELl268435456EEENSU_IlLl1ELl8388608EEENSU_IlLl1ELl1EEESO_jPyNS1_21identity_decomposer_tEjjLi4EEEvT1_T2_T3_T4_T5_T6_T7_T8_PKT9_PNS6_7counterINS8_3std3__415iterator_traitsINS1E_IS10_vE10value_typeEvE10value_typeET12_T13_EEPS1J_PS1I_PNS1E_INS1E_IS12_vE10value_typeEvE10value_typeES1O_S1T_S1J_S1J_T10_iibT11_' for 'sm_100'
ptxas info    : Function properties for _ZN3cub17_V_300500_SM_10006detail12batched_topk35device_segmented_topk_filter_kernelINS2_26policy_selector_from_typesIallLl8388608EEELNS1_4topk6selectE1EN4cuda3__417constant_iteratorIPKalEENSA_IPalEENSA_INS9_17counting_iteratorIjlLi0ELi0ELi0EEElEENS9_18transform_iteratorINS2_26per_segment_indexed_out_opINSA_IPKllEENSA_IPllEEEENSG_IlnLi0ELi0ELi0EEEEENS1_6params13uniform_paramIlLl0ELl268435456EEENSU_IlLl1ELl8388608EEENSU_IlLl1ELl1EEESO_jPyNS1_21identity_decomposer_tEjjLi4EEEvT1_T2_T3_T4_T5_T6_T7_T8_PKT9_PNS6_7counterINS8_3std3__415iterator_traitsINS1E_IS10_vE10value_typeEvE10value_typeET12_T13_EEPS1J_PS1I_PNS1E_INS1E_IS12_vE10value_typeEvE10value_typeES1O_S1T_S1J_S1J_T10_iibT11_
    24 bytes stack frame, 28 bytes spill stores, 20 bytes spill loads
ptxas info    : Used 40 registers, used 1 barriers, 24 bytes cumulative stack size, 1028 bytes smem
ptxas info    : Compile time = 73.186 ms
ptxas info    : Compiling entry function '_ZN3cub17_V_300500_SM_10006detail12batched_topk35device_segmented_topk_filter_kernelINS2_26policy_selector_from_typesIallLl8388608EEELNS1_4topk6selectE1EN4cuda3__417constant_iteratorIPKalEENSA_IPalEENSA_INS9_17counting_iteratorIjlLi0ELi0ELi0EEElEENS9_18transform_iteratorINS2_26per_segment_indexed_out_opINSA_IPKllEENSA_IPllEEEENSG_IlnLi0ELi0ELi0EEEEENS1_6params13uniform_paramIlLl0ELl268435456EEENSU_IlLl1ELl8388608EEENSU_IlLl1ELl1EEESO_jPyNS1_21identity_decomposer_tEjjLi3EEEvT1_T2_T3_T4_T5_T6_T7_T8_PKT9_PNS6_7counterINS8_3std3__415iterator_traitsINS1E_IS10_vE10value_typeEvE10value_typeET12_T13_EEPS1J_PS1I_PNS1E_INS1E_IS12_vE10value_typeEvE10value_typeES1O_S1T_S1J_S1J_T10_iibT11_' for 'sm_100'
ptxas info    : Function properties for _ZN3cub17_V_300500_SM_10006detail12batched_topk35device_segmented_topk_filter_kernelINS2_26policy_selector_from_typesIallLl8388608EEELNS1_4topk6selectE1EN4cuda3__417constant_iteratorIPKalEENSA_IPalEENSA_INS9_17counting_iteratorIjlLi0ELi0ELi0EEElEENS9_18transform_iteratorINS2_26per_segment_indexed_out_opINSA_IPKllEENSA_IPllEEEENSG_IlnLi0ELi0ELi0EEEEENS1_6params13uniform_paramIlLl0ELl268435456EEENSU_IlLl1ELl8388608EEENSU_IlLl1ELl1EEESO_jPyNS1_21identity_decomposer_tEjjLi3EEEvT1_T2_T3_T4_T5_T6_T7_T8_PKT9_PNS6_7counterINS8_3std3__415iterator_traitsINS1E_IS10_vE10value_typeEvE10value_typeET12_T13_EEPS1J_PS1I_PNS1E_INS1E_IS12_vE10value_typeEvE10value_typeES1O_S1T_S1J_S1J_T10_iibT11_
    24 bytes stack frame, 28 bytes spill stores, 20 bytes spill loads
ptxas info    : Used 40 registers, used 1 barriers, 24 bytes cumulative stack size, 1028 bytes smem
ptxas info    : Compile time = 72.691 ms
ptxas info    : Compiling entry function '_ZN3cub17_V_300500_SM_10006detail12batched_topk35device_segmented_topk_filter_kernelINS2_26policy_selector_from_typesIallLl8388608EEELNS1_4topk6selectE1EN4cuda3__417constant_iteratorIPKalEENSA_IPalEENSA_INS9_17counting_iteratorIjlLi0ELi0ELi0EEElEENS9_18transform_iteratorINS2_26per_segment_indexed_out_opINSA_IPKllEENSA_IPllEEEENSG_IlnLi0ELi0ELi0EEEEENS1_6params13uniform_paramIlLl0ELl268435456EEENSU_IlLl1ELl8388608EEENSU_IlLl1ELl1EEESO_jPyNS1_21identity_decomposer_tEjjLi2EEEvT1_T2_T3_T4_T5_T6_T7_T8_PKT9_PNS6_7counterINS8_3std3__415iterator_traitsINS1E_IS10_vE10value_typeEvE10value_typeET12_T13_EEPS1J_PS1I_PNS1E_INS1E_IS12_vE10value_typeEvE10value_typeES1O_S1T_S1J_S1J_T10_iibT11_' for 'sm_100'
ptxas info    : Function properties for _ZN3cub17_V_300500_SM_10006detail12batched_topk35device_segmented_topk_filter_kernelINS2_26policy_selector_from_typesIallLl8388608EEELNS1_4topk6selectE1EN4cuda3__417constant_iteratorIPKalEENSA_IPalEENSA_INS9_17counting_iteratorIjlLi0ELi0ELi0EEElEENS9_18transform_iteratorINS2_26per_segment_indexed_out_opINSA_IPKllEENSA_IPllEEEENSG_IlnLi0ELi0ELi0EEEEENS1_6params13uniform_paramIlLl0ELl268435456EEENSU_IlLl1ELl8388608EEENSU_IlLl1ELl1EEESO_jPyNS1_21identity_decomposer_tEjjLi2EEEvT1_T2_T3_T4_T5_T6_T7_T8_PKT9_PNS6_7counterINS8_3std3__415iterator_traitsINS1E_IS10_vE10value_typeEvE10value_typeET12_T13_EEPS1J_PS1I_PNS1E_INS1E_IS12_vE10value_typeEvE10value_typeES1O_S1T_S1J_S1J_T10_iibT11_
    24 bytes stack frame, 28 bytes spill stores, 20 bytes spill loads
ptxas info    : Used 40 registers, used 1 barriers, 24 bytes cumulative stack size, 1028 bytes smem
ptxas info    : Compile time = 72.984 ms
ptxas info    : Compiling entry function '_ZN3cub17_V_300500_SM_10006detail12batched_topk35device_segmented_topk_filter_kernelINS2_26policy_selector_from_typesIallLl8388608EEELNS1_4topk6selectE1EN4cuda3__417constant_iteratorIPKalEENSA_IPalEENSA_INS9_17counting_iteratorIjlLi0ELi0ELi0EEElEENS9_18transform_iteratorINS2_26per_segment_indexed_out_opINSA_IPKllEENSA_IPllEEEENSG_IlnLi0ELi0ELi0EEEEENS1_6params13uniform_paramIlLl0ELl268435456EEENSU_IlLl1ELl8388608EEENSU_IlLl1ELl1EEESO_jPyNS1_21identity_decomposer_tEjjLi0EEEvT1_T2_T3_T4_T5_T6_T7_T8_PKT9_PNS6_7counterINS8_3std3__415iterator_traitsINS1E_IS10_vE10value_typeEvE10value_typeET12_T13_EEPS1J_PS1I_PNS1E_INS1E_IS12_vE10value_typeEvE10value_typeES1O_S1T_S1J_S1J_T10_iibT11_' for 'sm_100'
ptxas info    : Function properties for _ZN3cub17_V_300500_SM_10006detail12batched_topk35device_segmented_topk_filter_kernelINS2_26policy_selector_from_typesIallLl8388608EEELNS1_4topk6selectE1EN4cuda3__417constant_iteratorIPKalEENSA_IPalEENSA_INS9_17counting_iteratorIjlLi0ELi0ELi0EEElEENS9_18transform_iteratorINS2_26per_segment_indexed_out_opINSA_IPKllEENSA_IPllEEEENSG_IlnLi0ELi0ELi0EEEEENS1_6params13uniform_paramIlLl0ELl268435456EEENSU_IlLl1ELl8388608EEENSU_IlLl1ELl1EEESO_jPyNS1_21identity_decomposer_tEjjLi0EEEvT1_T2_T3_T4_T5_T6_T7_T8_PKT9_PNS6_7counterINS8_3std3__415iterator_traitsINS1E_IS10_vE10value_typeEvE10value_typeET12_T13_EEPS1J_PS1I_PNS1E_INS1E_IS12_vE10value_typeEvE10value_typeES1O_S1T_S1J_S1J_T10_iibT11_
    0 bytes stack frame, 0 bytes spill stores, 0 bytes spill loads
ptxas info    : Used 64 registers, used 1 barriers, 1028 bytes smem
ptxas info    : Compile time = 60.140 ms
ptxas info    : Compiling entry function '_ZN3cub17_V_300500_SM_10006detail12batched_topk35device_segmented_topk_filter_kernelINS2_26policy_selector_from_typesIallLl8388608EEELNS1_4topk6selectE1EN4cuda3__417constant_iteratorIPKalEENSA_IPalEENSA_INS9_17counting_iteratorIjlLi0ELi0ELi0EEElEENS9_18transform_iteratorINS2_26per_segment_indexed_out_opINSA_IPKllEENSA_IPllEEEENSG_IlnLi0ELi0ELi0EEEEENS1_6params13uniform_paramIlLl0ELl268435456EEENSU_IlLl1ELl8388608EEENSU_IlLl1ELl1EEESO_jPyNS1_21identity_decomposer_tEjjLi1EEEvT1_T2_T3_T4_T5_T6_T7_T8_PKT9_PNS6_7counterINS8_3std3__415iterator_traitsINS1E_IS10_vE10value_typeEvE10value_typeET12_T13_EEPS1J_PS1I_PNS1E_INS1E_IS12_vE10value_typeEvE10value_typeES1O_S1T_S1J_S1J_T10_iibT11_' for 'sm_100'
ptxas info    : Function properties for _ZN3cub17_V_300500_SM_10006detail12batched_topk35device_segmented_topk_filter_kernelINS2_26policy_selector_from_typesIallLl8388608EEELNS1_4topk6selectE1EN4cuda3__417constant_iteratorIPKalEENSA_IPalEENSA_INS9_17counting_iteratorIjlLi0ELi0ELi0EEElEENS9_18transform_iteratorINS2_26per_segment_indexed_out_opINSA_IPKllEENSA_IPllEEEENSG_IlnLi0ELi0ELi0EEEEENS1_6params13uniform_paramIlLl0ELl268435456EEENSU_IlLl1ELl8388608EEENSU_IlLl1ELl1EEESO_jPyNS1_21identity_decomposer_tEjjLi1EEEvT1_T2_T3_T4_T5_T6_T7_T8_PKT9_PNS6_7counterINS8_3std3__415iterator_traitsINS1E_IS10_vE10value_typeEvE10value_typeET12_T13_EEPS1J_PS1I_PNS1E_INS1E_IS12_vE10value_typeEvE10value_typeES1O_S1T_S1J_S1J_T10_iibT11_
    24 bytes stack frame, 28 bytes spill stores, 20 bytes spill loads
ptxas info    : Used 40 registers, used 1 barriers, 24 bytes cumulative stack size, 1028 bytes smem
ptxas info    : Compile time = 73.930 ms
ptxas info    : Compiling entry function '_ZN3cub17_V_300500_SM_10006detail12batched_topk47device_segmented_topk_finalize_histogram_kernelINS2_26policy_selector_from_typesIallLl8388608EEEN4cuda3__417constant_iteratorIPKalEENS1_6params13uniform_paramIlLl0ELl268435456EEENSD_IlLl1ELl8388608EEENSD_IlLl1ELl1EEEPlPyNS1_4topk16extract_bin_op_tIaLNSJ_6selectE1ELi8ENS1_21identity_decomposer_tELb1EEEjjaEEvT0_T1_T2_T3_T4_PNSJ_7counterIT9_T7_T8_EEPSV_T5_T6_ib' for 'sm_100'
ptxas info    : Function properties for _ZN3cub17_V_300500_SM_10006detail12batched_topk47device_segmented_topk_finalize_histogram_kernelINS2_26policy_selector_from_typesIallLl8388608EEEN4cuda3__417constant_iteratorIPKalEENS1_6params13uniform_paramIlLl0ELl268435456EEENSD_IlLl1ELl8388608EEENSD_IlLl1ELl1EEEPlPyNS1_4topk16extract_bin_op_tIaLNSJ_6selectE1ELi8ENS1_21identity_decomposer_tELb1EEEjjaEEvT0_T1_T2_T3_T4_PNSJ_7counterIT9_T7_T8_EEPSV_T5_T6_ib
    0 bytes stack frame, 0 bytes spill stores, 0 bytes spill loads
ptxas info    : Used 32 registers, used 1 barriers, 2048 bytes smem
ptxas info    : Compile time = 11.113 ms
ptxas info    : Compiling entry function '_ZN3cub17_V_300500_SM_10006detail12batched_topk38device_segmented_topk_histogram_kernelINS2_26policy_selector_from_typesIallLl8388608EEEN4cuda3__417constant_iteratorIPKalEENS1_6params13uniform_paramIlLl0ELl268435456EEENSD_IlLl1ELl8388608EEENSD_IlLl1ELl1EEEPljPyNS1_4topk16extract_bin_op_tIaLNSJ_6selectE1ELi8ENS1_21identity_decomposer_tELb1EEEjjjEEvT0_T1_T2_T3_T4_PKT5_PNSJ_7counterINS6_3std3__415iterator_traitsINSZ_ISO_vE10value_typeEvE10value_typeET8_T9_EEPS14_T6_T7_' for 'sm_100'
ptxas info    : Function properties for _ZN3cub17_V_300500_SM_10006detail12batched_topk38device_segmented_topk_histogram_kernelINS2_26policy_selector_from_typesIallLl8388608EEEN4cuda3__417constant_iteratorIPKalEENS1_6params13uniform_paramIlLl0ELl268435456EEENSD_IlLl1ELl8388608EEENSD_IlLl1ELl1EEEPljPyNS1_4topk16extract_bin_op_tIaLNSJ_6selectE1ELi8ENS1_21identity_decomposer_tELb1EEEjjjEEvT0_T1_T2_T3_T4_PKT5_PNSJ_7counterINS6_3std3__415iterator_traitsINSZ_ISO_vE10value_typeEvE10value_typeET8_T9_EEPS14_T6_T7_
    0 bytes stack frame, 0 bytes spill stores, 0 bytes spill loads
ptxas info    : Used 26 registers, used 1 barriers, 1072 bytes smem
ptxas info    : Compile time = 67.657 ms
ptxas info    : Compiling entry function '_ZN3cub17_V_300500_SM_10006detail12batched_topk44device_segmented_topk_finalize_filter_kernelINS2_26policy_selector_from_typesIallLl8388608EEELNS1_4topk6selectE0EN4cuda3__417constant_iteratorIPKalEENSA_IPalEENSA_INS9_17counting_iteratorIjlLi0ELi0ELi0EEElEENS9_18transform_iteratorINS2_26per_segment_indexed_out_opINSA_IPKllEENSA_IPllEEEENSG_IlnLi0ELi0ELi0EEEEENS1_6params13uniform_paramIlLl0ELl268435456EEENSU_IlLl1ELl8388608EEENSU_IlLl1ELl1EEESO_jPyNS1_21identity_decomposer_tEjjaEEvT1_T2_T3_T4_T5_T6_T7_T8_PKT9_PNS6_7counterIT14_T12_T13_EEPS1D_PS1C_PNS8_3std3__415iterator_traitsINS1L_IS12_vE10value_typeEvE10value_typeES1I_S1Q_T10_S1D_S1D_iiT11_b' for 'sm_100'
ptxas info    : Function properties for _ZN3cub17_V_300500_SM_10006detail12batched_topk44device_segmented_topk_finalize_filter_kernelINS2_26policy_selector_from_typesIallLl8388608EEELNS1_4topk6selectE0EN4cuda3__417constant_iteratorIPKalEENSA_IPalEENSA_INS9_17counting_iteratorIjlLi0ELi0ELi0EEElEENS9_18transform_iteratorINS2_26per_segment_indexed_out_opINSA_IPKllEENSA_IPllEEEENSG_IlnLi0ELi0ELi0EEEEENS1_6params13uniform_paramIlLl0ELl268435456EEENSU_IlLl1ELl8388608EEENSU_IlLl1ELl1EEESO_jPyNS1_21identity_decomposer_tEjjaEEvT1_T2_T3_T4_T5_T6_T7_T8_PKT9_PNS6_7counterIT14_T12_T13_EEPS1D_PS1C_PNS8_3std3__415iterator_traitsINS1L_IS12_vE10value_typeEvE10value_typeES1I_S1Q_T10_S1D_S1D_iiT11_b
    0 bytes stack frame, 0 bytes spill stores, 0 bytes spill loads
ptxas info    : Used 120 registers, used 1 barriers, 2048 bytes smem
ptxas info    : Compile time = 79.008 ms
ptxas info    : Compiling entry function '_ZN3cub17_V_300500_SM_10006detail12batched_topk40device_segmented_topk_last_filter_kernelINS2_26policy_selector_from_typesIallLl8388608EEELNS1_4topk6selectE0EN4cuda3__417constant_iteratorIPKalEENSA_IPalEENSA_INS9_17counting_iteratorIjlLi0ELi0ELi0EEElEENS9_18transform_iteratorINS2_26per_segment_indexed_out_opINSA_IPKllEENSA_IPllEEEENSG_IlnLi0ELi0ELi0EEEEENS1_6params13uniform_paramIlLl0ELl268435456EEENSU_IlLl1ELl8388608EEENSU_IlLl1ELl1EEESO_jPyNS1_21identity_decomposer_tEjjEEvT1_T2_T3_T4_T5_T6_T7_T8_PKT9_PNS6_7counterINS8_3std3__415iterator_traitsINS1E_IS10_vE10value_typeEvE10value_typeET12_T13_EEPS1I_PNS1E_INS1E_IS12_vE10value_typeEvE10value_typeES1J_T10_iiT11_' for 'sm_100'
ptxas info    : Function properties for _ZN3cub17_V_300500_SM_10006detail12batched_topk40device_segmented_topk_last_filter_kernelINS2_26policy_selector_from_typesIallLl8388608EEELNS1_4topk6selectE0EN4cuda3__417constant_iteratorIPKalEENSA_IPalEENSA_INS9_17counting_iteratorIjlLi0ELi0ELi0EEElEENS9_18transform_iteratorINS2_26per_segment_indexed_out_opINSA_IPKllEENSA_IPllEEEENSG_IlnLi0ELi0ELi0EEEEENS1_6params13uniform_paramIlLl0ELl268435456EEENSU_IlLl1ELl8388608EEENSU_IlLl1ELl1EEESO_jPyNS1_21identity_decomposer_tEjjEEvT1_T2_T3_T4_T5_T6_T7_T8_PKT9_PNS6_7counterINS8_3std3__415iterator_traitsINS1E_IS10_vE10value_typeEvE10value_typeET12_T13_EEPS1I_PNS1E_INS1E_IS12_vE10value_typeEvE10value_typeES1J_T10_iiT11_
    0 bytes stack frame, 0 bytes spill stores, 0 bytes spill loads
ptxas info    : Used 64 registers, used 1 barriers
ptxas info    : Compile time = 919.300 ms
ptxas info    : Compiling entry function '_ZN3cub17_V_300500_SM_10006detail12batched_topk35device_segmented_topk_filter_kernelINS2_26policy_selector_from_typesIallLl8388608EEELNS1_4topk6selectE0EN4cuda3__417constant_iteratorIPKalEENSA_IPalEENSA_INS9_17counting_iteratorIjlLi0ELi0ELi0EEElEENS9_18transform_iteratorINS2_26per_segment_indexed_out_opINSA_IPKllEENSA_IPllEEEENSG_IlnLi0ELi0ELi0EEEEENS1_6params13uniform_paramIlLl0ELl268435456EEENSU_IlLl1ELl8388608EEENSU_IlLl1ELl1EEESO_jPyNS1_21identity_decomposer_tEjjLi7EEEvT1_T2_T3_T4_T5_T6_T7_T8_PKT9_PNS6_7counterINS8_3std3__415iterator_traitsINS1E_IS10_vE10value_typeEvE10value_typeET12_T13_EEPS1J_PS1I_PNS1E_INS1E_IS12_vE10value_typeEvE10value_typeES1O_S1T_S1J_S1J_T10_iibT11_' for 'sm_100'
ptxas info    : Function properties for _ZN3cub17_V_300500_SM_10006detail12batched_topk35device_segmented_topk_filter_kernelINS2_26policy_selector_from_typesIallLl8388608EEELNS1_4topk6selectE0EN4cuda3__417constant_iteratorIPKalEENSA_IPalEENSA_INS9_17counting_iteratorIjlLi0ELi0ELi0EEElEENS9_18transform_iteratorINS2_26per_segment_indexed_out_opINSA_IPKllEENSA_IPllEEEENSG_IlnLi0ELi0ELi0EEEEENS1_6params13uniform_paramIlLl0ELl268435456EEENSU_IlLl1ELl8388608EEENSU_IlLl1ELl1EEESO_jPyNS1_21identity_decomposer_tEjjLi7EEEvT1_T2_T3_T4_T5_T6_T7_T8_PKT9_PNS6_7counterINS8_3std3__415iterator_traitsINS1E_IS10_vE10value_typeEvE10value_typeET12_T13_EEPS1J_PS1I_PNS1E_INS1E_IS12_vE10value_typeEvE10value_typeES1O_S1T_S1J_S1J_T10_iibT11_
    24 bytes stack frame, 28 bytes spill stores, 20 bytes spill loads
ptxas info    : Used 40 registers, used 1 barriers, 24 bytes cumulative stack size, 1028 bytes smem
ptxas info    : Compile time = 73.509 ms
ptxas info    : Compiling entry function '_ZN3cub17_V_300500_SM_10006detail12batched_topk35device_segmented_topk_filter_kernelINS2_26policy_selector_from_typesIallLl8388608EEELNS1_4topk6selectE0EN4cuda3__417constant_iteratorIPKalEENSA_IPalEENSA_INS9_17counting_iteratorIjlLi0ELi0ELi0EEElEENS9_18transform_iteratorINS2_26per_segment_indexed_out_opINSA_IPKllEENSA_IPllEEEENSG_IlnLi0ELi0ELi0EEEEENS1_6params13uniform_paramIlLl0ELl268435456EEENSU_IlLl1ELl8388608EEENSU_IlLl1ELl1EEESO_jPyNS1_21identity_decomposer_tEjjLi6EEEvT1_T2_T3_T4_T5_T6_T7_T8_PKT9_PNS6_7counterINS8_3std3__415iterator_traitsINS1E_IS10_vE10value_typeEvE10value_typeET12_T13_EEPS1J_PS1I_PNS1E_INS1E_IS12_vE10value_typeEvE10value_typeES1O_S1T_S1J_S1J_T10_iibT11_' for 'sm_100'
ptxas info    : Function properties for _ZN3cub17_V_300500_SM_10006detail12batched_topk35device_segmented_topk_filter_kernelINS2_26policy_selector_from_typesIallLl8388608EEELNS1_4topk6selectE0EN4cuda3__417constant_iteratorIPKalEENSA_IPalEENSA_INS9_17counting_iteratorIjlLi0ELi0ELi0EEElEENS9_18transform_iteratorINS2_26per_segment_indexed_out_opINSA_IPKllEENSA_IPllEEEENSG_IlnLi0ELi0ELi0EEEEENS1_6params13uniform_paramIlLl0ELl268435456EEENSU_IlLl1ELl8388608EEENSU_IlLl1ELl1EEESO_jPyNS1_21identity_decomposer_tEjjLi6EEEvT1_T2_T3_T4_T5_T6_T7_T8_PKT9_PNS6_7counterINS8_3std3__415iterator_traitsINS1E_IS10_vE10value_typeEvE10value_typeET12_T13_EEPS1J_PS1I_PNS1E_INS1E_IS12_vE10value_typeEvE10value_typeES1O_S1T_S1J_S1J_T10_iibT11_
    24 bytes stack frame, 28 bytes spill stores, 20 bytes spill loads
ptxas info    : Used 40 registers, used 1 barriers, 24 bytes cumulative stack size, 1028 bytes smem
ptxas info    : Compile time = 72.502 ms
ptxas info    : Compiling entry function '_ZN3cub17_V_300500_SM_10006detail12batched_topk35device_segmented_topk_filter_kernelINS2_26policy_selector_from_typesIallLl8388608EEELNS1_4topk6selectE0EN4cuda3__417constant_iteratorIPKalEENSA_IPalEENSA_INS9_17counting_iteratorIjlLi0ELi0ELi0EEElEENS9_18transform_iteratorINS2_26per_segment_indexed_out_opINSA_IPKllEENSA_IPllEEEENSG_IlnLi0ELi0ELi0EEEEENS1_6params13uniform_paramIlLl0ELl268435456EEENSU_IlLl1ELl8388608EEENSU_IlLl1ELl1EEESO_jPyNS1_21identity_decomposer_tEjjLi5EEEvT1_T2_T3_T4_T5_T6_T7_T8_PKT9_PNS6_7counterINS8_3std3__415iterator_traitsINS1E_IS10_vE10value_typeEvE10value_typeET12_T13_EEPS1J_PS1I_PNS1E_INS1E_IS12_vE10value_typeEvE10value_typeES1O_S1T_S1J_S1J_T10_iibT11_' for 'sm_100'
ptxas info    : Function properties for _ZN3cub17_V_300500_SM_10006detail12batched_topk35device_segmented_topk_filter_kernelINS2_26policy_selector_from_typesIallLl8388608EEELNS1_4topk6selectE0EN4cuda3__417constant_iteratorIPKalEENSA_IPalEENSA_INS9_17counting_iteratorIjlLi0ELi0ELi0EEElEENS9_18transform_iteratorINS2_26per_segment_indexed_out_opINSA_IPKllEENSA_IPllEEEENSG_IlnLi0ELi0ELi0EEEEENS1_6params13uniform_paramIlLl0ELl268435456EEENSU_IlLl1ELl8388608EEENSU_IlLl1ELl1EEESO_jPyNS1_21identity_decomposer_tEjjLi5EEEvT1_T2_T3_T4_T5_T6_T7_T8_PKT9_PNS6_7counterINS8_3std3__415iterator_traitsINS1E_IS10_vE10value_typeEvE10value_typeET12_T13_EEPS1J_PS1I_PNS1E_INS1E_IS12_vE10value_typeEvE10value_typeES1O_S1T_S1J_S1J_T10_iibT11_
    24 bytes stack frame, 28 bytes spill stores, 20 bytes spill loads
ptxas info    : Used 40 registers, used 1 barriers, 24 bytes cumulative stack size, 1028 bytes smem
ptxas info    : Compile time = 72.051 ms
ptxas info    : Compiling entry function '_ZN3cub17_V_300500_SM_10006detail12batched_topk35device_segmented_topk_filter_kernelINS2_26policy_selector_from_typesIallLl8388608EEELNS1_4topk6selectE0EN4cuda3__417constant_iteratorIPKalEENSA_IPalEENSA_INS9_17counting_iteratorIjlLi0ELi0ELi0EEElEENS9_18transform_iteratorINS2_26per_segment_indexed_out_opINSA_IPKllEENSA_IPllEEEENSG_IlnLi0ELi0ELi0EEEEENS1_6params13uniform_paramIlLl0ELl268435456EEENSU_IlLl1ELl8388608EEENSU_IlLl1ELl1EEESO_jPyNS1_21identity_decomposer_tEjjLi4EEEvT1_T2_T3_T4_T5_T6_T7_T8_PKT9_PNS6_7counterINS8_3std3__415iterator_traitsINS1E_IS10_vE10value_typeEvE10value_typeET12_T13_EEPS1J_PS1I_PNS1E_INS1E_IS12_vE10value_typeEvE10value_typeES1O_S1T_S1J_S1J_T10_iibT11_' for 'sm_100'
ptxas info    : Function properties for _ZN3cub17_V_300500_SM_10006detail12batched_topk35device_segmented_topk_filter_kernelINS2_26policy_selector_from_typesIallLl8388608EEELNS1_4topk6selectE0EN4cuda3__417constant_iteratorIPKalEENSA_IPalEENSA_INS9_17counting_iteratorIjlLi0ELi0ELi0EEElEENS9_18transform_iteratorINS2_26per_segment_indexed_out_opINSA_IPKllEENSA_IPllEEEENSG_IlnLi0ELi0ELi0EEEEENS1_6params13uniform_paramIlLl0ELl268435456EEENSU_IlLl1ELl8388608EEENSU_IlLl1ELl1EEESO_jPyNS1_21identity_decomposer_tEjjLi4EEEvT1_T2_T3_T4_T5_T6_T7_T8_PKT9_PNS6_7counterINS8_3std3__415iterator_traitsINS1E_IS10_vE10value_typeEvE10value_typeET12_T13_EEPS1J_PS1I_PNS1E_INS1E_IS12_vE10value_typeEvE10value_typeES1O_S1T_S1J_S1J_T10_iibT11_
    24 bytes stack frame, 28 bytes spill stores, 20 bytes spill loads
ptxas info    : Used 40 registers, used 1 barriers, 24 bytes cumulative stack size, 1028 bytes smem
ptxas info    : Compile time = 72.206 ms
ptxas info    : Compiling entry function '_ZN3cub17_V_300500_SM_10006detail12batched_topk35device_segmented_topk_filter_kernelINS2_26policy_selector_from_typesIallLl8388608EEELNS1_4topk6selectE0EN4cuda3__417constant_iteratorIPKalEENSA_IPalEENSA_INS9_17counting_iteratorIjlLi0ELi0ELi0EEElEENS9_18transform_iteratorINS2_26per_segment_indexed_out_opINSA_IPKllEENSA_IPllEEEENSG_IlnLi0ELi0ELi0EEEEENS1_6params13uniform_paramIlLl0ELl268435456EEENSU_IlLl1ELl8388608EEENSU_IlLl1ELl1EEESO_jPyNS1_21identity_decomposer_tEjjLi3EEEvT1_T2_T3_T4_T5_T6_T7_T8_PKT9_PNS6_7counterINS8_3std3__415iterator_traitsINS1E_IS10_vE10value_typeEvE10value_typeET12_T13_EEPS1J_PS1I_PNS1E_INS1E_IS12_vE10value_typeEvE10value_typeES1O_S1T_S1J_S1J_T10_iibT11_' for 'sm_100'
ptxas info    : Function properties for _ZN3cub17_V_300500_SM_10006detail12batched_topk35device_segmented_topk_filter_kernelINS2_26policy_selector_from_typesIallLl8388608EEELNS1_4topk6selectE0EN4cuda3__417constant_iteratorIPKalEENSA_IPalEENSA_INS9_17counting_iteratorIjlLi0ELi0ELi0EEElEENS9_18transform_iteratorINS2_26per_segment_indexed_out_opINSA_IPKllEENSA_IPllEEEENSG_IlnLi0ELi0ELi0EEEEENS1_6params13uniform_paramIlLl0ELl268435456EEENSU_IlLl1ELl8388608EEENSU_IlLl1ELl1EEESO_jPyNS1_21identity_decomposer_tEjjLi3EEEvT1_T2_T3_T4_T5_T6_T7_T8_PKT9_PNS6_7counterINS8_3std3__415iterator_traitsINS1E_IS10_vE10value_typeEvE10value_typeET12_T13_EEPS1J_PS1I_PNS1E_INS1E_IS12_vE10value_typeEvE10value_typeES1O_S1T_S1J_S1J_T10_iibT11_
    24 bytes stack frame, 28 bytes spill stores, 20 bytes spill loads
ptxas info    : Used 40 registers, used 1 barriers, 24 bytes cumulative stack size, 1028 bytes smem
ptxas info    : Compile time = 71.920 ms
ptxas info    : Compiling entry function '_ZN3cub17_V_300500_SM_10006detail12batched_topk35device_segmented_topk_filter_kernelINS2_26policy_selector_from_typesIallLl8388608EEELNS1_4topk6selectE0EN4cuda3__417constant_iteratorIPKalEENSA_IPalEENSA_INS9_17counting_iteratorIjlLi0ELi0ELi0EEElEENS9_18transform_iteratorINS2_26per_segment_indexed_out_opINSA_IPKllEENSA_IPllEEEENSG_IlnLi0ELi0ELi0EEEEENS1_6params13uniform_paramIlLl0ELl268435456EEENSU_IlLl1ELl8388608EEENSU_IlLl1ELl1EEESO_jPyNS1_21identity_decomposer_tEjjLi2EEEvT1_T2_T3_T4_T5_T6_T7_T8_PKT9_PNS6_7counterINS8_3std3__415iterator_traitsINS1E_IS10_vE10value_typeEvE10value_typeET12_T13_EEPS1J_PS1I_PNS1E_INS1E_IS12_vE10value_typeEvE10value_typeES1O_S1T_S1J_S1J_T10_iibT11_' for 'sm_100'
ptxas info    : Function properties for _ZN3cub17_V_300500_SM_10006detail12batched_topk35device_segmented_topk_filter_kernelINS2_26policy_selector_from_typesIallLl8388608EEELNS1_4topk6selectE0EN4cuda3__417constant_iteratorIPKalEENSA_IPalEENSA_INS9_17counting_iteratorIjlLi0ELi0ELi0EEElEENS9_18transform_iteratorINS2_26per_segment_indexed_out_opINSA_IPKllEENSA_IPllEEEENSG_IlnLi0ELi0ELi0EEEEENS1_6params13uniform_paramIlLl0ELl268435456EEENSU_IlLl1ELl8388608EEENSU_IlLl1ELl1EEESO_jPyNS1_21identity_decomposer_tEjjLi2EEEvT1_T2_T3_T4_T5_T6_T7_T8_PKT9_PNS6_7counterINS8_3std3__415iterator_traitsINS1E_IS10_vE10value_typeEvE10value_typeET12_T13_EEPS1J_PS1I_PNS1E_INS1E_IS12_vE10value_typeEvE10value_typeES1O_S1T_S1J_S1J_T10_iibT11_
    24 bytes stack frame, 28 bytes spill stores, 20 bytes spill loads
ptxas info    : Used 40 registers, used 1 barriers, 24 bytes cumulative stack size, 1028 bytes smem
ptxas info    : Compile time = 71.802 ms
ptxas info    : Compiling entry function '_ZN3cub17_V_300500_SM_10006detail12batched_topk35device_segmented_topk_filter_kernelINS2_26policy_selector_from_typesIallLl8388608EEELNS1_4topk6selectE0EN4cuda3__417constant_iteratorIPKalEENSA_IPalEENSA_INS9_17counting_iteratorIjlLi0ELi0ELi0EEElEENS9_18transform_iteratorINS2_26per_segment_indexed_out_opINSA_IPKllEENSA_IPllEEEENSG_IlnLi0ELi0ELi0EEEEENS1_6params13uniform_paramIlLl0ELl268435456EEENSU_IlLl1ELl8388608EEENSU_IlLl1ELl1EEESO_jPyNS1_21identity_decomposer_tEjjLi0EEEvT1_T2_T3_T4_T5_T6_T7_T8_PKT9_PNS6_7counterINS8_3std3__415iterator_traitsINS1E_IS10_vE10value_typeEvE10value_typeET12_T13_EEPS1J_PS1I_PNS1E_INS1E_IS12_vE10value_typeEvE10value_typeES1O_S1T_S1J_S1J_T10_iibT11_' for 'sm_100'
ptxas info    : Function properties for _ZN3cub17_V_300500_SM_10006detail12batched_topk35device_segmented_topk_filter_kernelINS2_26policy_selector_from_typesIallLl8388608EEELNS1_4topk6selectE0EN4cuda3__417constant_iteratorIPKalEENSA_IPalEENSA_INS9_17counting_iteratorIjlLi0ELi0ELi0EEElEENS9_18transform_iteratorINS2_26per_segment_indexed_out_opINSA_IPKllEENSA_IPllEEEENSG_IlnLi0ELi0ELi0EEEEENS1_6params13uniform_paramIlLl0ELl268435456EEENSU_IlLl1ELl8388608EEENSU_IlLl1ELl1EEESO_jPyNS1_21identity_decomposer_tEjjLi0EEEvT1_T2_T3_T4_T5_T6_T7_T8_PKT9_PNS6_7counterINS8_3std3__415iterator_traitsINS1E_IS10_vE10value_typeEvE10value_typeET12_T13_EEPS1J_PS1I_PNS1E_INS1E_IS12_vE10value_typeEvE10value_typeES1O_S1T_S1J_S1J_T10_iibT11_
    0 bytes stack frame, 0 bytes spill stores, 0 bytes spill loads
ptxas info    : Used 64 registers, used 1 barriers, 1028 bytes smem
ptxas info    : Compile time = 59.843 ms
ptxas info    : Compiling entry function '_ZN3cub17_V_300500_SM_10006detail12batched_topk35device_segmented_topk_filter_kernelINS2_26policy_selector_from_typesIallLl8388608EEELNS1_4topk6selectE0EN4cuda3__417constant_iteratorIPKalEENSA_IPalEENSA_INS9_17counting_iteratorIjlLi0ELi0ELi0EEElEENS9_18transform_iteratorINS2_26per_segment_indexed_out_opINSA_IPKllEENSA_IPllEEEENSG_IlnLi0ELi0ELi0EEEEENS1_6params13uniform_paramIlLl0ELl268435456EEENSU_IlLl1ELl8388608EEENSU_IlLl1ELl1EEESO_jPyNS1_21identity_decomposer_tEjjLi1EEEvT1_T2_T3_T4_T5_T6_T7_T8_PKT9_PNS6_7counterINS8_3std3__415iterator_traitsINS1E_IS10_vE10value_typeEvE10value_typeET12_T13_EEPS1J_PS1I_PNS1E_INS1E_IS12_vE10value_typeEvE10value_typeES1O_S1T_S1J_S1J_T10_iibT11_' for 'sm_100'
ptxas info    : Function properties for _ZN3cub17_V_300500_SM_10006detail12batched_topk35device_segmented_topk_filter_kernelINS2_26policy_selector_from_typesIallLl8388608EEELNS1_4topk6selectE0EN4cuda3__417constant_iteratorIPKalEENSA_IPalEENSA_INS9_17counting_iteratorIjlLi0ELi0ELi0EEElEENS9_18transform_iteratorINS2_26per_segment_indexed_out_opINSA_IPKllEENSA_IPllEEEENSG_IlnLi0ELi0ELi0EEEEENS1_6params13uniform_paramIlLl0ELl268435456EEENSU_IlLl1ELl8388608EEENSU_IlLl1ELl1EEESO_jPyNS1_21identity_decomposer_tEjjLi1EEEvT1_T2_T3_T4_T5_T6_T7_T8_PKT9_PNS6_7counterINS8_3std3__415iterator_traitsINS1E_IS10_vE10value_typeEvE10value_typeET12_T13_EEPS1J_PS1I_PNS1E_INS1E_IS12_vE10value_typeEvE10value_typeES1O_S1T_S1J_S1J_T10_iibT11_
    24 bytes stack frame, 28 bytes spill stores, 20 bytes spill loads
ptxas info    : Used 40 registers, used 1 barriers, 24 bytes cumulative stack size, 1028 bytes smem
ptxas info    : Compile time = 71.983 ms
ptxas info    : Compiling entry function '_ZN3cub17_V_300500_SM_10006detail12batched_topk47device_segmented_topk_finalize_histogram_kernelINS2_26policy_selector_from_typesIallLl8388608EEEN4cuda3__417constant_iteratorIPKalEENS1_6params13uniform_paramIlLl0ELl268435456EEENSD_IlLl1ELl8388608EEENSD_IlLl1ELl1EEEPlPyNS1_4topk16extract_bin_op_tIaLNSJ_6selectE0ELi8ENS1_21identity_decomposer_tELb1EEEjjaEEvT0_T1_T2_T3_T4_PNSJ_7counterIT9_T7_T8_EEPSV_T5_T6_ib' for 'sm_100'
ptxas info    : Function properties for _ZN3cub17_V_300500_SM_10006detail12batched_topk47device_segmented_topk_finalize_histogram_kernelINS2_26policy_selector_from_typesIallLl8388608EEEN4cuda3__417constant_iteratorIPKalEENS1_6params13uniform_paramIlLl0ELl268435456EEENSD_IlLl1ELl8388608EEENSD_IlLl1ELl1EEEPlPyNS1_4topk16extract_bin_op_tIaLNSJ_6selectE0ELi8ENS1_21identity_decomposer_tELb1EEEjjaEEvT0_T1_T2_T3_T4_PNSJ_7counterIT9_T7_T8_EEPSV_T5_T6_ib
    0 bytes stack frame, 0 bytes spill stores, 0 bytes spill loads
ptxas info    : Used 32 registers, used 1 barriers, 2048 bytes smem
ptxas info    : Compile time = 11.157 ms
ptxas info    : Compiling entry function '_ZN3cub17_V_300500_SM_10006detail12batched_topk38device_segmented_topk_histogram_kernelINS2_26policy_selector_from_typesIallLl8388608EEEN4cuda3__417constant_iteratorIPKalEENS1_6params13uniform_paramIlLl0ELl268435456EEENSD_IlLl1ELl8388608EEENSD_IlLl1ELl1EEEPljPyNS1_4topk16extract_bin_op_tIaLNSJ_6selectE0ELi8ENS1_21identity_decomposer_tELb1EEEjjjEEvT0_T1_T2_T3_T4_PKT5_PNSJ_7counterINS6_3std3__415iterator_traitsINSZ_ISO_vE10value_typeEvE10value_typeET8_T9_EEPS14_T6_T7_' for 'sm_100'
ptxas info    : Function properties for _ZN3cub17_V_300500_SM_10006detail12batched_topk38device_segmented_topk_histogram_kernelINS2_26policy_selector_from_typesIallLl8388608EEEN4cuda3__417constant_iteratorIPKalEENS1_6params13uniform_paramIlLl0ELl268435456EEENSD_IlLl1ELl8388608EEENSD_IlLl1ELl1EEEPljPyNS1_4topk16extract_bin_op_tIaLNSJ_6selectE0ELi8ENS1_21identity_decomposer_tELb1EEEjjjEEvT0_T1_T2_T3_T4_PKT5_PNSJ_7counterINS6_3std3__415iterator_traitsINSZ_ISO_vE10value_typeEvE10value_typeET8_T9_EEPS14_T6_T7_
    0 bytes stack frame, 0 bytes spill stores, 0 bytes spill loads
ptxas info    : Used 26 registers, used 1 barriers, 1072 bytes smem
ptxas info    : Compile time = 67.321 ms
ptxas info    : Compiling entry function '_ZN3cub17_V_300500_SM_10006detail12batched_topk28device_segmented_topk_kernelINS2_26policy_selector_from_typesIallLl8388608EEEN4cuda3__417constant_iteratorIPKalEENS8_IPalEENS8_IPKllEENS8_IPllEENS1_6params13uniform_paramIlLl0ELl268435456EEENSK_IlLl1ELl8388608EEENSJ_22uniform_discrete_paramINS1_4topk6selectEJLSP_1EEEENSK_IlLl1ELl1EEEjEEvT0_T1_T2_T3_T4_T5_T6_T7_PNS2_21batched_topk_countersINSZ_10value_typeEEEPS11_PT8_' for 'sm_100'
ptxas info    : Function properties for _ZN3cub17_V_300500_SM_10006detail12batched_topk28device_segmented_topk_kernelINS2_26policy_selector_from_typesIallLl8388608EEEN4cuda3__417constant_iteratorIPKalEENS8_IPalEENS8_IPKllEENS8_IPllEENS1_6params13uniform_paramIlLl0ELl268435456EEENSK_IlLl1ELl8388608EEENSJ_22uniform_discrete_paramINS1_4topk6selectEJLSP_1EEEENSK_IlLl1ELl1EEEjEEvT0_T1_T2_T3_T4_T5_T6_T7_PNS2_21batched_topk_countersINSZ_10value_typeEEEPS11_PT8_
    0 bytes stack frame, 0 bytes spill stores, 0 bytes spill loads
ptxas info    : Used 128 registers, used 1 barriers, 33808 bytes smem
ptxas info    : Compile time = 57.352 ms
ptxas info    : Compiling entry function '_ZN3cub17_V_300500_SM_10006detail12batched_topk44device_segmented_topk_finalize_filter_kernelINS2_26policy_selector_from_typesIailLl8388608EEELNS1_4topk6selectE1EN4cuda3__417constant_iteratorIPKalEENSA_IPalEENSA_INS9_17counting_iteratorIjlLi0ELi0ELi0EEElEENS9_18transform_iteratorINS2_26per_segment_indexed_out_opINSA_IPKilEENSA_IPilEEEENSG_IlnLi0ELi0ELi0EEEEENS1_6params13uniform_paramIlLl0ELl268435456EEENSU_IlLl1ELl8388608EEENSU_IlLl1ELl1EEEPljPyNS1_21identity_decomposer_tEjjaEEvT1_T2_T3_T4_T5_T6_T7_T8_PKT9_PNS6_7counterIT14_T12_T13_EEPS1E_PS1D_PNS8_3std3__415iterator_traitsINS1M_IS13_vE10value_typeEvE10value_typeES1J_S1R_T10_S1E_S1E_iiT11_b' for 'sm_100'
ptxas info    : Function properties for _ZN3cub17_V_300500_SM_10006detail12batched_topk44device_segmented_topk_finalize_filter_kernelINS2_26policy_selector_from_typesIailLl8388608EEELNS1_4topk6selectE1EN4cuda3__417constant_iteratorIPKalEENSA_IPalEENSA_INS9_17counting_iteratorIjlLi0ELi0ELi0EEElEENS9_18transform_iteratorINS2_26per_segment_indexed_out_opINSA_IPKilEENSA_IPilEEEENSG_IlnLi0ELi0ELi0EEEEENS1_6params13uniform_paramIlLl0ELl268435456EEENSU_IlLl1ELl8388608EEENSU_IlLl1ELl1EEEPljPyNS1_21identity_decomposer_tEjjaEEvT1_T2_T3_T4_T5_T6_T7_T8_PKT9_PNS6_7counterIT14_T12_T13_EEPS1E_PS1D_PNS8_3std3__415iterator_traitsINS1M_IS13_vE10value_typeEvE10value_typeES1J_S1R_T10_S1E_S1E_iiT11_b
    0 bytes stack frame, 0 bytes spill stores, 0 bytes spill loads
ptxas info    : Used 120 registers, used 1 barriers, 2048 bytes smem
ptxas info    : Compile time = 78.257 ms
ptxas info    : Compiling entry function '_ZN3cub17_V_300500_SM_10006detail12batched_topk40device_segmented_topk_last_filter_kernelINS2_26policy_selector_from_typesIailLl8388608EEELNS1_4topk6selectE1EN4cuda3__417constant_iteratorIPKalEENSA_IPalEENSA_INS9_17counting_iteratorIjlLi0ELi0ELi0EEElEENS9_18transform_iteratorINS2_26per_segment_indexed_out_opINSA_IPKilEENSA_IPilEEEENSG_IlnLi0ELi0ELi0EEEEENS1_6params13uniform_paramIlLl0ELl268435456EEENSU_IlLl1ELl8388608EEENSU_IlLl1ELl1EEEPljPyNS1_21identity_decomposer_tEjjEEvT1_T2_T3_T4_T5_T6_T7_T8_PKT9_PNS6_7counterINS8_3std3__415iterator_traitsINS1F_IS11_vE10value_typeEvE10value_typeET12_T13_EEPS1J_PNS1F_INS1F_IS13_vE10value_typeEvE10value_typeES1K_T10_iiT11_' for 'sm_100'
ptxas info    : Function properties for _ZN3cub17_V_300500_SM_10006detail12batched_topk40device_segmented_topk_last_filter_kernelINS2_26policy_selector_from_typesIailLl8388608EEELNS1_4topk6selectE1EN4cuda3__417constant_iteratorIPKalEENSA_IPalEENSA_INS9_17counting_iteratorIjlLi0ELi0ELi0EEElEENS9_18transform_iteratorINS2_26per_segment_indexed_out_opINSA_IPKilEENSA_IPilEEEENSG_IlnLi0ELi0ELi0EEEEENS1_6params13uniform_paramIlLl0ELl268435456EEENSU_IlLl1ELl8388608EEENSU_IlLl1ELl1EEEPljPyNS1_21identity_decomposer_tEjjEEvT1_T2_T3_T4_T5_T6_T7_T8_PKT9_PNS6_7counterINS8_3std3__415iterator_traitsINS1F_IS11_vE10value_typeEvE10value_typeET12_T13_EEPS1J_PNS1F_INS1F_IS13_vE10value_typeEvE10value_typeES1K_T10_iiT11_
    0 bytes stack frame, 0 bytes spill stores, 0 bytes spill loads
ptxas info    : Used 64 registers, used 1 barriers
ptxas info    : Compile time = 902.977 ms
ptxas info    : Compiling entry function '_ZN3cub17_V_300500_SM_10006detail12batched_topk35device_segmented_topk_filter_kernelINS2_26policy_selector_from_typesIailLl8388608EEELNS1_4topk6selectE1EN4cuda3__417constant_iteratorIPKalEENSA_IPalEENSA_INS9_17counting_iteratorIjlLi0ELi0ELi0EEElEENS9_18transform_iteratorINS2_26per_segment_indexed_out_opINSA_IPKilEENSA_IPilEEEENSG_IlnLi0ELi0ELi0EEEEENS1_6params13uniform_paramIlLl0ELl268435456EEENSU_IlLl1ELl8388608EEENSU_IlLl1ELl1EEEPljPyNS1_21identity_decomposer_tEjjLi7EEEvT1_T2_T3_T4_T5_T6_T7_T8_PKT9_PNS6_7counterINS8_3std3__415iterator_traitsINS1F_IS11_vE10value_typeEvE10value_typeET12_T13_EEPS1K_PS1J_PNS1F_INS1F_IS13_vE10value_typeEvE10value_typeES1P_S1U_S1K_S1K_T10_iibT11_' for 'sm_100'
ptxas info    : Function properties for _ZN3cub17_V_300500_SM_10006detail12batched_topk35device_segmented_topk_filter_kernelINS2_26policy_selector_from_typesIailLl8388608EEELNS1_4topk6selectE1EN4cuda3__417constant_iteratorIPKalEENSA_IPalEENSA_INS9_17counting_iteratorIjlLi0ELi0ELi0EEElEENS9_18transform_iteratorINS2_26per_segment_indexed_out_opINSA_IPKilEENSA_IPilEEEENSG_IlnLi0ELi0ELi0EEEEENS1_6params13uniform_paramIlLl0ELl268435456EEENSU_IlLl1ELl8388608EEENSU_IlLl1ELl1EEEPljPyNS1_21identity_decomposer_tEjjLi7EEEvT1_T2_T3_T4_T5_T6_T7_T8_PKT9_PNS6_7counterINS8_3std3__415iterator_traitsINS1F_IS11_vE10value_typeEvE10value_typeET12_T13_EEPS1K_PS1J_PNS1F_INS1F_IS13_vE10value_typeEvE10value_typeES1P_S1U_S1K_S1K_T10_iibT11_
    24 bytes stack frame, 28 bytes spill stores, 20 bytes spill loads
ptxas info    : Used 40 registers, used 1 barriers, 24 bytes cumulative stack size, 1028 bytes smem
ptxas info    : Compile time = 73.101 ms
ptxas info    : Compiling entry function '_ZN3cub17_V_300500_SM_10006detail12batched_topk35device_segmented_topk_filter_kernelINS2_26policy_selector_from_typesIailLl8388608EEELNS1_4topk6selectE1EN4cuda3__417constant_iteratorIPKalEENSA_IPalEENSA_INS9_17counting_iteratorIjlLi0ELi0ELi0EEElEENS9_18transform_iteratorINS2_26per_segment_indexed_out_opINSA_IPKilEENSA_IPilEEEENSG_IlnLi0ELi0ELi0EEEEENS1_6params13uniform_paramIlLl0ELl268435456EEENSU_IlLl1ELl8388608EEENSU_IlLl1ELl1EEEPljPyNS1_21identity_decomposer_tEjjLi6EEEvT1_T2_T3_T4_T5_T6_T7_T8_PKT9_PNS6_7counterINS8_3std3__415iterator_traitsINS1F_IS11_vE10value_typeEvE10value_typeET12_T13_EEPS1K_PS1J_PNS1F_INS1F_IS13_vE10value_typeEvE10value_typeES1P_S1U_S1K_S1K_T10_iibT11_' for 'sm_100'
ptxas info    : Function properties for _ZN3cub17_V_300500_SM_10006detail12batched_topk35device_segmented_topk_filter_kernelINS2_26policy_selector_from_typesIailLl8388608EEELNS1_4topk6selectE1EN4cuda3__417constant_iteratorIPKalEENSA_IPalEENSA_INS9_17counting_iteratorIjlLi0ELi0ELi0EEElEENS9_18transform_iteratorINS2_26per_segment_indexed_out_opINSA_IPKilEENSA_IPilEEEENSG_IlnLi0ELi0ELi0EEEEENS1_6params13uniform_paramIlLl0ELl268435456EEENSU_IlLl1ELl8388608EEENSU_IlLl1ELl1EEEPljPyNS1_21identity_decomposer_tEjjLi6EEEvT1_T2_T3_T4_T5_T6_T7_T8_PKT9_PNS6_7counterINS8_3std3__415iterator_traitsINS1F_IS11_vE10value_typeEvE10value_typeET12_T13_EEPS1K_PS1J_PNS1F_INS1F_IS13_vE10value_typeEvE10value_typeES1P_S1U_S1K_S1K_T10_iibT11_
    24 bytes stack frame, 28 bytes spill stores, 20 bytes spill loads
ptxas info    : Used 40 registers, used 1 barriers, 24 bytes cumulative stack size, 1028 bytes smem
ptxas info    : Compile time = 71.576 ms
ptxas info    : Compiling entry function '_ZN3cub17_V_300500_SM_10006detail12batched_topk35device_segmented_topk_filter_kernelINS2_26policy_selector_from_typesIailLl8388608EEELNS1_4topk6selectE1EN4cuda3__417constant_iteratorIPKalEENSA_IPalEENSA_INS9_17counting_iteratorIjlLi0ELi0ELi0EEElEENS9_18transform_iteratorINS2_26per_segment_indexed_out_opINSA_IPKilEENSA_IPilEEEENSG_IlnLi0ELi0ELi0EEEEENS1_6params13uniform_paramIlLl0ELl268435456EEENSU_IlLl1ELl8388608EEENSU_IlLl1ELl1EEEPljPyNS1_21identity_decomposer_tEjjLi5EEEvT1_T2_T3_T4_T5_T6_T7_T8_PKT9_PNS6_7counterINS8_3std3__415iterator_traitsINS1F_IS11_vE10value_typeEvE10value_typeET12_T13_EEPS1K_PS1J_PNS1F_INS1F_IS13_vE10value_typeEvE10value_typeES1P_S1U_S1K_S1K_T10_iibT11_' for 'sm_100'
ptxas info    : Function properties for _ZN3cub17_V_300500_SM_10006detail12batched_topk35device_segmented_topk_filter_kernelINS2_26policy_selector_from_typesIailLl8388608EEELNS1_4topk6selectE1EN4cuda3__417constant_iteratorIPKalEENSA_IPalEENSA_INS9_17counting_iteratorIjlLi0ELi0ELi0EEElEENS9_18transform_iteratorINS2_26per_segment_indexed_out_opINSA_IPKilEENSA_IPilEEEENSG_IlnLi0ELi0ELi0EEEEENS1_6params13uniform_paramIlLl0ELl268435456EEENSU_IlLl1ELl8388608EEENSU_IlLl1ELl1EEEPljPyNS1_21identity_decomposer_tEjjLi5EEEvT1_T2_T3_T4_T5_T6_T7_T8_PKT9_PNS6_7counterINS8_3std3__415iterator_traitsINS1F_IS11_vE10value_typeEvE10value_typeET12_T13_EEPS1K_PS1J_PNS1F_INS1F_IS13_vE10value_typeEvE10value_typeES1P_S1U_S1K_S1K_T10_iibT11_
    24 bytes stack frame, 28 bytes spill stores, 20 bytes spill loads
ptxas info    : Used 40 registers, used 1 barriers, 24 bytes cumulative stack size, 1028 bytes smem
ptxas info    : Compile time = 71.606 ms
ptxas info    : Compiling entry function '_ZN3cub17_V_300500_SM_10006detail12batched_topk35device_segmented_topk_filter_kernelINS2_26policy_selector_from_typesIailLl8388608EEELNS1_4topk6selectE1EN4cuda3__417constant_iteratorIPKalEENSA_IPalEENSA_INS9_17counting_iteratorIjlLi0ELi0ELi0EEElEENS9_18transform_iteratorINS2_26per_segment_indexed_out_opINSA_IPKilEENSA_IPilEEEENSG_IlnLi0ELi0ELi0EEEEENS1_6params13uniform_paramIlLl0ELl268435456EEENSU_IlLl1ELl8388608EEENSU_IlLl1ELl1EEEPljPyNS1_21identity_decomposer_tEjjLi4EEEvT1_T2_T3_T4_T5_T6_T7_T8_PKT9_PNS6_7counterINS8_3std3__415iterator_traitsINS1F_IS11_vE10value_typeEvE10value_typeET12_T13_EEPS1K_PS1J_PNS1F_INS1F_IS13_vE10value_typeEvE10value_typeES1P_S1U_S1K_S1K_T10_iibT11_' for 'sm_100'
ptxas info    : Function properties for _ZN3cub17_V_300500_SM_10006detail12batched_topk35device_segmented_topk_filter_kernelINS2_26policy_selector_from_typesIailLl8388608EEELNS1_4topk6selectE1EN4cuda3__417constant_iteratorIPKalEENSA_IPalEENSA_INS9_17counting_iteratorIjlLi0ELi0ELi0EEElEENS9_18transform_iteratorINS2_26per_segment_indexed_out_opINSA_IPKilEENSA_IPilEEEENSG_IlnLi0ELi0ELi0EEEEENS1_6params13uniform_paramIlLl0ELl268435456EEENSU_IlLl1ELl8388608EEENSU_IlLl1ELl1EEEPljPyNS1_21identity_decomposer_tEjjLi4EEEvT1_T2_T3_T4_T5_T6_T7_T8_PKT9_PNS6_7counterINS8_3std3__415iterator_traitsINS1F_IS11_vE10value_typeEvE10value_typeET12_T13_EEPS1K_PS1J_PNS1F_INS1F_IS13_vE10value_typeEvE10value_typeES1P_S1U_S1K_S1K_T10_iibT11_
    24 bytes stack frame, 28 bytes spill stores, 20 bytes spill loads
ptxas info    : Used 40 registers, used 1 barriers, 24 bytes cumulative stack size, 1028 bytes smem
ptxas info    : Compile time = 72.573 ms
ptxas info    : Compiling entry function '_ZN3cub17_V_300500_SM_10006detail12batched_topk35device_segmented_topk_filter_kernelINS2_26policy_selector_from_typesIailLl8388608EEELNS1_4topk6selectE1EN4cuda3__417constant_iteratorIPKalEENSA_IPalEENSA_INS9_17counting_iteratorIjlLi0ELi0ELi0EEElEENS9_18transform_iteratorINS2_26per_segment_indexed_out_opINSA_IPKilEENSA_IPilEEEENSG_IlnLi0ELi0ELi0EEEEENS1_6params13uniform_paramIlLl0ELl268435456EEENSU_IlLl1ELl8388608EEENSU_IlLl1ELl1EEEPljPyNS1_21identity_decomposer_tEjjLi3EEEvT1_T2_T3_T4_T5_T6_T7_T8_PKT9_PNS6_7counterINS8_3std3__415iterator_traitsINS1F_IS11_vE10value_typeEvE10value_typeET12_T13_EEPS1K_PS1J_PNS1F_INS1F_IS13_vE10value_typeEvE10value_typeES1P_S1U_S1K_S1K_T10_iibT11_' for 'sm_100'
ptxas info    : Function properties for _ZN3cub17_V_300500_SM_10006detail12batched_topk35device_segmented_topk_filter_kernelINS2_26policy_selector_from_typesIailLl8388608EEELNS1_4topk6selectE1EN4cuda3__417constant_iteratorIPKalEENSA_IPalEENSA_INS9_17counting_iteratorIjlLi0ELi0ELi0EEElEENS9_18transform_iteratorINS2_26per_segment_indexed_out_opINSA_IPKilEENSA_IPilEEEENSG_IlnLi0ELi0ELi0EEEEENS1_6params13uniform_paramIlLl0ELl268435456EEENSU_IlLl1ELl8388608EEENSU_IlLl1ELl1EEEPljPyNS1_21identity_decomposer_tEjjLi3EEEvT1_T2_T3_T4_T5_T6_T7_T8_PKT9_PNS6_7counterINS8_3std3__415iterator_traitsINS1F_IS11_vE10value_typeEvE10value_typeET12_T13_EEPS1K_PS1J_PNS1F_INS1F_IS13_vE10value_typeEvE10value_typeES1P_S1U_S1K_S1K_T10_iibT11_
    24 bytes stack frame, 28 bytes spill stores, 20 bytes spill loads
ptxas info    : Used 40 registers, used 1 barriers, 24 bytes cumulative stack size, 1028 bytes smem
ptxas info    : Compile time = 72.068 ms
ptxas info    : Compiling entry function '_ZN3cub17_V_300500_SM_10006detail12batched_topk35device_segmented_topk_filter_kernelINS2_26policy_selector_from_typesIailLl8388608EEELNS1_4topk6selectE1EN4cuda3__417constant_iteratorIPKalEENSA_IPalEENSA_INS9_17counting_iteratorIjlLi0ELi0ELi0EEElEENS9_18transform_iteratorINS2_26per_segment_indexed_out_opINSA_IPKilEENSA_IPilEEEENSG_IlnLi0ELi0ELi0EEEEENS1_6params13uniform_paramIlLl0ELl268435456EEENSU_IlLl1ELl8388608EEENSU_IlLl1ELl1EEEPljPyNS1_21identity_decomposer_tEjjLi2EEEvT1_T2_T3_T4_T5_T6_T7_T8_PKT9_PNS6_7counterINS8_3std3__415iterator_traitsINS1F_IS11_vE10value_typeEvE10value_typeET12_T13_EEPS1K_PS1J_PNS1F_INS1F_IS13_vE10value_typeEvE10value_typeES1P_S1U_S1K_S1K_T10_iibT11_' for 'sm_100'
ptxas info    : Function properties for _ZN3cub17_V_300500_SM_10006detail12batched_topk35device_segmented_topk_filter_kernelINS2_26policy_selector_from_typesIailLl8388608EEELNS1_4topk6selectE1EN4cuda3__417constant_iteratorIPKalEENSA_IPalEENSA_INS9_17counting_iteratorIjlLi0ELi0ELi0EEElEENS9_18transform_iteratorINS2_26per_segment_indexed_out_opINSA_IPKilEENSA_IPilEEEENSG_IlnLi0ELi0ELi0EEEEENS1_6params13uniform_paramIlLl0ELl268435456EEENSU_IlLl1ELl8388608EEENSU_IlLl1ELl1EEEPljPyNS1_21identity_decomposer_tEjjLi2EEEvT1_T2_T3_T4_T5_T6_T7_T8_PKT9_PNS6_7counterINS8_3std3__415iterator_traitsINS1F_IS11_vE10value_typeEvE10value_typeET12_T13_EEPS1K_PS1J_PNS1F_INS1F_IS13_vE10value_typeEvE10value_typeES1P_S1U_S1K_S1K_T10_iibT11_
    24 bytes stack frame, 28 bytes spill stores, 20 bytes spill loads
ptxas info    : Used 40 registers, used 1 barriers, 24 bytes cumulative stack size, 1028 bytes smem
ptxas info    : Compile time = 72.252 ms
ptxas info    : Compiling entry function '_ZN3cub17_V_300500_SM_10006detail12batched_topk35device_segmented_topk_filter_kernelINS2_26policy_selector_from_typesIailLl8388608EEELNS1_4topk6selectE1EN4cuda3__417constant_iteratorIPKalEENSA_IPalEENSA_INS9_17counting_iteratorIjlLi0ELi0ELi0EEElEENS9_18transform_iteratorINS2_26per_segment_indexed_out_opINSA_IPKilEENSA_IPilEEEENSG_IlnLi0ELi0ELi0EEEEENS1_6params13uniform_paramIlLl0ELl268435456EEENSU_IlLl1ELl8388608EEENSU_IlLl1ELl1EEEPljPyNS1_21identity_decomposer_tEjjLi0EEEvT1_T2_T3_T4_T5_T6_T7_T8_PKT9_PNS6_7counterINS8_3std3__415iterator_traitsINS1F_IS11_vE10value_typeEvE10value_typeET12_T13_EEPS1K_PS1J_PNS1F_INS1F_IS13_vE10value_typeEvE10value_typeES1P_S1U_S1K_S1K_T10_iibT11_' for 'sm_100'
ptxas info    : Function properties for _ZN3cub17_V_300500_SM_10006detail12batched_topk35device_segmented_topk_filter_kernelINS2_26policy_selector_from_typesIailLl8388608EEELNS1_4topk6selectE1EN4cuda3__417constant_iteratorIPKalEENSA_IPalEENSA_INS9_17counting_iteratorIjlLi0ELi0ELi0EEElEENS9_18transform_iteratorINS2_26per_segment_indexed_out_opINSA_IPKilEENSA_IPilEEEENSG_IlnLi0ELi0ELi0EEEEENS1_6params13uniform_paramIlLl0ELl268435456EEENSU_IlLl1ELl8388608EEENSU_IlLl1ELl1EEEPljPyNS1_21identity_decomposer_tEjjLi0EEEvT1_T2_T3_T4_T5_T6_T7_T8_PKT9_PNS6_7counterINS8_3std3__415iterator_traitsINS1F_IS11_vE10value_typeEvE10value_typeET12_T13_EEPS1K_PS1J_PNS1F_INS1F_IS13_vE10value_typeEvE10value_typeES1P_S1U_S1K_S1K_T10_iibT11_
    0 bytes stack frame, 0 bytes spill stores, 0 bytes spill loads
ptxas info    : Used 64 registers, used 1 barriers, 1028 bytes smem
ptxas info    : Compile time = 59.643 ms
ptxas info    : Compiling entry function '_ZN3cub17_V_300500_SM_10006detail12batched_topk35device_segmented_topk_filter_kernelINS2_26policy_selector_from_typesIailLl8388608EEELNS1_4topk6selectE1EN4cuda3__417constant_iteratorIPKalEENSA_IPalEENSA_INS9_17counting_iteratorIjlLi0ELi0ELi0EEElEENS9_18transform_iteratorINS2_26per_segment_indexed_out_opINSA_IPKilEENSA_IPilEEEENSG_IlnLi0ELi0ELi0EEEEENS1_6params13uniform_paramIlLl0ELl268435456EEENSU_IlLl1ELl8388608EEENSU_IlLl1ELl1EEEPljPyNS1_21identity_decomposer_tEjjLi1EEEvT1_T2_T3_T4_T5_T6_T7_T8_PKT9_PNS6_7counterINS8_3std3__415iterator_traitsINS1F_IS11_vE10value_typeEvE10value_typeET12_T13_EEPS1K_PS1J_PNS1F_INS1F_IS13_vE10value_typeEvE10value_typeES1P_S1U_S1K_S1K_T10_iibT11_' for 'sm_100'
ptxas info    : Function properties for _ZN3cub17_V_300500_SM_10006detail12batched_topk35device_segmented_topk_filter_kernelINS2_26policy_selector_from_typesIailLl8388608EEELNS1_4topk6selectE1EN4cuda3__417constant_iteratorIPKalEENSA_IPalEENSA_INS9_17counting_iteratorIjlLi0ELi0ELi0EEElEENS9_18transform_iteratorINS2_26per_segment_indexed_out_opINSA_IPKilEENSA_IPilEEEENSG_IlnLi0ELi0ELi0EEEEENS1_6params13uniform_paramIlLl0ELl268435456EEENSU_IlLl1ELl8388608EEENSU_IlLl1ELl1EEEPljPyNS1_21identity_decomposer_tEjjLi1EEEvT1_T2_T3_T4_T5_T6_T7_T8_PKT9_PNS6_7counterINS8_3std3__415iterator_traitsINS1F_IS11_vE10value_typeEvE10value_typeET12_T13_EEPS1K_PS1J_PNS1F_INS1F_IS13_vE10value_typeEvE10value_typeES1P_S1U_S1K_S1K_T10_iibT11_
    24 bytes stack frame, 28 bytes spill stores, 20 bytes spill loads
ptxas info    : Used 40 registers, used 1 barriers, 24 bytes cumulative stack size, 1028 bytes smem
ptxas info    : Compile time = 72.186 ms
ptxas info    : Compiling entry function '_ZN3cub17_V_300500_SM_10006detail12batched_topk47device_segmented_topk_finalize_histogram_kernelINS2_26policy_selector_from_typesIailLl8388608EEEN4cuda3__417constant_iteratorIPKalEENS1_6params13uniform_paramIlLl0ELl268435456EEENSD_IlLl1ELl8388608EEENSD_IlLl1ELl1EEEPlPyNS1_4topk16extract_bin_op_tIaLNSJ_6selectE1ELi8ENS1_21identity_decomposer_tELb1EEEjjaEEvT0_T1_T2_T3_T4_PNSJ_7counterIT9_T7_T8_EEPSV_T5_T6_ib' for 'sm_100'
ptxas info    : Function properties for _ZN3cub17_V_300500_SM_10006detail12batched_topk47device_segmented_topk_finalize_histogram_kernelINS2_26policy_selector_from_typesIailLl8388608EEEN4cuda3__417constant_iteratorIPKalEENS1_6params13uniform_paramIlLl0ELl268435456EEENSD_IlLl1ELl8388608EEENSD_IlLl1ELl1EEEPlPyNS1_4topk16extract_bin_op_tIaLNSJ_6selectE1ELi8ENS1_21identity_decomposer_tELb1EEEjjaEEvT0_T1_T2_T3_T4_PNSJ_7counterIT9_T7_T8_EEPSV_T5_T6_ib
    0 bytes stack frame, 0 bytes spill stores, 0 bytes spill loads
ptxas info    : Used 32 registers, used 1 barriers, 2048 bytes smem
ptxas info    : Compile time = 11.129 ms
ptxas info    : Compiling entry function '_ZN3cub17_V_300500_SM_10006detail12batched_topk38device_segmented_topk_histogram_kernelINS2_26policy_selector_from_typesIailLl8388608EEEN4cuda3__417constant_iteratorIPKalEENS1_6params13uniform_paramIlLl0ELl268435456EEENSD_IlLl1ELl8388608EEENSD_IlLl1ELl1EEEPljPyNS1_4topk16extract_bin_op_tIaLNSJ_6selectE1ELi8ENS1_21identity_decomposer_tELb1EEEjjjEEvT0_T1_T2_T3_T4_PKT5_PNSJ_7counterINS6_3std3__415iterator_traitsINSZ_ISO_vE10value_typeEvE10value_typeET8_T9_EEPS14_T6_T7_' for 'sm_100'
ptxas info    : Function properties for _ZN3cub17_V_300500_SM_10006detail12batched_topk38device_segmented_topk_histogram_kernelINS2_26policy_selector_from_typesIailLl8388608EEEN4cuda3__417constant_iteratorIPKalEENS1_6params13uniform_paramIlLl0ELl268435456EEENSD_IlLl1ELl8388608EEENSD_IlLl1ELl1EEEPljPyNS1_4topk16extract_bin_op_tIaLNSJ_6selectE1ELi8ENS1_21identity_decomposer_tELb1EEEjjjEEvT0_T1_T2_T3_T4_PKT5_PNSJ_7counterINS6_3std3__415iterator_traitsINSZ_ISO_vE10value_typeEvE10value_typeET8_T9_EEPS14_T6_T7_
    0 bytes stack frame, 0 bytes spill stores, 0 bytes spill loads
ptxas info    : Used 26 registers, used 1 barriers, 1072 bytes smem
ptxas info    : Compile time = 68.085 ms
ptxas info    : Compiling entry function '_ZN3cub17_V_300500_SM_10006detail12batched_topk44device_segmented_topk_finalize_filter_kernelINS2_26policy_selector_from_typesIailLl8388608EEELNS1_4topk6selectE0EN4cuda3__417constant_iteratorIPKalEENSA_IPalEENSA_INS9_17counting_iteratorIjlLi0ELi0ELi0EEElEENS9_18transform_iteratorINS2_26per_segment_indexed_out_opINSA_IPKilEENSA_IPilEEEENSG_IlnLi0ELi0ELi0EEEEENS1_6params13uniform_paramIlLl0ELl268435456EEENSU_IlLl1ELl8388608EEENSU_IlLl1ELl1EEEPljPyNS1_21identity_decomposer_tEjjaEEvT1_T2_T3_T4_T5_T6_T7_T8_PKT9_PNS6_7counterIT14_T12_T13_EEPS1E_PS1D_PNS8_3std3__415iterator_traitsINS1M_IS13_vE10value_typeEvE10value_typeES1J_S1R_T10_S1E_S1E_iiT11_b' for 'sm_100'
ptxas info    : Function properties for _ZN3cub17_V_300500_SM_10006detail12batched_topk44device_segmented_topk_finalize_filter_kernelINS2_26policy_selector_from_typesIailLl8388608EEELNS1_4topk6selectE0EN4cuda3__417constant_iteratorIPKalEENSA_IPalEENSA_INS9_17counting_iteratorIjlLi0ELi0ELi0EEElEENS9_18transform_iteratorINS2_26per_segment_indexed_out_opINSA_IPKilEENSA_IPilEEEENSG_IlnLi0ELi0ELi0EEEEENS1_6params13uniform_paramIlLl0ELl268435456EEENSU_IlLl1ELl8388608EEENSU_IlLl1ELl1EEEPljPyNS1_21identity_decomposer_tEjjaEEvT1_T2_T3_T4_T5_T6_T7_T8_PKT9_PNS6_7counterIT14_T12_T13_EEPS1E_PS1D_PNS8_3std3__415iterator_traitsINS1M_IS13_vE10value_typeEvE10value_typeES1J_S1R_T10_S1E_S1E_iiT11_b
    0 bytes stack frame, 0 bytes spill stores, 0 bytes spill loads
ptxas info    : Used 120 registers, used 1 barriers, 2048 bytes smem
ptxas info    : Compile time = 78.303 ms
ptxas info    : Compiling entry function '_ZN3cub17_V_300500_SM_10006detail12batched_topk40device_segmented_topk_last_filter_kernelINS2_26policy_selector_from_typesIailLl8388608EEELNS1_4topk6selectE0EN4cuda3__417constant_iteratorIPKalEENSA_IPalEENSA_INS9_17counting_iteratorIjlLi0ELi0ELi0EEElEENS9_18transform_iteratorINS2_26per_segment_indexed_out_opINSA_IPKilEENSA_IPilEEEENSG_IlnLi0ELi0ELi0EEEEENS1_6params13uniform_paramIlLl0ELl268435456EEENSU_IlLl1ELl8388608EEENSU_IlLl1ELl1EEEPljPyNS1_21identity_decomposer_tEjjEEvT1_T2_T3_T4_T5_T6_T7_T8_PKT9_PNS6_7counterINS8_3std3__415iterator_traitsINS1F_IS11_vE10value_typeEvE10value_typeET12_T13_EEPS1J_PNS1F_INS1F_IS13_vE10value_typeEvE10value_typeES1K_T10_iiT11_' for 'sm_100'
ptxas info    : Function properties for _ZN3cub17_V_300500_SM_10006detail12batched_topk40device_segmented_topk_last_filter_kernelINS2_26policy_selector_from_typesIailLl8388608EEELNS1_4topk6selectE0EN4cuda3__417constant_iteratorIPKalEENSA_IPalEENSA_INS9_17counting_iteratorIjlLi0ELi0ELi0EEElEENS9_18transform_iteratorINS2_26per_segment_indexed_out_opINSA_IPKilEENSA_IPilEEEENSG_IlnLi0ELi0ELi0EEEEENS1_6params13uniform_paramIlLl0ELl268435456EEENSU_IlLl1ELl8388608EEENSU_IlLl1ELl1EEEPljPyNS1_21identity_decomposer_tEjjEEvT1_T2_T3_T4_T5_T6_T7_T8_PKT9_PNS6_7counterINS8_3std3__415iterator_traitsINS1F_IS11_vE10value_typeEvE10value_typeET12_T13_EEPS1J_PNS1F_INS1F_IS13_vE10value_typeEvE10value_typeES1K_T10_iiT11_
    0 bytes stack frame, 0 bytes spill stores, 0 bytes spill loads
ptxas info    : Used 64 registers, used 1 barriers
ptxas info    : Compile time = 900.467 ms
ptxas info    : Compiling entry function '_ZN3cub17_V_300500_SM_10006detail12batched_topk35device_segmented_topk_filter_kernelINS2_26policy_selector_from_typesIailLl8388608EEELNS1_4topk6selectE0EN4cuda3__417constant_iteratorIPKalEENSA_IPalEENSA_INS9_17counting_iteratorIjlLi0ELi0ELi0EEElEENS9_18transform_iteratorINS2_26per_segment_indexed_out_opINSA_IPKilEENSA_IPilEEEENSG_IlnLi0ELi0ELi0EEEEENS1_6params13uniform_paramIlLl0ELl268435456EEENSU_IlLl1ELl8388608EEENSU_IlLl1ELl1EEEPljPyNS1_21identity_decomposer_tEjjLi7EEEvT1_T2_T3_T4_T5_T6_T7_T8_PKT9_PNS6_7counterINS8_3std3__415iterator_traitsINS1F_IS11_vE10value_typeEvE10value_typeET12_T13_EEPS1K_PS1J_PNS1F_INS1F_IS13_vE10value_typeEvE10value_typeES1P_S1U_S1K_S1K_T10_iibT11_' for 'sm_100'
ptxas info    : Function properties for _ZN3cub17_V_300500_SM_10006detail12batched_topk35device_segmented_topk_filter_kernelINS2_26policy_selector_from_typesIailLl8388608EEELNS1_4topk6selectE0EN4cuda3__417constant_iteratorIPKalEENSA_IPalEENSA_INS9_17counting_iteratorIjlLi0ELi0ELi0EEElEENS9_18transform_iteratorINS2_26per_segment_indexed_out_opINSA_IPKilEENSA_IPilEEEENSG_IlnLi0ELi0ELi0EEEEENS1_6params13uniform_paramIlLl0ELl268435456EEENSU_IlLl1ELl8388608EEENSU_IlLl1ELl1EEEPljPyNS1_21identity_decomposer_tEjjLi7EEEvT1_T2_T3_T4_T5_T6_T7_T8_PKT9_PNS6_7counterINS8_3std3__415iterator_traitsINS1F_IS11_vE10value_typeEvE10value_typeET12_T13_EEPS1K_PS1J_PNS1F_INS1F_IS13_vE10value_typeEvE10value_typeES1P_S1U_S1K_S1K_T10_iibT11_
    24 bytes stack frame, 28 bytes spill stores, 20 bytes spill loads
ptxas info    : Used 40 registers, used 1 barriers, 24 bytes cumulative stack size, 1028 bytes smem
ptxas info    : Compile time = 71.904 ms
ptxas info    : Compiling entry function '_ZN3cub17_V_300500_SM_10006detail12batched_topk35device_segmented_topk_filter_kernelINS2_26policy_selector_from_typesIailLl8388608EEELNS1_4topk6selectE0EN4cuda3__417constant_iteratorIPKalEENSA_IPalEENSA_INS9_17counting_iteratorIjlLi0ELi0ELi0EEElEENS9_18transform_iteratorINS2_26per_segment_indexed_out_opINSA_IPKilEENSA_IPilEEEENSG_IlnLi0ELi0ELi0EEEEENS1_6params13uniform_paramIlLl0ELl268435456EEENSU_IlLl1ELl8388608EEENSU_IlLl1ELl1EEEPljPyNS1_21identity_decomposer_tEjjLi6EEEvT1_T2_T3_T4_T5_T6_T7_T8_PKT9_PNS6_7counterINS8_3std3__415iterator_traitsINS1F_IS11_vE10value_typeEvE10value_typeET12_T13_EEPS1K_PS1J_PNS1F_INS1F_IS13_vE10value_typeEvE10value_typeES1P_S1U_S1K_S1K_T10_iibT11_' for 'sm_100'
ptxas info    : Function properties for _ZN3cub17_V_300500_SM_10006detail12batched_topk35device_segmented_topk_filter_kernelINS2_26policy_selector_from_typesIailLl8388608EEELNS1_4topk6selectE0EN4cuda3__417constant_iteratorIPKalEENSA_IPalEENSA_INS9_17counting_iteratorIjlLi0ELi0ELi0EEElEENS9_18transform_iteratorINS2_26per_segment_indexed_out_opINSA_IPKilEENSA_IPilEEEENSG_IlnLi0ELi0ELi0EEEEENS1_6params13uniform_paramIlLl0ELl268435456EEENSU_IlLl1ELl8388608EEENSU_IlLl1ELl1EEEPljPyNS1_21identity_decomposer_tEjjLi6EEEvT1_T2_T3_T4_T5_T6_T7_T8_PKT9_PNS6_7counterINS8_3std3__415iterator_traitsINS1F_IS11_vE10value_typeEvE10value_typeET12_T13_EEPS1K_PS1J_PNS1F_INS1F_IS13_vE10value_typeEvE10value_typeES1P_S1U_S1K_S1K_T10_iibT11_
    24 bytes stack frame, 28 bytes spill stores, 20 bytes spill loads
ptxas info    : Used 40 registers, used 1 barriers, 24 bytes cumulative stack size, 1028 bytes smem
ptxas info    : Compile time = 71.681 ms
ptxas info    : Compiling entry function '_ZN3cub17_V_300500_SM_10006detail12batched_topk35device_segmented_topk_filter_kernelINS2_26policy_selector_from_typesIailLl8388608EEELNS1_4topk6selectE0EN4cuda3__417constant_iteratorIPKalEENSA_IPalEENSA_INS9_17counting_iteratorIjlLi0ELi0ELi0EEElEENS9_18transform_iteratorINS2_26per_segment_indexed_out_opINSA_IPKilEENSA_IPilEEEENSG_IlnLi0ELi0ELi0EEEEENS1_6params13uniform_paramIlLl0ELl268435456EEENSU_IlLl1ELl8388608EEENSU_IlLl1ELl1EEEPljPyNS1_21identity_decomposer_tEjjLi5EEEvT1_T2_T3_T4_T5_T6_T7_T8_PKT9_PNS6_7counterINS8_3std3__415iterator_traitsINS1F_IS11_vE10value_typeEvE10value_typeET12_T13_EEPS1K_PS1J_PNS1F_INS1F_IS13_vE10value_typeEvE10value_typeES1P_S1U_S1K_S1K_T10_iibT11_' for 'sm_100'
ptxas info    : Function properties for _ZN3cub17_V_300500_SM_10006detail12batched_topk35device_segmented_topk_filter_kernelINS2_26policy_selector_from_typesIailLl8388608EEELNS1_4topk6selectE0EN4cuda3__417constant_iteratorIPKalEENSA_IPalEENSA_INS9_17counting_iteratorIjlLi0ELi0ELi0EEElEENS9_18transform_iteratorINS2_26per_segment_indexed_out_opINSA_IPKilEENSA_IPilEEEENSG_IlnLi0ELi0ELi0EEEEENS1_6params13uniform_paramIlLl0ELl268435456EEENSU_IlLl1ELl8388608EEENSU_IlLl1ELl1EEEPljPyNS1_21identity_decomposer_tEjjLi5EEEvT1_T2_T3_T4_T5_T6_T7_T8_PKT9_PNS6_7counterINS8_3std3__415iterator_traitsINS1F_IS11_vE10value_typeEvE10value_typeET12_T13_EEPS1K_PS1J_PNS1F_INS1F_IS13_vE10value_typeEvE10value_typeES1P_S1U_S1K_S1K_T10_iibT11_
    24 bytes stack frame, 28 bytes spill stores, 20 bytes spill loads
ptxas info    : Used 40 registers, used 1 barriers, 24 bytes cumulative stack size, 1028 bytes smem
ptxas info    : Compile time = 71.800 ms
ptxas info    : Compiling entry function '_ZN3cub17_V_300500_SM_10006detail12batched_topk35device_segmented_topk_filter_kernelINS2_26policy_selector_from_typesIailLl8388608EEELNS1_4topk6selectE0EN4cuda3__417constant_iteratorIPKalEENSA_IPalEENSA_INS9_17counting_iteratorIjlLi0ELi0ELi0EEElEENS9_18transform_iteratorINS2_26per_segment_indexed_out_opINSA_IPKilEENSA_IPilEEEENSG_IlnLi0ELi0ELi0EEEEENS1_6params13uniform_paramIlLl0ELl268435456EEENSU_IlLl1ELl8388608EEENSU_IlLl1ELl1EEEPljPyNS1_21identity_decomposer_tEjjLi4EEEvT1_T2_T3_T4_T5_T6_T7_T8_PKT9_PNS6_7counterINS8_3std3__415iterator_traitsINS1F_IS11_vE10value_typeEvE10value_typeET12_T13_EEPS1K_PS1J_PNS1F_INS1F_IS13_vE10value_typeEvE10value_typeES1P_S1U_S1K_S1K_T10_iibT11_' for 'sm_100'
ptxas info    : Function properties for _ZN3cub17_V_300500_SM_10006detail12batched_topk35device_segmented_topk_filter_kernelINS2_26policy_selector_from_typesIailLl8388608EEELNS1_4topk6selectE0EN4cuda3__417constant_iteratorIPKalEENSA_IPalEENSA_INS9_17counting_iteratorIjlLi0ELi0ELi0EEElEENS9_18transform_iteratorINS2_26per_segment_indexed_out_opINSA_IPKilEENSA_IPilEEEENSG_IlnLi0ELi0ELi0EEEEENS1_6params13uniform_paramIlLl0ELl268435456EEENSU_IlLl1ELl8388608EEENSU_IlLl1ELl1EEEPljPyNS1_21identity_decomposer_tEjjLi4EEEvT1_T2_T3_T4_T5_T6_T7_T8_PKT9_PNS6_7counterINS8_3std3__415iterator_traitsINS1F_IS11_vE10value_typeEvE10value_typeET12_T13_EEPS1K_PS1J_PNS1F_INS1F_IS13_vE10value_typeEvE10value_typeES1P_S1U_S1K_S1K_T10_iibT11_
    24 bytes stack frame, 28 bytes spill stores, 20 bytes spill loads
ptxas info    : Used 40 registers, used 1 barriers, 24 bytes cumulative stack size, 1028 bytes smem
ptxas info    : Compile time = 71.646 ms
ptxas info    : Compiling entry function '_ZN3cub17_V_300500_SM_10006detail12batched_topk35device_segmented_topk_filter_kernelINS2_26policy_selector_from_typesIailLl8388608EEELNS1_4topk6selectE0EN4cuda3__417constant_iteratorIPKalEENSA_IPalEENSA_INS9_17counting_iteratorIjlLi0ELi0ELi0EEElEENS9_18transform_iteratorINS2_26per_segment_indexed_out_opINSA_IPKilEENSA_IPilEEEENSG_IlnLi0ELi0ELi0EEEEENS1_6params13uniform_paramIlLl0ELl268435456EEENSU_IlLl1ELl8388608EEENSU_IlLl1ELl1EEEPljPyNS1_21identity_decomposer_tEjjLi3EEEvT1_T2_T3_T4_T5_T6_T7_T8_PKT9_PNS6_7counterINS8_3std3__415iterator_traitsINS1F_IS11_vE10value_typeEvE10value_typeET12_T13_EEPS1K_PS1J_PNS1F_INS1F_IS13_vE10value_typeEvE10value_typeES1P_S1U_S1K_S1K_T10_iibT11_' for 'sm_100'
ptxas info    : Function properties for _ZN3cub17_V_300500_SM_10006detail12batched_topk35device_segmented_topk_filter_kernelINS2_26policy_selector_from_typesIailLl8388608EEELNS1_4topk6selectE0EN4cuda3__417constant_iteratorIPKalEENSA_IPalEENSA_INS9_17counting_iteratorIjlLi0ELi0ELi0EEElEENS9_18transform_iteratorINS2_26per_segment_indexed_out_opINSA_IPKilEENSA_IPilEEEENSG_IlnLi0ELi0ELi0EEEEENS1_6params13uniform_paramIlLl0ELl268435456EEENSU_IlLl1ELl8388608EEENSU_IlLl1ELl1EEEPljPyNS1_21identity_decomposer_tEjjLi3EEEvT1_T2_T3_T4_T5_T6_T7_T8_PKT9_PNS6_7counterINS8_3std3__415iterator_traitsINS1F_IS11_vE10value_typeEvE10value_typeET12_T13_EEPS1K_PS1J_PNS1F_INS1F_IS13_vE10value_typeEvE10value_typeES1P_S1U_S1K_S1K_T10_iibT11_
    24 bytes stack frame, 28 bytes spill stores, 20 bytes spill loads
ptxas info    : Used 40 registers, used 1 barriers, 24 bytes cumulative stack size, 1028 bytes smem
ptxas info    : Compile time = 71.650 ms
ptxas info    : Compiling entry function '_ZN3cub17_V_300500_SM_10006detail12batched_topk35device_segmented_topk_filter_kernelINS2_26policy_selector_from_typesIailLl8388608EEELNS1_4topk6selectE0EN4cuda3__417constant_iteratorIPKalEENSA_IPalEENSA_INS9_17counting_iteratorIjlLi0ELi0ELi0EEElEENS9_18transform_iteratorINS2_26per_segment_indexed_out_opINSA_IPKilEENSA_IPilEEEENSG_IlnLi0ELi0ELi0EEEEENS1_6params13uniform_paramIlLl0ELl268435456EEENSU_IlLl1ELl8388608EEENSU_IlLl1ELl1EEEPljPyNS1_21identity_decomposer_tEjjLi2EEEvT1_T2_T3_T4_T5_T6_T7_T8_PKT9_PNS6_7counterINS8_3std3__415iterator_traitsINS1F_IS11_vE10value_typeEvE10value_typeET12_T13_EEPS1K_PS1J_PNS1F_INS1F_IS13_vE10value_typeEvE10value_typeES1P_S1U_S1K_S1K_T10_iibT11_' for 'sm_100'
ptxas info    : Function properties for _ZN3cub17_V_300500_SM_10006detail12batched_topk35device_segmented_topk_filter_kernelINS2_26policy_selector_from_typesIailLl8388608EEELNS1_4topk6selectE0EN4cuda3__417constant_iteratorIPKalEENSA_IPalEENSA_INS9_17counting_iteratorIjlLi0ELi0ELi0EEElEENS9_18transform_iteratorINS2_26per_segment_indexed_out_opINSA_IPKilEENSA_IPilEEEENSG_IlnLi0ELi0ELi0EEEEENS1_6params13uniform_paramIlLl0ELl268435456EEENSU_IlLl1ELl8388608EEENSU_IlLl1ELl1EEEPljPyNS1_21identity_decomposer_tEjjLi2EEEvT1_T2_T3_T4_T5_T6_T7_T8_PKT9_PNS6_7counterINS8_3std3__415iterator_traitsINS1F_IS11_vE10value_typeEvE10value_typeET12_T13_EEPS1K_PS1J_PNS1F_INS1F_IS13_vE10value_typeEvE10value_typeES1P_S1U_S1K_S1K_T10_iibT11_
    24 bytes stack frame, 28 bytes spill stores, 20 bytes spill loads
ptxas info    : Used 40 registers, used 1 barriers, 24 bytes cumulative stack size, 1028 bytes smem
ptxas info    : Compile time = 71.720 ms
ptxas info    : Compiling entry function '_ZN3cub17_V_300500_SM_10006detail12batched_topk35device_segmented_topk_filter_kernelINS2_26policy_selector_from_typesIailLl8388608EEELNS1_4topk6selectE0EN4cuda3__417constant_iteratorIPKalEENSA_IPalEENSA_INS9_17counting_iteratorIjlLi0ELi0ELi0EEElEENS9_18transform_iteratorINS2_26per_segment_indexed_out_opINSA_IPKilEENSA_IPilEEEENSG_IlnLi0ELi0ELi0EEEEENS1_6params13uniform_paramIlLl0ELl268435456EEENSU_IlLl1ELl8388608EEENSU_IlLl1ELl1EEEPljPyNS1_21identity_decomposer_tEjjLi0EEEvT1_T2_T3_T4_T5_T6_T7_T8_PKT9_PNS6_7counterINS8_3std3__415iterator_traitsINS1F_IS11_vE10value_typeEvE10value_typeET12_T13_EEPS1K_PS1J_PNS1F_INS1F_IS13_vE10value_typeEvE10value_typeES1P_S1U_S1K_S1K_T10_iibT11_' for 'sm_100'
ptxas info    : Function properties for _ZN3cub17_V_300500_SM_10006detail12batched_topk35device_segmented_topk_filter_kernelINS2_26policy_selector_from_typesIailLl8388608EEELNS1_4topk6selectE0EN4cuda3__417constant_iteratorIPKalEENSA_IPalEENSA_INS9_17counting_iteratorIjlLi0ELi0ELi0EEElEENS9_18transform_iteratorINS2_26per_segment_indexed_out_opINSA_IPKilEENSA_IPilEEEENSG_IlnLi0ELi0ELi0EEEEENS1_6params13uniform_paramIlLl0ELl268435456EEENSU_IlLl1ELl8388608EEENSU_IlLl1ELl1EEEPljPyNS1_21identity_decomposer_tEjjLi0EEEvT1_T2_T3_T4_T5_T6_T7_T8_PKT9_PNS6_7counterINS8_3std3__415iterator_traitsINS1F_IS11_vE10value_typeEvE10value_typeET12_T13_EEPS1K_PS1J_PNS1F_INS1F_IS13_vE10value_typeEvE10value_typeES1P_S1U_S1K_S1K_T10_iibT11_
    0 bytes stack frame, 0 bytes spill stores, 0 bytes spill loads
ptxas info    : Used 64 registers, used 1 barriers, 1028 bytes smem
ptxas info    : Compile time = 59.662 ms
ptxas info    : Compiling entry function '_ZN3cub17_V_300500_SM_10006detail12batched_topk35device_segmented_topk_filter_kernelINS2_26policy_selector_from_typesIailLl8388608EEELNS1_4topk6selectE0EN4cuda3__417constant_iteratorIPKalEENSA_IPalEENSA_INS9_17counting_iteratorIjlLi0ELi0ELi0EEElEENS9_18transform_iteratorINS2_26per_segment_indexed_out_opINSA_IPKilEENSA_IPilEEEENSG_IlnLi0ELi0ELi0EEEEENS1_6params13uniform_paramIlLl0ELl268435456EEENSU_IlLl1ELl8388608EEENSU_IlLl1ELl1EEEPljPyNS1_21identity_decomposer_tEjjLi1EEEvT1_T2_T3_T4_T5_T6_T7_T8_PKT9_PNS6_7counterINS8_3std3__415iterator_traitsINS1F_IS11_vE10value_typeEvE10value_typeET12_T13_EEPS1K_PS1J_PNS1F_INS1F_IS13_vE10value_typeEvE10value_typeES1P_S1U_S1K_S1K_T10_iibT11_' for 'sm_100'
ptxas info    : Function properties for _ZN3cub17_V_300500_SM_10006detail12batched_topk35device_segmented_topk_filter_kernelINS2_26policy_selector_from_typesIailLl8388608EEELNS1_4topk6selectE0EN4cuda3__417constant_iteratorIPKalEENSA_IPalEENSA_INS9_17counting_iteratorIjlLi0ELi0ELi0EEElEENS9_18transform_iteratorINS2_26per_segment_indexed_out_opINSA_IPKilEENSA_IPilEEEENSG_IlnLi0ELi0ELi0EEEEENS1_6params13uniform_paramIlLl0ELl268435456EEENSU_IlLl1ELl8388608EEENSU_IlLl1ELl1EEEPljPyNS1_21identity_decomposer_tEjjLi1EEEvT1_T2_T3_T4_T5_T6_T7_T8_PKT9_PNS6_7counterINS8_3std3__415iterator_traitsINS1F_IS11_vE10value_typeEvE10value_typeET12_T13_EEPS1K_PS1J_PNS1F_INS1F_IS13_vE10value_typeEvE10value_typeES1P_S1U_S1K_S1K_T10_iibT11_
    24 bytes stack frame, 28 bytes spill stores, 20 bytes spill loads
ptxas info    : Used 40 registers, used 1 barriers, 24 bytes cumulative stack size, 1028 bytes smem
ptxas info    : Compile time = 71.510 ms
ptxas info    : Compiling entry function '_ZN3cub17_V_300500_SM_10006detail12batched_topk47device_segmented_topk_finalize_histogram_kernelINS2_26policy_selector_from_typesIailLl8388608EEEN4cuda3__417constant_iteratorIPKalEENS1_6params13uniform_paramIlLl0ELl268435456EEENSD_IlLl1ELl8388608EEENSD_IlLl1ELl1EEEPlPyNS1_4topk16extract_bin_op_tIaLNSJ_6selectE0ELi8ENS1_21identity_decomposer_tELb1EEEjjaEEvT0_T1_T2_T3_T4_PNSJ_7counterIT9_T7_T8_EEPSV_T5_T6_ib' for 'sm_100'
ptxas info    : Function properties for _ZN3cub17_V_300500_SM_10006detail12batched_topk47device_segmented_topk_finalize_histogram_kernelINS2_26policy_selector_from_typesIailLl8388608EEEN4cuda3__417constant_iteratorIPKalEENS1_6params13uniform_paramIlLl0ELl268435456EEENSD_IlLl1ELl8388608EEENSD_IlLl1ELl1EEEPlPyNS1_4topk16extract_bin_op_tIaLNSJ_6selectE0ELi8ENS1_21identity_decomposer_tELb1EEEjjaEEvT0_T1_T2_T3_T4_PNSJ_7counterIT9_T7_T8_EEPSV_T5_T6_ib
    0 bytes stack frame, 0 bytes spill stores, 0 bytes spill loads
ptxas info    : Used 32 registers, used 1 barriers, 2048 bytes smem
ptxas info    : Compile time = 11.115 ms
ptxas info    : Compiling entry function '_ZN3cub17_V_300500_SM_10006detail12batched_topk38device_segmented_topk_histogram_kernelINS2_26policy_selector_from_typesIailLl8388608EEEN4cuda3__417constant_iteratorIPKalEENS1_6params13uniform_paramIlLl0ELl268435456EEENSD_IlLl1ELl8388608EEENSD_IlLl1ELl1EEEPljPyNS1_4topk16extract_bin_op_tIaLNSJ_6selectE0ELi8ENS1_21identity_decomposer_tELb1EEEjjjEEvT0_T1_T2_T3_T4_PKT5_PNSJ_7counterINS6_3std3__415iterator_traitsINSZ_ISO_vE10value_typeEvE10value_typeET8_T9_EEPS14_T6_T7_' for 'sm_100'
ptxas info    : Function properties for _ZN3cub17_V_300500_SM_10006detail12batched_topk38device_segmented_topk_histogram_kernelINS2_26policy_selector_from_typesIailLl8388608EEEN4cuda3__417constant_iteratorIPKalEENS1_6params13uniform_paramIlLl0ELl268435456EEENSD_IlLl1ELl8388608EEENSD_IlLl1ELl1EEEPljPyNS1_4topk16extract_bin_op_tIaLNSJ_6selectE0ELi8ENS1_21identity_decomposer_tELb1EEEjjjEEvT0_T1_T2_T3_T4_PKT5_PNSJ_7counterINS6_3std3__415iterator_traitsINSZ_ISO_vE10value_typeEvE10value_typeET8_T9_EEPS14_T6_T7_
    0 bytes stack frame, 0 bytes spill stores, 0 bytes spill loads
ptxas info    : Used 26 registers, used 1 barriers, 1072 bytes smem
ptxas info    : Compile time = 66.946 ms
ptxas info    : Compiling entry function '_ZN3cub17_V_300500_SM_10006detail12batched_topk28device_segmented_topk_kernelINS2_26policy_selector_from_typesIailLl8388608EEEN4cuda3__417constant_iteratorIPKalEENS8_IPalEENS8_IPKilEENS8_IPilEENS1_6params13uniform_paramIlLl0ELl268435456EEENSK_IlLl1ELl8388608EEENSJ_22uniform_discrete_paramINS1_4topk6selectEJLSP_1EEEENSK_IlLl1ELl1EEEjEEvT0_T1_T2_T3_T4_T5_T6_T7_PNS2_21batched_topk_countersINSZ_10value_typeEEEPS11_PT8_' for 'sm_100'
ptxas info    : Function properties for _ZN3cub17_V_300500_SM_10006detail12batched_topk28device_segmented_topk_kernelINS2_26policy_selector_from_typesIailLl8388608EEEN4cuda3__417constant_iteratorIPKalEENS8_IPalEENS8_IPKilEENS8_IPilEENS1_6params13uniform_paramIlLl0ELl268435456EEENSK_IlLl1ELl8388608EEENSJ_22uniform_discrete_paramINS1_4topk6selectEJLSP_1EEEENSK_IlLl1ELl1EEEjEEvT0_T1_T2_T3_T4_T5_T6_T7_PNS2_21batched_topk_countersINSZ_10value_typeEEEPS11_PT8_
    0 bytes stack frame, 0 bytes spill stores, 0 bytes spill loads
ptxas info    : Used 255 registers, used 1 barriers, 33808 bytes smem
ptxas info    : Compile time = 119.069 ms
ptxas info    : Compiling entry function '_ZN3cub17_V_300500_SM_10006detail12batched_topk44device_segmented_topk_finalize_filter_kernelINS2_26policy_selector_from_typesIaslLl8388608EEELNS1_4topk6selectE1EN4cuda3__417constant_iteratorIPKalEENSA_IPalEENSA_INS9_17counting_iteratorIjlLi0ELi0ELi0EEElEENS9_18transform_iteratorINS2_26per_segment_indexed_out_opINSA_IPKslEENSA_IPslEEEENSG_IlnLi0ELi0ELi0EEEEENS1_6params13uniform_paramIlLl0ELl268435456EEENSU_IlLl1ELl8388608EEENSU_IlLl1ELl1EEEPljPyNS1_21identity_decomposer_tEjjaEEvT1_T2_T3_T4_T5_T6_T7_T8_PKT9_PNS6_7counterIT14_T12_T13_EEPS1E_PS1D_PNS8_3std3__415iterator_traitsINS1M_IS13_vE10value_typeEvE10value_typeES1J_S1R_T10_S1E_S1E_iiT11_b' for 'sm_100'
ptxas info    : Function properties for _ZN3cub17_V_300500_SM_10006detail12batched_topk44device_segmented_topk_finalize_filter_kernelINS2_26policy_selector_from_typesIaslLl8388608EEELNS1_4topk6selectE1EN4cuda3__417constant_iteratorIPKalEENSA_IPalEENSA_INS9_17counting_iteratorIjlLi0ELi0ELi0EEElEENS9_18transform_iteratorINS2_26per_segment_indexed_out_opINSA_IPKslEENSA_IPslEEEENSG_IlnLi0ELi0ELi0EEEEENS1_6params13uniform_paramIlLl0ELl268435456EEENSU_IlLl1ELl8388608EEENSU_IlLl1ELl1EEEPljPyNS1_21identity_decomposer_tEjjaEEvT1_T2_T3_T4_T5_T6_T7_T8_PKT9_PNS6_7counterIT14_T12_T13_EEPS1E_PS1D_PNS8_3std3__415iterator_traitsINS1M_IS13_vE10value_typeEvE10value_typeES1J_S1R_T10_S1E_S1E_iiT11_b
    0 bytes stack frame, 0 bytes spill stores, 0 bytes spill loads
ptxas info    : Used 120 registers, used 1 barriers, 2048 bytes smem
ptxas info    : Compile time = 78.575 ms
ptxas info    : Compiling entry function '_ZN3cub17_V_300500_SM_10006detail12batched_topk40device_segmented_topk_last_filter_kernelINS2_26policy_selector_from_typesIaslLl8388608EEELNS1_4topk6selectE1EN4cuda3__417constant_iteratorIPKalEENSA_IPalEENSA_INS9_17counting_iteratorIjlLi0ELi0ELi0EEElEENS9_18transform_iteratorINS2_26per_segment_indexed_out_opINSA_IPKslEENSA_IPslEEEENSG_IlnLi0ELi0ELi0EEEEENS1_6params13uniform_paramIlLl0ELl268435456EEENSU_IlLl1ELl8388608EEENSU_IlLl1ELl1EEEPljPyNS1_21identity_decomposer_tEjjEEvT1_T2_T3_T4_T5_T6_T7_T8_PKT9_PNS6_7counterINS8_3std3__415iterator_traitsINS1F_IS11_vE10value_typeEvE10value_typeET12_T13_EEPS1J_PNS1F_INS1F_IS13_vE10value_typeEvE10value_typeES1K_T10_iiT11_' for 'sm_100'
ptxas info    : Function properties for _ZN3cub17_V_300500_SM_10006detail12batched_topk40device_segmented_topk_last_filter_kernelINS2_26policy_selector_from_typesIaslLl8388608EEELNS1_4topk6selectE1EN4cuda3__417constant_iteratorIPKalEENSA_IPalEENSA_INS9_17counting_iteratorIjlLi0ELi0ELi0EEElEENS9_18transform_iteratorINS2_26per_segment_indexed_out_opINSA_IPKslEENSA_IPslEEEENSG_IlnLi0ELi0ELi0EEEEENS1_6params13uniform_paramIlLl0ELl268435456EEENSU_IlLl1ELl8388608EEENSU_IlLl1ELl1EEEPljPyNS1_21identity_decomposer_tEjjEEvT1_T2_T3_T4_T5_T6_T7_T8_PKT9_PNS6_7counterINS8_3std3__415iterator_traitsINS1F_IS11_vE10value_typeEvE10value_typeET12_T13_EEPS1J_PNS1F_INS1F_IS13_vE10value_typeEvE10value_typeES1K_T10_iiT11_
    0 bytes stack frame, 0 bytes spill stores, 0 bytes spill loads
ptxas info    : Used 64 registers, used 1 barriers
ptxas info    : Compile time = 889.327 ms
ptxas info    : Compiling entry function '_ZN3cub17_V_300500_SM_10006detail12batched_topk35device_segmented_topk_filter_kernelINS2_26policy_selector_from_typesIaslLl8388608EEELNS1_4topk6selectE1EN4cuda3__417constant_iteratorIPKalEENSA_IPalEENSA_INS9_17counting_iteratorIjlLi0ELi0ELi0EEElEENS9_18transform_iteratorINS2_26per_segment_indexed_out_opINSA_IPKslEENSA_IPslEEEENSG_IlnLi0ELi0ELi0EEEEENS1_6params13uniform_paramIlLl0ELl268435456EEENSU_IlLl1ELl8388608EEENSU_IlLl1ELl1EEEPljPyNS1_21identity_decomposer_tEjjLi7EEEvT1_T2_T3_T4_T5_T6_T7_T8_PKT9_PNS6_7counterINS8_3std3__415iterator_traitsINS1F_IS11_vE10value_typeEvE10value_typeET12_T13_EEPS1K_PS1J_PNS1F_INS1F_IS13_vE10value_typeEvE10value_typeES1P_S1U_S1K_S1K_T10_iibT11_' for 'sm_100'
ptxas info    : Function properties for _ZN3cub17_V_300500_SM_10006detail12batched_topk35device_segmented_topk_filter_kernelINS2_26policy_selector_from_typesIaslLl8388608EEELNS1_4topk6selectE1EN4cuda3__417constant_iteratorIPKalEENSA_IPalEENSA_INS9_17counting_iteratorIjlLi0ELi0ELi0EEElEENS9_18transform_iteratorINS2_26per_segment_indexed_out_opINSA_IPKslEENSA_IPslEEEENSG_IlnLi0ELi0ELi0EEEEENS1_6params13uniform_paramIlLl0ELl268435456EEENSU_IlLl1ELl8388608EEENSU_IlLl1ELl1EEEPljPyNS1_21identity_decomposer_tEjjLi7EEEvT1_T2_T3_T4_T5_T6_T7_T8_PKT9_PNS6_7counterINS8_3std3__415iterator_traitsINS1F_IS11_vE10value_typeEvE10value_typeET12_T13_EEPS1K_PS1J_PNS1F_INS1F_IS13_vE10value_typeEvE10value_typeES1P_S1U_S1K_S1K_T10_iibT11_
    24 bytes stack frame, 28 bytes spill stores, 20 bytes spill loads
ptxas info    : Used 40 registers, used 1 barriers, 24 bytes cumulative stack size, 1028 bytes smem
ptxas info    : Compile time = 72.667 ms
ptxas info    : Compiling entry function '_ZN3cub17_V_300500_SM_10006detail12batched_topk35device_segmented_topk_filter_kernelINS2_26policy_selector_from_typesIaslLl8388608EEELNS1_4topk6selectE1EN4cuda3__417constant_iteratorIPKalEENSA_IPalEENSA_INS9_17counting_iteratorIjlLi0ELi0ELi0EEElEENS9_18transform_iteratorINS2_26per_segment_indexed_out_opINSA_IPKslEENSA_IPslEEEENSG_IlnLi0ELi0ELi0EEEEENS1_6params13uniform_paramIlLl0ELl268435456EEENSU_IlLl1ELl8388608EEENSU_IlLl1ELl1EEEPljPyNS1_21identity_decomposer_tEjjLi6EEEvT1_T2_T3_T4_T5_T6_T7_T8_PKT9_PNS6_7counterINS8_3std3__415iterator_traitsINS1F_IS11_vE10value_typeEvE10value_typeET12_T13_EEPS1K_PS1J_PNS1F_INS1F_IS13_vE10value_typeEvE10value_typeES1P_S1U_S1K_S1K_T10_iibT11_' for 'sm_100'
ptxas info    : Function properties for _ZN3cub17_V_300500_SM_10006detail12batched_topk35device_segmented_topk_filter_kernelINS2_26policy_selector_from_typesIaslLl8388608EEELNS1_4topk6selectE1EN4cuda3__417constant_iteratorIPKalEENSA_IPalEENSA_INS9_17counting_iteratorIjlLi0ELi0ELi0EEElEENS9_18transform_iteratorINS2_26per_segment_indexed_out_opINSA_IPKslEENSA_IPslEEEENSG_IlnLi0ELi0ELi0EEEEENS1_6params13uniform_paramIlLl0ELl268435456EEENSU_IlLl1ELl8388608EEENSU_IlLl1ELl1EEEPljPyNS1_21identity_decomposer_tEjjLi6EEEvT1_T2_T3_T4_T5_T6_T7_T8_PKT9_PNS6_7counterINS8_3std3__415iterator_traitsINS1F_IS11_vE10value_typeEvE10value_typeET12_T13_EEPS1K_PS1J_PNS1F_INS1F_IS13_vE10value_typeEvE10value_typeES1P_S1U_S1K_S1K_T10_iibT11_
    24 bytes stack frame, 28 bytes spill stores, 20 bytes spill loads
ptxas info    : Used 40 registers, used 1 barriers, 24 bytes cumulative stack size, 1028 bytes smem
ptxas info    : Compile time = 72.006 ms
ptxas info    : Compiling entry function '_ZN3cub17_V_300500_SM_10006detail12batched_topk35device_segmented_topk_filter_kernelINS2_26policy_selector_from_typesIaslLl8388608EEELNS1_4topk6selectE1EN4cuda3__417constant_iteratorIPKalEENSA_IPalEENSA_INS9_17counting_iteratorIjlLi0ELi0ELi0EEElEENS9_18transform_iteratorINS2_26per_segment_indexed_out_opINSA_IPKslEENSA_IPslEEEENSG_IlnLi0ELi0ELi0EEEEENS1_6params13uniform_paramIlLl0ELl268435456EEENSU_IlLl1ELl8388608EEENSU_IlLl1ELl1EEEPljPyNS1_21identity_decomposer_tEjjLi5EEEvT1_T2_T3_T4_T5_T6_T7_T8_PKT9_PNS6_7counterINS8_3std3__415iterator_traitsINS1F_IS11_vE10value_typeEvE10value_typeET12_T13_EEPS1K_PS1J_PNS1F_INS1F_IS13_vE10value_typeEvE10value_typeES1P_S1U_S1K_S1K_T10_iibT11_' for 'sm_100'
ptxas info    : Function properties for _ZN3cub17_V_300500_SM_10006detail12batched_topk35device_segmented_topk_filter_kernelINS2_26policy_selector_from_typesIaslLl8388608EEELNS1_4topk6selectE1EN4cuda3__417constant_iteratorIPKalEENSA_IPalEENSA_INS9_17counting_iteratorIjlLi0ELi0ELi0EEElEENS9_18transform_iteratorINS2_26per_segment_indexed_out_opINSA_IPKslEENSA_IPslEEEENSG_IlnLi0ELi0ELi0EEEEENS1_6params13uniform_paramIlLl0ELl268435456EEENSU_IlLl1ELl8388608EEENSU_IlLl1ELl1EEEPljPyNS1_21identity_decomposer_tEjjLi5EEEvT1_T2_T3_T4_T5_T6_T7_T8_PKT9_PNS6_7counterINS8_3std3__415iterator_traitsINS1F_IS11_vE10value_typeEvE10value_typeET12_T13_EEPS1K_PS1J_PNS1F_INS1F_IS13_vE10value_typeEvE10value_typeES1P_S1U_S1K_S1K_T10_iibT11_
    24 bytes stack frame, 28 bytes spill stores, 20 bytes spill loads
ptxas info    : Used 40 registers, used 1 barriers, 24 bytes cumulative stack size, 1028 bytes smem
ptxas info    : Compile time = 71.778 ms
ptxas info    : Compiling entry function '_ZN3cub17_V_300500_SM_10006detail12batched_topk35device_segmented_topk_filter_kernelINS2_26policy_selector_from_typesIaslLl8388608EEELNS1_4topk6selectE1EN4cuda3__417constant_iteratorIPKalEENSA_IPalEENSA_INS9_17counting_iteratorIjlLi0ELi0ELi0EEElEENS9_18transform_iteratorINS2_26per_segment_indexed_out_opINSA_IPKslEENSA_IPslEEEENSG_IlnLi0ELi0ELi0EEEEENS1_6params13uniform_paramIlLl0ELl268435456EEENSU_IlLl1ELl8388608EEENSU_IlLl1ELl1EEEPljPyNS1_21identity_decomposer_tEjjLi4EEEvT1_T2_T3_T4_T5_T6_T7_T8_PKT9_PNS6_7counterINS8_3std3__415iterator_traitsINS1F_IS11_vE10value_typeEvE10value_typeET12_T13_EEPS1K_PS1J_PNS1F_INS1F_IS13_vE10value_typeEvE10value_typeES1P_S1U_S1K_S1K_T10_iibT11_' for 'sm_100'
ptxas info    : Function properties for _ZN3cub17_V_300500_SM_10006detail12batched_topk35device_segmented_topk_filter_kernelINS2_26policy_selector_from_typesIaslLl8388608EEELNS1_4topk6selectE1EN4cuda3__417constant_iteratorIPKalEENSA_IPalEENSA_INS9_17counting_iteratorIjlLi0ELi0ELi0EEElEENS9_18transform_iteratorINS2_26per_segment_indexed_out_opINSA_IPKslEENSA_IPslEEEENSG_IlnLi0ELi0ELi0EEEEENS1_6params13uniform_paramIlLl0ELl268435456EEENSU_IlLl1ELl8388608EEENSU_IlLl1ELl1EEEPljPyNS1_21identity_decomposer_tEjjLi4EEEvT1_T2_T3_T4_T5_T6_T7_T8_PKT9_PNS6_7counterINS8_3std3__415iterator_traitsINS1F_IS11_vE10value_typeEvE10value_typeET12_T13_EEPS1K_PS1J_PNS1F_INS1F_IS13_vE10value_typeEvE10value_typeES1P_S1U_S1K_S1K_T10_iibT11_
    24 bytes stack frame, 28 bytes spill stores, 20 bytes spill loads
ptxas info    : Used 40 registers, used 1 barriers, 24 bytes cumulative stack size, 1028 bytes smem
ptxas info    : Compile time = 71.909 ms
ptxas info    : Compiling entry function '_ZN3cub17_V_300500_SM_10006detail12batched_topk35device_segmented_topk_filter_kernelINS2_26policy_selector_from_typesIaslLl8388608EEELNS1_4topk6selectE1EN4cuda3__417constant_iteratorIPKalEENSA_IPalEENSA_INS9_17counting_iteratorIjlLi0ELi0ELi0EEElEENS9_18transform_iteratorINS2_26per_segment_indexed_out_opINSA_IPKslEENSA_IPslEEEENSG_IlnLi0ELi0ELi0EEEEENS1_6params13uniform_paramIlLl0ELl268435456EEENSU_IlLl1ELl8388608EEENSU_IlLl1ELl1EEEPljPyNS1_21identity_decomposer_tEjjLi3EEEvT1_T2_T3_T4_T5_T6_T7_T8_PKT9_PNS6_7counterINS8_3std3__415iterator_traitsINS1F_IS11_vE10value_typeEvE10value_typeET12_T13_EEPS1K_PS1J_PNS1F_INS1F_IS13_vE10value_typeEvE10value_typeES1P_S1U_S1K_S1K_T10_iibT11_' for 'sm_100'
ptxas info    : Function properties for _ZN3cub17_V_300500_SM_10006detail12batched_topk35device_segmented_topk_filter_kernelINS2_26policy_selector_from_typesIaslLl8388608EEELNS1_4topk6selectE1EN4cuda3__417constant_iteratorIPKalEENSA_IPalEENSA_INS9_17counting_iteratorIjlLi0ELi0ELi0EEElEENS9_18transform_iteratorINS2_26per_segment_indexed_out_opINSA_IPKslEENSA_IPslEEEENSG_IlnLi0ELi0ELi0EEEEENS1_6params13uniform_paramIlLl0ELl268435456EEENSU_IlLl1ELl8388608EEENSU_IlLl1ELl1EEEPljPyNS1_21identity_decomposer_tEjjLi3EEEvT1_T2_T3_T4_T5_T6_T7_T8_PKT9_PNS6_7counterINS8_3std3__415iterator_traitsINS1F_IS11_vE10value_typeEvE10value_typeET12_T13_EEPS1K_PS1J_PNS1F_INS1F_IS13_vE10value_typeEvE10value_typeES1P_S1U_S1K_S1K_T10_iibT11_
    24 bytes stack frame, 28 bytes spill stores, 20 bytes spill loads
ptxas info    : Used 40 registers, used 1 barriers, 24 bytes cumulative stack size, 1028 bytes smem
ptxas info    : Compile time = 71.754 ms
ptxas info    : Compiling entry function '_ZN3cub17_V_300500_SM_10006detail12batched_topk35device_segmented_topk_filter_kernelINS2_26policy_selector_from_typesIaslLl8388608EEELNS1_4topk6selectE1EN4cuda3__417constant_iteratorIPKalEENSA_IPalEENSA_INS9_17counting_iteratorIjlLi0ELi0ELi0EEElEENS9_18transform_iteratorINS2_26per_segment_indexed_out_opINSA_IPKslEENSA_IPslEEEENSG_IlnLi0ELi0ELi0EEEEENS1_6params13uniform_paramIlLl0ELl268435456EEENSU_IlLl1ELl8388608EEENSU_IlLl1ELl1EEEPljPyNS1_21identity_decomposer_tEjjLi2EEEvT1_T2_T3_T4_T5_T6_T7_T8_PKT9_PNS6_7counterINS8_3std3__415iterator_traitsINS1F_IS11_vE10value_typeEvE10value_typeET12_T13_EEPS1K_PS1J_PNS1F_INS1F_IS13_vE10value_typeEvE10value_typeES1P_S1U_S1K_S1K_T10_iibT11_' for 'sm_100'
ptxas info    : Function properties for _ZN3cub17_V_300500_SM_10006detail12batched_topk35device_segmented_topk_filter_kernelINS2_26policy_selector_from_typesIaslLl8388608EEELNS1_4topk6selectE1EN4cuda3__417constant_iteratorIPKalEENSA_IPalEENSA_INS9_17counting_iteratorIjlLi0ELi0ELi0EEElEENS9_18transform_iteratorINS2_26per_segment_indexed_out_opINSA_IPKslEENSA_IPslEEEENSG_IlnLi0ELi0ELi0EEEEENS1_6params13uniform_paramIlLl0ELl268435456EEENSU_IlLl1ELl8388608EEENSU_IlLl1ELl1EEEPljPyNS1_21identity_decomposer_tEjjLi2EEEvT1_T2_T3_T4_T5_T6_T7_T8_PKT9_PNS6_7counterINS8_3std3__415iterator_traitsINS1F_IS11_vE10value_typeEvE10value_typeET12_T13_EEPS1K_PS1J_PNS1F_INS1F_IS13_vE10value_typeEvE10value_typeES1P_S1U_S1K_S1K_T10_iibT11_
    24 bytes stack frame, 28 bytes spill stores, 20 bytes spill loads
ptxas info    : Used 40 registers, used 1 barriers, 24 bytes cumulative stack size, 1028 bytes smem
ptxas info    : Compile time = 71.718 ms
ptxas info    : Compiling entry function '_ZN3cub17_V_300500_SM_10006detail12batched_topk35device_segmented_topk_filter_kernelINS2_26policy_selector_from_typesIaslLl8388608EEELNS1_4topk6selectE1EN4cuda3__417constant_iteratorIPKalEENSA_IPalEENSA_INS9_17counting_iteratorIjlLi0ELi0ELi0EEElEENS9_18transform_iteratorINS2_26per_segment_indexed_out_opINSA_IPKslEENSA_IPslEEEENSG_IlnLi0ELi0ELi0EEEEENS1_6params13uniform_paramIlLl0ELl268435456EEENSU_IlLl1ELl8388608EEENSU_IlLl1ELl1EEEPljPyNS1_21identity_decomposer_tEjjLi0EEEvT1_T2_T3_T4_T5_T6_T7_T8_PKT9_PNS6_7counterINS8_3std3__415iterator_traitsINS1F_IS11_vE10value_typeEvE10value_typeET12_T13_EEPS1K_PS1J_PNS1F_INS1F_IS13_vE10value_typeEvE10value_typeES1P_S1U_S1K_S1K_T10_iibT11_' for 'sm_100'
ptxas info    : Function properties for _ZN3cub17_V_300500_SM_10006detail12batched_topk35device_segmented_topk_filter_kernelINS2_26policy_selector_from_typesIaslLl8388608EEELNS1_4topk6selectE1EN4cuda3__417constant_iteratorIPKalEENSA_IPalEENSA_INS9_17counting_iteratorIjlLi0ELi0ELi0EEElEENS9_18transform_iteratorINS2_26per_segment_indexed_out_opINSA_IPKslEENSA_IPslEEEENSG_IlnLi0ELi0ELi0EEEEENS1_6params13uniform_paramIlLl0ELl268435456EEENSU_IlLl1ELl8388608EEENSU_IlLl1ELl1EEEPljPyNS1_21identity_decomposer_tEjjLi0EEEvT1_T2_T3_T4_T5_T6_T7_T8_PKT9_PNS6_7counterINS8_3std3__415iterator_traitsINS1F_IS11_vE10value_typeEvE10value_typeET12_T13_EEPS1K_PS1J_PNS1F_INS1F_IS13_vE10value_typeEvE10value_typeES1P_S1U_S1K_S1K_T10_iibT11_
    0 bytes stack frame, 0 bytes spill stores, 0 bytes spill loads
ptxas info    : Used 64 registers, used 1 barriers, 1028 bytes smem
ptxas info    : Compile time = 59.911 ms
ptxas info    : Compiling entry function '_ZN3cub17_V_300500_SM_10006detail12batched_topk35device_segmented_topk_filter_kernelINS2_26policy_selector_from_typesIaslLl8388608EEELNS1_4topk6selectE1EN4cuda3__417constant_iteratorIPKalEENSA_IPalEENSA_INS9_17counting_iteratorIjlLi0ELi0ELi0EEElEENS9_18transform_iteratorINS2_26per_segment_indexed_out_opINSA_IPKslEENSA_IPslEEEENSG_IlnLi0ELi0ELi0EEEEENS1_6params13uniform_paramIlLl0ELl268435456EEENSU_IlLl1ELl8388608EEENSU_IlLl1ELl1EEEPljPyNS1_21identity_decomposer_tEjjLi1EEEvT1_T2_T3_T4_T5_T6_T7_T8_PKT9_PNS6_7counterINS8_3std3__415iterator_traitsINS1F_IS11_vE10value_typeEvE10value_typeET12_T13_EEPS1K_PS1J_PNS1F_INS1F_IS13_vE10value_typeEvE10value_typeES1P_S1U_S1K_S1K_T10_iibT11_' for 'sm_100'
ptxas info    : Function properties for _ZN3cub17_V_300500_SM_10006detail12batched_topk35device_segmented_topk_filter_kernelINS2_26policy_selector_from_typesIaslLl8388608EEELNS1_4topk6selectE1EN4cuda3__417constant_iteratorIPKalEENSA_IPalEENSA_INS9_17counting_iteratorIjlLi0ELi0ELi0EEElEENS9_18transform_iteratorINS2_26per_segment_indexed_out_opINSA_IPKslEENSA_IPslEEEENSG_IlnLi0ELi0ELi0EEEEENS1_6params13uniform_paramIlLl0ELl268435456EEENSU_IlLl1ELl8388608EEENSU_IlLl1ELl1EEEPljPyNS1_21identity_decomposer_tEjjLi1EEEvT1_T2_T3_T4_T5_T6_T7_T8_PKT9_PNS6_7counterINS8_3std3__415iterator_traitsINS1F_IS11_vE10value_typeEvE10value_typeET12_T13_EEPS1K_PS1J_PNS1F_INS1F_IS13_vE10value_typeEvE10value_typeES1P_S1U_S1K_S1K_T10_iibT11_
    24 bytes stack frame, 28 bytes spill stores, 20 bytes spill loads
ptxas info    : Used 40 registers, used 1 barriers, 24 bytes cumulative stack size, 1028 bytes smem
ptxas info    : Compile time = 71.818 ms
ptxas info    : Compiling entry function '_ZN3cub17_V_300500_SM_10006detail12batched_topk47device_segmented_topk_finalize_histogram_kernelINS2_26policy_selector_from_typesIaslLl8388608EEEN4cuda3__417constant_iteratorIPKalEENS1_6params13uniform_paramIlLl0ELl268435456EEENSD_IlLl1ELl8388608EEENSD_IlLl1ELl1EEEPlPyNS1_4topk16extract_bin_op_tIaLNSJ_6selectE1ELi8ENS1_21identity_decomposer_tELb1EEEjjaEEvT0_T1_T2_T3_T4_PNSJ_7counterIT9_T7_T8_EEPSV_T5_T6_ib' for 'sm_100'
ptxas info    : Function properties for _ZN3cub17_V_300500_SM_10006detail12batched_topk47device_segmented_topk_finalize_histogram_kernelINS2_26policy_selector_from_typesIaslLl8388608EEEN4cuda3__417constant_iteratorIPKalEENS1_6params13uniform_paramIlLl0ELl268435456EEENSD_IlLl1ELl8388608EEENSD_IlLl1ELl1EEEPlPyNS1_4topk16extract_bin_op_tIaLNSJ_6selectE1ELi8ENS1_21identity_decomposer_tELb1EEEjjaEEvT0_T1_T2_T3_T4_PNSJ_7counterIT9_T7_T8_EEPSV_T5_T6_ib
    0 bytes stack frame, 0 bytes spill stores, 0 bytes spill loads
ptxas info    : Used 32 registers, used 1 barriers, 2048 bytes smem
ptxas info    : Compile time = 11.147 ms
ptxas info    : Compiling entry function '_ZN3cub17_V_300500_SM_10006detail12batched_topk38device_segmented_topk_histogram_kernelINS2_26policy_selector_from_typesIaslLl8388608EEEN4cuda3__417constant_iteratorIPKalEENS1_6params13uniform_paramIlLl0ELl268435456EEENSD_IlLl1ELl8388608EEENSD_IlLl1ELl1EEEPljPyNS1_4topk16extract_bin_op_tIaLNSJ_6selectE1ELi8ENS1_21identity_decomposer_tELb1EEEjjjEEvT0_T1_T2_T3_T4_PKT5_PNSJ_7counterINS6_3std3__415iterator_traitsINSZ_ISO_vE10value_typeEvE10value_typeET8_T9_EEPS14_T6_T7_' for 'sm_100'
ptxas info    : Function properties for _ZN3cub17_V_300500_SM_10006detail12batched_topk38device_segmented_topk_histogram_kernelINS2_26policy_selector_from_typesIaslLl8388608EEEN4cuda3__417constant_iteratorIPKalEENS1_6params13uniform_paramIlLl0ELl268435456EEENSD_IlLl1ELl8388608EEENSD_IlLl1ELl1EEEPljPyNS1_4topk16extract_bin_op_tIaLNSJ_6selectE1ELi8ENS1_21identity_decomposer_tELb1EEEjjjEEvT0_T1_T2_T3_T4_PKT5_PNSJ_7counterINS6_3std3__415iterator_traitsINSZ_ISO_vE10value_typeEvE10value_typeET8_T9_EEPS14_T6_T7_
    0 bytes stack frame, 0 bytes spill stores, 0 bytes spill loads
ptxas info    : Used 26 registers, used 1 barriers, 1072 bytes smem
ptxas info    : Compile time = 66.363 ms
ptxas info    : Compiling entry function '_ZN3cub17_V_300500_SM_10006detail12batched_topk44device_segmented_topk_finalize_filter_kernelINS2_26policy_selector_from_typesIaslLl8388608EEELNS1_4topk6selectE0EN4cuda3__417constant_iteratorIPKalEENSA_IPalEENSA_INS9_17counting_iteratorIjlLi0ELi0ELi0EEElEENS9_18transform_iteratorINS2_26per_segment_indexed_out_opINSA_IPKslEENSA_IPslEEEENSG_IlnLi0ELi0ELi0EEEEENS1_6params13uniform_paramIlLl0ELl268435456EEENSU_IlLl1ELl8388608EEENSU_IlLl1ELl1EEEPljPyNS1_21identity_decomposer_tEjjaEEvT1_T2_T3_T4_T5_T6_T7_T8_PKT9_PNS6_7counterIT14_T12_T13_EEPS1E_PS1D_PNS8_3std3__415iterator_traitsINS1M_IS13_vE10value_typeEvE10value_typeES1J_S1R_T10_S1E_S1E_iiT11_b' for 'sm_100'
ptxas info    : Function properties for _ZN3cub17_V_300500_SM_10006detail12batched_topk44device_segmented_topk_finalize_filter_kernelINS2_26policy_selector_from_typesIaslLl8388608EEELNS1_4topk6selectE0EN4cuda3__417constant_iteratorIPKalEENSA_IPalEENSA_INS9_17counting_iteratorIjlLi0ELi0ELi0EEElEENS9_18transform_iteratorINS2_26per_segment_indexed_out_opINSA_IPKslEENSA_IPslEEEENSG_IlnLi0ELi0ELi0EEEEENS1_6params13uniform_paramIlLl0ELl268435456EEENSU_IlLl1ELl8388608EEENSU_IlLl1ELl1EEEPljPyNS1_21identity_decomposer_tEjjaEEvT1_T2_T3_T4_T5_T6_T7_T8_PKT9_PNS6_7counterIT14_T12_T13_EEPS1E_PS1D_PNS8_3std3__415iterator_traitsINS1M_IS13_vE10value_typeEvE10value_typeES1J_S1R_T10_S1E_S1E_iiT11_b
    0 bytes stack frame, 0 bytes spill stores, 0 bytes spill loads
ptxas info    : Used 120 registers, used 1 barriers, 2048 bytes smem
ptxas info    : Compile time = 78.694 ms
ptxas info    : Compiling entry function '_ZN3cub17_V_300500_SM_10006detail12batched_topk40device_segmented_topk_last_filter_kernelINS2_26policy_selector_from_typesIaslLl8388608EEELNS1_4topk6selectE0EN4cuda3__417constant_iteratorIPKalEENSA_IPalEENSA_INS9_17counting_iteratorIjlLi0ELi0ELi0EEElEENS9_18transform_iteratorINS2_26per_segment_indexed_out_opINSA_IPKslEENSA_IPslEEEENSG_IlnLi0ELi0ELi0EEEEENS1_6params13uniform_paramIlLl0ELl268435456EEENSU_IlLl1ELl8388608EEENSU_IlLl1ELl1EEEPljPyNS1_21identity_decomposer_tEjjEEvT1_T2_T3_T4_T5_T6_T7_T8_PKT9_PNS6_7counterINS8_3std3__415iterator_traitsINS1F_IS11_vE10value_typeEvE10value_typeET12_T13_EEPS1J_PNS1F_INS1F_IS13_vE10value_typeEvE10value_typeES1K_T10_iiT11_' for 'sm_100'
ptxas info    : Function properties for _ZN3cub17_V_300500_SM_10006detail12batched_topk40device_segmented_topk_last_filter_kernelINS2_26policy_selector_from_typesIaslLl8388608EEELNS1_4topk6selectE0EN4cuda3__417constant_iteratorIPKalEENSA_IPalEENSA_INS9_17counting_iteratorIjlLi0ELi0ELi0EEElEENS9_18transform_iteratorINS2_26per_segment_indexed_out_opINSA_IPKslEENSA_IPslEEEENSG_IlnLi0ELi0ELi0EEEEENS1_6params13uniform_paramIlLl0ELl268435456EEENSU_IlLl1ELl8388608EEENSU_IlLl1ELl1EEEPljPyNS1_21identity_decomposer_tEjjEEvT1_T2_T3_T4_T5_T6_T7_T8_PKT9_PNS6_7counterINS8_3std3__415iterator_traitsINS1F_IS11_vE10value_typeEvE10value_typeET12_T13_EEPS1J_PNS1F_INS1F_IS13_vE10value_typeEvE10value_typeES1K_T10_iiT11_
    0 bytes stack frame, 0 bytes spill stores, 0 bytes spill loads
ptxas info    : Used 64 registers, used 1 barriers
ptxas info    : Compile time = 892.078 ms
ptxas info    : Compiling entry function '_ZN3cub17_V_300500_SM_10006detail12batched_topk35device_segmented_topk_filter_kernelINS2_26policy_selector_from_typesIaslLl8388608EEELNS1_4topk6selectE0EN4cuda3__417constant_iteratorIPKalEENSA_IPalEENSA_INS9_17counting_iteratorIjlLi0ELi0ELi0EEElEENS9_18transform_iteratorINS2_26per_segment_indexed_out_opINSA_IPKslEENSA_IPslEEEENSG_IlnLi0ELi0ELi0EEEEENS1_6params13uniform_paramIlLl0ELl268435456EEENSU_IlLl1ELl8388608EEENSU_IlLl1ELl1EEEPljPyNS1_21identity_decomposer_tEjjLi7EEEvT1_T2_T3_T4_T5_T6_T7_T8_PKT9_PNS6_7counterINS8_3std3__415iterator_traitsINS1F_IS11_vE10value_typeEvE10value_typeET12_T13_EEPS1K_PS1J_PNS1F_INS1F_IS13_vE10value_typeEvE10value_typeES1P_S1U_S1K_S1K_T10_iibT11_' for 'sm_100'
ptxas info    : Function properties for _ZN3cub17_V_300500_SM_10006detail12batched_topk35device_segmented_topk_filter_kernelINS2_26policy_selector_from_typesIaslLl8388608EEELNS1_4topk6selectE0EN4cuda3__417constant_iteratorIPKalEENSA_IPalEENSA_INS9_17counting_iteratorIjlLi0ELi0ELi0EEElEENS9_18transform_iteratorINS2_26per_segment_indexed_out_opINSA_IPKslEENSA_IPslEEEENSG_IlnLi0ELi0ELi0EEEEENS1_6params13uniform_paramIlLl0ELl268435456EEENSU_IlLl1ELl8388608EEENSU_IlLl1ELl1EEEPljPyNS1_21identity_decomposer_tEjjLi7EEEvT1_T2_T3_T4_T5_T6_T7_T8_PKT9_PNS6_7counterINS8_3std3__415iterator_traitsINS1F_IS11_vE10value_typeEvE10value_typeET12_T13_EEPS1K_PS1J_PNS1F_INS1F_IS13_vE10value_typeEvE10value_typeES1P_S1U_S1K_S1K_T10_iibT11_
    24 bytes stack frame, 28 bytes spill stores, 20 bytes spill loads
ptxas info    : Used 40 registers, used 1 barriers, 24 bytes cumulative stack size, 1028 bytes smem
ptxas info    : Compile time = 71.902 ms
ptxas info    : Compiling entry function '_ZN3cub17_V_300500_SM_10006detail12batched_topk35device_segmented_topk_filter_kernelINS2_26policy_selector_from_typesIaslLl8388608EEELNS1_4topk6selectE0EN4cuda3__417constant_iteratorIPKalEENSA_IPalEENSA_INS9_17counting_iteratorIjlLi0ELi0ELi0EEElEENS9_18transform_iteratorINS2_26per_segment_indexed_out_opINSA_IPKslEENSA_IPslEEEENSG_IlnLi0ELi0ELi0EEEEENS1_6params13uniform_paramIlLl0ELl268435456EEENSU_IlLl1ELl8388608EEENSU_IlLl1ELl1EEEPljPyNS1_21identity_decomposer_tEjjLi6EEEvT1_T2_T3_T4_T5_T6_T7_T8_PKT9_PNS6_7counterINS8_3std3__415iterator_traitsINS1F_IS11_vE10value_typeEvE10value_typeET12_T13_EEPS1K_PS1J_PNS1F_INS1F_IS13_vE10value_typeEvE10value_typeES1P_S1U_S1K_S1K_T10_iibT11_' for 'sm_100'
ptxas info    : Function properties for _ZN3cub17_V_300500_SM_10006detail12batched_topk35device_segmented_topk_filter_kernelINS2_26policy_selector_from_typesIaslLl8388608EEELNS1_4topk6selectE0EN4cuda3__417constant_iteratorIPKalEENSA_IPalEENSA_INS9_17counting_iteratorIjlLi0ELi0ELi0EEElEENS9_18transform_iteratorINS2_26per_segment_indexed_out_opINSA_IPKslEENSA_IPslEEEENSG_IlnLi0ELi0ELi0EEEEENS1_6params13uniform_paramIlLl0ELl268435456EEENSU_IlLl1ELl8388608EEENSU_IlLl1ELl1EEEPljPyNS1_21identity_decomposer_tEjjLi6EEEvT1_T2_T3_T4_T5_T6_T7_T8_PKT9_PNS6_7counterINS8_3std3__415iterator_traitsINS1F_IS11_vE10value_typeEvE10value_typeET12_T13_EEPS1K_PS1J_PNS1F_INS1F_IS13_vE10value_typeEvE10value_typeES1P_S1U_S1K_S1K_T10_iibT11_
    24 bytes stack frame, 28 bytes spill stores, 20 bytes spill loads
ptxas info    : Used 40 registers, used 1 barriers, 24 bytes cumulative stack size, 1028 bytes smem
ptxas info    : Compile time = 71.825 ms
ptxas info    : Compiling entry function '_ZN3cub17_V_300500_SM_10006detail12batched_topk35device_segmented_topk_filter_kernelINS2_26policy_selector_from_typesIaslLl8388608EEELNS1_4topk6selectE0EN4cuda3__417constant_iteratorIPKalEENSA_IPalEENSA_INS9_17counting_iteratorIjlLi0ELi0ELi0EEElEENS9_18transform_iteratorINS2_26per_segment_indexed_out_opINSA_IPKslEENSA_IPslEEEENSG_IlnLi0ELi0ELi0EEEEENS1_6params13uniform_paramIlLl0ELl268435456EEENSU_IlLl1ELl8388608EEENSU_IlLl1ELl1EEEPljPyNS1_21identity_decomposer_tEjjLi5EEEvT1_T2_T3_T4_T5_T6_T7_T8_PKT9_PNS6_7counterINS8_3std3__415iterator_traitsINS1F_IS11_vE10value_typeEvE10value_typeET12_T13_EEPS1K_PS1J_PNS1F_INS1F_IS13_vE10value_typeEvE10value_typeES1P_S1U_S1K_S1K_T10_iibT11_' for 'sm_100'
ptxas info    : Function properties for _ZN3cub17_V_300500_SM_10006detail12batched_topk35device_segmented_topk_filter_kernelINS2_26policy_selector_from_typesIaslLl8388608EEELNS1_4topk6selectE0EN4cuda3__417constant_iteratorIPKalEENSA_IPalEENSA_INS9_17counting_iteratorIjlLi0ELi0ELi0EEElEENS9_18transform_iteratorINS2_26per_segment_indexed_out_opINSA_IPKslEENSA_IPslEEEENSG_IlnLi0ELi0ELi0EEEEENS1_6params13uniform_paramIlLl0ELl268435456EEENSU_IlLl1ELl8388608EEENSU_IlLl1ELl1EEEPljPyNS1_21identity_decomposer_tEjjLi5EEEvT1_T2_T3_T4_T5_T6_T7_T8_PKT9_PNS6_7counterINS8_3std3__415iterator_traitsINS1F_IS11_vE10value_typeEvE10value_typeET12_T13_EEPS1K_PS1J_PNS1F_INS1F_IS13_vE10value_typeEvE10value_typeES1P_S1U_S1K_S1K_T10_iibT11_
    24 bytes stack frame, 28 bytes spill stores, 20 bytes spill loads
ptxas info    : Used 40 registers, used 1 barriers, 24 bytes cumulative stack size, 1028 bytes smem
ptxas info    : Compile time = 72.013 ms
ptxas info    : Compiling entry function '_ZN3cub17_V_300500_SM_10006detail12batched_topk35device_segmented_topk_filter_kernelINS2_26policy_selector_from_typesIaslLl8388608EEELNS1_4topk6selectE0EN4cuda3__417constant_iteratorIPKalEENSA_IPalEENSA_INS9_17counting_iteratorIjlLi0ELi0ELi0EEElEENS9_18transform_iteratorINS2_26per_segment_indexed_out_opINSA_IPKslEENSA_IPslEEEENSG_IlnLi0ELi0ELi0EEEEENS1_6params13uniform_paramIlLl0ELl268435456EEENSU_IlLl1ELl8388608EEENSU_IlLl1ELl1EEEPljPyNS1_21identity_decomposer_tEjjLi4EEEvT1_T2_T3_T4_T5_T6_T7_T8_PKT9_PNS6_7counterINS8_3std3__415iterator_traitsINS1F_IS11_vE10value_typeEvE10value_typeET12_T13_EEPS1K_PS1J_PNS1F_INS1F_IS13_vE10value_typeEvE10value_typeES1P_S1U_S1K_S1K_T10_iibT11_' for 'sm_100'
ptxas info    : Function properties for _ZN3cub17_V_300500_SM_10006detail12batched_topk35device_segmented_topk_filter_kernelINS2_26policy_selector_from_typesIaslLl8388608EEELNS1_4topk6selectE0EN4cuda3__417constant_iteratorIPKalEENSA_IPalEENSA_INS9_17counting_iteratorIjlLi0ELi0ELi0EEElEENS9_18transform_iteratorINS2_26per_segment_indexed_out_opINSA_IPKslEENSA_IPslEEEENSG_IlnLi0ELi0ELi0EEEEENS1_6params13uniform_paramIlLl0ELl268435456EEENSU_IlLl1ELl8388608EEENSU_IlLl1ELl1EEEPljPyNS1_21identity_decomposer_tEjjLi4EEEvT1_T2_T3_T4_T5_T6_T7_T8_PKT9_PNS6_7counterINS8_3std3__415iterator_traitsINS1F_IS11_vE10value_typeEvE10value_typeET12_T13_EEPS1K_PS1J_PNS1F_INS1F_IS13_vE10value_typeEvE10value_typeES1P_S1U_S1K_S1K_T10_iibT11_
    24 bytes stack frame, 28 bytes spill stores, 20 bytes spill loads
ptxas info    : Used 40 registers, used 1 barriers, 24 bytes cumulative stack size, 1028 bytes smem
ptxas info    : Compile time = 71.970 ms
ptxas info    : Compiling entry function '_ZN3cub17_V_300500_SM_10006detail12batched_topk35device_segmented_topk_filter_kernelINS2_26policy_selector_from_typesIaslLl8388608EEELNS1_4topk6selectE0EN4cuda3__417constant_iteratorIPKalEENSA_IPalEENSA_INS9_17counting_iteratorIjlLi0ELi0ELi0EEElEENS9_18transform_iteratorINS2_26per_segment_indexed_out_opINSA_IPKslEENSA_IPslEEEENSG_IlnLi0ELi0ELi0EEEEENS1_6params13uniform_paramIlLl0ELl268435456EEENSU_IlLl1ELl8388608EEENSU_IlLl1ELl1EEEPljPyNS1_21identity_decomposer_tEjjLi3EEEvT1_T2_T3_T4_T5_T6_T7_T8_PKT9_PNS6_7counterINS8_3std3__415iterator_traitsINS1F_IS11_vE10value_typeEvE10value_typeET12_T13_EEPS1K_PS1J_PNS1F_INS1F_IS13_vE10value_typeEvE10value_typeES1P_S1U_S1K_S1K_T10_iibT11_' for 'sm_100'
ptxas info    : Function properties for _ZN3cub17_V_300500_SM_10006detail12batched_topk35device_segmented_topk_filter_kernelINS2_26policy_selector_from_typesIaslLl8388608EEELNS1_4topk6selectE0EN4cuda3__417constant_iteratorIPKalEENSA_IPalEENSA_INS9_17counting_iteratorIjlLi0ELi0ELi0EEElEENS9_18transform_iteratorINS2_26per_segment_indexed_out_opINSA_IPKslEENSA_IPslEEEENSG_IlnLi0ELi0ELi0EEEEENS1_6params13uniform_paramIlLl0ELl268435456EEENSU_IlLl1ELl8388608EEENSU_IlLl1ELl1EEEPljPyNS1_21identity_decomposer_tEjjLi3EEEvT1_T2_T3_T4_T5_T6_T7_T8_PKT9_PNS6_7counterINS8_3std3__415iterator_traitsINS1F_IS11_vE10value_typeEvE10value_typeET12_T13_EEPS1K_PS1J_PNS1F_INS1F_IS13_vE10value_typeEvE10value_typeES1P_S1U_S1K_S1K_T10_iibT11_
    24 bytes stack frame, 28 bytes spill stores, 20 bytes spill loads
ptxas info    : Used 40 registers, used 1 barriers, 24 bytes cumulative stack size, 1028 bytes smem
ptxas info    : Compile time = 71.971 ms
ptxas info    : Compiling entry function '_ZN3cub17_V_300500_SM_10006detail12batched_topk35device_segmented_topk_filter_kernelINS2_26policy_selector_from_typesIaslLl8388608EEELNS1_4topk6selectE0EN4cuda3__417constant_iteratorIPKalEENSA_IPalEENSA_INS9_17counting_iteratorIjlLi0ELi0ELi0EEElEENS9_18transform_iteratorINS2_26per_segment_indexed_out_opINSA_IPKslEENSA_IPslEEEENSG_IlnLi0ELi0ELi0EEEEENS1_6params13uniform_paramIlLl0ELl268435456EEENSU_IlLl1ELl8388608EEENSU_IlLl1ELl1EEEPljPyNS1_21identity_decomposer_tEjjLi2EEEvT1_T2_T3_T4_T5_T6_T7_T8_PKT9_PNS6_7counterINS8_3std3__415iterator_traitsINS1F_IS11_vE10value_typeEvE10value_typeET12_T13_EEPS1K_PS1J_PNS1F_INS1F_IS13_vE10value_typeEvE10value_typeES1P_S1U_S1K_S1K_T10_iibT11_' for 'sm_100'
ptxas info    : Function properties for _ZN3cub17_V_300500_SM_10006detail12batched_topk35device_segmented_topk_filter_kernelINS2_26policy_selector_from_typesIaslLl8388608EEELNS1_4topk6selectE0EN4cuda3__417constant_iteratorIPKalEENSA_IPalEENSA_INS9_17counting_iteratorIjlLi0ELi0ELi0EEElEENS9_18transform_iteratorINS2_26per_segment_indexed_out_opINSA_IPKslEENSA_IPslEEEENSG_IlnLi0ELi0ELi0EEEEENS1_6params13uniform_paramIlLl0ELl268435456EEENSU_IlLl1ELl8388608EEENSU_IlLl1ELl1EEEPljPyNS1_21identity_decomposer_tEjjLi2EEEvT1_T2_T3_T4_T5_T6_T7_T8_PKT9_PNS6_7counterINS8_3std3__415iterator_traitsINS1F_IS11_vE10value_typeEvE10value_typeET12_T13_EEPS1K_PS1J_PNS1F_INS1F_IS13_vE10value_typeEvE10value_typeES1P_S1U_S1K_S1K_T10_iibT11_
    24 bytes stack frame, 28 bytes spill stores, 20 bytes spill loads
ptxas info    : Used 40 registers, used 1 barriers, 24 bytes cumulative stack size, 1028 bytes smem
ptxas info    : Compile time = 72.249 ms
ptxas info    : Compiling entry function '_ZN3cub17_V_300500_SM_10006detail12batched_topk35device_segmented_topk_filter_kernelINS2_26policy_selector_from_typesIaslLl8388608EEELNS1_4topk6selectE0EN4cuda3__417constant_iteratorIPKalEENSA_IPalEENSA_INS9_17counting_iteratorIjlLi0ELi0ELi0EEElEENS9_18transform_iteratorINS2_26per_segment_indexed_out_opINSA_IPKslEENSA_IPslEEEENSG_IlnLi0ELi0ELi0EEEEENS1_6params13uniform_paramIlLl0ELl268435456EEENSU_IlLl1ELl8388608EEENSU_IlLl1ELl1EEEPljPyNS1_21identity_decomposer_tEjjLi0EEEvT1_T2_T3_T4_T5_T6_T7_T8_PKT9_PNS6_7counterINS8_3std3__415iterator_traitsINS1F_IS11_vE10value_typeEvE10value_typeET12_T13_EEPS1K_PS1J_PNS1F_INS1F_IS13_vE10value_typeEvE10value_typeES1P_S1U_S1K_S1K_T10_iibT11_' for 'sm_100'
ptxas info    : Function properties for _ZN3cub17_V_300500_SM_10006detail12batched_topk35device_segmented_topk_filter_kernelINS2_26policy_selector_from_typesIaslLl8388608EEELNS1_4topk6selectE0EN4cuda3__417constant_iteratorIPKalEENSA_IPalEENSA_INS9_17counting_iteratorIjlLi0ELi0ELi0EEElEENS9_18transform_iteratorINS2_26per_segment_indexed_out_opINSA_IPKslEENSA_IPslEEEENSG_IlnLi0ELi0ELi0EEEEENS1_6params13uniform_paramIlLl0ELl268435456EEENSU_IlLl1ELl8388608EEENSU_IlLl1ELl1EEEPljPyNS1_21identity_decomposer_tEjjLi0EEEvT1_T2_T3_T4_T5_T6_T7_T8_PKT9_PNS6_7counterINS8_3std3__415iterator_traitsINS1F_IS11_vE10value_typeEvE10value_typeET12_T13_EEPS1K_PS1J_PNS1F_INS1F_IS13_vE10value_typeEvE10value_typeES1P_S1U_S1K_S1K_T10_iibT11_
    0 bytes stack frame, 0 bytes spill stores, 0 bytes spill loads
ptxas info    : Used 64 registers, used 1 barriers, 1028 bytes smem
ptxas info    : Compile time = 59.861 ms
ptxas info    : Compiling entry function '_ZN3cub17_V_300500_SM_10006detail12batched_topk35device_segmented_topk_filter_kernelINS2_26policy_selector_from_typesIaslLl8388608EEELNS1_4topk6selectE0EN4cuda3__417constant_iteratorIPKalEENSA_IPalEENSA_INS9_17counting_iteratorIjlLi0ELi0ELi0EEElEENS9_18transform_iteratorINS2_26per_segment_indexed_out_opINSA_IPKslEENSA_IPslEEEENSG_IlnLi0ELi0ELi0EEEEENS1_6params13uniform_paramIlLl0ELl268435456EEENSU_IlLl1ELl8388608EEENSU_IlLl1ELl1EEEPljPyNS1_21identity_decomposer_tEjjLi1EEEvT1_T2_T3_T4_T5_T6_T7_T8_PKT9_PNS6_7counterINS8_3std3__415iterator_traitsINS1F_IS11_vE10value_typeEvE10value_typeET12_T13_EEPS1K_PS1J_PNS1F_INS1F_IS13_vE10value_typeEvE10value_typeES1P_S1U_S1K_S1K_T10_iibT11_' for 'sm_100'
ptxas info    : Function properties for _ZN3cub17_V_300500_SM_10006detail12batched_topk35device_segmented_topk_filter_kernelINS2_26policy_selector_from_typesIaslLl8388608EEELNS1_4topk6selectE0EN4cuda3__417constant_iteratorIPKalEENSA_IPalEENSA_INS9_17counting_iteratorIjlLi0ELi0ELi0EEElEENS9_18transform_iteratorINS2_26per_segment_indexed_out_opINSA_IPKslEENSA_IPslEEEENSG_IlnLi0ELi0ELi0EEEEENS1_6params13uniform_paramIlLl0ELl268435456EEENSU_IlLl1ELl8388608EEENSU_IlLl1ELl1EEEPljPyNS1_21identity_decomposer_tEjjLi1EEEvT1_T2_T3_T4_T5_T6_T7_T8_PKT9_PNS6_7counterINS8_3std3__415iterator_traitsINS1F_IS11_vE10value_typeEvE10value_typeET12_T13_EEPS1K_PS1J_PNS1F_INS1F_IS13_vE10value_typeEvE10value_typeES1P_S1U_S1K_S1K_T10_iibT11_
    24 bytes stack frame, 28 bytes spill stores, 20 bytes spill loads
ptxas info    : Used 40 registers, used 1 barriers, 24 bytes cumulative stack size, 1028 bytes smem
ptxas info    : Compile time = 71.779 ms
ptxas info    : Compiling entry function '_ZN3cub17_V_300500_SM_10006detail12batched_topk47device_segmented_topk_finalize_histogram_kernelINS2_26policy_selector_from_typesIaslLl8388608EEEN4cuda3__417constant_iteratorIPKalEENS1_6params13uniform_paramIlLl0ELl268435456EEENSD_IlLl1ELl8388608EEENSD_IlLl1ELl1EEEPlPyNS1_4topk16extract_bin_op_tIaLNSJ_6selectE0ELi8ENS1_21identity_decomposer_tELb1EEEjjaEEvT0_T1_T2_T3_T4_PNSJ_7counterIT9_T7_T8_EEPSV_T5_T6_ib' for 'sm_100'
ptxas info    : Function properties for _ZN3cub17_V_300500_SM_10006detail12batched_topk47device_segmented_topk_finalize_histogram_kernelINS2_26policy_selector_from_typesIaslLl8388608EEEN4cuda3__417constant_iteratorIPKalEENS1_6params13uniform_paramIlLl0ELl268435456EEENSD_IlLl1ELl8388608EEENSD_IlLl1ELl1EEEPlPyNS1_4topk16extract_bin_op_tIaLNSJ_6selectE0ELi8ENS1_21identity_decomposer_tELb1EEEjjaEEvT0_T1_T2_T3_T4_PNSJ_7counterIT9_T7_T8_EEPSV_T5_T6_ib
    0 bytes stack frame, 0 bytes spill stores, 0 bytes spill loads
ptxas info    : Used 32 registers, used 1 barriers, 2048 bytes smem
ptxas info    : Compile time = 11.137 ms
ptxas info    : Compiling entry function '_ZN3cub17_V_300500_SM_10006detail12batched_topk38device_segmented_topk_histogram_kernelINS2_26policy_selector_from_typesIaslLl8388608EEEN4cuda3__417constant_iteratorIPKalEENS1_6params13uniform_paramIlLl0ELl268435456EEENSD_IlLl1ELl8388608EEENSD_IlLl1ELl1EEEPljPyNS1_4topk16extract_bin_op_tIaLNSJ_6selectE0ELi8ENS1_21identity_decomposer_tELb1EEEjjjEEvT0_T1_T2_T3_T4_PKT5_PNSJ_7counterINS6_3std3__415iterator_traitsINSZ_ISO_vE10value_typeEvE10value_typeET8_T9_EEPS14_T6_T7_' for 'sm_100'
ptxas info    : Function properties for _ZN3cub17_V_300500_SM_10006detail12batched_topk38device_segmented_topk_histogram_kernelINS2_26policy_selector_from_typesIaslLl8388608EEEN4cuda3__417constant_iteratorIPKalEENS1_6params13uniform_paramIlLl0ELl268435456EEENSD_IlLl1ELl8388608EEENSD_IlLl1ELl1EEEPljPyNS1_4topk16extract_bin_op_tIaLNSJ_6selectE0ELi8ENS1_21identity_decomposer_tELb1EEEjjjEEvT0_T1_T2_T3_T4_PKT5_PNSJ_7counterINS6_3std3__415iterator_traitsINSZ_ISO_vE10value_typeEvE10value_typeET8_T9_EEPS14_T6_T7_
    0 bytes stack frame, 0 bytes spill stores, 0 bytes spill loads
ptxas info    : Used 26 registers, used 1 barriers, 1072 bytes smem
ptxas info    : Compile time = 66.791 ms
ptxas info    : Compiling entry function '_ZN3cub17_V_300500_SM_10006detail12batched_topk28device_segmented_topk_kernelINS2_26policy_selector_from_typesIaslLl8388608EEEN4cuda3__417constant_iteratorIPKalEENS8_IPalEENS8_IPKslEENS8_IPslEENS1_6params13uniform_paramIlLl0ELl268435456EEENSK_IlLl1ELl8388608EEENSJ_22uniform_discrete_paramINS1_4topk6selectEJLSP_1EEEENSK_IlLl1ELl1EEEjEEvT0_T1_T2_T3_T4_T5_T6_T7_PNS2_21batched_topk_countersINSZ_10value_typeEEEPS11_PT8_' for 'sm_100'
ptxas info    : Function properties for _ZN3cub17_V_300500_SM_10006detail12batched_topk28device_segmented_topk_kernelINS2_26policy_selector_from_typesIaslLl8388608EEEN4cuda3__417constant_iteratorIPKalEENS8_IPalEENS8_IPKslEENS8_IPslEENS1_6params13uniform_paramIlLl0ELl268435456EEENSK_IlLl1ELl8388608EEENSJ_22uniform_discrete_paramINS1_4topk6selectEJLSP_1EEEENSK_IlLl1ELl1EEEjEEvT0_T1_T2_T3_T4_T5_T6_T7_PNS2_21batched_topk_countersINSZ_10value_typeEEEPS11_PT8_
    672 bytes stack frame, 732 bytes spill stores, 732 bytes spill loads
ptxas info    : Used 255 registers, used 1 barriers, 672 bytes cumulative stack size, 33808 bytes smem
ptxas info    : Compile time = 439.629 ms
ptxas info    : Compiling entry function '_ZN3cub17_V_300500_SM_10006detail12batched_topk44device_segmented_topk_finalize_filter_kernelINS2_26policy_selector_from_typesIaalLl8388608EEELNS1_4topk6selectE1EN4cuda3__417constant_iteratorIPKalEENSA_IPalEENSA_INS9_17counting_iteratorIjlLi0ELi0ELi0EEElEENS9_18transform_iteratorINS2_26per_segment_indexed_out_opISD_SF_EENSG_IlnLi0ELi0ELi0EEEEENS1_6params13uniform_paramIlLl0ELl268435456EEENSP_IlLl1ELl8388608EEENSP_IlLl1ELl1EEEPljPyNS1_21identity_decomposer_tEjjaEEvT1_T2_T3_T4_T5_T6_T7_T8_PKT9_PNS6_7counterIT14_T12_T13_EEPS19_PS18_PNS8_3std3__415iterator_traitsINS1H_ISY_vE10value_typeEvE10value_typeES1E_S1M_T10_S19_S19_iiT11_b' for 'sm_100'
ptxas info    : Function properties for _ZN3cub17_V_300500_SM_10006detail12batched_topk44device_segmented_topk_finalize_filter_kernelINS2_26policy_selector_from_typesIaalLl8388608EEELNS1_4topk6selectE1EN4cuda3__417constant_iteratorIPKalEENSA_IPalEENSA_INS9_17counting_iteratorIjlLi0ELi0ELi0EEElEENS9_18transform_iteratorINS2_26per_segment_indexed_out_opISD_SF_EENSG_IlnLi0ELi0ELi0EEEEENS1_6params13uniform_paramIlLl0ELl268435456EEENSP_IlLl1ELl8388608EEENSP_IlLl1ELl1EEEPljPyNS1_21identity_decomposer_tEjjaEEvT1_T2_T3_T4_T5_T6_T7_T8_PKT9_PNS6_7counterIT14_T12_T13_EEPS19_PS18_PNS8_3std3__415iterator_traitsINS1H_ISY_vE10value_typeEvE10value_typeES1E_S1M_T10_S19_S19_iiT11_b
    0 bytes stack frame, 0 bytes spill stores, 0 bytes spill loads
ptxas info    : Used 116 registers, used 1 barriers, 2048 bytes smem
ptxas info    : Compile time = 75.714 ms
ptxas info    : Compiling entry function '_ZN3cub17_V_300500_SM_10006detail12batched_topk40device_segmented_topk_last_filter_kernelINS2_26policy_selector_from_typesIaalLl8388608EEELNS1_4topk6selectE1EN4cuda3__417constant_iteratorIPKalEENSA_IPalEENSA_INS9_17counting_iteratorIjlLi0ELi0ELi0EEElEENS9_18transform_iteratorINS2_26per_segment_indexed_out_opISD_SF_EENSG_IlnLi0ELi0ELi0EEEEENS1_6params13uniform_paramIlLl0ELl268435456EEENSP_IlLl1ELl8388608EEENSP_IlLl1ELl1EEEPljPyNS1_21identity_decomposer_tEjjEEvT1_T2_T3_T4_T5_T6_T7_T8_PKT9_PNS6_7counterINS8_3std3__415iterator_traitsINS1A_ISW_vE10value_typeEvE10value_typeET12_T13_EEPS1E_PNS1A_INS1A_ISY_vE10value_typeEvE10value_typeES1F_T10_iiT11_' for 'sm_100'
ptxas info    : Function properties for _ZN3cub17_V_300500_SM_10006detail12batched_topk40device_segmented_topk_last_filter_kernelINS2_26policy_selector_from_typesIaalLl8388608EEELNS1_4topk6selectE1EN4cuda3__417constant_iteratorIPKalEENSA_IPalEENSA_INS9_17counting_iteratorIjlLi0ELi0ELi0EEElEENS9_18transform_iteratorINS2_26per_segment_indexed_out_opISD_SF_EENSG_IlnLi0ELi0ELi0EEEEENS1_6params13uniform_paramIlLl0ELl268435456EEENSP_IlLl1ELl8388608EEENSP_IlLl1ELl1EEEPljPyNS1_21identity_decomposer_tEjjEEvT1_T2_T3_T4_T5_T6_T7_T8_PKT9_PNS6_7counterINS8_3std3__415iterator_traitsINS1A_ISW_vE10value_typeEvE10value_typeET12_T13_EEPS1E_PNS1A_INS1A_ISY_vE10value_typeEvE10value_typeES1F_T10_iiT11_
    0 bytes stack frame, 0 bytes spill stores, 0 bytes spill loads
ptxas info    : Used 64 registers, used 1 barriers
ptxas info    : Compile time = 919.832 ms
ptxas info    : Compiling entry function '_ZN3cub17_V_300500_SM_10006detail12batched_topk35device_segmented_topk_filter_kernelINS2_26policy_selector_from_typesIaalLl8388608EEELNS1_4topk6selectE1EN4cuda3__417constant_iteratorIPKalEENSA_IPalEENSA_INS9_17counting_iteratorIjlLi0ELi0ELi0EEElEENS9_18transform_iteratorINS2_26per_segment_indexed_out_opISD_SF_EENSG_IlnLi0ELi0ELi0EEEEENS1_6params13uniform_paramIlLl0ELl268435456EEENSP_IlLl1ELl8388608EEENSP_IlLl1ELl1EEEPljPyNS1_21identity_decomposer_tEjjLi7EEEvT1_T2_T3_T4_T5_T6_T7_T8_PKT9_PNS6_7counterINS8_3std3__415iterator_traitsINS1A_ISW_vE10value_typeEvE10value_typeET12_T13_EEPS1F_PS1E_PNS1A_INS1A_ISY_vE10value_typeEvE10value_typeES1K_S1P_S1F_S1F_T10_iibT11_' for 'sm_100'
ptxas info    : Function properties for _ZN3cub17_V_300500_SM_10006detail12batched_topk35device_segmented_topk_filter_kernelINS2_26policy_selector_from_typesIaalLl8388608EEELNS1_4topk6selectE1EN4cuda3__417constant_iteratorIPKalEENSA_IPalEENSA_INS9_17counting_iteratorIjlLi0ELi0ELi0EEElEENS9_18transform_iteratorINS2_26per_segment_indexed_out_opISD_SF_EENSG_IlnLi0ELi0ELi0EEEEENS1_6params13uniform_paramIlLl0ELl268435456EEENSP_IlLl1ELl8388608EEENSP_IlLl1ELl1EEEPljPyNS1_21identity_decomposer_tEjjLi7EEEvT1_T2_T3_T4_T5_T6_T7_T8_PKT9_PNS6_7counterINS8_3std3__415iterator_traitsINS1A_ISW_vE10value_typeEvE10value_typeET12_T13_EEPS1F_PS1E_PNS1A_INS1A_ISY_vE10value_typeEvE10value_typeES1K_S1P_S1F_S1F_T10_iibT11_
    24 bytes stack frame, 28 bytes spill stores, 20 bytes spill loads
ptxas info    : Used 40 registers, used 1 barriers, 24 bytes cumulative stack size, 1028 bytes smem
ptxas info    : Compile time = 74.048 ms
ptxas info    : Compiling entry function '_ZN3cub17_V_300500_SM_10006detail12batched_topk35device_segmented_topk_filter_kernelINS2_26policy_selector_from_typesIaalLl8388608EEELNS1_4topk6selectE1EN4cuda3__417constant_iteratorIPKalEENSA_IPalEENSA_INS9_17counting_iteratorIjlLi0ELi0ELi0EEElEENS9_18transform_iteratorINS2_26per_segment_indexed_out_opISD_SF_EENSG_IlnLi0ELi0ELi0EEEEENS1_6params13uniform_paramIlLl0ELl268435456EEENSP_IlLl1ELl8388608EEENSP_IlLl1ELl1EEEPljPyNS1_21identity_decomposer_tEjjLi6EEEvT1_T2_T3_T4_T5_T6_T7_T8_PKT9_PNS6_7counterINS8_3std3__415iterator_traitsINS1A_ISW_vE10value_typeEvE10value_typeET12_T13_EEPS1F_PS1E_PNS1A_INS1A_ISY_vE10value_typeEvE10value_typeES1K_S1P_S1F_S1F_T10_iibT11_' for 'sm_100'
ptxas info    : Function properties for _ZN3cub17_V_300500_SM_10006detail12batched_topk35device_segmented_topk_filter_kernelINS2_26policy_selector_from_typesIaalLl8388608EEELNS1_4topk6selectE1EN4cuda3__417constant_iteratorIPKalEENSA_IPalEENSA_INS9_17counting_iteratorIjlLi0ELi0ELi0EEElEENS9_18transform_iteratorINS2_26per_segment_indexed_out_opISD_SF_EENSG_IlnLi0ELi0ELi0EEEEENS1_6params13uniform_paramIlLl0ELl268435456EEENSP_IlLl1ELl8388608EEENSP_IlLl1ELl1EEEPljPyNS1_21identity_decomposer_tEjjLi6EEEvT1_T2_T3_T4_T5_T6_T7_T8_PKT9_PNS6_7counterINS8_3std3__415iterator_traitsINS1A_ISW_vE10value_typeEvE10value_typeET12_T13_EEPS1F_PS1E_PNS1A_INS1A_ISY_vE10value_typeEvE10value_typeES1K_S1P_S1F_S1F_T10_iibT11_
    24 bytes stack frame, 28 bytes spill stores, 20 bytes spill loads
ptxas info    : Used 40 registers, used 1 barriers, 24 bytes cumulative stack size, 1028 bytes smem
ptxas info    : Compile time = 74.105 ms
ptxas info    : Compiling entry function '_ZN3cub17_V_300500_SM_10006detail12batched_topk35device_segmented_topk_filter_kernelINS2_26policy_selector_from_typesIaalLl8388608EEELNS1_4topk6selectE1EN4cuda3__417constant_iteratorIPKalEENSA_IPalEENSA_INS9_17counting_iteratorIjlLi0ELi0ELi0EEElEENS9_18transform_iteratorINS2_26per_segment_indexed_out_opISD_SF_EENSG_IlnLi0ELi0ELi0EEEEENS1_6params13uniform_paramIlLl0ELl268435456EEENSP_IlLl1ELl8388608EEENSP_IlLl1ELl1EEEPljPyNS1_21identity_decomposer_tEjjLi5EEEvT1_T2_T3_T4_T5_T6_T7_T8_PKT9_PNS6_7counterINS8_3std3__415iterator_traitsINS1A_ISW_vE10value_typeEvE10value_typeET12_T13_EEPS1F_PS1E_PNS1A_INS1A_ISY_vE10value_typeEvE10value_typeES1K_S1P_S1F_S1F_T10_iibT11_' for 'sm_100'
ptxas info    : Function properties for _ZN3cub17_V_300500_SM_10006detail12batched_topk35device_segmented_topk_filter_kernelINS2_26policy_selector_from_typesIaalLl8388608EEELNS1_4topk6selectE1EN4cuda3__417constant_iteratorIPKalEENSA_IPalEENSA_INS9_17counting_iteratorIjlLi0ELi0ELi0EEElEENS9_18transform_iteratorINS2_26per_segment_indexed_out_opISD_SF_EENSG_IlnLi0ELi0ELi0EEEEENS1_6params13uniform_paramIlLl0ELl268435456EEENSP_IlLl1ELl8388608EEENSP_IlLl1ELl1EEEPljPyNS1_21identity_decomposer_tEjjLi5EEEvT1_T2_T3_T4_T5_T6_T7_T8_PKT9_PNS6_7counterINS8_3std3__415iterator_traitsINS1A_ISW_vE10value_typeEvE10value_typeET12_T13_EEPS1F_PS1E_PNS1A_INS1A_ISY_vE10value_typeEvE10value_typeES1K_S1P_S1F_S1F_T10_iibT11_
    24 bytes stack frame, 28 bytes spill stores, 20 bytes spill loads
ptxas info    : Used 40 registers, used 1 barriers, 24 bytes cumulative stack size, 1028 bytes smem
ptxas info    : Compile time = 74.372 ms
ptxas info    : Compiling entry function '_ZN3cub17_V_300500_SM_10006detail12batched_topk35device_segmented_topk_filter_kernelINS2_26policy_selector_from_typesIaalLl8388608EEELNS1_4topk6selectE1EN4cuda3__417constant_iteratorIPKalEENSA_IPalEENSA_INS9_17counting_iteratorIjlLi0ELi0ELi0EEElEENS9_18transform_iteratorINS2_26per_segment_indexed_out_opISD_SF_EENSG_IlnLi0ELi0ELi0EEEEENS1_6params13uniform_paramIlLl0ELl268435456EEENSP_IlLl1ELl8388608EEENSP_IlLl1ELl1EEEPljPyNS1_21identity_decomposer_tEjjLi4EEEvT1_T2_T3_T4_T5_T6_T7_T8_PKT9_PNS6_7counterINS8_3std3__415iterator_traitsINS1A_ISW_vE10value_typeEvE10value_typeET12_T13_EEPS1F_PS1E_PNS1A_INS1A_ISY_vE10value_typeEvE10value_typeES1K_S1P_S1F_S1F_T10_iibT11_' for 'sm_100'
ptxas info    : Function properties for _ZN3cub17_V_300500_SM_10006detail12batched_topk35device_segmented_topk_filter_kernelINS2_26policy_selector_from_typesIaalLl8388608EEELNS1_4topk6selectE1EN4cuda3__417constant_iteratorIPKalEENSA_IPalEENSA_INS9_17counting_iteratorIjlLi0ELi0ELi0EEElEENS9_18transform_iteratorINS2_26per_segment_indexed_out_opISD_SF_EENSG_IlnLi0ELi0ELi0EEEEENS1_6params13uniform_paramIlLl0ELl268435456EEENSP_IlLl1ELl8388608EEENSP_IlLl1ELl1EEEPljPyNS1_21identity_decomposer_tEjjLi4EEEvT1_T2_T3_T4_T5_T6_T7_T8_PKT9_PNS6_7counterINS8_3std3__415iterator_traitsINS1A_ISW_vE10value_typeEvE10value_typeET12_T13_EEPS1F_PS1E_PNS1A_INS1A_ISY_vE10value_typeEvE10value_typeES1K_S1P_S1F_S1F_T10_iibT11_
    24 bytes stack frame, 28 bytes spill stores, 20 bytes spill loads
ptxas info    : Used 40 registers, used 1 barriers, 24 bytes cumulative stack size, 1028 bytes smem
ptxas info    : Compile time = 74.105 ms
ptxas info    : Compiling entry function '_ZN3cub17_V_300500_SM_10006detail12batched_topk35device_segmented_topk_filter_kernelINS2_26policy_selector_from_typesIaalLl8388608EEELNS1_4topk6selectE1EN4cuda3__417constant_iteratorIPKalEENSA_IPalEENSA_INS9_17counting_iteratorIjlLi0ELi0ELi0EEElEENS9_18transform_iteratorINS2_26per_segment_indexed_out_opISD_SF_EENSG_IlnLi0ELi0ELi0EEEEENS1_6params13uniform_paramIlLl0ELl268435456EEENSP_IlLl1ELl8388608EEENSP_IlLl1ELl1EEEPljPyNS1_21identity_decomposer_tEjjLi3EEEvT1_T2_T3_T4_T5_T6_T7_T8_PKT9_PNS6_7counterINS8_3std3__415iterator_traitsINS1A_ISW_vE10value_typeEvE10value_typeET12_T13_EEPS1F_PS1E_PNS1A_INS1A_ISY_vE10value_typeEvE10value_typeES1K_S1P_S1F_S1F_T10_iibT11_' for 'sm_100'
ptxas info    : Function properties for _ZN3cub17_V_300500_SM_10006detail12batched_topk35device_segmented_topk_filter_kernelINS2_26policy_selector_from_typesIaalLl8388608EEELNS1_4topk6selectE1EN4cuda3__417constant_iteratorIPKalEENSA_IPalEENSA_INS9_17counting_iteratorIjlLi0ELi0ELi0EEElEENS9_18transform_iteratorINS2_26per_segment_indexed_out_opISD_SF_EENSG_IlnLi0ELi0ELi0EEEEENS1_6params13uniform_paramIlLl0ELl268435456EEENSP_IlLl1ELl8388608EEENSP_IlLl1ELl1EEEPljPyNS1_21identity_decomposer_tEjjLi3EEEvT1_T2_T3_T4_T5_T6_T7_T8_PKT9_PNS6_7counterINS8_3std3__415iterator_traitsINS1A_ISW_vE10value_typeEvE10value_typeET12_T13_EEPS1F_PS1E_PNS1A_INS1A_ISY_vE10value_typeEvE10value_typeES1K_S1P_S1F_S1F_T10_iibT11_
    24 bytes stack frame, 28 bytes spill stores, 20 bytes spill loads
ptxas info    : Used 40 registers, used 1 barriers, 24 bytes cumulative stack size, 1028 bytes smem
ptxas info    : Compile time = 74.843 ms
ptxas info    : Compiling entry function '_ZN3cub17_V_300500_SM_10006detail12batched_topk35device_segmented_topk_filter_kernelINS2_26policy_selector_from_typesIaalLl8388608EEELNS1_4topk6selectE1EN4cuda3__417constant_iteratorIPKalEENSA_IPalEENSA_INS9_17counting_iteratorIjlLi0ELi0ELi0EEElEENS9_18transform_iteratorINS2_26per_segment_indexed_out_opISD_SF_EENSG_IlnLi0ELi0ELi0EEEEENS1_6params13uniform_paramIlLl0ELl268435456EEENSP_IlLl1ELl8388608EEENSP_IlLl1ELl1EEEPljPyNS1_21identity_decomposer_tEjjLi2EEEvT1_T2_T3_T4_T5_T6_T7_T8_PKT9_PNS6_7counterINS8_3std3__415iterator_traitsINS1A_ISW_vE10value_typeEvE10value_typeET12_T13_EEPS1F_PS1E_PNS1A_INS1A_ISY_vE10value_typeEvE10value_typeES1K_S1P_S1F_S1F_T10_iibT11_' for 'sm_100'
ptxas info    : Function properties for _ZN3cub17_V_300500_SM_10006detail12batched_topk35device_segmented_topk_filter_kernelINS2_26policy_selector_from_typesIaalLl8388608EEELNS1_4topk6selectE1EN4cuda3__417constant_iteratorIPKalEENSA_IPalEENSA_INS9_17counting_iteratorIjlLi0ELi0ELi0EEElEENS9_18transform_iteratorINS2_26per_segment_indexed_out_opISD_SF_EENSG_IlnLi0ELi0ELi0EEEEENS1_6params13uniform_paramIlLl0ELl268435456EEENSP_IlLl1ELl8388608EEENSP_IlLl1ELl1EEEPljPyNS1_21identity_decomposer_tEjjLi2EEEvT1_T2_T3_T4_T5_T6_T7_T8_PKT9_PNS6_7counterINS8_3std3__415iterator_traitsINS1A_ISW_vE10value_typeEvE10value_typeET12_T13_EEPS1F_PS1E_PNS1A_INS1A_ISY_vE10value_typeEvE10value_typeES1K_S1P_S1F_S1F_T10_iibT11_
    24 bytes stack frame, 28 bytes spill stores, 20 bytes spill loads
ptxas info    : Used 40 registers, used 1 barriers, 24 bytes cumulative stack size, 1028 bytes smem
ptxas info    : Compile time = 74.463 ms
ptxas info    : Compiling entry function '_ZN3cub17_V_300500_SM_10006detail12batched_topk35device_segmented_topk_filter_kernelINS2_26policy_selector_from_typesIaalLl8388608EEELNS1_4topk6selectE1EN4cuda3__417constant_iteratorIPKalEENSA_IPalEENSA_INS9_17counting_iteratorIjlLi0ELi0ELi0EEElEENS9_18transform_iteratorINS2_26per_segment_indexed_out_opISD_SF_EENSG_IlnLi0ELi0ELi0EEEEENS1_6params13uniform_paramIlLl0ELl268435456EEENSP_IlLl1ELl8388608EEENSP_IlLl1ELl1EEEPljPyNS1_21identity_decomposer_tEjjLi0EEEvT1_T2_T3_T4_T5_T6_T7_T8_PKT9_PNS6_7counterINS8_3std3__415iterator_traitsINS1A_ISW_vE10value_typeEvE10value_typeET12_T13_EEPS1F_PS1E_PNS1A_INS1A_ISY_vE10value_typeEvE10value_typeES1K_S1P_S1F_S1F_T10_iibT11_' for 'sm_100'
ptxas info    : Function properties for _ZN3cub17_V_300500_SM_10006detail12batched_topk35device_segmented_topk_filter_kernelINS2_26policy_selector_from_typesIaalLl8388608EEELNS1_4topk6selectE1EN4cuda3__417constant_iteratorIPKalEENSA_IPalEENSA_INS9_17counting_iteratorIjlLi0ELi0ELi0EEElEENS9_18transform_iteratorINS2_26per_segment_indexed_out_opISD_SF_EENSG_IlnLi0ELi0ELi0EEEEENS1_6params13uniform_paramIlLl0ELl268435456EEENSP_IlLl1ELl8388608EEENSP_IlLl1ELl1EEEPljPyNS1_21identity_decomposer_tEjjLi0EEEvT1_T2_T3_T4_T5_T6_T7_T8_PKT9_PNS6_7counterINS8_3std3__415iterator_traitsINS1A_ISW_vE10value_typeEvE10value_typeET12_T13_EEPS1F_PS1E_PNS1A_INS1A_ISY_vE10value_typeEvE10value_typeES1K_S1P_S1F_S1F_T10_iibT11_
    16 bytes stack frame, 24 bytes spill stores, 16 bytes spill loads
ptxas info    : Used 40 registers, used 1 barriers, 16 bytes cumulative stack size, 1028 bytes smem
ptxas info    : Compile time = 63.211 ms
ptxas info    : Compiling entry function '_ZN3cub17_V_300500_SM_10006detail12batched_topk35device_segmented_topk_filter_kernelINS2_26policy_selector_from_typesIaalLl8388608EEELNS1_4topk6selectE1EN4cuda3__417constant_iteratorIPKalEENSA_IPalEENSA_INS9_17counting_iteratorIjlLi0ELi0ELi0EEElEENS9_18transform_iteratorINS2_26per_segment_indexed_out_opISD_SF_EENSG_IlnLi0ELi0ELi0EEEEENS1_6params13uniform_paramIlLl0ELl268435456EEENSP_IlLl1ELl8388608EEENSP_IlLl1ELl1EEEPljPyNS1_21identity_decomposer_tEjjLi1EEEvT1_T2_T3_T4_T5_T6_T7_T8_PKT9_PNS6_7counterINS8_3std3__415iterator_traitsINS1A_ISW_vE10value_typeEvE10value_typeET12_T13_EEPS1F_PS1E_PNS1A_INS1A_ISY_vE10value_typeEvE10value_typeES1K_S1P_S1F_S1F_T10_iibT11_' for 'sm_100'
ptxas info    : Function properties for _ZN3cub17_V_300500_SM_10006detail12batched_topk35device_segmented_topk_filter_kernelINS2_26policy_selector_from_typesIaalLl8388608EEELNS1_4topk6selectE1EN4cuda3__417constant_iteratorIPKalEENSA_IPalEENSA_INS9_17counting_iteratorIjlLi0ELi0ELi0EEElEENS9_18transform_iteratorINS2_26per_segment_indexed_out_opISD_SF_EENSG_IlnLi0ELi0ELi0EEEEENS1_6params13uniform_paramIlLl0ELl268435456EEENSP_IlLl1ELl8388608EEENSP_IlLl1ELl1EEEPljPyNS1_21identity_decomposer_tEjjLi1EEEvT1_T2_T3_T4_T5_T6_T7_T8_PKT9_PNS6_7counterINS8_3std3__415iterator_traitsINS1A_ISW_vE10value_typeEvE10value_typeET12_T13_EEPS1F_PS1E_PNS1A_INS1A_ISY_vE10value_typeEvE10value_typeES1K_S1P_S1F_S1F_T10_iibT11_
    24 bytes stack frame, 28 bytes spill stores, 20 bytes spill loads
ptxas info    : Used 40 registers, used 1 barriers, 24 bytes cumulative stack size, 1028 bytes smem
ptxas info    : Compile time = 74.982 ms
ptxas info    : Compiling entry function '_ZN3cub17_V_300500_SM_10006detail12batched_topk47device_segmented_topk_finalize_histogram_kernelINS2_26policy_selector_from_typesIaalLl8388608EEEN4cuda3__417constant_iteratorIPKalEENS1_6params13uniform_paramIlLl0ELl268435456EEENSD_IlLl1ELl8388608EEENSD_IlLl1ELl1EEEPlPyNS1_4topk16extract_bin_op_tIaLNSJ_6selectE1ELi8ENS1_21identity_decomposer_tELb1EEEjjaEEvT0_T1_T2_T3_T4_PNSJ_7counterIT9_T7_T8_EEPSV_T5_T6_ib' for 'sm_100'
ptxas info    : Function properties for _ZN3cub17_V_300500_SM_10006detail12batched_topk47device_segmented_topk_finalize_histogram_kernelINS2_26policy_selector_from_typesIaalLl8388608EEEN4cuda3__417constant_iteratorIPKalEENS1_6params13uniform_paramIlLl0ELl268435456EEENSD_IlLl1ELl8388608EEENSD_IlLl1ELl1EEEPlPyNS1_4topk16extract_bin_op_tIaLNSJ_6selectE1ELi8ENS1_21identity_decomposer_tELb1EEEjjaEEvT0_T1_T2_T3_T4_PNSJ_7counterIT9_T7_T8_EEPSV_T5_T6_ib
    0 bytes stack frame, 0 bytes spill stores, 0 bytes spill loads
ptxas info    : Used 32 registers, used 1 barriers, 2048 bytes smem
ptxas info    : Compile time = 11.104 ms
ptxas info    : Compiling entry function '_ZN3cub17_V_300500_SM_10006detail12batched_topk38device_segmented_topk_histogram_kernelINS2_26policy_selector_from_typesIaalLl8388608EEEN4cuda3__417constant_iteratorIPKalEENS1_6params13uniform_paramIlLl0ELl268435456EEENSD_IlLl1ELl8388608EEENSD_IlLl1ELl1EEEPljPyNS1_4topk16extract_bin_op_tIaLNSJ_6selectE1ELi8ENS1_21identity_decomposer_tELb1EEEjjjEEvT0_T1_T2_T3_T4_PKT5_PNSJ_7counterINS6_3std3__415iterator_traitsINSZ_ISO_vE10value_typeEvE10value_typeET8_T9_EEPS14_T6_T7_' for 'sm_100'
ptxas info    : Function properties for _ZN3cub17_V_300500_SM_10006detail12batched_topk38device_segmented_topk_histogram_kernelINS2_26policy_selector_from_typesIaalLl8388608EEEN4cuda3__417constant_iteratorIPKalEENS1_6params13uniform_paramIlLl0ELl268435456EEENSD_IlLl1ELl8388608EEENSD_IlLl1ELl1EEEPljPyNS1_4topk16extract_bin_op_tIaLNSJ_6selectE1ELi8ENS1_21identity_decomposer_tELb1EEEjjjEEvT0_T1_T2_T3_T4_PKT5_PNSJ_7counterINS6_3std3__415iterator_traitsINSZ_ISO_vE10value_typeEvE10value_typeET8_T9_EEPS14_T6_T7_
    0 bytes stack frame, 0 bytes spill stores, 0 bytes spill loads
ptxas info    : Used 26 registers, used 1 barriers, 1072 bytes smem
ptxas info    : Compile time = 66.761 ms
ptxas info    : Compiling entry function '_ZN3cub17_V_300500_SM_10006detail12batched_topk44device_segmented_topk_finalize_filter_kernelINS2_26policy_selector_from_typesIaalLl8388608EEELNS1_4topk6selectE0EN4cuda3__417constant_iteratorIPKalEENSA_IPalEENSA_INS9_17counting_iteratorIjlLi0ELi0ELi0EEElEENS9_18transform_iteratorINS2_26per_segment_indexed_out_opISD_SF_EENSG_IlnLi0ELi0ELi0EEEEENS1_6params13uniform_paramIlLl0ELl268435456EEENSP_IlLl1ELl8388608EEENSP_IlLl1ELl1EEEPljPyNS1_21identity_decomposer_tEjjaEEvT1_T2_T3_T4_T5_T6_T7_T8_PKT9_PNS6_7counterIT14_T12_T13_EEPS19_PS18_PNS8_3std3__415iterator_traitsINS1H_ISY_vE10value_typeEvE10value_typeES1E_S1M_T10_S19_S19_iiT11_b' for 'sm_100'
ptxas info    : Function properties for _ZN3cub17_V_300500_SM_10006detail12batched_topk44device_segmented_topk_finalize_filter_kernelINS2_26policy_selector_from_typesIaalLl8388608EEELNS1_4topk6selectE0EN4cuda3__417constant_iteratorIPKalEENSA_IPalEENSA_INS9_17counting_iteratorIjlLi0ELi0ELi0EEElEENS9_18transform_iteratorINS2_26per_segment_indexed_out_opISD_SF_EENSG_IlnLi0ELi0ELi0EEEEENS1_6params13uniform_paramIlLl0ELl268435456EEENSP_IlLl1ELl8388608EEENSP_IlLl1ELl1EEEPljPyNS1_21identity_decomposer_tEjjaEEvT1_T2_T3_T4_T5_T6_T7_T8_PKT9_PNS6_7counterIT14_T12_T13_EEPS19_PS18_PNS8_3std3__415iterator_traitsINS1H_ISY_vE10value_typeEvE10value_typeES1E_S1M_T10_S19_S19_iiT11_b
    0 bytes stack frame, 0 bytes spill stores, 0 bytes spill loads
ptxas info    : Used 116 registers, used 1 barriers, 2048 bytes smem
ptxas info    : Compile time = 75.972 ms
ptxas info    : Compiling entry function '_ZN3cub17_V_300500_SM_10006detail12batched_topk40device_segmented_topk_last_filter_kernelINS2_26policy_selector_from_typesIaalLl8388608EEELNS1_4topk6selectE0EN4cuda3__417constant_iteratorIPKalEENSA_IPalEENSA_INS9_17counting_iteratorIjlLi0ELi0ELi0EEElEENS9_18transform_iteratorINS2_26per_segment_indexed_out_opISD_SF_EENSG_IlnLi0ELi0ELi0EEEEENS1_6params13uniform_paramIlLl0ELl268435456EEENSP_IlLl1ELl8388608EEENSP_IlLl1ELl1EEEPljPyNS1_21identity_decomposer_tEjjEEvT1_T2_T3_T4_T5_T6_T7_T8_PKT9_PNS6_7counterINS8_3std3__415iterator_traitsINS1A_ISW_vE10value_typeEvE10value_typeET12_T13_EEPS1E_PNS1A_INS1A_ISY_vE10value_typeEvE10value_typeES1F_T10_iiT11_' for 'sm_100'
ptxas info    : Function properties for _ZN3cub17_V_300500_SM_10006detail12batched_topk40device_segmented_topk_last_filter_kernelINS2_26policy_selector_from_typesIaalLl8388608EEELNS1_4topk6selectE0EN4cuda3__417constant_iteratorIPKalEENSA_IPalEENSA_INS9_17counting_iteratorIjlLi0ELi0ELi0EEElEENS9_18transform_iteratorINS2_26per_segment_indexed_out_opISD_SF_EENSG_IlnLi0ELi0ELi0EEEEENS1_6params13uniform_paramIlLl0ELl268435456EEENSP_IlLl1ELl8388608EEENSP_IlLl1ELl1EEEPljPyNS1_21identity_decomposer_tEjjEEvT1_T2_T3_T4_T5_T6_T7_T8_PKT9_PNS6_7counterINS8_3std3__415iterator_traitsINS1A_ISW_vE10value_typeEvE10value_typeET12_T13_EEPS1E_PNS1A_INS1A_ISY_vE10value_typeEvE10value_typeES1F_T10_iiT11_
    0 bytes stack frame, 0 bytes spill stores, 0 bytes spill loads
ptxas info    : Used 64 registers, used 1 barriers
ptxas info    : Compile time = 914.956 ms
ptxas info    : Compiling entry function '_ZN3cub17_V_300500_SM_10006detail12batched_topk35device_segmented_topk_filter_kernelINS2_26policy_selector_from_typesIaalLl8388608EEELNS1_4topk6selectE0EN4cuda3__417constant_iteratorIPKalEENSA_IPalEENSA_INS9_17counting_iteratorIjlLi0ELi0ELi0EEElEENS9_18transform_iteratorINS2_26per_segment_indexed_out_opISD_SF_EENSG_IlnLi0ELi0ELi0EEEEENS1_6params13uniform_paramIlLl0ELl268435456EEENSP_IlLl1ELl8388608EEENSP_IlLl1ELl1EEEPljPyNS1_21identity_decomposer_tEjjLi7EEEvT1_T2_T3_T4_T5_T6_T7_T8_PKT9_PNS6_7counterINS8_3std3__415iterator_traitsINS1A_ISW_vE10value_typeEvE10value_typeET12_T13_EEPS1F_PS1E_PNS1A_INS1A_ISY_vE10value_typeEvE10value_typeES1K_S1P_S1F_S1F_T10_iibT11_' for 'sm_100'
ptxas info    : Function properties for _ZN3cub17_V_300500_SM_10006detail12batched_topk35device_segmented_topk_filter_kernelINS2_26policy_selector_from_typesIaalLl8388608EEELNS1_4topk6selectE0EN4cuda3__417constant_iteratorIPKalEENSA_IPalEENSA_INS9_17counting_iteratorIjlLi0ELi0ELi0EEElEENS9_18transform_iteratorINS2_26per_segment_indexed_out_opISD_SF_EENSG_IlnLi0ELi0ELi0EEEEENS1_6params13uniform_paramIlLl0ELl268435456EEENSP_IlLl1ELl8388608EEENSP_IlLl1ELl1EEEPljPyNS1_21identity_decomposer_tEjjLi7EEEvT1_T2_T3_T4_T5_T6_T7_T8_PKT9_PNS6_7counterINS8_3std3__415iterator_traitsINS1A_ISW_vE10value_typeEvE10value_typeET12_T13_EEPS1F_PS1E_PNS1A_INS1A_ISY_vE10value_typeEvE10value_typeES1K_S1P_S1F_S1F_T10_iibT11_
    24 bytes stack frame, 28 bytes spill stores, 20 bytes spill loads
ptxas info    : Used 40 registers, used 1 barriers, 24 bytes cumulative stack size, 1028 bytes smem
ptxas info    : Compile time = 73.930 ms
ptxas info    : Compiling entry function '_ZN3cub17_V_300500_SM_10006detail12batched_topk35device_segmented_topk_filter_kernelINS2_26policy_selector_from_typesIaalLl8388608EEELNS1_4topk6selectE0EN4cuda3__417constant_iteratorIPKalEENSA_IPalEENSA_INS9_17counting_iteratorIjlLi0ELi0ELi0EEElEENS9_18transform_iteratorINS2_26per_segment_indexed_out_opISD_SF_EENSG_IlnLi0ELi0ELi0EEEEENS1_6params13uniform_paramIlLl0ELl268435456EEENSP_IlLl1ELl8388608EEENSP_IlLl1ELl1EEEPljPyNS1_21identity_decomposer_tEjjLi6EEEvT1_T2_T3_T4_T5_T6_T7_T8_PKT9_PNS6_7counterINS8_3std3__415iterator_traitsINS1A_ISW_vE10value_typeEvE10value_typeET12_T13_EEPS1F_PS1E_PNS1A_INS1A_ISY_vE10value_typeEvE10value_typeES1K_S1P_S1F_S1F_T10_iibT11_' for 'sm_100'
ptxas info    : Function properties for _ZN3cub17_V_300500_SM_10006detail12batched_topk35device_segmented_topk_filter_kernelINS2_26policy_selector_from_typesIaalLl8388608EEELNS1_4topk6selectE0EN4cuda3__417constant_iteratorIPKalEENSA_IPalEENSA_INS9_17counting_iteratorIjlLi0ELi0ELi0EEElEENS9_18transform_iteratorINS2_26per_segment_indexed_out_opISD_SF_EENSG_IlnLi0ELi0ELi0EEEEENS1_6params13uniform_paramIlLl0ELl268435456EEENSP_IlLl1ELl8388608EEENSP_IlLl1ELl1EEEPljPyNS1_21identity_decomposer_tEjjLi6EEEvT1_T2_T3_T4_T5_T6_T7_T8_PKT9_PNS6_7counterINS8_3std3__415iterator_traitsINS1A_ISW_vE10value_typeEvE10value_typeET12_T13_EEPS1F_PS1E_PNS1A_INS1A_ISY_vE10value_typeEvE10value_typeES1K_S1P_S1F_S1F_T10_iibT11_
    24 bytes stack frame, 28 bytes spill stores, 20 bytes spill loads
ptxas info    : Used 40 registers, used 1 barriers, 24 bytes cumulative stack size, 1028 bytes smem
ptxas info    : Compile time = 74.368 ms
ptxas info    : Compiling entry function '_ZN3cub17_V_300500_SM_10006detail12batched_topk35device_segmented_topk_filter_kernelINS2_26policy_selector_from_typesIaalLl8388608EEELNS1_4topk6selectE0EN4cuda3__417constant_iteratorIPKalEENSA_IPalEENSA_INS9_17counting_iteratorIjlLi0ELi0ELi0EEElEENS9_18transform_iteratorINS2_26per_segment_indexed_out_opISD_SF_EENSG_IlnLi0ELi0ELi0EEEEENS1_6params13uniform_paramIlLl0ELl268435456EEENSP_IlLl1ELl8388608EEENSP_IlLl1ELl1EEEPljPyNS1_21identity_decomposer_tEjjLi5EEEvT1_T2_T3_T4_T5_T6_T7_T8_PKT9_PNS6_7counterINS8_3std3__415iterator_traitsINS1A_ISW_vE10value_typeEvE10value_typeET12_T13_EEPS1F_PS1E_PNS1A_INS1A_ISY_vE10value_typeEvE10value_typeES1K_S1P_S1F_S1F_T10_iibT11_' for 'sm_100'
ptxas info    : Function properties for _ZN3cub17_V_300500_SM_10006detail12batched_topk35device_segmented_topk_filter_kernelINS2_26policy_selector_from_typesIaalLl8388608EEELNS1_4topk6selectE0EN4cuda3__417constant_iteratorIPKalEENSA_IPalEENSA_INS9_17counting_iteratorIjlLi0ELi0ELi0EEElEENS9_18transform_iteratorINS2_26per_segment_indexed_out_opISD_SF_EENSG_IlnLi0ELi0ELi0EEEEENS1_6params13uniform_paramIlLl0ELl268435456EEENSP_IlLl1ELl8388608EEENSP_IlLl1ELl1EEEPljPyNS1_21identity_decomposer_tEjjLi5EEEvT1_T2_T3_T4_T5_T6_T7_T8_PKT9_PNS6_7counterINS8_3std3__415iterator_traitsINS1A_ISW_vE10value_typeEvE10value_typeET12_T13_EEPS1F_PS1E_PNS1A_INS1A_ISY_vE10value_typeEvE10value_typeES1K_S1P_S1F_S1F_T10_iibT11_
    24 bytes stack frame, 28 bytes spill stores, 20 bytes spill loads
ptxas info    : Used 40 registers, used 1 barriers, 24 bytes cumulative stack size, 1028 bytes smem
ptxas info    : Compile time = 73.867 ms
ptxas info    : Compiling entry function '_ZN3cub17_V_300500_SM_10006detail12batched_topk35device_segmented_topk_filter_kernelINS2_26policy_selector_from_typesIaalLl8388608EEELNS1_4topk6selectE0EN4cuda3__417constant_iteratorIPKalEENSA_IPalEENSA_INS9_17counting_iteratorIjlLi0ELi0ELi0EEElEENS9_18transform_iteratorINS2_26per_segment_indexed_out_opISD_SF_EENSG_IlnLi0ELi0ELi0EEEEENS1_6params13uniform_paramIlLl0ELl268435456EEENSP_IlLl1ELl8388608EEENSP_IlLl1ELl1EEEPljPyNS1_21identity_decomposer_tEjjLi4EEEvT1_T2_T3_T4_T5_T6_T7_T8_PKT9_PNS6_7counterINS8_3std3__415iterator_traitsINS1A_ISW_vE10value_typeEvE10value_typeET12_T13_EEPS1F_PS1E_PNS1A_INS1A_ISY_vE10value_typeEvE10value_typeES1K_S1P_S1F_S1F_T10_iibT11_' for 'sm_100'
ptxas info    : Function properties for _ZN3cub17_V_300500_SM_10006detail12batched_topk35device_segmented_topk_filter_kernelINS2_26policy_selector_from_typesIaalLl8388608EEELNS1_4topk6selectE0EN4cuda3__417constant_iteratorIPKalEENSA_IPalEENSA_INS9_17counting_iteratorIjlLi0ELi0ELi0EEElEENS9_18transform_iteratorINS2_26per_segment_indexed_out_opISD_SF_EENSG_IlnLi0ELi0ELi0EEEEENS1_6params13uniform_paramIlLl0ELl268435456EEENSP_IlLl1ELl8388608EEENSP_IlLl1ELl1EEEPljPyNS1_21identity_decomposer_tEjjLi4EEEvT1_T2_T3_T4_T5_T6_T7_T8_PKT9_PNS6_7counterINS8_3std3__415iterator_traitsINS1A_ISW_vE10value_typeEvE10value_typeET12_T13_EEPS1F_PS1E_PNS1A_INS1A_ISY_vE10value_typeEvE10value_typeES1K_S1P_S1F_S1F_T10_iibT11_
    24 bytes stack frame, 28 bytes spill stores, 20 bytes spill loads
ptxas info    : Used 40 registers, used 1 barriers, 24 bytes cumulative stack size, 1028 bytes smem
ptxas info    : Compile time = 74.052 ms
ptxas info    : Compiling entry function '_ZN3cub17_V_300500_SM_10006detail12batched_topk35device_segmented_topk_filter_kernelINS2_26policy_selector_from_typesIaalLl8388608EEELNS1_4topk6selectE0EN4cuda3__417constant_iteratorIPKalEENSA_IPalEENSA_INS9_17counting_iteratorIjlLi0ELi0ELi0EEElEENS9_18transform_iteratorINS2_26per_segment_indexed_out_opISD_SF_EENSG_IlnLi0ELi0ELi0EEEEENS1_6params13uniform_paramIlLl0ELl268435456EEENSP_IlLl1ELl8388608EEENSP_IlLl1ELl1EEEPljPyNS1_21identity_decomposer_tEjjLi3EEEvT1_T2_T3_T4_T5_T6_T7_T8_PKT9_PNS6_7counterINS8_3std3__415iterator_traitsINS1A_ISW_vE10value_typeEvE10value_typeET12_T13_EEPS1F_PS1E_PNS1A_INS1A_ISY_vE10value_typeEvE10value_typeES1K_S1P_S1F_S1F_T10_iibT11_' for 'sm_100'
ptxas info    : Function properties for _ZN3cub17_V_300500_SM_10006detail12batched_topk35device_segmented_topk_filter_kernelINS2_26policy_selector_from_typesIaalLl8388608EEELNS1_4topk6selectE0EN4cuda3__417constant_iteratorIPKalEENSA_IPalEENSA_INS9_17counting_iteratorIjlLi0ELi0ELi0EEElEENS9_18transform_iteratorINS2_26per_segment_indexed_out_opISD_SF_EENSG_IlnLi0ELi0ELi0EEEEENS1_6params13uniform_paramIlLl0ELl268435456EEENSP_IlLl1ELl8388608EEENSP_IlLl1ELl1EEEPljPyNS1_21identity_decomposer_tEjjLi3EEEvT1_T2_T3_T4_T5_T6_T7_T8_PKT9_PNS6_7counterINS8_3std3__415iterator_traitsINS1A_ISW_vE10value_typeEvE10value_typeET12_T13_EEPS1F_PS1E_PNS1A_INS1A_ISY_vE10value_typeEvE10value_typeES1K_S1P_S1F_S1F_T10_iibT11_
    24 bytes stack frame, 28 bytes spill stores, 20 bytes spill loads
ptxas info    : Used 40 registers, used 1 barriers, 24 bytes cumulative stack size, 1028 bytes smem
ptxas info    : Compile time = 74.107 ms
ptxas info    : Compiling entry function '_ZN3cub17_V_300500_SM_10006detail12batched_topk35device_segmented_topk_filter_kernelINS2_26policy_selector_from_typesIaalLl8388608EEELNS1_4topk6selectE0EN4cuda3__417constant_iteratorIPKalEENSA_IPalEENSA_INS9_17counting_iteratorIjlLi0ELi0ELi0EEElEENS9_18transform_iteratorINS2_26per_segment_indexed_out_opISD_SF_EENSG_IlnLi0ELi0ELi0EEEEENS1_6params13uniform_paramIlLl0ELl268435456EEENSP_IlLl1ELl8388608EEENSP_IlLl1ELl1EEEPljPyNS1_21identity_decomposer_tEjjLi2EEEvT1_T2_T3_T4_T5_T6_T7_T8_PKT9_PNS6_7counterINS8_3std3__415iterator_traitsINS1A_ISW_vE10value_typeEvE10value_typeET12_T13_EEPS1F_PS1E_PNS1A_INS1A_ISY_vE10value_typeEvE10value_typeES1K_S1P_S1F_S1F_T10_iibT11_' for 'sm_100'
ptxas info    : Function properties for _ZN3cub17_V_300500_SM_10006detail12batched_topk35device_segmented_topk_filter_kernelINS2_26policy_selector_from_typesIaalLl8388608EEELNS1_4topk6selectE0EN4cuda3__417constant_iteratorIPKalEENSA_IPalEENSA_INS9_17counting_iteratorIjlLi0ELi0ELi0EEElEENS9_18transform_iteratorINS2_26per_segment_indexed_out_opISD_SF_EENSG_IlnLi0ELi0ELi0EEEEENS1_6params13uniform_paramIlLl0ELl268435456EEENSP_IlLl1ELl8388608EEENSP_IlLl1ELl1EEEPljPyNS1_21identity_decomposer_tEjjLi2EEEvT1_T2_T3_T4_T5_T6_T7_T8_PKT9_PNS6_7counterINS8_3std3__415iterator_traitsINS1A_ISW_vE10value_typeEvE10value_typeET12_T13_EEPS1F_PS1E_PNS1A_INS1A_ISY_vE10value_typeEvE10value_typeES1K_S1P_S1F_S1F_T10_iibT11_
    24 bytes stack frame, 28 bytes spill stores, 20 bytes spill loads
ptxas info    : Used 40 registers, used 1 barriers, 24 bytes cumulative stack size, 1028 bytes smem
ptxas info    : Compile time = 74.035 ms
ptxas info    : Compiling entry function '_ZN3cub17_V_300500_SM_10006detail12batched_topk35device_segmented_topk_filter_kernelINS2_26policy_selector_from_typesIaalLl8388608EEELNS1_4topk6selectE0EN4cuda3__417constant_iteratorIPKalEENSA_IPalEENSA_INS9_17counting_iteratorIjlLi0ELi0ELi0EEElEENS9_18transform_iteratorINS2_26per_segment_indexed_out_opISD_SF_EENSG_IlnLi0ELi0ELi0EEEEENS1_6params13uniform_paramIlLl0ELl268435456EEENSP_IlLl1ELl8388608EEENSP_IlLl1ELl1EEEPljPyNS1_21identity_decomposer_tEjjLi0EEEvT1_T2_T3_T4_T5_T6_T7_T8_PKT9_PNS6_7counterINS8_3std3__415iterator_traitsINS1A_ISW_vE10value_typeEvE10value_typeET12_T13_EEPS1F_PS1E_PNS1A_INS1A_ISY_vE10value_typeEvE10value_typeES1K_S1P_S1F_S1F_T10_iibT11_' for 'sm_100'
ptxas info    : Function properties for _ZN3cub17_V_300500_SM_10006detail12batched_topk35device_segmented_topk_filter_kernelINS2_26policy_selector_from_typesIaalLl8388608EEELNS1_4topk6selectE0EN4cuda3__417constant_iteratorIPKalEENSA_IPalEENSA_INS9_17counting_iteratorIjlLi0ELi0ELi0EEElEENS9_18transform_iteratorINS2_26per_segment_indexed_out_opISD_SF_EENSG_IlnLi0ELi0ELi0EEEEENS1_6params13uniform_paramIlLl0ELl268435456EEENSP_IlLl1ELl8388608EEENSP_IlLl1ELl1EEEPljPyNS1_21identity_decomposer_tEjjLi0EEEvT1_T2_T3_T4_T5_T6_T7_T8_PKT9_PNS6_7counterINS8_3std3__415iterator_traitsINS1A_ISW_vE10value_typeEvE10value_typeET12_T13_EEPS1F_PS1E_PNS1A_INS1A_ISY_vE10value_typeEvE10value_typeES1K_S1P_S1F_S1F_T10_iibT11_
    16 bytes stack frame, 24 bytes spill stores, 16 bytes spill loads
ptxas info    : Used 40 registers, used 1 barriers, 16 bytes cumulative stack size, 1028 bytes smem
ptxas info    : Compile time = 62.153 ms
ptxas info    : Compiling entry function '_ZN3cub17_V_300500_SM_10006detail12batched_topk35device_segmented_topk_filter_kernelINS2_26policy_selector_from_typesIaalLl8388608EEELNS1_4topk6selectE0EN4cuda3__417constant_iteratorIPKalEENSA_IPalEENSA_INS9_17counting_iteratorIjlLi0ELi0ELi0EEElEENS9_18transform_iteratorINS2_26per_segment_indexed_out_opISD_SF_EENSG_IlnLi0ELi0ELi0EEEEENS1_6params13uniform_paramIlLl0ELl268435456EEENSP_IlLl1ELl8388608EEENSP_IlLl1ELl1EEEPljPyNS1_21identity_decomposer_tEjjLi1EEEvT1_T2_T3_T4_T5_T6_T7_T8_PKT9_PNS6_7counterINS8_3std3__415iterator_traitsINS1A_ISW_vE10value_typeEvE10value_typeET12_T13_EEPS1F_PS1E_PNS1A_INS1A_ISY_vE10value_typeEvE10value_typeES1K_S1P_S1F_S1F_T10_iibT11_' for 'sm_100'
ptxas info    : Function properties for _ZN3cub17_V_300500_SM_10006detail12batched_topk35device_segmented_topk_filter_kernelINS2_26policy_selector_from_typesIaalLl8388608EEELNS1_4topk6selectE0EN4cuda3__417constant_iteratorIPKalEENSA_IPalEENSA_INS9_17counting_iteratorIjlLi0ELi0ELi0EEElEENS9_18transform_iteratorINS2_26per_segment_indexed_out_opISD_SF_EENSG_IlnLi0ELi0ELi0EEEEENS1_6params13uniform_paramIlLl0ELl268435456EEENSP_IlLl1ELl8388608EEENSP_IlLl1ELl1EEEPljPyNS1_21identity_decomposer_tEjjLi1EEEvT1_T2_T3_T4_T5_T6_T7_T8_PKT9_PNS6_7counterINS8_3std3__415iterator_traitsINS1A_ISW_vE10value_typeEvE10value_typeET12_T13_EEPS1F_PS1E_PNS1A_INS1A_ISY_vE10value_typeEvE10value_typeES1K_S1P_S1F_S1F_T10_iibT11_
    24 bytes stack frame, 28 bytes spill stores, 20 bytes spill loads
ptxas info    : Used 40 registers, used 1 barriers, 24 bytes cumulative stack size, 1028 bytes smem
ptxas info    : Compile time = 73.984 ms
ptxas info    : Compiling entry function '_ZN3cub17_V_300500_SM_10006detail12batched_topk47device_segmented_topk_finalize_histogram_kernelINS2_26policy_selector_from_typesIaalLl8388608EEEN4cuda3__417constant_iteratorIPKalEENS1_6params13uniform_paramIlLl0ELl268435456EEENSD_IlLl1ELl8388608EEENSD_IlLl1ELl1EEEPlPyNS1_4topk16extract_bin_op_tIaLNSJ_6selectE0ELi8ENS1_21identity_decomposer_tELb1EEEjjaEEvT0_T1_T2_T3_T4_PNSJ_7counterIT9_T7_T8_EEPSV_T5_T6_ib' for 'sm_100'
ptxas info    : Function properties for _ZN3cub17_V_300500_SM_10006detail12batched_topk47device_segmented_topk_finalize_histogram_kernelINS2_26policy_selector_from_typesIaalLl8388608EEEN4cuda3__417constant_iteratorIPKalEENS1_6params13uniform_paramIlLl0ELl268435456EEENSD_IlLl1ELl8388608EEENSD_IlLl1ELl1EEEPlPyNS1_4topk16extract_bin_op_tIaLNSJ_6selectE0ELi8ENS1_21identity_decomposer_tELb1EEEjjaEEvT0_T1_T2_T3_T4_PNSJ_7counterIT9_T7_T8_EEPSV_T5_T6_ib
    0 bytes stack frame, 0 bytes spill stores, 0 bytes spill loads
ptxas info    : Used 32 registers, used 1 barriers, 2048 bytes smem
ptxas info    : Compile time = 11.131 ms
ptxas info    : Compiling entry function '_ZN3cub17_V_300500_SM_10006detail12batched_topk38device_segmented_topk_histogram_kernelINS2_26policy_selector_from_typesIaalLl8388608EEEN4cuda3__417constant_iteratorIPKalEENS1_6params13uniform_paramIlLl0ELl268435456EEENSD_IlLl1ELl8388608EEENSD_IlLl1ELl1EEEPljPyNS1_4topk16extract_bin_op_tIaLNSJ_6selectE0ELi8ENS1_21identity_decomposer_tELb1EEEjjjEEvT0_T1_T2_T3_T4_PKT5_PNSJ_7counterINS6_3std3__415iterator_traitsINSZ_ISO_vE10value_typeEvE10value_typeET8_T9_EEPS14_T6_T7_' for 'sm_100'
ptxas info    : Function properties for _ZN3cub17_V_300500_SM_10006detail12batched_topk38device_segmented_topk_histogram_kernelINS2_26policy_selector_from_typesIaalLl8388608EEEN4cuda3__417constant_iteratorIPKalEENS1_6params13uniform_paramIlLl0ELl268435456EEENSD_IlLl1ELl8388608EEENSD_IlLl1ELl1EEEPljPyNS1_4topk16extract_bin_op_tIaLNSJ_6selectE0ELi8ENS1_21identity_decomposer_tELb1EEEjjjEEvT0_T1_T2_T3_T4_PKT5_PNSJ_7counterINS6_3std3__415iterator_traitsINSZ_ISO_vE10value_typeEvE10value_typeET8_T9_EEPS14_T6_T7_
    0 bytes stack frame, 0 bytes spill stores, 0 bytes spill loads
ptxas info    : Used 26 registers, used 1 barriers, 1072 bytes smem
ptxas info    : Compile time = 67.164 ms
ptxas info    : Compiling entry function '_ZN3cub17_V_300500_SM_10006detail12batched_topk28device_segmented_topk_kernelINS2_26policy_selector_from_typesIaalLl8388608EEEN4cuda3__417constant_iteratorIPKalEENS8_IPalEESB_SD_NS1_6params13uniform_paramIlLl0ELl268435456EEENSF_IlLl1ELl8388608EEENSE_22uniform_discrete_paramINS1_4topk6selectEJLSK_1EEEENSF_IlLl1ELl1EEEjEEvT0_T1_T2_T3_T4_T5_T6_T7_PNS2_21batched_topk_countersINSU_10value_typeEEEPSW_PT8_' for 'sm_100'
ptxas info    : Function properties for _ZN3cub17_V_300500_SM_10006detail12batched_topk28device_segmented_topk_kernelINS2_26policy_selector_from_typesIaalLl8388608EEEN4cuda3__417constant_iteratorIPKalEENS8_IPalEESB_SD_NS1_6params13uniform_paramIlLl0ELl268435456EEENSF_IlLl1ELl8388608EEENSE_22uniform_discrete_paramINS1_4topk6selectEJLSK_1EEEENSF_IlLl1ELl1EEEjEEvT0_T1_T2_T3_T4_T5_T6_T7_PNS2_21batched_topk_countersINSU_10value_typeEEEPSW_PT8_
    136 bytes stack frame, 192 bytes spill stores, 192 bytes spill loads
ptxas info    : Used 255 registers, used 1 barriers, 136 bytes cumulative stack size, 33808 bytes smem
ptxas info    : Compile time = 330.197 ms
ptxas info    : Compiling entry function '_ZN3cub17_V_300500_SM_10006detail11EmptyKernelIvEEvv' for 'sm_100'
ptxas info    : Function properties for _ZN3cub17_V_300500_SM_10006detail11EmptyKernelIvEEvv
    0 bytes stack frame, 0 bytes spill stores, 0 bytes spill loads
ptxas info    : Used 4 registers, used 0 barriers
ptxas info    : Compile time = 0.509 ms
[44/44] Linking CUDA executable bin/cub.bench.topk.pairs.base
